permit_number,business_name,dba_name,street,city,state,zip,permit_type,status,issue_date
AK-S-15000,GLACIER CREEK DISTILLERY LLC,,1540 N SHORELINE DR,WASILLA,AK,99654,S,ACTIVE,
AK-S-20001,"HIGH MARK DISTILLERY, INC.",,37200 THOMAS ST,STERLING,AK,99672,S,ACTIVE,
AK-S-20002,ROBERT BORLAND,Ursa Major Distilling,3738 MARIPOSA LN,FAIRBANKS,AK,99709,S,ACTIVE,
AK-S-20003,PORT CHILKOOT DISTILLERY LLC,Port Chilkoot Distillery,35 TOTEM ST,HAINES,AK,99827,S,ACTIVE,
AK-S-20004,PATRICK LEVY,Fairbanks Distilling Company,410 CUSHMAN ST,FAIRBANKS,AK,99701,S,ACTIVE,
AK-S-20005,"BIG BEAR ENTERPRISES, LLC. URSA MAJOR DISTILLING",Ursa Major Distilling,2922 GEORGE PARKS HWY,FAIRBANKS,AK,99709,S,ACTIVE,
AK-S-20006,ANCHORAGE DISTILLERY LLC,,6310 A ST,ANCHORAGE,AK,99518,S,ACTIVE,
AK-S-20008,SKAGWAY SPIRITS LLC,Skagway Spirits LLC,941 ALASKA ST,SKAGWAY,AK,99840,S,ACTIVE,
AK-S-20009,ARCTIC HARVEST LLC,Arctic Harvest,4753 EIELSON FARM RD,NORTH POLE,AK,99705,S,ACTIVE,
AK-S-20011,AMALGA DISTILLERY LLC,,134 N FRANKLIN ST,JUNEAU,AK,99801,S,ACTIVE,
AK-S-20012,ALASKAN SPIRITS LLC,Alaska Proof,7605 KING ST STE B,ANCHORAGE,AK,99518,S,ACTIVE,
AK-S-20014,"COOK INLET DISTILLERY, LLC",,6820 ROSEWOOD ST UNIT 3,ANCHORAGE,AK,99518,S,ACTIVE,
AK-S-20015,"UNCHARTED ALASKA DISTILLERY, LLC",Uncharted Alaska Distillery,319 MAIN ST,KETCHIKAN,AK,99901,S,ACTIVE,
AK-S-20016,"ALASKAN BREWING, LLC",Alaskan Distilling Co.,5433 SHAUNE DR,JUNEAU,AK,99801,S,ACTIVE,
AK-S-20017,"ALASKAN BREWING, LLC",Alaskan Distilling Co.,5366 COMMERCIAL BLVD,JUNEAU,AK,99801,S,ACTIVE,
AK-S-20018,"MIDNIGHT SUN BREWING, LLC.",Midnight Sun Brewing,8111 DIMOND HOOK DR,ANCHORAGE,AK,99507,S,ACTIVE,
AK-S-20019,"KODIAK ISLAND BREWING COMPANY, LLC",Kodiak Island Still,117 LOWER MILL BAY RD,KODIAK,AK,99615,S,ACTIVE,
AK-S-20020,"MATANUSKA BREWING COMPANY, LLC",,513 S VALLEY WAY,PALMER,AK,99645,S,ACTIVE,
AK-S-20022,"TWISTER CREEK, INC.",Denali Spirits and Distillery,37083 S TALKEETNA SPUR RD,TALKEETNA,AK,99676,S,ACTIVE,
AK-S-20023,SITKA SPIRITS LLC,,328 LINCOLN ST,SITKA,AK,99835,S,ACTIVE,
AK-S-20024,HARBOR MOUNTAIN BREWING COMPANY LLC,Harbor Mountain Brewing Company,1209 SAWMILL CREEK RD STE A,SITKA,AK,99835,S,ACTIVE,
AK-S-20025,TRITON LLC,Legends of Alaska Lumberjack cove,7691 N TONGASS HWY STE 100,KETCHIKAN,AK,99901,S,ACTIVE,
AK-S-20026,PLAN D ENTERPRISES LLC,Seward Distilling Company,226 FIFTH AVE,SEWARD,AK,99664,S,ACTIVE,
AK-S-20027,DARK LAMB INDUSTRIES LLC,Hoarfrost Distilling,3501 LATHROP ST BLDG A STE F,FAIRBANKS,AK,99701,S,ACTIVE,
AL-S-20001,"HIGH RIDGE SPIRITS, LLC.",High Ridge Spirits LLC,1401 HUNTSVILLE RD,FLORENCE,AL,35630,S,ACTIVE,
AL-S-20002,"MAD COUNTY WINERY, LLC",,"121 CASTLE DR, NW STE D",HUNTSVILLE,AL,35758,S,ACTIVE,
AL-S-20004,"BIG ESCAMBIA SPIRITS, LLC",,1185 GOAT FEATHERS LN,ATMORE,AL,36502,S,ACTIVE,
AL-S-20005,BLUE PANTS BREWERY LLC,,500 LANIER RD BLDG 1,MADISON,AL,35758,S,ACTIVE,
AL-S-20006,"KEEL & CO. DISTILLING, INC.",,119 W CHURCH ST,HEADLAND,AL,36345,S,ACTIVE,
AL-S-20009,1185 LLC,PS Distilling Co,"3024 3RD AVE, S",BIRMINGHAM,AL,35233,S,ACTIVE,
AL-S-20010,OLD BLACK BEAR BREWING COMPANY LLC,,212 MAIN ST,MADISON,AL,35758,S,ACTIVE,
AL-S-20013,"WOLF CREEK DISTILLERIES, L.L.C.",,25020 STATE ST,ELBERTA,AL,36530,S,ACTIVE,
AL-S-20015,"STRAIGHT TO ALE BRANDS, INC.",,2610 CLINTON AVE NW,HUNTSVILLE,AL,35805,S,ACTIVE,
AL-S-20016,"SOUTHEAST WINE, LLC",YH Spirits,173 HIGHWAY 301,CALERA,AL,35040,S,ACTIVE,
AL-S-20018,"SINGIN' RIVER BREWING COMPANY, LLC",,526 E COLLEGE ST,FLORENCE,AL,35630,S,ACTIVE,
AL-S-20020,"BACK FORTY BEER COMPANY, LLC",Back Forty Beer Company,200 N 6TH ST,GADSDEN,AL,35901,S,ACTIVE,
AL-S-20023,"BAND OF BROTHERS DISTILLERY COMPANY, LLC",,1605 23RD AVE,TUSCALOOSA,AL,35401,S,ACTIVE,
AL-S-20025,"TAYLOE BEND DISTILLING COMPANY, LLC",Tayloe Bend,4425 3RD AVE S,BIRMINGHAM,AL,35222,S,ACTIVE,
AL-S-20026,"YELLOWHAMMER BREWING, INC.",,2600 CLINTON AVE W,HUNTSVILLE,AL,35805,S,ACTIVE,
AL-S-20027,"A & B DISTILLERIES, LLC",,306 HANKS RD,PIEDMONT,AL,36272,S,ACTIVE,
AL-S-20028,"MAGNOLIA SPRINGS DISTILLERY, LLC",,2802 COTTON ST,MOBILE,AL,36607,S,ACTIVE,
AL-S-20031,GUAJANA DISTILLERY LLC,Guajana Distillery,9582 MADISON BLVD STE 1-3,MADISON,AL,35758,S,ACTIVE,
AL-S-20032,"CAHABA BREWING COMPANY, LLC",CAHABA BREWING COMPANY,4500 5TH AVENUE S BLDG C,BIRMINGHAM,AL,35222,S,ACTIVE,
AL-S-20035,"PERDIDO VINEYARDS OF GEORGIA, INC.",Boogie Bottom Spirits,21889 TURBERVILLE LN,PERDIDO,AL,36562,S,ACTIVE,
AL-S-20037,MURDER CREEK DISTILLERY LLC,,102 S OWA BLVD,FOLEY,AL,36535,S,ACTIVE,
AL-S-20038,"A RIVER RUNS THROUGH IT DISTILLERY, INC.",A River Runs Through It Distillery,736 S ALABAMA AVE UNIT B,MONROEVILLE,AL,36460,S,ACTIVE,
AL-S-20039,"GOOD PEOPLE BREWING COMPANY, LLC",Good People Brewing Company,114 14TH ST S,BIRMINGHAM,AL,35233,S,ACTIVE,
AL-S-20041,"STASHHOUSE WHISKEY CO., LLC",,123 LINDSEY RD,CULLMAN,AL,35055,S,ACTIVE,
AL-S-20042,"GHOST TRAIN BREWING COMPANY, INC.",,3501 1ST AVE S,BIRMINGHAM,AL,35222,S,ACTIVE,
AL-S-20043,"THE HUNTSVILLE BREWERS COOPERATIVE, LLC",Huntsville Brewers Cooperative,3414 GOVERNORS DR SW STE 605,HUNTSVILLE,AL,35805,S,ACTIVE,
AL-S-20044,AUNTIE JENNI’S MOONSHINE INC,Auntie Jenni's Moonshine,4514 GARY AVE,FAIRFIELD,AL,35064,S,ACTIVE,
AL-S-20045,"UPROOT, LLC",Uproot Spirits,2616 3RD AVE S,BIRMINGHAM,AL,35233,S,ACTIVE,
AL-S-20046,"SWEET HOME SPIRITS, INC.",Sweet Home Spirits,8316 PARKWAY DR STE 120,LEEDS,AL,35094,S,ACTIVE,
AL-S-20047,BAMA SHINES LLC,Bama Shines,621 STAR LN,BOLIGEE,AL,35443,S,ACTIVE,
AL-S-20048,PATTERSONS PANTRY LLC,Pantry at Moon Lake Village,5866 E RIVER RD,MENTONE,AL,35984,S,ACTIVE,
AL-S-20050,OLD BLACK BEAR BREWING COMPANY LLC,Old Black Bear Brewing Company,311 S MARION ST,ATHENS,AL,35611,S,ACTIVE,
AL-S-20051,"SHINEWORX WHISKEY COMPANY, LLC",,2250 COUNTY ROAD 222,CULLMAN,AL,35057,S,ACTIVE,
AL-S-20053,MONDAY NIGHT VENTURES LLC,Monday Night Ventures,14 12TH ST S,BIRMINGHAM,AL,35233,S,ACTIVE,
AL-S-20054,CREEK BOTTOM DISTILLING LLC,,34 JEFFERSON AVE,CHATOM,AL,36518,S,ACTIVE,
AL-S-20055,OTTER CREEK DISTILLERY LLC,OTTER CREEK DISTILLERY,3169 SIX FOOT RD,OHATCHEE,AL,36721,S,ACTIVE,
AL-S-20056,GULLAGE ENTERPRISES LLC,,3930 RODEN DR NE,FORT PAYNE,AL,35967,S,ACTIVE,
AL-S-20059,EANDB LLC,Ethos Craft Brewing,1849 COUNTY ROAD 222,CULLMAN,AL,35057,S,ACTIVE,
AL-S-20061,"FOLKLORE BREWING & MEADERY, LLC",FOLKLORE BREWING & MEADERY,153 MARY LOU LN STE 3,DOTHAN,AL,36301,S,ACTIVE,
AL-S-20062,K BUG-13 LLC,KBUG13 Distilling,354 BULLDOG RD,ALTOONA,AL,35952,S,ACTIVE,
AL-S-20063,"DIAGEO AMERICAS SUPPLY, INC.",,7000 CELEBRATION WAY,HOPE HULL,AL,36043,S,ACTIVE,
AL-S-20064,"ALL GOOD MANUFACURING CO., LLC",All Good Manufacturing Co,3501 1ST AVE S,BIRMINGHAM,AL,35222,S,ACTIVE,
AL-S-20065,DRAM ALCHEMY DISTILLING LLC,,235 FOREST RD,HUEYTOWN,AL,35023,S,ACTIVE,
AL-S-20066,"SOUTHERN STILL, LLC",Southern Still,198 SHORT PIKE RD SW STE A,HUNTSVILLE,AL,35824,S,ACTIVE,
AL-S-20067,"OAK BOWERY SPIRITS, LLC",Oak Bowery Spirits,1200 & 1208 1ST AVE,OPELIKA,AL,36801,S,ACTIVE,
AL-S-20068,TRIM TAB BREWING CO. LLC,TrimTab Brewery,2721 S 5TH AVE,BIRMINGHAM,AL,35233,S,ACTIVE,
AR-S-15001,LOMBARDI LLC,LOMBARDI COMPANY,3021 E BROADWAY,NORTH LITTLE ROCK,AR,72114,S,ACTIVE,
AR-S-20001,POSTMASTER SPIRITS INC,,200 HAZEL ST,NEWPORT,AR,72112,S,ACTIVE,
AR-S-20005,FALLING ROCK LLC,Falling Rock Distillery,27377 HIGHWAY 74,HUNTSVILLE,AR,72740,S,ACTIVE,
AR-S-20006,"PERNOD RICARD USA, LLC",Pernod Ricard USA,7401 HIGHWAY 45 SOUTH S,FORT SMITH,AR,72916,S,ACTIVE,
AR-S-20007,"BRICK OVEN PIZZA COMPANY OF HARRISON, INC.",Brick & Forge Brew Works,814 HWY 62-65,HARRISON,AR,72601,S,ACTIVE,
AR-S-20010,JAMES THOMAS ABSTON,SPIRITS OF THE VALLEY,755 ADA VALLEY RD,ADONA,AR,72001,S,ACTIVE,
AR-S-20013,"SCHNEIDER ENDEAVORS, INC.",Butler Creek Distilling,4937 HIGHWAY 187,EUREKA SPRINGS,AR,72631,S,ACTIVE,
AR-S-20015,SANDRO J. LUKANOVIC,CTL Distillery Doberman Ranch,1758 WALLER RD,BEE BRANCH,AR,72013,S,ACTIVE,
AR-S-20016,Q2 SPECIALITY JUICE LLC,Mello Sips,7123 INTERSTATE 30 STE 5,LITTLE ROCK,AR,72209,S,ACTIVE,
AR-S-20017,"POINT REMOVE WINERY, LLC.",,102 S CRESTLINER ST,MORRILTON,AR,72110,S,ACTIVE,
AR-S-20018,"LOST 40 BREWERY, LLC",,510 MCLEAN ST,LITTLE ROCK,AR,72202,S,ACTIVE,
AR-S-20019,AXE AND THE OAK DISTILLERY LLC,,7900 TAYLOR AVE,FORT SMITH,AR,72916,S,ACTIVE,
AR-S-20020,FREE BEER BREWING AND DISTILLING LLC,Free Beer Brewing and Distilling,1421 E 15TH ST,FAYETTEVILLE,AR,72701,S,ACTIVE,
AR-S-20022,BETTY'S BIG COUNTRY DANCE HALL LLC,,102 CRYSTAL PALACE DR,CADDO VALLEY,AR,71923,S,ACTIVE,
AR-S-20023,COBURN STONE DISTILLERIES LLC,Coburn Stone Distilleries,2260 W CENTERTON BLVD,CENTERTON,AR,72719,S,ACTIVE,
AR-S-20024,"BUBBA BREW'S BREWING COMPANY, LLC",Bubba Brew's Brewstillery,156 S MOORE RD UNIT B,HOT SPRINGS,AR,71913,S,ACTIVE,
AR-S-20025,BROKEN SPUR DISTILLERY LLC,Broken Spur Distillery,115 SHERRILL KING DR,QUITMAN,AR,72131,S,ACTIVE,
AZ-S-15002,"ONE FIFTY, INC.",,1210 W ALAMEDA DR STE. 114,TEMPE,AZ,85282,S,ACTIVE,
AZ-S-15006,SONORAN SPIRITS LLC,,1725 W WILLIAMS DR BLDG F SU,PHOENIX,AZ,85027,S,ACTIVE,
AZ-S-15011,CASKWERKS DISTILLING CO.,,1920 E UNIVERSITY DR STE 105,TEMPE,AZ,85281,S,ACTIVE,
AZ-S-20002,LIPSMARK LLC,,5235 S KYRENE RD UNIT 18,TEMPE,AZ,85283,S,ACTIVE,
AZ-S-20005,"ARIZONA CRAFT BEVERAGE, INC.",,473 ELGIN RD,ELGIN,AZ,85611,S,ACTIVE,
AZ-S-20006,"FROSTY 3,  LLC",O.H.S.O. Eatery + Distillery,15681 N HAYDEN RD STE 112,SCOTTSDALE,AZ,85260,S,ACTIVE,
AZ-S-20007,THREE WELLS DISTILLING COMPANY,,3780 E 44TH ST STE 120,TUCSON,AZ,85713,S,ACTIVE,
AZ-S-20008,"SAN TAN BREWING COMPANY, INC.",SanTan Distilling,495 E WARNER RD,CHANDLER,AZ,85225,S,ACTIVE,
AZ-S-20009,LUCIDI DISTILLING CO LLC,,8307 W WASHINGTON ST,PEORIA,AZ,85345,S,ACTIVE,
AZ-S-20012,FRANCHISE ENTERPRISES LLC,Black Mountain Distillery,30855 N CAVE CREEK RD STE 140,PHOENIX,AZ,85331,S,ACTIVE,
AZ-S-20013,STEPHEN BECKER,Old School Distillery,6509 W FRYE RD STE 8,CHANDLER,AZ,85226,S,ACTIVE,
AZ-S-20014,THUNDER CANYON DISTILLERY LLC,Thunder Canyon Distillery,220 E BROADWAY BLVD STE B,TUCSON,AZ,85701,S,ACTIVE,
AZ-S-20016,THE INDEPENDENT DISTILLERY LLC,The Independent Distillery,30 S ARIZONA AVE,TUCSON,AZ,85701,S,ACTIVE,
AZ-S-20018,"ELEGANCE SPIRITS, LLC",Legacy Distilling,1725 W WILLIAMS DR STE 9,PHOENIX,AZ,85027,S,ACTIVE,
AZ-S-20022,COPPERTOP ALEHOUSE,,220 S MONTEZUMA ST STE B,PRESCOTT,AZ,86303,S,ACTIVE,
AZ-S-20023,"TOWN UNDER BLACK DISTILLERY, L.L.C.",,3810 E 44TH ST UNIT 307-311,TUCSON,AZ,85713,S,ACTIVE,
AZ-S-20025,"RISE DISTILLING COMPANY, LLC",,1928 E MCDOWELL RD,PHOENIX,AZ,85006,S,ACTIVE,
AZ-S-20027,"WILD HARE DISTILLERY, LLC",,5869 S KYRENE RD STE 18,TEMPE,AZ,85283,S,ACTIVE,
AZ-S-20031,FLV LLC,One Viktor Foxtrot,7825 E REDFIELD RD STE 104,SCOTTSDALE,AZ,85260,S,ACTIVE,
AZ-S-20033,"QUARTHAUS, L.L.C.",QuartHaus,201 S WASHINGTON ST BLDG B,CHANDLER,AZ,82225,S,ACTIVE,
AZ-S-20035,MPS DISTILLING LLC,MPS DISTILLING,425 S MCCLINTOCK DR STE 6,TEMPE,AZ,85281,S,ACTIVE,
AZ-S-20036,"THE PACK ATTACK, LLC",Copper Hop Ranch,5 FAIRVIEW LN,ELGIN,AZ,85611,S,ACTIVE,
AZ-S-20038,"PAGE SPRINGS CELLARS, INC.",Page Springs Cellars,1500 N PAGE SPRINGS RD,CORNVILLE,AZ,86325,S,ACTIVE,
AZ-S-20039,OLD BISBEE BREWING COMPANY LLC,Old Bisbee Distillery,10356 RIVERSIDE ST,HEREFORD,AZ,85615,S,ACTIVE,
AZ-S-20040,COLT BBQ & SPIRITS LLC,COLT BBQ & SPIRITS,2970 N PARK AVE AVE,PRESCOTT VALLEY,AZ,86314,S,ACTIVE,
AZ-S-20041,"THE CRAFTSMAN AZ, LLC",Craftsman Distillers,20469 N HAYDEN RD PAD C,SCOTTSDALE,AZ,85255,S,ACTIVE,
AZ-S-20042,C.E.O. DISTILLING LLC,CEO Distilling,4211 E ELWOOD ST STE 3,PHOENIX,AZ,85040,S,ACTIVE,
AZ-S-20043,ALL STAR SPIRITS LLC,All Star Spirits,2710 W CHEERY LYNN RD,PHOENIX,AZ,85017,S,ACTIVE,
AZ-S-20044,AZ HEALTH SUPPLY LC,U.S. Distillery,400 N MAIN ST,ELOY,AZ,85131,S,ACTIVE,
AZ-S-20045,SPHEREX LLC,SphereX Distillery,3780 E 44TH ST STE 116,TUCSON,AZ,85713,S,ACTIVE,
AZ-S-20048,"SBF DSP, LLC",San Bartolo Farms,7902 N GLEN HARBOR BLVD STE 6,GLENDALE,AZ,85307,S,ACTIVE,
AZ-S-20049,MARK ANTHONY BREWING INC.,"Rey Azul Tequila Co., Lazy Pour Cocktail Co., and Mark Anthony Crafted Spirits",9601 N REEMS RD,WADDELL,AZ,85355,S,ACTIVE,
AZ-S-20050,"HAMILTON DISTILLERS GROUP, INC.",Whiskey Del Bac,2106 N FORBES BLVD STE 103,TUCSON,AZ,85745,S,ACTIVE,
AZ-S-20051,TURQUOISE SKY LLC,,310 S 4TH ST UNIT 102,PHOENIX,AZ,85004,S,ACTIVE,
AZ-S-20052,REVILO DISTILLERY LLC,Revilo Distillery LLC,226 W VAUGHN ST,TEMPE,AZ,85283,S,ACTIVE,
AZ-S-20054,"GRAND CANYON DISTILLERY, LLC",Cruisers Route 66 Cafe,233 W ROUTE 66,WILLIAMS,AZ,86046,S,ACTIVE,
AZ-S-20055,"AGUA DE VITA DISTILLERY, LLC","Agua De Vita Distillery, LLC",9034 E CAMINO ABRL,TUSCON,AZ,85747,S,ACTIVE,
AZ-S-20056,FATA LLC,,11803 N SAGUARO BLVD STE 9,FOUNTAIN HILLS,AZ,85268,S,ACTIVE,
AZ-S-20057,REFRESCO BEVERAGES US INC.,,7303 S KYRENE RD,TEMPE,AZ,85283,S,ACTIVE,
AZ-S-20058,"CHELLY, INC.",CHELLY,2618 W FIRST ST UNIT 11,TEMPE,AZ,85281,S,ACTIVE,
AZ-S-20059,SHORT CREEK SPIRITS LLC,Short Creek Spirits,70 W TOWNSHIP AVE,COLORADO CITY,AZ,86021,S,ACTIVE,
AZ-S-20060,"LAND TRUST VENTURES, INC.",LEVEL UP SPIRITS,15206 N CAVE CREEK RD STE 15258-60,PHOENIX,AZ,85032,S,ACTIVE,
AZ-S-20061,COPPER CITY SPIRITS LLC,Arizona Distilling Co.,155 W MAIN ST,MESA,AZ,85201,S,ACTIVE,
AZ-S-20062,"AMERICAN PREMIUM VODKA, LLC",American Premium Vodka,2663 W LONE CACTUS DR UNIT E,PHOENIX,AZ,85027,S,ACTIVE,
AZ-S-20063,1 HB LLC,1 HB,7042 E INDIAN SCHOOL RD,SCOTTSDALE,AZ,85251,S,ACTIVE,
AZ-S-20064,YAVAPAI COLLEGE,,601 BLACK HILLS DR BLDG O,CLARKDALE,AZ,86324,S,ACTIVE,
AZ-S-20065,GRANITE MOUNTAIN DISTILLERY LLC,Granite Mountain Distillery,400 N WASHINGTON AVE,PRESCOTT,AZ,86301,S,ACTIVE,
AZ-S-20066,DESERT BOTANICAL DISTILLERY LLC,Desert Botanical Distillery,1746 E MADISON ST STE 1,PHOENIX,AZ,85034,S,ACTIVE,
AZ-S-20067,"MUDSHARK PIZZA, INC.",Mudshark Distillery,1095 AVIATION DRIVE,LAKE HAVASU CITY,AZ,86403,S,ACTIVE,
AZ-S-20068,"OUTLAW DISTILLERY AZ, LLC",Outlaw Distillery,2125 E 5TH ST STE 102,TEMPE,AZ,85288,S,ACTIVE,
AZ-S-20069,"LORD BRANDS, LLC",Vision Distilling,14425 N 79TH ST STE D,SCOTTSDALE,AZ,85260,S,ACTIVE,
AZ-S-20070,"CEO DISTILLING II, LLC",CEO Distilling II,4202 E ELWOOD ST STE 10,PHOENIX,AZ,85040,S,ACTIVE,
AZ-S-20072,MONSTER BREWING COMPANY LLC,,1635 S 43 AVE,PHOENIX,AZ,85009,S,ACTIVE,
AZ-S-20073,"DOUBLE KILO, LLC",Saint Isidore Vineyards,3465 E FAWN RANCH RD,PEARCE,AZ,85625,S,ACTIVE,
AZ-S-20074,"ARIZONA WINERIES, LLC",,8401 BELL RANCH RD,WILLCOX,AZ,85643,S,ACTIVE,
AZ-S-20075,"CADUCEUS CELLARS, LLC",Caduceus Cellars,760 N VERDE HEIGHTS DR,COTTONWOOD,AZ,86326,S,ACTIVE,
AZ-S-20076,"MERKIN ENTERPRISES, INC.",Merkin Vineyards,770 N VERDE HEIGHTS DR,COTTONWOOD,AZ,86326,S,ACTIVE,
AZ-S-20077,HAPPY JACK DISTILLERS LLC,,6710 W CHICAGO ST STE 5,CHANDLER,AZ,85226,S,ACTIVE,
AZ-S-20078,"SPEC ENTERPRISE, LLC",Spec Enterprise,75 W BASELINE RD STE 40,GILBERT,AZ,85233,S,ACTIVE,
AZ-S-20079,PALMERI DISTILLERY LLC,Palmeri Distillery,841 E BEECHCRAFT BLVD,BISBEE,AZ,85603,S,ACTIVE,
AZ-S-20080,WILLIAM JOHNSON,William Johnson,8625 KIRA LANE BLDG 3,FLAGSTAFF,AZ,86004,S,ACTIVE,
CA-S-125,GIUMARRA VINEYARDS CORPORATION,,11220 EDISON HWY,EDISON,CA,93220,S,ACTIVE,
CA-S-135,VIE-DEL COMPANY,,11903 S CHESTNUT AVE,FRESNO,CA,93725,S,ACTIVE,
CA-S-15000,"SKYROCKET DISTILLERS, LLC",,44075 SANDIA CREEK DR,TEMECULA,CA,92590,S,ACTIVE,
CA-S-15007,HALTER WINERY LLC,HALTER WINERY,8910 ADELAIDA RD,PASO ROBLES,CA,93446,S,ACTIVE,
CA-S-15008,"SAVANNAH-CHANELLE VINEYARDS, INC.",,23600 CONGRESS SPRINGS RD,SARATOGA,CA,95070,S,ACTIVE,
CA-S-15009,"MARIAN TRADING, LTD.",MARIAN FARMS,2305 N ROLINDA AVE,FRESNO,CA,93722,S,ACTIVE,
CA-S-15010,STAGLIN FAMILY VINEYARD LLC,,1570 BELLA OAKS LN,RUTHERFORD,CA,94573,S,ACTIVE,
CA-S-15014,"GREENWAY DISTILLERS, INC",,1110 BEL ARBRES DR STE D,REDWOOD VALLEY,CA,95470,S,ACTIVE,
CA-S-15019,"ST. SUPERY, INC.",ST. SUPERY VINEYARDS & WINERY,8440 ST HELENA HWY,RUTHERFORD,CA,94573,S,ACTIVE,
CA-S-15020,"LAVA SPRINGS, INC.",,2221 FRUITRIDGE RD,PLACERVILLE,CA,95667,S,ACTIVE,
CA-S-15022,"SPOTTSWOODE WINERY, INC.",,1902 MADRONA AVE,SAINT HELENA,CA,94574,S,ACTIVE,
CA-S-15023,G. ROTTIE ENTERTAINMENT INC.,G.V. THREE INTERNATIONAL,3822 W 139TH ST 20,HAWTHORNE,CA,90250,S,ACTIVE,
CA-S-15028,TREANA WINERY LLC,TREANA WINERY,4280 SECONDWIND WAY,PASO ROBLES,CA,93447,S,ACTIVE,
CA-S-15031,CASTORO CELLARS,,6465 VON DOLLEN RD,SAN MIGUEL,CA,93451,S,ACTIVE,
CA-S-15036,SCHEID VINEYARDS CALIFORNIA INC.,,1972 HOBSON AVE,GREENFIELD,CA,93927,S,ACTIVE,
CA-S-15039,HAHN ESTATE,,37700 FOOTHILL RD,SOLEDAD,CA,93960,S,ACTIVE,
CA-S-15042,"STAG'S LEAP WINE CELLARS, LLC",STAG'S LEAP WINE CELLARS,5766 SILVERADO TRL,NAPA,CA,94558,S,ACTIVE,
CA-S-15050,JVW CORPORATION,JORDAN VINEYARD & WINERY,1474 ALEXANDER VALLEY RD,HEALDSBURG,CA,95448,S,ACTIVE,
CA-S-15051,"VILLA TOSCANO, INC.",VILLA TOSCANO,10600 SHENANDOAH RD,PLYMOUTH,CA,95669,S,ACTIVE,
CA-S-15055,CAKEBREAD CELLARS,,8300 ST HELENA HWY,RUTHERFORD,CA,94573,S,ACTIVE,
CA-S-15059,"PELLEGRINI BROS. WINES, INC.",PELLEGRINI FAMILY VINEYARDS,4055 W OLIVET RD,SANTA ROSA,CA,95401,S,ACTIVE,
CA-S-15060,"BRASSFIELD ESTATE WINERY, LLC",BRASSFIELD ESTATE WINERY,10915 HIGH VALLEY RD,CLEARLAKE OAKS,CA,95423,S,ACTIVE,
CA-S-15064,"THE AGRICULTURAL FOUNDATION OF CALIFORNIA STATE UNIVERSITY, FRESNO",FRESNO STATE VINEYARDS,2360 E BARSTOW AVE,FRESNO,CA,93740,S,ACTIVE,
CA-S-15070,THE WINE GROUP LLC,ALMADEN-MADERA,22004 ROAD 24,MADERA,CA,93638,S,ACTIVE,
CA-S-15071,CEDAR RIDGE APPLE RANCH LLC,,14679 SUMMERS LN,SONORA,CA,95370,S,ACTIVE,
CA-S-15076,"LAGUNA OAKS VINEYARDS & WINERY, INC.",BALLETTO VINEYARDS,5700 OCCIDENTAL RD,SANTA ROSA,CA,95401,S,ACTIVE,
CA-S-15077,"STONECUSHION, INC.",JEPSON VINEYARDS,10400 S HIGHWAY 101,HOPLAND,CA,95449,S,ACTIVE,
CA-S-15081,HELLOCELLO LLC,,21877 EIGHT ST #4,SONOMA,CA,95476,S,ACTIVE,
CA-S-15082,OLD WORLD SPIRITS L.L.C.,Old World Spirits,12595 WATSONVILLE RD,MORGAN HILL,CA,95037,S,ACTIVE,
CA-S-15086,GERARDO DONATO IULIANO,LA BORGATA,7539 PLEASANTS VALLEY RD,VACAVILLE,CA,95688,S,ACTIVE,
CA-S-15087,"TPWC, INC.","Quarry Lake Winery, Sonoma",26200 ARNOLD DR,SONOMA,CA,95476,S,ACTIVE,
CA-S-15088,"DOMAINE CARNEROS, LTD.",DOMAINE CARNEROS,1240 DUHIG ROAD,NAPA,CA,94559,S,ACTIVE,
CA-S-15090,COLD COCKED BEVERAGES LLC,COLD COCKED BEVERAGE COMPANY,2020 DENNISON ST STE 11,OAKLAND,CA,94606,S,ACTIVE,
CA-S-15091,"TAMAR DISTILLERY, INC.",AMERICAN CRAFT WHISKEY DISTILLERY,1110 BEL ARBRES DR #D,REDWOOD VALLEY,CA,95470,S,ACTIVE,
CA-S-15095,CALIFORNIA NATURAL PRODUCTS,,1250 E LATHROP RD,LATHROP,CA,95330,S,ACTIVE,
CA-S-15097,"AMERICAN WINESECRETS, LLC",WINESECRETS,1446 INDUSTRIAL AVE WHSE 2,SEBASTOPOL,CA,95472,S,ACTIVE,
CA-S-15098,"CORNING & COMPANY DISTILLERS, LLC","Corning & Company Distillers, LLC",5535 STATE FARM DR,ROHNERT PARK,CA,94928,S,ACTIVE,
CA-S-15102,DA VE WINERY INC.,FIOR DI SOLE,2515 NAPA VALLEY CORPORATE DR,NAPA,CA,94558,S,ACTIVE,
CA-S-15106,MAVRIK NORTH AMERICA LLC,,345 TESCONI CIR,SANTA ROSA,CA,95401,S,ACTIVE,
CA-S-15107,"TAHOE MOONSHINE DISTILLERY, INC.",TAHOE MOONSHINE DISTILLERY,1611 SHOP ST 4B,SOUTH LAKE TAHOE,CA,96150,S,ACTIVE,
CA-S-15110,"EAFD, LLC",,1545 W 134TH ST,GARDENA,CA,90249,S,ACTIVE,
CA-S-15112,"LITCO LUMBER, INC.",LITCO BEVERAGES,6601 MERCHANDISE WAY UNIT C,DIAMOND SPRINGS,CA,95619,S,ACTIVE,
CA-S-15121,"PINE RIDGE WINERY, LLC",SEGHESIO FAMILY VINEYARDS,700 GROVE ST,HEALDSBURG,CA,95448,S,ACTIVE,
CA-S-15122,LLOYD SPIRITS LLC,LLOYD SPIRITS,425 ALTA ST #15,GONZALES,CA,93926,S,ACTIVE,
CA-S-15126,LOST SPIRITS DISTILLERY LLC,LOST SPIRITS,1235 E 6TH ST,LOS ANGELES,CA,90021,S,ACTIVE,
CA-S-15128,"Q4X, INC.",CYPHER WINERY,7300 N RIVER RD,PASO ROBLES,CA,93446,S,ACTIVE,
CA-S-15129,STEPHEN P. AUTRY,AUTRY CELLARS,5450 EDNA RD UNIT B,SAN LUIS OBISPO,CA,93401,S,ACTIVE,
CA-S-15134,ARLA JEAN RAMSEY,SPIRITS WATER DISTILERY,725 RANCHERIA RD,BLUE LAKE,CA,95525,S,ACTIVE,
CA-S-15135,"HALL WINES, LLC",,401 ST. HELENA HWY,SAINT HELENA,CA,94574,S,ACTIVE,
CA-S-15136,"OPOLO WINES, LP, OPOLO MANAGEMENT LLC, GP",OPOLO WINES,7110 VINEYARD DR,PASO ROBLES,CA,93446,S,ACTIVE,
CA-S-15137,"BRUTOCAO CELLARS, BRUTOCAO FAMILY ENTERPRISES, LLC, GP, BRUTOCAO",,1400 HIGHWAY 175,HOPLAND,CA,95449,S,ACTIVE,
CA-S-15139,"VA FILTRATION USA, LLC",,125 GATEWAY RD E STE D,NAPA,CA,94558,S,ACTIVE,
CA-S-15142,"KLEIN FOODS, INC.",,11455 OLD REDWOOD HWY,HEALDSBURG,CA,95448,S,ACTIVE,
CA-S-15148,E. & J. GALLO WINERY,ASTI WINERY,26150 ASTI RD,ASTI,CA,95425,S,ACTIVE,
CA-S-15151,"TREFETHEN FAMILY WINERY, LLC",TREFETHEN VINEYARDS,1160 OAK KNOLL AVE,NAPA,CA,94558,S,ACTIVE,
CA-S-164,VIE-DEL COMPANY,,13363 S INDIANOLA AVE,KINGSBURG,CA,93631,S,ACTIVE,
CA-S-182,LEVECKE CORPORATION,,10810 INLAND AVE,MIRA LOMA,CA,91752,S,ACTIVE,
CA-S-20004,"ASCENDANT SPIRITS, INC.",,37 INDUSTRIAL WAY,BUELLTON,CA,94327,S,ACTIVE,
CA-S-20006,"STONECUSHION, INC.",ST. ANNE'S CROSSING,8450 SONOMA HWY,KENWOOD,CA,95452,S,ACTIVE,
CA-S-20008,"SADDLESPRINGS BEVERAGE COMPANY, INC.",,20700 BELSHAW AVE,CARSON,CA,90746,S,ACTIVE,
CA-S-20013,TWISTED MANZANITA SPIRITS COMPANY,,10149 PROSPECT AVE BLDG,SANTEE,CA,92071,S,ACTIVE,
CA-S-20021,Y.SA INC.,Loft & Bear Distillery,6414 S MCKINLEY AVE,LOS ANGELES,CA,90001,S,ACTIVE,
CA-S-20023,"HANSON SPIRITS, LLC","Hanson Spirits, LLC",22020 CARNEROS VINEYARD WAY STE 4,SONOMA,CA,95476,S,ACTIVE,
CA-S-20025,MOSSWOOD DISTILLERS INC.,,2619 7TH ST STE A,BERKELEY,CA,94710,S,ACTIVE,
CA-S-20026,"ROCKY'S RIDGE VINEYARD,LLC",,22522 STATE HWY 299,BLUE LAKE,CA,95525,S,ACTIVE,
CA-S-20029,SDCA DISTILLING LLC,,8706 PRODUCTION AVE,SAN DIEGO,CA,92121,S,ACTIVE,
CA-S-20030,FIRELIT SPIRITS LLC,Firelit Spirits,453 W GATEWAY RD,NAPA,CA,94558,S,ACTIVE,
CA-S-20034,BIRDVIEW ESTATE & DISTILLERY LLC,Birdview Estate & Distillery,167 AVIADOR ST UNIT D,CAMARILLO,CA,93010,S,ACTIVE,
CA-S-20035,DAVID S. HARBOUR,Harbour Farm and Vineyard,3326 HIGHWAY 67,RAMONA,CA,92065,S,ACTIVE,
CA-S-20037,FREDERICK J NUNES,St. Rose Winery,5775 OLD REDWOOD HWY,SANTA ROSA,CA,95403,S,ACTIVE,
CA-S-20044,EDWIN ARNOLD,California Distilled Spirits,12205 LOCKSLEY LN UNIT 11,AUBURN,CA,95602,S,ACTIVE,
CA-S-20045,"STARK SPIRITS, LLC",Stark Spirits,1260 LINCOLN AVE STE 1100,PASADENA,CA,91103,S,ACTIVE,
CA-S-20047,VENTURA SPIRITS COMPANY LLC,,3891 N VENTURA AVE STE B2A,VENTURA,CA,93001,S,ACTIVE,
CA-S-20049,VENUS SPIRITS LLC,Venus Spirits LLC,200 HIGH RD,SANTA CRUZ,CA,95060,S,ACTIVE,
CA-S-20050,TREASURY WINE ESTATES AMERICAS COMPANY,,7000 HIGHWAY 46 EAST,PASO ROBLES,CA,93446,S,ACTIVE,
CA-S-20051,DESERT DISTILLING INC.,Desert Distilling,34300 GATEWAY DR STE 100,PALM DESERT,CA,92211,S,ACTIVE,
CA-S-20054,SPIRITSMITH LLC,Spiritsmith Distilling Company,1446 INDUSTRIAL AVE,SEBASTOPOL,CA,95472,S,ACTIVE,
CA-S-20057,"SAFE HARBOR PARTNERS, LLC",,707 TECHNOLOGY WAY,NAPA,CA,94558,S,ACTIVE,
CA-S-20058,GRATON SPIRITS COMPANY LLC,Purple Spirits,9109 GRATON RD BLDG C,GRATON,CA,95444,S,ACTIVE,
CA-S-20060,"SIDEWAYS SPIRITS, INC.",Sideways Spirits,41110 SANDALWOOD CIR UNIT 116,MURRIETA,CA,92562,S,ACTIVE,
CA-S-20062,DUCKHORN WINE COMPANY,Waterfowl Wine Company,14100 MOUNTAIN HOUSE RD,HOPLAND,CA,95449,S,ACTIVE,
CA-S-20063,COASTAL SPIRITS LLC,Coastal Spirits LLC,110 GLENN WAY UNIT 2,SAN CARLOS,CA,94070,S,ACTIVE,
CA-S-20065,"MOUNTAIN HOUSE SPIRITS, LLC",Young and Yonder Spirits,449 ALLAN CT,HEALDSBURG,CA,95448,S,ACTIVE,
CA-S-20069,"STUPID GOOD BEVERAGE COMPANY, LLC",JottShots!,2568 CHANNEL DR STE A,VENTURA,CA,93003,S,ACTIVE,
CA-S-20070,DC BEVERAGE LLC,Lost Republic Distilling Co.,"101 GRANT AVE UNIT A, B, L",HEALDSBURG,CA,95448,S,ACTIVE,
CA-S-20072,"RUSSELL CITY DISTILLERY, INC.",,22549 FOOTHILL BLVD,HAYWARD,CA,94541,S,ACTIVE,
CA-S-20073,LUNA DISTRIBUTING LLC,,2680 POMONA BLVD STE G,POMONA,CA,91768,S,ACTIVE,
CA-S-20074,SUKKAHHILL SPIRITS LLC,Sukkah Hill Spirits,1545 W 134TH ST UNIT E,GARDENA,CA,90249,S,ACTIVE,
CA-S-20076,COHOL LLC,,2823 OFFICE CT,ROSAMOND,CA,93560,S,ACTIVE,
CA-S-20079,"HORN ENTERPRISES, INC.",WASTED YOUTH SPIRITS,3230 RIVERSIDE AVE UNIT # 190,PASO ROBLES,CA,93446,S,ACTIVE,
CA-S-20080,"MARTINELLI WINERY, INC.",Martinelli Winery,3360 RIVER RD,WINDSOR,CA,95492,S,ACTIVE,
CA-S-20081,"DOC PEPE'S LAB, LLC",Doc Pepe's Lab,212 CYPRESS AVE,MARINA,CA,93933,S,ACTIVE,
CA-S-20083,"BRIAN TOEPFER, MICHAEL TOEPFER AND CHRISTOPHER DEAN",Cali Shine Distillery Co.,5216 ARBOGA ROAD UNIT C,OLIVEHURST,CA,95961,S,ACTIVE,
CA-S-20084,"SOUTH FORK SPIRITS, LLC",,16128 W BROOKSIDE DR,SONORA,CA,95370,S,ACTIVE,
CA-S-20086,"WINESHINE, INC.",Wineshine,3064 LIMESTONE WAY,PASO ROBLES,CA,93446,S,ACTIVE,
CA-S-20089,GREG MILLER,Capital Liquors Project,34255 CORCORAN HILL LN,DAVIS,CA,95616,S,ACTIVE,
CA-S-20094,"BAY AREA DISTILLING COMPANY, LLC",bay area distilling company,2160 ELKINS WAY UNIT A,BRENTWOOD,CA,94513,S,ACTIVE,
CA-S-20096,MAVRIK NORTH AMERICA LLC,,105 ZINFANDEL LN,ST HELENA,CA,94574,S,ACTIVE,
CA-S-20098,SAMUEL TERESI,1848 Distillery,3073 NEWTOWN RD,PLACERVILLE,CA,95667,S,ACTIVE,
CA-S-20100,DENNIS GRIMES & JULIE GRIMES,Eagles Nest Winery,18259 CHABLIS RD,RAMONA,CA,92065,S,ACTIVE,
CA-S-20102,"JEWELL DISTILLERY, INC.",,120 MONDA WAY UNIT C,BLUE LAKE,CA,95525,S,ACTIVE,
CA-S-20103,"ECOPAS, LLC",,2717 AVIATION WAY,SANTA MARIA,CA,93455,S,ACTIVE,
CA-S-20104,CHARRON FAVREAU L.L.C.,Charron Favreau,4682 CALLE BOLERO RD UNIT B,CAMARILLO,CA,93012,S,ACTIVE,
CA-S-20105,TREASURY WINE ESTATES AMERICAS COMPANY,,2000 MAIN ST,ST. HELENA,CA,94574,S,ACTIVE,
CA-S-20107,"PERFECT SOUL WHISKEY, LLC",,215 S PACIFIC ST STE 104,SAN MARCOS,CA,92078,S,ACTIVE,
CA-S-20108,"SWINFORD SPIRITS, LLC",SWINFORD SPIRITS,8680 MIRALANI DR STE 117,SAN DIEGO,CA,92126,S,ACTIVE,
CA-S-20111,"NEW ALCHEMY DISTILLING, LLC.",,5050 ROBERT J MATHEWS PKWY STE 250,EL DORADO HILLS,CA,95762,S,ACTIVE,
CA-S-20112,BRIAN RUNKLE,WHISKEY RIVER,1128 WESTERN CT STE 11,FAIRFIELD,CA,94533,S,ACTIVE,
CA-S-20115,RUBIN WINES LLC,,5220 ROSS RD,SEBASTOPOL,CA,95472,S,ACTIVE,
CA-S-20118,OLD TAVERN DISTILLERY LLC,,3443 RAMONA AVE STE 27A,SACRAMENTO,CA,95826,S,ACTIVE,
CA-S-20119,"BLINKING OWL DISTILLERY, LLC",,802 E WASHINGTON AVE,SANTA ANA,CA,92701,S,ACTIVE,
CA-S-20121,"DS PROPERTY DEVELOPMENT, LLC",Oceanside Distillers,3044 INDUSTRY ST STE 107,OCEANSIDE,CA,92054,S,ACTIVE,
CA-S-20124,HERMOZ PARSA,Bear and Eagle Products,1425 E BORCHARD AVE,SANTA ANA,CA,92705,S,ACTIVE,
CA-S-20125,"THE RILEY'S BREWING COMPANY, INC.",Riley's Brewing,28777 15 1/2 AVE,MADERA,CA,93638,S,ACTIVE,
CA-S-20126,E&F ROBERTS DISTILLERIES INC.,South Bay Spirits,695 QUINN AVE UNIT 2,SAN JOSE,CA,95112,S,ACTIVE,
CA-S-20128,"SEVEN CAVES SPIRITS, LLC",Seven Caves Spirits,8125 MERCURY CT STE 120,SAN DIEGO,CA,92111,S,ACTIVE,
CA-S-20129,KIN SPIRITS LLC,Home Base Spirits,2619 SEVENTH ST STE B,BERKELEY,CA,94710,S,ACTIVE,
CA-S-20130,HENEBERY SPIRITS INC.,,2870 SCOTT ST STE 104 - 106,VISTA,CA,92081,S,ACTIVE,
CA-S-20132,TREASURY WINE ESTATES AMERICAS COMPANY,STERLING VINEYARDS,1111 DUNAWEAL LN,CALISTOGA,CA,94515,S,ACTIVE,
CA-S-20133,"SNOW-LINE ORCHARD, LLC",,39400 OAK GLEN RD,YUCAIPA,CA,92399,S,ACTIVE,
CA-S-20134,ROK DISTILLERY LLC,ROK Distillery,260 SCOTTSVILLE BLVD,JACKSON,CA,95642,S,ACTIVE,
CA-S-20135,"GALWAY SPIRITS, INC.",Galway Spirits,42065 ZEVO DR UNIT 7,TEMECULA,CA,92590,S,ACTIVE,
CA-S-20136,FOG SHOTS,Fog Shots,1545 E WASHINGTON BLVD,LOS ANGELES,CA,90021,S,ACTIVE,
CA-S-20140,"DOMAINE CHARBAY, LLC",,4001 SPRING MOUNTAIN RD,ST. HELENA,CA,94574,S,ACTIVE,
CA-S-20141,LOYD LOCVICH AND ELISA SWANSON,Loyd Locvich and Elisa Swanson,3133 BUTTE SLOUGH RD,COLUSA,CA,95932,S,ACTIVE,
CA-S-20142,SANTEE SALOON LLC,BNS Brewing and Distilling Co,10960 WHEATLANDS AVE STE 102,SANTEE,CA,92071,S,ACTIVE,
CA-S-20143,HOOKER OAK DISTILLERY LLC,,2420 PARK AVE,CHICO,CA,95928,S,ACTIVE,
CA-S-20145,"BEAR RIVER WINERY, LLC",Bear River Distillery,2751 COMBIE RD,MEADOW VISTA,CA,95722,S,ACTIVE,
CA-S-20146,SIDDIQUI RUMS CORPORATION,,5900 PRUITT AVE UNIT 404,WINDSOR,CA,95492,S,ACTIVE,
CA-S-20148,"CUTWATER SPIRITS, LLC",,9750 DISTRIBUTION AVE,SAN DIEGO,CA,92121,S,ACTIVE,
CA-S-20149,"THE TRIPP DISTILLERY, LLC",,1121 PALMETTO AVE,PACIFICA,CA,94044,S,ACTIVE,
CA-S-20150,KINNEY FAMILY VINTNERS LLC,Sidewinder Spirits,2245 S VASCO RD UNIT B,LIVERMORE,CA,94550,S,ACTIVE,
CA-S-20151,"YOU & YOURS DISTILLING COMPANY, LLC",You & Yours Distilling Co,1495 G ST,SAN DIEGO,CA,92101,S,ACTIVE,
CA-S-20154,"DRIFT BRANDS, LLC",DRIFT DISTILLERY,940 CALLE AMANECER STE K,SAN CLEMENTE,CA,92673,S,ACTIVE,
CA-S-20156,"OWENS VALLEY DISTILLING COMPANY, LLC",,237 E SOUTH ST UNIT E,BISHOP,CA,93514,S,ACTIVE,
CA-S-20157,619 SPIRITS,,3019 LINCOLN AVE,SAN DIEGO,CA,92104,S,ACTIVE,
CA-S-20158,"HAMMOND & CO, LLC",Pacific Coast Spirits,404 S COAST HWY,OCEANSIDE,CA,92054,S,ACTIVE,
CA-S-20159,HERETIC BREWING COMPANY,,"1052 HORIZON DR STE A, B, C",FAIRFIELD,CA,94533,S,ACTIVE,
CA-S-20160,SMOOCH BEVERAGES USA INC,,31220 LA BAYA DR UNIT 114,WESTLAKE VILLAGE,CA,91362,S,ACTIVE,
CA-S-20161,"SAN FRANCISCO DISTILLING COMPANY, LLC",San Francisco Distilling Company,6150 CAMERON RD,ELK,CA,95432,S,ACTIVE,
CA-S-20163,DENNY BAR COMPANY LLC,,511 MAIN ST,ETNA,CA,96027,S,ACTIVE,
CA-S-20165,"TRINITY ALPS GOLF AND COUNTRY CLUB, LLC",,130 GOLF COURSE DR,WEAVERVILLE,CA,96093,S,ACTIVE,
CA-S-20166,WHISKEY KINGS LLC,,3195 MCMILLIAN DR STE C,SAN LUIS OBISPO,CA,93401,S,ACTIVE,
CA-S-20168,E. & J. GALLO WINERY,,2425 MISSION ST,SAN MIGUEL,CA,93451,S,ACTIVE,
CA-S-20169,AMERICAN OUTLAW SPIRITS INCORPORATED,,10810 INLAND AVE,MIRA LOMA,CA,91752,S,ACTIVE,
CA-S-20170,GENEROUS SPIRITS LLC,117° West Spirits,2332 LA MIRADA DR STE 800,VISTA,CA,92081,S,ACTIVE,
CA-S-20171,"MCB ENTERPRISES, INC.",Cantara Distillery,126 N WOOD RD STE 104,CAMARILLO,CA,93010,S,ACTIVE,
CA-S-20172,"SUTTER HOME WINERY, INC.",,18667 N JACOB BRACK RD,LODI,CA,95242,S,ACTIVE,
CA-S-20173,REDHEAD SPIRITS LLC,Goleta Red Distilling Company,93 CASTILIAN DR,GOLETA,CA,93117,S,ACTIVE,
CA-S-20174,CHRIS AGHAYAN,Whiskey on Tap,1270 LINCOLN AVE STE 1200,PASADENA,CA,91103,S,ACTIVE,
CA-S-20175,ELK FENCE DISTILLERY LLC,,464 KENWOOD CT STE E,SANTA ROSA,CA,95407,S,ACTIVE,
CA-S-20176,"MAKE BEVERAGE GROUP, LLC",,500 S ANAHEIM BLVD UNIT A,ANAHEIM,CA,92805,S,ACTIVE,
CA-S-20179,"LONGCREAUX DISTILLING CO., LLC",,12807 LONE STAR RD,AUBURN,CA,95602,S,ACTIVE,
CA-S-20180,URBAN PRESS SPIRITS LLC,,5220 4TH ST STE 16 & 17,IRWINDALE,CA,91706,S,ACTIVE,
CA-S-20181,"OPOLO WINES, LP, OPOLO MANAGEMENT LLC, GP",,45 N MAIN ST,TEMPLETON,CA,93465,S,ACTIVE,
CA-S-20183,SONOMA COAST SPIRITS LLC,Sonoma Coast Spirits,1372 N MCDOWELL BLVD STE A,PETALUMA,CA,94954,S,ACTIVE,
CA-S-20185,"JJ PFISTER DISTILLING COMPANY, LLC",J.J. Pfister Distilling,9819 BUSINESS PARK DR STE 3&4,SACRAMENTO,CA,95827,S,ACTIVE,
CA-S-20186,"ULTRA PURE, LLC",,11903 PIKE ST,SANTA FE SPRINGS,CA,90670,S,ACTIVE,
CA-S-20188,"CORCORAN CAPITAL GROUP, INC.",CENTRAL COAST DISTILLARY,1875 EL CAMINO REAL BLDG 5 SUITE A,ATASCADERO,CA,93422,S,ACTIVE,
CA-S-20189,"NELLA TERRA CELLARS, INC.",,5003 SHERIDAN RD,SUNOL,CA,94586,S,ACTIVE,
CA-S-20190,GOOD FISHING LLC,Blue-09,1930 AIRDOME ENTRY,ATWATER,CA,95340,S,ACTIVE,
CA-S-20193,"UNDERGROUND BREWING COMPANY, LLC",UNDERGROUND DISTILLING COMPANY,1040 BROAD ST,SAN LUIS OBISPO,CA,93401,S,ACTIVE,
CA-S-20194,LOS CALIFORNIOS LLC,Los Californios Spirits,1935 ORANGE AVE UNIT B,COUNTY OF SAN DIEGO,CA,92065,S,ACTIVE,
CA-S-20195,"DEL SOL DISTILLERIES, INC.",,2766 VIA ORANGE WAY UNIT O,SPRING VALLEY,CA,91978,S,ACTIVE,
CA-S-20196,NEW DIRECTION FOODS INC.,,16321 GOTHARD ST STE D,HUNTINGTON BEACH,CA,92647,S,ACTIVE,
CA-S-20197,"JPB ROCKIN RUM, LLC",,2525 PIONEER AVE UNIT 3,VISTA,CA,92081,S,ACTIVE,
CA-S-20199,STANDING JOURNEY LLC,,1429 TUBBS LN,CALISTOGA,CA,94515,S,ACTIVE,
CA-S-20202,"IN SPIRIT GROUP, INC.",,22625 S WESTERN AVE,TORRANCE,CA,90501,S,ACTIVE,
CA-S-20203,"BEVZERO SERVICES, INC.","BevZero Services,  Inc.",1450 AIRPORT BLVD STE 180,SANTA ROSA,CA,95403,S,ACTIVE,
CA-S-20208,BERGH CORPORATION,Calwise Spirits Co.,3340 RAMADA DR STE B,PASO ROBLES,CA,93446,S,ACTIVE,
CA-S-20213,SIPSONG SPIRITS LLC,Sipsong Spirits,7759 BELL RD,WINDSOR,CA,95492,S,ACTIVE,
CA-S-20214,CAREN ANN FRIEDMAN,Third Avenue Distillery,1235 3RD AVE,NAPA,CA,94558,S,ACTIVE,
CA-S-20215,"SBRAGIA FAMILY VINEYARDS, LLC",,9990 DRY CREEK RD,GEYSERVILLE,CA,95441,S,ACTIVE,
CA-S-20216,"WISE-CALDWELL DISTILLERS, LLC",Wise Caldwell Distillers,68 COOMBS ST STE L6,NAPA,CA,94559,S,ACTIVE,
CA-S-20218,"SLO BREWING CO, LLC",SLO Stills,855 AEROVISTA PL STE 120,SAN LUIS OBISPO,CA,93401,S,ACTIVE,
CA-S-20219,DEVEN WEK,,815 ALMAR AVE UNIT 14,SANTA CRUZ,CA,95060,S,ACTIVE,
CA-S-20220,"DEAD HORSE HOLLER HOLDINGS, LLC",,4400 ASHE RD STE 207,BAKERSFIELD,CA,93313,S,ACTIVE,
CA-S-20221,J. LOHR WINERY CORPORATION,,39502 CYPRESS AVE,GREENFIELD,CA,93927,S,ACTIVE,
CA-S-20223,REINSTEIN RANCH LLC,,8201 HIGHLAND RD,LIVERMORE,CA,94551,S,ACTIVE,
CA-S-20227,"SATELLITE SPIRITS, INCORPORATED","Satellite Spirits, Inc.",13346 E GRASS VALLEY AVE UNIT E,GRASS VALLEY,CA,95945,S,ACTIVE,
CA-S-20229,LAKE BOTTOM BREWERY & DISTILLERY  LLC,,1017 WHITLEY AVE,CORCORAN,CA,93212,S,ACTIVE,
CA-S-20231,"HEALDSBURG DISTILLERS, INC.",Healdsburg Distillers,1229 GROVE ST UNIT 8,HEALDSBURG,CA,95448,S,ACTIVE,
CA-S-20233,"THE JOSEPH COMPANY INTERNATIONAL, INC.",,1711 LANGLEY AVE,IRVINE,CA,92614,S,ACTIVE,
CA-S-20235,"CROWS CRAFT BREWING & DISTILLING CO., LLC",,111 INDUSTRIAL RD UNIT 2,BELMONT,CA,94002,S,ACTIVE,
CA-S-20237,"RELENTLESS BREWING AND SPIRITS, LLC",,2133 COLORADO BLVD,LOS ANGELES,CA,90041,S,ACTIVE,
CA-S-20238,"THE COUNTESS WALEWSKA, LLC",Great Women Spirits Ltd.,1320 SCOTT ST STE A,PETALUMA,CA,94954,S,ACTIVE,
CA-S-20239,"BARBER LEE SPIRITS, LLC",,120 WASHINGTON ST,PETALUMA,CA,94952,S,ACTIVE,
CA-S-20240,THORN SPIRITS LLC,ReBru Spirits,1735 NATIONAL AVE STE A,SAN DIEGO,CA,92113,S,ACTIVE,
CA-S-20243,"RAMBERG VINEYARDS, LLC",Venteux Vineyards,1795 LAS TABLAS RD,TEMPLETON,CA,93465,S,ACTIVE,
CA-S-20244,"SIERRA COURT, LLC",Sierra Court LLC,8008 EASTSIDE RD BLDG C,HEALDSBURG,CA,95448,S,ACTIVE,
CA-S-20245,ANN AINSLEY THOMAS LLC,Iron Hub Winery,12500 STEINER RD,PLYMOUTH,CA,95669,S,ACTIVE,
CA-S-20246,"LONG BEACH SPIRITS LAB, LLC",Long Beach Spirits Lab,516 W WILLOW ST,LONG BEACH,CA,90806,S,ACTIVE,
CA-S-20247,"THE DANCING FOX WINERY & BREWERY, INC.",The Dancing Fox Winery & Brewery,203 S SCHOOL ST,LODI,CA,95240,S,ACTIVE,
CA-S-20248,"HANSON SPIRITS, LLC",Hanson Spirits,669 BRIDGEWAY,SAUSALITO,CA,94965,S,ACTIVE,
CA-S-20250,"DFAMLE ENTERPRISES, L.P.",Four Sons Brewing,18421 GOTHARD ST STE 400,HUNTINGTON BEACH,CA,92648,S,ACTIVE,
CA-S-20251,"MOUNT DIABLO DISTILLERY, LLC",Mount Diablo Distillery,729 FULTON SHIPYARD RD UNIT A-3,ANTIOCH,CA,94509,S,ACTIVE,
CA-S-20252,"PORTUGUESE BEND DISTILLING, LLC",Portuguese Bend Distilling,300 THE PROMENADE NORTH UNIT A-106,LONG BEACH,CA,90802,S,ACTIVE,
CA-S-20253,"LOST & FOUND DISTILLERY, INC.",Misadventure & Co.,2420 GRAND AVE STE C,VISTA,CA,92081,S,ACTIVE,
CA-S-20254,THE FERMENTATION COMPANY LLC,FERMCO,8787 PLATA LN,ATASCADERO,CA,93422,S,ACTIVE,
CA-S-20256,WILD FIRE VODKA LLC,Wildfire Vodka,16040 KAPLAN AVE,CITY OF INDUSTRY,CA,91744,S,ACTIVE,
CA-S-20257,"KALIFORNIA DISTILLERIES, INC.",Kalifornia Distilleries,41638 EASTMAN DR STE A,MURRIETA,CA,92562,S,ACTIVE,
CA-S-20259,PUTNER LLC,The Distillers Club,2400 KETTNER BLVD STE 110,SAN DIEGO,CA,92101,S,ACTIVE,
CA-S-20260,"DONATI FAMILY VINEYARD, INC.",,2720 OAK VIEW RD,TEMPLETON,CA,93465,S,ACTIVE,
CA-S-20262,SANTA MARIA BREWING CO. INC.,,7935 SAN LUIS AVE,ATASCADERO,CA,93422,S,ACTIVE,
CA-S-20263,IT'S A HITT CORP.,Town's End Stillhouse,22020 HIGHWAY 18,APPLE VALLEY,CA,92307,S,ACTIVE,
CA-S-20264,"CHENERY, LLC",Brucato Spirits,275 S VAN NESS AVE,SAN FRANCISCO,CA,94103,S,ACTIVE,
CA-S-20265,"HOTALING & CO., LLC",Hotaling & Co.,"PIER 50, SHED B",SAN FRANCISCO,CA,94158,S,ACTIVE,
CA-S-20266,"THE BARN, INC",The Barn,2850 EL CAJON BLVD STE 3,SAN DIEGO,CA,92104,S,ACTIVE,
CA-S-20267,"ROXANNE'S, INC.",Wille's Tin Shop,1115 E WARDLOW RD UNIT A,LONG BEACH,CA,90807,S,ACTIVE,
CA-S-20269,"SEVEN STILLS, LLC",Seven Stills Brewery and Distillery,1562 N SANTA FE AVE,VISTA,CA,92083,S,ACTIVE,
CA-S-20270,PETER LAI,Drinqme,2340 STANWELL CIR,CONCORD,CA,94520,S,ACTIVE,
CA-S-20271,STEPHEN BRIDGE,Lompoc Wine Factory,321 D ST,LOMPOC,CA,93436,S,ACTIVE,
CA-S-20272,"AZLIA, INC.",Alamere Spirits,24 GALLI DR UNIT 2,NOVATO,CA,94949,S,ACTIVE,
CA-S-20275,"IMPERIAL SPIRITS, LLC","Imperial Spirits, LLC",30 E SHANK RD UNIT B,BRAWLEY,CA,92227,S,ACTIVE,
CA-S-20276,"BITTER JOURNEY, LLC",,3040 SCOTT BLVD,SANTA CLARA,CA,95054,S,ACTIVE,
CA-S-20277,THE GOLD BAR SPIRITS COMPANY INC.,,750 6TH ST STE G,SAN FRANCISCO,CA,94130,S,ACTIVE,
CA-S-20278,"HACIENDA LOPEZ, INC.",Lopez Spirits & Beverages Company,21170 CENTRE POINTE PKWY STE 230,SANTA CLARITA,CA,91350,S,ACTIVE,
CA-S-20279,MONTEVERDI SPIRITS LLC,Monteverdi Spirits,110 CAMINO ORUGA,NAPA,CA,94558,S,ACTIVE,
CA-S-20280,"HAWK FEATHER WINERY, LLC",Hawk Feather WInery,22875 MCCOURTNEY RD,GRASS VALLEY,CA,95949,S,ACTIVE,
CA-S-20283,BRAND HOUSE WINES & SPIRITS LLC,,137 ANACAPA ST STE D,SANTA BARBARA,CA,93101,S,ACTIVE,
CA-S-20284,"DELTA ARTISAN, LLC",Delta Artisan,927 INDUSTRIAL WAY STE B,LODI,CA,95240,S,ACTIVE,
CA-S-20285,"HELM'S BREWING COMPANY, LLC",Helms Brewing Company,5640 KEARNY MESA RD STE C,SAN DIEGO,CA,92111,S,ACTIVE,
CA-S-20287,MIDTOWN SPIRITS LLC,Midtown Spirits,1717 19TH ST STE B,SACRAMENTO,CA,95811,S,ACTIVE,
CA-S-20290,"SABBATICAL LABS, LLC",Sabbatical Labs,16021 W HIGHWAY 4,STOCKTON,CA,95206,S,ACTIVE,
CA-S-20292,"SANTA MONICA MOUNTAINS FARMSTEAD, LLC",,853 VIA ALONDRA,CAMARILLO,CA,93012,S,ACTIVE,
CA-S-20294,NIXTACO,Nixtaco Mexican Kitchen & Distillery,1805 CIRBY WAY STE 12,ROSEVILLE,CA,95661,S,ACTIVE,
CA-S-20295,RKR BOTTLING LLC,,1554 FAYETTE ST,EL CAJON,CA,92020,S,ACTIVE,
CA-S-20296,MIMIDEX LLC,The Palm Spirings Spirits Company,1130 N VALDIVA WAY STE B,PALM SPRINGS,CA,92262,S,ACTIVE,
CA-S-20297,ST. BARTS SPIRIT COMPANY,The St. Barts Spirit Company,201 DEVLIN RD,NAPA,CA,94558,S,ACTIVE,
CA-S-20298,NICOLA ALLEGRETTA & JACKELINE ORTIZ DE ZEVALLOS-ALLEGRETTA,Mistura/Nicola's Restaurant,570 HIGUERA ST STE 105,SAN LUIS OBISPO,CA,93401,S,ACTIVE,
CA-S-20300,KOMPLETE LLC,Whalebird Kombucha,"3576 EMPLEO ST, STE. 1, 2, 3, 4, 7",SAN LUIS OBISPO,CA,93401,S,ACTIVE,
CA-S-20302,LIGHTNING SPIRITS LLC,Ligtning Spirits,1340 COMMERCE ST STE F,PETALUMA,CA,94954,S,ACTIVE,
CA-S-20303,SKYLAR CREATIONS INC,GelatoLove,5661 PALMER WAY STE C & D,CARLSBAD,CA,92010,S,ACTIVE,
CA-S-20304,"ANHEUSER-BUSCH, LLC",,15800 ROSCOE BLVD,LOS ANGELES,CA,91406,S,ACTIVE,
CA-S-20305,BUZZBOX PREMIUM COCKTAILS INC.,,42625 JACKSON ST STE 111,INDIO,CA,92203,S,ACTIVE,
CA-S-20306,PEKUT AND CARWICK LLC,PEKUT AND CARWICK INDEPENDENT BOTTLERS,2390 FOURTH ST STE D,BERKELEY,CA,94710,S,ACTIVE,
CA-S-20307,"AEMETIS ADVANCED FUELS KEYES, INC.","Aemetis Advanced Fuels Keyes, Inc.",4209 JESSUP RD,KEYES,CA,95328,S,ACTIVE,
CA-S-20308,"TIMBER HOUSE, INC.",Timber House Brewing,501 MAIN ST,CHESTER,CA,96020,S,ACTIVE,
CA-S-20309,"COSTA AZUL WINERY, INC.",,934 N COAST HIGHWAY 101,ENCINITAS,CA,92024,S,ACTIVE,
CA-S-20310,"STRAND BREWING CO., LLC",,2201 DOMINGUEZ ST,TORRANCE,CA,90501,S,ACTIVE,
CA-S-20313,ISLA DE CALIFA LLC,Copper Cane Spirits,819 MARIPOSA RD,MODESTO,CA,95354,S,ACTIVE,
CA-S-20314,"SMART CUPS, LLC",,25732 TALADRO CIR,MISSION VIEJO,CA,92691,S,ACTIVE,
CA-S-20317,SIERRA NEVADA BREWING CO.,Sierra Nevada Brewing Co,1075 E 20TH ST,CHICO,CA,95928,S,ACTIVE,
CA-S-20319,ARTISAN CRAFT COCKTAILS INC.,Artisan Craft Cocktails,1382 VALENCIA AVE STE A,TUSTIN,CA,92780,S,ACTIVE,
CA-S-20321,GEORGETOWN DISTILLERY LLC,,6101 STATE HIGHWAY 193,GEORGETOWN,CA,95634,S,ACTIVE,
CA-S-20322,"COMMON COLLABS, LLC",,1820 E WALNUT AVE,FULLERTON,CA,92831,S,ACTIVE,
CA-S-20323,"BARREL BROTHERS BREWING COMPANY, LLC","Barrel Brothers Brewing Company, LLC",399 BUSINESS PARK CT STE 506,WINDSOR,CA,95492,S,ACTIVE,
CA-S-20325,TANK SPACE,Tank Space,1390 VINCI AVE,SACRAMENTO,CA,95838,S,ACTIVE,
CA-S-20326,EVANS BREWING COMPANY INC.,,2440 RAILROAD ST STE 101,CORONA,CA,92880,S,ACTIVE,
CA-S-20327,BLUME DISTILLATION LLC,,371 CALABASAS RD,WATSONVILLE,CA,95076,S,ACTIVE,
CA-S-20328,CAPPY SHAKES COCKTAIL COMPANY LLC,CAPPY SHAKES,7806 BELL RD,WINDSOR,CA,95492,S,ACTIVE,
CA-S-20329,THE CRAC BREWERY AND GRUB LLC,,117 E 162ND ST,GARDENA,CA,90248,S,ACTIVE,
CA-S-20330,AUSLEV LLC,Levaus Hye Brandy Distillery,1093 COLE AVE,CLOVIS,CA,93612,S,ACTIVE,
CA-S-20332,3 BADGE BEVERAGE CORPORATION,,42625 JACKSON ST STE 111,INDIO,CA,92203,S,ACTIVE,
CA-S-20334,NADIEM HANNA KHOURY,ELK FIELD Vineyards,7801 HIGHWAY 20,UKIAH,CA,95482,S,ACTIVE,
CA-S-20335,"FOLEY FAMILY WINES, INC.",FERRARI-CARANO VINEYARDS & WINERY,8761 DRY CREEK RD,HEALDSBURG,CA,95448,S,ACTIVE,
CA-S-20336,"FOLEY FAMILY WINES, INC.",PREVAIL WINERY,2450 HIGHWAY 128,GEYSERVILLE,CA,95441,S,ACTIVE,
CA-S-20337,THE INFUSERY LLC,,2332 E 8TH ST,LOS ANGELES,CA,90021,S,ACTIVE,
CA-S-20338,OLD JULIAN VINEYARDS & WINERY LLC,Old Julian Vineyards & Winery,25352 E OLD JULIAN HWY,RAMONA,CA,92065,S,ACTIVE,
CA-S-20339,HARRISON MCHUGH,McHugh Company,760 BRYANT ST,SAN FRANCISCO,CA,94107,S,ACTIVE,
CA-S-20340,AD OBSCURA LLC,THE OBSCURE,3709 MEDFORD ST UNIT 15,LOS ANGELES,CA,90063,S,ACTIVE,
CA-S-20342,ICM BEVERAGE LLC,ICM Beverage,40880 COUNTY CENTER DR STE P,TEMECULA,CA,92591,S,ACTIVE,
CA-S-20344,"SEPCO DISTRIBUTION, INC.",,241 PRADO RD STE B,SAN LUIS OBISPO,CA,93401,S,ACTIVE,
CA-S-20346,BRAND PROOF LLC,Brand Proof,730 E 139TH ST,COMPTON,CA,90059,S,ACTIVE,
CA-S-20347,"FOLEY FAMILY WINES, INC.",SEBASTIANI VINEYARDS,389 E FOURTH ST,SONOMA,CA,95476,S,ACTIVE,
CA-S-20350,"PASKENTA BREWING & DISTILLING COMPANY, LLC",Paskenta Brewing & Distilling Company,2655 EVERETT FREEMAN WAY,CORNING,CA,96021,S,ACTIVE,
CA-S-20351,JOHN GREGORY MARSELLA,Marsella Family Vineyards,13480 ORANGE BLOSSOM RD,OAKDALE,CA,95361,S,ACTIVE,
CA-S-20352,"BALLY KEAL VINEYARDS, LLC",Bally Keal Vineyards,4286 SUISUN VALLEY RD,FAIRFIELD,CA,94534,S,ACTIVE,
CA-S-20353,"BIG BRANDS ALCOHOLIC CO PACKING, LLC",,490 3RD ST,LAKE ELSINORE,CA,92530,S,ACTIVE,
CA-S-20354,"ALAMITOS VINEYARDS, INC.",Alamitos Vineyards,23505 ALAMITOS RD,SAN JOSE,CA,95120,S,ACTIVE,
CA-S-20355,BRIAN J WIER,Wier Ventures,16884 OLD SURVEY RD,ESCONDIDO,CA,92025,S,ACTIVE,
CA-S-20357,"VELLA GROUP, INC.",,1081 HIGHLAND WAY STE E,GROVER BEACH,CA,93433,S,ACTIVE,
CA-S-20358,SEVEN DAYS COCKTAIL CO. LLC,Seven Days Cocktail Co.,1586 SUNLAND LN,COSTA MESA,CA,92626,S,ACTIVE,
CA-S-20359,"FERMENTED SCIENCES II, INC.",,3200 GOLF COURSE DR,VENTURA,CA,93003,S,ACTIVE,
CA-S-20360,THREE KINGS SPIRITS LLC,,1 CERRO GORDO RD,CERRO GORDO,CA,93530,S,ACTIVE,
CA-S-20361,TREASURY WINE ESTATES AMERICAS COMPANY,BEAULIEU VINEYARD,1960 ST HELENA HWY,RUTHERFORD,CA,94574,S,ACTIVE,
CA-S-20364,"IBY, LLC",,15801 E 1ST ST,IRWINDALE,CA,91706,S,ACTIVE,
CA-S-20365,MICHAEL EDWARDS ENTERPRISE LLC,California Tacos Cantina & Distillery,110 TANK FARM RD BLDG 6 STE 110 & 120,SAN LUIS OBISPO,CA,93401,S,ACTIVE,
CA-S-20367,"HOUSE OF THE SUN, LLC",Olehna,2601 MONARCH ST,ALAMEDA,CA,94501,S,ACTIVE,
CA-S-20368,NAPA YARD LP,,585 FIRST ST,NAPA,CA,94559,S,ACTIVE,
CA-S-20370,"DRINKPAK, LLC",Waterbird Spirits,21375 NEEDHAM RANCH PKWY,SANTA CLARITA,CA,91321,S,ACTIVE,
CA-S-20371,ABEL KAASE,,2933 ADAMS AVE,SAN DIEGO,CA,92116,S,ACTIVE,
CA-S-20372,GORDON BIERSCH BREWING COMPANY,RTD Specialties,357 E TAYLOR ST,SAN JOSE,CA,95112,S,ACTIVE,
CA-S-20373,JIVE BEVERAGES INC.,"Study Break Beverages, Lua Cocktails, BUJI Spirits, Reyes y Cobardes",14938 S FIGUEROA ST,GARDENA,CA,90248,S,ACTIVE,
CA-S-20374,"SAZERAC DISTILLERS, LLC","SAZERAC DISTILLERS, LLC dba BARTON BRANDS OF CALIFORNIA",2202 E DEL AMO BLVD,CARSON,CA,90749,S,ACTIVE,
CA-S-20375,"CONSTELLATION BRANDS U.S. OPERATIONS, INC.",,5950 E WOODBRIDGE RD R&D LAB,ACAMPO,CA,95220,S,ACTIVE,
CA-S-20378,"BERGHOLD WINE SALES, INC",Berghold Vineyards,17343 N CHERRY RD,LODI,CA,95240,S,ACTIVE,
CA-S-20379,SPIRITSDADDY LLC,Spirits Daddy,1110 BEL ARBRES DR STE D,REDWOOD VALLEY,CA,95470,S,ACTIVE,
CA-S-20381,LAKE BOTTOM BREWERY & DISTILLERY  LLC,,105 E MAIN ST,VISALIA,CA,93291,S,ACTIVE,
CA-S-20382,"BARREL RM, INC.",,2675 SKYPARK DR STE 202,TORRANCE,CA,90505,S,ACTIVE,
CA-S-20383,SAINT VINCENT BRANDS LLC,Six Drops,30973 SANTANA ST STE 102,HAYWARD,CA,94544,S,ACTIVE,
CA-S-20384,"RODRIGUEZ RAMIREZ, INC.",LOS AMIGOS RESTAURANT,530 VALENCIA ST,SAN FRANCISCO,CA,94110,S,ACTIVE,
CA-S-20385,GARY RAY MOSBY,Mosby Spirits,745 W BETTERAVIA RD,SANTA MARIA,CA,93455,S,ACTIVE,
CA-S-20386,"UBLENDIT, INC.",,440 KINGS VILLAGE RD BLDG 8 STE 8-2A & 8-2,SCOTTS VALLEY,CA,95066,S,ACTIVE,
CA-S-20387,VILLICANA WINE & SPIRITS,RE:FIND DISTILLERY,2725 ADELAIDA RD,PASO ROBLES,CA,93446,S,ACTIVE,
CA-S-20388,"THE BOOCHERY, INC.",Boochcraft,684 ANITA ST STE F1 & F2,CHULA VISTA,CA,91911,S,ACTIVE,
CA-S-20392,AGIM NERGUTI,Drovers Distillery,934 S MAIN ST UNIT Q,WILLITS,CA,95490,S,ACTIVE,
CA-S-20393,"JUNESHINE, INC.",JuneShine,10051 OLD GROVE RD,SAN DIEGO,CA,92131,S,ACTIVE,
CA-S-20395,"HOTEL CHEVAL, LLC",Distillery Cheval,1021 PINE ST,PASO ROBLES,CA,93446,S,ACTIVE,
CA-S-20396,"WEBB'S GRAINWORKS, LLC","Webbs Grainworks, LLC",7 JOURNEY STE B,ALISO VIEJO,CA,92656,S,ACTIVE,
CA-S-20397,"DELICATO VINEYARDS, LLC",Francis Coppola Winery,300 VIA ARCHIMEDES,GEYSERVILLE,CA,95441,S,ACTIVE,
CA-S-20399,"CHARRON FAVREAU, S.P.C.",,411 E MONTECITO ST STE 2,SANTA BARBARA,CA,93101,S,ACTIVE,
CA-S-20400,ABSENTEE WINERY LLC,,31720 HWY 20,FORT BRAGG,CA,95437,S,ACTIVE,
CA-S-20402,CAROLYN HARRIS AND PAUL HARRIS,Chuparosa Vineyards,910 GEM LN,RAMONA,CA,92065,S,ACTIVE,
CA-S-20403,"SURFACE AREA, LLC",Woods Beer & Wine Co.,751 6TH ST STE A,SAN FRANCISCO,CA,94130,S,ACTIVE,
CA-S-20405,"OC CUSTOM WINE, INC.",Phantom Ales,1211 N LAS BRISAS ST,ANAHEIM,CA,92806,S,ACTIVE,
CA-S-20406,OAKVILLE WINERY ACQUISITION GROUP,Napa Wine Company,7830 ST. HELENA HWY,OAKVILLE,CA,94562,S,ACTIVE,
CA-S-20408,"FN CELLARS, LLC","FN Cellars, LLC",1695 ST. HELENA HWY S,ST. HELENA,CA,94574,S,ACTIVE,
CA-S-20409,E. & J. GALLO WINERY,Turner Road Vintners,4614 W TURNER RD,LODI,CA,95242,S,ACTIVE,
CA-S-20412,GOOD BEVERAGE COMPANY INCORPORATED,Good Bev Co.,3010 E CORONADO ST UNIT B,ANAHEIM,CA,92806,S,ACTIVE,
CA-S-20414,ALEJANDRO URIBE-RICO,California Tacos,606 ALAMO PINTADO RD STE 5 & 6,SOLVANG,CA,93463,S,ACTIVE,
CA-S-20416,CIOPINOT LLC,,1049 & 1051 NIPOMO ST,SAN LUIS OBISPO,CA,93401,S,ACTIVE,
CA-S-20417,SHEDCAT LLC,Shedcat Distillery,3668 LAKE TAHOE BLVD STE A,SOUTH LAKE TAHOE,CA,96150,S,ACTIVE,
CA-S-20422,"TEMBLOR BREWING, LLC",Temblor Brewing Company,3200 BUCK OWENS BLVD BLVD STE 200,BAKERSFIELD,CA,93308,S,ACTIVE,
CA-S-20423,"NOR-CAL BEVERAGE CO., INC.",Nor-Cal Beverage,1226 N OLIVE ST,ANHEIM,CA,92801,S,ACTIVE,
CA-S-20424,"LAT RESTAURANT, INC.",Big Baobab,2243 & 2247 MISSION ST,SAN FRANCISCO,CA,94110,S,ACTIVE,
CA-S-20425,"1850 INDUSTRIES, INC",1850 Spirits,5176 HIGHWAY 49N G,MARIPOSA,CA,95338,S,ACTIVE,
CA-S-20426,AMBIX SPIRITS LLC,Ambix Spirits,1944 HIGH SCHOOL RD,SEBASTOPOL,CA,95472,S,ACTIVE,
CA-S-20427,HAPY INC.,,821 N OAK PARK BLVD,PISMO BEACH,CA,93449,S,ACTIVE,
CA-S-20429,DEBORAH RICHARDSON,,9438 IRONDALE AVE,CHATSWORTH,CA,91311,S,ACTIVE,
CA-S-20430,ELIQS WEST COAST SPIRITS LLC,,411 W 157TH ST,GARDENA,CA,90248,S,ACTIVE,
CA-S-20431,RUINS DISTILLERY LLC,,108 DODD CT,AMERICAN CANYON,CA,94503,S,ACTIVE,
CA-S-20432,"YACUBELLI, LLC","Bushveld, Somerstate, Yacubelli Winery",2379 LA MIRADA DR,VISTA,CA,92081,S,ACTIVE,
CA-S-20433,"J. CELLARS INVESTMENTS, LLC",Joseph Cellars Winery,4455 N ST HELENA HWY,CALISTOGA,CA,94515,S,ACTIVE,
CA-S-20435,19TH HOLE SPIRITS LLC,19th Hole Spirits,1231 THIRD STREET PROMENADE,SANTA MONICA,CA,90401,S,ACTIVE,
CA-S-20437,LUCANIA LIQUORS LLC,,233 E HARRIS AVE UNIT D1,SOUTH SAN FRANCISCO,CA,94080,S,ACTIVE,
CA-S-20440,CAL BEV-GO LLC,,1401 GROVE ST UNIT D,HEALDSBURG,CA,95448,S,ACTIVE,
CA-S-20441,ARIS VODKA CORPORATION,Aris Vodka Corporation,759 S STATE COLLEGE BLVD UNIT 18,FULLERTON,CA,92831,S,ACTIVE,
CA-S-20442,CEDAR CREST BREWERY AND WINERY LLC,Cedar Crest Brewery and Winery,1475 PLACER ST BLDG B,REDDING,CA,96001,S,ACTIVE,
CA-S-20443,SOUTHERN PACIFIC BREWING LLC,Southern Pacific,620 TREAT AVE,SAN FRANCISCO,CA,94110,S,ACTIVE,
CA-S-20444,CHATEAUNEUF-DU-FARGOSONINI LLC,,14480 E ANNADALE AVE,SANGER,CA,93657,S,ACTIVE,
CA-S-20445,"THE 21ST AMENDMENT BREWERY CAFE, LLC",THE 21ST AMENDMENT BREWERY CAFE,2010 WILLIAMS ST STE A,SAN LEANDRO,CA,94577,S,ACTIVE,
CA-S-20446,BANKS & BAUGHER LLC,Banks & Baugher Craft Distillers,4045 VIA PESCADOR STE D,CAMARILLO,CA,93012,S,ACTIVE,
CA-S-20449,"FOLEY FAMILY WINES, INC.",THE SILVERADO VINEYARDS,6121 SILVERADO TRL,NAPA,CA,94558,S,ACTIVE,
CA-S-20451,JACKSON SQUARE HOSPITALITY LLC,Aphotic,816 FOLSOM ST STE 2,SAN FRANCISCO,CA,94107,S,ACTIVE,
CA-S-20453,BU BREWING LLC,Barley and Boar Kitchen and Distillery,5925 ENTRADA AVE,ATASCADERO,CA,93422,S,ACTIVE,
CA-S-20454,ALVIN STUART HASIN,Karpe Kanem Winery,7380 HIDDEN LAKE RD,FORESTVILLE,CA,95436,S,ACTIVE,
CA-S-20456,BURNING BARREL BREWING COMPANY LLC,Burning Barrel Brewing and Spirits,2933 GOLD PAN CT STE D,RANCHO CORDOVA,CA,95670,S,ACTIVE,
CA-S-20457,"DUST BOWL BREWING CO., LLC",Dust Bowl Distillery,3000 FULKERTH RD,TURLOCK,CA,95830,S,ACTIVE,
CA-S-20458,"APEX GLOBAL IMPORTS, INC.",,1250 PIONEER WAY STE F,EL CAJON,CA,92020,S,ACTIVE,
CA-S-20459,"THE BLACKSTORM BRAND, LLC",THE BLACKSTORM BRAND LLC,1634 W 139TH ST,GARDENA,CA,90249,S,ACTIVE,
CA-S-20460,"LUCKY29 LIQUORS, LLC",,12424 GOLD FLAKE CT,RANCHO CORDOVA,CA,95742,S,ACTIVE,
CA-S-20461,BOLD HIJINKS CORPORATION,Lincoln Speakeasy Taproom,436 LINCOLN BLVD STE 202,LINCOLN,CA,95648,S,ACTIVE,
CA-S-20463,OLD STATE DISTILLING LLC,Old State Bourbon,4400 ASHE RD STE 207,BAKERSFIELD,CA,93313,S,ACTIVE,
CA-S-20465,"TWO WOLVES WINE, LLC",Two Wolves,1480 COUNT FLEET ST,SANTA YNEZ,CA,93460,S,ACTIVE,
CA-S-20466,NAPA CRU LLC,,1735 ACTION AVE STE B,NAPA,CA,94559,S,ACTIVE,
CA-S-20467,MPL BRANDS NV INC.,,2455 HUNTINGTON DR,FAIRFIELD,CA,94533,S,ACTIVE,
CA-S-20469,"STAG'S LEAP WINE CELLARS, LLC",,8711 SILVERADO TRAIL,ST. HELENA,CA,94574,S,ACTIVE,
CA-S-20470,"VINSCI, INC.",Orelar,303 GATEWAY RD W,NAPA,CA,94558,S,ACTIVE,
CA-S-20471,STEELTOWN WINERY LLC,Building 43 Distillery,2440 MONARCH ST STE 100,ALAMEDA,CA,94501,S,ACTIVE,
CA-S-20472,"BACK DOOR BRANDS, LLC",Back Door Brands,10 S HIGUERA ST BLDG B,SAN LUIS OBISPO,CA,93401,S,ACTIVE,
CA-S-20473,MARK STEVEN LUCCHESI,Lucca Winery,16265 E RIVER RD,RIPON,CA,95366,S,ACTIVE,
CA-S-20476,SOUTHNORTE BRANDS LLC,,10810 INLAND AVE,JURUPA VALLEY,CA,91752,S,ACTIVE,
CA-S-20477,CARBON NEGATIVE SPIRITS LLC,Carbon Negative Spirits,"399 BUSINESS PARK CT SUITE 504, 505, 523 CT",WINDSOR,CA,95492,S,ACTIVE,
CA-S-20478,"EARL'S BIG IDEA, LLC",Knox & Dobson,2031 E FOOTHILL BLVD,PASADENA,CA,91107,S,ACTIVE,
CA-S-20479,ORGANIC CRAFT BREWING,,1430 VANTAGE COURT STE 104,VISTA,CA,92081,S,ACTIVE,
CA-S-20480,LEFT COAST BREWING COMPANY,Left Coast Brewing Co. Tasting Room Smokehouse Distillery,980 N HAVEN AVE STE 100,ONTARIO,CA,91764,S,ACTIVE,
CA-S-20481,PERUVIAN CONCEPT LLC,Kiko Restaurant,746 HIGUERA ST STE 6,SAN LUIS OBISPO,CA,93401,S,ACTIVE,
CA-S-20482,DUCKHORN WINE COMPANY,GEYSERVILLE WINERY,19410 GEYSERVILLE AVE,GEYSERVILLE,CA,95441,S,ACTIVE,
CA-S-20483,FLOWER CITY BALLROOM LLC,,110 W OCEAN AVE,LOMPOC,CA,93436,S,ACTIVE,
CA-S-20485,SONS & DOTTERS LLC,Sons & Dotters,4122 SORRENTO VALLEY BLVD STE 107,SAN DIEGO,CA,92121,S,ACTIVE,
CA-S-20486,"BELCHING BEAVER BREWERY, INC",Belching Beaver Brewery,1334 ROCKY POINT DR,OCEANSIDE,CA,92056,S,ACTIVE,
CA-S-20487,BURNING BARREL BREWING COMPANY LLC,Burning Barrel Brewing and Spirits,640 MAIN ST,PLACERVILLE,CA,95667,S,ACTIVE,
CA-S-20488,"SPIRIT GUIDES, INC.",,1431 TRUMAN ST STE J,SAN FERNANDO,CA,91340,S,ACTIVE,
CA-S-20490,"GIUSEPPE'S CUCINA, LLC",Giuseppe's Cucina,801 PRICE ST,PISMO BEACH,CA,93449,S,ACTIVE,
CA-S-20492,"MADBEV, INC.","MADBEV, INC.",2205 FIRST ST UNIT 107,SIMI VALLEY,CA,93065,S,ACTIVE,
CA-S-20494,VINEYARD TO VINTAGE LLC,Prismatic Distilling Company,10255 OLD PLACERVILLE RD STE 5,SACRAMENTO,CA,95827,S,ACTIVE,
CA-S-20496,"MIZZA, LLC",MIZZA,1112 STATE ST,SANTA BARBARA,CA,93101,S,ACTIVE,
CA-S-20497,HEADS AND TAILS BARBECUE LLC,Heads and Tails Barbecue,2121 SAN PABLO AVE,BERKELEY,CA,94702,S,ACTIVE,
CA-S-20498,"LONE WOLF BREWING CO., LLC",Lone Wolf Brewing Co.,18210 YORBA LINDA BLVD STE 404,YORBA LINDA,CA,92886,S,ACTIVE,
CA-S-20499,VALIDATION ALE LLC,Validation Ale,102 E YANONALI ST,SANTA BARBARA,CA,93101,S,ACTIVE,
CA-S-20500,"GYPPO ALE MILL, INC.",,1661 UPPER PACIFIC DR,SHELTER COVE,CA,95589,S,ACTIVE,
CA-S-20501,PK FIRE LLC,OMO SOJU,13464 BROWNS VALLEY DR,CHICO,CA,95973,S,ACTIVE,
CA-S-20502,"DELIVERY SB, LLC",1114 Crafthouse,1114 STATE ST STE 20,SANTA BARBARA,CA,93101,S,ACTIVE,
CA-S-20503,EPU CELLAR LLC,,101 GRANT AVE UNIT I,HEALDSBURG,CA,95448,S,ACTIVE,
CA-S-20504,"JDZ, INC.",,9990 ALESMITH CT,SAN DIEGO,CA,92126,S,ACTIVE,
CA-S-20506,HENDO'S BREWING AND SPIRITS LLC,,27901 JEFFERSON AVE,TEMECULA,CA,92590,S,ACTIVE,
CA-S-20507,"RB WINE ASSOCIATES, LLC",,22280 GEYSERVILLE AVE,GEYSERVILLE,CA,95441,S,ACTIVE,
CA-S-20508,THE GOLD BAR SPIRITS COMPANY INC.,,2505 MONARCH ST BLDG 22,ALAMEDA,CA,94501,S,ACTIVE,
CA-S-20510,"ADAIR KUNDE, LLC",Kunde Family Winery,9825 HWY 12,KENWOOD,CA,95452,S,ACTIVE,
CA-S-20511,"SAN ANTONIO WINERY, INC.",San Antonio Winery,737 LAMAR ST,LOS ANGELES,CA,90031,S,ACTIVE,
CA-S-20512,"DRIFT BRANDS, LLC",Drift Distillery,115 S EL CAMINO REAL,SAN CLEMENTE,CA,92672,S,ACTIVE,
CA-S-20513,"LEDSON WINERY, LLC",Ledson Winery & Vineyards,21692 8TH ST E STE 120,SONOMA,CA,95476,S,ACTIVE,
CA-S-20514,WE ARE WICKED LLC,,1735 NATIONAL AVE STE A,SAN DIEGO,CA,92113,S,ACTIVE,
CA-S-20515,"PRESTIGE PRODUCTION SOLUTIONS, LLC",,265 LOMBARD RD STE A,AMERICAN CANYON,CA,94503,S,ACTIVE,
CA-S-20516,AYLA DISTILLERY INC,AYLA DISTILLERY,21299 OLD SONORA COLUMBIA RD,SONORA,CA,95370,S,ACTIVE,
CA-S-20517,"CALICRAFT, LLC",,1052 HORIZON DR STE A,FAIRFIELD,CA,94533,S,ACTIVE,
CA-S-20518,"SAN ANTONIO WINERY, INC.",San Antonio Winery,2017 WISTERIA LN,PASO ROBLES,CA,93446,S,ACTIVE,
CA-S-20519,"APPLE CART CIDER, LLC",,2870 DUKE CT,SANTA ROSA,CA,95407,S,ACTIVE,
CA-S-20520,WELL ABOVE WINE AND SPIRITS INC,,1302 GARDENA AVE,GLENDALE,CA,91204,S,ACTIVE,
CA-S-20521,"SF BEVERAGE AND DISTILLING CO., LLC",,100 HOOPER ST,SAN FRANCISCO,CA,94107,S,ACTIVE,
CA-S-20522,"CHAIM, LLC",,1102 6TH ST,BERKELEY,CA,94710,S,ACTIVE,
CA-S-20523,"1865 CRAFT HOUSE & KITCHEN, LLC",1865 CRAFT HOUSE & KITCHEN,1865 MONTEREY ST,SAN LUIS OBISPO,CA,93401,S,ACTIVE,
CA-S-20524,"D.P. ENTERPRISES, LP, D. PAPAGNI INVESTMENTS, INC., GP",,9505 ROAD 30 1/2,MADERA,CA,93636,S,ACTIVE,
CA-S-20525,BRAWL LLC,P&W Spirits Co.,369 3RD ST,OAKLAND,CA,94607,S,ACTIVE,
CA-S-20527,"AZ CONCESSIONS, LLC",Hotel Cerro San Luis Obispo,1119 GARDEN ST,SAN LUIS OBISPO,CA,93401,S,ACTIVE,
CA-S-20528,EFFICIENT INDUSTRIES LLC,,41669 DATE ST STE 100B,MURRIETA,CA,92562,S,ACTIVE,
CA-S-20529,SYMRISE INC.,,332 FOREST AVE STE 5 & 7,LAGUNA BEACH,CA,92651,S,ACTIVE,
CA-S-20530,"NEWSTONE, LLC",Taqueria El Guero Distillery,560 EMBARCADERO,MORRO BAY,CA,93442,S,ACTIVE,
CA-S-20531,JUNGLE BEVERAGE COMPANY,,1440 JASON WAY UNIT 120,SANTA MARIA,CA,93455,S,ACTIVE,
CA-S-20532,TREASURY WINE ESTATES AMERICAS COMPANY,Frank Family Vineyards,1091 LARKMEAD LN,CALISTOGA,CA,94515,S,ACTIVE,
CA-S-20533,PONO PACIFIC KITCHEN LLC,Pono Pacific Kitchen,214 W GRAND AVE STE C,GROVER BEACH,CA,93433,S,ACTIVE,
CA-S-20534,GRATON SPIRITS COMPANY LLC,PURPLE SPIRITS,1095 & 1097 RAILROAD AVE,VALLEJO,CA,94592,S,ACTIVE,
CA-S-20535,CONDESA LLC,Condesa,1491 MONTEREY ST,SAN LUIS OBISPO,CA,93401,S,ACTIVE,
CA-S-20536,"SLO GENERAL STORE, LLC",,3845 S HIGUERA ST STE 114,SAN LUIS OBISPO,CA,93401,S,ACTIVE,
CA-S-20538,"PATIO29 SPIRITS COMPANY, LLC",Patio29 Spirits Company,723 RAILROAD AVE,WINTERS,CA,95694,S,ACTIVE,
CA-S-20539,/ TREASURY WINE ESTATES AMERICAS COMPANY,STAGS' LEAP WINERY,6150 SILVERADO TRL,NAPA,CA,94558,S,ACTIVE,
CA-S-20540,"OLD POSSUM, LLC",Old Possum Brewing Co.,357 SUTTON PL,SANTA ROSA,CA,95407,S,ACTIVE,
CA-S-20541,"BIG BRANDS CA, LLC",,8250 INDUSTRIAL AVE,ROSEVILLE,CA,95678,S,ACTIVE,
CA-S-20542,NA WINE COMPANY INC.,,101 S COOMBS ST UNIT J,NAPA,CA,94558,S,ACTIVE,
CA-S-20543,"CASE BY CASE CANNING, LLC",VERANDA COCKTAILS,233 E ANAHEIM ST,LONG BEACH,CA,90813,S,ACTIVE,
CA-S-20544,FESTIF SOCIETY,Festif Society,11725 GOLDRING RD UNIT 4,ARCADIA,CA,91006,S,ACTIVE,
CA-S-20545,KMH ENTERPRISES LLC,Raven Ranch Distillery,20111 306 AVE,EXETER,CA,93221,S,ACTIVE,
CA-S-20546,THE WINE GROUP LLC,TWG Gonzales,800 S ALTA ST,GONZALES,CA,93926,S,ACTIVE,
CA-S-20547,THE WINE GROUP LLC,TWG Woodbridge,5950 E WOODBRIDGE RD,ACAMPO,CA,95220,S,ACTIVE,
CA-S-20548,LIVE VINE INC.,,743 LUDS WAY,OROVILLE,CA,95965,S,ACTIVE,
CA-S-20549,F-86,F-86,42913 CAPITAL DR STE 109,LANCASTER,CA,93535,S,ACTIVE,
CA-S-20551,TREASURY WINE ESTATES AMERICAS COMPANY,DAOU Vineyards,2777 HIDDEN MOUNTAIN RD,PASO ROBLES,CA,93446,S,ACTIVE,
CA-S-20552,"ARTISAN BREWERS, LLC",Drakes Brewing Co.,2325 BROADWAY,OAKLAND,CA,94612,S,ACTIVE,
CA-S-20553,TRILOGY HOSPITALITY,The Carlton Hotel,6005 EL CAMINO REAL,ATASCADERO,CA,93422,S,ACTIVE,
CA-S-20554,"CALICRAFT, LLC",Calicraft,845 RUSSELL BLVD STE 110,DAVIS,CA,95616,S,ACTIVE,
CA-S-20555,VALENSIN VINEYARD & WINERY,Valensin Vineyard & Winery,10675 VALENSIN RD,GALT,CA,95632,S,ACTIVE,
CA-S-20556,"COPPER & MAPLE DISTILLING, LLC",,1974 E COPPER AVE STE 106,FRESNO,CA,93730,S,ACTIVE,
CA-S-20557,DDR BEVERAGES LLC,DDR Beverages,2766 VIA ORANGE WAY STE E,SPRING VALLEY,CA,91978,S,ACTIVE,
CA-S-20558,SNR PERFORMANCE LLC,,647 HIGUERA ST,SAN LUIS OBISPO,CA,93401,S,ACTIVE,
CA-S-20560,"GENESEO DISTILLERS, LLC",Geneseo Distillers,7350 LINNE RD,PASO ROBLES,CA,93446,S,ACTIVE,
CA-S-20561,"SIPLO, LLC",Siplo,1500 INDUSTRIAL WAY UNIT 100,REDWOOD CITY,CA,94063,S,ACTIVE,
CA-S-20562,"CALICRAFT, LLC",,1501 MT DIABLO BLVD UNIT 200,WALNUT CREEK,CA,94596,S,ACTIVE,
CA-S-20563,SWAN & FOX LLC,,3375 MISSION AVE STE J/K,OCEANSIDE,CA,92058,S,ACTIVE,
CA-S-20564,SOLAMENTE LLC,Solamente,3775 ADELAIDA ROAD,PASO ROBLES,CA,93446,S,ACTIVE,
CA-S-20565,"FN CELLARS, LLC",,1350 ACACIA DR,OAKVILLE,CA,94562,S,ACTIVE,
CA-S-20566,CALIFORNIA FRUIT WINE CORP.,FruitCraft,1477 UNIVERSITY AVE,SAN DIEGO,CA,92103,S,ACTIVE,
CA-S-20567,"EL CAMINO REAL SPIRITS, LLC",El Camino Real Spirits,3546 SKYWAY DR STE F8,SANTA MARIA,CA,93455,S,ACTIVE,
CA-S-20568,"MATEVEZA, LLC",,647 - 649 SAN ANSELMO AVE,SAN ANSELMO,CA,94960,S,ACTIVE,
CA-S-20569,"FATHOM SPIRITS, LLC",,9 HANGAR WAY STE 1A,WATSONVILLE,CA,95076,S,ACTIVE,
CA-S-20570,MADDIEMAE LLC,,1334 ROCKY POINT DR,OCEANSIDE,CA,92056,S,ACTIVE,
CA-S-20571,SAN DIEGO SUNSHINE LLC,San Diego Sunshine Craft Spirits Co,432 MAPLE ST STE 6,RAMONA,CA,92065,S,ACTIVE,
CA-S-20572,HCS BRANDS HOLDINGS LLC,Humboldt Craft Spirits,205 7TH ST STE C,EUREKA,CA,95501,S,ACTIVE,
CA-S-20573,"MOUNTAIN HOUSE DISTILLERY, LLC",,33714 HIGHWAY 128,CLOVERDALE,CA,95425,S,ACTIVE,
CA-S-20574,"SOLOS TECHNOLOGY USA, INC.",,385 FELIZ CREEK RD,HOPLAND,CA,95449,S,ACTIVE,
CA-S-20575,ALTR FLTR INC.,ALTR FLTR,4326 BIG RANCH RD,NAPA,CA,94558,S,ACTIVE,
CA-S-20576,SLO5ROCK LLC,The Rock,855 AEROVISTA PL STE 120,SAN LUIS OBISPO,CA,93401,S,ACTIVE,
CA-S-20577,SCRAMBLEZ GRILLE & BAR,BEAR & THE WREN,570 HIGUERA ST STE 2,SAN LUIS OBISPO,CA,93401,S,ACTIVE,
CA-S-20578,PRESSMAN WINES LLC.,Pressman Spirits,5142 COMMERCE AVE UNIT A,MOORPARK,CA,93021,S,ACTIVE,
CA-S-20579,"REDWOOD BEVERAGE GROUP, LLC",,2286 STONE BLVD,WEST SACRAMENTO,CA,95651,S,ACTIVE,
CA-S-20580,"GLJR WINE, LLC",Aonair,201 DEVLIN RD,NAPA,CA,94558,S,ACTIVE,
CA-S-20581,INSPIRADA BRANDS LLC,,1220 J ST,SAN DIEGO,CA,92101,S,ACTIVE,
CA-S-20582,"BIG EDDY VENTURES, LLC",Purple Orchid Wine Country Resort and Spa,4549 CROSS RD,LIVERMORE,CA,94550,S,ACTIVE,
CA-S-20583,"BREWERY AT THE TOP OF THE MOUNTAIN, LLC",Fall,9550 DISTRIBUTION AVE,SAN DIEGO,CA,92121,S,ACTIVE,
CA-S-20584,"BRENNTAG PACIFIC, LLC",,10747 PATTERSON PL,SANTA FE SPRINGS,CA,90670,S,ACTIVE,
CA-S-20585,B2B NAPA LLC,Bin to Bottle,110-122 CAMINO ORUGA,NAPA,CA,94558,S,ACTIVE,
CA-S-20586,VJB LLC,,11600 DUNBAR RD,GLEN ELLEN,CA,95442,S,ACTIVE,
CA-S-20587,L.L. VALLEY GROUP LLC,Ashtree Whiskey,1100 COLE AVE UNIT E,CLOVIS,CA,93612,S,ACTIVE,
CA-S-20588,GREEN BOTTLE,,3427 ROBERTO CT STE 130,SAN LUIS OBISPO,CA,93401,S,ACTIVE,
CA-S-20589,PROMETHEAN BREWING CO. LLC,Burning Beard,1835 N MARSHALL AVE,EL CAJON,CA,92020,S,ACTIVE,
CA-S-20590,"QUALITY WORKS, INC.",,330 CATALPA ST,SAN MATEO,CA,94401,S,ACTIVE,
CA-S-20591,PACIFIC COAST BEVERAGE CO LLC,,7900 EL CAMINO REAL,ATASCADERO,CA,93422,S,ACTIVE,
CA-S-20592,JACKSON SQUARE HOSPITALITY LLC,The Natoma Distillery,155 12 ST,SAN FRANCISCO,CA,94103,S,ACTIVE,
CA-S-20593,FAULK BREWS AND SPIRITS LLC,Nasung Sool Co,141 W WILSHIRE AVE STE D,FULLERTON,CA,92832,S,ACTIVE,
CA-S-20594,GRATON SPIRITS COMPANY LLC,Purple Spirits,5535 STATE FARM DR,ROHNERT PARK,CA,94928,S,ACTIVE,
CA-S-20595,"MOJO BREWHOUSE, LLC",,221 W MONTECITO ST,SANTA BARBARA,CA,93101,S,ACTIVE,
CA-S-20596,EDNA DISTILLERY LLC,Valley of Nine,2585 BIDDLE RANCH RD,SAN LUIS OBISPO,CA,93401,S,ACTIVE,
CA-S-20597,"SAMMLETON DISTILLING, LLC",Twisted Path Distillery,8706 PRODUCTION AVE,SAN DIEGO,CA,92121,S,ACTIVE,
CA-S-20598,DOVECOTE LLC,Dovecote Estate Winery,9229 ALISOS CANYON RD,LOS ALAMOS,CA,93440,S,ACTIVE,
CA-S-20599,SANCHA INC.,Riley's Taproom,2940 MCCALL STE 112,SELMA,CA,93662,S,ACTIVE,
CA-S-20600,TALL BROWN AND HANDSOME INC,The Peacock,1108 BROAD ST,SAN LUIS OBISPO,CA,93401,S,ACTIVE,
CA-S-20602,"KEG KRAFT BEVERAGE CO., LP",,45 N MAIN ST BLDG 1 & 2,TEMPLETON,CA,93465,S,ACTIVE,
CA-S-20603,ET ALIAE SPIRITS LLC,rum et al.,909 E EL SEGUNDO BLVD,EL SEGUNDO,CA,90245,S,ACTIVE,
CA-S-20604,3-G GROUP LLC,Stampede,1790 FIRST STREET,LIVERMORE,CA,94550,S,ACTIVE,
CA-S-20605,"VIGNETTE WINERY, LLC",,"45 ENTERPRISE CT UNIT 1,2,3,4,7",NAPA,CA,94558,S,ACTIVE,
CA-S-210,E. & J. GALLO WINERY,GALLO,600 YOSEMITE BLVD,MODESTO,CA,95354,S,ACTIVE,
CA-S-211,E. & J. GALLO WINERY,,5610 E OLIVE AVE,FRESNO,CA,93727,S,ACTIVE,
CA-S-212,E. & J. GALLO WINERY,LERAXA WINERY,18000 RIVER RD,LIVINGSTON,CA,95334,S,ACTIVE,
CA-S-219,GOLDEN STATE VINTNERS,,38558 ROAD 128,CUTLER,CA,93615,S,ACTIVE,
CA-S-222,"F. KORBEL & BROS., INC.",,13250 RIVER RD,GUERNEVILLE,CA,95446,S,ACTIVE,
CA-S-230,SUN-MAID GROWERS OF CALIFORNIA,,9818 S JACOBS AVE,ORANGE COVE,CA,93646,S,ACTIVE,
CA-S-266,"ALAMBIC, INC.",,5000 LOW GAP RD,UKIAH,CA,95482,S,ACTIVE,
CA-S-280,"ALAMBIC, INC.",,3001 S STATE ST STE 35,UKIAH,CA,95482,S,ACTIVE,
CA-S-290,BRONCO WINE COMPANY,BRONCO WINE COMPANY,6342 BYSTRUM RD,CERES,CA,95307,S,ACTIVE,
CA-S-302,"F. KORBEL & BROS., INC.",HECK CELLARS,15401 BEAR MOUNTAIN WINERY RD,DI GIORGIO,CA,93203,S,ACTIVE,
CA-S-310,"SUTTER HOME WINERY, INC.",TRINCHERO FAMILY ESTATES,100 ST. HELENA HWY,SAINT HELENA,CA,94574,S,ACTIVE,
CA-S-312,"DELICATO VINEYARDS, LLC",,12001 S HIGHWAY 99,MANTECA,CA,95336,S,ACTIVE,
CA-S-314,"KAUTZ VINEYARDS, INC.",,1894 SIX MILE RD,MURPHYS,CA,95247,S,ACTIVE,
CA-S-315,"DOMAINE CHANDON, INC.",DOMAINE CHANDON,1 CALIFORNIA DR,YOUNTVILLE,CA,94599,S,ACTIVE,
CA-S-318,J. LOHR WINERY CORPORATION,,1000 LENZEN AVE,SAN JOSE,CA,95126,S,ACTIVE,
CA-S-338,WENTE BROS.,,5565 TESLA RD,LIVERMORE,CA,94550,S,ACTIVE,
CA-S-341,J. LOHR WINERY CORPORATION,,6169 AIRPORT RD,PASO ROBLES,CA,93446,S,ACTIVE,
CA-S-347,THE WINE GROUP LLC,,17000 E STATE HIGHWAY 120,RIPON,CA,95366,S,ACTIVE,
CA-S-350,THE HESS COLLECTION WINERY,,4411 REDWOOD RD,NAPA,CA,94558,S,ACTIVE,
CA-S-353,"ALAMBIC, INC.",,1110 BEL ARBRES DR STE D,REDWOOD VALLEY,CA,95470,S,ACTIVE,
CA-S-354,NIELS UDSEN AND BERIT UDSEN,Bethel Road Distillery,1266 N BETHEL RD,TEMPLETON,CA,93465,S,ACTIVE,
CA-S-355,CHRISTOPHER G. SOLOMON & GILDO TOURNOUR,SOLOMON TOURNOUR CO.,5900 CENTRAL AVE,CALPELLA,CA,95418,S,ACTIVE,
CA-S-357,"GOLDEN VALLEY GRAPE JUICE AND WINE, LLC",GOLDEN VALLEY GRAPE JUICE & WINE,11770 ROAD 27 1/2,MADERA,CA,93637,S,ACTIVE,
CA-S-359,ALBERT J. DIVITTORIO AND SALLY DIVITTORIO,DIVITTORIO WINERY,3961 SEVEN RIDGES RD,CAMINO,CA,95709,S,ACTIVE,
CA-S-371,"SWEETWATER DISTILLERS, INC.",STILLWATER SPIRITS,611 2ND ST,PETALUMA,CA,94952,S,ACTIVE,
CA-S-372,"MONTEREY WINE COMPANY, LLC",,1010 INDUSTRIAL WAY,KING CITY,CA,93930,S,ACTIVE,
CA-S-375,TREASURY WINE ESTATES AMERICAS COMPANY,ETUDE WINES,1250 CUTTINGS WHARF RD,NAPA,CA,94559,S,ACTIVE,
CA-S-377,"FREIXENET SONOMA CAVES, INC.",,23555 ARNOLD DR,SONOMA,CA,95476,S,ACTIVE,
CA-S-379,E. & J. GALLO WINERY,MCCALL WINERIES & DISTILLERIES,1042 S MCCALL AVE,SANGER,CA,93657,S,ACTIVE,
CA-S-64,"CONSTELLATION BRANDS U.S. OPERATIONS, INC.",Mission Bell Winery,12667 ROAD 24,MADERA,CA,93637,S,ACTIVE,
CA-S-928,GIBSON WINE COMPANY,,1720 ACADEMY AVE,SANGER,CA,93657,S,ACTIVE,
CO-S-15002,"PEAK SPIRITS, LLC",Free Trade Spirits,26567 NORTH RD,HOTCHKISS,CO,81419,S,ACTIVE,
CO-S-15008,"SYNTAX SPIRITS, LLC",Syntax Distillery and Cocktail Bar,700 6TH ST,GREELEY,CO,80631,S,ACTIVE,
CO-S-15010,"MANCOS VALLEY DISTILLERY, LLC",,116 N MAIN ST,MANCOS,CO,81328,S,ACTIVE,
CO-S-15012,"ANN ARBOR BREWING COMPANY, L.L.C.",LEOPOLD BROS.,5285 JOLIET ST,DENVER,CO,80239,S,ACTIVE,
CO-S-15015,DOUBLE DIAMOND DISTILLERY LLC,BRECKENRIDGE DISTILLERY,1925 AIRPORT RD,BRECKENRIDGE,CO,80424,S,ACTIVE,
CO-S-15017,"DANCING PINES DISTILLERY, LLC",,1029 2ND ST,BERTHOUD,CO,80513,S,ACTIVE,
CO-S-15018,"BLACK CANYON DISTILLERY, INC.",,4340 HIGHWAY 66,LONGMONT,CO,80504,S,ACTIVE,
CO-S-15019,"PROXIMO DISTILLERS, LLC",PROXIMO DISTILLERS,200 S KALAMATH ST,DENVER,CO,80223,S,ACTIVE,
CO-S-15022,"GARGOYLE ENTERPRISES, INC.",Laws Whiskey House,1420 S ACOMA ST,DENVER,CO,80223,S,ACTIVE,
CO-S-15024,"DEERHAMMER DISTILLING COMPANY, LLC",Deerhammer Distilling Company,321 E MAIN ST,BUENA VISTA,CO,81211,S,ACTIVE,
CO-S-15025,GREG DUBBE',TESOURO DISTILLERY,105 S SUNSET ST STE A,LONGMONT,CO,80501,S,ACTIVE,
CO-S-15028,"MILE HIGH SPIRITS, L.L.C.",,2201 LAWRENCE ST,DENVER,CO,80205,S,ACTIVE,
CO-S-15034,J AND L DISTILLING COMPANY,,4843 PEARL ST STE A-1,BOULDER,CO,80301,S,ACTIVE,
CO-S-20001,LOCAL DISTILLING INC,Clean Man Products,417 VIOLET ST BLDG 417-419,GOLDEN,CO,80401,S,ACTIVE,
CO-S-20005,"SHOT SHOOTER INTERNATIONAL, LLC",,90 W 84TH AVE,DENVER,CO,80260,S,ACTIVE,
CO-S-20008,"808 DISTILLERY, LLC",,808 FAIRGROUNDS RD,EAGLE,CO,81631,S,ACTIVE,
CO-S-20009,SUSTAINABLE BEVERAGE TECHNOLOGIES INC.,,16050 TABLE MOUNTAIN PKWY STE 100,GOLDEN,CO,80403,S,ACTIVE,
CO-S-20011,BOATHOUSE DISTILLERY,Boathouse Distillery,4840 VAN GORDON ST UNIT 200,WHEAT RIDGE,CO,80033,S,ACTIVE,
CO-S-20016,STATE 38 DISTILLING LLC,State 38 Distilling,400 CORPORATE CIR STE B,GOLDEN,CO,80401,S,ACTIVE,
CO-S-20017,HOLLY ANN LANGFORD,Woodshed Distilling,1150 CR 600 UNIT B,PAGOSA SPRINGS,CO,81147,S,ACTIVE,
CO-S-20018,MOONRAKER DISTILLING LLC,Blank and Booth Distilling Company,999 VALLEJO ST UNIT 1,DENVER,CO,80204,S,ACTIVE,
CO-S-20020,OLD TOWN DISTILLING CO. INC.,Old Town Distilling Co.,513 N LINK LN UNIT E,FORT COLLINS,CO,80524,S,ACTIVE,
CO-S-20021,ROCKY RYE LLC,39 North Spirits,"936 CHAMBERS CT UNIT B4, STE 3",EAGLE,CO,81631,S,ACTIVE,
CO-S-20023,SUN SPIRITS LLC,Onyx and Amber,1330 ZUNI ST UNIT J,DENVER,CO,80204,S,ACTIVE,
CO-S-20024,"SANGRE DISTILLERIES, LLC",,25 RANGEVIEW LOOP BLDG D,WESTCLIFFE,CO,81252,S,ACTIVE,
CO-S-20025,"REST & RELAXATION, LLC",,2506 ZURICH DR UNIT 4B,FORT COLLINS,CO,80524,S,ACTIVE,
CO-S-20026,ADULT BEVERAGE COMPANY LLC,Vidas Margaritas,3835 W 10TH ST UNIT 112,GREELEY,CO,80634,S,ACTIVE,
CO-S-20033,"SPIRITS OF THE ROCKIES, INCORPORATED","Spirits of the Rockies, Inc",2916 GRANEROS LN,PUEBLO,CO,81005,S,ACTIVE,
CO-S-20035,"VICTOR W. MATTHEWS, JR.",Black Bear Distillery,10375 UTE PASS AVE,GREEN MOUNTAIN FALLS,CO,80819,S,ACTIVE,
CO-S-20036,STILL HOUSE LLC,STILL HOUSE,44915 COUNTY ROAD L,DENVER,CO,81125,S,ACTIVE,
CO-S-20037,"BIG FAT PASTOR, INC.",,6754 N FRANKLIN AVE,LOVELAND,CO,80538,S,ACTIVE,
CO-S-20041,"OLD ELK DISTILLERIES, LLC",,1415 BLUE SPRUCE DR,FORT COLLINS,CO,80524,S,ACTIVE,
CO-S-20044,"DURANGO CRAFT SPIRITS, LLC",,1120 MAIN AVE STE 2,DURANGO,CO,81301,S,ACTIVE,
CO-S-20045,COCKPIT CRAFT DISTILLERY,,4893 GALLEY RD,COLORADO SPRINGS,CO,80915,S,ACTIVE,
CO-S-20051,"DEVIANT SPIRITS, LLC",Deviant Spirits,3540 HWY 52 UNIT A1,FREDERICK,CO,80516,S,ACTIVE,
CO-S-20052,"JJB UNLIMITED, LLC",,910 E 120TH AVE,NORTHGLENN,CO,80233,S,ACTIVE,
CO-S-20053,ELKINS DISTILLING COMPANY LLC,,137 E ELKHORN AVE,ESTES PARK,CO,80517,S,ACTIVE,
CO-S-20057,"IDLEWILD SPIRITS, LLC",Idlewild Spirits,78747 US HWY 40 UNIT 1100 A,WINTER PARK,CO,80482,S,ACTIVE,
CO-S-20059,"LEE SPIRITS COMPANY, INC.",,303 W HIGHWAY 105,MONUMENT,CO,80132,S,ACTIVE,
CO-S-20067,"ROCKER SPIRITS, LLC",,5587 S HILL ST,LITTLETON,CO,80120,S,ACTIVE,
CO-S-20070,"VERTICAL DISTILLING, LLC",Vertical Distilling,1925 PIKE RD STE 103,LONGMONT,CO,80501,S,ACTIVE,
CO-S-20071,"PARADISE DISTRIBUTION COMPANY, LLC",Meridiem Spirits,3725 E 48TH AVE,DENVER,CO,80216,S,ACTIVE,
CO-S-20073,"BASECAMP CONCEPTS, LLC",Ironton Distillery and Crafthouse,1303 EMPIRE RD,LOUISVILLE,CO,80027,S,ACTIVE,
CO-S-20075,"NOCO DISTILLERY, INC.",NoCo Distillery,328 S LINK LN STE 11 & 12,FORT COLLINS,CO,80524,S,ACTIVE,
CO-S-20076,CLIFF DWELLER DISTILLERY LLC,Cliff Dweller Whiskey and Spirits,747 MAIN AVE STE A,DURANGO,CO,81301,S,ACTIVE,
CO-S-20077,"THE FAMILY JONES, LLC",,3245 OSAGE ST,DENVER,CO,80211,S,ACTIVE,
CO-S-20091,1350 DISTILLING LLC,1350 Distilling,520 E PIKES PEAK AVE,COLORADO SPRINGS,CO,80903,S,ACTIVE,
CO-S-20094,"SPRUCE CREEK SPIRITS, INC.",,,GOLDEN,CO,80401,S,ACTIVE,
CO-S-20095,"TALL FELLO, LLC",Tall Fello,5394 COUNTY ROAD 154 UNIT 7,GLENWOOD SPRINGS,CO,81601,S,ACTIVE,
CO-S-20096,"BREAKING DADS DISTILLERS, LLC",Dry Land Distillers,519 MAIN ST,LONGMONT,CO,80501,S,ACTIVE,
CO-S-20097,"5507 DISTILLING, LLC",477 Distilling,825 NINTH ST UNIT B,GREELEY,CO,80631,S,ACTIVE,
CO-S-20099,5280 DISTILLING CORPORATION,52eighty Distilling,10488 W CENTENNIAL RD STE 900,LITTLETON,CO,80127,S,ACTIVE,
CO-S-20100,"GOLDEN GLOBAL GOODS, INC.",,4420 GLENCOE ST,DENVER,CO,80216,S,ACTIVE,
CO-S-20101,CONFLAGRATION DISTILLING CO LLC,,4840 VAN GORDON ST UNIT 800,WHEAT RIDGE,CO,80033,S,ACTIVE,
CO-S-20106,BLUE VALLEY SPIRITS LLC,,207 CENTRAL AVE,KREMMLING,CO,80459,S,ACTIVE,
CO-S-20107,MILE HIGH PIE CO.,Mile High Pie Co,3316 ADOBE CT,COLORADO SPRINGS,CO,80907,S,ACTIVE,
CO-S-20109,KURE'S CRAFT BEVERAGE CO.,,3210 N GARFIELD AVE STE D,LOVELAND,CO,80538,S,ACTIVE,
CO-S-20110,HAYKIN FAMILY DISTILLERY LLC,Haykin Family Distillery,12001 E 33RD AVE UNIT A,AURORA,CO,80010,S,ACTIVE,
CO-S-20112,"B KOCHER CONSULTING, LLC",,110 MIDLAND AVE W,WOODLAND PARK,CO,80863,S,ACTIVE,
CO-S-20113,KNOCK ON WOOD DISTILLERY LLC,,695 MILL CREEK RD,DUMONT,CO,80436,S,ACTIVE,
CO-S-20115,CITIZEN CANNERY LTD.,Citizen Canning Co.,1725 SKYWAY DR UNIT 120,LONGMONT,CO,80504,S,ACTIVE,
CO-S-20120,"ANDERS BEVERAGE COMPANY, LLC",Farm and Spirit,6340 E 58TH AVE UNIT J&I,COMMERCE CITY,CO,80022,S,ACTIVE,
CO-S-20121,ARK VALLEY DISTILLERY LLC,,502 TOWNSEND AVE,OLNEY SPRINGS,CO,81062,S,ACTIVE,
CO-S-20122,"THE SHINE SHOP & CRAFT SPIRITS ""LLC""","The Shine Shop & Craft Spirits ""LLC""",2525 10TH ST,GREELEY,CO,80634,S,ACTIVE,
CO-S-20124,"719 DISTILLING CO, LLC",719 Distilling Co,2815 E MAIN ST,CANON CITY,CO,81212,S,ACTIVE,
CO-S-20127,"BOULDER ORCHARD CIDER, LLC.",Boulder Orchard Cider,14254 N 95TH ST,LONGMONT,CO,80504,S,ACTIVE,
CO-S-20130,"SPARE KEG BREWERKS, LLC",,625 MAIN ST,ALAMOSA,CO,81101,S,ACTIVE,
CO-S-20132,HIDDEN PEAKS ENTERPRISES LLC,Hidden Peaks Spirits,3540 HIGHWAY 52 STE H20,FREDERICK,CO,80516,S,ACTIVE,
CO-S-20134,ATF DISTILLERY,,10427 TANGLEWOOD RD,FRANKTOWN,CO,80116,S,ACTIVE,
CO-S-20137,ALTONORA LLC,Altonora LLC,11603 TELLER ST UNIT F2,BROOMFIELD,CO,80020,S,ACTIVE,
CO-S-20138,"FULL METAL CANNING, LLC",Full Metal Canning,1725 NW SKYWAY DR STE 120,LONGMONT,CO,80504,S,ACTIVE,
CO-S-20139,BRODERICK & COMPANY,Uncle Tim's Cocktails,1175 S CHEROKEE ST,DENVER,CO,80223,S,ACTIVE,
CO-S-20140,LIBCO LLC,Lost Identity Beverage Company,101 AIRPARK DR B9,GYPSUM,CO,81637,S,ACTIVE,
CO-S-20141,DIRTY DILL LLC,Dirty Dill,5650 WASHINGTON ST UNIT C-1&2,DENVER,CO,80216,S,ACTIVE,
CO-S-20142,STEM CIDERS PUBLIC ROAD LLC,Ghostbox Pizza,103 S PUBLIC RD,LAFAYETTE,CO,80026,S,ACTIVE,
CO-S-20143,"CLARK & CO.'S BRANDY SHACK, LLC",Clark & Co.'s Brandy Shack,3926 HIGHWAY 6 AND 24,PALISADE,CO,81526,S,ACTIVE,
CO-S-20144,MONSTER BREWING COMPANY LLC,,1800 PIKE RD,LONGMONT,CO,80501,S,ACTIVE,
CO-S-20145,QUANTUM J'S CANNING LLC,Quantum J's Canning,3540 HIGHWAY 52 HWY STE A2,FREDERICK,CO,80516,S,ACTIVE,
CO-S-20146,RICKHOUSE SPIRITS COMPANY LLC,,300 2ND AVE UNIT 5-6,LONGMONT,CO,80501,S,ACTIVE,
CO-S-20147,"EQUAL PARTS, LLC",Good Liquorworks,3455 RINGSBY CT STE 94,DENVER,CO,80216,S,ACTIVE,
CO-S-20148,LAURASQUARED LLC,moxYcello,9719 COAL MINE AVE UNIT E,LITTLETON,CO,80123,S,ACTIVE,
CO-S-20149,TFS CUSTOMS LLC,Simple Victory,8200 E PACIFIC PL UNIT 207,DENVER,CO,80231,S,ACTIVE,
CO-S-20150,"FTD ESTES PARK, LLC",Full Throttle Distillery & Grill Estes Park,231 MORAINE AVE,ESTES PARK,CO,80517,S,ACTIVE,
CO-S-20151,GROVE STREET ALCHEMY LLC,Grove Street Alchemy,1115 COLORADO AVE STE C,LONGMONT,CO,80501,S,ACTIVE,
CO-S-20154,"MONTANYA DISTILLERS, LLC",,18668 B 50 RD UNIT A6,DELTA,CO,81416,S,ACTIVE,
CO-S-20155,EAGLE RIVER DISTILLING LLC,Minturn Whisky Co.,23698 US-24 HWY UNIT E1,MINTURN,CO,81645,S,ACTIVE,
CO-S-20156,"4 NOSES BREWING COMPANY, LLC",,2760 INDUSTRIAL LN,BROOMFIELD,CO,80020,S,ACTIVE,
CO-S-20157,ANTHRACITE SPIRITS LLC,Anthracite Spirits Company,244 BUCKLEY DR UNIT 4,CRESTED BUTTE,CO,81224,S,ACTIVE,
CO-S-20159,"HIGH COUNTRY KOMBUCHA, INC.",Rocky Mountain Cultures,770 LINDBERGH DR UNIT 803,GYPSUM,CO,81637,S,ACTIVE,
CO-S-20161,SOUTH PARK DISTILLING LLC,,1271 CASTELLO AVE UNIT C,FAIRPLAY,CO,80440,S,ACTIVE,
CO-S-20163,AZALEA & APPEL LLC,Ridge River,9217 EASTMAN PARK UNIT 3 C,WINDSOR,CO,80550,S,ACTIVE,
CO-S-20164,"SLEEPING GIANT BREWING COMPANY, LLC",Sleeping Giant,2500 W 5TH AVE,DENVER,CO,80204,S,ACTIVE,
CO-S-20166,DOUBLE DIAMOND DISTILLERY LLC,Breckenridge Distillery,11400 E 51ST AVE,DENVER,CO,80239,S,ACTIVE,
CO-S-20167,GNEBRIATED GNOME DISTILLING LLC,Gnebriated Gnome Distilling,"1708 E LINCOLN AVE UNIT 1, 2, 3",FORT COLLINS,CO,80524,S,ACTIVE,
CO-S-20168,"OACIS DISTILLING, LLC",OACIS Distilling,546 8TH ST SE UNIT C-9,LOVELAND,CO,80537,S,ACTIVE,
CO-S-20169,"ALL WAYS DISTILLING, LLC",,1215 W HIGHWAY 50,LA JUNTA,CO,81050,S,ACTIVE,
CO-S-20170,"H&H, LLC",,1689 SKYWAY DR UNIT 3,LONGMONT,CO,80504,S,ACTIVE,
CO-S-20172,MOUNTAIN CASUAL DISTILLERY LLC,Hoot & Howl Spirits,3296 S ACOMA ST,ENGLEWOOD,CO,80110,S,ACTIVE,
CO-S-20173,BRODERICK & COMPANY,Broderick & Company,1080 S GAYLORD ST,DENVER,CO,80209,S,ACTIVE,
CO-S-20174,"CHAE ORGANICS, LLC",,23300 US HIGHWAY 160,WALSENBURG,CO,81089,S,ACTIVE,
CO-S-20175,"METHOD & MUSE SPIRITS, LLC",Method & Muse,16194 W 45TH DR UNIT B138,GOLDEN,CO,80403,S,ACTIVE,
CO-S-20176,"CONFLUENCE SPIRITS, INC.",The Curated Barrel Project,5525 W 56TH AVE STE 400,ARVADA,CO,80002,S,ACTIVE,
CO-S-20177,MOUNTAIN CASUAL DISTILLERY LLC,Hoot & Howl Spirits,410 VIOLET ST,GOLDEN,CO,80401,S,ACTIVE,
CO-S-20178,"ART OF THE SPIRITS WHISKEY, LLC",,3372 ADOBE CT STE 110,COLORADO SPRINGS,CO,80907,S,ACTIVE,
CO-S-20180,COLO DISTILLERY LLC,Doc Jaks,623 N DENVER AVE,LOVELAND,CO,80537,S,ACTIVE,
CO-S-20182,SOULLESS WHOLESALE & BLENDING LLC,Soulless Blenders,26055 COLUMBINE TRAIL LGPK6,KITTREDGE,CO,80457,S,ACTIVE,
CO-S-20183,ANCESTORS DISTILLING LIMITED,,22174 HIGHWAY 550,MONTROSE,CO,81401,S,ACTIVE,
CO-S-20184,STREGA ENTERPRISES LLC,La Famiglia Liqueur,5380 TENNYSON ST STE C,DENVER,CO,80212,S,ACTIVE,
CO-S-20186,BALLMER PEAK SPIRITS COMPANY LLC,Ballmer Peak Distillery,275 S SHERIDAN BLVD UNIT 100,LAKEWOOD,CO,80226,S,ACTIVE,
CO-S-20187,"MAISENBERGER PROPERTIES, LLC",Games and Grains,3575 G RD,PALISADE,CO,81526,S,ACTIVE,
CO-S-20188,SEARCHLIGHT BEVERAGE MANAGEMENT LLC,,680 ATCHISON WAY STE 700/800,CASTLE ROCK,CO,80109,S,ACTIVE,
CO-S-20192,"COMMON PRESS, LLC",Stillbound,386 HIGH ST,HOTCHKISS,CO,81419,S,ACTIVE,
CO-S-20193,"BRENNTAG PACIFIC, LLC",,4631 W 58TH AVE,ARVADA,CO,80002,S,ACTIVE,
CO-S-20194,DIRTY DILL LLC,Dirty Dill,2565 W 8TH AVE,DENVER,CO,80204,S,ACTIVE,
CO-S-20195,"BLUE RUN INVESTING, LLC",Sun Mountain Provisions,10 BUFFALO CT UNIT 2,DIVIDE,CO,80814,S,ACTIVE,
CO-S-20196,KMG SPIRITS LLC,Batch House Distillery,4200 MILWAUKEE ST STE A & B,DENVER,CO,80216,S,ACTIVE,
CO-S-20197,LOST SPIRITS DISTILLERY INC,,30550 ROAD H,CORTEZ,CO,81321,S,ACTIVE,
CT-S-11,"WESTFORD HILL DISTILLERS, LLC",,196 CHATEY RD,ASHFORD,CT,06278,S,ACTIVE,
CT-S-12,"CONNECTICUT VALLEY DISTILLERS, LLC",,148 FOREST ST,MANCHESTER,CT,06040,S,ACTIVE,
CT-S-15000,"DIAGEO AMERICAS SUPPLY, INC.",,200 ELM ST,STAMFORD,CT,06902,S,ACTIVE,
CT-S-15002,ELM CITY DISTILLERY LLC,,53 CAPITAL DR,WALLINGFORD,CT,06492,S,ACTIVE,
CT-S-15005,"CONNECTICUT VALLEY DISTILLERY, LLC",,7 INDUSTRIAL DR STE 9,ELLINGTON,CT,06029,S,ACTIVE,
CT-S-20001,"APPSTRAWBRANDIES DISTILLERY, LLC",Branford Distillery,11 SYCAMORE WAY STE 105,BRANFORD,CT,06405,S,ACTIVE,
CT-S-20003,"HICKORY LEDGES FARM, LLC",Hickory Ledges Farm,183 BAHRE CORNER RD,CANTON,CT,06019,S,ACTIVE,
CT-S-20005,POLLY & JOAN'S CORDIAL CO. LLC,,89 NORTH PLAINS INDUSTRIAL RD UNIT 27,WALLINGFORD,CT,06492,S,ACTIVE,
CT-S-20008,DB DISTILLING LLC,Waypoint Spirits,410 WOODLAND AVE BLDG C&D,BLOOMFIELD,CT,06002,S,ACTIVE,
CT-S-20011,POWDERMEN SPIRITS COMPANY LLC,,625 DAY HILL RD,WINDSOR,CT,06095,S,ACTIVE,
CT-S-20019,"OLIVER MICHAEL, LLC",Little Meadow Farm,313 REDDING RD,REDDING,CT,06896,S,ACTIVE,
CT-S-20020,TWO ROADS BREWING COMPANY LLC,Two Roads Distilling Company,1700 STRATFORD AVE,STRATFORD,CT,06615,S,ACTIVE,
CT-S-20021,M SQUARED CONSULTING LLC,Twisted Bridge Distilling,800 FLANDERS RD BLDG 12 UNIT 2,MYSTIC,CT,06355,S,ACTIVE,
CT-S-20025,MIHALIAK LUCAS R,Lightning Luke Distillery,234 JARED SPARKS RD,WILLINGTON,CT,06279,S,ACTIVE,
CT-S-20026,MARJOR LLC,,20-28 SARGEANT ST STE 312 A/B,HARTFORD,CT,06105,S,ACTIVE,
CT-S-20027,CONNECTICUT VALLEY BREWING COMPANY LLC,CONNECTICUT VALLEY BREWING COMPANY,765 SULLIVAN AVE,SOUTH WINDSOR,CT,06074,S,ACTIVE,
CT-S-20028,NEW PARK BREWING LLC,New Park Brewing,485 NEW PARK AVE STE D & E,WEST HARTFORD,CT,06110,S,ACTIVE,
CT-S-20029,"SUNSHINE FARM PROPERTIES, LLC",Sunshine Farm Distillery,101 NORTH PLAINS INDUSTRIAL RD BLDG 3,WALLINGFORD,CT,06492,S,ACTIVE,
CT-S-20031,K-BEST USA TRADING INC,WFC Vineyard at Franklin,933 ROUTE 32,NORTH FRANKLIN,CT,06254,S,ACTIVE,
CT-S-20032,ROGERS ORCHARDS CIDERY LLC,Long View Ciderhouse,341 MINE HOLLOW RD,SOUTHINGTON,CT,06489,S,ACTIVE,
CT-S-20034,FIRST CUT BARREL CO LLC,First Cut Barrel Co,375 FAIRFIELD AVE UNIT 13-1A,STAMFORD,CT,06902,S,ACTIVE,
CT-S-20035,DEEP RIVER DISTILLERS LLC,,39 MAIN ST,DEEP RIVER,CT,06417,S,ACTIVE,
CT-S-20037,"STONY CREEK BREWERY, LLC",Stony Creek Brewery,5 INDIAN NECK AVE,BRANFORD,CT,06405,S,ACTIVE,
CT-S-20039,NINETEEN 70 SOMETHING BARREL COMPANY LLC,,"35 STEVENS , FIRST FLOOR ST BLDG 14",WATERBURY,CT,06704,S,ACTIVE,
CT-S-20042,"BAD SONS BEER CO., LLC",Bad Sons Beer Company,251 ROOSEVELT DR,DERBY,CT,06418,S,ACTIVE,
CT-S-20043,"BLACK HOG BREWING, LLC",Black Hog Brewing,115 HURLEY RD UNIT A-D,OXFORD,CT,06478,S,ACTIVE,
CT-S-20044,"HALF FULL BREWERY, INC.",,43 HOMESTEAD AVE,STAMFORD,CT,06902,S,ACTIVE,
CT-S-20045,"THOMAS HOOKER BREWING COMPANY, LLC",Thomas Hooker Brewing Company,16 TOBEY RD,BLOOMFIELD,CT,06002,S,ACTIVE,
DC-S-20001,THINK ITALIAN LLC,Don Ciccio & Figli,1907 FAIRVIEW AVE NE,WASHINGTON,DC,20002,S,ACTIVE,
DC-S-20003,"JOS. A. MAGNUS & CO., LLC",,"2052 WEST VIRGINIA AVE, NE STE 202",WASHINGTON,DC,20002,S,ACTIVE,
DC-S-20009,POTOMAC DISTILLING LIMITED LIABILITY COMPANY,,1130 MAINE AVENUE SW AVE SW,WASHINGTON,DC,20024,S,ACTIVE,
DC-S-20011,"ZJ LIQUORS, LLC",Stray Oak Spirits,6031 KANSAS AVE NW STE 203,WASHINGTON,DC,20011,S,ACTIVE,
DC-S-20013,VBR BREWING CORPORATION,Red Bear Brewing Company,209 M ST NE,WASHINGTON,DC,20002,S,ACTIVE,
DC-S-20014,"WASHINGTON AREA GENERAL SPIRITS COMPANY, LLC",Bo & Ivy Distillers,2052 WEST VIRGINIA AVE NE STE 202,WASHINGTON,DC,20002,S,ACTIVE,
DC-S-20015,"LUXCO, INC.",Green Hat Distillery,1832 FENWICK ST NE,WASHINGTON,DC,20002,S,ACTIVE,
DC-S-20016,"REPUBLIC RESTORATIVES, INC.",,1369 NEW YORK AVE NE,WASHINGTON,DC,20002,S,ACTIVE,
DC-S-20017,BASQUE BAR LLC,Brightwood Pizza & Bottle,711 KENNEDY ST NW,WASHINGTON,DC,20011,S,ACTIVE,
DC-S-20018,CITY-STATE BREWING CO LLC,CITY-STATE,705 EDGEWOOD ST NE STE 2,WASHINGTON,DC,20017,S,ACTIVE,
DC-S-20019,LETENA ETHIOPIAN RESTAURANT LLC,Letena Ethiopian Restaurant,14TH STREET AND IRVING STREET,WASHINGTON,DC,20010,S,ACTIVE,
DE-S-20001,DDC LLC,Delaware Distilling Company,18693 COASTAL HIGHWAY,REHOBOTH BEACH,DE,19971,S,ACTIVE,
DE-S-20006,EASYSPEAK LLC,Easyspeak,586 MILFORD HARRINGTON HWY UNIT A,MILFORD,DE,19963,S,ACTIVE,
DE-S-20007,"DIAMANTE DISTILLERS, INC.",Diamante Distillers,800 JULIAN LN UNIT 880,BEAR,DE,19701,S,ACTIVE,
DE-S-20011,FEEBS DISTILLING COMPANY,,733 MCCOLLEY ST,MILFORD,DE,19963,S,ACTIVE,
DE-S-20014,AMERICAN CRAFT BREWERY LLC,Dogfish Head Brewings & Eats,320 REHOBOTH AVE,REHOBOTH BEACH,DE,19971,S,ACTIVE,
DE-S-20015,AMERICAN CRAFT BREWERY LLC,Dogfish Head Distilling Co,6 CANNERY VILLAGE CTR,MILTON,DE,11968,S,ACTIVE,
FL-S-15000,RELEVE INDUSTRIES INC.,,515 E OBISPO AVE,CLEWISTON,FL,33440,S,ACTIVE,
FL-S-15003,"SANTIAGO MASTERBLENDERS, LLC",,27200 NW 130TH BLVD,OKEECHOBEE,FL,34972,S,ACTIVE,
FL-S-15004,"BEVERAGE RESOURCES, LLC",,4100 FRONTAGE RD STE 109,LAKELAND,FL,33815,S,ACTIVE,
FL-S-15009,"FLORIDIAN LIQUID ASSETS, LLC",TROPICAL LIQUERS OF FLORIDA,902 CARTER RD BLDG #240,WINTER GARDEN,FL,34787,S,ACTIVE,
FL-S-15010,MICHAN CORPORATION,FLORIDA FARM DISTILLERS,23100 SE HIGHWAY 42,UMATILLA,FL,32784,S,ACTIVE,
FL-S-15011,"DRUM CIRCLE DISTILLING, LLC",,2212 INDUSTRIAL BLVD,SARASOTA,FL,34234,S,ACTIVE,
FL-S-15021,"DESTILERIA CANECA, LLC",MIAMI CLUB RUM,7401 NW MIAMI PL,MIAMI,FL,33150,S,ACTIVE,
FL-S-15022,"SHOTPAQ, LLC",,1712 NORTHGATE BLVD,SARASOTA,FL,34234,S,ACTIVE,
FL-S-15023,"FISH HAWK SPIRITS, LLC",,16350 SW 20TH LN,OCALA,FL,34481,S,ACTIVE,
FL-S-15024,ALCHEMIST DISTILLERIES INC,,6468 NW 77TH CT,MIAMI,FL,33166,S,ACTIVE,
FL-S-17,BACARDI BOTTLING CORPORATION,,12200 N MAIN ST,JACKSONVILLE,FL,32218,S,ACTIVE,
FL-S-20001,CAPE SPIRITS INC.,,131 SW 3RD PL SW,CAPE CORAL,FL,33991,S,ACTIVE,
FL-S-20007,VL AMERICAN REPUBLIC'S LLC,,6520 W 20TH AVE UNIT 5-6,HIALEAH,FL,33016,S,ACTIVE,
FL-S-20010,"FRIO DISTRIBUTORS, INC.",Ice Pop Factory,1406 MERCANTILE CT,PLANT CITY,FL,33563,S,ACTIVE,
FL-S-20011,"PEADEN BROTHERS DISTILLERY OF FLORIDA, LLC",,382 MAIN ST,CRESTVIEW,FL,32536,S,ACTIVE,
FL-S-20012,"CHEF DISTILLED, LLC",,105 SIMONTON ST,KEY WEST,FL,33040,S,ACTIVE,
FL-S-20013,"ADAMS AND LEE DISTILLERS, INC.",,1406 MAX DR,TALLAHASSEE,FL,32303,S,ACTIVE,
FL-S-20017,CHAPLE DISTILLERY LLC,,16597 SW 117 AVE BLDG A UNIT 12,MIAMI,FL,33177,S,ACTIVE,
FL-S-20020,"C & C BULK LIQUID TRANSFER, INC.",,11005 BLASIUS RD,JACKSONVILLE,FL,32226,S,ACTIVE,
FL-S-20021,LUCCO LLC,,563 SAWGRASS CORPORATE PKWY,SUNRISE,FL,33325,S,ACTIVE,
FL-S-20026,"TIMBER CREEK DISTILLING, LLC.",Timber Creek Distilling,6451 LAKE ELLA RD,CRESTVIEW,FL,32539,S,ACTIVE,
FL-S-20028,SOUTHERN LATITUDE DISTILLING LLC,FLORIDA SPIRITS,6131 ANDERSON RD UNIT K,TAMPA,FL,33634,S,ACTIVE,
FL-S-20029,"FREQUENCY SPIRITS, LLC",,11210 PHILLIPS INDUSTRIAL BLVD STE 6 & 7,JACKSONVILLE,FL,32256,S,ACTIVE,
FL-S-20030,"KOZUBA & SONS DISTILLERY, INC.",,8950 66TH CT BLDG,PINELLAS PARK,FL,33781,S,ACTIVE,
FL-S-20031,"THE FLORIDA CANE DISTILLERY, INC.",,1820 N 15TH ST ROOM 1 & 2,TAMPA,FL,33605,S,ACTIVE,
FL-S-20032,COASTAL BAY BEVERAGE COMPANY LLC,,4565 NW 9TH AVE,OAKLAND PARK,FL,33309,S,ACTIVE,
FL-S-20034,"COPPERHEADS SOUTHERN DISTILLERY,INC",Copperheads Southern Distillery,23263 ALLMAN RD,BROOKSVILLE,FL,34601,S,ACTIVE,
FL-S-20036,VOSS ENTERPRISES LLC,Alligator Bay Distillers,25522 E MARION AVE,PUNTA GORDA,FL,33950,S,ACTIVE,
FL-S-20037,LIST DISTILLERY LLC,,3680 E EVANS AVE STE A AND B,FORT MYERS,FL,33901,S,ACTIVE,
FL-S-20038,"GOOD OLE FRIENDS, LLC",,11960 67TH WAY UNIT B,LARGO,FL,33773,S,ACTIVE,
FL-S-20046,"TAMPA BAY RUM COMPANY, LLC",,2102 E 4TH AVE,TAMPA,FL,33605,S,ACTIVE,
FL-S-20047,"GRINDSTONE DISTILLERY, LLC",Gulf Stream Distillery,1101 NE 13 ST UNIT 4,FORT LAUDERDALE,FL,33304,S,ACTIVE,
FL-S-20048,BLACKWATER SPIRITS INC.,Scratch Ankle Distillery,5930 COMMERCE RD,MILTON,FL,32583,S,ACTIVE,
FL-S-20049,YAPPY DOG LLC,Yappy Dog Distillery,6839 NARCOOSSEE RD UNIT 26,ORLANDO,FL,32822,S,ACTIVE,
FL-S-20050,"BURLOCK & BARREL DISTILLERS OF FLORIDA, LLC",Burlock & Barrel Distillers of Florida,417 MAGNOLIA ST,JACKSONVILLE,FL,32204,S,ACTIVE,
FL-S-20054,"JACKSONTUCKY DISTILLERY, INC.",The Jacksontucky,1100 SHETTER AVE UNIT 105,JACKSONVILLE BEACH,FL,32250,S,ACTIVE,
FL-S-20056,MILLAN MULTISERVICE & LIQUOR INC.,MILLAN DISTILLERY,2590 27TH AVE NE,NAPLES,FL,34120,S,ACTIVE,
FL-S-20058,"HEMINGWAY RUM COMPANY, LLC",Papa's Pilar Rum,201 SIMONTON ST,KEY WEST,FL,33040,S,ACTIVE,
FL-S-20064,"HONEY LANE DISTILLERY, INC",,5175 INTERNATIONAL AVE,MIMS,FL,32754,S,ACTIVE,
FL-S-20066,BLUE DRAGON SPIRITS LLC,,BLDG 1,GREEN COVE SPRINGS,FL,32043,S,ACTIVE,
FL-S-20067,SPACE COAST DISTILLERY LLC,Space Coast Distillery,1660 ALPHA DR UNIT A,MELBOURNE,FL,32935,S,ACTIVE,
FL-S-20068,JAMES TWO BROTHERS DISTILLERS LLC,,3458 SW 74TH AVE UNIT 3,OCALA,FL,34474,S,ACTIVE,
FL-S-20072,"QUILA MARIA'S TEQUILA RIA, LLC",,10257 WINDHORST RD,TAMPA,FL,33619,S,ACTIVE,
FL-S-20073,"OCEANSIDE DISTILLERY, L.L.C.",Oceanside Distillery,240 W CENTRAL BLVD,CAPE CANAVERAL,FL,32920,S,ACTIVE,
FL-S-20075,FORGOTTEN CITY BOTTLING INC,,56 S DIXIE HWY UNIT 06,ST AUGUSTINE,FL,32084,S,ACTIVE,
FL-S-20080,REVENGE RUM LLC,,415 SOUTHERN BLVD,WEST PALM BEACH,FL,33405,S,ACTIVE,
FL-S-20081,"SUN COAST LOADED CANNON DISTILLED SPIRITS, LLC",,3115 LAKEWOOD RANCH BLVD STE 110,BRADENTON,FL,34211,S,ACTIVE,
FL-S-20084,AMERICAN CRAFT DISTILLERY CORPORATION,,233 S FLORIDA AVE,DELAND,FL,32720,S,ACTIVE,
FL-S-20085,BUZZ POP COCKTAILS CORPORATION,,1406 MERCANTILE CT,PLANT CITY,FL,33563,S,ACTIVE,
FL-S-20088,"MANGROVE DISTILLERY, LLC",Mangrove Distillery,38 NW CAROLINA ST,WEST MELBOURNE,FL,32904,S,ACTIVE,
FL-S-20093,BLACK BEARD DISTILLERY LLC,VENICE CRAFT DISTILLERY,617 CYPRESS AVE UNIT B,VENICE,FL,34285,S,ACTIVE,
FL-S-20094,OLOGY BREWING COMPANY LLC,Ology Distilling Co.,2708 POWERMILL CT UNIT E,TALLAHASSEE,FL,32301,S,ACTIVE,
FL-S-20096,COMMERCE BREWING LLC,,521 S COMMERCE DR,LARGO,FL,33770,S,ACTIVE,
FL-S-20098,BIG STORM PINELLAS LLC,Big Storm Brewing Co.,12707 49TH ST N STE 500,CLEARWATER,FL,33762,S,ACTIVE,
FL-S-20103,ANCLOTE DISTILLING CO.,Tarpon Springs Craft Distillery,321 N SAFFORD AVE,TARPON SPRINGS,FL,34689,S,ACTIVE,
FL-S-20104,PREEZ DISTILLERY LLC,Preez Distillery LLC,10550 72ND ST STE 503,LARGO,FL,33777,S,ACTIVE,
FL-S-20106,"AL-RITE FRUITS AND SYRUPS, INC.",AL-RITE,18524 NE 2ND AVE,MIAMI,FL,33179,S,ACTIVE,
FL-S-20107,"CERBERUS CRAFT DISTILLERY, LLC",Cerberus Craft Distillery,6091 JOHNS RD STE 8-B,TAMPA,FL,33615,S,ACTIVE,
FL-S-20111,"DEVIL'S ISLE DISTILLERY, LLC","Devil's Isle Distillery, LLC",9211 COCKLESHELL CT UNIT 9,BONITA SPRINGS,FL,34135,S,ACTIVE,
FL-S-20113,KEYS' MEADS LLC,,99411 N OVERSEAS HWY UNIT 6,KEY LARGO,FL,33037,S,ACTIVE,
FL-S-20115,"ST. AUGUSTINE DISTILLERY COMPANY, LLC",St. Augustine Distillery Company,112 RIBERIA ST,ST. AUGUSTINE,FL,32084,S,ACTIVE,
FL-S-20116,JC'S CATERING SERVICES LLC,JC's Kremas,1951 NW 141 ST UNIT 38,OPA LOCKA,FL,33054,S,ACTIVE,
FL-S-20118,VIERU BEVERAGE LLC,,5675 NEW TAMPA HWY STE 7,LAKELAND,FL,33815,S,ACTIVE,
FL-S-20119,"TAMPA BAY RUM COMPANY, LLC",,10430 66TH STREET NORTH UNIT 6,PINELLAS PARK,FL,33782,S,ACTIVE,
FL-S-20120,"3 DAUGHTERS BREWING, LLC",3 Daughters Brewing,222 22ND ST S,ST. PETERSBURG,FL,33712,S,ACTIVE,
FL-S-20121,"CROW SUMMIT DISTILLERY, LLC",Crow Summit Distillery,13080 BELCHER RD S STE G,LARGO,FL,33773,S,ACTIVE,
FL-S-20124,ISLAMORADA DISTILLING LLC,ISLAMORADA BEVERAGES,3250 ST. LUCIE BLVD,FORT PIERCE,FL,34946,S,ACTIVE,
FL-S-20125,ISLAMORADA DISTILLING LLC,ISLAMORADA BEVERAGES,82229 OVERSEAS HWY UNIT 3,ISLAMORADA,FL,33036,S,ACTIVE,
FL-S-20126,BREW BUS BREWING INC.,Florida Avenue Brewing Co.,2029 ARROWGRASS DR,WESLEY CHAPEL,FL,33544,S,ACTIVE,
FL-S-20127,MONSTER BREWING COMPANY LLC,,3924 W SPRUCE ST,TAMPA,FL,33607,S,ACTIVE,
FL-S-20128,THE LITTLE RIVER COMPANY LLC,The Little River Co,73 NW 71 ST,MIAMI,FL,33150,S,ACTIVE,
FL-S-20129,"ARTIFACT SPIRITS, LLC",Forward/Slash,650 S CAPEN AVE,WINTER PARK,FL,32789,S,ACTIVE,
FL-S-20130,SUGAR SAND DISTILLERY LLC,Sugar Sand Distillery,301 CIRCLE PARK DR STE 3011,SEBRING,FL,33870,S,ACTIVE,
FL-S-20132,"MIA BREWING CO, INC.",MIA Brewing Co,10400 NW 33RD ST STE 150,DORAL,FL,33172,S,ACTIVE,
FL-S-20134,"GL DISTILLERY LWR, LLC",Good Liquid Distillery,1561 LAKEFRONT DR STE 102 &103,SARASOTA,FL,34240,S,ACTIVE,
FL-S-20135,SOUND OF COFFEE CORP.,Sound of Spirits - Distillery,278 TALLEYRAND AVE,JACKSONVILLE,FL,32202,S,ACTIVE,
FL-S-20136,GNARBUCHA INC.,Gnarbucha,1257 MAYPORT RD,ATLANTIC BEACH,FL,32233,S,ACTIVE,
FL-S-20138,DOM PARTNERS LLC,Infinite Distilling Co,304 S MAGNOLIA AVE,OCALA,FL,34471,S,ACTIVE,
FL-S-20141,"DUNAMIS PREMIUM SPIRITS, LLC.",,3885 CORREIA DR,ZEPHYRHILLS,FL,33542,S,ACTIVE,
FL-S-20144,PROOF BREWING CO.,Curiosa Cocktails,1320 S MONROE ST,TALLAHASSEE,FL,32301,S,ACTIVE,
FL-S-20145,"DEVIANT LIBATION, LLC",Deviant Libation,3800 N NEBRASKA AVE,TAMPA,FL,33603,S,ACTIVE,
FL-S-20146,"THE PAPAGALO COMPANY, LLC",SAILBIRD DISTILLING,228 W KING ST STE A,ST. AUGUSTINE,FL,32084,S,ACTIVE,
FL-S-20147,OLOGY BREWING COMPANY LLC,,6401 N FLORIDA AVE,TAMPA,FL,33604,S,ACTIVE,
FL-S-20150,3 HORSES DISTILLERY LLC,3H Distillery,2230 LOST PINE TRL BLDG 2,BROOKSVILLE,FL,34604,S,ACTIVE,
FL-S-20152,"BEAT CULTURE BREWING COMPANY, LLC",Beat Culture,7250 NW 11TH ST,MIAMI,FL,33126,S,ACTIVE,
FL-S-20153,ROCKPIT BREWING LLC,RockPit Brewing,10 W ILLIANA ST,ORLANDO,FL,32806,S,ACTIVE,
FL-S-20155,UNBRANDED BREWING COMPANY,Unbranded Brewing Company,1395 E 11TH AVE,HIALEAH,FL,33010,S,ACTIVE,
FL-S-20156,PALM & PINE FARM DISTILLERY LLC,,2855 NE COUNTY ROAD 340,HIGH SPRINGS,FL,32543,S,ACTIVE,
FL-S-20158,CALAVERA BEVERAGE INC.,Calavera Beverage,274 SERENOA RD STE 1A,SANTA ROSA BEACH,FL,32459,S,ACTIVE,
FL-S-20160,"PASSTUR, INC.",,4100 N POWERLINE RD STE H-5,POMPANO BEACH,FL,33073,S,ACTIVE,
FL-S-20161,MARKER 48 BREWING LLC,Marker 48 Brewing,12147 CORTEZ BLVD,BROOKSVILLE,FL,34613,S,ACTIVE,
FL-S-20162,JEKYLL BREWING JAX BEACH LLC,,131 1ST AVE N UNIT 101,JACKSONVILLE BEACH,FL,32250,S,ACTIVE,
FL-S-20163,REVE BREWING LLC,Mayport Garden Club,1261 MAYPORT RD,ATLANTIC BEACH,FL,32233,S,ACTIVE,
FL-S-20166,WINE STREAM INC,LIQUOR STREAM,1915 W CHERRY ST,TAMPA,FL,33607,S,ACTIVE,
FL-S-20167,MILKWEED SPIRITS LLC,Big Jerk Black Label,257 AMBER ST UNIT J,PENSACOLA,FL,32503,S,ACTIVE,
FL-S-20168,GOLD CREST DIST CORP,,1150 JETPORT DR,ORLANDO,FL,32809,S,ACTIVE,
FL-S-20169,"BROKEN PLANK RUM, LLC",,239 FIELD END ST,SARASOTA,FL,34240,S,ACTIVE,
FL-S-20170,SAVEURS LAKAY LLC,,13438 NW 38TH CT,OPA-LOCKA,FL,33025,S,ACTIVE,
FL-S-20171,"PASSION JUICE BAR, LLC",Muscle Craft Distillery,4745 SE DESOTO AVE,STUART,FL,34997,S,ACTIVE,
FL-S-20174,THE LAGUNITAS BREWING COMPANY,CERVECERIA LA TROPICAL,42 NE 25TH ST,MIAMI,FL,33137,S,ACTIVE,
FL-S-20175,ISLAMORADA DISTILLING LLC,CROOKED PALM CABANA,90184 OVERSEAS HWY UNIT 100,TAVERNIER,FL,33070,S,ACTIVE,
FL-S-20176,MAGIC 13 BREWING COMPANY LLC,Magic 13 Brewing Co.,340 NE 61ST ST,MIAMI,FL,33137,S,ACTIVE,
FL-S-20177,INNOVATIONS BY SUNSET LLC,,10550 72ND ST N STE 503,LARGO,FL,33765,S,ACTIVE,
FL-S-20178,ALBERY ESTATE LLC,NewBreed Distillery,602 N G ST UNIT 602D,LAKE WORTH,FL,33460,S,ACTIVE,
FL-S-20179,DW ERMONTS LLC,,8260 NW SOUTH RIVER DR,MEDLEY,FL,33166,S,ACTIVE,
FL-S-20180,CHUBBIES ON THE BEACH INC,CHUBBIES ON THE BEACH,700 S PIER PARK DR STE 170,PANAMA CITY,FL,32413,S,ACTIVE,
FL-S-20181,"GOOD LIQUID BREWING COMPANY PARRISH, LLC",,8980 US 301 HWY N UNIT 138,PARRISH,FL,34219,S,ACTIVE,
FL-S-20184,"MAW'S MOUNTAIN MOONSHINE, LLC",Maw's Mountain Moonshine,5770 W IRLO BRONSON MEMORIAL HWY STE 400,KISSIMMEE,FL,34746,S,ACTIVE,
FL-S-20187,THE GOOD LIQUID BREWING COMPANY LLC,,1570 LAKEFRONT DR BLDG 101,LAKE WOOD RANCH,FL,34240,S,ACTIVE,
FL-S-20188,CIVIL SOCIETY DISTILLING CO.,Civil Society Distilling Co.,1200 TOWN CENTER DR STE 101,JUPITER,FL,33458,S,ACTIVE,
FL-S-20189,THE GOOD LIQUID BREWING COMPANY LLC,,2011 51ST AVE E UNIT 100,PALMETTO,FL,34221,S,ACTIVE,
FL-S-20190,MANOR HOUSE DISTILLERY LLC,Grove & Grain Distillery,33150 PUCKETT ST,DADE CITY,FL,33352,S,ACTIVE,
FL-S-20191,DOM PARTNERS LLC,Infinite Ale Works,235 NE WATULA AVE,OCALA,FL,34470,S,ACTIVE,
FL-S-20192,INVASIVE SPECIES BREWING LLC,Invasive Species,726 NE 2ND AVE,FORT LAUDERDALE,FL,33304,S,ACTIVE,
FL-S-20195,GYTE RYTE ENTERTAINMENT LLC,GYTE RYTE DISTILLERY,6043 DEACON RD UNIT 16,SARASOTA,FL,34238,S,ACTIVE,
FL-S-20196,MASTRY'S BREWING CO. LLC,MASTRY'S BREWING CO.,7701 BLIND PASS RD,ST PETE BEACH,FL,33706,S,ACTIVE,
FL-S-20198,"SUN SOAKED SPIRITS, LLC",PRELUDE DISTILLING CO.,8891 -8893 AND 8895 SW 129 ST,MIAMI,FL,33176,S,ACTIVE,
FL-S-20200,CHANNELSIDE BREWING COMPANY LLC,Channelside Brewing Company,802 N 12TH ST STE C,TAMPA,FL,33602,S,ACTIVE,
FL-S-20201,"BEVERAGES FOR FRIENDS, LLC",Playalinda Brewing Company,5220 S WASHINGTON AVE,TITUSVILLE,FL,32780,S,ACTIVE,
FL-S-20202,WATER TOWER DISTILLERY CO,water tower distillery,19544 MANECKE RD UNIT 2,BROOKSVILL,FL,34601,S,ACTIVE,
FL-S-20204,DOWNS BREWING LLC,Suncreek Brewery,790 W MINNEOLA AVE,CLERMONT,FL,34711,S,ACTIVE,
FL-S-20205,CRAFTQUILA INC.,CRAFTQUILA,3780 BURNS RD STE 3,PALM BEACH GARDENS,FL,33410,S,ACTIVE,
FL-S-20207,"WATERCRAFT BREWING AND DISTILLING, LLC.",Watercraft Brewing and Distilling,17 AVENUE D,APALACHICOLA,FL,32320,S,ACTIVE,
FL-S-20209,"SOUTHERN FIELDS BREWING, LLC",Southern Fields Brewing,2328 HWY 2,CAMPBELLTON,FL,32426,S,ACTIVE,
FL-S-20210,"SOUTHERN SKY SPIRITS, LLC",Southern Sky Spirits,279 PEADEN BRIDGE RD,BAKER,FL,32531,S,ACTIVE,
FL-S-20212,COVE BREWERY LLC,Cove Brewery,1500 SE 3RD CT STE 100,DEERFIELD BEACH,FL,33441,S,ACTIVE,
FL-S-20213,CIVIL SOCIETY BREWING CO.,Civil Society Distilling,425 KANUGA DR,WEST PALM BEACH,FL,33401,S,ACTIVE,
FL-S-20214,"THE PAPAGALO COMPANY, LLC",Sailbird Distilling,35 SAN MARCO AVE STE A,SAINT AUGUSTINE,FL,32084,S,ACTIVE,
FL-S-20215,ST PETE BREW LLC,St Pete Brewing & Distilling Co,538 FIRST AVE N,ST PETERSBURG,FL,33701,S,ACTIVE,
FL-S-20216,PEE-PA'S GARAGE CRAFT BREWERY LLC,PEE-PA'S GARAGE DISTILLERY,6340 49 ST N,PINELLAS PARK,FL,33781,S,ACTIVE,
FL-S-20217,ALGA BEER COMPANY LLC,Alga Beer Company,1151 E SCOTT ST,PENSACOLA,FL,32503,S,ACTIVE,
FL-S-20218,HALPATTER'S LLC,Halpatter's,264 HERNANDO AVE NE,LAKE CITY,FL,32055,S,ACTIVE,
FL-S-20219,GREAT SOUTHERN COPACKERS LLC,Great Southern Beverages,3900 S FRONTAGE RD,LAKELAND,FL,33815,S,ACTIVE,
FL-S-20220,FLORIDA DISTILLERS LLC,Florida Distillers,523 PALM HARBOR BLVD,PALM HARBOR,FL,34683,S,ACTIVE,
FL-S-20221,MONSTER BREWING COMPANY LLC,,1812 N 15TH ST,TAMPA,FL,33605,S,ACTIVE,
FL-S-20222,"THE HOURGLASS BREWERY, LLC",Hourglass Brewing,480 S RONALD REAGAN BLVD UNIT 1024B,LONGWOOD,FL,32750,S,ACTIVE,
FL-S-20223,"FACIANE BOTTLING CO, LLC",,790 N COUNTY 393 HWY UNIT C (2),SANTA ROSA BEACH,FL,32459,S,ACTIVE,
FL-S-20224,C&C DISTILLERY LLC,C&C DISTILLERY,6470 NW 77TH CT,MIAMI,FL,33166,S,ACTIVE,
FL-S-20225,TACTICAL BREWING LLC,Tactical Brewing Co.,4882 NEW BROAD ST,ORLANDO,FL,32814,S,ACTIVE,
FL-S-20226,"THE TANK, LLC",The Tank,5100 NW 72ND AVE BAY A,MIAMI,FL,33166,S,ACTIVE,
FL-S-20227,TURN 2 BREWING COMPANY INC.,"TURN 2 DISTILLING COMPANY, INC.",4496 TANGLEWOOD DR,SEBRING,FL,33872,S,ACTIVE,
FL-S-20228,FUNKY BUDDHA BREWERY LLC,Funky Buddha Brewery,1201 NE 38TH ST UNIT A-1,OAKLAND PARK,FL,33334,S,ACTIVE,
FL-S-20229,"DEVIANT WOLFE BREWING, L.L.C.",Deviant Wolfe Brewing,121 W 1ST ST,SANFORD,FL,32771,S,ACTIVE,
FL-S-20230,"JOYLAND BREWING COMPANY, L.L.C.",Ivanhoe Park Brewing Company,1300 ALDEN RD,ORLANDO,FL,32803,S,ACTIVE,
FL-S-20231,"ARHOB, LLC",HOB,931 HUNTLEY AVE,DUNEDIN,FL,34698,S,ACTIVE,
FL-S-20232,TOLL ROAD BREWING COMPANY LLC,Toll Road Brewing Company,101 W MCKEY ST,OCOEE,FL,34761,S,ACTIVE,
FL-S-20233,WECAN BEVERAGES LLC,,6700 NE 4TH AVE,MIAMI,FL,33138,S,ACTIVE,
FL-S-20234,HARDBREW LLC,HardBrew,2917 BORDEN ST,JACKSONVILLE,FL,32209,S,ACTIVE,
FL-S-20235,"JOYLAND BREWING COMPANY, L.L.C.",Ivanhoe Park Lager House,23 N ORANGE BLOSSOM TRL,ORLANDO,FL,32805,S,ACTIVE,
FL-S-20236,"ORCHID ISLAND BREWERY, INC.",,2745 ST. LUCIE AVE,VERO BEACH,FL,32960,S,ACTIVE,
FL-S-20237,TIPSY KRAKEN MEAD LLC,,1310 N HERCULES AVE STE B,CLEARWATER,FL,33765,S,ACTIVE,
FL-S-26,"MANGO BOTTLING, INC.","Mango Bottling, Inc",767 CLEARLAKE RD,COCOA,FL,32922,S,ACTIVE,
FL-S-29,"BARTOW ETHANOL OF FLORIDA, L.C.","Bartow Ethanol of Florida, LLC",1705 E MANN RD,BARTOW,FL,33830,S,ACTIVE,
FL-S-31,"FAT DOG SPIRITS, LLC",,3212 N 40TH ST STE 701,TAMPA,FL,33605,S,ACTIVE,
GA-S-15002,"THIRTEENTH COLONY DISTILLERIES, LLC",,305 N DUDLEY ST,AMERICUS,GA,31709,S,ACTIVE,
GA-S-15003,"MAPLE GROVE PRODUCTS, INC.",,630 INTERCHANGE DR,ATLANTA,GA,30336,S,ACTIVE,
GA-S-15008,DAN KENNETH RIVERS SR.,,540 W THIRD ST,JACKSON,GA,30233,S,ACTIVE,
GA-S-15009,"LMM DIVERSIFIED, INC.",,201 N MAIN ST,ODUM,GA,31555,S,ACTIVE,
GA-S-20001,"FREE SPIRITS DISTILLERY, LLC",Dawsonville Moonshine Distillery,415 E HIGHWAY 53 STE 120,DAWSONVILLE,GA,30534,S,ACTIVE,
GA-S-20002,STILL POND DISTILLERS L.L.C.,Still Pond Distillers,1575 STILL POND RD LOT 1,ARLINGTON,GA,39813,S,ACTIVE,
GA-S-20005,"DALTON DISTILLERS, LLC","Dalton Distillery, LLC",109 E MORRIS ST,DALTON,GA,30720,S,ACTIVE,
GA-S-20006,"INDEPENDENT DISTILLING COMPANY, LLC",,547 E COLLEGE AVE,DECATUR,GA,30030,S,ACTIVE,
GA-S-20009,R.M. ROSE COMPANY,,890 FRANKLIN ST,DILLARD,GA,30537,S,ACTIVE,
GA-S-20013,HOPE SPRINGS DISTILLERY LLC,Hope Springs Distillery,1785 - 1835 E PARK PLACE BLVD STE 102-104,STONE MOUNTAIN,GA,30087,S,ACTIVE,
GA-S-20016,"WILD CREEK DISTILLERY, LLC",Wild Creek Wine and Spirits,1133 WILDER RD,PELHAM,GA,31779,S,ACTIVE,
GA-S-20017,"GHOST COAST DISTILLERY, LLC",Ghost Coast Distillery,641 INDIAN ST,SAVANNAH,GA,31401,S,ACTIVE,
GA-S-20018,"STONEWALL CREEK DISTILLERS, INC.",,100 SORGHUM MILL,LAKEMONT,GA,30552,S,ACTIVE,
GA-S-20019,SPIRITS OF THE USA LLC,SpiritsUSA and Conservative Dads,210 INDUSTRIAL PARK DR,CUMMING,GA,30040,S,ACTIVE,
GA-S-20021,SAVANNAH SPRITS DISTILLING LTD. COMPANY,Savannah Spirits Distilling Co.,112 WHITAKER ST,SAVANNAH,GA,31401,S,ACTIVE,
GA-S-20022,"RICHLAND DISTILLING COMPANY, LLC",,1406 NEWCASTLE ST,BRUNSWICK,GA,31250,S,ACTIVE,
GA-S-20023,DRY COUNTY BREWING COMPANY LLC.,Dry County Spirits,1500 LOCKHART DR,KENNESAW,GA,30144,S,ACTIVE,
GA-S-20025,"LITT SPIRITS, INC.",LITT Spirits,5570 TULANE DR SW STE K,ATLANTA,GA,30336,S,ACTIVE,
GA-S-20027,"SWAMP FOX DISTILLING, LLLP","Swamp Fox Distilling, LLLP",110 MCDUFFIE ST,BUENA VISTA,GA,31803,S,ACTIVE,
GA-S-20030,POST MERIDIEM SPIRIT COMPANY LLC,Post Meridiem,1209 LOGAN CIR NW,ATLANTA,GA,30318,S,ACTIVE,
GA-S-20031,"SLH TRADING COMPANY, LLC",,644 GRASSY FLATS RD,COLQUITT,GA,39837,S,ACTIVE,
GA-S-20033,GATE CITY BREWING COMPANY LLC,,43 MAGNOLIA ST STE A & B,ROSWELL,GA,30075,S,ACTIVE,
GA-S-20034,CRAFT BEVERAGE CONCEPTS LLC,Wild Leap,308 MAIN ST,LAGRANGE,GA,30240,S,ACTIVE,
GA-S-20035,"GREEN BOMBER, LLC",Green Bomber,200 INDUSTRIAL DR STE C,CARTERSVILLE,GA,30120,S,ACTIVE,
GA-S-20037,OAK STREET SPIRITS LLC,,115 OAK ST STE 101,ROSWELL,GA,30075,S,ACTIVE,
GA-S-20038,"MACON BEER COMPANY, LLC",,458 SECOND ST,MACON,GA,31201,S,ACTIVE,
GA-S-20040,ABW ATLANTA LLC,New Realm Distilling Co.,550 SOMERSET TER NE STE 101,ATLANTA,GA,30306,S,ACTIVE,
GA-S-20041,"DOMA VENTURES, INC.",Distillery of Modern Art,2197 IRVINDALE DR,CHAMBLEE,GA,30341,S,ACTIVE,
GA-S-20042,"MILLER B. TWIST PRODUCTIONS, LLC",Rock Solid Distillery,30 WOODLAWN AVE,WINDER,GA,30680,S,ACTIVE,
GA-S-20043,"SECOND SELF, LLC",Second Self,1311 LOGAN CIR NW,ATLANTA,GA,30318,S,ACTIVE,
GA-S-20044,"FLINT RIVER DISTILLERY, LLC",Flint River Distillery,269 JONES MILL RD,WOODBURY,GA,30293,S,ACTIVE,
GA-S-20045,ATLANTIC GIN DISTILLERY LLC,ATLANTIC GIN,2003 S BIBB DR,TUCKER,GA,30084,S,ACTIVE,
GA-S-20046,"SWEETWATER BREWING COMPANY, LLC",,195 NE OTTLEY DR,ATLANTA,GA,30324,S,ACTIVE,
GA-S-20049,"SCOFFLAW, LLC",SCOFFLAW,1738 MACARTHUR BLVD,ATLANTA,GA,30318,S,ACTIVE,
GA-S-20050,"ANHEUSER-BUSCH, LLC",Anheuser-Busch,100 BUSCH DR,CARTERSVILLE,GA,30121,S,ACTIVE,
GA-S-20051,SUGAR HILL DISTILLERY LLC,,1166 CHURCH ST,SUGAR HILL,GA,30518,S,ACTIVE,
GA-S-20053,HALLWAY BREWING LLC,Get Lucky Spirits,975 CHATTAHOOCHEE AVE NW,ATLANTA,GA,30318,S,ACTIVE,
GA-S-20054,NOFO BREWING COMPANY LLC,NoFo Brew Co,6150 GEORGIA HWY 400 STE A,CUMMING,GA,30028,S,ACTIVE,
GA-S-20057,"CREATURE COMFORTS BREWING COMPANY, LLC",Creature Comforts,271 W HANCOCK AVE,ATHENS,GA,30601,S,ACTIVE,
GA-S-20058,ELSEWHERE BREWING CO,,1039 GRANT ST SE STE B34,ATLANTA,GA,30315,S,ACTIVE,
GA-S-20060,"JEKYLL BREWING CITY CENTER, LLC",Jekyll Brewing,15 ACADEMY ST UNIT 1E,ALPHARETTA,GA,30009,S,ACTIVE,
GA-S-20061,PRETORIA FIELDS LLC,,120 PINE AVE,ALBANY,GA,31701,S,ACTIVE,
GA-S-20062,MURRELL'S ROW SPIRITS LLC,,235 DEKALB INDUSTRIAL WAY STE 1,DECATUR,GA,30030,S,ACTIVE,
GA-S-20064,NEAT BLENDZ LLC,Neat Distilling Co.,3700 SW WENDELL DR STE 26,ATLANTA,GA,30336,S,ACTIVE,
GA-S-20065,"JEKYLL BREWING, LLC",Jekyll Brewing,2855 MARCONI DR STE 350,ALPHARETTA,GA,30005,S,ACTIVE,
GA-S-20067,"MATHEWS BEVERAGES, LLC",Atomica,535 E 39TH ST,SAVANNAH,GA,31401,S,ACTIVE,
GA-S-20068,"OLDKNOW, LLC",Oldknow Bev Co,301 N MAIN ST,CLAYTON,GA,30525,S,ACTIVE,
GA-S-20069,"GLOVER PARK BREWERY, LLC",,65 ATLANTA ST,MARIETTA,GA,30060,S,ACTIVE,
GA-S-20071,"REFORMATION BREWERY, LLC",Reformation Brewery,225 REFORMATION PKWY STE 500,CANTON,GA,30114,S,ACTIVE,
GA-S-20072,CRAFT BEVERAGE CONCEPTS LLC,,71 BUSCH DR,LAGRANGE,GA,30240,S,ACTIVE,
GA-S-20075,FRONT PORCH SIPPING DISTILLERY LLC,,1008 E CRAWFORD ST,MEIGS,GA,31765,S,ACTIVE,
GA-S-20076,"REFORMATION BREWERY, LLC",Reformation Brewery,105 ELM ST,WOODSTOCK,GA,30188,S,ACTIVE,
GA-S-20077,"WORLD WHISKEY SOCIETY CO., LLC",,225 H D ROBINSON BLVD,PENDERGRASS,GA,30567,S,ACTIVE,
GA-S-20078,CFS HOLDINGS LLC.,Freedom Brew and Shine,2730 SPOT RD STE B,CUMMING,GA,30040,S,ACTIVE,
GA-S-20079,COPPERHEAD SHINE LLC,COPPERHEAD SHINE,139 BRETT RD,SANDERSVILLE,GA,31082,S,ACTIVE,
GA-S-20080,"SCOFFLAW, LLC",Scofflaw,214 NW CHATTAHOOCHEE ROW,ATLANTA,GA,30318,S,ACTIVE,
GA-S-20081,"BEAR MOUNTAIN RANCH, L.L.C.",Raider Distilling,466 RUSH CREEK HWY,WOODLAND,GA,31836,S,ACTIVE,
GA-S-20082,"GRIDLEY BREWING, LLC",Six Bridges Brewing & Craft Spirits,11455 LAKEFIELD DR STE 300,JOHN'S CREEK,GA,30097,S,ACTIVE,
GA-S-20084,"MONKEY WRENCH BREWING COMPANY, LLC",,3425 MARTIN FARM RD,SUWANEE,GA,30024,S,ACTIVE,
GA-S-20086,HIPPIN HOPS BREWERY INC,Hippin Hops Distillery,2380 HOSEA L. WILLIAMS DR,ATLANTA,GA,30317,S,ACTIVE,
GA-S-20087,"OLD TIMER’S HOLDINGS, LLC",Old Timers Holdings LLC,621 NEW PHOENIX RD,EATONTON,GA,31024,S,ACTIVE,
GA-S-20088,MILTON BREWING LLC,,1850 HERITAGE WALK,MILTON,GA,30004,S,ACTIVE,
GA-S-20089,RED TOP BREWHOUSE LLC,Red Top Brewhouse,4637 S MAIN ST,ACWORTH,GA,30101,S,ACTIVE,
GA-S-20091,WILD LEAP LLC,,125 TED TURNER DR SW STE B & D,ATLANTA,GA,30313,S,ACTIVE,
GA-S-20094,REFRESCO BEVERAGES US INC.,,1001 10TH AVE,COLUMBUS,GA,31901,S,ACTIVE,
GA-S-20095,R.M. ROSE COMPANY,,1896 DICKS HILL PKWY,MT AIRY,GA,30563,S,ACTIVE,
GA-S-20096,JAIL CREEK FARMS LLC,Jail Creek Farms,1151 HWY 96 W,JEFFERSONVILLE,GA,31044,S,ACTIVE,
GA-S-20098,"ANDERBY BREWING, LLC",Anderby Brewing,110 TECHNOLOGY PKWY STE 200,PEACHTREE CORNERS,GA,30092,S,ACTIVE,
GA-S-20099,"STONECREST DISTILLERY, INC.",,2520 PARK CENTRAL BLVD STE D-5,DECATUR,GA,30035,S,ACTIVE,
GA-S-20100,MONDAY NIGHT VENTURES LLC,Monday Night Brewing,670 TRABERT AVE NW,ATLANTA,GA,30318,S,ACTIVE,
GA-S-20101,"SOLDIER OF THE SEA DISTILLERY, LLC",Soldier of the Sea Distillery,22 E SOUTH AVE,COMER,GA,30629,S,ACTIVE,
GA-S-20102,WILD FLORA FARM LLC,Wild Flora Farm,7975 HIGHWAY 54,SHARPSBURG,GA,30277,S,ACTIVE,
GA-S-20103,"TALL PINES DISTILLING, LLC",Roadside Beverage Group,161 PAPPYS PLZ,BLAIRSVILLE,GA,30512,S,ACTIVE,
GA-S-20105,THE UNKNOWN BARRELWORKS LLC,,3172 E PONCE DE LEON AVE STE E,SCOTTDALE,GA,30079,S,ACTIVE,
GA-S-20109,CSIA LLC,Minhwa Spirits,3731 NORTHCREST RD STE 11,DORAVILLE,GA,30340,S,ACTIVE,
GA-S-20110,INDIO BREWING CO,,5019 W BROAD ST SUITE M144 & M145,SUGAR HILL,GA,30518,S,ACTIVE,
GA-S-20111,DRY COUNTY BREWING COMPANY LLC.,Dry County Brewing,2573 SUMMERS ST,KENNESAW,GA,30144,S,ACTIVE,
GA-S-20115,NOFO BREWING COMPANY LLC,,434 HIGH ST,GAINESVILLE,GA,30501,S,ACTIVE,
GA-S-20116,BLOCK & DRUM LLC,,5105 PEACHTREE BLVD BLDG B,CHAMBLEE,GA,30341,S,ACTIVE,
GA-S-20117,BLUE RIDGE DISTILLERY INC.,Blue Ridge Distillery,116 WEST MAIN ST UNIT 1D,BLUE RIDGE,GA,30513,S,ACTIVE,
GA-S-20119,ALPHA MAIN LLC,,8634 MAIN ST,WOODSTOCK,GA,30188,S,ACTIVE,
GA-S-20120,SHORTBARREL LLC,Shortbarrel,6325 MCDONOUGH DR STE A,NORCROSS,GA,30093,S,ACTIVE,
GA-S-20121,"WILD HEAVEN CRAFT BEERS, LLC",Wild Heaven Beer,135 B MAPLE ST,DECATUR,GA,30030,S,ACTIVE,
GA-S-20122,STILLFIRE BREWING CO.,,343 HIGHWAY 23,SUWANEE,GA,30024,S,ACTIVE,
GA-S-20123,NOFO BREWING COMPANY LLC,,1939 HELEN HWY,CLEVELAND,GA,30528,S,ACTIVE,
GA-S-20124,ELSEWHERE BREWING CO,,950 W MARIETTA ST STE 132,ATLANTA,GA,30318,S,ACTIVE,
GA-S-20125,THOMAS WAYNE DISTILLERY LLC,Thomas Wayne Distillery,201 BELL PL STE A,WOODSTOCK,GA,30188,S,ACTIVE,
GA-S-20126,JEKYLL BREWING GAINESVILLE LLC,,908 S GROVE ST STE J & K,GAINESVILLE,GA,30501,S,ACTIVE,
GA-S-20127,SWALLOW CREEK DISTILLERY LLC,Swallow Creek Distillery,1710 BEARMEAT RD,HIAWASSEE,GA,30546,S,ACTIVE,
GA-S-20128,"BUCKING GOAT BREWING COMPANY, LLC",,76 SEVEN HILLS BLVD STE 105,DALLAS,GA,30132,S,ACTIVE,
GA-S-20129,"GRANDADDY MIMMS, LLC",Grandaddy Mimm's Distilling Co.,415 HWY 53 E STE 130,DAWSONVILLE,GA,30534,S,ACTIVE,
GA-S-20131,"THIRD RAIL DISTILLERS, INC.",,625 N CLAYTON ST,LAWRENCEVILLE,GA,30046,S,ACTIVE,
GA-S-20132,"SAVANNAH RIVER BREWING COMPANY, LLC",,813 FIFTH ST,AUGUSTA,GA,30901,S,ACTIVE,
GA-S-20134,BEVERAGE SOLUTIONS INC.,,1349 OLD 41 HWY NW STE 110,MARIETTA,GA,30060,S,ACTIVE,
GA-S-20135,SYMRISE INC.,bWorks,6000 TECHNOLOGY PKWY,COLUMBUS,GA,31907,S,ACTIVE,
GA-S-20136,B-SIDE THE TRACKS BREWING CO.,,909 COMMERCIAL ST NE,CONYERS,GA,30012,S,ACTIVE,
GA-S-20138,"ATHENTIC BREWING COMPANY, LLC",,108 PARK AVE,ATHENS,GA,30601,S,ACTIVE,
GA-S-20140,LINE CREEK BREWING CO LLC,,150 HUDDLESTON RD STE 300,PEACHTREE CITY,GA,30269,S,ACTIVE,
GA-S-20141,"PELICAN MOONSHINE COMPANY, LLC",,5971 NEW JESUP HWY G1,BRUNSWICK,GA,31522,S,ACTIVE,
GA-S-20142,"INFAMOUS WHISKEY, INC.",Infamous Whiskey,208 E BROAD ST,GREENSBORO,GA,30642,S,ACTIVE,
GA-S-20143,"P&S BREWING HOLDINGS, LLC",,5825 ROSWELL RD,SANDY SPRINGS,GA,30328,S,ACTIVE,
GA-S-20144,"SCOFFLAW, LLC",Scofflaw,1421 6TH AVE STE 200,COLUMBUS,GA,31901,S,ACTIVE,
GA-S-20145,WD DISTILLING LLC,Rhumbeaux,1905 AIRPORT INDUSTRIAL PARK DR SE,MARITTA,GA,30060,S,ACTIVE,
GA-S-20146,DOC BROWN FARM & DISTILLERS LLC,Doc Brown Farm and Distillers,9210 HIGHWAY 16,SENOIA,GA,30276,S,ACTIVE,
GA-S-20148,LINE CREEK BREWING CO LLC,,18 SAVANNAH ST,NEWNAN,GA,30263,S,ACTIVE,
GA-S-20149,"PEARL & PINE BREWERY, LLC",,22 MAIN ST,SENOIA,GA,30276,S,ACTIVE,
GA-S-20150,LINE CREEK BREWING CO LLC,Line Creek Brewing Co,300 CITY CENTER PKWY STE B-1,FAYETTEVILLE,GA,30214,S,ACTIVE,
GA-S-20151,"LG DRINKS, LLC",Crispy Cool,3700 WENDELL DR SW STE 21,ATLANTA,GA,30336,S,ACTIVE,
GA-S-20152,HALLWAY BREWING LLC,,122 W BANK ST,GRIFFIN,GA,30223,S,ACTIVE,
GA-S-20153,ALPINE SHINE LLC,,8016 S MAIN ST UNIT A-1,HELEN,GA,30545,S,ACTIVE,
GA-S-20154,GRIZZLE BEER LLC,Grizzle Beer,208 S BROAD ST,MONROE,GA,30655,S,ACTIVE,
GA-S-20155,"THREE TAVERNS CRAFT BREWERY, LLC",Three Taverns Ponce Brew Terminal,680 NORTH AVE NE STE F301,ATLANTA,GA,30308,S,ACTIVE,
GA-S-20156,"THREE TAVERNS CRAFT BREWERY, LLC",Three Taverns Imaginarium,777 MEMORIAL DR SE UNIT B-103,ATLANTA,GA,30312,S,ACTIVE,
GA-S-20157,BACKPORCH DISTILLING LLC,,720 N MAIN ST,MOULTRIE,GA,31771,S,ACTIVE,
GA-S-20158,"STILLFIRE BREWING SMYRNA, LLC",StillFire Brewing,2725 KING ST SE,SMYRNA,GA,30080,S,ACTIVE,
GA-S-20159,BORO BEVERAGES LLC,"Hop Atomica, Atomica Spirits",6 S WALNUT ST,STATESBORO,GA,30458,S,ACTIVE,
GA-S-20160,GRAZED DISTILLING COMPANY LLC,,2227 N LEG RD,AUGUSTA,GA,30909,S,ACTIVE,
GA-S-20161,"FLORIDA RUM COMPANY, LLC",ZIAMI Distillery,224 BOURNE BLVD UNIT 100,SAVANNAH,GA,31408,S,ACTIVE,
GA-S-20162,"BRENNTAG MID-SOUTH, LLC",,2225 LAWRENCE ST,EAST POINT,GA,30344,S,ACTIVE,
GA-S-20163,COLD CREEK DISTILLERY LLC,Cold Creek Distillery,909 RIDGE RD,CAIRO,GA,39827,S,ACTIVE,
GA-S-20164,"STILLFIRE BREWING TUCKER, LLC",,2316 MAIN ST STE K,TUCKER,GA,30084,S,ACTIVE,
HI-S-125,MAUI PROCESS TECHNOLOGIES LLC,HALEAKALA DISTILLERS,530 KEALALOA AVE,MAKAWAO,HI,96768,S,ACTIVE,
HI-S-126,"KOLANI DISTILLERS, LLC",,320 BALDWIN AVE,PAIA,HI,96779,S,ACTIVE,
HI-S-15000,HAWAII SEA SPIRITS LLC,,4051 OMAOPIO RD,KULA,HI,96790,S,ACTIVE,
HI-S-15005,KOLOA RUM CORP.,THE KOLOA RUM COMPANY,2 KAUMUALI'I HWY SUITE C,KALAHEO,HI,96741,S,ACTIVE,
HI-S-15007,KOLOA RUM CORP.,THE KOLOA RUM COMPANY,3 KAUMUALII HWY,LIHUE,HI,96766,S,ACTIVE,
HI-S-15010,LEVECKE CORPORATION,,HALIIMAILE BASE YARD BLDG #20,MAKAWAO,HI,96768,S,ACTIVE,
HI-S-20001,"HAWAIIAN AGRICULTURAL PRODUCTS, LLC",HAWAIIAN SHOCHU COMPANY,66-542 HALEIWA RD,HALEIWA,HI,96712,S,ACTIVE,
HI-S-20002,"MANULELE DISTILLERS, LLC",Manulele Distiller LLC,92-1770 KUNIA RD UNIT 227,KUNIA,HI,96759,S,ACTIVE,
HI-S-20004,"COWBOY BUILT, INC.",,1800 KAUPAKALUA RD,HAIKU,HI,96708,S,ACTIVE,
HI-S-20005,LOTUS SPIRITS LLC,,961 AKEO LN,HONOLULU,HI,96819,S,ACTIVE,
HI-S-20006,RHS LLC,,36 N KING ST,HONOLULU,HI,96817,S,ACTIVE,
HI-S-20009,HANALEI SPIRITS DISTILLERY CORP.,Hanalei Spirits,4241 KAHILI MAKAI ST,KILAUEA,HI,96754,S,ACTIVE,
HI-S-20010,SHAKA SPIRITS LLC,,961 AKEPO LN,HONOLULU,HI,96817,S,ACTIVE,
HI-S-20012,BIG ISLAND DISTILLERS INC.,Big Island Distillers,745467 KAIWI ST UNIT 1-5,KAILUA-KONA,HI,96740,S,ACTIVE,
HI-S-20013,"KULEANA SPIRITS, INC.",Kuleana Rum Works,61-3270 MALUOKALANI ST,KAWAIHAE,HI,96743,S,ACTIVE,
HI-S-20014,KO'OLAU SPIRITS LLC,KO'OLAU DISTILLERY,905 KALANIANAOLE HWY UNIT 5015/5004,KAILUA,HI,96734,S,ACTIVE,
HI-S-20016,SHAKA SPIRITS CORP.,Shaka Spirits Distillery,961 AKEPO LN,HONOLULU,HI,96817,S,ACTIVE,
HI-S-20017,HAWAIIAN OLA BREWING CORPORATION,Hawaiian Ola Brewing,74-5598 LUHIA ST STE 106,KAILUA-KONA,HI,96740,S,ACTIVE,
HI-S-20019,VALLEY ISLE DISTILLING CO LLC,,873 HALIIMAILE RD BLDG 20,MAKAWAO,HI,96768,S,ACTIVE,
HI-S-20020,WAIKULU DISTILLERY LLC,Waikulu Distillery,3275 BALDWIN AVE,MAKAWAO,HI,96768,S,ACTIVE,
HI-S-20021,LANIKAI BREWING COMPANY,Lanikai Spirits,175 HAMAKUA DR UNIT C,KAILUA,HI,96734,S,ACTIVE,
HI-S-20022,HALEIWA DISTILLING COMPANY LLC,Haleiwa Distilling Company,67-106 KEALOHANUI STREET,WAIALUA,HI,96791,S,ACTIVE,
HI-S-20023,MILL HOUSE SPIRITS LLC,Mill House Spirits,1670 HONOAPIILANI HWY,WAILUKU,HI,96793,S,ACTIVE,
HI-S-20024,B&V LLC,Island Distillers,577 PAKALA ST,HONOLULU,HI,96825,S,ACTIVE,
HI-S-20025,ALCHEMY MAUI LLC,Valley Isle Kombucha Amplified,157 KUPUOHI ST UNIT J1/J2,LAHAINA,HI,96761,S,ACTIVE,
HI-S-20026,KUAKINI OPERATIONS LLC,Iron Bottom Spirits,75 -6099 KUAKINI HWY,KAILUA-KONA,HI,96740,S,ACTIVE,
HI-S-20027,AUMAKUA HOLDINGS LLC,Kupu Spirits,605 LIPOA PKWY,KIHEI,HI,96753,S,ACTIVE,
HI-S-20028,"HAWAIIAN CRAFT MEAD COMPANY, LLC",MANOA HONEY  & MEAD,930 PALM PL,WAHIAWA,HI,96786,S,ACTIVE,
HI-S-20029,KAMEHAMEHA DISTILLERY LP,,210 IMI KALA ST UNIT 4S,WAILUKU,HI,96793,S,ACTIVE,
HI-S-20030,TEDDY & TANK LLC,,55 MERCHANT ST STE 20,HONOLULU,HI,96813,S,ACTIVE,
IA-S-1,GRAIN PROCESSING CORPORATION,,1600 OREGON ST,MUSCATINE,IA,52761,S,ACTIVE,
IA-S-15010,"SPIRITS, L.C.C.",SIPP'N,303 SE 2ND ST,GRIMES,IA,50111,S,ACTIVE,
IA-S-17,ARCHER DANIELS MIDLAND COMPANY,FLEISCHMANN DISTILLING COMPANY,1251 BEAVER CHANNEL PKWY,CLINTON,IA,52732,S,ACTIVE,
IA-S-20002,"WERNER DISTILLING, LLC.",,5068 110TH ST,HOLSTEIN,IA,51025,S,ACTIVE,
IA-S-20004,"PARADISE DISTILLING COMPANY, LLC",,245 RAILROAD AVE,DUBUQUE,IA,52003,S,ACTIVE,
IA-S-20006,"3-OAKS DISTILLERY, L.L.C.",,23039 PFEILER RD,HOLY CROSS,IA,52053,S,ACTIVE,
IA-S-20007,"CARGILL, INCORPORATED",,1950 HARVEST AVE,FORT DODGE,IA,50501,S,ACTIVE,
IA-S-20010,"VBJ BEVERAGES, L.L.C.",VBJ Beverages,401 PARKSIDE DR,WEST BRANCH,IA,52358,S,ACTIVE,
IA-S-20012,"JOHN ERNEST DISTILLERY, INC.",,3365 BLACK HAWK AVE NW,OXFORD,IA,52322,S,ACTIVE,
IA-S-20017,"O & R VENTURES, LLC",Drams and Dashes,593 62ND ST UNIT 110,MARION,IA,52302,S,ACTIVE,
IA-S-20018,"AMERICAN HERITAGE DISTILLERS, LLC",Century Farms Distillery,2304 HIGHWAY BLVD,SPENCER,IA,51301,S,ACTIVE,
IA-S-20024,"BLUFF CREEK DISTILLERY, L.L.C.",,947 170TH ST,BOONE,IA,50036,S,ACTIVE,
IA-S-20025,ROCKY TOP INVESTMENTS LLC,,3294 170TH ST,ROCK RAPIDS,IA,51246,S,ACTIVE,
IA-S-20027,MATRIARCH LLC,Modern Matriarch,18389 SUNNYDALE RD,COUNCIL BLUFFS,IA,51503,S,ACTIVE,
IA-S-20028,"JDSO, INC.",Red Boot Distillery and Red Boot Beverage,1587 NE 67TH PL,DES MOINES,IA,50313,S,ACTIVE,
IA-S-20030,"CHERRY MEADOW, INC",Cherry Meadow,4659 HYW 13 2AL WATERHOUSE AVE SUITE 2& 3,CENTRAL CITY,IA,52214,S,ACTIVE,
IA-S-20031,"TOPPLING GOLIATH, INC.",Toppling Goliath Spirits Company,1600 PROSPERITY RD,DECORAH,IA,52101,S,ACTIVE,
IA-S-20033,WILDCAT PRODUCTS LLC,Wildcat Distilling Co.,2652 235TH ST,DUNCOMBE,IA,50532,S,ACTIVE,
IA-S-20036,SARGE'S SPIRITS LLC,Sarge's Spirits,2866 270TH ST,FREDERICKSBURG,IA,50630,S,ACTIVE,
IA-S-20037,"RIVER VALLEY FOREST SERVICES, INC.",River Valley Orchards & Winery,1645 220TH ST,HUMBOLDT,IA,50548,S,ACTIVE,
IA-S-20039,"BLUE OX SPIRITS, INC.",,1631 NE 55TH AVE,DES MOINES,IA,50313,S,ACTIVE,
IA-S-20040,"EXILE BREWING COMPANY, LLC",Exile Brewing Company,1514 WALNUT ST,DES MOINES,IA,50309,S,ACTIVE,
IA-S-20041,"MISSISSIPPI RIVER DISTILLING COMPANY, L.L.C.",Mississippi River Distilling Company,318 E 2ND ST,DAVENPORT,IA,52801,S,ACTIVE,
IA-S-20042,WIKKID STILL INC.,,32999 250TH ST,NEOLA,IA,51559,S,ACTIVE,
IA-S-20043,BIG GROVE IOWA CITY LLC,Big Grove Brewery and Taproom,1225 S GILBERT ST,IOWA CITY,IA,52240,S,ACTIVE,
IA-S-20044,"THE CIDER HOUSE, LLC",The Cider House,1949 PLEASANT PLAIN RD,FAIRFIELD,IA,52556,S,ACTIVE,
IA-S-20045,KNEE-HIGH DISTILLING CO LLC,"Knee-High Distilling Co., LLC",1100 OREGON ST,MUSCATINE,IA,52761,S,ACTIVE,
IA-S-20047,O SO GOOD WINERY LLC,O So Good Winery & Distillery,2093 20TH AVENUE SE,DYERSVILLE,IA,52040,S,ACTIVE,
IA-S-20048,"BACKPOCKET BREWING, LLC",,903 QUARRY RD,CORALVILLE,IA,52241,S,ACTIVE,
IA-S-20049,"VERVE KOMBUCHA, LLC",Verve Kombucha,327 W 3RD ST,WATERLOO,IA,50701,S,ACTIVE,
IA-S-20053,"PULPIT ROCK BREWING COMPANY, LLC",,211 COLLEGE DR STE 2,DECORAH,IA,52101,S,ACTIVE,
IA-S-20054,"TREEHOUSE DISTILLERY, LLC",,7500 UNIVERSITY AVE STE E & F,CLIVE,IA,50325,S,ACTIVE,
IA-S-20055,"ROCK RIVER BREWING COMPANY, LLC",,113 S STORY ST,ROCK RAPIDS,IA,51246,S,ACTIVE,
IA-S-20057,BINARY BARREL DISTILLERY LLC,,2451 FREEDOM CT UNIT C,IOWA CITY,IA,52240,S,ACTIVE,
IA-S-20058,515 DISTILLING LLC,515 Distilling,7500 UNIVERSITY AVE STE E & F,CLIVE,IA,50325,S,ACTIVE,
IA-S-20059,"WALKER HOMESTEAD FARM & WINERY, INC","Walker Homestead Farm & Winery, INC",3867 SW JAMES AVE,IOWA CITY,IA,52246,S,ACTIVE,
IA-S-20060,OG DISTILLING LLC,,707 N MAIN ST,CARROLL,IA,51401,S,ACTIVE,
IA-S-20061,"NORTH IOWA BREWING, LLC",Tellurian Brewing,1414 GILBERT ST STE 1,CHARLES CITY,IA,50616,S,ACTIVE,
IA-S-20062,THOMPSON SQUARE LLC,Thompson Square,7500 UNIVERSITY AVE STE E & F,CLIVE,IA,50325,S,ACTIVE,
IA-S-21,"BARTON SOLVENTS, INC.",(BETTENDORF BRANCH),204 36TH ST,BETTENDORF,IA,52722,S,ACTIVE,
ID-S-119,"DISTILLED RESOURCES, INCORPORATED",,134 N 3300 E,RIGBY,ID,83442,S,ACTIVE,
ID-S-121,"BARDENAY, INC.",BARDENAY,610 W GROVE ST,BOISE,ID,83702,S,ACTIVE,
ID-S-122,"BARDENAY, INC.",BARDENAY,155 E RIVERSIDE ST,EAGLE,ID,83616,S,ACTIVE,
ID-S-15000,LANTRIX LLC,,2200 GRIZZLY LN,IDAHO FALLS,ID,83402,S,ACTIVE,
ID-S-15001,"BARDENAY, INC.",BARDENAY,1710 W RIVERSTONE DR,COEUR D ALENE,ID,83814,S,ACTIVE,
ID-S-15002,"DISTILLED SPIRITS USA, INC.",,495 S 15TH ST,BOISE,ID,83702,S,ACTIVE,
ID-S-20006,"MILL TOWN DISTILLERY, LLC",,22821 HIGHWAY 2,SANDPOINT,ID,83864,S,ACTIVE,
ID-S-20007,IDAHO BOURBON DISTILLERS LLC,,2762 FEATHERLY WAY,BOISE,ID,83709,S,ACTIVE,
ID-S-20008,PRINTER'S DISTILLERY LLC,Printer's Distillery,"1708 6TH AVE, N STE D",LEWISTON,ID,83501,S,ACTIVE,
ID-S-20011,"UP NORTH DISTILLERY, LLC",Up North Distillery,846 N BOULDER CT,POST FALLS,ID,83854,S,ACTIVE,
ID-S-20012,OLD FLATBED DISTILLERY LLC,Old Flatbed Distillery,741 N RALSTIN ST,MERIDIAN,ID,83642,S,ACTIVE,
ID-S-20015,"21ST CENTURY DISTILLING, LLC",,134 N 3300 E,RIGBY,ID,83442,S,ACTIVE,
ID-S-20016,ACE'S DISTILLERY LLC,,12246 ORCHARD AVE,NAMPA,ID,83651,S,ACTIVE,
ID-S-20019,"MOONLIGHT MOUNTAIN DISTILLERY, INC.",,1046 S MAIN ST,POCATELLO,ID,83204,S,ACTIVE,
ID-S-20024,EDGE BREWING CO INC,,525 N STEELHEAD WAY,BOISE,ID,83702,S,ACTIVE,
ID-S-20025,"WYATTZIER, LLC",,480 N STATE ST,SHELLEY,ID,83274,S,ACTIVE,
ID-S-20026,"PA SPIRITS, LLC",Party Animal Vodka,117 N RIVER ST,HAILEY,ID,83333,S,ACTIVE,
ID-S-20027,PARMA RIDGE BREWERY INC,,24509 RUDD RD BLDG D1,PARMA,ID,83660,S,ACTIVE,
ID-S-20029,BILLY BARTSOFF LLC,HooDew,1200 HOO DOO MOUNTAIN RD,PRIEST RIVER,ID,83856,S,ACTIVE,
ID-S-20030,GUNS & OIL BEER USA LLC,Western Collective,111 W 33RD ST,GARDEN CITY,ID,83714,S,ACTIVE,
ID-S-20031,"KROSSFADE ENTERPRISES, LLC",Krossfade Kombucha Cocktails,4057 W CHINDEN BLVD,BOISE,ID,83714,S,ACTIVE,
ID-S-20032,OLD BARN DISTILLERY LLC,,1764 S 2100 E,GOODING,ID,83330,S,ACTIVE,
ID-S-20033,DARCO SPIRITS LLC,Darco Spirits,134 N 3300 E,RIGBY,ID,83442,S,ACTIVE,
ID-S-20034,"SUN VALLEY DISTILLERY, LLC",,280 N MAIN ST,KETCHUM,ID,83340,S,ACTIVE,
ID-S-20035,"BARDENAY, INC.",Bardenay,3100 W CHINDEN BLVD,GARDEN CITY,ID,83714,S,ACTIVE,
ID-S-20036,"SOILED DOVE, LLC",Soiled Dove,361 B ST,IDAHO FALLS,ID,83402,S,ACTIVE,
ID-S-20037,"SOLITUDE CIDERWORKS, LLC",Highpoint Cider,"7565 LUPINE LN UNIT C,D,E, F&G",VICTOR,ID,83455,S,ACTIVE,
ID-S-20038,ANYTIMERS LLC,Payette Provisions,7293 W AIRWAY CT STE B,BOISE,ID,83709,S,ACTIVE,
IL-S-15008,ANTHONY'S OWN INC.,,2021 W FULTON ST UNIT 116K,CHICAGO,IL,60612,S,ACTIVE,
IL-S-15010,"ALTO ICP, LLC",,1301 S FRONT ST,PEKIN,IL,61554,S,ACTIVE,
IL-S-15015,"FEW SPIRITS, LLC",,918 CHICAGO AVE,EVANSTON,IL,60202,S,ACTIVE,
IL-S-15016,"MASTERMIND VODKA, INC.",,4262 STATE HWY 162,PONTOON BEACH,IL,62040,S,ACTIVE,
IL-S-15019,"LET THERE BE! DISTILLERS, LLC",,4200 W DIVERSEY AVE UNIT 25,CHICAGO,IL,60639,S,ACTIVE,
IL-S-15020,"CELLO VIA, INC",Asbury Spirits,45 GORDON ST,ELK GROVE VILLAGE,IL,60007,S,ACTIVE,
IL-S-15022,"WATA, LLC",,2101 ADAMS ST STE B,GRANITE CITY,IL,62040,S,ACTIVE,
IL-S-20002,"MID-OAK DISTILLERY, INC.",,14800 S MCKINLEY AVE UNIT A,POSEN,IL,60469,S,ACTIVE,
IL-S-20003,"SOUTHERN SISTERS SPIRITS, LLC",Southern Sisters Spirits LLC,36 IL-127,ALTO PASS,IL,62905,S,ACTIVE,
IL-S-20004,"WINDY CITY DISTILLING, INC.",Oppidan Spirits,140 SHEPARD AVE STE B,WHEELING,IL,60090,S,ACTIVE,
IL-S-20009,"CHICAGO DISTILLING COMPANY, LLC",,1857 W 16TH ST,CHICAGO,IL,60608,S,ACTIVE,
IL-S-20010,"BLAUM BROS. DISTILLING CO., LLC",Blaum Bros. Distilling Co.,9380 US HIGHWAY 20,GALENA,IL,61036,S,ACTIVE,
IL-S-20012,COPPER RIDGE DISTILLERY LLC,,4009 E MAIN ST,DANVILLE,IL,61834,S,ACTIVE,
IL-S-20013,FOX RIVER DISTILLING COMPANY,,204 DEARBORN CT UNIT 110,GENEVA,IL,60134,S,ACTIVE,
IL-S-20014,PODHALANSKA LLC,,16135 NEW AVE UNIT 10,LEMONT,IL,60439,S,ACTIVE,
IL-S-20016,ROCK RIVER SPIRITS LLC,,7303 EDWARD DR,LOVES PARK,IL,61111,S,ACTIVE,
IL-S-20021,ALMIGHTY SPIRITS DISTILLER LLC,Almighty Spirits Distiller,1904 TECHNY CT,NORTHBROOK,IL,60062,S,ACTIVE,
IL-S-20022,"MERCENARY BREWERY & DISTILLERY, LLC",Maplewood Brewing Company,2717 N MAPLEWOOD AVE,CHICAGO,IL,60647,S,ACTIVE,
IL-S-20024,BOONE COUNTY SPIRITS INC.,,8642 US 20 HWY,GARDEN PRAIRIE,IL,61038,S,ACTIVE,
IL-S-20028,"BEPPE & THE ARCHITECT, LLC",,1900 N AUSTIN AVE STE 6E,CHICAGO,IL,60639,S,ACTIVE,
IL-S-20029,"BLIND PIG DISTILLING, LLC",,4325 N RAVENSWOOD AVE,CHICAGO,IL,60613,S,ACTIVE,
IL-S-20034,TWO BROTHERS ARTISAN SPIRITS COMPANY,Two Brothers Artisan Spirits,205 N BROADWAY UNIT 26,AURORA,IL,60505,S,ACTIVE,
IL-S-20035,"GHOST HOLLOW DISTILLERY, INC.",Ghost Hollow Distillery,233 S 9TH ST,QUINCY,IL,62301,S,ACTIVE,
IL-S-20036,STAR UNION SPIRITS LLC,,300 5TH ST STE 135,PERU,IL,61354,S,ACTIVE,
IL-S-20037,KINDRED SPIRITS DISTILLERY INC,,2958 IL RT 178 UNIT A,NORTH UTICA,IL,61373,S,ACTIVE,
IL-S-20038,COAL RUN CREEK DISTILLING COMPANY,,121 E MAIN ST,STREATOR,IL,61364,S,ACTIVE,
IL-S-20040,"NORTHERN UNITED BREWING COMPANY, LLC",Jolly Pumpkin Artisan Ales,5215 S HARPER CT,CHICAGO,IL,60615,S,ACTIVE,
IL-S-20041,"ALTO PEKIN, LLC",,1300 S SECOND ST,PEKIN,IL,61554,S,ACTIVE,
IL-S-20045,GIAMBRONE LIMONCELLO LLC,,467 W FULLERTON AVE,ELMHURST,IL,60126,S,ACTIVE,
IL-S-20049,"APOLOGUE, LLC",Apologue,400 E MARGARET ST,THORNTON,IL,60476,S,ACTIVE,
IL-S-20050,OLD SKOKIE ROAD DISTILLERY LLC,,1300 OLD SKOKIE RD UNIT B,HIGHLAND PARK,IL,60035,S,ACTIVE,
IL-S-20052,"CHELONI BOTANICS, LLC",,3398 B COMMERCIAL AVE,NORTHBROOK,IL,60062,S,ACTIVE,
IL-S-20053,TWO BROTHERS ARTISAN SPIRITS COMPANY,Two Brothers Artisan Spirits,30W315 CALUMET AVE W,WARRENVILLE,IL,60555,S,ACTIVE,
IL-S-20054,"ARDENT SPIRITS, INC",,109 -115 EAST CLAY ST,COLLINSVILLE,IL,62234,S,ACTIVE,
IL-S-20056,"TWILIGHT DISTRILLERY, LLC",,2685 E COUNTY HIGHWAY 6,STEWARDSON,IL,62463,S,ACTIVE,
IL-S-20058,WINTER'S ARROW RUM DISTILLERY LLC,Winter's Arrow Distillery,2300 N KNOX AVE,CHICAGO,IL,60639,S,ACTIVE,
IL-S-20059,"WISEMAN BEVERAGES, LLC",,3362 COMMERCIAL AVE,NORTHBROOK,IL,60062,S,ACTIVE,
IL-S-20060,BLACK BAND LLC,Black Band Distillery,1000 SW ADAMS ST AND 1003 SW WASHINGTON ST,PEORIA,IL,61602,S,ACTIVE,
IL-S-20063,LUGAN'S BREWING LLC,Lugan's Brewing,480 S HAMMES AVE UNIT C,JOLIET,IL,60436,S,ACTIVE,
IL-S-20066,21 HOLDINGS LLC,21 Holdings LLC,501 CONDE ST,WEST CHICAGO,IL,60185,S,ACTIVE,
IL-S-20067,"BEVERAGE AND MIXER, INC.",NG Distillery,1501 W DIGGINS ST STE 3,HARVARD,IL,60033,S,ACTIVE,
IL-S-20068,"APOLOGUE, LLC",Hoste,1857 W 16TH ST,CHICAGO,IL,60608,S,ACTIVE,
IL-S-20069,LENA BEVERAGE COMPANY INC.,Lena Brewing Company,9416 W WAGNER RD,LENA,IL,61048,S,ACTIVE,
IL-S-20071,HISTORIC RED ROOSTER BREW WERKS & DISTILLING LLC,,123 E SEWARD ST,HILLSBORO,IL,62049,S,ACTIVE,
IL-S-20072,MARZ COMMUNITY BREWING CO.,Marz Community Brewing,3630 S IRON ST,CHICAGO,IL,60609,S,ACTIVE,
IL-S-20074,POLLYANNA BREWING COMPANY,,100 & 106 S RIVERSIDE AVE,ST. CHARLES,IL,60174,S,ACTIVE,
IL-S-20077,GREAT AMERICAN WHISKEY CO.,,302 MCDOWELL RD,MURPHYSBORO,IL,62966,S,ACTIVE,
IL-S-20078,"AMERICAN 1 DISTILLERY, LLC",,5111 STATE ROUTE 111,PONTOON BEACH,IL,62040,S,ACTIVE,
IL-S-20079,"FULTON STREET BREWERY, LLC",Goose Island Beer Company,1800 W FULTON ST,CHICAGO,IL,60612,S,ACTIVE,
IL-S-20080,CREDALLION CORP.,Sam's Donkey USA,6977 S ELMOVILLE RD,STOCKTON,IL,61085,S,ACTIVE,
IL-S-20081,DRUNKEN SAILOR LLC,Drunken Sailor LLC,972 S NORTHPOINT BLVD STE D,WAUKEGAN,IL,60085,S,ACTIVE,
IL-S-20082,SORELLE SPIRITS LLC,SORELLE SPIRITS,450-454 SHERIDAN RD,HIGHWOOD,IL,60040,S,ACTIVE,
IL-S-20083,TAKE FLIGHT SPIRITS LLC,Take Flight Spirits,8038 LINCOLN AVE,SKOKIE,IL,60077,S,ACTIVE,
IL-S-20084,DYNAMITE BREWING LLC,Short Fuse Brewing Company,5040 N RIVER RD,SCHILLER PARK,IL,60176,S,ACTIVE,
IL-S-20085,SNEAKY FOX SPIRITS LLC,Sneaky Fox Spirits,1030 W 21ST ST,CHICAGO,IL,60623,S,ACTIVE,
IL-S-20086,"BIOURJA RENEWABLES, LLC",,1 EDMUND ST,PEORIA,IL,61602,S,ACTIVE,
IL-S-20087,"MAROSI DESIGNS, LLC",BVV,1251 FRONTENAC RD STE 150,NAPERVILLE,IL,60563,S,ACTIVE,
IL-S-20091,"PRAIRIE STATE WINERY, LLC",Prairie State Winery,114 N EMMETT ST,GENOA,IL,60135,S,ACTIVE,
IL-S-20092,BEST FRIENDS DISTILLERY L.L.C,,281 N NORTH ST,ARGENTA,IL,62501,S,ACTIVE,
IL-S-20094,ROCK RUN DISTILLERS LLC,Rock Run Distillers,106 W YATES ST W,NEWMAN,IL,61942,S,ACTIVE,
IL-S-20095,SILVER TREE BEER & SPIRITS LLC.,,115 1/2 W PELLS ST,PAXTON,IL,60957,S,ACTIVE,
IL-S-20096,G&B FILLING STATION LLC,G&B Filling Station,2002 DEMPSTER ST,EVANSTON,IL,60202,S,ACTIVE,
IL-S-20097,UNE ANNEE BREWERY LLC,,6343 W GROSS POINT RD,NILES,IL,60714,S,ACTIVE,
IL-S-20098,"OLD DOG, LLC",,23 W PINE ST UNIT A,CANTON,IL,61520,S,ACTIVE,
IL-S-20099,"TONE PRODUCTS, INC.",Tone Products,2129 N 15TH AVE,MELROSE PARK,IL,60160,S,ACTIVE,
IL-S-20100,"MAD ABOUT GRAIN, LLC",Grainology Brewstillery,131 FLINN ST STE C,BATAVIA,IL,60510,S,ACTIVE,
IL-S-20102,THREE KINGS VODKA LLC,Three Kings Vodka,2501 DEBORAH AVE UNIT F,ZION,IL,60099,S,ACTIVE,
IL-S-20103,GREAT CENTRAL BREWING LLC,Great Central Brewing Company,221 N WOOD ST,CHICAGO,IL,60612,S,ACTIVE,
IL-S-20104,"DESTIHL BREWERY, LLC",,1200 GREENBRIAR DR,NORMAL,IL,61761,S,ACTIVE,
IL-S-20105,HAVISHAM HOUSE PROPERTY LLC,,340 SHAWNEE MEADOWS LN,ANNA,IL,62906,S,ACTIVE,
IL-S-20107,"AGPAGE, LLC",Cypress Grove Brewing,1414 N 2400 E RD,ASSUMPTION,IL,62510,S,ACTIVE,
IL-S-20108,"THE CHURCH STREET BREWING COMPANY, LLC",,1480 INDUSTRIAL DR,ITASCA,IL,60143,S,ACTIVE,
IL-S-20109,WHISKEY TRUST LLC,,3065 N ROCKWELL ST STE 103,CHICAGO,IL,60618,S,ACTIVE,
IL-S-20110,BRELLA SPIRITS INC.,Brella Spirits,1657 N KOSTNER AVE UNIT 600,CHICAGO,IL,60639,S,ACTIVE,
IL-S-20111,"HUDSON FARM DISTILLING COMPANY, LLC",,1341 COUNTY ROAD 1800 E,URBANA,IL,61802,S,ACTIVE,
IL-S-20112,DOMOWE NALEWKI INC,,332 E CHESTNUT ST,PIPER CITY,IL,60959,S,ACTIVE,
IL-S-20113,ICD HOLDINGS LLC,Clementine's Naughty and Nice Ice Cream,6185 BENNETT STE A,EDWARDSVILLE,IL,62025,S,ACTIVE,
IL-S-20114,HAVISHAM HOUSE PROPERTY LLC,,260 MAIN ST,ALTO PASS,IL,62905,S,ACTIVE,
IL-S-20115,PRAIRIE OAK CRAFT DISTILLERY LLC,,202 E CENTRAL AVE,BENLD,IL,62009,S,ACTIVE,
IL-S-20116,"PIPS MEADERY, LLC",Parlor Tricks,1350 TRI-STATE PKWY STE 124,GURNEE,IL,60031,S,ACTIVE,
IL-S-20117,"MERCENARY BREWERY & DISTILLERY, LLC",,486 PENNSYLVANIA AVE,GLEN ELLYN,IL,60137,S,ACTIVE,
IL-S-20118,AMERICAN RUM COMPANY,JOHN-HENRY RUM COMPANY,245 W ROOSEVELT RD BLDG 9,WEST CHICAGO,IL,60185,S,ACTIVE,
IL-S-20119,"NE10 BEVERAGES, INC.",,2501 REEVES RD,JOLIET,IL,60436,S,ACTIVE,
IL-S-20120,"SPIRIT WATER, LLC",,344 OLD MCHENRY RD,LONG GROVE,IL,60047,S,ACTIVE,
IL-S-20121,BRELLA SPIRITS INC.,,800 HOLLYWOOD AVE,ITASCA,IL,60143,S,ACTIVE,
IL-S-20122,"LET THERE BE! DISTILLERS, LLC",LETHERBEE,14469 STATE HWY 97,PETERSBURG,IL,62675,S,ACTIVE,
IL-S-20123,NOVKA VODKA LLC,Novka Vodka,4798 COLT RD,ROCKFORD,IL,61109,S,ACTIVE,
IL-S-20124,PARALLEL 42 LLC,,924 NORTHWEST HWY,FOX RIVER GROVE,IL,60021,S,ACTIVE,
IL-S-83,"DIAGEO AMERICAS SUPPLY, INC.",,24440 W 143RD ST,PLAINFIELD,IL,60544,S,ACTIVE,
IN-S-15003,"PROXIMO DISTILLERS, LLC",PROXIMO DISTILLERS,220 SHIPPING ST,LAWRENCEBURG,IN,47025,S,ACTIVE,
IN-S-15006,VIRTUOSO DISTILLERS LLC,,4211 GRAPE RD,MISHAWAKA,IN,46545,S,ACTIVE,
IN-S-15010,SENSIENT FLAVORS LLC,,5600 W RAYMOND ST,INDIANAPOLIS,IN,46241,S,ACTIVE,
IN-S-15011,"CENTRAL INDIANA ETHANOL, LLC",,2955 W DELPHI PIKE,MARION,IN,46952,S,ACTIVE,
IN-S-15016,"MGPI OF INDIANA, LLC",,7 RIDGE AVE,LAWRENCEBURG,IN,47025,S,ACTIVE,
IN-S-15018,"P.D. KANGAROO, INC.",BROKEN BEAKER,643 MASSACHUSSETTS AVE,INDIANAPOLIS,IN,46204,S,ACTIVE,
IN-S-15020,PACKAGING GROUP CORP.,,2125 E US HWY 12,MICH CITY,IN,46360,S,ACTIVE,
IN-S-160,GRAIN PROCESSING CORPORATION,,1443 S 300 W,WASHINGTON,IN,47501,S,ACTIVE,
IN-S-161,"HUBER ORCHARDS, INC.",Huber's Starlight Distillery,19816 HUBER RD,BORDEN,IN,47106,S,ACTIVE,
IN-S-20005,HURST HEAVY DISTILLING LLC,,3145 DR. ANDREW J. BROWN AVE,INDIANAPOLIS,IN,46205,S,ACTIVE,
IN-S-20011,JOSEPH & JONES LLC,Mogul Vodka,5320 W 79TH ST,INDIANAPOLIS,IN,46268,S,ACTIVE,
IN-S-20012,BAMC INC.,Gelaburst,300 S CARROLL ROAD,INDIANAPOLIS,IN,46229,S,ACTIVE,
IN-S-20017,JCM DEVELOPMENT LLC,Outlaw Lickers,1410 BALLOU RD,FLOYDS KNOBS,IN,47119,S,ACTIVE,
IN-S-20018,THE MALT GUILD INC.,Joe Morgan's Black Diamond Distillery,2082 W STATE ROAD 45 STE 2A,MORGANTOWN,IN,46160,S,ACTIVE,
IN-S-20021,176 SPIRITS LLC,Little Pot,9600 N US HIGHWAY 31,COLUMBUS,IN,47201,S,ACTIVE,
IN-S-20023,JUSTIN S. MCLAIN,Windy Ridge Distillery,307 WASHINGTON ST,COVINGTON,IN,47932,S,ACTIVE,
IN-S-20024,LAUGHERY VALLEY DISTILLERY LLC,Lucky 7 Distillery,857 SIX PINE RANCH RD BLDG D,BATESVILLE,IN,47006,S,ACTIVE,
IN-S-20026,BLACKTHORNE DISTILLERY LLC,,2441 E MAIN ST,GREENWOOD,IN,46142,S,ACTIVE,
IN-S-20027,T & T DISTILLERY INC.,Gem City Spirits,359 N MAIN ST,FRANKFORT,IN,46041,S,ACTIVE,
IN-S-20028,WEST FORK WHISKEY CO.,West Fork Whiskey Co.,1660 BELLEFONTAINE ST ST,INDIANAPOLIS,IN,46202,S,ACTIVE,
IN-S-20029,"FRENCH LICK WINE & SPIRITS, INC.",Spirits of French Lick,8145 W SINCLAIR ST,WEST BADEN SPRINGS,IN,47469,S,ACTIVE,
IN-S-20030,"JAIL PROPERTY, LLC",Boone County Jail Distillery,104 W WASHINGTON ST,LEBANON,IN,46052,S,ACTIVE,
IN-S-20033,"BEST VINEYARDS, LLC",,8373 MORGANS LN SE,ELIZABETH,IN,47117,S,ACTIVE,
IN-S-20034,"CROWN BREWING, LLC",,211 S EAST ST STE 2,CROWN POINT,IN,46307,S,ACTIVE,
IN-S-20038,TURKEY RUN DISTILLERY LLC,,1389 E STATE ROAD 47,MARSHALL,IN,47859,S,ACTIVE,
IN-S-20039,"DANNY BOY DISTILLING WORKS, LLC",Danny Boy Distilling Works,12702 MEETING HOUSE RD,CARMEL,IN,46032,S,ACTIVE,
IN-S-20041,"THREE FLOYDS DISTILLING CO., LLC",,9750 INDIANA PKWY,MUNSTER,IN,46321,S,ACTIVE,
IN-S-20043,TERRE HAUTE DISTILLING CO LLC,,831 OAK ST,TERRE HAUTE,IN,47807,S,ACTIVE,
IN-S-20045,"DONUM DEI BREWERY, LLC",,3211 GRANTLINE RD STE 3,NEW ALBANY,IN,47150,S,ACTIVE,
IN-S-20046,WIND HILL DISTILLERY LLC,,103 W 5TH ST,EARL PARK,IN,47942,S,ACTIVE,
IN-S-20047,"YONDER SPIRITS, LLC",,5718 S 6TH STREET RD,VINCENNES,IN,47591,S,ACTIVE,
IN-S-20051,SALT CREEK DISTILLERY LLC,,466 OLD STATE 37 RD N,BEDFORD,IN,47421,S,ACTIVE,
IN-S-20053,CHRISTOPHER T. GERARD,Bare Hands Brewery,12804 SANDY CT,GRANGER,IN,46530,S,ACTIVE,
IN-S-20056,SAZERAC OF INDIANA LLC,Northwest Ordiance Distilling,707 PILLSBURY LN,NEW ALBANY,IN,47150,S,ACTIVE,
IN-S-20058,"COAL FACTORY DISTILLING, LLC",Wilderland Distillery,1302 COLUMBIA AVE,INDIANAPOLIS,IN,46202,S,ACTIVE,
IN-S-20060,INDIANA PEONY SPIRIT LLC,,9402 UPTOWN DR STE 2100,INDIANAPOLIS,IN,46255,S,ACTIVE,
IN-S-20061,TOMAHAWK BREWING CO LLC,Danny Boy,208 S DUNN ST,BLOOMINGTON,IN,47408,S,ACTIVE,
IN-S-20062,RUHE CORPORATION,Ruhe 152,152 W MARKET ST,NAPPANEE,IN,46550,S,ACTIVE,
IN-S-20063,KIRK'S POINTE LLC,,405 E JEFFERSON ST STE A & B,KIRKLIN,IN,46050,S,ACTIVE,
IN-S-20065,REFRESCO BEVERAGES US INC.,,2000 SCHENLEY PL,GREENDALE,IN,47025,S,ACTIVE,
IN-S-20066,"JOURNEYMAN DISTILLERY, LLC",Journeyman Distillery,258 S CAMPBELL ST BLDG C,VALPARAISO,IN,46383,S,ACTIVE,
IN-S-20069,"LANTHIER WINERY, LLC",Lanthier Winery,431 W LAGRANGE RD,HANOVER,IN,47243,S,ACTIVE,
IN-S-20071,"ALCHEMY SPIRIT HOUSE, INC.",,"640 S MAIN ST STE. 400, 500, 600",ZIONSVILLE,IN,46077,S,ACTIVE,
IN-S-20072,OLD TOWN BREWING COMPANY LLC,Old Town Distilling,147 S MADISON AVE,GREENWOOD,IN,46142,S,ACTIVE,
IN-S-20073,HOPWOOD CELLARS LLC,Hopwood Winery/Vineyard/Distillery/Event Center,2055 S US 421,ZIONSVILLE,IN,46077,S,ACTIVE,
IN-S-20075,"HOTEL TANGO WHISKEY, INC.",Hotel Tango Whiskey,951 W MORRIS ST STE D & E,INDIANAPOLIS,IN,46221,S,ACTIVE,
IN-S-20076,WADE INVESTMENT PARTNERS LLC,Mad Paddle Spirits,301 WEST ST,MADISON,IN,47250,S,ACTIVE,
IN-S-20077,"HOTEL TANGO WHISKEY, INC.","HOTEL TANGO WHISKEY, INC",702 VIRGINIA AVE,INDIANAPOLIS,IN,46203,S,ACTIVE,
IN-S-20078,NAILERS BREWING CO LLC,,6001 N US HIGHWAY 31 HWY STE 14 & 15,WHITELAND,IN,46184,S,ACTIVE,
IN-S-20079,CIRCLE CITY SONORANS LLC,Circle,1050 E WASHINGTON ST,INDIANAPOLIS,IN,46202,S,ACTIVE,
IN-S-20081,ZORN BREW WORKS CO LLC,Zorn Distillery,605-619 E 9TH ST,MICHIGAN CITY,IN,46360,S,ACTIVE,
IN-S-20083,DUNELAND DISTILLERY CORP,Duneland Distillery,124 N 8TH ST,CHESTERTON,IN,46304,S,ACTIVE,
IN-S-20085,"POET BIOREFINING - ALEXANDRIA, LLC",,13179 N 100 EAST,ALEXANDRIA,IN,46001,S,ACTIVE,
IN-S-20086,"BLACK CIRCLE BREWING COMPANY, LLC",Loom Indy,1901 E 46TH ST UNIT 2,INDIANAPOLIS,IN,46205,S,ACTIVE,
IN-S-20087,"PRAIRIE CLUB 19, LLC",Trophy Room,131 E DUNES HWY,BEVERLY SHORES,IN,46301,S,ACTIVE,
IN-S-20088,HARD TRUTH DISTILLING COMPANY LLC,Hard Truth Distilling Company,982 S MARR RD,COLUMBUS,IN,47201,S,ACTIVE,
IN-S-20089,CARDINAL SPIRITS LLC,Cardinal Spirits,2000 LIBERTY DR,BLOOMINGTON,IN,47403,S,ACTIVE,
IN-S-20090,18TH STREET DISTILLERY LLC,,2807 E 10TH ST,INDIANAPOLIS,IN,46201,S,ACTIVE,
IN-S-20091,"CATALYST DISTILLING, LLC",,205 GRANDSTAND WAY,FORT WAYNE,IN,46825,S,ACTIVE,
IN-S-20092,"HI AND MIGHTY, LLC",Hi and Mighty,1202 E 38TH ST,INDIANAPOLIS,IN,46205,S,ACTIVE,
IN-S-20093,LUCK FISH AND COMPANY,,2816 W 560 S,WINAMAC,IN,46996,S,ACTIVE,
IN-S-20094,BLOCKHEAD LLC,Blockhead,150 WASHINGTON ST,VALPARAISO,IN,46383,S,ACTIVE,
IN-S-20095,"HCBJ SPIRITS, LLC",HCBJ Spirits,5220 ELMWOOD AVE,INDIANAPOLIS,IN,46203,S,ACTIVE,
IN-S-20096,STONEHAVEN DISTILLERY LLC,Stonehaven Distillery,115 E MAIN CROSS ST,EDINBURGH,IN,46124,S,ACTIVE,
IN-S-20097,THE BROOKLYN PIZZA COMPANY LLC,Smalltown Spirits,751 WEST 2ND ST,SEYMOUR,IN,47274,S,ACTIVE,
IN-S-20098,INDIANA NATURAL INFUSIONS LLC,,287 WESTMEADOW PL,LOWELL,IN,46356,S,ACTIVE,
IN-S-20100,BOTANICAL SPIRITS LIMITED INC,Botanical Spirits Limited,5813 W 73RD ST,INDIANAPOLIS,IN,46278,S,ACTIVE,
IN-S-20101,WEST FORK WHISKEY CO - HQ2 LLC,West Fork Whiskey Co,10 E 191ST ST,WESTFIELD,IN,46074,S,ACTIVE,
IN-S-20102,BIG SQUEEZE DISTILLERY LLC,Manhattan Moonshine Company,2032 MOUNDS RD,ANDERSON,IN,46016,S,ACTIVE,
IN-S-20103,TIPTON SPIRITS LLC,Wabash Valley Distilling,304 S DEPOT ST,BRAZIL,IN,47834,S,ACTIVE,
IN-S-20105,450 NORTH SPIRITS INC.,450 NORTH SPIRITS,8111 E 450 N STE E,COLUMBUS,IN,47203,S,ACTIVE,
IN-S-20106,BOTTLEWERKS CUSTOM SPIRITS LLC,,8070 CASTLETON RD UNIT 5105,INDIANAPOLIS,IN,46250,S,ACTIVE,
IN-S-20107,CHEMISTRY AT THE YARD LLC,Chemistry at the Yard,1302 COLUMBIA AVE,INDIANAPOLIS,IN,46202,S,ACTIVE,
IN-S-20108,LION MANE DISTILLING CO LLC,Lion Mane Distilling,414 DORMAN ST STE A,INDIANAPOLIS,IN,46202,S,ACTIVE,
IN-S-20110,MCCRACKEN CURVE DISTILLERY LLC,McCracken Curve Distillery,5663 E OLD US HIGHWAY 50,MONGTOMERY,IN,47558,S,ACTIVE,
IN-S-20112,"COUNTRY HERITAGE WINERY & VINEYARD, INC.",,185 CR 68,LAOTTO,IN,46763,S,ACTIVE,
IN-S-20114,ATMOSPHERE CLEAR SPIRITS LLC,,225 N DANIELS WAY STE 2-B,BLOOMINGTON,IN,47404,S,ACTIVE,
IN-S-20115,"MBV-MIDWEST, LLC",Manna Beverages,7520 GEORGETOWN RD,INDIANAPOLIS,IN,46268,S,ACTIVE,
IN-S-20116,"TELL CITY HOSPITALITY, INC",,706 HUMBOLDT ST UNIT D,TELL CITY,IN,47586,S,ACTIVE,
IN-S-20117,"DANNY BOY BEER WORKS, LLC",Danny Boy Distilling Works,904 W MAIN ST,CARMEL,IN,46032,S,ACTIVE,
IN-S-20118,"SEVEN SPRINGS FARM WINERY, INC.",,7340 W 700 CTR N,CARTHAGE,IN,46115,S,ACTIVE,
IN-S-20119,"AT THE BARN, LLC",At The Barn Winery,4152 N DEARBORN RD,LAWRENCEBURG,IN,47025,S,ACTIVE,
IN-S-20120,ROOT & REVELRY CRAFT COCKTAILS LLC,Root & Revelry Craft Cocktails,397 PILOT DR STE 101,VALPARAISO,IN,46383,S,ACTIVE,
IN-S-20121,FALLING SANDS DISTILLERY LLC,Falling Sands Distillery,9601 S INDUSTRIAL DR STE A,ST JOHN,IN,46373,S,ACTIVE,
IN-S-20122,"STOIC DISTILLING COMPANY, LLC",Stoic Distilling Company,410 W WAYNE ST,SOUTH BEND,IN,46601,S,ACTIVE,
IN-S-20123,IRA WHISKEY COMPANY LLC,IRA Whiskey Company,488 N CONCORD RD BLDG B,CRAWFORDSVILLE,IN,47933,S,ACTIVE,
IN-S-20124,"GUARDIAN SAUGATUCK, LLC",,1650 W BLOOMFIELD RD,BLOOMINGTON,IN,47403,S,ACTIVE,
IN-S-20125,"HARD PRESSED, INC",Hard Pressed,1101 E 54TH ST STE E,INDIANAPOLIS,IN,46220,S,ACTIVE,
IN-S-20126,"BRENNTAG MID-SOUTH, LLC",,3111 N POST RD,INDIANAPOLIS,IN,46226,S,ACTIVE,
IN-S-20127,THREE FLOYDS BREWING LLC,,480 W 45TH ST,MUNSTER,IN,46321,S,ACTIVE,
IN-S-20128,DRASHAUN MORROW,Morrow Home Distilling,1270 HIGH ST,CHARLESTOWN,IN,47111,S,ACTIVE,
IN-S-20129,GRAEY SPIRITS LLC,Graey Spirits,113 S FRONT ST,RENSSELAER,IN,47978,S,ACTIVE,
KS-S-15001,HIGH PLAINS INC,,1700 ROOKS RD,ATCHISON,KS,66002,S,ACTIVE,
KS-S-15002,"WYLDEWOOD CELLARS, INC.",WYLDEWOOD CELLARS,951 E 119TH ST,PECK,KS,67120,S,ACTIVE,
KS-S-15004,"HONOR DISTILLING, LLC",,301 BROADWAY ST,VALLEY FALLS,KS,66088,S,ACTIVE,
KS-S-15006,"GOOD SPIRITS DISTILLING, LLC","Good Spirits Distilling, LLC",15450 S KEELER ST,OLATHE,KS,66062,S,ACTIVE,
KS-S-15011,"T AND K INDUSTRIES, LLC",,17064 NESS RD,PARSONS,KS,67357,S,ACTIVE,
KS-S-20002,STRANGER BOTTOMS DISTILLERY LLC,,19051 TONGANOXIE DR,TONGANOXIE,KS,66086,S,ACTIVE,
KS-S-20004,TIMOTHY KYLE,Ornery Brother Distilling,121 E 6TH ST,KINSLEY,KS,67547,S,ACTIVE,
KS-S-20007,BLACK SWAN STILL HOUSE L.L.C.,Black Swan Still House,109 W SANTA FE AVE,BURLINGAME,KS,66413,S,ACTIVE,
KS-S-20010,"LIQUIDPROOF II, LLC",,102 W MAIN ST,SEDAN,KS,67361,S,ACTIVE,
KS-S-20013,PUREFIELD INGREDIENTS LLC,,1224 E 15TH ST,RUSSELL,KS,67665,S,ACTIVE,
KS-S-20016,"SALT CITY BREWING COMPANY, LLC",Salt City Brewing Company,514 N MAIN ST,HUTCHINSON,KS,67501,S,ACTIVE,
KS-S-20017,"KBK BOTTLING, LLC",,15450 S KEELER ST,OLATHE,KS,66062,S,ACTIVE,
KS-S-20018,"MAPLE LEAF ORCHARDS, LLC",Cider Still House,1747 N 200 RD,BALDWIN CITY,KS,66006,S,ACTIVE,
KS-S-20019,"KANSAS TERRITORY BREWING CO., INC.",Kansas Territory Distilling,1827 WILSON DR BLDG STILLHOUSE,WASHINGTON,KS,66968,S,ACTIVE,
KS-S-20020,BLUFF CREEK DISTILLERY LLC,,16 S MAIN ST,CALDWELL,KS,67022,S,ACTIVE,
KS-S-20021,"ARKALON ETHANOL, LLC",,8664 ROAD P,LIBERAL,KS,67901,S,ACTIVE,
KS-S-20022,M&K BRANDS LLC,Leavenworth Distilling Company,424 CHEROKEE ST BLDG,LEAVENWORTH,KS,66048,S,ACTIVE,
KS-S-20023,HARTWALKER DISTILLING LLC,Hartwalker Distilling,15450 S KEELER ST,OLATHE,KS,66062,S,ACTIVE,
KS-S-20024,"BONANZA BIOENERGY, LLC",,2830 E US HIGHWAY 50 STE B,GARDEN CITY,KS,67846,S,ACTIVE,
KS-S-20025,FLASH SOLUTIONS LLC,,15450 S KEELER ST,OLATHE,KS,66062,S,ACTIVE,
KS-S-20026,KMFT SOLUTIONS LLC,,15450 S KEELER ST,OLATHE,KS,66062,S,ACTIVE,
KS-S-20027,"GUNNAR'S BOURBON COMPANY, LLC",,102 W MAIN ST,SEDAN,KS,67361,S,ACTIVE,
KS-S-20028,CARROLL'S MANAGEMENT INC.,Replay Lounge,947 NEW HAMPSHIRE ST STE 100,LAWRENCE,KS,66044,S,ACTIVE,
KS-S-20029,SUNNYE RIDGE WINERY LLC,SR Beverage,15450 S KEELER ST,OLATHE,KS,66062,S,ACTIVE,
KS-S-20030,"MOLLYBIRD, LLC",,15450 S KEELER ST,OLATHE,KS,66062,S,ACTIVE,
KS-S-20034,WILDFLOWER HOLLER DISTILLERY LLC,LJ Thorne Distilling Company,15912 206TH ST,TONGANOXIE,KS,66086,S,ACTIVE,
KS-S-20035,"STUGA SPIRITS, INC.",,501 W SPRUCE ST,DODGE CITY,KS,67801,S,ACTIVE,
KS-S-20036,THE BURNING BARREL LLC,,292 N 2100 RD,LECOMPTON,KS,66050,S,ACTIVE,
KS-S-20037,AJ BOTTLING COMPANY LLC,,15450 S KEELER ST,OLATHE,KS,66062,S,ACTIVE,
KS-S-20038,BOURBON COUNTY HANDCRAFTED SPIRITS LLC,Bourbon County Handcrafted Spirits,110 SOUTH MAIN ST,FORT SCOTT,KS,66701,S,ACTIVE,
KS-S-20039,AMERICAN BEVERAGE MANUFACTURING LLC,,18425 WEBSTER ST UNIT 309,SPRING HILL,KS,66083,S,ACTIVE,
KS-S-20040,B-4 RANCH DISTILLING CO. LLC,B-4 Ranch Distilling Co,10814 NW 30TH ST,CHEROKEE,KS,66724,S,ACTIVE,
KS-S-20041,QUAFFTIDE LLC,,15450 S KEELER ST,OLATHE,KS,66062,S,ACTIVE,
KS-S-20042,THREE SHEETS LLC,Three Sheets,15450 S KEELER ST,OLATHE,KS,66062,S,ACTIVE,
KS-S-20043,"GUNNAR'S BOURBON COMPANY, LLC",Gunnar's Bourbon Company,2425 S ST. PAUL ST,WICHITA,KS,67217,S,ACTIVE,
KS-S-22,"MGPI PROCESSING, INC.",,1300 MAIN ST,ATCHISON,KS,66002,S,ACTIVE,
KY-S-10,BROWN-FORMAN CORPORATION,,"1908 HOWARD ST , SHIP TO:",LOUISVILLE,KY,40210,S,ACTIVE,
KY-S-15002,"DIAGEO AMERICAS SUPPLY, INC.",,3860 FITZGERALD RD,LOUISVILLE,KY,40216,S,ACTIVE,
KY-S-15005,"WOODSHED BEVERAGE, LLC",BARREL HOUSE DISTILLING COMPANY,1200 MANCHESTER ST BLDG 9,LEXINGTON,KY,40504,S,ACTIVE,
KY-S-15007,"STRONG SPIRITS, INC.",,999 WITHROW CT,BARDSTOWN,KY,40004,S,ACTIVE,
KY-S-15008,"THREE SPRINGS BOTTLING COMPANY, LLC",,201 CAMPING WORLD CT,BOWLING GREEN,KY,42104,S,ACTIVE,
KY-S-15014,CAMPARI AMERICA LLC,WILD TURKEY DISTILLERY,1417 VERSAILLES RD,LAWRENCEBURG,KY,40342,S,ACTIVE,
KY-S-15023,"BROWN-FORMAN DISTILLERY, INC.",OLD FORESTER DISTILLING CO.,119 W MAIN ST,LOUISVILLE,KY,40202,S,ACTIVE,
KY-S-20001,"DISTILLED SPIRITS EPICENTER, LLC",,801-809 S 8TH ST,LOUISVILLE,KY,40203,S,ACTIVE,
KY-S-20003,MICHTER'S DISTILLERY LLC,,2351 NEW MILLENNIUM DR,LOUISVILLE,KY,40216,S,ACTIVE,
KY-S-20011,"FLAVORCRAFT INDUSTRIES, INC.",Flavorcraft Industries,2123 WATTERSON TRL,LOUISVILLE,KY,40299,S,ACTIVE,
KY-S-20015,"NEW RIFF DISTILLING, LLC.",,24 DISTILLERY WAY,NEWPORT,KY,41073,S,ACTIVE,
KY-S-20020,"PERISTYLE, LLC",Castle & Key Distillery,4445 MCCRACKEN PIKE,FRANKFORT,KY,40601,S,ACTIVE,
KY-S-20024,"LOUISVILLE DISTILLING COMPANY, LLC",,500 E MAIN ST,LOUISVILLE,KY,40202,S,ACTIVE,
KY-S-20025,"ROUTE 52 MOONSHINE, LLC",,465 BEATTYVILLE RD,IRVINE,KY,40336,S,ACTIVE,
KY-S-20026,DISTILLERY AMERICA LLC,,1110 WILSON AVE,LOUISVILLE,KY,40210,S,ACTIVE,
KY-S-20027,A L DISTILLERY INC,,4708 PINEWOOD RD,LOUISVILLE,KY,40229,S,ACTIVE,
KY-S-20028,"DIAGEO AMERICAS SUPPLY, INC.",,3900 BENSON PIKE,SHELBYVILLE,KY,40065,S,ACTIVE,
KY-S-20037,"HEARTHSTONE DISTILLED SPIRITS, LLC",,30 ALMO RD,ALMO,KY,42020,S,ACTIVE,
KY-S-20040,"CROOKED TAIL DISTILLING CO., LLC",,106 E WASHINGTON ST,PRINCETON,KY,42445,S,ACTIVE,
KY-S-20042,R KEITH HAZELBAKER VENTURES INC,PCS Distilling Company,436 BAXTER AVE,LOUISVILLE,KY,40204,S,ACTIVE,
KY-S-20046,PATRIOT BRANDS LLC,Six Mile Creek Distillery,12606 CASTLE HWY,PLEASUREVILLE,KY,40057,S,ACTIVE,
KY-S-20048,"JAMES PEPPER DISTILLING CO., LLC",,1228 MANCHESTER ST STE 100,LEXINGTON,KY,40504,S,ACTIVE,
KY-S-20050,"BARRELL CRAFT SPIRITS, LLC",,3311 GILMORE INDUSTRIAL BLVD STE 2 AND 3,LOUISVILLE,KY,40213,S,ACTIVE,
KY-S-20055,"MEADOWBROOK ESTATES, LLC",OLD BLUE RIBBON BOURBON,2283 BALLARDSVILLE RD,EMINENCE,KY,40019,S,ACTIVE,
KY-S-20056,"BARJACK, LLC",,2095 N KY 3041,CORBIN,KY,40701,S,ACTIVE,
KY-S-20059,KENTUCKY MIST DISTILLERY LEXINGTON LLC,,105 SUMMIT AT FRITZ FARM STE 110,LEXINGTON,KY,40517,S,ACTIVE,
KY-S-20063,WILLY'S DISTILLERY LLC,"Wildcat Willy's Distillery, LLC",31 E BROADWAY ST,WINCHESTER,KY,40391,S,ACTIVE,
KY-S-20064,"LEFT BANK DISTILLED SPIRITS, LLC",,1001 LOGAN ST 139,LOUISVILLE,KY,40204,S,ACTIVE,
KY-S-20068,WASHTUCKY HOLDINGS LLC,,955 CHENAULT RD BLDG B STE 2,FRANKFORT,KY,40601,S,ACTIVE,
KY-S-20069,"ALLTECH'S BEVERAGE DIVISION, LLC",Alltech's Lexington Brewing & Distilling Co.,475 ANGLIANA AVE,LEXINGTON,KY,40508,S,ACTIVE,
KY-S-20071,JBS KENTUCKY SPIRITS LLC,Joe Brett's Ice Cream,522 E WASHINGTON ST,WINCHESTER,KY,40391,S,ACTIVE,
KY-S-20072,BLUEGRASS BOTTLING LLC,BLUEGRASS BOTTLING,4263 BUCKEYE RD,LANCASTER,KY,40444,S,ACTIVE,
KY-S-20074,MARK METCALFE,Metcalfe Landscaping & Garden Center,410 PRINCETON RD,MADISONVILLE,KY,42431,S,ACTIVE,
KY-S-20075,"RD #1 BOURBON, LLC",RD#1 Spirits,113 TURNER COMMONS WAY,LEXINGTON,KY,40508,S,ACTIVE,
KY-S-20077,BROWN WATER SPIRITS LLC,O.H. Ingram River Aged,78 RIVERSIDE DR,COLUMBUS,KY,42032,S,ACTIVE,
KY-S-20078,"WHITE DOG TRADING AND STORAGE, LLC",,167 MCKINNEY AVE,MIDWAY,KY,40347,S,ACTIVE,
KY-S-20079,"GBRE, LLC",GBRE,450 SOUTHERN SOUL WAY,LANCASTER,KY,40444,S,ACTIVE,
KY-S-20080,"BRAXTON BREWING COMPANY, LLC",Chattanooga Whiskey,25-29 W. 7TH ST,COVINGTON,KY,41016,S,ACTIVE,
KY-S-20081,"SILVER SPRINGS FARM EQWINE & VINEYARD, LLC",,3710 LEESTOWN RD,LEXINGTON,KY,40511,S,ACTIVE,
KY-S-20084,"DIAGEO AMERICAS SUPPLY, INC.",Diageo Lebanon Distillery,100 BOURBON DR,LEBANON,KY,40033,S,ACTIVE,
KY-S-20085,MAIN ST. BOURBON LLC,BARRELS & BILLETS CUSTOM BOURBON,800 W MAIN ST,LOUISVILLE,KY,40202,S,ACTIVE,
KY-S-20086,"COMMONWEALTH AGRI-ENERGY, LLC",,4895 PEMBROKE RD,HOPKINSVILLE,KY,42240,S,ACTIVE,
KY-S-20090,JN SPIRITS LLC,Rivergreen Cocktails,2732 RIVERGREEN CIR,LOUISVILLE,KY,40206,S,ACTIVE,
KY-S-20092,"LOG STILL DISTILLING, LLC","Log Still Distilling, LLC",225 DEE HEAD RD,GETHSEMANE,KY,40051,S,ACTIVE,
KY-S-20094,"TDS DISTILLING, LLC",The Woodwork Collective,4427 POPLAR LEVEL RD,LOUISVILLE,KY,40213,S,ACTIVE,
KY-S-20095,DISTILLERY DISTRICT BOTTLERS LLC,,203 LISLE INDUSTRIAL AVE STE 150,LEXINGTON,KY,40511,S,ACTIVE,
KY-S-20097,OLD COMMONWEALTH SPIRITS LLC,Old Commonwealth Spirits,2180 GLENSBORO RD,LAWRENCEBURG,KY,40342,S,ACTIVE,
KY-S-20098,"JKM VENTURES, LLC",,901 E LIBERTY ST,LOUISVILLE,KY,40204,S,ACTIVE,
KY-S-20100,KENTUCKY WHISKEY BOTTLING LLC,,551 TAPP RD STE 1,HARRODSBURG,KY,40330,S,ACTIVE,
KY-S-20101,OLD LOUISVILLE WHISKEY CO. LLC,,2600 SOUTH 7TH STREET RD,LOUISVILLE,KY,40208,S,ACTIVE,
KY-S-20103,"OSD SPIRITS COMPANY, LLC",,1010 DEATSVILLE RD,COXS CREEK,KY,40013,S,ACTIVE,
KY-S-20106,"LUXCO, INC.",Lux Row Distillers,1 LUX ROW,BARDSTOWN,KY,40004,S,ACTIVE,
KY-S-20107,AMERICAN BOURBON COMPANY LLC,American Bourbon Company,6327 MIDLAND INDUSTRIAL DR,SHELBYVILLE,KY,40065,S,ACTIVE,
KY-S-20108,"BUZZARD'S ROOST SPIRITS, LLC",,624 W MAIN ST,LOUISVILLE,KY,40202,S,ACTIVE,
KY-S-20109,"BLACKWOOD DISTILLING CO., LLC",,100 THOMAS LN,VERSAILLES,KY,40383,S,ACTIVE,
KY-S-20111,"SAZERAC DISTILLERS, LLC",County Line Distillers,800 AMERICAN DRIVE,BARDSTOWN,KY,40004,S,ACTIVE,
KY-S-20112,VICTORY GLOBAL LLC,Brough Brothers Distillery Waterfront Park,1250 RIVER RD,LOUISVILLE,KY,40206,S,ACTIVE,
KY-S-20114,"LIMESTONE FARMS, LLC","Limestone Farms, LLC",197 SOARDS RD,GEORGETOWN,KY,40324,S,ACTIVE,
KY-S-20118,"COAST 2 COAST CATTLE & LAND COMPANY, LLC",Pensive,12007 OLD LEXINGTON PIKE,WALTON,KY,41094,S,ACTIVE,
KY-S-20119,"DIVINE SPIRITS, LLC",,203 LISLE INDUSTRIAL AVE STE 150,LEXINGTON,KY,40511,S,ACTIVE,
KY-S-20120,ULTRA PURE KENTUCKY LLC,,6800 ENTERPRISE DR,LOUISVILLE,KY,40214,S,ACTIVE,
KY-S-20121,LUCA MARIANO DISTILLERY LLC,,80 OLD LANCASTER RD,DANVILLE,KY,40422,S,ACTIVE,
KY-S-20123,BOURBON CAPITAL BREWING LLC,Scout and Scholar Brewing Co.,112 W FLAGET AVE,BARDSTOWN,KY,40004,S,ACTIVE,
KY-S-20124,"BOURBISKEY, LLC",,188 TURNER COMMONS WAY STE 110,LEXINGTON,KY,40508,S,ACTIVE,
KY-S-20125,"GINKINS INTERNATIONAL, LLC",Ginkins Distillery,934 W OAK ST,LOUISVILLE,KY,40203,S,ACTIVE,
KY-S-20126,"ANDERSON COUNTY DISTILLING COMPANY, LLC",Larrikin Bourbon Company,1319 VERSAILLES RD,LAWRENCEBURG,KY,40342,S,ACTIVE,
KY-S-20128,"KWH VENTURE, LLC",Whiskey House of Kentucky,106 PRITCHARD PKWY,ELIZABETHTOWN,KY,42701,S,ACTIVE,
KY-S-20129,"DERBY CITY HOPS, LLC",Hop Atomica,1318 MCHENRY ST,LOUISVILLE,KY,40217,S,ACTIVE,
KY-S-20130,GENUINE RISK LLC,Coxs Creek Distilling Company,6628 CLERMONT RD,COXS CREEK,KY,40013,S,ACTIVE,
KY-S-20133,DOWN HOME DISTILLING COMPANY LLC,,522 BETHEL CHURCH RD,MOUNT WASHINGTON,KY,40047,S,ACTIVE,
KY-S-20134,MEADOW LAND DISTILLERY LLC,,106 SHAWNEE DR,EMINENCE,KY,40019,S,ACTIVE,
KY-S-20135,"PEGASUS PACKAGING, LLC",,421 HAVEN HILL RD,SHELBYVILLE,KY,40065,S,ACTIVE,
KY-S-20136,UNIVERSITY OF KENTUCKY RESEARCH FOUNDATION,,1320 NICHOLASVILLE RD,LEXINGTON,KY,40503,S,ACTIVE,
KY-S-20137,ANODIA SYSTEMS LLC,,109 LARRIMORE LN,DANVILLE,KY,40422,S,ACTIVE,
KY-S-20139,BESPOKEN SPIRITS INC.,Bespoken Spirits,109 W LOUDON AVE,LEXINGTON,KY,40508,S,ACTIVE,
KY-S-20140,"PERNOD RICARD USA, LLC",,100 DISTILLERS DR,LEBANON,KY,40033,S,ACTIVE,
KY-S-20141,"BC WAREHOUSE 1, LLC",,104 FORTUNE DR,FRANKFORT,KY,40601,S,ACTIVE,
KY-S-20142,"OLD COMMONWEALTH DISTILLERY, LLC",,2021 GLENSBORO RD,LAWRENCEBURG,KY,40342,S,ACTIVE,
KY-S-20144,"THOUSAND ACRES DISTILLING, LLC",Thousand Acres Distilling Company,994 THOUSAND ACRES,SPRINGFIELD,KY,40069,S,ACTIVE,
KY-S-20145,"ABB PARTNERS, LLC",Grain and Barrel Spirits,103 E STEPHEN FOSTER AVE,BARDSTOWN,KY,40004,S,ACTIVE,
KY-S-20146,"OSD MANUFACTURING, LLC",Old Steelhouse Distillery,1010 DEATSVILLE ROAD,COX CREEK,KY,40013,S,ACTIVE,
KY-S-20147,"EXTENDED STAVE WAREHOUSING, LLC",,2160 HARRODSBURG RD,LAWRENCEBURG,KY,40342,S,ACTIVE,
KY-S-20148,TKC HOSPITALITY GROUP LLC,Saga Spirits Group,120 CORPORATE DR,FRANKFORT,KY,40601,S,ACTIVE,
KY-S-20149,5094 DISTILLING LLC,5094 DISTILLING,5094 OLD LAIR RD,LAIR,KY,41031,S,ACTIVE,
KY-S-20150,AMERICAN FREEDOM DISTILLERY LLC,American Freedom Distillery,1 RECYCLE WAY,SOMERSET,KY,42503,S,ACTIVE,
KY-S-20151,"WHISKEY THIEF DISTILLING COMPANY, INC.",,610 NANNY GOAT STRUT,LOUISVILLE,KY,40202,S,ACTIVE,
KY-S-20152,"PRO-LIQUITECH, LLC",Flavorman,809 S 8TH ST,LOUISVILLE,KY,40203,S,ACTIVE,
KY-S-20154,"BARREL ROLL, LLC",The Blending House,1917 VIGO RD,SHELBYVILLE,KY,40065,S,ACTIVE,
KY-S-20155,"WOODSHED BEVERAGE, LLC",Barrel House Distilling Co.,1039 SEA BISCUIT WAY,CYNTHIANA,KY,41031,S,ACTIVE,
KY-S-20157,"BENSON VALLEY DISTRIBUTORS, LLC",,1501 BENSON VALLEY RD,FRANKFORT,KY,40601,S,ACTIVE,
KY-S-20159,PROVA LLC,Prova Spirits,917 E LIBERTY ST,LOUISVILLE,KY,40204,S,ACTIVE,
KY-S-20160,"R&S OPCO., LLC",,101 N MAIN ST,VERSAILLES,KY,40383,S,ACTIVE,
KY-S-20161,DARK ARTS WHISKEY HOUSE LLC,,1170 MANCHESTER ST STE 190,LEXINGTON,KY,40508,S,ACTIVE,
KY-S-20162,LONELY SPIRITS DISTILLERY LLC,Lonely Spirits Distillery,1050 MORTONS GAP-WHITE PLAINS RD,WHITE PLAINS,KY,42464,S,ACTIVE,
KY-S-20163,"NEW ERA WHISKEY COMPANY, LLC",NEW ERA WHISKEY COMPANY,333 E SHORT ST STE 150 & 120,LEXINGTON,KY,40507,S,ACTIVE,
KY-S-20164,MAHOGANY FOX SPIRITS CO LLC,,111 S 11TH ST,LOUISVILLE,KY,40203,S,ACTIVE,
KY-S-20165,"15 STARS, LLC",,1500 PARKWAY DR,BARDSTOWN,KY,40004,S,ACTIVE,
KY-S-20166,"UNCLE BOOJIES SPIRIT COMPANY, LLC",,1000 E BROADWAY,LOUISVILLE,KY,40204,S,ACTIVE,
KY-S-20168,"APPALACHIA KENTUCKY HOLDINGS, LLC",Whistlepig Whiskey Co.,1707 ARMORY PL,BRANDENBURG,KY,40108,S,ACTIVE,
KY-S-20169,BOURDON SPIRITS COMPANY LLC,Copper & Kings American Brandy Company,1121 E WASHINGTON ST,LOUISVILLE,KY,40206,S,ACTIVE,
KY-S-20170,STODDARD SPIRITS LLC,,121 S CLAY ST,LOUISVILLE,KY,40202,S,ACTIVE,
KY-S-20171,"AMEN SPIRITS, LLC",Amen Spirits,150 SAWMILL RD,BOSTON,KY,40107,S,ACTIVE,
KY-S-20172,ABSTRACTION SPIRITS LLC,,407 JEFFERSON ST,PADUCAH,KY,42001,S,ACTIVE,
KY-S-20173,MRA VENTURES LLC,MRA Ventures,2160 HARRODSBURG RD UNIT 300,LAWRENCEBURG,KY,40342,S,ACTIVE,
KY-S-20174,BROTHERS WRIGHT DISTILLING CO LLC,,745 HAMBLEY BLVD,PIKEVILLE,KY,41501,S,ACTIVE,
KY-S-20176,"ROW 94, LLC",,1500 PARKWAY DR,BARDSTOWN,KY,40004,S,ACTIVE,
KY-S-20177,"EWS WODKA, LLC",,1500 PARKWAY DR,BARDSTOWN,KY,40004,S,ACTIVE,
KY-S-20178,EASTERN LIGHT DISTILLING LLC,Eastern Light Distilling,1325 RODNEY HITCH BLVD,MOREHEAD,KY,40351,S,ACTIVE,
KY-S-20179,"PROXIMO DISTILLERS, LLC",,999 WITHROW CT,BARDSTOWN,KY,40004,S,ACTIVE,
KY-S-20180,"IJW WHISKEY COMPANY, LLC",The Maven Distillery,1691 ZARING MILL RD BLDG RH1 PW1 BT,SHELBYVILLE,KY,40065,S,ACTIVE,
KY-S-20181,"LOUISVILLE DISTILLING COMPANY, LLC",,4546 CAMPBELLSBURG RD,CAMPBELLSBURG,KY,40011,S,ACTIVE,
KY-S-20182,"NSD SPIRITS, LLC",Never Say Die,249 W SHORT ST STE 200,LEXINGTON,KY,40507,S,ACTIVE,
KY-S-20183,"FRANK AUGUST, LLLP",,1500 PARKWAY DR,BARDSTOWN,KY,40004,S,ACTIVE,
KY-S-20184,FOUR BRANCHES HOLDINGS INC.,,1500 PARKWAY DR,BARDSTOWN,KY,40004,S,ACTIVE,
KY-S-20185,HOOTEN & YOUNG WINE AND SPIRITS LLC,,1500 PARKWAY DR,BARDSTOWN,KY,40004,S,ACTIVE,
KY-S-20186,GRAVITY DRINKS US INC.,,1500 PARKWAY DR,BARDSTOWN,KY,40004,S,ACTIVE,
KY-S-20187,"BUGLISI RECOBS GROUP, INC.",,1500 PARKWAY DR,BARDSTOWN,KY,40004,S,ACTIVE,
KY-S-20188,"BUZZARD'S ROOST SPIRITS, LLC",,1500 PARKWAY DR,BARDSTOWN,KY,40004,S,ACTIVE,
KY-S-20189,PRIVATE STOCK WHISKEY CO LLC,,1037 N MAIN ST,BEAVER DAM,KY,42320,S,ACTIVE,
KY-S-20190,GREENFIELD GLOBAL USA INC.,,1101 ISAAC SHELBY DR,SHELBYVILLE,KY,40065,S,ACTIVE,
KY-S-20191,"COUNTRY BOY BREWING, LLC",,6325 CINCINNATI PIKE,SADIEVILLE,KY,40370,S,ACTIVE,
KY-S-20192,"STETSON SPIRITS, LLC",,1500 PARKWAY DR,BARDSTOWN,KY,40004,S,ACTIVE,
KY-S-20193,"KLUKE SPIRITS, INC.",K.LUKE Whiskey Company,1500 PARKWAY DRIVE,BARDSTOWN,KY,40004,S,ACTIVE,
KY-S-20194,"DOOR KNOCKER WHISKEY, LLC",Door Knocker Whiskey,201 WILLIS STREET,SHELBYVILLE,KY,40065,S,ACTIVE,
KY-S-20195,"FARMER'S DISTILLERY, LLC",,1310 W BRECKINRIDGE ST,LOUISVILLE,KY,40210,S,ACTIVE,
KY-S-20196,"AMERICAN CRAFT BOTTLING, LLC",,2100 WATTERSON TRL,LOUISVILLE,KY,40299,S,ACTIVE,
KY-S-20197,WATHEN & CO LLC,,1017 E BROADWAY,LOUISVILLE,KY,40204,S,ACTIVE,
KY-S-20198,"GREATFUL BRANDS, INC.",Greatful Brands,4730 ALLMOND AVE,LOUISVILLE,KY,40209,S,ACTIVE,
KY-S-20199,MCBRAYER LEGACY SPIRITS LLC,,2 GILL ST,LAWRENCEBURG,KY,40342,S,ACTIVE,
KY-S-20200,"BRBN STORAGE, LLC",BRBN Storage LLC,4845 KY 555 HWY,SPRINGFIELD,KY,40069,S,ACTIVE,
KY-S-20201,"OLD TERRELL DISTILLERY CO., LLC",,411 - 417 JEFFERSON ST,PADUCAH,KY,42001,S,ACTIVE,
KY-S-20202,"OLD RED TRUCK DISTILLERY, LLC",Old Red Truck Farm Distillery,1545 WELLS LANDING RD,DANVILLE,KY,40422,S,ACTIVE,
KY-S-20203,"LOGAN VINEYARDS, LLC",,254 HOPEWELL RD,HARRODSBURG,KY,40330,S,ACTIVE,
KY-S-20204,"BRBN STORAGE, LLC",,1500 PARKWAY DR,BARDSTOWN,KY,40004,S,ACTIVE,
KY-S-20205,THE BRAND COLLECTIVE LLC,,1500 PARKWAY DR,BARDSTOWN,KY,40004,S,ACTIVE,
KY-S-20206,SMITHTOWN LLC,,1500 PARKWAY DR,BARDSTOWN,KY,40004,S,ACTIVE,
KY-S-20207,CARTER OF KENTUCKY LLC,,105 W MARKET ST,LOUISVILLE,KY,40202,S,ACTIVE,
KY-S-20208,"TIGERSHINE COPPER DISTILLERY, LLC",TigerShine Copper Distillery,423 ELLEN ST,LONDON,KY,40741,S,ACTIVE,
KY-S-20209,"PROOF AND WOOD VENTURES, INC",,999 WITHROW CT,BARDSTOWN,KY,40004,S,ACTIVE,
KY-S-230,JIM BEAM BRANDS CO.,,526 HAPPY HOLLOW RD,CLERMONT,KY,40110,S,ACTIVE,
KY-S-47,FOUR ROSES DISTILLERY LLC,,1224 BONDS MILL RD,LAWRENCEBURG,KY,40342,S,ACTIVE,
KY-S-768,JIM BEAM BRANDS CO.,,3200 GEORGETOWN RD,FRANKFORT,KY,40601,S,ACTIVE,
KY-S-773,"BROWN-FORMAN DISTILLERY, INC.",,2921 DIXIE HWY,SHIVELY,KY,40216,S,ACTIVE,
KY-S-777,FOUR ROSES DISTILLERY LLC,,"624 LOTUS ROAD, HWY 1604",COX'S CREEK,KY,40013,S,ACTIVE,
KY-S-85,"HEAVEN HILL DISTILLERIES, INC.",,1064 LORETTO RD,BARDSTOWN,KY,40004,S,ACTIVE,
LA-S-1,CELEBRATION DISTILLATION CORPORATION,,2815 FRENCHMEN ST,NEW ORLEANS,LA,70122,S,ACTIVE,
LA-S-20001,"LOUISIANA SPIRITS, LLC",,20909 SOUTH FRONTAGE RD,LACASSINE,LA,70650,S,ACTIVE,
LA-S-20002,"ATELIER VIE, LLC",,1001 S BROAD ST,NEW ORLEANS,LA,70125,S,ACTIVE,
LA-S-20004,"LOUISIANA LIGHTNING, LLC",Louisiana Lightning,10571 HIGHWAY 16,AMITE,LA,70422,S,ACTIVE,
LA-S-20005,CAJUN SPIRITS DISTILLERY LLC,CAJUN SPIRITS DISTILLERY LLC,2532 POYDRAS ST BLDG,NEW ORLEANS,LA,70119,S,ACTIVE,
LA-S-20007,"RIVER ROAD DISTILLERY, L.L.C.",River Road Distillery,2151 KLIEBERT RD,PAULINA,LA,70763,S,ACTIVE,
LA-S-20009,"LOUISIANA DISTILLERIES, L.L.C.",,1848 CHARTER ST,JACKSON,LA,70748,S,ACTIVE,
LA-S-20011,"NEW ORLEANS DISTILLERS, LLC",New Orleans Distillers,501 DESTREHAN AVE,HARVEY,LA,70058,S,ACTIVE,
LA-S-20017,"OXBOW RUM DISTILLERY, LLC",,760 ST. PHILLIP ST,BATON ROUGE,LA,70802,S,ACTIVE,
LA-S-20020,FRUGE SPIRITS LLC,,7172 CHURCH POINT HWY,BRANCH,LA,70516,S,ACTIVE,
LA-S-20022,BOOTLEG DISTILLATION LLC,Porchjam Distillation,3918 GRAVIER ST,NEW ORLEANS,LA,70119,S,ACTIVE,
LA-S-20024,"J & L MANAGEMENT, INC.",,17660 GEORGE O'NEAL RD,BATON ROUGE,LA,70817,S,ACTIVE,
LA-S-20025,"LAISSEZ VERSEZ, LLC",,14141 AIRLINE HWY STE 3 A/B,BATON ROUGE,LA,70817,S,ACTIVE,
LA-S-20030,HS BEVERAGE INC.,NOLA-Distillery,3715 TCHOUPITOULAS ST,NEW ORLEANS,LA,70115,S,ACTIVE,
LA-S-20031,"BALMAGHIE BEVERAGE COMPANY, LLC",Balmaghie Beverage Company,501 MISSISSIPPI ST,DONALDSONVILLE,LA,70346,S,ACTIVE,
LA-S-20033,"STX PLATINUM, LLC",CRUZAN SWEETS,623 ST JOSPEH ST STE B,BATON ROUGE,LA,70802,S,ACTIVE,
LA-S-20034,"BIG EASY BLENDS, L.L.C.",Big Easy Blends,698 ST GEORGE AVE,NEW ORLEANS,LA,70121,S,ACTIVE,
LA-S-20037,"SAZERAC COMPANY, INC.",The Sazerac House,101 MAGAZINE ST,NEW ORLEANS,LA,70130,S,ACTIVE,
LA-S-20039,"ABITA BREWING COMPANY, L.L.C.",Abita Distilling Company,21084 HIGHWAY 36 HWY,COVINGTON,LA,70433,S,ACTIVE,
LA-S-20041,"THORNTON'S BLACK WATER COFFEE LIQUEUR, L.L.C.",Thornton's Black Water Coffee Liqueur,1062 PEARL DR,BOSSIER CITY,LA,71111,S,ACTIVE,
LA-S-20042,MMGT INC.,,3715 TCHOUPITOULAS ST,NEW ORLEANS,LA,70115,S,ACTIVE,
LA-S-20043,HOLY SPIRITS DISTILLERY LLC,,201 S CHESTNUT ST,LAFAYETTE,LA,70501,S,ACTIVE,
LA-S-20045,"THE BACKYARD, LLC",The Backyard,244 W HARRISON AVE,NEW ORLEANS,LA,70124,S,ACTIVE,
LA-S-20046,"1827 SPIRITS, LLC",1827 Spirits,1622 CARTER ST,VIDALIA,LA,71373,S,ACTIVE,
LA-S-20047,TRIPLE LINE DISTILLING LLC,Triple Line,12294 HIGHWAY 22,PONCHATOULA,LA,70454,S,ACTIVE,
LA-S-20048,"LOUISIANA ROOTS, L.L.C.",Urban South Distilling,1645 TCHOUPITOULAS ST STE 1,NEW ORLEANS,LA,70130,S,ACTIVE,
LA-S-20049,BOURBON ST. & WHISKEY BEVERAGE CO. LLC,Bourbon St & Whiskey Distillery,1145 MACARTHUR AVE,HARVEY,LA,70058,S,ACTIVE,
LA-S-20050,"JEAN BAPTISTE SPIRITS, LLC",Jean Baptiste,1016 N CRUSE AVE,BROUSSARD,LA,70518,S,ACTIVE,
LA-S-20051,LOUISIANA MOONSHINE CO LLC,Louisiana Moonshine Co,12193 LAKE CHARLES HWY,LEESVILLE,LA,71446,S,ACTIVE,
LA-S-20053,OLE ORLEANS WINES AND SPIRITS INC,Blueprint Distillery by Ole' Orleans,579 BROOKLYN AVE,JEFFERSON,LA,70121,S,ACTIVE,
LA-S-20054,"ISTROUMA FOODS, L.L.C.",,5474 BAYOU PAUL RD,ST. GABRIEL,LA,70776,S,ACTIVE,
LA-S-20055,"OXBOW RUM DISTILLERY, LLC",Oxbow Rum Distillery,4353 ALMA PLANTATION RD,LAKELAND,LA,70752,S,ACTIVE,
LA-S-20057,"JOLIE ROUGE DISTILLERY, LLC",,5918 W OLD SPANISH TRL BLDG C,NEW IBERIA,LA,70503,S,ACTIVE,
LA-S-20059,"COCKTAIL & SONS, INC.",Cocktail & Sons,1130 DESTREHAN AVE,HARVEY,LA,70058,S,ACTIVE,
LA-S-20060,LIBERTY CANE SYRUP AND SPIRITS LLC,,15470 LA HWY 77,ROSEDALE,LA,70772,S,ACTIVE,
LA-S-20061,"DIRTY SPIRITS, LLC",Dirty Spirits,130 W SIXTH AVE,OBERLIN,LA,70655,S,ACTIVE,
LA-S-20062,ANDREW MOUTON,,900 ONEONTA ST,SHREVEPORT,LA,71106,S,ACTIVE,
LA-S-20063,"BIG EASY SPIRITS COMPANY, INC.",,1512 ROBERT C BLAKES SR. DR,NEW ORLEANS,LA,70130,S,ACTIVE,
LA-S-20064,PROPER SAKE LLC,Rice Vice,143 DELARONDE ST,NEW ORLEANS,LA,70114,S,ACTIVE,
LA-S-20065,STOLTHAVEN NEW ORLEANS LLC,,2444 ENGLISH TURN RD,BRAITHWAITE,LA,70040,S,ACTIVE,
LA-S-20066,"KISATCHIE SPRINGS DISTILLERY, L.L.C.",Kisatchie Springs Distillery,5524 JOHN ESKEW DR,ALEXANDRIA,LA,71303,S,ACTIVE,
LA-S-20067,BAYOU BROTHERS DISTILLING COMPANY LLC,,10221 PATRIOT DR STE A,BATON ROUGE,LA,70816,S,ACTIVE,
LA-S-20068,EPIC CANNING AND BOTTLING INC.,,2791 VALLEY VIEW DR,SHREVEPORT,LA,71108,S,ACTIVE,
MA-S-15006,"TURKEY SHORE DISTILLERIES, LLC",,23 HAYWARD ST #8,IPSWICH,MA,01938,S,ACTIVE,
MA-S-15008,AEL DISTILLERIES INC.,,916 SUFFIELD ST UNIT 2,AGAWAM,MA,01001,S,ACTIVE,
MA-S-15009,"LAZY VALLEY WINERY, INC.",COPPER MOON DISTILLERY,69 PARKER ST,SPRINGFIELD,MA,01151,S,ACTIVE,
MA-S-20004,"DIRTY WATER DISTILLERY, LLC",,49 CORDAGE PARK CIR UNIT 2,PLYMOUTH,MA,02360,S,ACTIVE,
MA-S-20006,PIRATE DOG BRAND L.L.C.,,4 FLORENCE ST UNIT 3,SALEM,MA,01970,S,ACTIVE,
MA-S-20007,"RUSTIC SPIRITS, LLC",,70 FINNELL DR UNIT 2,WEYMOUTH,MA,02188,S,ACTIVE,
MA-S-20008,JONATHAN BENSON,Mass Appealed Distillery,18 ELM ST,HATFIELD,MA,01038,S,ACTIVE,
MA-S-20009,JONATHAN CARR AND PETER CARR,Carr's Ciderhouse,12 MOUNT WARNER RD,HADLEY,MA,01035,S,ACTIVE,
MA-S-20010,"GRAND HILL FARM, INC.",DEEP CASK,148 STILL RIVER RD,HARVARD,MA,01451-1501,S,ACTIVE,
MA-S-20011,"ASTRALUNA, LLC",,120 N MEADOWS ROAD RD UNIT 1,MEDFIELD,MA,02052,S,ACTIVE,
MA-S-20012,"BRADFORD DISTILLERY, LLC",,3 POND PARK UNIT 4,HINGHAM,MA,02043,S,ACTIVE,
MA-S-20013,"RUNNING BROOK VINEYARD & WINERY, INC.",,335 OLD FALL RIVER RD,NORTH DARTMOUTH,MA,02747,S,ACTIVE,
MA-S-20020,"DOWNEAST CIDER HOUSE, LLC",Suffolk Distilling Company,256 MARGINAL ST BLDG 32,EAST BOSTON,MA,02128,S,ACTIVE,
MA-S-20022,"MARTHA'S VINEYARD DISTILLING COMPANY, INC.",Martha's Vineyard Distilling Company,343 STATE RD,WEST TISBURY,MA,02575,S,ACTIVE,
MA-S-20023,"SILVER BEAR DISTILLERY, LLC",,63 FLANSBURG AVE,DALTON,MA,01226,S,ACTIVE,
MA-S-20024,"CAPE AND ISLAND DISTILLERS, LLC",,10 A EVERGREEN CIR,MASHPEE,MA,02649,S,ACTIVE,
MA-S-20025,ELEMENT BREWING COMPANY LLC,Element Squared,16 BRIDGE ST,MILLERS FALLS,MA,01349,S,ACTIVE,
MA-S-20026,OLDMAN'S DISTILLERY LLC,,70 KEMBLE ST,BOSTON,MA,02119,S,ACTIVE,
MA-S-20027,"IROKOS GROUP, LLC",IROKOS GROUP,32 NORFOLK AVE STE 2,SOUTH EASTON,MA,02375,S,ACTIVE,
MA-S-20028,SHEASHYNE LLC,,175 NEW BOSTON ST STE KK,WOBURN,MA,01801,S,ACTIVE,
MA-S-20029,"OFF-PISTE ENTERPRISES, LLC",Forager,506 STATE RD STE 501,NORTH ADAMS,MA,01247,S,ACTIVE,
MA-S-20031,"CAPE COD DISTILLERY, LLC",Cape Cod Distilling Company,8 JAN SEBASTIAN DR UNIT 6,SANDWICH,MA,02563,S,ACTIVE,
MA-S-20035,"FREYJAY DISTILLERY, LLC",FreyJay Distillery,13 S HARBOR LOOP UNIT 7,GLOUCESTER,MA,01930,S,ACTIVE,
MA-S-20036,STEVEN R. GOUGEON AND JENNIFER M. WILLIAMS,Bear Swamp Orchard & Cidery,1209 B HAWLEY RD,ASHFIELD,MA,01330,S,ACTIVE,
MA-S-20038,"ECHO HILL ORCHARDS & WINERY, LLC","Echo Hill Orchards& Winery, LLC",101 WILBRAHAM RD RD BLDG,MONSON,MA,01057,S,ACTIVE,
MA-S-20039,SERGIO BONAVITA,Tobacco Road Distillers,707 COLLEGE HWY BLDG 2,SOUTHWICK,MA,01077,S,ACTIVE,
MA-S-20040,"SKYROC BREWERY, LLC",Skyroc Brewery,11 RIVERBANK RD UNIT B,ATTLEBORO,MA,02703,S,ACTIVE,
MA-S-20041,COLLABORATIVE COLLECTIVE ORG,,30 LP HENDERSON RD,BEVERLY,MA,01915,S,ACTIVE,
MA-S-20043,BARREL FUND LLC,,401 WASHINGTON ST,DUXBURY,MA,02332,S,ACTIVE,
MA-S-20044,"TRILLIUM BREWING COMPANY, LLC",Trillium Distilling Company,100 ROYALL ST,CANTON,MA,02021,S,ACTIVE,
MA-S-20045,"TREE HOUSE BREWING COMPANY, INC.",Tree House Distillery,129 STURBRIDGE RD,CHARLTON,MA,01507,S,ACTIVE,
MA-S-20047,HERBESCO INC.,Herbesco Inc.,41 FREEMONT ST,WORCESTER,MA,01603,S,ACTIVE,
MA-S-20048,"TRIPLE EIGHT DISTILLERY NEW BEDFORD, INC.",,1494 E RODNEY FRENCH BLVD,NEW BEDFORD,MA,02740,S,ACTIVE,
MA-S-20049,"TRIPLE EIGHT DISTILLERY SEAPORT, INC.",,65 NORTHERN AVE,BOSTON,MA,02210,S,ACTIVE,
MA-S-20050,BERKSHIRE WINERY LLC,,81 STATE RD,RICHMOND,MA,01254,S,ACTIVE,
MA-S-20051,BULL SPIT BREWING COMPANY,Bull Spit Brewing Company,4 SUMMER ST BLDG 4 & 15,WINCHENDON,MA,01475,S,ACTIVE,
MA-S-20053,IRON DUKE BREWING LLC,Sole Syndicate Distilling,100 STATE ST STE 122 & 222,LUDLOW,MA,01056,S,ACTIVE,
MA-S-20054,CURTIS SHERRER,Great Falls Spirits,44 CANAL RD,TURNERS FALLS,MA,01376,S,ACTIVE,
MA-S-20055,"COLDSNAP, CORP.",ColdSnap,6 ENTERPRISE RD,BILLERICA,MA,01821,S,ACTIVE,
MA-S-20058,"TREE HOUSE BREWING COMPANY, INC.",Tree House Distillery,1 COMMUNITY PL,SOUTH DEERFIELD,MA,01373,S,ACTIVE,
MA-S-20059,"TREE HOUSE BREWING COMPANY, INC.",Tree House Distillery,98 TOWN NECK RD,SANDWICH,MA,02563,S,ACTIVE,
MA-S-20060,"ROYALTEN, LLC",GrandTen Distilling,383 DORCHESTER AVE UNIT 130,BOSTON,MA,02127,S,ACTIVE,
MA-S-20061,VAUGHN HILL GROUP INC.,Vaughn Hill Distillery,57 VAUGHN HILL RD,BOLTON,MA,01740,S,ACTIVE,
MA-S-20062,"CISCO BREWERS, DISTILLERS, VINTNERS, SEAPORT, INC.",Cisco Seaport,85 NORTHERN AVE,BOSTON,MA,02210,S,ACTIVE,
MA-S-20063,"NIGHT SHIFT BREWING, INC.",,87 SANTILLI HWY,EVERETT,MA,02149,S,ACTIVE,
MA-S-20064,"MASS BAY BREWING COMPANY, INC.",American Spiked Beverages,306 NORTHERN AVE,BOSTON,MA,02210,S,ACTIVE,
MA-S-20065,"SHOVEL TOWN BREWERY, INC.",Station One by Shovel Town Brewery,44 SCHOOL ST,FOXBOROUGH,MA,02035,S,ACTIVE,
MA-S-20066,"TREE HOUSE BREWING COMPANY, INC.",Tree House Distillery,1880 MAIN ST,TEWKSBURY,MA,01876,S,ACTIVE,
MA-S-20067,"TREE HOUSE BREWING COMPANY, INC.",Tree House Distillery,85 LIVINGSTON ST,TEWKSBURY,MA,01876,S,ACTIVE,
MA-S-20070,"BERKSHIRE BREWING COMPANY, INC.",,12 RAILROAD ST,SOUTH DEERFIELD,MA,01373,S,ACTIVE,
MA-S-20071,RIGHT COAST BRANDS LLC,,81 MORTON ST,FRAMINGHAM,MA,01702,S,ACTIVE,
MA-S-20072,TROY CITY BREWING INC.,,16 ANAWAN ST BLDG 1,FALL RIVER,MA,02721,S,ACTIVE,
MA-S-20073,"MERCURY BREWING AND DISTRIBUTION COMPANY, INC.",Ipswich Ale Brewery,2 BREWERY PL,IPSWICH,MA,01938,S,ACTIVE,
MA-S-20074,"MASS BAY BREWING COMPANY, INC.",,40 WALCOTT ST,WORCESTER,MA,01603,S,ACTIVE,
MA-S-20075,ABANDONED BUILDING BREWERY LLC,Abandoned Building Brewery,142 PLEASANT ST UNIT 103A,EASTHAMPTON,MA,01027,S,ACTIVE,
MA-S-20076,"NIGHT SHIFT LOVEJOY, LLC",Night Shift Brewing,1 LOVEJOY WHARF STE 101,BOSTON,MA,02114,S,ACTIVE,
MA-S-20077,"TRILLIUM AT FARNSWORTH, LLC",,47 FARNSWORTH ST,BOSTON,MA,02210,S,ACTIVE,
MA-S-20078,AMERICAN CRAFT BREWERY LLC,The Boston Beer Company,30 GERMANIA ST,BOSTON,MA,02130,S,ACTIVE,
MA-S-20079,FATED FARMER DISTILLERY LLC,Fated Farmer Distillery,100 ROYALL ST,CANTON,MA,02021,S,ACTIVE,
MA-S-20080,SHAWMUT HUDSON LLC,Trillium Brewing Company,401 PARK DR,BOSTON,MA,02115,S,ACTIVE,
MA-S-20081,"JACK'S ABBY BREWING, LLC",Jack's Abby,100 CLINTON ST,FRAMINGHAM,MA,01702,S,ACTIVE,
MA-S-20082,"FINESTKIND BREWING, LLC",Wachusett Brewing Company,175 STATE RD E,WESTMINSTER,MA,01473,S,ACTIVE,
MA-S-20083,"NEW ENGLAND BARREL COMPANY, LLC",,1 GENERAL WAY UNIT 40,READING,MA,01867,S,ACTIVE,
MA-S-20084,"TREE HOUSE BREWING COMPANY, INC.",Tree House Distillery,800 BOYLSTON ST,BOSTON,MA,02199,S,ACTIVE,
MA-S-20085,"EXHIBIT ""A"" BREWING COMPANY, INC.","EXHIBIT ""A"" BREWING CO.",4 MAIN ST,WILLIAMSBURG,MA,01096,S,ACTIVE,
MA-S-20086,"CISCO BREWERS, DISTILLERS & VINTNERS FENWAY, INC.",Cisco Fenway,1301 -1305 BOYLSTON STREET,BOSTON,MA,02215,S,ACTIVE,
MA-S-20087,"NASKETUCKET BAY VINEYARD, INC.",,237 NEW BOSTON RD,FAIRHAVEN,MA,02719,S,ACTIVE,
MA-S-20088,"GG'S CUSTOM METALS, INC.",Good'Nuff Distillery,785 NEW LUDLOW RD,SOUTH HADLEY,MA,01075,S,ACTIVE,
MA-S-20089,"ESSEX COUNTY CELLARING, LLC",Alfalfa Farm,267 ROWLEY BRIDGE RD,TOPSFIELD,MA,01983,S,ACTIVE,
MA-S-20090,NAMU DISTILLING COMPANY LLC,,89 HEATH ST,BOSTON,MA,02130,S,ACTIVE,
MA-S-20091,"STONE COW BREWERY, LLC",Stone Cow,500 B WEST ST,BARRE,MA,01005,S,ACTIVE,
MA-S-20092,MEDFORD BREWING COMPANY,Medford Brewing Company,30 HARVARD AVE,MEDFORD,MA,02155,S,ACTIVE,
MA-S-20093,LORD HOBO BREWING COMPANY LLC,,5 DRAPER ST,WOBURN,MA,01801,S,ACTIVE,
MA-S-20094,"MARZAE, LLC",,100 HANOVER ST,BOSTON,MA,02108,S,ACTIVE,
MA-S-20096,LUCKEY'S DISTILLING LLC,,58 PULASKI ST UNIT A1-1,PEABODY,MA,01960,S,ACTIVE,
MA-S-20097,"SHOVEL TOWN BREWERY, INC.",,50 OLIVER ST UNIT W8A,NORTH EASTON,MA,02356,S,ACTIVE,
MA-S-20098,"ATOMIC ESPIRITUS, LLC",,107 WATER ST,DANVERS,MA,01923,S,ACTIVE,
MA-S-20099,RAISING GLASSES LLC,,38 MONTVALE AVE STE 150A,STONEHAM,MA,02180,S,ACTIVE,
MA-S-20100,"WEST BROOKFIELD SPIRITS, LLC",West Brookfield Spirits,107 EAST MAIN STREET,WEST BROOKFIELD,MA,01585,S,ACTIVE,
MA-S-20101,"BE HOPPY BREWING, LLC",,250 PATRIOT PL,FOXBOROUGH,MA,02035,S,ACTIVE,
MA-S-20102,"RUSHFORD & SONS BREWHOUSE, LLC",,8 GROVE ST,UPTON,MA,01568,S,ACTIVE,
MA-S-20103,COQUITO CHUKITO LLC,Coquito Chukito,120 FRONT ST,HOLYOKE,MA,01040,S,ACTIVE,
MA-S-20104,"BE HOPPY BREWING, LLC",,72 SHREWSBURY ST STE 7,WORCESTER,MA,01604,S,ACTIVE,
MA-S-20105,"HATCHET, L.L.C",Hatchet,45 N CARVER RD,WEST WAREHAM,MA,02576,S,ACTIVE,
MA-S-20106,"BONFINI BOOTLEGGERS, LLC",,45 GARDEN LN STE B,EASTHAM,MA,02642,S,ACTIVE,
MA-S-72,"M. S. WALKER, INC.",M.S. Walker,300 MEADOW RD,BOSTON,MA,02136,S,ACTIVE,
MA-S-96,"NASHOBA VALLEY SPIRITS, LTD.",,100 WATTAQUADOCK HILL RD,BOLTON,MA,01740,S,ACTIVE,
MD-S-15002,"BLACKWATER DISTILLING, INC.",,405 CLEAT ST,STEVENSVILLE,MD,21666,S,ACTIVE,
MD-S-15004,"THE LAZY LIZARD, LLC",,310 E MARKET ST,SNOW HILL,MD,21863,S,ACTIVE,
MD-S-20002,"HENRY M. WRIGHT & CO., INC.",,4804 BENSON AVE,BALTIMORE,MD,21227,S,ACTIVE,
MD-S-20004,"1ST DISTILLERY OF USA, LLC",,"11501 BEDFORD RD, NE",CUMBERLAND,MD,21502,S,ACTIVE,
MD-S-20005,CELICAR L.L.C.,Twin Valley Distillers,1029 E GUDE DR BLDG 105 & 105B,ROCKVILLE,MD,20850,S,ACTIVE,
MD-S-20006,"CASSINELLI WINERY & VINEYARDS, LLC",,"323, 325, 327 HIGH ST.",CHESTERTOWN,MD,21620,S,ACTIVE,
MD-S-20007,"LOUTHAN DISTILLING, LLC",Louthan Distilling,4251 HARFORD RD,BALTIMORE,MD,21214,S,ACTIVE,
MD-S-20008,BUTLER MANUFACTURING LLC,ArcticBuzz,10711 RED RUN BLVD STE 113,OWINGS MILLS,MD,21117,S,ACTIVE,
MD-S-20009,"THE BALTIMORE WHISKEY COMPANY, LLC",The Baltimore Spirits Company,1700 W 41ST ST STE 430,BALTIMORE,MD,21211,S,ACTIVE,
MD-S-20012,"OLD LINE SPIRITS, LLC",,4201 E PRATT ST,BALTIMORE,MD,21224,S,ACTIVE,
MD-S-20014,"SANGFROID DISTILLING, LLC",Frederick Distilling Company,5130 BALTIMORE AVE,HYATTSVILLE,MD,20781,S,ACTIVE,
MD-S-20018,"CARROLL CREEK WHISKEY, LLC",Tenth Ward Distilling Company,55 E PATRICK ST,FREDERICK,MD,21701,S,ACTIVE,
MD-S-20019,"SAGAMORE WHISKEY, LLC",Sagamore Spirit,301 E CROMWELL ST,BALTIMORE,MD,21230,S,ACTIVE,
MD-S-20020,"MCNEILL INDEPENDENT SPIRIT CREATORS, LLC",Miscellaneous Distillery,114 S MAIN ST STE B103,MOUNT AIRY,MD,21771,S,ACTIVE,
MD-S-20021,BLUEDYER DISTILLING CO,,52 INDUSTRIAL PARK DR STE 15 & 16,WALDORF,MD,20602,S,ACTIVE,
MD-S-20023,PATAPSCO DISTILLING COMPANY,,7609 MAIN ST,SYKESVILLE,MD,21784,S,ACTIVE,
MD-S-20025,"H. J. SMITH DISTILLERS, LLC",,12340 CRAIN HWY UNIT 300 & 400,NEWBURG,MD,20664,S,ACTIVE,
MD-S-20026,"BULLSHINE DISTILLERY, LLC",Bullshine Distillery,4401 EASTERN AVE,BALIMTORE,MD,21224,S,ACTIVE,
MD-S-20028,"AZABU DISTILLING CO., LLC",Azabu,4539 METROPOLITAN CT STE 214,FREDERICK,MD,21704,S,ACTIVE,
MD-S-20030,OTVB LLC,Spirits of Patriots,11501 PROGRESS LN,PRINCESS ANN,MD,21853,S,ACTIVE,
MD-S-20031,"SHMIDT SPIRITS, LLC",,10360 SOUTHARD DR,BELTSVILLE,MD,20705,S,ACTIVE,
MD-S-20032,PATRICK L. SETTERSTEN,ATX Garage Distilling,12090 STANSBURY DR BLDG B,MONROVIA,MD,21770,S,ACTIVE,
MD-S-20033,"PINE DISTILLING, LLC",,5715 INDUSTRY LN UNIT 2,FREDERICK,MD,21704,S,ACTIVE,
MD-S-20034,"CRAFTPACK, LLC",,1301 EDISON HWY STE A2,BALTIMORE,MD,21213,S,ACTIVE,
MD-S-20035,"TOASTED GOAT WINERY, LLC",Rout 40 Distilling Company,3 W FIRST ST,FROSTBURG,MD,21532,S,ACTIVE,
MD-S-20038,ST. MICHAELS DISTILLERY LLC,St. Michaels Distillery,1300 INDUSTRIAL PARK RD,FEDERALSBURG,MD,21632,S,ACTIVE,
MD-S-20039,"CHIMERAN SPIRITS, LLC",,4976 WHITE ROCK RD,FRIENDSVILLE,MD,21531,S,ACTIVE,
MD-S-20041,"DOUBLE DOWN DISTILLING, LLC",,5715 INDUSTRY LN STE 2,FREDERICK,MD,21704,S,ACTIVE,
MD-S-20043,F & F DISTILLERY LLC,Loveton Farms Distillery,11620 CROSSROADS CIR STE H,MIDDLE RIVER,MD,21220,S,ACTIVE,
MD-S-20045,RESIDENCE ACT DISTILLERY LLC,Residence Act Distillery,5133 FROLICH LN,HYATTSVILLE,MD,20781,S,ACTIVE,
MD-S-20046,OXFORD DISTILLING LLC,True Standard Distilling Company,10 N CARROLL ST,FREDERICK,MD,21701,S,ACTIVE,
MD-S-20048,"ST. MICHAELS WINERY, LLC",ST. MICHAELS WINERY,1300 INDUSTRIAL PARK RD,FEDERALSBURG,MD,21632,S,ACTIVE,
MD-S-20051,SPIRITS BY ABITHA LLC,Spirits by Abitha,184 LOG CANOE CIR,STEVENSVILLE,MD,21666,S,ACTIVE,
MD-S-20052,"HARFORD VINEYARD, LLC",,1311 W JARRETTSVILLE RD,FOREST HILL,MD,21050,S,ACTIVE,
MD-S-20053,"EAST ROAD BEVERAGES, LLC",East Road Beverages,4461 SOUTHERN BUSINESS PARK DR,WHITE PLAINS,MD,20695,S,ACTIVE,
MD-S-20054,"MOUNT FELIX HOLDINGS, LLC",,1904 LEVEL RD,HAVRE DE GRACE,MD,21078,S,ACTIVE,
MD-S-20055,BENSON RESTAURANTS LLC,Port House Grill,15 N MAIN ST,NORTH EAST,MD,21901,S,ACTIVE,
MD-S-20058,WILD LEAF HOLDINGS US LLC,,1301 EDISON HWY STE A2,BALTIMORE,MD,21213,S,ACTIVE,
MD-S-20060,HIDDEN HILLS WINERY-HOME OF FINE WINES LLC,Hidden Hills Farm and Vineyard,7554 GREEN VALLEY RD,FREDERICK,MD,21701,S,ACTIVE,
MD-S-20061,COVALENT SPIRITS LLC,,118 E MAIN ST,WESTMINSTER,MD,21157,S,ACTIVE,
MD-S-20062,"POOLES ISLAND BREWING COMPANY, LLC",,11695 CROSSROADS CIR STE A-D,MIDDLE RIVER,MD,21220,S,ACTIVE,
MD-S-20063,"BLACKSTONE BROTHERS, LLC",,2601 EMORY RD BLDG 1D,FINKSBURG,MD,21048,S,ACTIVE,
MD-S-20065,MESOZOIC TECHNOLOGIES LLC,Far Eastern Shore Winery,8370 OCEAN GATEWAY STE 1,EASTON,MD,21601,S,ACTIVE,
MD-S-20068,SDS LLC,Free State Distilling,223 W POTOMAC ST,BRUNSWICK,MD,21716,S,ACTIVE,
MD-S-20069,"FREE STATE DISTILLERY, INC.",Free State Distillery,1001 PRINCE GEORGES BLVD CONDO 200,UPPER MARLBORO,MD,20774,S,ACTIVE,
MD-S-20070,"SBY DISTILLERY, CORP",,117-119 W. MAIN ST.,SALISBURY,MD,21801,S,ACTIVE,
MD-S-20072,"CLIPPER CITY BREWING COMPANY, L.P.",Heavy Seas,4615 HOLLINS FERRY RD STE B,BALTIMORE,MD,21227,S,ACTIVE,
MD-S-20073,CHURCH STREET LLC,Church Street Distilling Company,25 W CHURCH ST,HAGERSTOWN,MD,21740,S,ACTIVE,
MD-S-20075,"BALT COUNTY BREWING, LLC",,10950 GILROY RD STE F,HUNT VALLEY,MD,21031,S,ACTIVE,
MD-S-20076,INTERBALT PRODUCTS CORP.,,20 SOUTHLAWN CT UNIT F,ROCKVILLE,MD,20850,S,ACTIVE,
MD-S-20079,BURLEY OAK LLC,Burley Oak Brewing Company,10016 OLD OCEAN CITY BLVD,BERLIN,MD,21811,S,ACTIVE,
MD-S-20082,TLC BEVERAGE BRANDS COMPANY,,650 NORTH POINT RD,BALTIMORE,MD,21237,S,ACTIVE,
MD-S-20083,"SPRINGHILL DISTILLERY, LLC",Springhill Distillery,"8663 MEMORY GARDENS LANE, LOT 2",HEBRON,MD,21830,S,ACTIVE,
MD-S-20084,"GRAY WOLF, LLC",Gray Wolf Spirits,605 S TALBOT ST UNIT 6,ST. MICHAELS,MD,21663,S,ACTIVE,
MD-S-20085,OLD HARFORD LLC,,1414 HARKINS RD,PYLESVILLE,MD,21132,S,ACTIVE,
MD-S-20086,SILVERTHORN RESERVE INC.,Silverthorn Reserve,4201 E PRATT ST,BALTIMORE,MD,21224,S,ACTIVE,
MD-S-20087,"WINDMILL CREEK VINEYARD AND WINERY,  INC.",,11208 WORCESTER HWY,BERLIN,MD,21811,S,ACTIVE,
MD-S-20088,SCOTT PADGETT,Naptown Spirits Company,1658 VILLLAGE GREEN,CROFTON,MD,21114,S,ACTIVE,
MD-S-20089,JS BREWERY LLC,JS Brewery,8970 ROUTE 108 STE B,COLUMBIA,MD,21045,S,ACTIVE,
MD-S-20090,CRICK WATER LLC,Crick Water,2 JACKSON ST,LONACONING,MD,21539,S,ACTIVE,
MD-S-20091,"BUTTERFLY SPIRITS, LLC",Butterfly Spirits,11800-11882 COAKLEY CIR STE 11832-36,N. BETHESDA,MD,20852,S,ACTIVE,
MD-S-561,"MONTEBELLO BRANDS, INC.","Montebello Brands, Inc.",1919 WILLOW SPRING RD BLDG,BALTIMORE,MD,21222,S,ACTIVE,
ME-S-15000,"MAINE DISTILLERIES, LLC","Maine Distilleries, LLC",437 U S ROUTE 1,FREEPORT,ME,04032,S,ACTIVE,
ME-S-15004,"TREE SPIRITS, LLC",,152 FAIRFIELD ST,OAKLAND,ME,04963,S,ACTIVE,
ME-S-15006,"ARTISAN DISTILLERY, LLC",,1487 MAIN ST,OXFORD,ME,04270,S,ACTIVE,
ME-S-15009,"SANDY RIVER DISTILLERY, LLC",,249 FARMINGTON FALLS RD,FARMINGTON,ME,04938,S,ACTIVE,
ME-S-20001,FERMENTATION & DISTILLATION LLC,Granite+Leonard Distilling,3 SOUTHGATE RD UNIT 7,SCARBOROUGH,ME,04074,S,ACTIVE,
ME-S-20008,"MR. BOSTON BRANDS, LLC",1820 Spirits,21 SARATOGA ST,LEWISTON,ME,04241,S,ACTIVE,
ME-S-20009,"DOOM FOREST DISTILLERY, LLC",doom forest distillery,29 CHADWICK LANE,PITTSTON,ME,04345,S,ACTIVE,
ME-S-20010,DOORYARD SHINE LLC,Dooryard Shine LLC,402 LITTLE FALLS RD,PEMBROKE,ME,04666,S,ACTIVE,
ME-S-20012,MILNE SPIRIT WORKS LLC,Hardshore Distilling Company,53 WASHINGTON AVE,PORTLAND,ME,04101,S,ACTIVE,
ME-S-20013,"STROUDWATER SPIRITS, LLC",Stroudwater Spirits,28 RESURGAM PL,PORTLAND,ME,04102,S,ACTIVE,
ME-S-20016,FIREHOUSE SPIRITS LLC,FireHouse Spirits,3477 UNION ST,LEVANT,ME,04456,S,ACTIVE,
ME-S-20017,"STONE FORT DISTILLERY, LLC",Stone Fort Distillery,26 PEARL ST UNIT 204,BIDDEFORD,ME,04005,S,ACTIVE,
ME-S-20018,"THE COPPER PENNY DISTILLERY, LLC",The Copper Penny Distillery,168 THYNGS MILLS RD,NORTH WATERBORO,ME,04061,S,ACTIVE,
ME-S-20019,THOMAS COLEMAN HARMON,,15 HOLLY ST STE 211,SCARBOROUGH,ME,04074,S,ACTIVE,
ME-S-20020,MOSSY LEDGE SPIRITS LLC,Mossy Ledge Spirits,1097 LAKINS RD,ETNA,ME,04434,S,ACTIVE,
ME-S-20021,THE DEVIL'S HALF ACRE LLC,The Devil's Half Acre,2256 US - 2,HERMON,ME,04401,S,ACTIVE,
ME-S-20022,BLACK DIAMOND WHISKEY L.L.C.,,180 ORIAN ST,BRUNSWICK,ME,04011,S,ACTIVE,
ME-S-20023,BLUE BARREN LLC,Blue Barren Distillery,128 JONES HILL RD,HOPE,ME,04847,S,ACTIVE,
ME-S-20026,"COMFORTABLE WATERS, LLC",Three of Strong Spirits,35 B DIAMOND ST,PORTLAND,ME,04101,S,ACTIVE,
ME-S-20027,BEAR BONES INC.,Bear Bones Distilling & Spirits,43 LISBON ST UNIT 1,LEWISTON,ME,04240,S,ACTIVE,
ME-S-20028,"2020 DISTILLING, LLC",2020 Distilling,596 N BERWICK RD,WELLS,ME,04090,S,ACTIVE,
ME-S-20029,APRES LLC,,140 ANDERSON ST,PORTLAND,ME,04101,S,ACTIVE,
ME-S-20030,"WOODMAN'S BREWING COMPANY, LLC",Wild Maine Hard Seltzer,61 MARGIN ST,ORONO,ME,04473,S,ACTIVE,
ME-S-20031,LUCE SPIRITS LLC,,474 MAIN ST,ROCKLAND,ME,04841,S,ACTIVE,
ME-S-20032,"LUCKY DOG DISTILLING, LLC",Batson River Brewing and Distilling,82 HANOVER ST,PORTLAND,ME,04101,S,ACTIVE,
ME-S-20033,H&S SPIRITS LLC,H&S Spirits,1363 W MAIN ST BLDG 1,HARRINGTON,ME,04643,S,ACTIVE,
ME-S-20034,"1820 BREWING COMPANY, LLC",Geary Brewing Company,38 EVERGREEN DR,PORTLAND,ME,04103,S,ACTIVE,
ME-S-20035,"PEAK ORGANIC BREWING COMPANY, LLC",Peak Organic Brewing Co. LLC,38 EVERGREEN DR,PORTLAND,ME,04103,S,ACTIVE,
ME-S-20036,ROOT WILD LLC,,135 WASHINGTON AVE,PORTLAND,ME,04101,S,ACTIVE,
ME-S-20037,BATTERY STEELE BREWING LLC,Battery Steele Brewing,"1 INDUSTRIAL WAY UNIT 9,11",PORTLAND,ME,04103,S,ACTIVE,
ME-S-20038,MAST LANDING BREWING COMPANY,,600 SACO ST,WESTBROOK,ME,04092,S,ACTIVE,
ME-S-20039,"PORTLAND DISTILLING COMPANY, LLC",Portland Distilling Co.,135 WALTON ST UNIT N,PORTLAND,ME,04103,S,ACTIVE,
ME-S-20042,"EAST OUTLET BREWING, LLC",East outlet brewing,375 RIPLEY RD,CAMBRIDGE,ME,04923,S,ACTIVE,
ME-S-20043,SEBAGO BREWING COMPANY,Maine Life Beverages,616 MAIN ST,GORHAM,ME,04038,S,ACTIVE,
ME-S-20044,OTTER POINT SPIRITS LLC,,474 MAIN ST,ROCKLAND,ME,04841,S,ACTIVE,
ME-S-20045,"MASON'S BREWING COMPANY, LLC",,586 MAIN ST,BANGOR,ME,04401,S,ACTIVE,
ME-S-20047,"CUSHNOC BREWING COMPANY, LLC",,3044 N BELFAST AVE,AUGUSTA,ME,04330,S,ACTIVE,
ME-S-20048,PORTLAND JAMBOREE LLC,Pennant Distilling & Brewing,250 COMMERCIAL ST,PORTLAND,ME,04101,S,ACTIVE,
ME-S-20049,"HIGHTECH EXTRACTS, LLC",,5 DRAPEAU ST STE 102,BIDDEFORD,ME,04005,S,ACTIVE,
ME-S-20050,"BISSELL BROTHERS BREWING COMPANY, LLC",BISSELL BROTHERS,38 RESURGAM PL,PORTLAND,ME,04102,S,ACTIVE,
ME-S-20051,"ANCIENT SOULS DISTILLERY, LLC",Ancient Souls Distillery,484 NEWFIELD RD,SHAPLEIGH,ME,04076,S,ACTIVE,
ME-S-20052,AEGIR'S DEN MEADERY LLC,Aegir's Den Meadery,110 BANTON RD UNIT 1,PALERMO,ME,04354,S,ACTIVE,
ME-S-20053,"WOODMAN'S BREWING COMPANY, LLC",Orono Brewing Company,24 COMMERCIAL PKWY,OLD TOWN,ME,04468,S,ACTIVE,
ME-S-20054,NEWSCAPES BREWING INC.,,163 WASHINGTON AVE UNIT 1,PORTLAND,ME,04101,S,ACTIVE,
ME-S-20055,"FOGTOWN BREWING COMPANY, LLC",,25 PINE ST A,ELLSWORTH,ME,04605,S,ACTIVE,
ME-S-20056,TRIPPING GOATS ORCHARD AND CIDERY LLC,,3815 W CHAPMAN RD,CHAPMAN,ME,04757,S,ACTIVE,
ME-S-20057,IDLEWILD WHISKEY COMPANY LLC,IdleWild Whiskey Company,19 PARK ST STE B,MILO,ME,04463,S,ACTIVE,
ME-S-20058,HELIOS PACKAGING LLC,Helios Packaging LLC,31 WASHINGTON AVE,SCARBOROUGH,ME,04074,S,ACTIVE,
MI-S-15000,"NEW HOLLAND BREWING COMPANY, L.L.C.",,66 E 8TH ST,HOLLAND,MI,49423,S,ACTIVE,
MI-S-15001,"LIQUID MANUFACTURING, LLC",,6150 WHITMORE LAKE RD,BRIGHTON,MI,48116,S,ACTIVE,
MI-S-15005,"AQUAMARINE SPRINGS, LLC",,550 S WISCONSIN,GAYLORD,MI,49735,S,ACTIVE,
MI-S-15011,"NORTHERN UNITED BREWING COMPANY, LLC",JOLLY PUMPKIN,311 S MAIN,ANN ARBOR,MI,48104,S,ACTIVE,
MI-S-15014,"ST. JULIAN WINE COMPANY, INC.",,700 FREEDOM COURT,DUNDEE,MI,48131,S,ACTIVE,
MI-S-15015,"ST. JULIAN WINE COMPANY, INC.",,2110 NORTH CONCORD ROAD,PARMA,MI,49269,S,ACTIVE,
MI-S-15016,"ENTENTE SPIRITS, LLC",ROUND BARN DISTILLERY,9185 UNION PIER RD,UNION PIER,MI,49129,S,ACTIVE,
MI-S-15017,"MICHIGAN BEER CELLAR, LLC",,500 E DIVISION ST,SPARTA,MI,49345,S,ACTIVE,
MI-S-15018,"NORTHERN UNITED BREWING COMPANY, LLC",JOLLY PUMPKIN,13512 PENINSULA DR UNIT 2,TRAVERSE CITY,MI,49686,S,ACTIVE,
MI-S-15020,"BEVERAGE SOLUTION TECHNOLOGIES, LLC",ARTESIAN DISTILLERS,955 KEN O SHA INDUSTRIAL PARK DR SUITE B,GRAND RAPIDS,MI,49508,S,ACTIVE,
MI-S-15024,"FISH HOOK DISTILLING COMPANY, LLC",VALENTINE DISTILLING CO.,161 VESTER ST,FERNDALE,MI,48220,S,ACTIVE,
MI-S-15026,"NEW HOLLAND BREWING COMPANY, L.L.C.",New Holland Brewing,684 COMMERCE CT,HOLLAND,MI,49424,S,ACTIVE,
MI-S-15035,A&B SPIRIT INC.,,24 W RUNDELL ST,PONTIAC,MI,48342,S,ACTIVE,
MI-S-196,"ST. JULIAN WINE COMPANY, INC.",ST. JULIAN WINE COMPANY,716 S KALAMAZOO ST,PAW PAW,MI,49079,S,ACTIVE,
MI-S-197,"CHATEAU GRAND TRAVERSE, LTD.",,12239 CENTER RD,TRAVERSE CITY,MI,49686,S,ACTIVE,
MI-S-198,"WINERY AT BLACK STAR FARMS, LLC","Black Star Farms, Old Mission",360 MCKINLEY RD E,TRAVERSE CITY,MI,49686,S,ACTIVE,
MI-S-20002,"UNCLE DON'S APPLE PIE, LLC",,805 N MITCHELL ST,CADILLAC,MI,49601,S,ACTIVE,
MI-S-20003,"SANCTUARY BREWERY, LLC",sanctuary spirits,902 E SAGINAW HWY,GRAND LEDGE,MI,48837,S,ACTIVE,
MI-S-20004,TWO JAMES SPIRITS LLC,Two James,2445 MICHIGAN AVE,DETROIT,MI,48216,S,ACTIVE,
MI-S-20007,"NORTHERN UNITED BREWING COMPANY, LLC",Mission Micro Distillery,2319 BISHOP CIRCLE EAST,DEXTER,MI,48130,S,ACTIVE,
MI-S-20008,"BIL ENTERPRISES, LLC",White Flame Brewing Co.,5234 36TH AVE,HUDSONVILLE,MI,49426,S,ACTIVE,
MI-S-20010,"DETROIT CITY DISTILLERY, LLC",The Spirits of Detroit,2462 RIOPELLE ST,DETROIT,MI,48207,S,ACTIVE,
MI-S-20011,VERITAS VINEYARD LLC,Grand River Distilling,117 W LOUIS GLICK HWY,JACKSON,MI,49201,S,ACTIVE,
MI-S-20013,"ETON STREET BREWERY, LLC",Griffin Claw Brewing Company,575 S ETON ST,BIRMINGHAM,MI,48009,S,ACTIVE,
MI-S-20014,NORTHVILLE WINERY AND BREWING COMPANY LLC,Signal Distillery,630 BASELINE RD,NORTHVILLE,MI,48167,S,ACTIVE,
MI-S-20015,LUCA MARIANO DISTILLERY LLC,,14777 KEEL ST,PLYMOUTH,MI,48170,S,ACTIVE,
MI-S-20016,LAKE EFFECT DISTILLERY LLC,Lake Effect Distillery,723 LUDINGTON ST,ESCANABA,MI,49829,S,ACTIVE,
MI-S-20017,"TCWC, LLC",Traverse City Whiskey Co.,201 E 14TH ST,TRAVERSE CITY,MI,49684,S,ACTIVE,
MI-S-20018,OBSTBAUM ORCHARDS LIMITED,,9252 CURRIE RD,NORTHVILLE,MI,48167,S,ACTIVE,
MI-S-20019,OUR/DETROIT VODKA LLC,,2545 BAGLEY ST,DETROIT,MI,48216,S,ACTIVE,
MI-S-20020,"DETROIT DISTILLERY, LLC",,20780 ORCHARD LAKE RD,FARMINGTON HILLS,MI,48336,S,ACTIVE,
MI-S-20021,OLD TOWN DISTILLERY LLC,,124 S MICHIGAN AVE,SAGINAW,MI,48602,S,ACTIVE,
MI-S-20025,"MICHIGAN BREWING WORKS, LLC",,3435 DIETZ RD,WILLIAMSTON,MI,48895,S,ACTIVE,
MI-S-20026,"COREY LAKE ORCHARDS OPERATIONS, LLC",Corey Lake Orchards,12147 COREY LAKE RD,THREE RIVERS,MI,49093,S,ACTIVE,
MI-S-20029,DISTILLED KALAMAZOO LLC,The Kalamazoo Stillhouse,618 E MICHIGAN AVE,KALAMAZOO,MI,49007,S,ACTIVE,
MI-S-20030,BIER BARREL DISTILLERY LLC,Bier Distillery,5295 WEST RIVER DR NE,COMSTOCK PARK,MI,49321,S,ACTIVE,
MI-S-20031,"DETROIT RIVERTOWN BREWING COMPANY, LLC",Atwater Spirits,237 JOSEPH CAMPAU ST,DETROIT,MI,48207,S,ACTIVE,
MI-S-20032,"KUHNHENN BREWING CO.,  L.L.C.",,36000 GROESBECK HWY,CLINTON TOWNSHIP,MI,48035,S,ACTIVE,
MI-S-20033,RUPERT'S BREW HOUSE LLC,,773 W MICHIGAN AVE,KALAMAZOO,MI,49007,S,ACTIVE,
MI-S-20034,MCCLURE'S PICKLES. LLC,,8201 SAINT AUBIN ST,DETROIT,MI,48211,S,ACTIVE,
MI-S-20036,"FISH HOOK DISTILLING COMPANY, LLC",Valentine Distilling Company,965 WANDA ST UNIT VALENTINE,FERNDALE,MI,48220,S,ACTIVE,
MI-S-20037,"NORTHERN UNITED BREWING COMPANY, LLC",,441 W CANFIELD,DETROIT,MI,48201,S,ACTIVE,
MI-S-20039,"PARK BREWING, L.L.C.",Atwater Spirits,1175 LAKEPOINTE ST,GROSSE POINTE PARK,MI,48230,S,ACTIVE,
MI-S-20040,"BULLWHEEL SPIRITS COMPANY, LLC",,"3100 KEYSTONE RD, N",TRAVERSE CITY,MI,49686,S,ACTIVE,
MI-S-20042,"CEDAR SPRINGS BREWING COMPANY, LLC",,95 N MAIN ST,CEDAR SPRINGS,MI,49319,S,ACTIVE,
MI-S-20043,"AQUAMARINE SPRINGS, LLC",AQUAMARINE SPRINGS,507 S ASHLEY ST,ANN ARBOR,MI,48103,S,ACTIVE,
MI-S-20044,ELLISON BREWERY AND SPIRITS LLC,Ellison Brewery and Spirits,4903 DAWN AVE STE E,EAST LANSING,MI,48823,S,ACTIVE,
MI-S-20046,"LANSING BREWING COMPANY, LLC",Hard Nose Spirits,518 E SHIAWASSEE ST,LANSING,MI,48912,S,ACTIVE,
MI-S-20047,"OUR BREWING COMPANY, LLC",,76 E 8TH ST STE 1,HOLLAND,MI,49423,S,ACTIVE,
MI-S-20050,"NOMAD CIDERY, LLC",,2500 KROUPA RD,TRAVERSE CITY,MI,49686,S,ACTIVE,
MI-S-20051,"KICKSTAND BREWERY, L.L.C.",,3050 UNION LAKE RD UNIT 4A,COMMERCE TOWNSHIP,MI,48382,S,ACTIVE,
MI-S-20053,"VANDER MILL, LLC",Vander Mill,505 BALL AVE NE,GRAND RAPIDS,MI,49503,S,ACTIVE,
MI-S-20055,"POISON FROG BREWERY COMPANY, LLC",Poison Frog Brewery,1908 HORTON RD,JACKSON,MI,49203,S,ACTIVE,
MI-S-20056,"L AND B SPIRITS, LLC",,614 S JEFFERSON AVE,MIDLAND,MI,48640,S,ACTIVE,
MI-S-20057,VÖKIN LLC,,710 JUNCTION ST,PLYMOUTH,MI,48170,S,ACTIVE,
MI-S-20058,"OLD NATION BREWING COMPANY, LLC",,1500 W GRAND RIVER AVE,WILLIAMSTON,MI,48895,S,ACTIVE,
MI-S-20059,LOST LAKE DISTILLERY LLC,,142 MAPLE ST,WYANDOTTE,MI,48192,S,ACTIVE,
MI-S-20060,"LEHMAN'S ORCHARD, L.L.C.",Lehmans Orchard,204 N REDBUD TRAIL,BUCHANAN,MI,49107,S,ACTIVE,
MI-S-20061,"BLIND PIG DISTILLING COMPANY, LLC",Blind Pig Distilling Company,33980 GROESBECK HWY,CLINTON TOWNSHIP,MI,48035,S,ACTIVE,
MI-S-20062,"COPPERCRAFT DISTILLERY, LLC",,184 120TH AVE,HOLLAND,MI,49424,S,ACTIVE,
MI-S-20063,"MOTOR CITY BREWING WORKS, INC.",,470 W. CANFIELD ST,DETROIT,MI,48201,S,ACTIVE,
MI-S-20066,HOMES BREWERY LLC,,2321 JACKSON AVE,ANN ARBOR,MI,48103,S,ACTIVE,
MI-S-20067,"LIQUID GR, L.L.C.",ATWATER BREWERY IN GR,201 MICHIGAN ST NW STE 122,GRAND RAPIDS,MI,49503,S,ACTIVE,
MI-S-20068,"NEW HOLLAND BREWING COMPANY, L.L.C.",New Holland Brewing Company.,417 BRIDGE ST NW,GRAND RAPIDS,MI,49504,S,ACTIVE,
MI-S-20069,"18TH AMENDMENT, LLC",18th Amendment Spirits Co.,350 W WESTERN AVE,MUSKEGON,MI,49440,S,ACTIVE,
MI-S-20070,"5 LAKES BREWING COMPANY, LLC",5 Lakes Distillery,1638 142ND AVE,DORR,MI,49323,S,ACTIVE,
MI-S-20071,BLUE SKY BREWING LLC,Thornapple Brewing Company,6262 28TH ST SE,GRAND RAPIDS,MI,49546,S,ACTIVE,
MI-S-20072,"SILVER HARBOR BREWING COMPANY, LLC",,721 PLEASANT ST,ST. JOSEPH,MI,49085,S,ACTIVE,
MI-S-20074,"MICHIGAN BEER CELLAR, LLC",Cellar Brewing Company,133 E DIVISION ST NW,SPARTA,MI,49345,S,ACTIVE,
MI-S-20076,BOWRIGHT WHISKEY COMPANY,,2626 N DECKER RD,LAKE CITY,MI,49651,S,ACTIVE,
MI-S-20077,"FALLING DOWN BEER COMPANY, LLC",,14 N WASHINGTON STE A & C,OXFORD,MI,48371,S,ACTIVE,
MI-S-20078,HIGH FIVE SPIRITS LLC,Gypsy Vodka,5251 CHARLEVOIX AVE,PETOSKEY,MI,49770,S,ACTIVE,
MI-S-20079,"WEST MICHIGAN RUM COMPANY, LLC",Sulaco,2701 MCILWRAITH ST,MUSKEGON HEIGHTS,MI,49444,S,ACTIVE,
MI-S-20081,"JAYDA GALE DISTILLING, INC.",,152 S MAIN ST,WAYLAND,MI,49348,S,ACTIVE,
MI-S-20083,JACOB BONTHUIS,JAB Distillery,2600 S SLOCUM RD,RAVENNA,MI,49451,S,ACTIVE,
MI-S-20088,"COTTON BREWING COMPANY, LLC",,626 OAK ST,ADRIAN,MI,49221,S,ACTIVE,
MI-S-20092,"IRON SHOE DISTILLING, LLC",,3 N THIRD ST,NILES,MI,49120,S,ACTIVE,
MI-S-20093,"COTTON BREWING COMPANY, LLC",,,ADRIAN,MI,49221,S,ACTIVE,
MI-S-20094,ARCADIA BREWING COMPANY,Arcadia Artisan Distillers,701 E MICHIGAN AVE,KALAMAZOO,MI,49007,S,ACTIVE,
MI-S-20095,HOPLAND BREWING L.L.C.,Hopland Brewing,977 BUTTERNUT DR STE 4,HOLLAND,MI,49424,S,ACTIVE,
MI-S-20096,"MONSOON COFFEE COMPANY, LLC",Harsens Island Distillery,3066 S CHANNEL DR,HARSENS ISLAND,MI,48028,S,ACTIVE,
MI-S-20098,"NORTHERN UNITED BREWING COMPANY, LLC",,428 BRIDGE ST NW,GRAND RAPIDS,MI,49504,S,ACTIVE,
MI-S-20099,"BIG HART BREWERY, INC.",Big Hart Brewing Co.,4086 W POLK RD,HART,MI,49420,S,ACTIVE,
MI-S-20100,VERITAS VINEYARD LLC,GRAND RIVER BREWERY,101 W MICHIGAN AVE,MARSHALL,MI,49068,S,ACTIVE,
MI-S-20101,"MIDLAND BREWING COMPANY, LLC",Red Keg Distillery,5011 N SAGINAW RD,MIDLAND,MI,48642,S,ACTIVE,
MI-S-20102,"NORTH PIER BREWING COMPANY, LLC",,725 NORTH SHORE DR,BENTON HARBOR,MI,49022,S,ACTIVE,
MI-S-20103,"NORTH PIER BREWING COMPANY, LLC",,670 N SHORE DR,BENTON HARBOR,MI,49022,S,ACTIVE,
MI-S-20104,GREAT FRIENDS BREWING COMPANY LLC,,3756 PLAZA DR,ANN ARBOR,MI,48108,S,ACTIVE,
MI-S-20105,EASTBANK SPIRITS LLC,Eastbank Spirits,13124 CHARLEVOIX ST,DETROIT,MI,48215,S,ACTIVE,
MI-S-20110,"WEST MICHIGAN RUM COMPANY, LLC",,500 W WESTERN AVE STE 300,MUSKEGON,MI,49440,S,ACTIVE,
MI-S-20111,BWD'Z L.L.C.,,550 S WISCONSIN AVE,GAYLORD,MI,49735,S,ACTIVE,
MI-S-20114,"GOLDEN AGE BREWING, LLC",Creston Brewery,"1504 PLAINFIELD AVE., NE",GRAND RAPIDS,MI,49505,S,ACTIVE,
MI-S-20115,GF GRAINS LLC,,3480 WARREN WOODS RD,THREE OAKS,MI,49128,S,ACTIVE,
MI-S-20116,"ENTENTE SPIRITS, LLC",Entente Spirits,9151 FIRST ST,BARODA,MI,49101,S,ACTIVE,
MI-S-20118,"STARBOARD PARTNERS, LLC",Third Wind Distilling Co.,1700 MARQUETTE ST BLDG B,BAY CITY,MI,48706,S,ACTIVE,
MI-S-20119,"SCHMUCKS BREWING COMPANY, LLC",SCHMUCKS BREWING COMPANY,4944 MASON RD,HOWELL,MI,48843,S,ACTIVE,
MI-S-20120,"FOGGY MOUNTAIN SPIRIT COMPANY, LLC",,5439 THUMB LAKE RD,BOYNE FALLS,MI,49713,S,ACTIVE,
MI-S-20121,"PIGEON HILL BREWING COMPANY, LLC",Socibowl,895 FOURTH ST,MUSKEGON,MI,49440,S,ACTIVE,
MI-S-20122,"NORTH WINDS DISTILLERY, LLC",,711 MAIN ST,NORWAY,MI,49870,S,ACTIVE,
MI-S-20124,"FIVE SHORES BREWING, LLC",FIVE SHORES BREWING,163 BENZIE BLVD,BEULAH,MI,49617,S,ACTIVE,
MI-S-20126,NORTH GROVE BREWERS LLC,,8735 WATER ST,MONTAGUE,MI,49437,S,ACTIVE,
MI-S-20128,"TENACITY BREWING, LLC",Tenacity Craft,8517 2ND AVE,DETROIT,MI,48202,S,ACTIVE,
MI-S-20129,"NORTHERN UNITED BREWING COMPANY, LLC",Jolly Pumpkin Artisan Ales,21931 MICHIGAN AVE STE 100,DEARBORN,MI,48124,S,ACTIVE,
MI-S-20130,TULIP CITY BREWSTILLERY LLC,Tulip City Brewstillery,430 W 17TH ST STE 26,HOLLAND,MI,49423,S,ACTIVE,
MI-S-20131,"SALT SPRINGS BREWERY, LLC",Salt Springs Spirits,117 S ANN ARBOR ST,SALINE,MI,48176,S,ACTIVE,
MI-S-20132,NAKED TREE CELLARS LLC,Odd Side Ales,41 WASHINGTON AVE STE 160,GRAND HAVEN,MI,49417,S,ACTIVE,
MI-S-20133,"WATERMARK BREWING COMPANY, LLC",,5776 MILL ST,STEVENSVILLE,MI,49127,S,ACTIVE,
MI-S-20134,KALAMAZOO DISTILLING COMPANY,Kalamazoo Distilling Company,1104 PORTAGE ST,KALAMAZOO,MI,49001,S,ACTIVE,
MI-S-20137,"HOOCH DEN, LLC",MOTOR CITY GAS FARMS,7621 WARREN RD,ANN ARBOR,MI,48105,S,ACTIVE,
MI-S-20138,RUDBECKIA WINERY LLC,,3379 LAKE GROVE RD STE B,PETOSKEY,MI,49770,S,ACTIVE,
MI-S-20139,LAZY BALLERINA WINERY LLC,Lazy Ballerina Winery,641 CRYSTAL AVE,BENTON HARBOR,MI,49022,S,ACTIVE,
MI-S-20140,REDLINE BREWING COMPANY LLC,Redline Brewing Company LLC,5470 LAPEER RD,BURTON,MI,48519,S,ACTIVE,
MI-S-20141,"NORTHERN UNITED BREWING COMPANY, LLC",Jolly Pumpkin Artisan Ales,218 ALBERT AVE,EAST LANSING,MI,48823,S,ACTIVE,
MI-S-20142,PORTAGE BREWING COMPANY LLC,Latitude 42 brewing Company,7842 PORTAGE RD,PORTAGE,MI,49002,S,ACTIVE,
MI-S-20143,"PEAT'S ENGLISH CIDER, LLC",,6201 RED ARROW HWY,STEVENSVILLE,MI,49127,S,ACTIVE,
MI-S-20144,BIG LAKE BREWING LLC,Big Lake Brewing,13 W 7TH STREET,HOLLAND,MI,49423,S,ACTIVE,
MI-S-20145,"BLAKE FARMS HARD APPLE CIDER, LLC",Blake's Distilling Co.,17985 ARMADA CENTER RD,ARMADA,MI,48005,S,ACTIVE,
MI-S-20147,PORTAGE BREWING COMPANY LLC,Latitude 42 Brewing Company,6101 W MAIN ST,KALAMAZOO,MI,49009,S,ACTIVE,
MI-S-20148,"PETOSKEY BREWING COMPANY, LLC",,1844 HARBOR-PETOSKEY RD,PETOSKEY,MI,49770,S,ACTIVE,
MI-S-20149,THUMB BREWING CORPORATION,Innovation BeerWorks,9264 W SAGINAW RD,RICHVILLE,MI,48758,S,ACTIVE,
MI-S-20150,734 BREWING COMPANY INC.,"734 Brewing Company, Inc.",15 E CROSS ST,YPSILANTI,MI,48198,S,ACTIVE,
MI-S-20151,"ONE BEER AT A TIME, LLC",Brewery Vivant,925 SE CHERRY ST SE UNIT 1,GRAND RAPIDS,MI,49506,S,ACTIVE,
MI-S-20152,"ENTENTE SPIRITS, LLC",Round Barn,3401 FRIDAY RD,COLOMA,MI,49038,S,ACTIVE,
MI-S-20153,"FURNACE STREET DISTILLERY, LLC",,1121 FURNACE ST,ELBERTA,MI,49628,S,ACTIVE,
MI-S-20156,HOMES BREWERY LLC,HOMES BREWERY,138 JACKSON PLZ,ANN ARBOR,MI,48103,S,ACTIVE,
MI-S-20158,"VINEYARD 2121, LLC",VINEYARD 2121,2121 KERLIKOWSKE RD,BENTON HARBOR,MI,49022,S,ACTIVE,
MI-S-20159,KOMBUCHA ON TAP LLC,Sacred Springs Kombucha,1059 WEALTHY ST SE STE B,GRAND RAPIDS,MI,49506,S,ACTIVE,
MI-S-20160,JOY FAITH HOPE ENTERPRISE LLC,,152 S MAIN ST,WAYLAND,MI,49348,S,ACTIVE,
MI-S-20162,"ORIGIN BREWING, LLC",Archival Brewing,6266 WEST RIVER DR NE,BELMONT,MI,49306,S,ACTIVE,
MI-S-20163,"NORTHERN OAK BREWERY, INC.","Northern Oak Brewery,Inc.",806 N SAGINAW ST,HOLLY,MI,48442,S,ACTIVE,
MI-S-20164,"HARMONY BREWING COMPANY, LLC",,1551 LAKE DR SE,GRAND RAPIDS,MI,49506,S,ACTIVE,
MI-S-20165,"OV THE FARM, LLC",,12011 CENTER RD,TRAVERSE CITY,MI,49686,S,ACTIVE,
MI-S-20166,"SAWYER'S BREWING COMPANY, LLC",,4574 DOWLING ST,MONTAGUE,MI,49437,S,ACTIVE,
MI-S-20167,"BBS DISTILLERIES, LLC",Haab's Barrel House,,YPSILANTI,MI,48197,S,ACTIVE,
MI-S-20168,"ONE BEER AT A TIME, LLC",Broad Leaf Brewery,2885 LAKE EASTBROOK BLVD,KENTWOOD,MI,49512,S,ACTIVE,
MI-S-20169,TWO JAMES SPIRITS LLC,TWO JAMES SPIRITS LLC,2442 MICHIGAN AVE,DETROIT,MI,48216,S,ACTIVE,
MI-S-20170,"UNCOMMON CANNING, LLC",Proper Beverage Co.,4432 S BUTTERMILK CT STE 400,HUDSONVILLE,MI,49426,S,ACTIVE,
MI-S-20171,"SLEEPWALKER SPIRITS AND ALE, INC.",,1101 S WASHINGTON AVE,LANSING,MI,48910,S,ACTIVE,
MI-S-20172,"KK ENTERPRISE NORD, LLC",Two K,3872 SW BAY SHORE DR,SUTTONS BAY,MI,49682,S,ACTIVE,
MI-S-20176,MONKEY FIST BREWING COMPANY LLC,MiddleCoast Brewing Company,329 E STATE ST UNIT 2,TRAVERSE CITY,MI,49684,S,ACTIVE,
MI-S-20177,"SHERROW VENTURES, LLC",Fenton Winery & Brewery,1370 N LONG LAKE RD,FENTON,MI,48430,S,ACTIVE,
MI-S-20178,"BLIS CAVIAR, L.L.C.",BLiS Gourmet,3759 BROADMOOR AVE SE STE C,KENTWOOD,MI,49512,S,ACTIVE,
MI-S-20182,LEGACY DISTILLERS INC,"Legacy Distillers, Inc.",4207 EAGLES FLY SOUTH TRAIL UNIT 20,TRAVERSE CITY,MI,49684,S,ACTIVE,
MI-S-20183,"SAUGATUCK BREWING COMPANY, INC.",,2948 BLUE STAR HWY,DOUGLAS,MI,49406,S,ACTIVE,
MI-S-20184,APERTURE BREWING COMPANY INC.,,28800 WALL ST,WIXOM,MI,48393,S,ACTIVE,
MI-S-20185,"TC COCKTAILS, LLC",Tin Can Cocktails,2435 BURDETTE ST,FERNDALE,MI,48220,S,ACTIVE,
MI-S-20186,"AMALGAMATED CONCOCTIONS, LLC",FULL MEASURE BREWING AND DISTILLING COMPANY,2700 ORLEANS ST,DETROIT,MI,48207,S,ACTIVE,
MI-S-20187,"BROTHERS IN BREWING, LLC",Battle Alley Brewing Company,806 N SAGINAW ST,HOLLY,MI,48442,S,ACTIVE,
MI-S-20188,ATLOW L.L.C.,Wild Orchard Distillery,230 E MUNISING AVE,MUNISING,MI,49862,S,ACTIVE,
MI-S-20190,"WAR WATER, LLC",WAR WATER BREWERY,"201 N RIVERSIDE AVE UNIT 8, 12, 13",ST. CLAIR,MI,48079,S,ACTIVE,
MI-S-20192,GUARDIAN BREWING COMPANY LLC,,3657 63RD ST,SAUGATUCK,MI,49453,S,ACTIVE,
MI-S-20194,BRENGMAN BROTHERS LLC,BRENGMAN BROTHERS,9720 S CENTER HWY,TRAVERSE CITY,MI,49684,S,ACTIVE,
MI-S-20195,BELLE RIVER WINERY LLC,,2405 ARLINGTON RD,COLUMBUS,MI,48063,S,ACTIVE,
MI-S-20196,JOY FAITH HOPE ENTERPRISE LLC,,739 S MAIN ST,WAYLAND,MI,49348,S,ACTIVE,
MI-S-20197,"HIGHLINE SPIRITS COMPANY, L.L.C.",Highline Spirits,7200 HURON RIVER DR STE B,DEXTER,MI,48130,S,ACTIVE,
MI-S-20198,HOP LOT BREWING COMPANY LLC,HOP LOT BREWING CO.,650 S WEST BAY SHORE DR,SUTTONS BAY,MI,49682,S,ACTIVE,
MI-S-20199,DRAGONMEAD L.C.,,14600 E 11 MILE,WARREN,MI,48089,S,ACTIVE,
MI-S-202,"ENTENTE SPIRITS, LLC","Entente spirits, LLC dba round barn distillery",10983 HILLS RD,BARODA,MI,49101,S,ACTIVE,
MI-S-20201,"HOPSIDE BREWERY, LLC",,129 W CHISHOLM ST,ALPENA,MI,49707,S,ACTIVE,
MI-S-20202,"ABERRANT BREWING COMPANY, INC.",Aberrant Ales,219 W GRAND RIVER AVE,HOWELL,MI,48843,S,ACTIVE,
MI-S-20203,"UNRULY BREWING COMPANY, LLC",,360 W WESTERN AVE,MUSKEGON,MI,49440,S,ACTIVE,
MI-S-20204,LENNOX DISTILLING LLC,LENNOX DISTILLING,181 URAN ST,HILLSDALE,MI,49242,S,ACTIVE,
MI-S-20205,"BLANK COLLECTIVE, LLC",ENDLESS WEST,1200 OAKMAN BLVD BLDG B,DETROIT,MI,48238,S,ACTIVE,
MI-S-20207,"ROAK BREWING CO., LLC",Dark Horse Brewing Company,519 S KALAMAZOO AVE,MARSHALL,MI,49068,S,ACTIVE,
MI-S-20208,"ENITED, LLC",,7795 SADDLEBAG LAKE RD,LAKE ODESSA,MI,48849,S,ACTIVE,
MI-S-20209,TANTRICK BREWING CO. LLC,TANTRICK BREWING,241 & 243 HUBBARD ST,ALLEGAN,MI,49010,S,ACTIVE,
MI-S-20210,"MICHIELS BREWING, LLC",Gravel Bottom Craft Brewery,452 ADA DR STE 100,ADA,MI,49301,S,ACTIVE,
MI-S-20211,TANTRICK BREWING CO. LLC,TANTRICK BREWING,134 WATER ST,ALLEGAN,MI,49010,S,ACTIVE,
MI-S-20212,"OFF THE CHAIN BREWSTILLERY, LLC","Off the Chain Brewstillery, LLC",1434 COLFAX AVE UNIT 2,GRAND HAVEN,MI,49417,S,ACTIVE,
MI-S-20213,SALT BREWING COMPANY LLC,SaltRock Brewing Company,519 W IONIA ST,LANSING,MI,48933,S,ACTIVE,
MI-S-20214,"LOST CELLARS, INC.",Lost Cellars,4434 S US HWY 31,CHARLEVOIX,MI,49720,S,ACTIVE,
MI-S-20216,119 WEST ENTERPRISES LLC,,119 W BRIDGE ST & 110 W CHART ST,PLAINWELL,MI,49080,S,ACTIVE,
MI-S-20217,"NEW HOLLAND BREWING COMPANY, L.L.C.",New Holland Brewing Company,64 W MICHIGAN AVE,BATTLE CREEK,MI,49017,S,ACTIVE,
MI-S-20218,TK BEVERAGE LLC,Troobado,78 JACKSON PLZ,ANN ARBOR,MI,48103,S,ACTIVE,
MI-S-20221,RENAISSANCE MAN CO.,Renaissance Man Co,318 GRAND RIVER AVE,PORT HURON,MI,48060,S,ACTIVE,
MI-S-20222,"GREEN DOOR DISTILLING COMPANY, LLC",,429 E NORTH ST,KALAMAZOO,MI,49007,S,ACTIVE,
MI-S-20223,DOMOWE NALEWKI INC,,695 W MICHIGAN AVE,BATTLE CREEK,MI,49037,S,ACTIVE,
MI-S-20225,"CHATEAU AERONAUTIQUE WINERY, LLC",Mile High Distillery,12000 N PENTECOST HWY,ONSTED,MI,49265,S,ACTIVE,
MI-S-20227,LONE LIGHT SPIRITS LLC,Lone Light Spirits,1507 JARVIS ST,FERNDALE,MI,48220,S,ACTIVE,
MI-S-20228,VIRTUE SPIRITS LLC,EverNorth Spirits Co.,1100 ROCKWELL DR,FREELAND,MI,48623,S,ACTIVE,
MI-S-20229,HEART & TAIL LLC,Spirit House,533 10TH AVE,MENOMINEE,MI,49858,S,ACTIVE,
MI-S-20230,ORE DOCK BREWING COMPANY LLC,,114 W SPRING ST,MARQUETTE,MI,49855,S,ACTIVE,
MI-S-20231,"PRISTINE ALCOHOL, LLC",,2512 BUSHA HWY,MARYSVILLE,MI,48040,S,ACTIVE,
MI-S-20233,"TURTLE'S NEST VINEYARD, LLC",,710 SPRING HILL RD,TRAVERSE CITY,MI,49696,S,ACTIVE,
MI-S-20234,"CANAL STREET BREWING CO., L.L.C.",Founders Brewing Co,235 GRANDVILLE AVE SW,GRAND RAPIDS,MI,49503,S,ACTIVE,
MI-S-20235,DECATUR TASTINGS LLC,FINAL GRAVITY,100 S PHELPS ST STE B,DECATUR,MI,49079,S,ACTIVE,
MI-S-20238,"THE BRASS RING BREWING COMPANY, LLC",Brass Ring Brewing,2404 SE EASTERN AVE,GRAND RAPIDS,MI,49507,S,ACTIVE,
MI-S-20239,PAW PAW BREWING COMPANY L.L.C.,,780 S GREMPS ST,PAW PAW,MI,49079,S,ACTIVE,
MI-S-20240,ARMORY BREWING COMPANY LLC,Grand Armory Brewing Company,1734 AIRPARK DR STE A & B,GRAND HAVEN,MI,49417,S,ACTIVE,
MI-S-20241,"BOWERS HARBOR VINEYARD & WINERY, INC.",,2896 BOWERS HARBOR RD,TRAVERSE CITY,MI,49686,S,ACTIVE,
MI-S-20242,STEAM & CO SPIRITS LLC,Steam & CO Spirits,3400 MICHIGAN AVE,DETROIT,MI,48216,S,ACTIVE,
MI-S-20243,"RIGHT BRAIN BEVERAGES, L.L.C.",Right Brain Brewery,225 E 16TH ST,TRAVERSE CITY,MI,49684,S,ACTIVE,
MI-S-20244,"BOSS CIDER COMPANY, LLC",Boss Cider Company,147 S MAIN ST UNIT A,LESLIE,MI,49251,S,ACTIVE,
MI-S-20245,"NEW BELGIUM BREWING COMPANY, INC.",Bell's Distillery,8938 KRUM AVE,COMSTOCK,MI,49041,S,ACTIVE,
MI-S-20246,SOKOLOSKI BREWING LLC,Great White Buffalo Brewing Co,101 W MAIN ST STE 101,NORTHVILLE,MI,48617,S,ACTIVE,
MI-S-20247,"THE WORKSHOP BREWING COMPANY, LLC",,221 GARLAND ST STE A,TRAVERSE CITY,MI,49684,S,ACTIVE,
MI-S-20249,"3 GATOS, LLC",,1760 44TH ST SW STE 8A & 8B,WYOMING,MI,49519,S,ACTIVE,
MI-S-20250,SIP SHINE LLC,Sip Shine,401 STOCKING AVE NW,GRAND RAPIDS,MI,49504,S,ACTIVE,
MI-S-20253,"CHATEAU AERONAUTIQUE WINERY, LLC",Mile High Distillery,1849 RIVES EATON RD,JACKSON,MI,49201,S,ACTIVE,
MI-S-20254,"KAYAK BIKE & BREW, LLC",Kayak Bike & Brew,436 W FRONT ST,TRAVERSE CITY,MI,49684,S,ACTIVE,
MI-S-20255,NORDY CONSULTING LLC,Grain Reaper Distilling,1520 RUPERT ST NE UNIT D,GRAND RAPIDS,MI,49525,S,ACTIVE,
MI-S-20258,"LAKE TIME BREWING AND SPIRITS, LLC",LAKE TIME BREWING AND SPIRITS,4236 LAKE ST,BRIDGMAN,MI,49106,S,ACTIVE,
MI-S-20259,"HEARSAY, INC.",hear.say brewing + theater,2350 W LIBERTY ST,ANN ARBOR,MI,48103,S,ACTIVE,
MI-S-20260,BATCH BREWING COMPANY L.L.C.,Batch Brewing Company,2841 E GRAND BLVD,DETROIT,MI,48211,S,ACTIVE,
MI-S-20261,POUR INVESTMENTS INC,Elephant & Co.,456 CHARLOTTE ST,DETROIT,MI,48201,S,ACTIVE,
MI-S-20262,THREE BLONDES BREWING LLC,,1875 PHOENIX ST STE B,SOUTH HAVEN,MI,49090,S,ACTIVE,
MI-S-20265,"GRINNING MITTEN, LLC",,3595 68TH ST SE,CALEDONIA,MI,49316,S,ACTIVE,
MI-S-20266,"BEER ME BRO, LLC",City Built Brewing Company,820 MONROE AVE NW STE 155,GRAND RAPIDS,MI,49503,S,ACTIVE,
MI-S-20267,"WITCH'S HAT BREWING COMPANY, L.L.C.",Witch's Hat Brewing Company,601 S LAFAYETTE ST,SOUTH LYON,MI,48178,S,ACTIVE,
MI-S-20268,JSQ MSQ LLC,JSQ MSQ,6872 UPPER BAYSHORE RD,CHARLEVOIX,MI,49720,S,ACTIVE,
MI-S-20269,"NOCTURNAL BLOOM BREWING, LLC",,3344 CASS RD,TRAVERSE CITY,MI,49684,S,ACTIVE,
MI-S-20271,"BASS LAKE BREWING, LLC",Ludington Bay Brewing Co.,515 S JAMES ST,LUDINGTON,MI,48104,S,ACTIVE,
MI-S-20272,"THREE SPEED ALES, LLC",Stormcloud Brewing Company,303 MAIN ST,FRANKFORT,MI,49635,S,ACTIVE,
MI-S-20273,"AZUROVA REZERVA, LLC",,7976 CLYDE PARK SW,BYRON CENTER,MI,49315,S,ACTIVE,
MI-S-20274,"ROUTE 45 BREWING COMPANY, LLC",Trailpoint Brewing Company,6031 LAKE MICHIGAN DR STE D,ALLENDALE,MI,49401,S,ACTIVE,
MI-S-20275,BELLA VISTA WINERY LLC,Bella Vista Spirits,1175 DIETZ RD,WEBBERVILLE,MI,48892,S,ACTIVE,
MI-S-20278,"YOUNGBLOOD VINEYARD, LLC",,61829 RAY CENTER,RAY,MI,48096,S,ACTIVE,
MI-S-20279,THE ROCHE COLLECTION LLC,THE ROCHE' COLLECTION,1311 PORTAGE ST UNIT D & E,KALAMAZOO,MI,49001,S,ACTIVE,
MI-S-20280,"SISTER LAKES BREWING COMPANY, LLC",Sister Lakes Brewing Company,92500 CR 690,DOWAGIAC,MI,49047,S,ACTIVE,
MI-S-20281,STIGGS BREWING COMPANY,Stiggs Brewery & Kitchen,112 S PARK ST,BOYNE CITY,MI,49712,S,ACTIVE,
MI-S-20282,"CBT, LLC",Third Nature Brewing Company,7733 CHILDSDALE AVE NE,ROCKFORD,MI,49341,S,ACTIVE,
MI-S-20283,AZN LLC,Legacy Winery & Spirits,5090 40TH AVE B,HUDSONVILLE,MI,49426,S,ACTIVE,
MI-S-20284,LEIGH'S BREWING CO. LLC,,977 BUTTERNUT DR STE 4,HOLLAND,MI,49424,S,ACTIVE,
MI-S-20285,"RAKE BEER PROJECT, LLC",,500 W WESTERN AVE STE 200,MUSKEGON,MI,49440,S,ACTIVE,
MI-S-20286,NOBLE TWIST LLC,,248 CULVER ST,SAUGATUCK,MI,49453,S,ACTIVE,
MI-S-20287,"LOCO BOYS, LLC",Loco Boys Brewing Company,901 W FRONT ST STE A,TRAVERSE CITY,MI,49684,S,ACTIVE,
MI-S-20288,"SCHAEFER CIDER COMPANY, LLC",,1051 HARDING ST,CONKLIN,MI,49403,S,ACTIVE,
MI-S-20289,"TENACITY BREWING, LLC",,119 N GRAND TRAVERSE ST,FLINT,MI,48503,S,ACTIVE,
MI-S-20290,"CHERRY REPUBLIC, INC.",,9896 W FISHER ST,EMPIRE,MI,49630,S,ACTIVE,
MI-S-20291,"ANCHOR BAY BREWING COMPANY, LLC",Copper Hop Brewing Company,23401 GREATER MACK AVE,ST. CLAIR SHORES,MI,48080,S,ACTIVE,
MI-S-20292,"GOLDEN FLAVORS, LLC",,24100 MARMON,WARREN,MI,48089,S,ACTIVE,
MI-S-20293,"KOGNISJON BRYGGERI, LLC",,1034 N 3RD ST STE F,MARQUETTE,MI,49855,S,ACTIVE,
MI-S-20294,"BOWERMAN BLUEBERRIES FARM MARKET, LLC",Bowerman Farms Distillery,15793 JAMES ST,HOLLAND,MI,49424,S,ACTIVE,
MI-S-20295,"BAFFIN BREWING COMPANY, LLC",Baffin Brewing Company,25113 JEFFERSON AVE,SAINT CLAIR SHORES,MI,48081,S,ACTIVE,
MI-S-20297,"XELA PACK, INC.",,8300 BOETTNER RD,SALINE,MI,48176,S,ACTIVE,
MI-S-20298,SANNA BROTHERS LLC,,49771 LEONA DR,CHESTERFIELD,MI,48051,S,ACTIVE,
MI-S-20299,GRAVEL CAPITAL BREWING LLC,GravCap Brewstillery,14 N WASHINGTON ST,OXFORD,MI,48371,S,ACTIVE,
MI-S-203,"CHATEAU OPERATIONS, LTD.",DBA CHATEAU CHANTAL,15900 RUE DE VIN,TRAVERSE CITY,MI,49686,S,ACTIVE,
MI-S-20300,STADIUM BEVERAGE COMPANY LLC,,2019 W STADIUM BLVD UNIT 103,ANN ARBOR,MI,48103,S,ACTIVE,
MI-S-20301,STIGGS BREWING COMPANY,,743 PETOSKEY AVE,CHARLEVOIX,MI,49720,S,ACTIVE,
MI-S-20302,"SAGE CREEK WINERY & COFFEE BISTRO, INC.",,51925 GRATIOT AVE,CHESTERFIELD,MI,48051,S,ACTIVE,
MI-S-20303,"BAY VIEW DISTILLERY, INC.",Bay View Distillery and Winery,8525 E LINCOLN RD,CEDAR,MI,49621,S,ACTIVE,
MI-S-20304,"SOUTHERN SMOKE, LLC",,4021 DIVISION AVE S,GRAND RAPIDS,MI,49548,S,ACTIVE,
MI-S-20305,HAHN HAUS LLC,Hahn Haus,5858 TIREMAN AVE,DETROIT,MI,48316,S,ACTIVE,
MI-S-20306,"THE WILSON ESTATE, LLC",,18850 KANE RD BLDG B,STOCKBRIDGE,MI,49285,S,ACTIVE,
MI-S-20307,"COOPERSVILLE BREWING COMPANY, LLC",,1275 W RANDALL ST,COOPERSVILLE,MI,49404,S,ACTIVE,
MI-S-20308,"LOCALS LAKE LEELANAU, LLC",,112 E PHILIP ST STE 112A-C,LAKE LEELANAU,MI,49653,S,ACTIVE,
MI-S-20309,NEXT QUEST BREWING COMPANY,,900 6TH ST,BAY CITY,MI,48708,S,ACTIVE,
MI-S-20310,HOMEGROWN BREWING COMPANY LLC,,28 N WASHINGTON ST,OXFORD,MI,48371,S,ACTIVE,
MI-S-20311,"CLOCK & CANDLE, LLC",,715 TOWNSEND ST,MIDLAND,MI,48640,S,ACTIVE,
MI-S-20312,"BLUE STAR PARTNERS, LLC",Panoramic Beverage Company,6311 JUST A MERE RD UNIT 201,SAUGATUCK,MI,49453,S,ACTIVE,
MI-S-20313,"DOG AND PONY SHOW BREWING, L.L.C.",,14661 W 11 MILE RD,OAK PARK,MI,48237,S,ACTIVE,
MI-S-20314,"UNION ESTATES, LLC",New Union Distillery,400 W MAIN ST,LOWELL,MI,49315,S,ACTIVE,
MI-S-20315,"KICKSTAND BREWERY, L.L.C.",KICKSTAND BREWERY,57721 GRAND RIVER AVE,NEW HUDSON,MI,48165,S,ACTIVE,
MI-S-20316,"LIQUID CRAFT, LLC",,303 W NEPESSING ST,LAPEER,MI,48446,S,ACTIVE,
MI-S-20317,ZINI LLC,,9293 W BUCHANAN RD UNIT A,SHELBY,MI,49455,S,ACTIVE,
MI-S-20318,"SALTY MAC BREWING COMPANY, LLC",Salty Mac Brewing Company,180 N STATE ST,ST. IGNACE,MI,49781,S,ACTIVE,
MI-S-20319,"GREY LINE, LLC",,1727 ALPINE AVE NW,GRAND RAPIDS,MI,49504,S,ACTIVE,
MI-S-20320,FARMHAUS CIDER CO.,,9265 KENOWA AVE SW,GRAND RAPIDS,MI,49534,S,ACTIVE,
MI-S-20321,"MACKINAW TRAIL WINERY, INC.",Mackinaw Trail Distillery,3423 S US HWY 131,PETOSKEY,MI,49770,S,ACTIVE,
MI-S-20322,"WAX WINGS BREWING COMPANY, LLC",WAX WINGS BREWING,3480 - 3460 GULL RD,KALAMAZOO,MI,49048,S,ACTIVE,
MI-S-20323,"KARMA VISTA VINEYARDS, INC.",Filkins Vineyards,6991 RYNO RD,COLOMA,MI,49038,S,ACTIVE,
MI-S-20324,"CABIN NORTH BREWING COMPANY, LLC",,1314 HOLDEN ST BLDG A,DETROIT,MI,48202,S,ACTIVE,
MI-S-20325,"APPLE BLOSSOM WINERY, LLC",Schultz Cellars,8456 STADIUM DR,KALAMAZOO,MI,49009,S,ACTIVE,
MI-S-20326,"ONE WELL BREWING, LLC",ONE WELL BREWING,3618 GEMBRIT CIR,KALAMAZOO,MI,49001,S,ACTIVE,
MI-S-20327,"FULL CIRCLE BREWS, LLC",Four Circles Brewery,709 W GRAND RIVER AVE,BRIGHTON,MI,48116,S,ACTIVE,
MI-S-20328,CARP RIVER LELAND LLC,Carp River Bottle & Tap,110 W RIVER ST STE B,LELAND,MI,49654,S,ACTIVE,
MI-S-20329,"TABONE VINEYARDS, LLC",,14916 PENINSULA DR,TRAVERSE CITY,MI,49686,S,ACTIVE,
MI-S-20330,"OUR BREWING COMPANY, LLC",,738 WEALTHY ST SE UNIT 1,GRAND RAPIDS,MI,49503,S,ACTIVE,
MI-S-20331,"QUARRY SPIRITS, LLC",,3659 E CLINTON TRL BLDG A&B,CHARLOTTE,MI,48813,S,ACTIVE,
MI-S-20332,LINDEN BREWING COMPANY LLC,Linden Brewing Company,117 N BRIDGE ST N,LINDEN,MI,48451,S,ACTIVE,
MI-S-20333,JESSE SUTTON,Mint City Cider and Spirits,5070 S US HWY 27,SAINT JOHNS,MI,48879,S,ACTIVE,
MI-S-20334,BEE WELL MEADERY LLC,,3311 S DERENZY RD,BELLAIRE,MI,49615,S,ACTIVE,
MI-S-20335,"GALAVANT SPIRITS, LLC",,15411 E WARREN AVE,DETROIT,MI,48224,S,ACTIVE,
MI-S-20336,SHANKAR DISTILLERS INC.,,1030 CHICAGO RD,TROY,MI,48083,S,ACTIVE,
MI-S-20337,OGMA BREWING CO. LLC,,129 E MICHIGAN AVENUE AVE,JACKSON,MI,49201,S,ACTIVE,
MI-S-205,"UNCLE JOHN'S FRUIT HOUSE WINERY, L.L.C.",,8614 N US HIGHWAY 27,SAINT JOHNS,MI,48879,S,ACTIVE,
MN-S-12,UNITED STATES DISTILLED PRODUCTS CO.,,1607 S 12TH ST,PRINCETON,MN,55371,S,ACTIVE,
MN-S-15003,COLD SPRING BREWING COMPANY,Cold Spring Brewing Company,219 RED RIVER AVE N,COLD SPRING,MN,56320,S,ACTIVE,
MN-S-20,"GLACIAL GRAIN SPIRITS, LLC",,270 20TH ST,BENSON,MN,56215,S,ACTIVE,
MN-S-20001,SHERWOODS WINERY & DISTILLERY LLC,,6743 E COOK LAKE RD,DULUTH,MN,55803,S,ACTIVE,
MN-S-20003,"VIKRE DISTILLERY, LLC",,525 S LAKE AVE STE 102,DULUTH,MN,55802,S,ACTIVE,
MN-S-20004,"BLUME BRAUHAUS, LLC",Bent Brewstillery,1744 TERRACE DR,ROSEVILLE,MN,55113,S,ACTIVE,
MN-S-20005,"FAR NORTH SPIRITS, INC.",,2045 220TH AVE,HALLOCK,MN,56728,S,ACTIVE,
MN-S-20007,"MILLERS AND SAINTS DISTILLERY, LLC",,4848 W 35TH ST,ST LOUIS PARK,MN,55416,S,ACTIVE,
MN-S-20009,THE 11 WELLS SPIRITS COMPANY LLC,Voliere Spirits,704 MINNEHAHA AVE E,ST. PAUL,MN,55106,S,ACTIVE,
MN-S-20010,DU NORD CRAFT SPIRITS LLC,Du Nord Social Spirits,2610 E 32ND ST UNIT 2,MINNEAPOLIS,MN,55406,S,ACTIVE,
MN-S-20012,"WANDER NORTH DISTILLERY, LLC",,"771 HARDING ST, NE STE 150",MINNEAPOLIS,MN,55413,S,ACTIVE,
MN-S-20013,MASON DIXON SPIRITS LLC,,311 FIRST STREET N,WINSTED,MN,55395,S,ACTIVE,
MN-S-20014,GENTLEMAN SCHOLAR,,1050 SUI 33RD AVE SE STE 1,MINNEAPOLIS,MN,55414,S,ACTIVE,
MN-S-20016,LOST FALLS DISTILLERY LLC,,1915 E 22ND ST,MINNEAPOLIS,MN,55404,S,ACTIVE,
MN-S-20017,"SKAALVENN DISTILLERY, LLC",,8601 73RD AVE N STE 12&14,BROOKLYN PARK,MN,55428,S,ACTIVE,
MN-S-20019,J.C. DILL FARM LLC,,32350 LOFTON AVE,CHISAGO CITY,MN,55013,S,ACTIVE,
MN-S-20021,"ISANTI SPIRITS, LLC",,4242 285TH AVE NW,ISANTI,MN,55040,S,ACTIVE,
MN-S-20022,"WAYZATA BREW WORKS, LLC",,"294 GROVE LN, E UNIT 150B",WAYZATA,MN,55391,S,ACTIVE,
MN-S-20027,ROCKFILTER DISTILLERY LLC,,113 MAPLE DR,SPRING GROVE,MN,55974,S,ACTIVE,
MN-S-20028,GARVIN HEIGHTS VINEYARDS LLC,,2255 GARVIN HEIGHTS RD,WINONA,MN,55987,S,ACTIVE,
MN-S-20029,"PANTHER DISTILLERY, LLC",Panther Distillery,114 W MAIN ST,OSAKIS,MN,56360,S,ACTIVE,
MN-S-20030,"FLYING DUTCHMAN SPIRITS, LLC",,6801 FLYING CLOUD DR,EDEN PRAIRIE,MN,55344,S,ACTIVE,
MN-S-20031,"WHITE BEAR LAKE DISTILLERY, LLC",West 7th Spirits,1081 S BIRCH LAKE BLVD UNIT 3,WHITE BEAR LAKE,MN,55110,S,ACTIVE,
MN-S-20033,KEVIN SATHRE,,66765 140TH ST,ADAMS,MN,55909,S,ACTIVE,
MN-S-20034,WALSH DISTILLERY INC.,,7050 E COUNTY ROAD 101 UNIT 600,SHAKOPEE,MN,55379,S,ACTIVE,
MN-S-20035,DASHFIRE LLC,Dashfire,1620 CENTRAL AVE NE STE 152,MINNEAPOLIS,MN,55413,S,ACTIVE,
MN-S-20039,SWEETLAND ORCHARD LLC,,26205 FAIRLAWN AVE,WEBSTER,MN,55088,S,ACTIVE,
MN-S-20041,ROYAL FOUNDRY CRAFT SPIRITS CORPORATION,,241 FREMONT AVE N,MINNEAPOLIS,MN,55405,S,ACTIVE,
MN-S-20042,"THE NEXT CHAPTER WINERY, LLC",THE NEXT CHAPTER WINERY,16945 S 320TH STREET ST,NEW PRAGUE,MN,56071,S,ACTIVE,
MN-S-20043,IDA GRAVES L.L.C.,,5422 LAKE IDA WAY NW,ALEXANDRIA,MN,56308,S,ACTIVE,
MN-S-20046,"HARMONY SPIRITS, LLC","Harmony Spirits, LLC",40 1ST AVE NW,HARMONY,MN,55939,S,ACTIVE,
MN-S-20049,APPLESRUS LLC,applesRus,3856 65TH ST NE,ROCHESTER,MN,55906,S,ACTIVE,
MN-S-20050,TAPPED BEVERAGE COMPANY LLC,StilHeart,124 3RD AVE N UNIT 100,MINNEAPOLIS,MN,55401,S,ACTIVE,
MN-S-20052,"45TH PARALLEL SPIRITS, LLC",,228 WATER ST S,STILLWATER,MN,55082,S,ACTIVE,
MN-S-20053,FOUR DAUGHTERS VINEYARD AND WINERY LLC,FOUR DAUGHTERS VINEYARD & WINERY,78757 STATE HIGHWAY 16,SPRING VALLEY,MN,55975,S,ACTIVE,
MN-S-20054,"RAHR TECHNICAL CENTER, LLC",Rahr Technical Center,502 FIRST AVE W BLDG,SHAKOPEE,MN,55379,S,ACTIVE,
MN-S-20055,LITTLE ROUND STILL LLC,Little Round Still,114 S JEFFERSON ST,WADENA,MN,56482,S,ACTIVE,
MN-S-20057,"QUINCY STREET DISTILLING, LLC",Earl Giles Distillery,1325 NE QUINCY ST STE F,MINNEAPOLIS,MN,55413,S,ACTIVE,
MN-S-20059,GRAY DUCK SPIRITS LLC,Gray Duck Spirits,14305 SOUTHCROSS DR W UNIT 130,BURNSVILLE,MN,55306,S,ACTIVE,
MN-S-20061,"ATOMIC BRANDS, INC.",,219 RED RIVER AVE N,COLD SPRING,MN,56230,S,ACTIVE,
MN-S-20062,100 MILL STREET DISTILLERY LLC,,200 W 88TH ST STE 300,BLOOMINGTON,MN,55420,S,ACTIVE,
MN-S-20063,STEARNS AMERICAN LLC,,112 AVON AVE,AVON,MN,56310,S,ACTIVE,
MN-S-20064,LAKE OF THE WOODS DISTILLING COMPANY,Lake of the Woods Distilling Company,106 MAIN AVE N,BAUDETTE,MN,56623,S,ACTIVE,
MN-S-20065,"HIGHWATER ETHANOL, LLC",,24500 US STATE HWY 14,LAMBERTON,MN,56152,S,ACTIVE,
MN-S-20066,"AL-CORN CLEAN FUEL, LLC",,797 5TH ST,CLAREMONT,MN,55924,S,ACTIVE,
MN-S-20067,"PANTHER DISTILLERY, LLC",,660 CREAMERY AVE N,BROWERVILLE,MN,56438,S,ACTIVE,
MN-S-20068,MAD HATTER WHISKEY LLC,Obbink Distillery,11 DATE ST E,ST JOSEPH,MN,56374,S,ACTIVE,
MN-S-20069,"FOUNTAIN HILL WINERY & VINEYARD, LLC",Fountain hill winery and vineyard,731 COUNTY RD 30 SE,DELANO,MN,55328,S,ACTIVE,
MN-S-20070,"3GIRLSCHAI, INC","Sattwa Chai, Gray Duck Chai",2114 WASHINGTON ST NE,MINNEAPOLIS,MN,55418,S,ACTIVE,
MN-S-20071,"THE BEVSOURCE LAB, LLC",The Lab,767 EUSTIS ST STE 500,ST. PAUL,MN,55114,S,ACTIVE,
MN-S-20074,AMERICAN BEVERAGE CORPORATION,,219 RED RIVER AVE N,COLD SPRING,MN,56320,S,ACTIVE,
MN-S-20075,KING COIL SPIRITS CO,King Coil Spirits,"550 VANDALIA ST STE 140, 150",ST. PAUL,MN,55114,S,ACTIVE,
MN-S-20076,TAP BEVERAGE CONSULTING LLC,Lucas Bols,1607 S 12TH STREET,PRINCETON,MN,55371,S,ACTIVE,
MN-S-20077,NYSTROM ORCHARD LLC,Nystrom Orchard,30679 QUINE AVE,WORTHINGTON,MN,56187,S,ACTIVE,
MN-S-20078,AUGUST SCHELL BREWING COMPANY,August Schell Brewing Company,1860 SCHELL RD,NEW ULM,MN,56073,S,ACTIVE,
MN-S-20079,SURLY BREWING COMPANY,,4811 DUSHARME DR,BROOKLYN CENTER,MN,55429,S,ACTIVE,
MN-S-20080,REDHEAD CREAMERY LLC,Redhead Creamery Spirits,31535 463RD AVE,BROOTEN,MN,56316,S,ACTIVE,
MN-S-20081,CHUCKER SPIRITS LLC,,7248 WASHINGTON AVE S,EDEN PRAIRIE,MN,55344,S,ACTIVE,
MN-S-20082,"THE TIERRA GROUP, LLC",The Tierra Group,5350 PIONEER CREEK DR STE 1,MAPLE PLAIN,MN,55359,S,ACTIVE,
MN-S-20083,STILLEVEN LLC,Stilleven Spirits,217 1ST ST E,JORDAN,MN,55352,S,ACTIVE,
MN-S-20084,KEEPSAKE CIDERY LLP,Keepsake Cidery LLP,4609 135TH ST E,DUNDAS,MN,55019,S,ACTIVE,
MN-S-20085,LOST WOODS LLC,,106 MAIN AVE N,BAUDETTE,MN,56623,S,ACTIVE,
MN-S-20086,LITTLE ROUND STILL LLC,Little Round Still,317 BROADWAY ST UNIT 500,ALEXANDRIA,MN,56308,S,ACTIVE,
MN-S-20087,SKIDUCHY LLC,Skiduchy,15932 QUIET VALLEY RD,LINDSTROM,MN,55045,S,ACTIVE,
MN-S-20088,"SOCIABLE CIDER WERKS, LLC",Sociable Cider Werks,1611 POLK ST NE,MINNEAPOLIS,MN,55413,S,ACTIVE,
MN-S-20089,"TRES LUCKY, LLC",Tres Lucky I,1611 POLK ST NE,MINNEAPOLIS,MN,55413,S,ACTIVE,
MN-S-20090,RIVER BEND DISTILLERY CO.,,425 5TH ST N,BRECKENRIDGE,MN,56520,S,ACTIVE,
MO-S-1,"MCCORMICK DISTILLING CO., INC.",McCormick Distilling Co.,1 MCCORMICK LN,WESTON,MO,64098,S,ACTIVE,
MO-S-15003,"EAUX-DE-VIE, INC",SQUARE ONE BREWERY AND DISTILLERY,1727 PARK AVE,SAINT LOUIS,MO,63104,S,ACTIVE,
MO-S-15007,"GOLDEN TRIANGLE ENERGY, LLC",,15053 HIGHWAY 111,CRAIG,MO,64437,S,ACTIVE,
MO-S-15010,CHEMISPHERE CORPORATION,chemisphere corporation,2101 CLIFTON AVE,SAINT LOUIS,MO,63139,S,ACTIVE,
MO-S-2,"LUXCO, INC.",,5050 KEMPER AVE,SAINT LOUIS,MO,63139,S,ACTIVE,
MO-S-20,MISSOURI STATE UNIVERSITY,,9740 RED SPRING RD,MOUNTAIN GROVE,MO,65711,S,ACTIVE,
MO-S-20002,"T'S REDNECK STEAKHOUSE, INC.",,221 EVERGREEN PKWY,LEBANON,MO,65536,S,ACTIVE,
MO-S-20005,REECE'S DISTILLED SPIRITS LLC,,1075 W KATHRYN ST UNIT 5,NIXA,MO,65714,S,ACTIVE,
MO-S-20008,"WOOD HAT SPIRITS, LLC",Wood Hat Spirits,489 BOONESLICK RD,NEW FLORENCE,MO,63363,S,ACTIVE,
MO-S-20009,"LES BOURGEOIS VINEYARDS, INC.",Les Bourgeois Vineyard,HWY BB,ROCHEPORT,MO,65279,S,ACTIVE,
MO-S-20010,MID-BEST DISTILLERY INC,Mid-Best Distillery,423 VALLEY RD,GRAVOIS MILLS,MO,65037,S,ACTIVE,
MO-S-20011,SAPCO INC,Cantina Fast Serve Cocktails,6625 MALL DR,CEDAR HILL,MO,63016,S,ACTIVE,
MO-S-20012,"SHAWNEE BLUFF DISTILLERIES, LLC",,8 TOLWOOD RD,ELDON,MO,65026,S,ACTIVE,
MO-S-20013,"OZARK HILLS MOONSHINE, LLC",Ozark Hills Moonshine,625 CEDAR CREEK RD,CHADWICK,MO,65629,S,ACTIVE,
MO-S-20019,"THE FOUNTAIN ON LOCUST, INC.",,3037 LOCUST ST,ST LOUIS,MO,63103,S,ACTIVE,
MO-S-20020,ROCKING C DISTILLERY LLC,Rocking C Distillery,20665 US HIGHWAY 136,PRINCETON,MO,64673,S,ACTIVE,
MO-S-20021,"LIFTED SPIRITS DISTILLATION, LLC",Lifted Spirits,1734 CHERRY ST,KANSAS CITY,MO,64108,S,ACTIVE,
MO-S-20025,"DISTILLERY OF DEFIANCE, L.L.C.",,125 BOONE COUNTRY LN,DEFIANCE,MO,63341,S,ACTIVE,
MO-S-20027,"WOODSMEN, LLC",,7239 HWY A,HIGBEE,MO,65257,S,ACTIVE,
MO-S-20029,STACI BENNETT,Redbird Farm Distillery,27904 E PINK HILL RD,INDEPENDENCE,MO,64057,S,ACTIVE,
MO-S-20031,"TRIPLE SSS VENTURES, LLC",,197 ADAIR RD,BRANSON,MO,65616,S,ACTIVE,
MO-S-20033,SOULARD ISLAND L.L.C.,Soulard Island Spirits,1013 ANN AVE,ST. LOUIS,MO,63104,S,ACTIVE,
MO-S-20034,"4 HANDS BREWING COMPANY, LLC",4 Hands Brewing Company,1220 S 8TH ST,SAINT LOUIS,MO,63104,S,ACTIVE,
MO-S-20036,"COOPER'S OAK WINERY ASSOCIATES, L.L.C.",SkullSplitter Spirits,9603 HIGHWAY B,HIGBEE,MO,65257,S,ACTIVE,
MO-S-20039,BUB'S DISTILLERY LLC,,1846 ST 125 HWY,ROGERSVILLE,MO,65742,S,ACTIVE,
MO-S-20040,VERITASI LIMITED COMPANY,,9 SW THIRD ST,LEES SUMMIT,MO,64063,S,ACTIVE,
MO-S-20041,"DIERBERG EDUCATIONAL FOUNDATION, INC.",Black Shire Distillery,2206 HWY 100,HERMANN,MO,65041,S,ACTIVE,
MO-S-20043,"ROTTEN REGGIE DISTILLERY, LLC",,,WILLOW SPRINGS,MO,65793,S,ACTIVE,
MO-S-20046,ARCANA LLC,Switchgrass Spirits,6100 IDADALE AVE,ST. LOUIS,MO,63133,S,ACTIVE,
MO-S-20047,"SUGAR CREEK ACQUISITION, LLC",,45 PROGRESS PKWY,MARYLAND HEIGHTS,MO,63043,S,ACTIVE,
MO-S-20048,"BREW HUB TAP GROUP, LLC",Brew Hub Taproom,5656 OAKLAND AVE,ST. LOUIS,MO,63110,S,ACTIVE,
MO-S-20052,"ISHAMS ORDINARY, LLC",,700 FAY ST,COLUMBIA,MO,65201,S,ACTIVE,
MO-S-20053,"THE VILLAGE-BRH, LLC",The Village Bar,12247 MANCHESTER RD,SAINT LOUIS,MO,63131,S,ACTIVE,
MO-S-20054,BOULEVARD BREWING COMPANY,Boulevard Beverage Company,2501 SOUTHWEST BOULEVARD,KANSAS CITY,MO,64108,S,ACTIVE,
MO-S-20058,EVANSFIELD DISTILLERY LLC,,13621 E 42ND TER,INDEPENDENCE,MO,64055,S,ACTIVE,
MO-S-20062,"ANHEUSER-BUSCH, LLC",Anheuser-Busch,ONE BUSCH PLACE,ST. LOUIS,MO,63118,S,ACTIVE,
MO-S-20063,WEST BOTTOMS WHISKEYS LLC,West Bottoms Whiskey Co.,1311 W 13TH ST 1F,KANSAS CITY,MO,64102,S,ACTIVE,
MO-S-20065,"MOONSHINERS DISTILLERY, LLC",Moonshiners Distillery,14077 NW COUNTY ROAD 9312 UNIT A,AMSTERDAM,MO,64723,S,ACTIVE,
MO-S-20066,MCCRACKEN ANCESTRAL SPIRITS DISTILLERY LLC,,4418 HIGHWAY 123,FAIR PLAY,MO,65649,S,ACTIVE,
MO-S-20068,"BLACKSMITH ARTISANAL SPIRITS, LLC",Blacksmith Artisanal Spirits,11517 BRANCH RD,LOHMAN,MO,65053,S,ACTIVE,
MO-S-20070,HOLY GRAIL WINERY LIMITED LIABILITY COMPANY,,17814 HWY N,MARTHASVILLE,MO,63357,S,ACTIVE,
MO-S-20071,"NAKED SPIRITS, LLC",Naked Spirits,755 N MAIN ST STE A BLDG 93,ST. CHARLES,MO,63301,S,ACTIVE,
MO-S-20073,"TALL PINES DISTILLERY MO, LLC",Tall Pines Distillery,3316 GOODIN HOLLOW RD,NOEL,MO,64854,S,ACTIVE,
MO-S-20076,THE PUBLIC HOUSE BREWING COMPANY LLC,PUBLIC HOUSE BREWING CO.,551 STATE ROUTE B,ST. JAMES,MO,65559,S,ACTIVE,
MO-S-20078,MMAD SPIRITS DISTILLERY LLC,Mmad Spirits Distillery LLC,1524 PORTER WAGONER BLVD,WEST PLAINS,MO,65775,S,ACTIVE,
MO-S-20079,"AI BOTTLING, LLC",Advanced Innovative Bottling,932 N 4TH ST,CLINTON,MO,64735,S,ACTIVE,
MO-S-20080,KISTLER CARRON GROUP LLC,Bronson's Milk Punch,10 WESTPORT ROAD,KANSAS CITY,MO,64111,S,ACTIVE,
MO-S-20082,EAGLE ALCOHOL COMPANY LLC,,885 E TAYLOR AVE,ST. LOUIS,MO,63147,S,ACTIVE,
MO-S-20084,BUSCH FAMILY BREWING AND DISTILLING LLC,,4020 BENNE RD,DEFIANCE,MO,63341,S,ACTIVE,
MO-S-20085,THE BREWKERY LLC,The Brewkery LLC,1353 ATLANTIC ST STE W3,NORTH KANSAS CITY,MO,64116,S,ACTIVE,
MO-S-20086,"FRONT ROW PROPERTY, LLC",Springfield Brewing Company,305 S MARKET AVE,SPRINGFIELD,MO,65806,S,ACTIVE,
MO-S-20087,BOMMARIO CELLARS INC.,Bommarito Cellars Inc,3718 GRANT SCHOOLD RD,NEW HAVEN,MO,63068,S,ACTIVE,
MO-S-20089,"O'MALLEY'S OF WESTON, LLC",,500 MAIN ST,WESTON,MO,64098,S,ACTIVE,
MO-S-20090,"3CM HOLDINGS, LLC",Prodigious Brewing Company,3845 N MARKET ST,ST. LOUIS,MO,63113,S,ACTIVE,
MO-S-20092,TRANSCHEMICAL INCORPORATED,Avantis,419 E DE SOTO AVE,SAINT LOUIS,MO,63147,S,ACTIVE,
MO-S-20093,OLD ROAD CRAFT SPIRITS INC,,126 W PINE ST STE B,BOURBON,MO,65441,S,ACTIVE,
MO-S-20094,THE BELFRY LLC,ANNX Spirits Company,1532 GRAND BLVD,KANSAS CITY,MO,64108,S,ACTIVE,
MO-S-20095,PIRTLE WINERY LLC,Pirtle Spirits,502 SPRING ST BLDG A,WESTON,MO,64098,S,ACTIVE,
MO-S-20096,LIONHEART WHISKEY CO LLC,,215 SCHILLER ST,HERMANN,MO,65041,S,ACTIVE,
MO-S-20098,"CHARLEVILLE BREWERY & WINERY, LLC",,16937 BOYD ROAD,STE. GENEVIEVE,MO,63670,S,ACTIVE,
MO-S-20099,ACT ARTISANS LLC,,3411 GRATIOT,ST. LOUIS,MO,63103,S,ACTIVE,
MO-S-20100,CITY CIDER LLC,Brick River Cider Co.,1701 MCGEE ST STE 200,KANSAS CITY,MO,64108,S,ACTIVE,
MO-S-20101,KEESAMAN FAMILY VINEYARDS LLC,Keesaman Family Vineyards LLC,9478 SW STATE ROUTE J,OSBORN,MO,64474,S,ACTIVE,
MO-S-20102,"GENTRY SPIRITS, LLC",,3100 HORSECREEK RD,GALENA,MO,65656,S,ACTIVE,
MO-S-20103,SEVEN SUMMERS DISTILLING LLC,Seven Summers Distilling,1262 W FOXWOOD DR,RAYMORE,MO,64083,S,ACTIVE,
MO-S-20104,"MIGHTY MO DISTILLERY, LLC","Mighty MO Distillery, LLC",105 E LAMB,CENTER,MO,63436,S,ACTIVE,
MO-S-20105,"PEACEFUL BEND VINEYARD, LLC",Peaceful Bend Vineyard,1942 HIGHWAY T,STEELVILLE,MO,65565,S,ACTIVE,
MO-S-20107,"BARREL HOUSE, LLC",Barrel House,14748 CLAYTON RD,BALLWIN,MO,63011,S,ACTIVE,
MO-S-20110,BLACK SEA SHINES INC,,101 CASSIE LN,KIMBERLING CITY,MO,65686,S,ACTIVE,
MO-S-20111,"4 HANDS BREWING COMPANY, LLC",4 HANDS BREWING COMPANY,17081 N OUTER 40 RD UNIT 17073,CHESTERFIELD,MO,63005,S,ACTIVE,
MO-S-20112,"KANSAS CITY BIER COMPANY, LLC",Kansas City Bier Company,310 W 79TH ST,KANSAS CITY,MO,64114,S,ACTIVE,
MO-S-20113,"BEVERAGE SOLUTIONS PARTNERS, LLC",,212 MILLWELL DR STE B,MARYLAND HEIGHTS,MO,63043,S,ACTIVE,
MO-S-20114,MUDDY BANKS BREWING COMPANY LLC,Muddy Banks Brewing Company,725 ACID MINE RD,SULLIVAN,MO,63080,S,ACTIVE,
MO-S-20117,"FRIENDSHIP BREWING COMPANY, LLC",,400 CROSSROADS BUSINESS PARK CT,FLINT HILL,MO,63385,S,ACTIVE,
MO-S-20118,CLASSIC TREND INC.,,1010 COUNTY LINE RD,SIKESTON,MO,63801,S,ACTIVE,
MO-S-20119,BUY THE DRINK LIMITED COMPANY,Hand in Glove / The W,6 1/2 SW 3RD ST,LEES SUMMIT,MO,64063,S,ACTIVE,
MO-S-20120,"4 HANDS BREWING COMPANY, LLC",,150 W ARGONNE AVE,KIRKWOOD,MO,63122,S,ACTIVE,
MO-S-20123,"FTD BRANSON, LLC",Full Throttle Distillery,111 E ATLANTIC ST,BRANSON,MO,65616,S,ACTIVE,
MO-S-20124,GOOD NEWS BREWING LLC,Good News Brewing Company,1121 N SECOND ST,ST. CHARLES,MO,63301,S,ACTIVE,
MO-S-20125,GOOD NEWS BREWING LLC,Good News Brewing Company,2886 S HIGHWAY 94,DEFIANCE,MO,63341,S,ACTIVE,
MO-S-20127,GOOD NEWS DEFIANCE LLC,Good News Brewing Company,5521 WATER ST,AUGUSTA,MO,63332,S,ACTIVE,
MO-S-20128,SAN LUIGI SPIRITS LLC,,2212 S JEFFERSON AVE,ST. LOUIS,MO,63104,S,ACTIVE,
MO-S-20129,THE BOTTOMS DISTILLING LLC,,6727 COUNTY RD 193,RHINELAND,MO,65069,S,ACTIVE,
MO-S-20132,"SHOW ME ETHANOL, LLC",,26530 24 HWY E,CARROLLTON,MO,64633,S,ACTIVE,
MO-S-20133,GOOD NEWS BREWING LLC,GOOD NEWS BREWING COMPANY,2603 WEST AVE,GROVER,MO,63040,S,ACTIVE,
MO-S-20135,"HERMANN FARM MUSEUM, INC.",RiverCliff Spirits,7 DANUSER DR,HERMANN,MO,65041,S,ACTIVE,
MO-S-20136,"ZUMBIEL BEVERAGE SERVICES, LLC",,1611 AIR PARK DR,FARMINGTON,MO,63640,S,ACTIVE,
MO-S-20137,"DAIRY FARMERS OF AMERICA, INC.","Dairy Farmers of American, LLC.",958 SHELTON ST,CABOOL,MO,65689,S,ACTIVE,
MO-S-20138,FALLEN BROTHERS CRAFTED SPIRITS LLC,,5513 WATER ST,AUGUSTA,MO,63332,S,ACTIVE,
MO-S-20139,ABC TAPROOM LLC,Alpha Brewing Company,4310 -4326 FYLER AVE,ST. LOUIS,MO,63116,S,ACTIVE,
MO-S-20140,BUSCH FAMILY BREWING AND DISTILLING LLC,,4151 BENNE RD,DEFIANCE,MO,63341,S,ACTIVE,
MO-S-20141,418 COMMONS LLC,Good News Brewing Ferguson,418 S FLORISSANT RD,SAINT LOUIS,MO,63135,S,ACTIVE,
MO-S-20142,SUBGENRE SPIRITS LLC,SUBGENRE SPIRITS,24747 MO-98,BOONVILLE,MO,65233,S,ACTIVE,
MO-S-20143,"KEG HOLDINGS, LLC",Urban Chestnut Brewing Company,4401-4465 MANCHESTER AVE,ST. LOUIS,MO,63110,S,ACTIVE,
MO-S-20144,GOOD NEWS BREWING LLC,Good News Brewing Company,131 S HIGH ST,JACKSON,MO,63755,S,ACTIVE,
MO-S-20145,"BRENNTAG MID-SOUTH, LLC",,139 E SOPER ST,ST LOUIS,MO,63111,S,ACTIVE,
MO-S-20146,"DAIRY FARMERS OF AMERICA, INC.",Dairy Farmers of America,3233 E CHESTNUT EXPY,SPRINGFIELD,MO,65802,S,ACTIVE,
MO-S-22,AUGUSTA WINE COMPANY,,201 MONTELLE DR,AUGUSTA,MO,63332,S,ACTIVE,
MS-S-20001,CHARBONEAU DISTILLERY LLC,Charboneau,617 JEFFERSON ST,NATCHEZ,MS,39120,S,ACTIVE,
MS-S-20003,"RICH GRAIN DISTILLING CO., LLC",Fine Southern Spirits,339 W PEACE ST,CANTON,MS,39046,S,ACTIVE,
MS-S-20004,CRITTENDEN DISTILLERY LLC,,19193 HIGHWAY 43,KILN,MS,39556,S,ACTIVE,
MS-S-20007,UNDERHILL FAMILY FARM L.L.C.,Circle Hook Distilling,12029 J MILLER RD STE A,GULFPORT,MS,39503,S,ACTIVE,
MS-S-20011,MUDDY WATERS DISTILLERY LLC,,187 BOHN ST,BILOXI,MS,39530,S,ACTIVE,
MS-S-20012,ROBINHOOD BREWING CO. LLC,,166 COUNTY ROAD 231 BLDG 2,IUKA,MS,38852,S,ACTIVE,
MS-S-20013,ROSEDALE QALICB MANAGER LLC,Rosedale Distilling Company,0 PERRY MARTIN RD,ROSEDALE,MS,38769,S,ACTIVE,
MS-S-20014,"RED PANTHER ENTERPRISES, INC.",,114 SILVER ST,OKOLONA,MS,38860,S,ACTIVE,
MT-S-15008,"WHISTLING ANDY, INC.","Whisting Andy, Inc.",8020 MT HIGHWAY 35,BIGFORK,MT,59911,S,ACTIVE,
MT-S-15010,"HEADFRAME SPIRITS, INC.",,21 S MONTANA ST,BUTTE,MT,59701,S,ACTIVE,
MT-S-15012,"HEADFRAME SPIRITS MANUFACTURING, INC.",Good Deeds Spirits / Mountain Consolidated Packaging,341 ANACONDA RD,BUTTE,MT,59701,S,ACTIVE,
MT-S-20010,RATTLESNAKE CREEK DISTILLERS,Rattlesnake Creek Distillers,2120 DIXON ST,MISSOULA,MT,59801,S,ACTIVE,
MT-S-20011,SPOTTED BEAR SPIRITS LLC,,503 RAILWAY ST STE A,WHITEFISH,MT,59937,S,ACTIVE,
MT-S-20014,"MONKEY JAY'S DISTILLERY, LLC",Monkey Jay's Distillery,465 ASH RD UNIT J,KALISPELL,MT,59901,S,ACTIVE,
MT-S-20016,"ROCKY MOUNTAIN SPIRITS, LLC",Vilya Spirits,101 E CENTER ST STE 104,KALISPELL,MT,59901,S,ACTIVE,
MT-S-20017,LICK CREEK LIQUOR LLC,Lick Creek Liquor,2323 HIGHWAY 93 S,HAMILTON,MT,59840,S,ACTIVE,
MT-S-20029,MONTANA WHISKEY COMPANY LLC,Montana Whiskey Co.,901 S 2ND ST W UNIT B,MISSOULA,MT,59801,S,ACTIVE,
MT-S-20031,"LOLO CREEK DISTILLERY, LLC",,11890 US HWY 93,LOLO,MT,59847,S,ACTIVE,
MT-S-20032,MEADOWLARK BREWING LLC,Meadowlark Spirits,3970 PIERCE PKWY,BILLINGS,MT,59106,S,ACTIVE,
MT-S-20033,MEADOWLARK BREWING LLC,Meadowlark Brewing,119 S CENTRAL AVE,SIDNEY,MT,59270,S,ACTIVE,
MT-S-20036,"MOUNTAIN WAVE DISTILLING, INC.","Mountain Wave Distilling, Inc.",313 CENTRAL AVE,GREAT FALLS,MT,59401,S,ACTIVE,
MT-S-20037,"BOTTLEWORKS OF MONTANA, LLC",FIREROOT DISTILLERY,5066 HOBLITT LN N STE B,FLORENCE,MT,59833,S,ACTIVE,
MT-S-20040,MECHANICAL ENTERPRISES CORP.,Farm Power Malt,101 RAINBOW AVE,POWER,MT,59468,S,ACTIVE,
MT-S-20041,"SWANSON'S SPIRITS, LLC",Swanson's Spirits,1775 MOUNTAIN VIEW ORCHARD RD,CORVALLIS,MT,59828,S,ACTIVE,
MT-S-20042,THE BADLANDER SPIRIT CO. LLC,Badlander Spirits,760 FLORENCE ST,HELENA,MT,59601,S,ACTIVE,
MT-S-20043,TERMINUS DISTILLING COMPANY LLC,,235 N IDAHO ST,DILLON,MT,59725,S,ACTIVE,
MT-S-20044,MOUNTAIN MONARCH DISTILLERS LLC,MOUNTAIN MONARCH DISTILLERS,1333 KAW AVE,BUTTE,MT,59701,S,ACTIVE,
MT-S-20045,MEILI HOLDINGS LLC,,195 HOMESTAKE DR,BOZEMAN,MT,59718,S,ACTIVE,
MT-S-20046,FLAGTWET ENTERPRISES LLC,Flagtwet Enterprises LLC,1091 TOBACCO RD,EUREKA,MT,59917,S,ACTIVE,
MT-S-20047,"HIGH MOUNTAIN DISTILLERY, LLC",Portal Rum Distillery,465 ASH RD UNIT P,KALISPELL,MT,59901,S,ACTIVE,
MT-S-20048,"FLATHEAD LAKE BREWING CO., INC.",Flatehad Lake Distilling Co.,116 HOLT DR STE B&C,BIGFORK,MT,59911,S,ACTIVE,
MT-S-20049,TABLE 62 LLC,,2134 US HWY 2 E,KALISPELL,MT,59901,S,ACTIVE,
MT-S-20050,MONTANA COPACK LLC,Montana Copack,760 FLORENCE ST,HELENA,MT,59601,S,ACTIVE,
MT-S-20051,"GALLY'S BREWING CO., LLC",Gally's Distillery,30 S CENTRAL AVE,HARLOWTON,MT,59405,S,ACTIVE,
NC-S-15004,THE MAUNEY GROUP LLC,SOUTHERN ARTISAN SPIRITS,1033 YORK RD,KINGS MOUNTAIN,NC,28086,S,ACTIVE,
NC-S-15005,"ENOCH WINERY, L.L.C.",ENOCH WINERY,3735 NC HIGHWAY 50,BENSON,NC,27504,S,ACTIVE,
NC-S-15010,"AZURE SKYE BEVERAGES, INC",,5253 OLD DOWD RD,CHARLOTTE,NC,28208,S,ACTIVE,
NC-S-15014,TOP SPIRITS LLC,TOP OF THE HILL DISTILLERY,505 W FRANKLIN ST,CHAPEL HILL,NC,27516,S,ACTIVE,
NC-S-15015,"TROY & SONS DISTILLERS, LLC",Asheville Distilling Company,"45 S FRENCH BROAD AVE., SUITE 105 &160",ASHEVILLE,NC,28813,S,ACTIVE,
NC-S-15016,"MOTHER EARTH BREWING, LLC",,302 MITCHELL ST,KINSTON,NC,28501,S,ACTIVE,
NC-S-15017,"HELMETS REQUIRED, LLC",Helmets Required,5781 MT. OLIVE CHURCH RD,MORGANTON,NC,28655,S,ACTIVE,
NC-S-15018,"LAWS DISTILLERY, INC.",,1889 GREASY CREEK RD,LENOIR,NC,28645,S,ACTIVE,
NC-S-15026,"TRAPHILL DISTILLERS, LLC",TRAPHILL DISTILLERS,2677 MOXLEY RD,HAYS,NC,28635,S,ACTIVE,
NC-S-20002,COVINGTON SPIRITS LLC,,310 KINGOLD BLVD,SNOW HILL,NC,28580,S,ACTIVE,
NC-S-20004,BROTHERS VILGALYS SPIRITS LLC,The Brothers Vilgalys Spirits Company,803 RAMSEUR ST UNIT D,DURHAM,NC,27701,S,ACTIVE,
NC-S-20005,"PETZOLD DISTILLERIES, LLC",,6461 HIGHWAY 212,MARSHALL,NC,28753,S,ACTIVE,
NC-S-20006,DIABLO DISTILLERIES LLC,,245 JIM PARKER RD STE B,JACKSONVILLE,NC,28546,S,ACTIVE,
NC-S-20007,STEVEN COX,Mayberry Distillery,461 N SOUTH ST,MOUNT AIRY,NC,27030,S,ACTIVE,
NC-S-20008,"THE TIPSY BEE, INC.",The Tipsy Bee Winery & Distillery,1764 LYMAN RD,CHINQUAPIN,NC,28521,S,ACTIVE,
NC-S-20009,"SCOTTS POINT DISTILLERY, LTD.",,1109 POST RD,BATH,NC,27808,S,ACTIVE,
NC-S-20010,"LOST COLONY SPIRITS, LLC",Sutler's Spirit Co.,840 MILL WORKS ST UNIT 120,WINSTON-SALEM,NC,27101,S,ACTIVE,
NC-S-20011,"DEVIL'S DISTILLERY, LLC",Fair Game Beverage Company,220 LORAX LN BLDG 193,PITTSBORO,NC,27312,S,ACTIVE,
NC-S-20012,"SCREAMING EAGLE DISTILLERS, LLC",Screaming Eagle Distillery,"843 NC 90, HIGHWAY E. STE 2",TAYLORSVILLE,NC,28681,S,ACTIVE,
NC-S-20013,"CAG FARMS, INC.",GREGORY VINEYARDS,275 BOWLING SPRING DR,ANGIER,NC,27501,S,ACTIVE,
NC-S-20014,"KITTY HAWK STILLS, LLC",FIRST FLIGHT VODKA,226 FORLINES RD UNIT G,GREENVILLE,NC,27858,S,ACTIVE,
NC-S-20015,"FOOTHILLS DISTILLERY, LLC",,300 THORNBURG DR SE STE A,CONOVER,NC,28613,S,ACTIVE,
NC-S-20019,"NEWCASTLE ASSETS, INC",Gambill Creek Distillers,1865 ROCK CREEK RD,NORTH WILKESBORO,NC,28659,S,ACTIVE,
NC-S-20026,RALEIGH RUM COMPANY LLC,,2660 - 136 DISCOVERY DR,RALEIGH,NC,27616,S,ACTIVE,
NC-S-20027,"DURHAM DISTILLERY, LLC",,711 & 715 WASHINGTON ST,DURHAM,NC,27701,S,ACTIVE,
NC-S-20031,"DOC PORTER'S DISTILLERY, LLC",,232 E PETERSON DR,CHARLOTTE,NC,28217,S,ACTIVE,
NC-S-20033,"CAROLINA BEVERAGE GROUP, LLC",,110 BARLEY PARK LN,MOORESVILLE,NC,28115,S,ACTIVE,
NC-S-20034,"ALLJUICE OPERATING, LLC",,352 JET ST,HENDERSONVILLE,NC,28792,S,ACTIVE,
NC-S-20035,"DRACO INVICTUS, LLC",Dragon Moonshine Company,516 E 15TH ST STE 14B,CHARLOTTE,NC,28206,S,ACTIVE,
NC-S-20036,PINE TOP DISTILLERY LLC,,1053 E WHITAKER MILL RD,RALEIGH,NC,27604,S,ACTIVE,
NC-S-20039,"DALTON DISTILLERY, LLC",,251 BILTMORE AVE BLDG 200,ASHEVILLE,NC,28801,S,ACTIVE,
NC-S-20042,LIZARD LICK BREWING AND DISTILLERY LLC,,138 E VANCE ST,ZEBULON,NC,27597,S,ACTIVE,
NC-S-20045,"HOLMAN DISTILLERY, LLC",Holman Distillery,385 HOSE RD,MORAVIAN FALLS,NC,28654,S,ACTIVE,
NC-S-20046,"CAROLINA SALOON DISTILLERY, INC.",,363 BERT WINSTON RD,YOUNGSVILLE,NC,27596,S,ACTIVE,
NC-S-20047,GOLD LEAF DISTILLING COMPANY,,690 BREWING DR,FUQUAY VARINA,NC,27526,S,ACTIVE,
NC-S-20054,"GRAYBEARD DISTILLERY, INC.",,4625 INDUSTRY LN,DURHAM,NC,27707,S,ACTIVE,
NC-S-20055,"THREE STACKS DISTILLING CO., LLC",,906 W ATLANTIC AVE STE 200,KINSTON,NC,28501,S,ACTIVE,
NC-S-20056,"APOTHECARY BEVERAGE COMPANY, INC.",,151 COXE AVE STE 10,ASHEVILLE,NC,28801,S,ACTIVE,
NC-S-20058,THE UNKNOWN BARRELWORKS LLC,,1327 S MINT ST,CHARLOTTE,NC,28203,S,ACTIVE,
NC-S-20061,"ELEVATED MOUNTAIN DISTILLING COMPANY, LLC",Elevated Mountain Distilling Company,3732 SOCO RD,MAGGIE VALLEY,NC,28751,S,ACTIVE,
NC-S-20066,SOULSHINE LLC,,3252 ROARING CREEK RD,NEWLAND,NC,28657,S,ACTIVE,
NC-S-20069,"INSTILL DISTILLING COMPANY, INC.",InStill Distilling,710 W MAIN ST STE 111,CLAYTON,NC,27520,S,ACTIVE,
NC-S-20070,"MASON INLET DISTILLERY, LLC",,6420 AMSTERDAM WAY STE G,WILMINGTON,NC,28405,S,ACTIVE,
NC-S-20073,"SLINGS AND ARROWS CRAFT SPIRITS, LLC",THE BUCKMINSTER SPIRIT CO,9 ELK PARK DR UNIT 712,ASHEVILLE,NC,28804,S,ACTIVE,
NC-S-20075,"DOODLE SASSER DISTILLING, LLC",Doodle Sasser,135 CUPPED OAK DR UNIT E-H,MATTHEWS,NC,28104,S,ACTIVE,
NC-S-20076,"APIARY DISTILLERY, LLC",,7097 MARKET ST EXT,WASHINGTON,NC,27889,S,ACTIVE,
NC-S-20078,EOD DISTILLERY LLC,"EOD Distillery, LLC",1815 CASTLE ST,WILMINGTON,NC,28403,S,ACTIVE,
NC-S-20079,EAGLE HOTEL DISTILLERY LLC,,11 N MAIN ST STE 7,MARION,NC,28752,S,ACTIVE,
NC-S-20080,MOMENTUM (WASHINGTON) LLC,The Hackney Distillery,192 W MAIN ST BLDG,WASHINGTON,NC,27889,S,ACTIVE,
NC-S-20081,"DAYTOON, INC.","Blue Shark Vodka, LLC.",6600 WINDMILL WAY BLDG 2,WILMINGTON,NC,28405,S,ACTIVE,
NC-S-20082,LINCOLN BREWING AND DISTILLING LLC,Lincoln Brewing & Distilling,8805 MIDWAY WEST RD,RALEIGH,NC,27617,S,ACTIVE,
NC-S-20083,"CHRISANG NB, LLC",Lazy Elm,523 DANNER RD,MOCKSVILLE,NC,27028,S,ACTIVE,
NC-S-20084,MCFARMS BLUEBERRIES LLC,,990 -B PINEVIEW CEMETERY RD,SEVEN SPRINGS,NC,28578,S,ACTIVE,
NC-S-20085,SOUTHERNTIME DISTILLING CO.,,3541 OLD HWY 11 S,DEEP RUN,NC,28525,S,ACTIVE,
NC-S-20088,"SCRAPYARD, LLC",RYE KNOT,868 MERRIMON AVE STE 8,ASHEVILLE,NC,28804,S,ACTIVE,
NC-S-20090,HIBERNIA DISTILLING COMPANY LLC,Great Wagon Road Distilling Company,2054 WILSHIRE CT SW UNIT D,CONCORD,NC,28025,S,ACTIVE,
NC-S-20091,"CARVER FAMILY DISTILLING CO., LLC",,314 N CROSS ST UNIT A,MARSHVILLE,NC,28103,S,ACTIVE,
NC-S-20092,WHISTLE CALL LLLP,Cedar Mountain Moonshine,10754 GREENVILLE HIGHWAY,CEDAR MOUNTAIN,NC,28718,S,ACTIVE,
NC-S-20093,"SKLAR BOV SOLUTIONS, INC",,1243 E GARNER BAGNAL BLVD,STATESVILLE,NC,28677,S,ACTIVE,
NC-S-20095,BLU DISTILLING COMPANY LLC,Liberty & Plenty Distillery,609 FOSTER ST,DURHAM,NC,27701,S,ACTIVE,
NC-S-20096,"NEXT CENTURY SPIRITS MANUFACTURING, LLC",,400 VINTAGE PARK DR STE 140,ZEBULON,NC,27597,S,ACTIVE,
NC-S-20097,"LONERIDER SPIRITS, LLC",Lonerider Spirits,1839 S MAIN ST STE 602,WAKE FOREST,NC,27587,S,ACTIVE,
NC-S-20098,HIBERNIA DISTILLING COMPANY LLC,Great Wagon Road Distilling Company,610 ANDERSON ST,CHARLOTTE,NC,28205,S,ACTIVE,
NC-S-20099,"C. JOHNSON DISTILLERY, LLC",,305 COMMERCE DR,ELIZABETH CITY,NC,27909,S,ACTIVE,
NC-S-20102,"TABULA RASA, CO.",Aristotle Spirits,105 RAND MILL RD,GARNER,NC,27529,S,ACTIVE,
NC-S-20103,"TAR RIVER DISTILLERY, INC.",Tar River Distillery,218 E NASH ST,LOUISBURG,NC,27549,S,ACTIVE,
NC-S-20104,"PRIME BEVERAGE GROUP, LLC",,1858 KANNAPOLIS PKWY,KANNAPOLIS,NC,28027,S,ACTIVE,
NC-S-20106,"TROPHY ON MAYWOOD, LLC",,656 MAYWOOD AVE,RALEIGH,NC,27603,S,ACTIVE,
NC-S-20110,SNYDER AND CAUSEY CORPORATION,Mica Town Brewing,311 NC HWY 126,NEBO,NC,28761,S,ACTIVE,
NC-S-20111,"NORSE BREWING COMPANY, LLC",,203 BROOKS ST,WAKE FOREST,NC,27587,S,ACTIVE,
NC-S-20113,"MURTO MADE, LLC",Murto Made Distillery,166 N MAIN ST,MOORESVILLE,NC,28115,S,ACTIVE,
NC-S-20115,"HOPFLY BREWING COMPANY, LLC",,1327 S MINT ST STE A,CHARLOTTE,NC,28203,S,ACTIVE,
NC-S-20117,"DEVIL'S FOOT DISTILLERY, LLC",Friend of the Devil,131 SWEETEN CREEK RD,ASHEVILLE,NC,28803,S,ACTIVE,
NC-S-20118,"LONERIDER SPIRITS, LLC",Lonerider Spirits,,OAK ISLAND,NC,28465,S,ACTIVE,
NC-S-20119,"IZZYZ SPIRITS, INC",Wilmington Distillery,12 DOCK ST,WILMINGTON,NC,28401,S,ACTIVE,
NC-S-20121,BARREL'S BREWHOUSE 3PLAY LLC,Bootleggers and Barrels,417 S FRONT ST UNIT B,NEW BERN,NC,28560,S,ACTIVE,
NC-S-20122,"LONERIDER SPIRITS-DURHAM, LLC",Lonerider Spirits,708 E RAMSEUR ST,DURHAM,NC,27701,S,ACTIVE,
NC-S-20124,"SOUTHERN PINES BREWING COMPANY, LLC",,565 AIR TOOL DR STE E,SOUTHERN PINES,NC,28387,S,ACTIVE,
NC-S-20126,"WELDON MILLS DISTILLERY, LLC",Weldon Mills Distillery,300 E MAIN ST,DURHAM,NC,27701,S,ACTIVE,
NC-S-20127,"NINJA BREWING, INC.",Ninja Spirits,66 ASHELAND AVE,ASHEVILLE,NC,28801,S,ACTIVE,
NC-S-20128,BLU DISTILLING COMPANY LLC,Liberty and Plenty Distilling,2009 BEELER RD S,WILSON,NC,27895,S,ACTIVE,
NC-S-20129,HIBERNIA DISTILLING COMPANY LLC,Great Wagon Road Distilling Company,122 W NORTH MAIN ST,WAXHAW,NC,28173,S,ACTIVE,
NC-S-20130,"BBC INVESTMENTS, LLC",Incendiary Brewing Company,5495 WILLIAMS RD,LEWISVILLE,NC,27023,S,ACTIVE,
NC-S-20131,JETER MOUNTAIN FARM LLC,Jeter Mountain Farm,1126 JETER MOUNTAIN RD,HENDERSONVIILLE,NC,28739,S,ACTIVE,
NC-S-20132,"SUNSHINE PUNCH, LLC",,4206 BRIDGES ST,MOREHEAD CITY,NC,28557,S,ACTIVE,
NC-S-20133,"OXFORD OAKS DISTILLERY, LLC",,127 COLLEGE ST,OXFORD,NC,27565,S,ACTIVE,
NC-S-20134,HEMPFARMA NC INC,Doja Vineyard & Grounds,8690 NEW DENTON DR,CASTALIA,NC,27816,S,ACTIVE,
NC-S-20136,"CIDER BROS, LLC",Bull City Ciderworks,599 S RAILROAD ST,LEXINGTON,NC,27292,S,ACTIVE,
NC-S-20137,"THE THREE RING BREWING CO., LLC",Death Defying Spirits,197 HILLIARD AVE,ASHEVILLE,NC,28801,S,ACTIVE,
NC-S-20138,J & H WAXHAW LLC,Jekyll & Hyde Taphouse and Grill,216 W NORTH MAIN ST,WAXHAW,NC,28173,S,ACTIVE,
NC-S-20140,NATIVE SPIRITS LLC,,381 CLIFF RD,PENROSE,NC,28766,S,ACTIVE,
NC-S-20141,INBOX BEVERAGE INC.,,1 BALCRANK WAY,WEAVERVILLE,NC,28787,S,ACTIVE,
NC-S-20143,FARMERS RESERVE DISTILLERY INC,,1746 33RD ST NE,HICKORY,NC,28601,S,ACTIVE,
NC-S-20144,MONDAY NIGHT VENTURES LLC,Monday Night Brewing,2217 S TRYON ST,CHARLOTTE,NC,28203,S,ACTIVE,
NC-S-20145,BRAD HALLING AMERICAN WHISKEY CO. LLC,BHAWK,175 YADKIN RD,SOUTHERN PINES,NC,28387,S,ACTIVE,
NC-S-20146,"FOUR SAINTS BREWING COMPANY, LLC",,212 S FAYETTEVILLE ST UNIT,ASHEBORO,NC,27203,S,ACTIVE,
NC-S-20147,"NINJA BREWING, INC.",Ninja Spirits,77 COXE AVE,ASHEVILLE,NC,28801,S,ACTIVE,
NC-S-20148,"TW WAVERLY, INC.",Mystic Distillery at Triangle Wine,575 NEW WAVERLY PL STE 103-B,CARY,NC,27518,S,ACTIVE,
NC-S-20149,"CRUSH VODKA, LLC",Sup Dogs Distilling Co,218 E 5TH ST,GREENVILLE,NC,27858,S,ACTIVE,
NC-S-20150,"CRANFORD BREWING, LLC",,205 MAIN AVE NE,HICKORY,NC,28601,S,ACTIVE,
NC-S-20152,BEAUFORT SPIRITS COMPANY LLC,,814 W BEAUFORT RD,BEAUFORT,NC,28516,S,ACTIVE,
NC-S-20153,PINK CHIMNEY LLC,Pink Chimney,3012 POLK COUNTY LINE RD BLDG 2,RUTHERFORDTON,NC,28139,S,ACTIVE,
NC-S-20154,"BRANCH WATER DISTILLERY, INC",,301 ROANOKE RAPIDS RD,GASTON,NC,27832,S,ACTIVE,
NC-S-20155,MONSTER BREWING COMPANY LLC,,342 MOUNTAIN INDUSTRIAL DRIVE,BREVARD,NC,28712,S,ACTIVE,
NC-S-20156,"MYSTIC FARM & DISTILLERY, INC.",,1212 N MINERAL SPRINGS RD,DURHAM,NC,27703,S,ACTIVE,
NC-S-20157,"DUPLIN WINE CELLARS, INCORPORATED",,342 YELLOWCUT RD,ROSE HILL,NC,28458,S,ACTIVE,
NC-S-20158,"ABB PARTNERS, LLC",Grain and Barrel Spirits,400 VINTAGE PARK DR STE 110,ZEBULON,NC,27597,S,ACTIVE,
NC-S-20159,WISE MAN BREWING LLC,Wise Man Spirits,826 ANGELO BROTHERS AVE,WINSTON SALEM,NC,27101,S,ACTIVE,
NC-S-20161,"ELEVEN EAST, LLC",Eleven East Distillery,11 E MAIN ST STE B,THOMASVILLE,NC,27360,S,ACTIVE,
NC-S-20163,BAXTERS 1892 LLC,,5609 70 HWY,DOVER,NC,28526,S,ACTIVE,
NC-S-20164,"CAPE FEAR VINEYARD AND WINERY, LLC",Cape Fear Distillery,2 MARITIME WAY UNIT 1,BALD HEAD ISLAND,NC,28461,S,ACTIVE,
NC-S-20165,THE GARAGE BAR LLC,The Garage Bar,1209 E US HIGHWAY 70,NEW BERN,NC,28560,S,ACTIVE,
NC-S-20166,"HIPPIN HIPS BREWERY, INC.",Medusa CLT,2509 N DAVIDSON ST STE A,CHARLOTTE,NC,28205,S,ACTIVE,
NC-S-20167,"TROY & SONS DISTILLERS, LLC",Asheville Distilling Company,1891 SILVERS WELCH RD,OLD FORT,NC,28762,S,ACTIVE,
NC-S-20168,"TROY & SONS DISTILLERS, LLC",Asheville Distilling Company,111 HOWARD GAP RD,FLETCHER,NC,28732,S,ACTIVE,
NC-S-20169,MISFIT CORRAL LLC,,134 HENRY MARTIN TRL,STATESVILLE,NC,28625,S,ACTIVE,
NC-S-20172,"MILL CAMP WINES & CIDERS, LLC",Mill Camp Wines & Ciders,185 RIVERS CREST RD,BOONE,NC,28607,S,ACTIVE,
NC-S-20173,"CHILDRESS DISTILLERY, LLC",,1000 CHILDRESS VINEYARDS RD,LEXINGTON,NC,27295,S,ACTIVE,
NC-S-20174,SHREVE ALCOHOL COMPANY LLC,Shreve Whiskey,311 E A ST,BUTNER,NC,27509,S,ACTIVE,
NC-S-20176,UWHARRIE MOUNTAIN MOONSHINE LLC,,989 HIGHWAY 109 N,TROY,NC,27371,S,ACTIVE,
NC-S-20177,OAKLORE DISTILLING COMPANY LLC,,1425 WINNIFRED ST STE 103,CHARLOTTE,NC,28203,S,ACTIVE,
NC-S-20178,"HONEY I'M HOMESTEAD, LLC",,1750 SE PINE MEADOWS DR,BOLIVIA,NC,28422,S,ACTIVE,
NC-S-20179,C A HOLLIFIELD LLC,,1018 HARPER AVE NW STE C,LENOIR,NC,28645,S,ACTIVE,
NC-S-20180,"EUDA WINE, LLC",,164 COMMERCE ST STE 10,OLD FORT,NC,28762,S,ACTIVE,
NC-S-20181,"HOLLAND BROOKS DISTILLERY, INC.",,206 E 3RD AVE,LEXINGTON,NC,27292,S,ACTIVE,
NC-S-20182,"GOOSE AND THE MONKEY BREWHOUSE, LLC",,401 S RAILROAD ST,LEXINGTON,NC,27292,S,ACTIVE,
NC-S-20183,HIBERNIA DISTILLING COMPANY LLC,Great Wagon Road Distilling Company,102 TOWN SQ,BURNSVILLE,NC,28714,S,ACTIVE,
NC-S-20184,L&B DISTILLERY LLC,L&B Distillery,3580 OLD LUMBERTON RD,WHITEVILLE,NC,28472,S,ACTIVE,
NC-S-20185,HUGIN & MUNIN LLP,Toe River Distillery,368 OAK AVE UNIT C,SPRUCE PINE,NC,28777,S,ACTIVE,
NC-S-20186,OAKLORE DISTILLING COMPANY LLC,,4444 SOUTH BLVD,CHARLOTTE,NC,28209,S,ACTIVE,
NC-S-20187,NEW SARUM BREWING CO LLC,,109 N LEE ST BLDG 0,SALISBURY,NC,28144,S,ACTIVE,
NC-S-20188,"NUCLEUS DISTILLING, LLC",Boatman Spirits Company,715 SEABOARD STATION,RALEIGH,NC,27604,S,ACTIVE,
NC-S-20189,JEDIDIAH CRAFT DISTILLING LLC,Jedidiah craft distilling,274 AXTELL RIDGEWAY RD,NORLINA,NC,27563,S,ACTIVE,
NC-S-20190,"MATRIX BOTTLING GROUP, LLC",,100 CERAMIC TILE DR,MORGANTON,NC,28655,S,ACTIVE,
NC-S-20191,NODA BREWING COMPANY,,2921 N TRYON ST,CHARLOTTE,NC,28206,S,ACTIVE,
NC-S-20192,CHURCHILL BROTHERS BREWING LLC,RudeDog Distillery & Churchill Brothers Brewing,275 S BROAD ST,MOORESVILLE,NC,28115,S,ACTIVE,
NC-S-20193,TARHEEL SPIRITS LLC,Tar Heel Distillery,112 MCDANIEL RD,LAKE LURE,NC,28746,S,ACTIVE,
NC-S-20194,SMOKIES SHINERY + KITCHEN INC,,80 EVERETT ST,BRYSON CITY,NC,28713,S,ACTIVE,
NC-S-20195,"BRENNTAG MID-SOUTH, LLC",,2000 E PETTIGREW ST,DURHAM,NC,27703,S,ACTIVE,
NC-S-20196,"BRENNTAG MID-SOUTH, LLC",,2 HCI BLVD,GREENSBORO,NC,27409,S,ACTIVE,
NC-S-20197,"SOUTHER WILLIAMS VINEYARD, L.L.C.",,655 HOOPERS CREEK RD,FLETCHER,NC,28732,S,ACTIVE,
NC-S-20198,DARK SKIES LLC,,7899 BIG IVY RD BLDG A,PURLEAR,NC,28665,S,ACTIVE,
NC-S-20199,"MOUNTAIN BEVERAGE, LLC",Modern Alchemist,78 CATAWBA AVE STE A,OLD FORT,NC,28762,S,ACTIVE,
NC-S-20200,"RESIDENT CULTURE BREWING COMPANY, LLC",Rite Time,2101 CENTRAL AVE,CHARLOTTE,NC,28205,S,ACTIVE,
ND-S-15002,"POINTE OF VIEW WINERY, L.L.C.",JEFF TAYLOR DISTILLERY,8413 19TH AVE NW,BURLINGTON,ND,58722,S,ACTIVE,
ND-S-20002,RED PINE DISTILLERY INC.,,4051 GATEWAY DR BLDG C,GRAND FORKS,ND,58203,S,ACTIVE,
ND-S-20007,BIG DOG BEVERAGES LLC,Big Dog Beverages LLC,307 S 3RD ST,BISMARCK,ND,58504,S,ACTIVE,
ND-S-20008,BISMARCK DISTILLERY LLC,Bismarck Distillery,2730 PAINTBALL WAY STE 2,LINCOLN,ND,58504,S,ACTIVE,
NE-S-15002,COOPER'S CHASE DISTILLERY L.L.C.,,584 18TH RD,WEST POINT,NE,68788,S,ACTIVE,
NE-S-15004,"NEBRASKA CORN PROCESSING, LLC",,107 POTTER ST,CAMBRIDGE,NE,69022,S,ACTIVE,
NE-S-15005,"PRAIRIE SPIRITS, INC.",,45360 DRIVE 797,ANSLEY,NE,68814,S,ACTIVE,
NE-S-20001,PATRIARCH DISTILLERS LLC,Patriarch Distillers,12251 CARY CIR 100,LA VISTA,NE,68128,S,ACTIVE,
NE-S-20002,"BORGATA BREWING AND DISTILLING, LLC",Brickway Brewing and Distilling,1116 JACKSON ST,OMAHA,NE,68102,S,ACTIVE,
NE-S-20003,"SALT VALLEY SPIRITS, LLC",,500 W SOUTH ST STE 8,LINCOLN,NE,68522,S,ACTIVE,
NE-S-20005,"LAZY RW ENTERPRISES, LLC",,511 S ASH ST,MOOREFIELD,NE,69039,S,ACTIVE,
NE-S-20010,"WHISKEY RUN CREEK VINEYARD & WINERY, L.L.C.",Whiskey Run Creek Distillery,702 MAIN ST,BROWNVILLE,NE,68321,S,ACTIVE,
NE-S-20012,"KNOTTED WOOD DISTILLERY, LLC",,1825 STATE SPUR 76D,WILBER,NE,68465,S,ACTIVE,
NE-S-20013,"BARELY LEGAL DISTILLING, LLC",,310 N 5TH ST,SEWARD,NE,68434,S,ACTIVE,
NE-S-20015,"TODD'S BBI INTERNATIONAL, INC.",,109 S MAIN ST,MADISON,NE,68748,S,ACTIVE,
NE-S-20017,"UPSTREAM INNOVATIONS, LLC",Upstream Farms Distillery,2311 140TH AVE,ALBION,NE,68620,S,ACTIVE,
NE-S-20019,"KINKAIDER BREWING CO., LLC",Sideshow Spirits,1630 P ST,LINCOLN,NE,68508,S,ACTIVE,
NE-S-20021,JOHNNIE BYRD BREWING COMPANY,Johnnie Byrd Brewing Company,121 N PEARL ST,WAYNE,NE,68787,S,ACTIVE,
NE-S-20022,GREEN PLAINS YORK LLC,,1414 ROAD O,YORK,NE,68467,S,ACTIVE,
NE-S-20023,"VIRIDIS CHEMICAL NE ASSET CO 1, LLC",Viridis Chemical  NE Asset Co. 1,3309 E 8TH ST,COLUMBUS,NE,68601,S,ACTIVE,
NE-S-20024,FLYOVER WHISKEY HOLDINGS LLC,Flyover Whiskey,1189 C RD,WEST POINT,NE,68788,S,ACTIVE,
NE-S-20025,"SAGUN DISTILLERIES, LLC",Sagun Distillery,1725 N 42ND ST BAY 19,OMAHA,NE,68111,S,ACTIVE,
NE-S-20026,"AMERICAN MADE DISTILLERY, INC.",,100 N 12TH ST STE 102,LINCOLN,NE,68508,S,ACTIVE,
NE-S-20030,"GOLDEN SHEAF, LLC",Golden Sheaf,3309 OAK VIEW DR STE 104/105,OMAHA,NE,68144,S,ACTIVE,
NE-S-20031,"NEBRASKA BEVERAGE PARTNERS, LLC",Brickway Brewing & Distilling,"11941 CENTENNIAL RD STE 1,2,3",LA VISTA,NE,68128,S,ACTIVE,
NE-S-20033,"IRON ARROW DISTILLERY, L.P.",Iron Arrow Distillery,41602 901ST RD,SPARKS,NE,69220,S,ACTIVE,
NE-S-20034,"MULE, LLC",HANDLEBEND COPPER COMPANY,215 DOUGLAS ST E,ONEILL,NE,68763,S,ACTIVE,
NE-S-20035,ANCIENT ARMOUR DISTILLERY LLC,Ancient Armour Distillery llc,122 N OAK ST N BLDG,DODGE,NE,68633,S,ACTIVE,
NE-S-20036,"CIE NORFOLK GNS, LLC",,3002 N VICTORY RD,NORFOLK,NE,68701,S,ACTIVE,
NE-S-20038,"GOLDEN OPERATIONS, LLC",Golden Sheaf,3309 OAK VIEW DR STE 104,OMAHA,NE,68144,S,ACTIVE,
NH-S-15005,"FABRIZIA SPIRITS, LLC",,2 INDUSTRIAL WAY UNIT 4 AND 5,SALEM,NH,03079,S,ACTIVE,
NH-S-15006,THE SEA HAGG DISTILLERY LLC,"Plaice Cove Spirits, Found North Whisky,ALB Spirits",119 BROADWAY RD,DOVER,NH,03820,S,ACTIVE,
NH-S-15009,MOUNT WASHINGTON DISTILLERS LLC,Mount Washington Distillers,270 HOUNSELL AVE,GILFORD,NH,03249,S,ACTIVE,
NH-S-20002,"SMOKY QUARTZ DISTILLERY, LLC",,894 LAFAYETTE RD,SEABROOK,NH,03874,S,ACTIVE,
NH-S-20004,"MAGARI, LLC",,285 STAGE RD UNIT 4,HAMPSTEAD,NH,03841,S,ACTIVE,
NH-S-20005,CANTERBURY SPIRITS LLC,Cold Garden Spirits,338 SHAKER RD,CANTERBURY,NH,03224,S,ACTIVE,
NH-S-20006,"TALL SHIP DISTILLERY, LLC",,32 CROSBY RD UNIT 5,DOVER,NH,03820,S,ACTIVE,
NH-S-20008,TRANSCENDENTAL SPIRITS LLC,Tamworth Distillery,15 CLEVELAND HILL RD,TAMWORTH,NH,03886,S,ACTIVE,
NH-S-20010,"HAUNTING WHISPER, LLC",HAUNTING WHISPER SPIRITS,77 OAK RIDGE DR,DANBURY,NH,03230,S,ACTIVE,
NH-S-20012,"PTS FOOD ENTERPRISES, LLC",Stark Brewing Company,500 COMMERCIAL ST,MANCHESTER,NH,03101,S,ACTIVE,
NH-S-20013,FRANK MARINO,Black Cove Beverages,343 DANIEL WEBSTER HWY,MEREDITH,NH,03253,S,ACTIVE,
NH-S-20018,WIDMER & DAVIS ARTISAN DISTILLERIES LLC,Widmer & Davis Artisan Distilleries,32 MAIN ST,NEWPORT,NH,03773,S,ACTIVE,
NH-S-20019,"603 BREWERY, LLC",603 Spirits,42 MAIN STREET,LONDONDERRY,NH,03053,S,ACTIVE,
NH-S-20022,ISLAND DISTRICT PROVISIONS LLC,Island District,105 TOWLE FARM RD,HAMPTON,NH,03842,S,ACTIVE,
NH-S-20024,"BRANCH AND BLADE BREWING COMPANY, INC.",Logic Craft Cocktails,17 BRADCO ST UNIT 3,KEENE,NH,03431,S,ACTIVE,
NH-S-20025,RICHARD HORTON,The Outlaw Brewing Company,215 SCOTLAND RD,WINCHESTER,NH,03470,S,ACTIVE,
NH-S-20026,MANCHESTER DISTILLERY LLC,Manchester Distillery,284 WILLOW ST,MANCHESTER,NH,03103,S,ACTIVE,
NH-S-20027,IN THE WOODS SPIRITS LLC,,80 STATE ST,GROVETON,NH,03582,S,ACTIVE,
NH-S-20028,HIGHLAND HILL LLC,Highland Hill LLC,45 BLUEBERRY HILL RD,MEREDITH,NH,03525,S,ACTIVE,
NH-S-20029,"PROFILE SPIRITS, LLC.",Profile Spirits,1323 NH ROUTE 175 BLDG 3,CAMPTON,NH,03223,S,ACTIVE,
NH-S-20030,"GREAT NORTH BREWING, LLC",Great North Aleworks,1050 HOLT AVE UNIT 14,MANCHESTER,NH,03109,S,ACTIVE,
NH-S-20031,WILDCAT BEVERAGE LLC,,121 BROADWAY STE 131,DOVER,NH,03820,S,ACTIVE,
NH-S-20032,DECIDUOUS BREWING CO LLC,,12 WEAVER ST STE B,NEWMARKET,NH,03857,S,ACTIVE,
NH-S-20033,"NOBL COFFEE, LLC",,139 FOLLY MILL RD,SEABROOK,NH,03874,S,ACTIVE,
NH-S-20034,LONE WOLF DISTILLERY LLC,,25 WATER VILLAGE RD,OSSIPEE,NH,03864,S,ACTIVE,
NJ-S-15004,LLOYD'S ORIGINAL INC,,1301 CORLIES AVE UNIT 6BD,NEPTUNE,NJ,07753,S,ACTIVE,
NJ-S-15010,"BIG STILL LIQUORS, LLC",,1000 TOWBIN AVE,LAKEWOOD,NJ,08701,S,ACTIVE,
NJ-S-15011,"L. D. ACEPRO, INC.",ACE BEVERAGES,57 LEUNING ST UNIT 1,SOUTH HACKENSACK,NJ,07606,S,ACTIVE,
NJ-S-15013,MAMMA BELLA LLC,"MAMMA BELLA, LLC",250 11TH ST STE A,HAMMONTON,NJ,08037,S,ACTIVE,
NJ-S-20003,CMY DISTILLERY LIMITED LIABILITY COMPANY,,371 ROUTE 47,CAPE MAY COURTHOUSE,NJ,08219,S,ACTIVE,
NJ-S-20004,"AXIOS & SONS, LLC",Lazy Eye Distillery,1328 HARDING HWY,RICHLAND,NJ,08350,S,ACTIVE,
NJ-S-20005,"CHELSEA FORGE VINTNERS, L.L.C.",,269 ROUTE 627,MILFORD,NJ,08848,S,ACTIVE,
NJ-S-20007,CLAREMONT DISTILLED SPIRITS INC,,3619 STATE ROUTE 94 RTE BLDG,HAMBURG,NJ,07419,S,ACTIVE,
NJ-S-20008,"AXIOS & SONS, LLC",Lazy Eye Distillery,135 E SPICER AVE,WILDWOOD,NJ,08260,S,ACTIVE,
NJ-S-20009,"UNIVERSAL SYNERGETICS, INC.",T.H.E.M. of New Jersey,"5 E STOW RD STE A, B, C, D",MARLTON,NJ,08053,S,ACTIVE,
NJ-S-20010,TRENTON FARMS LLC,,51 TUCKER ST,TRENTON,NJ,08618,S,ACTIVE,
NJ-S-20013,JERSEY SPIRITS DISTILLING CO.,,1275 BLOOMFIELD AVE BLDG 7 UNIT 40B,FAIRFIELD,NJ,07004,S,ACTIVE,
NJ-S-20016,"EAST COAST DISTILLING, LLC",,20 PETERSON AVE,MILLVILLE,NJ,08332,S,ACTIVE,
NJ-S-20017,COPPER KETTLE SPIRITS LLC,,54 W MAIN STREET,FREEHOLD,NJ,07728,S,ACTIVE,
NJ-S-20019,"FINAO DISTILLING, LLC",Finao Distilling,6 CHESTNUT ST UNIT 1,SOMERS POINT,NJ,08244,S,ACTIVE,
NJ-S-20020,"GANTER DISTILLERS, LLC",,807 BALTIC AVE UNIT B,ATLANTIC CITY,NJ,08401,S,ACTIVE,
NJ-S-20022,CAPE MAY SPIRITS LLC,Nauti Spirits,916 SHUNPIKE RD,CAPE MAY,NJ,08204,S,ACTIVE,
NJ-S-20024,MILK STREET DISTILLERY LIMITED LIABILITY COMPANY,,1 MILK ST BLDG 1,BRANCHVILLE,NJ,07826,S,ACTIVE,
NJ-S-20025,"DISCH & SONS DISTILLERS, LLC",Sourland Mountain Spirits,130 HOPEWELL-ROCKY HILL RD,HOPEWELL,NJ,08525,S,ACTIVE,
NJ-S-20026,SKUNKTOWN DISTILLERY LLC,Skunktown Distillery,12 MINNEAKONING RD BLDG B STE 110,FLEMINGTON,NJ,08822,S,ACTIVE,
NJ-S-20027,CLASSIC FARMS LLC,Classic Farms Distillery,75 SAWMILL RD,HAMILTON,NJ,08620,S,ACTIVE,
NJ-S-20030,RES NATURA LLC,,424 MULBERRY ST,NEWARK,NJ,07105,S,ACTIVE,
NJ-S-20031,PEDRO Y EUGENIA CRAFT DISTILLERY LLC,,30 CHURCH ST,MOUNT HOLLY,NJ,08060,S,ACTIVE,
NJ-S-20033,ISLAND BEACH DISTILLERY LLC,Island Beach Distillery,333 U.S. 9 UNIT B13 & B14,BAYVILLE,NJ,08753,S,ACTIVE,
NJ-S-20034,"DUMBASS WHISKEY, LLC",,101 ALEXANDER AVE UNIT 2,POMPTON PLAINS,NJ,07444,S,ACTIVE,
NJ-S-20035,"STRIPED LION DISTILLING, LLC",,1273 IMPERIAL WAY UNIT A,WEST DEPTFORD,NJ,08066,S,ACTIVE,
NJ-S-20038,"HISTORYQUEST, LLC",,6 W PEARL ST,BURLINGTON,NJ,08016,S,ACTIVE,
NJ-S-20039,CRETE DISTILLERY LLC,,392 ADELPHIA RD,FARMINGDALE,NJ,07727,S,ACTIVE,
NJ-S-20040,"PIEDMONT DISTILLERS, LLC",,16 CHURCH ST,BOUND BROOK,NJ,08805,S,ACTIVE,
NJ-S-20043,ALCOHOLIC ICES LLC,,1985 SWARTHMORE AVE UNIT 4B,LAKEWOOD,NJ,08701,S,ACTIVE,
NJ-S-20046,"MONOPOL SPIRITS DISTILLERY, LLC",,633 PIERCE AVE UNIT 3,LINDEN,NJ,07036,S,ACTIVE,
NJ-S-20048,METABRAND LLC,,25 PROGRESS ST,EDISON,NJ,08820,S,ACTIVE,
NJ-S-20049,GARDEN STATE DISTILLERY LLC,Garden State Distillery,580 BRICK BLVD,BRICK,NJ,08723,S,ACTIVE,
NJ-S-20051,FOUR HUNDRED AND ONE SPIRITS LLC,FOUR HUNDRED AND ONE SPIRITS,210 W CLINTON,OAKLYN,NJ,08107,S,ACTIVE,
NJ-S-20053,"SPECTRUM LABORATORY PRODUCTS, INC.",,755 JERSEY AVE,NEW BRUNSWICK,NJ,08901,S,ACTIVE,
NJ-S-20055,CREAMY CREATION LLC,,395 W PASSAIC ST STE 252,ROCHELLE PARK,NJ,07662,S,ACTIVE,
NJ-S-20056,PARKER DEVELOPMENT INC.,,180 MUNSONHURST RD,FRANKLIN,NJ,07416,S,ACTIVE,
NJ-S-20061,DOEHLER NORTH AMERICA INC.,,21-25 RIVERSIDE DRIVE,PINE BROOK,NJ,07058,S,ACTIVE,
NJ-S-20062,ARETIA CORPORATION,,278 LINCOLN BLVD,MIDDLESEX,NJ,08846,S,ACTIVE,
NJ-S-20064,LUSCIOUS SPIRITS CO.,,2009 EASTPARK BLVD,CRANBURY,NJ,08512,S,ACTIVE,
NJ-S-20067,WAYNE COUNTY FOODS INC.,Wayne County Foods,360 COIT ST,IRVINGTON,NJ,07111,S,ACTIVE,
NJ-S-20068,LBI DISTILLERY LLC,,1305 LONG BEACH BLVD,LONG BEACH TOWNSHIP,NJ,08008,S,ACTIVE,
NJ-S-20069,"DOG & RAM, LLC",DOG & RAM Spirits,19 SEABROOK RD,MANNINGTON,NJ,08079,S,ACTIVE,
NJ-S-20070,EXQUISITESIP LLC,ExquisiteSip,559 MAIN AVE,PASSAIC,NJ,07055,S,ACTIVE,
NJ-S-20072,"ACTION-PAK, INC.",Action Pak Inc.,1600 RIVER AVE,CAMDEN,NJ,08105,S,ACTIVE,
NJ-S-20073,LYUBOMIROFF LLC,,27 A SEBAGO ST,CLIFTON,NJ,07013,S,ACTIVE,
NJ-S-20074,ING SPIRITS OPERATION INC.,Living Spirits,300 VALENTINE ST,HACKETTSTOWN,NJ,07840,S,ACTIVE,
NJ-S-20075,"PORTWOOD WHISKEY COMPANY, LLC",,192 GREENWOOD AVENUE,MIDLAND PARK,NJ,07432,S,ACTIVE,
NJ-S-20076,SYMRISE INC.,,300 NORTH ST,TETERBORO,NJ,07608,S,ACTIVE,
NJ-S-20077,SPIDERS CAFE LLC,Spiders Cafe,42 S MAIN ST,ALLENTOWN,NJ,08501,S,ACTIVE,
NJ-S-20078,JERSEY SHORE SPIRITS INC.,Freehold Distilling Company,3475 ROUTE 9 N STE 9,FREEHOLD,NJ,07728,S,ACTIVE,
NJ-S-20079,WHISKEY4WOMEN LLC,battle grounds distilling,13 WASHINGTON ST,TOMS RIVER,NJ,08753,S,ACTIVE,
NJ-S-20080,LBI DISTILLERY LLC,LBI Distillery,750 US-9,LITTLE EGG HARBOR,NJ,08087,S,ACTIVE,
NJ-S-582,"WILLIAM GRANT & SONS, INC.",WILLIAM GRANT & SONS USA,130 FIELDCREST AVE,EDISON,NJ,08837,S,ACTIVE,
NJ-S-60,LAIRD & COMPANY,,1 LAIRD RD,SCOBEYVILLE,NJ,07724,S,ACTIVE,
NM-S-15006,"KGB SPIRITS, LLC",,183 COUNTY ROAD 41,ALCALDE,NM,87511,S,ACTIVE,
NM-S-20005,"AZTEC SPIRITS, LLC",,36 BISBEE CT UNIT B,SANTA FE,NM,87508,S,ACTIVE,
NM-S-20006,TURQUOISE TRAIL FINE SPIRITS LLC,,1630 UPPER CANYON RD,SANTA FE,NM,87501,S,ACTIVE,
NM-S-20008,"STILL SPIRITS, LLC",,120 NW MARBLE AVE,ALBUQUERQUE,NM,87102,S,ACTIVE,
NM-S-20009,"THREE RIVERS BREWING COMPANY, LLC",Three Rivers Brewstillery,"101, 103, 105, 107, 109 E. MAIN ST",FARMINGTON,NM,87401,S,ACTIVE,
NM-S-20010,"ALBUQUERQUE DISTILLING, LLC",Albuquerque Distilling,"5001 NE CENTRAL AVE STE A2, A4, A5",ALBUQUERQUE,NM,87108,S,ACTIVE,
NM-S-20011,"GLENCOE DISTILLERY, LLC",,813 CARRIZO CANYON RD,RUIDOSO,NM,88345,S,ACTIVE,
NM-S-20013,VARA LLC,VARA,315 ALAMEDA BLVD NE BLVD,ALBUQUERQUE,NM,87113,S,ACTIVE,
NM-S-20014,"TUNA BOAT CHARTERS, LLC",,4908 CORRALES RD,CORRALES,NM,87048,S,ACTIVE,
NM-S-20015,"TUMBLEROOT BREWING, LLC",Tumbleroot Brewery and Distillery,32 BISBEE CT UNIT 3-4,SANTA FE,NM,87508,S,ACTIVE,
NM-S-20016,HOLLOW SPIRITS LLC,Hollow Spirits Distillery,1324 1ST ST NW,ALBUQUERQUE,NM,87102,S,ACTIVE,
NM-S-20017,"CMS BREWING, LLC",,3700 NW ELLISON DR STE C,ALBUQUERQUEUE,NM,87114,S,ACTIVE,
NM-S-20019,"GLORIETA SPIRITS, LLC",Don Quixote Distillery and Winery,523 COMMERCIAL ST NE,ALBUQUERQUE,NM,87102,S,ACTIVE,
NM-S-20020,"TROUBLED MINDS, INC.",Troubled Minds Distilling,1800 NW 4TH ST,ALBUQUERQUE,NM,87102,S,ACTIVE,
NM-S-20022,NIKLE CO.,,2800 INDIAN SCHOOL RD NE,ALBUQUERQUE,NM,87106,S,ACTIVE,
NM-S-20024,"DGS LIQUIDS, LLC",Looking Glass Spirits,1803 6TH ST NW STE 1,ALBUQUERQUE,NM,87102,S,ACTIVE,
NM-S-20026,SAN MATEO BEER CO LLC,La Reforma,"8900 NE SAN MATEO BLVD NE STE H, I, J, K",ALBUQUERQUE,NM,87113,S,ACTIVE,
NM-S-20028,"BOOGIE'S BREWERY & DISTILLERY, LLC",Boogie's Brewery & Distillery,2000 FRIAR SANTA MARIA AVE SE,DEMING,NM,88030,S,ACTIVE,
NM-S-20030,"505 SPIRITS AND BITTERS, LLC",505 Spirits,12 LLANO DEL NORTE,PLACITAS,NM,87043,S,ACTIVE,
NM-S-20032,"BLUE HIPPO, LLC",Moonwalk Bev,505 NW CENTRAL AVE E STE E,ALBUQUERQUE,NM,87102,S,ACTIVE,
NM-S-20034,HOMESTEAD SPIRITS LLC,Roswell Trading Co,220 E 2ND ST,ROSWELL,NM,88201,S,ACTIVE,
NM-S-20035,BOESE BROTHERS BREWING LLC,Desert Spirits,601 GOLD AVE SW,ALBUQUERQUE,NM,87102,S,ACTIVE,
NM-S-20036,"LEAF & HIVE, LLC",Leaf & Hive,1208 MERCANTILE RD STE A,SANTA FE,NM,87507,S,ACTIVE,
NM-S-20037,"HAPPY ACCIDENTS, LLC",Happy Accidents,3225 CENTRAL AVE NE STE A,ALBUQUERQUE,NM,87106,S,ACTIVE,
NM-S-20038,NEW MEXICO POMEGRANATE LLC,,146 GRIFFIN RD,LA LUZ,NM,88337,S,ACTIVE,
NM-S-20039,"ONE DISTILLERY, LLC",One Distillery LLC,125 MOUNTAIN PARK PL NW UNIT A,ALBUQUERQUE,NM,87114,S,ACTIVE,
NM-S-20040,"PINTS NEW MEXICO, LLC",Ponderosa Spirits,1761 NW BELLAMAH AVE,ALBUQUERQUE,NM,87104,S,ACTIVE,
NM-S-20041,"ALTAR SPIRITS, LLC","As Above, So Below Distillery",545 CAMINO DE LA FAMILIA,SANTA FE,NM,87501,S,ACTIVE,
NM-S-20042,LOS POBLANOS LLLP,Los Poblanos,1318 4TH ST NW,ALBUQUERQUE,NM,87102,S,ACTIVE,
NM-S-20043,LITTLE TOAD CREEK LLC,Little Toad Creek Distillery,3640 MCCAN RD SE,DEMING,NM,88030,S,ACTIVE,
NM-S-20045,DONA LUZ MERCANTILE LLC,Dona Luz Distillery,112 DONA LUZ ST,TAOS,NM,87571,S,ACTIVE,
NM-S-20046,"TULAROSA DISTILLERY, LLC",,55 S BOOKOUT RD,TULAROSA,NM,88352,S,ACTIVE,
NM-S-20049,RIO GRANDE DISTILLING LLC,,2809 BROADBENT PARK NE UNIT B,ALBUQUERQUE,NM,87107,S,ACTIVE,
NM-S-20050,SPIRITS OF OLD TOWN INC,Spirits of Old town inc,522 ROMERO ST,ALBUQUERQUE,NM,87104,S,ACTIVE,
NM-S-20052,"MOTHER ROAD BEVERAGE CO., INC.",Mother Road Beverage Company,1011 SAWMILL RD NW,ALBUQUERQUE,NM,87104,S,ACTIVE,
NM-S-20054,"INVICTUS UNLIMITED, LLC",New Mexico Fresh Foods,5600 NE VENICE AVE,ALBUQUERQUE,NM,87113,S,ACTIVE,
NM-S-20055,SAWMILL BREWING COMPANY LLC,,425 N 5TH ST,MELROSE,NM,88124,S,ACTIVE,
NM-S-20056,CULINARY COCKTAILS LLC,Culinary Cocktails,20 BISBEE COURT CT UNIT D,SANTA FE,NM,87508,S,ACTIVE,
NM-S-20057,PROD-O BREWERY & DISTILLERY LLC,,74 MAIN ST,RESERVE,NM,87830,S,ACTIVE,
NM-S-20058,"BREWSTILLERY, LLC.",Differential Brewing,500 YALE BLVD SE BLDG B,ALBUQUERQUE,NM,87106,S,ACTIVE,
NM-S-20059,"SANTA FE SPIRITS HOLDING, LLC",,"7505 MALLARD WAY UNIT G,H,I",SANTA FE,NM,87507,S,ACTIVE,
NM-S-20061,STILL WILD NM LLC,Still Wild,2515 SUDDERTH DR,RUIDOSO,NM,88345,S,ACTIVE,
NM-S-20062,VISION CITY LIMITED CO.,Calavida Cantina,10200 CORRALES RD UNIT A,ALBUQUERQUE,NM,87114,S,ACTIVE,
NV-S-15002,NLV TEQUILA BOTTLING LLC,,730 W CHEYENNE AVE SUITE 80,NORTH LAS VEGAS,NV,89030,S,ACTIVE,
NV-S-15005,"CONTINUUM PACKING SOLUTIONS, LLC",,2232 MERIDIAN BLVD SUITE K,MINDEN,NV,89423,S,ACTIVE,
NV-S-20001,PECKMANS POPS LLC,Peckmans Pops,6625 S VALLEY VIEW BLVD STE 208,LAS VEGAS,NV,89118,S,ACTIVE,
NV-S-20004,"THE DEPOT, LLC",,325 E 4TH ST,RENO,NV,89512,S,ACTIVE,
NV-S-20006,"BRANDED HEARTS DISTILLERY, INC.",Branded Hearts Distillery,2536 SUTRO ST UNIT 6,RENO,NV,89512,S,ACTIVE,
NV-S-20008,TAHOE MOONSHINE DISTILLERY,,148 HIGHWAY 50,STATELINE,NV,89449,S,ACTIVE,
NV-S-20009,DAMON INDUSTRIES,,822 PACKER WAY,SPARKS,NV,89431,S,ACTIVE,
NV-S-20010,"PRONGHORN SPIRITS, LLC",,31 CARRY WAY UNIT H,MOUND HOUSE,NV,89706,S,ACTIVE,
NV-S-20012,K&M STILLWATER DISTILLERY LLC,K&M Stillwater Distillery,994 E GLENDALE AVE STE 9,SPARKS,NV,89431,S,ACTIVE,
NV-S-20013,VAPOUR POINT LLC,,401 W. RAMSEY AVE,GOLDFIELD,NV,89013,S,ACTIVE,
NV-S-20014,LAKE TAHOE DISTILLERS,Lake Tahoe Distillers,892 MAESTRO DR STE 104,RENO,NV,89511,S,ACTIVE,
NV-S-20015,"FAME OPERATING CO., INC.",Ellis Island Casino & Brewery,4178 KOVAL LN,LAS VEGAS,NV,89109,S,ACTIVE,
NV-S-20016,"N. SCOTT DISTILLERY, LLC.",,3065 N RANCHO DR STE 144,LAS VEGAS,NV,89130,S,ACTIVE,
NV-S-20017,17A STILLERY LLC,,7001 W ARBY AVE STE 100,LAS VEGAS,NV,89113,S,ACTIVE,
NV-S-20019,"300 STEWART AVENUE LESSEE, LLC",The Mob Museum,300 STEWART AVE,LAS VEGAS,NV,89101,S,ACTIVE,
NV-S-20020,ITALCREAM INC.,Italcream,3871 S VALLEY VIEW BLVD UNIT 45,LAS VEGAS,NV,89103,S,ACTIVE,
NV-S-20024,"HIGH SIERRA FOOD & BEVERAGE, INC.",The Fox Brewpub,310 S CARSON ST,CARSON CITY,NV,89701,S,ACTIVE,
NV-S-20026,"REEB, INC.",Lead Dog Brewing Company,305 E GLENDALE AVE,SPARKS,NV,89431,S,ACTIVE,
NV-S-20027,SAHALEE LIQUOR COMPANY LLC,,3866 CIVIC CENTER DR BLDG B,NORTH LAS VEGAS,NV,89030,S,ACTIVE,
NV-S-20030,WILD LEAF HOLDINGS US LLC,,4751 VANDENBERG DR,NORTH LAS VEGAS,NV,89081,S,ACTIVE,
NV-S-20034,"HIGH SIERRA DISTILLERY, LLC",Minden Mill Distilling,1601 WATER ST,MINDEN,NV,89423,S,ACTIVE,
NV-S-20035,ALIGNED BEVERAGE LLC,,380 S ROCK BLVD,SPARKS,NV,89431,S,ACTIVE,
NV-S-20036,"LUCKY29 LIQUORS, LLC",,3550 E POST RD UNIT 700-800,LAS VEGAS,NV,89120,S,ACTIVE,
NV-S-20037,PAHRUMP HOTEL PARTNERS INC.,Steelbound Brewery & Distillery Pahrump,1101 S HIGHWAY 160 STE B,PAHRUMP,NV,89048,S,ACTIVE,
NV-S-20038,"REVISION BREWING COMPANY, LLC",Revision Brewing,380 S ROCK BLVD,SPARKS,NV,89431,S,ACTIVE,
NV-S-20039,"FRESH BEVERAGES, LLC",,380 S ROCK BLVD STE B,SPARKS,NV,89431,S,ACTIVE,
NV-S-20040,"MOUNTAIN BREWING, LLC",Slieve Brewing Company,495 MORRILL AVE STE 101,RENO,NV,89512,S,ACTIVE,
NV-S-20041,VEGAS BEV LLC,,7370 EASTGATE RD STE 155,HENDERSON,NV,89011,S,ACTIVE,
NV-S-20042,SAGE BRANDS INC.,Battle Born Beer,360 E 5TH ST,RENO,NV,89501,S,ACTIVE,
NY-S-1,KINGS ACTION GROUP CORP.,Kings Action Group,5600 FIRST AVE BUILDING A UNIT A16-A18,BROOKLYN,NY,11220,S,ACTIVE,
NY-S-15001,"DEMAREST HILL WINERY, INC.",,81 PINE ISLAND TPKE,WARWICK,NY,10990,S,ACTIVE,
NY-S-15002,"ROBERT MAZZA,  INC.",MAZZA CHAUTAUQUA CELLARS,8398 W ROUTE 20,WESTFIELD,NY,14787,S,ACTIVE,
NY-S-15004,"ROCK STREAM VINEYARDS, LLC",,162 FIR TREE POINT RD,ROCK STREAM,NY,14878,S,ACTIVE,
NY-S-15005,"LIDESTRI BEVERAGES, LLC",LIDESTRI SPIRITS,"1050, 1100, 1120 LEE RD",ROCHESTER,NY,14606,S,ACTIVE,
NY-S-15006,"MARTIN'S HONEY FARM AND MEADERY, LLC",,2981 AUBURN RD,SENECA FALLS,NY,13148,S,ACTIVE,
NY-S-15009,"MAGNANINI FARM WINERY, INC.",THE FARM DISTILLERY,172 STRAWRIDGE RD,WALLKILL,NY,12589,S,ACTIVE,
NY-S-15014,"LONG ISLAND SPIRITS, INC.",Long Island Spirits,2182 SOUND AVE,BAITING HOLLOW,NY,11933,S,ACTIVE,
NY-S-15015,"LAKE PLACID SPIRITS, LLC",Lake Placid Spirits,5740 CASCADE RD,LAKE PLACID,NY,12946,S,ACTIVE,
NY-S-15017,CHERYL AMBER LINS,DELAWARE PHOENIX DISTILLERY,44 WEST ST SUITE 7,WALTON,NY,13856,S,ACTIVE,
NY-S-15020,"BEAK & SKIFF APPLE FARMS, INC.",,4473 CHERRY VALLEY TURNPIKE,LAFAYETTE,NY,13084,S,ACTIVE,
NY-S-15023,KINGS COUNTY DISTILLERY LLC,,63 FLUSHING AVE BLDG 121,BROOKLYN,NY,11205,S,ACTIVE,
NY-S-15024,"HIGH FALLS OPERATING CO, LLC","HIGH FALLS OPERATING CO., LLC",445 SAINT PAUL ST,ROCHESTER,NY,14605,S,ACTIVE,
NY-S-15025,"NEW YORK DISTILLING COMPANY, LLC",NEW YORK DISTILLING,573 JOHNSON AVE,BROOKLYN,NY,11237,S,ACTIVE,
NY-S-15027,SARATOGA DISTILLERIES INC.,,2474 OLD MILL RD,GALWAY,NY,12074,S,ACTIVE,
NY-S-15032,"MOTT'S LLP, AMERICAS BEVERAGES MANAGEMENT GP",,4363 STATE ROUTE 104,WILLIAMSON,NY,14589,S,ACTIVE,
NY-S-15034,BROOKLYN SPIRITS LLC,,1827 PACIFIC ST,BROOKLYN,NY,11233,S,ACTIVE,
NY-S-15035,LAKE DISTILLING LLC,,2187 TOWN LINE RD,KING FERRY,NY,13081,S,ACTIVE,
NY-S-15039,BARON NAHMIAS INC.,,201 SAW MILL RIVER RD BLDG C,YONKERS,NY,10701,S,ACTIVE,
NY-S-15040,HILLROCK LLC,HILLROCK FARM,408 POOLES HILL RD,ANCRAM,NY,12502,S,ACTIVE,
NY-S-15043,GREEN FARMS II LLC,,208 DUPONT ST,BROOKLYN,NY,11222,S,ACTIVE,
NY-S-15045,FOUR BROTHERS DISTILLING COMPANY LLC,,394 N BRANCH CALLICOON CENTER RD,NORTH BRANCH,NY,12766,S,ACTIVE,
NY-S-15046,PORT MORRIS DISTILLERY INC.,,780 E 133RD ST,BRONX,NY,10454,S,ACTIVE,
NY-S-15049,JACKFROMBROOKLYN INCORPORATED,,177 DWIGHT ST GROUND FLO,BROOKLYN,NY,11231,S,ACTIVE,
NY-S-15050,"DILL'S RUN VINEYARD, INC",DILL'S RUN DISTILLERY,3864 STATE ROUTE 90,UNION SPRINGS,NY,13160,S,ACTIVE,
NY-S-15056,KAS SPIRITS LLC,,46 MILLER RD UNIT B,MAHOPAC,NY,10541,S,ACTIVE,
NY-S-15059,"WOLFFER ESTATE VINEYARD, INC.",,139 SAGG RD,SAGAPONACK,NY,11962,S,ACTIVE,
NY-S-15073,"B & I SPECIALTIES, LLC",,1 RIVERSIDE PL,MOUNT UPTON,NY,13809,S,ACTIVE,
NY-S-20004,O'BEGLEYS LLC,O'Begleys,A1 COUNTRY CLUB RD,PITTSFORD,NY,14534,S,ACTIVE,
NY-S-20006,HOMETOWN BREW LLC,HomeTown Brew,850 N SAINT PAUL ST STE 21 & 21A,ROCHESTER,NY,14605,S,ACTIVE,
NY-S-20007,"PROOF OF CONCEPT, LLC",,86 34TH ST STE C134,BROOKLYN,NY,11232,S,ACTIVE,
NY-S-20009,JONATHAN ROSEMYER,Erie Canal Distillers,55 WILLETT ST,FORT PLAIN,NY,13339,S,ACTIVE,
NY-S-20010,PROHIBITION DISTILLERY LLC,Do Good Spirits,10 UNION ST,ROSCOE,NY,12776,S,ACTIVE,
NY-S-20012,DARK ISLAND SPIRITS INC.,Eleanor Glen Distillery,42 CHURCH ST,ALEXANDRIA BAY,NY,13607,S,ACTIVE,
NY-S-20013,EIGHT BUFFALO SPIRITS LLC,Lockhouse Distillery,41 COLUMBIA ST STE,BUFFALO,NY,14204,S,ACTIVE,
NY-S-20016,TWENTY SPOKE LLC,Saint Agrestis,24 15TH STREET UNIT 203,BROOKLYN,NY,11215,S,ACTIVE,
NY-S-20017,STANDARD SPIRIT CORPORATION,Standard Wormwood Distillery,"68 34TH ST., BLDG. 6 SPACE B EAST",BROOKLYN,NY,11232,S,ACTIVE,
NY-S-20018,"GLENROSE SPIRITS, LLC",Glenrose Spirits,5052 COVELL RD,NORTH ROSE,NY,14516,S,ACTIVE,
NY-S-20019,24LIGNE LLC,Black Button Distilling,1344 UNIVERSITY AVE STE 7000,ROCHESTER,NY,14607,S,ACTIVE,
NY-S-20021,"HUDSON VALLEY DISTILLERS, LLC",,54 ELIZABETH ST STE 1,RED HOOK,NY,12571,S,ACTIVE,
NY-S-20022,"SPRINGBROOK HOLLOW FARM DISTILLERY, LLC",Springbrook Hollow Farm Distillery,10047 STATE ROUTE 149,FORT ANN,NY,12827,S,ACTIVE,
NY-S-20023,COOPERSTOWN DISTILLING COMPANY LLC,,4158 STATE HIGHWAY 23,ONEONTA,NY,13820,S,ACTIVE,
NY-S-20028,"UNCHARTED SPIRITS DISTILLERY, INC.",,122 N GENESEE ST STE A312,GENEVA,NY,14456,S,ACTIVE,
NY-S-20033,"MOUNTAIN HIPSTERS, LLC",Liquid Altitude,857 PLAINS RD BLDG B,WALLKILL,NY,12589,S,ACTIVE,
NY-S-20034,"LOST KINGDOM BREWERY, INC.",Fire House Distillery,7160 MAIN ST,OVID,NY,14521,S,ACTIVE,
NY-S-20037,LIFE OF REILLEY DISTILLING AND WINE COMPANY LLC,Life of Reilley Distilling Co.,2747 ROUTE 20 EAST,CAZENOVIA,NY,13035,S,ACTIVE,
NY-S-20040,"RUSTBELT REVIVAL DISTILLING COMPANY, LLC",Rustbelt Revival Distilling Company,74 JEWETT AVE,BUFFALO,NY,14214,S,ACTIVE,
NY-S-20041,MAINSPRING LLC,Barrel Factory Distilling,65 VANDALIA ST,BUFFALO,NY,14204,S,ACTIVE,
NY-S-20043,VINOCELLO DISTILLERY LLC,,43 B GRAND BLVD,BRENTWOOD,NY,11717,S,ACTIVE,
NY-S-20044,MOUNTAIN VIEW DISTILLERY LLC,Bootleggers Distillery,6080 STATE ROUTE HIGHWAY 30,AMSTERDAM,NY,12010,S,ACTIVE,
NY-S-20045,"BARBER'S FARM DISTILLERY, LLC",,3609 STATE ROUTE 30,MIDDLEBURGH,NY,12122,S,ACTIVE,
NY-S-20046,BEN FRANKLIN DISTILLERY LLC,,5304 NEW UTRECHT AVE STE 317,BROOKLYN,NY,11219,S,ACTIVE,
NY-S-20048,MKJ INNOVATIONS CORP.,,36 WAVERLY AVE UNIT 207,BROOKLYN,NY,11205,S,ACTIVE,
NY-S-20050,LITTLE CHICAGO DISTILLERIES LLC,,3421 ROUTE 16 NORTH,OLEAN,NY,14760,S,ACTIVE,
NY-S-20051,"TRANQUILITY FARMS, LLC",Whiskey Creek Distilling,1351 GRIDLEY RD,CORNING,NY,14830,S,ACTIVE,
NY-S-20052,KERRS CREEK DISTILLERY LLC,,2450-52 COUNTY HIGHWAY 23,WALTON,NY,13856,S,ACTIVE,
NY-S-20053,TWENTY NINE ACRE FARM LLC,SPIRITS OF THE BACKROAD,8083 MINTON RD,WESTFIELD,NY,14787,S,ACTIVE,
NY-S-20054,"SAGAPONACK FARM DISTILLERY, LLC",,369 SAGG RD,SAGAPONACK,NY,11962,S,ACTIVE,
NY-S-20057,"SIX MILE ENTERPRISES, LLC",,1551 SLATERVILLE RD,ITHACA,NY,14850,S,ACTIVE,
NY-S-20059,NIAGARA DISTILLING COMPANY LLC,,459 ELLICOTT ST,BUFFALO,NY,14203,S,ACTIVE,
NY-S-20061,"SAINT LAWRENCE SPIRITS, LLC",Saint Lawrence Spirits,38289 NYS ROUTE 12E,CLAYTON,NY,13624,S,ACTIVE,
NY-S-20062,FOUR FIGHTS DISTILLING LLC,Four Fights Distilling,2400 MT READ BLVD,ROCHESTER,NY,14615,S,ACTIVE,
NY-S-20063,NIAGARA CRAFT SPIRITS LLC,,4408 RIDGE RD,CAMBRIA,NY,14094,S,ACTIVE,
NY-S-20067,"GARDINER LIQUID MERCANTILE, LLC",,174 HARDENBURGH RD,PINE BUSH,NY,12566,S,ACTIVE,
NY-S-20071,"BITTER THIEVES, LLC",Forthave Spirits,630 FLUSHING AVE,BROOKLYN,NY,11206,S,ACTIVE,
NY-S-20075,"MOHAWK SPIRITS, LLC",MOHAWK SPIRITS DISTILLERY,72 CLIFF ST,CANAJOHARIE,NY,13317,S,ACTIVE,
NY-S-20077,MOSES MESSINGER,Tzetzoainee Motel Realty,157 OLD WHITE LAKE TPKE BLDG 2,SWAN LAKE,NY,12783,S,ACTIVE,
NY-S-20078,HEIGHTS DISTILLING COMPANY INC,,"63 FLUSHING AVE, UNIT 329",BROOKLYN,NY,11205,S,ACTIVE,
NY-S-20079,STATE 11 DISTILLERY LLC,Olde York Farm,284 ROUTE 23,CLAVERACK,NY,12513,S,ACTIVE,
NY-S-20080,ASTORIA DISTILLING COMPANY LLC,,3100 47TH AVE UNIT 1150A,LONG ISLAND CITY,NY,11101,S,ACTIVE,
NY-S-20086,SADDEN BROTHERS & CO. DISTILLING CORP.,,69 POWELL ST,BROOKLYN,NY,11212,S,ACTIVE,
NY-S-20087,"MOTO SPIRITS, LLC",VRW Distillers,"5 CENTRAL AVE., ROOM 10",BROOKLYN,NY,11206,S,ACTIVE,
NY-S-20088,DISRUPTION GRAIN LLC,Interboro Spirits and Ales,942 GRAND ST,BROOKLYN,NY,11211,S,ACTIVE,
NY-S-20090,SAUVAGE BEVERAGES LLC,,102-116 BINDERY LN,CHARLOTEVILLE,NY,12036,S,ACTIVE,
NY-S-20091,ROLLING BOYLE LLC,,8632 CAZENOVIA RD,MANLIUS,NY,13104,S,ACTIVE,
NY-S-20094,JESSE F. JAYNE AND JESSE R. JAYNE,BARRINGTON DISTILLERS,5040 BILL BAILEY RD,DUNDEE,NY,14837,S,ACTIVE,
NY-S-20099,"BKRD, LLC",Gun Hill Tavern,780 E 133RD ST,BRONX,NY,10454,S,ACTIVE,
NY-S-20100,NORTH FORK WINES & VINEYARDS LLC,NORTH FORK SPIRITS,19110 SOUNDVIEW AVE,SOUTHOLD,NY,11971,S,ACTIVE,
NY-S-20103,MOUNTAIN SPIRIT DISTILLING LLC,,35 FLORIDA ST,PLATTSBURGH,NY,12903,S,ACTIVE,
NY-S-20104,WINDHAM DISTILLERY LLC,Capital Distillery,32 LEARNED ST,ALBANY,NY,12207,S,ACTIVE,
NY-S-20106,"STOUTRIDGE VINEYARD, LLC",Stoutridge Vineyard,10 ANN KALEY LN,MARLBORO,NY,12542,S,ACTIVE,
NY-S-20108,"MORIAH VENTURES, LLC",WHISTLEPIG WHISKEY COMPANY,52 TOM PHELPS LN,MINEVILLE,NY,12956,S,ACTIVE,
NY-S-20109,ARKADY ALEKSANDRYANTS,Arkadiya Distillery,714 ULSTER HEIGHTS RD,ELLENVILLE,NY,12428,S,ACTIVE,
NY-S-20111,"STILLHOUSE OF BUFFALO, LLC",Steelbound Brewery & Distillery,6600 ROUTE 219 RTE,ELLICOTTVILLE,NY,14731,S,ACTIVE,
NY-S-20112,COUNTRY HONK LLC,Firma Legal,1027 GRAND ST,BROOKLYN,NY,11211,S,ACTIVE,
NY-S-20113,"THE SCHENECTADY DISTILLING COMPANY, INC.",,3304 AMSTERDAM RD,GLENVILLE,NY,12302,S,ACTIVE,
NY-S-20114,CHAUNCEY GARDINER LLC,,718 3RD ST,ALBANY,NY,12206,S,ACTIVE,
NY-S-20116,SEGERSTROM CELLARS LLC,,604 ROUTE 9,KEESEVILLE,NY,12944,S,ACTIVE,
NY-S-20117,"DAMIANI WINE CELLARS, LLC",,5281 PEACH ORCHARD RD,HECTOR,NY,14841,S,ACTIVE,
NY-S-20118,YOGA PANTS VODKAS LLC,,75 HAYES PL,BUFFALO,NY,14214,S,ACTIVE,
NY-S-20119,"LUCKEY SPIRITS, LLC",Luckey Spirits,112 MOUNTAIN RD,GREENWICH,NY,12834,S,ACTIVE,
NY-S-20122,THE ELEMENT WINERY LLC,Element Distillery,27 WEST AVE,ARKPORT,NY,14807,S,ACTIVE,
NY-S-20123,"HALL ISLAND DISTILLERY, LLC",Hall Island Distillery,6665 B ISLAND RD,CICERO,NY,13039,S,ACTIVE,
NY-S-20126,FERREIRA CARPENTER ESTATES LLC,Ferreira Carpenter Winery,62 WEST RIDGE RD,WARWICK,NY,10990,S,ACTIVE,
NY-S-20127,BIANCA AND ADAM'S APERITIVES LLC,,250 VAN BRUNT ST,BROOKLYN,NY,11231,S,ACTIVE,
NY-S-20129,"QUEEN CITY FARM DISTILLERY, INC.",Queen City Farm Distillery,25 CLARKS LN,MILTON,NY,12547,S,ACTIVE,
NY-S-20132,"REVOLUTIONARY SPIRITS, LLC",,,JEFFERSON,NY,12093,S,ACTIVE,
NY-S-20135,FOUR MAPLES VINEYARD & WINERY INC.,,40 GAMLAW RD,CHAMPLAIN,NY,12919,S,ACTIVE,
NY-S-20136,ROCK VALLEY SPIRITS LLC,The Milk Family,1430 JOHN MILK RD,LONG EDDY,NY,12760,S,ACTIVE,
NY-S-20137,SOB DISTILLERS LLC,TUITION DISTILLING COMPANY,5310 NORTH ST BLDG 1,CANANDAIGUA,NY,14424,S,ACTIVE,
NY-S-20139,PIC YER POISON INC,,10984 YATES CENTER RD,YATES,NY,14098,S,ACTIVE,
NY-S-20140,"TONIC & TINCTURES BITTERS COMPANY, INC.",,1 W MAIN ST UNIT 5,CAMBRIDGE,NY,12816,S,ACTIVE,
NY-S-20141,HEIMAT NEW YORK LLC,Heimat New York,639 FAYETTE AVE,MAMARONECK,NY,10543,S,ACTIVE,
NY-S-20143,MILEA ESTATE VINEYARD I LLC,,46 RYMPH RD,STAATSBURG,NY,12580,S,ACTIVE,
NY-S-20145,"L'ORGEAT, INC.",HIGH HAT SPIRITS,71 VAN BRUNT ST,BROOKLYN,NY,11231,S,ACTIVE,
NY-S-20146,"PRINCE DISTILLERY, LLC",,1519 ROUTE 9W,MARLBORO,NY,12542,S,ACTIVE,
NY-S-20148,CATSKILL PROVISIONS INC.,,244 DELAWARE LAKE RD,LONG EDDY,NY,12760,S,ACTIVE,
NY-S-20149,"MATT BREWING CO., INC.",The F. X. Matt Brewing Company,811 EDWARD ST,UTICA,NY,13502,S,ACTIVE,
NY-S-20150,"PINE ISLAND DISTILLING, LLC",Black Dirt Distilling Co.,385 GLENWOOD RD,PINE ISLAND,NY,10969,S,ACTIVE,
NY-S-20151,BREWMATION INCORPORATED,Brewmation Incorporated,19 DONOVAN DR,HOPEWELL JUNCTION,NY,12533,S,ACTIVE,
NY-S-20153,BARN DOG CRAFT DISTILLING LLC,Barn Dog Craft Distilling,1851 FOUR ROD RD,EAST AURORA,NY,14052,S,ACTIVE,
NY-S-20154,"HUDSON VALLEY DISTILLING COMPANY, LLC",Cooper's,47 E MAIN ST,BEACON,NY,12508,S,ACTIVE,
NY-S-20155,OLD SPIRIT DISTILLERY INC.,,3670-6 WEST OCEANSIDE RD BLDG 6,OCEANSIDE,NY,11572,S,ACTIVE,
NY-S-20158,"POMANSKY'S DISTILLERY, LLC",Pomansky's Distillery,23 DIANE BLVD,WOODRIDGE,NY,12789,S,ACTIVE,
NY-S-20160,"NEW SCOTCH, LLC",New Scotland Spirits,78 MONTGOMERY ST,ALBANY,NY,12207,S,ACTIVE,
NY-S-20161,DISTILLERS LLC,,43 -63 11TH ST,LONG ISLAND CITY,NY,11101,S,ACTIVE,
NY-S-20163,POUR DECISIONS LLC,Shinn Estate Vineyards,1800 OREGON RD,MATTITUCK,NY,11952,S,ACTIVE,
NY-S-20164,"WILLAMIA DISTILLING,  LLC",Willamia Distilling,1250 NIAGARA ST STE D,BUFFALO,NY,14213,S,ACTIVE,
NY-S-20165,"DORSET FARMS, INC.",The Lenz Winery,38355 MAIN RD. (RTE. 25),PECONIC,NY,11958,S,ACTIVE,
NY-S-20166,BOVINA SPIRITS LLC,Isolation Proof,55911 STATE HIGHWAY 10,BLOOMVILLE,NY,13739,S,ACTIVE,
NY-S-20169,KINGSTON DISTILLERY LLC,,77 MCENTEE ST,KINGSTON,NY,12401,S,ACTIVE,
NY-S-20170,"SPIRITS LAB DISTILLING COMPANY, LLC","Spirits LAB Distilling Company, LLC",10 SWEET CLOVER RD,HIGHLAND MILLS,NY,10930,S,ACTIVE,
NY-S-20171,"J.A.K.S. WAY, LLC",Stump Thumper Distillery,855 US RT 6,PORT JERVIS,NY,12771,S,ACTIVE,
NY-S-20172,BROOKLYN ACE DISTILLERS LLC,Fort Hamilton Distillery,68 34TH ST,BROOKLYN,NY,11232,S,ACTIVE,
NY-S-20174,CLEARBROOK DISTILLING LLC,Current Spirits,375 CLEARBROOK RD,ELMSFORD,NY,10523,S,ACTIVE,
NY-S-20175,GRAVITY CAT LLC,Gravity Cat,545 PRESIDENT ST,BROOKLYN,NY,11215,S,ACTIVE,
NY-S-20179,FACCIA BRUTTO SPIRITS LLC,Faccia Brutto Spirits,1236 ATLANTIC AVE GROUND FLR,BROOKLYN,NY,11216,S,ACTIVE,
NY-S-20181,"CELLARMEN'S FOLLY WHISKEY DISTILLERS, LLC",Cellar And Folly Whiskey Company,131 GENESEE ST,AUBURN,NY,13021,S,ACTIVE,
NY-S-20182,NEW AGE RENEWABLE ENERGY LLC,,2185 GENOA VENICE TOWN LINE RD,KING FERRY,NY,13081,S,ACTIVE,
NY-S-20184,HAMPTON RUM COMPANY INC,Montauk Distilling Co.,12 S ETNA AVE UNIT A,MONTAUK,NY,11954,S,ACTIVE,
NY-S-20186,"SEICHE, LLC",,6211 DAHLBERG RD,PORTLAND,NY,14769,S,ACTIVE,
NY-S-20187,"ANHEUSER-BUSCH, LLC",Anheuser-Busch,2885 BELGIUM RD,BALDWINSVILLE,NY,13027,S,ACTIVE,
NY-S-20190,"WILD ARC FARM, INC.",Wild Arc Farm,918 HILL AVE,PINE BUSH,NY,12566,S,ACTIVE,
NY-S-20193,"GRAVITY CIDERS, INC.",,8 WINKLER RD BLDG 3,SIDNEY,NY,13838,S,ACTIVE,
NY-S-20194,GOOD SHEPHERD DISTILLERY LLC,Sound Shore Distillery,360 MT PLEASANT AVE UNIT D & E,MAMARONECK,NY,10543,S,ACTIVE,
NY-S-20196,CLEARBROOK DISTILLING LLC,Current Spirits,369 LEXINGTON AVE.,MOUNT KISCO,NY,10549,S,ACTIVE,
NY-S-20197,CURRENT CASSIS LLC,,108 SALISBURY TPKE,RHINEBECK,NY,12572,S,ACTIVE,
NY-S-20198,THE WANDERING BARMAN LLC,,315 MESEROLE ST STE A2,BROOKLYN,NY,11206,S,ACTIVE,
NY-S-20200,FOX CHASE SPIRITS LLC,,24 W MAIN ST,WESTFIELD,NY,14787,S,ACTIVE,
NY-S-20201,MUSHROOM SPIRITS DISTILLERY LLC,,4055 ROUTE 89,FAYETTE,NY,13148,S,ACTIVE,
NY-S-20202,JERSEY SPIRITS OF BROOKLYN DISTILLING COMPANY INC,,68 34TH ST STE C256,BROOKLYN,NY,11232,S,ACTIVE,
NY-S-20203,"DUDA'S BLUES FAMILY FARM & WINERY, LTD",Duda's Blues,9582 N SISSON RD,MACHIAS,NY,14101,S,ACTIVE,
NY-S-20205,AQUAFORTE OF NEW YORK LLC,Harbor Lights Stillhouse,243 NEW YORK AVE 2ND FLOOR,HUNTINGTON,NY,11743,S,ACTIVE,
NY-S-20207,"BROOKLYN CRAFT WORKS DISTILLING, LLC",,316-324 DOUGLASS ST,BROOKLYN,NY,11217,S,ACTIVE,
NY-S-20213,"FLX GRAPES, LLC",,10014 DAY RD,HAMMONDSPORT,NY,14840,S,ACTIVE,
NY-S-20215,SPIRITO DISTILLING COMPANY LLC,Spirito Distilling Company,601 VARICK ST,UTICA,NY,13502,S,ACTIVE,
NY-S-20217,E. & J. GALLO WINERY,Canandaigua Wine Company,116 BUFFALO ST,CANANDAIGUA,NY,14424,S,ACTIVE,
NY-S-20218,GLASS HALF FULL CONSULTING INC.,,10 MAIN ST,COPAKE,NY,12516,S,ACTIVE,
NY-S-20219,"CAPTAIN LAWRENCE BREWING, LLC",,444 SAW MILL RIVER ROAD,ELMSFORD,NY,10523,S,ACTIVE,
NY-S-20220,LAJOAE SPIRITS INC,,3199 ALBANY POST RD STE 218,BUCHANAN,NY,10511,S,ACTIVE,
NY-S-20221,BLOOMING MOUNTAIN INC,,385 GUMAER FALLS RD,WURTSBORO,NY,12790,S,ACTIVE,
NY-S-20222,CANTEEN BLENDERY LLC,Liquid Fables,578 MAIN ST UNIT 103,BEACON,NY,12508,S,ACTIVE,
NY-S-20223,TUG HILL VINEYARDS LLC,Tug Hill Spirits,4051 YANCEY RD,LOWVILLE,NY,13367,S,ACTIVE,
NY-S-20224,"GIANCARELLI BROTHERS WINERY,  LLC",Giancarelli Farm Distillery,10252 SHORTCUT RD,WEEDSPORT,NY,13166,S,ACTIVE,
NY-S-20225,"NEW YORK DISTILLING COMPANY, LLC",,2253 COUNTY ROAD 4 BLDG #1,STANLEY,NY,14561,S,ACTIVE,
NY-S-20226,SVG 26 LLC,Alton Distillery,2037 ROUTE 17B,BETHEL,NY,12720,S,ACTIVE,
NY-S-20227,"1898 FARM DISTILLERY, LLC",,3859 STATE HIGHWAY 150,WEST SAND LAKE,NY,12196,S,ACTIVE,
NY-S-20228,BOOZYPOP LLC,,49 ENGLEWOOD AVE STE 3,STATEN ISLAND,NY,10309,S,ACTIVE,
NY-S-20229,COLLABORATIVE OAK LLC,,4955 LAKE SHORE DR UNIT 1B,BOLTON LANDING,NY,12814,S,ACTIVE,
NY-S-20231,JAYNE STREET FAMILY LLC,,41 JAYNE ST,FLORIDA,NY,10921,S,ACTIVE,
NY-S-20232,"WESTERN NEW YORK ENERGY, LLC",ClearSource,4141 BATES RD,MEDINA,NY,14103,S,ACTIVE,
NY-S-20234,"BALD EAGLE SPIRITS, INC.",,335 LANG BLVD BLDG A,GRAND ISLAND,NY,14072,S,ACTIVE,
NY-S-20235,MILL LANE DISTILLING CORP.,Mill Lane Distilling Company,108 STATE ST STE LL2,SCHENECTADY,NY,12305,S,ACTIVE,
NY-S-20236,"1923 DISTILLING COMPANY, LLC",,301 MEYER RD,WEST SENECA,NY,14224,S,ACTIVE,
NY-S-20237,ISTANBUL DELIGHTS LLC,Villa di Como Ristorante,286 - 288 LARK ST,ALBANY,NY,12210,S,ACTIVE,
NY-S-20239,"L & D ACQUISITION, LLC",East Coast Crush and Co-Pack,1 LAKE NIAGARA LN,NAPLES,NY,14512,S,ACTIVE,
NY-S-20241,"DEL TOCORORO, LLC",Norwhey Brewing,3582 WEST AVE,INTERLAKEN,NY,14847,S,ACTIVE,
NY-S-20242,"CATSKILL MOUNTAIN MOONSHINE CO., LLC",,12 CRESCENT DR BLDG D,SAUGERTIES,NY,12477,S,ACTIVE,
NY-S-20243,RIVERMINT FARMS LLC,Skillers Mountaintop Distillery,112 ROUTE 13A,LEXINGTON,NY,12452,S,ACTIVE,
NY-S-20244,NINTH PLANT BEVERAGE SOLUTIONS LLC,Ninth Planet Beverage Solutions,41 GEYSER RD,SARATOGA SPRINGS,NY,12866,S,ACTIVE,
NY-S-20245,CROSSROAD SPIRITS COMPANY LLC,,6017 SHERMAN WESTFIELD RD,WESTFIELD,NY,14787,S,ACTIVE,
NY-S-20246,"MURRAY'S FOOLS DISTILLING CO., LLC",,7152 AMSTERDAM RD,GLENVILLE,NY,12302,S,ACTIVE,
NY-S-20247,"THE SPIRITS OF MILES DISTILLERY, INC.",The Spirits of Miles,122 N GENESEE ST STE A312,GENEVA,NY,14456,S,ACTIVE,
NY-S-20248,PEARLHEAD DISTILLING LLC,Pearlhead Distilling,84 DUNTHORNE DR,BLOOMINGBURG,NY,12721,S,ACTIVE,
NY-S-20249,PWG WINE COMPANY LLC,PREMIUM WINE GROUP,35 COX NECK ROAD,MATTITUCK,NY,11952,S,ACTIVE,
NY-S-20251,PROMISED LAND BEVERAGE CO LLC,Islander Spirits,60 A SARATOGA BLVD,ISLAND PARK,NY,11558,S,ACTIVE,
NY-S-20252,ALB SPIRITS LLC,,718 THIRD ST,ALBANY,NY,12206,S,ACTIVE,
NY-S-20253,VF BEVERAGE LLC,Craft on Draft,171 MONTAUK HWY,BLUE POINT,NY,11715,S,ACTIVE,
NY-S-20254,HOFFMANS FERRY LLC,,7152 AMSTERDAM RD BLDG 2,GLENVILLE,NY,12302,S,ACTIVE,
NY-S-20255,"DELAWARE PHOENIX DISTILLERY, LLC",,44 WEST ST STE 7,WALTON,NY,13856,S,ACTIVE,
NY-S-20256,"EMPIRE BEVERAGE SOLUTIONS, INC.",South Shore Spirits,1448 SPEONK-RIVERHEAD RD. UNIT 39,SPEONK,NY,11972,S,ACTIVE,
NY-S-20258,"SENECA COVE, INC.",Knapp Winery,2770 ERNSBERGER RD,ROMULUS,NY,14541,S,ACTIVE,
NY-S-20260,TORR LLC,Acid,625 BERGEN ST,BROOKLYN,NY,11238,S,ACTIVE,
NY-S-20261,"QUALITY DAIRY FARMS, INC.",Mercer's Dairy,13584 NY STATE ROUTE 12,BOONVILLE,NY,13309,S,ACTIVE,
NY-S-20262,POLLYS ROCK SPIRITS INC,,248 POLLY'S ROCK RD BLDG 2,ROUND TOP,NY,12473,S,ACTIVE,
NY-S-20264,D'ARTAGNAN FARMS FOUNDATION,All One One All Farm,221 CRAIGVILLE RD,GOSHEN,NY,10924,S,ACTIVE,
NY-S-20265,MOSES MOUNTAIN SPIRITS LLC,Moses Mountain Spirits,2808 FALLS RD BLDG 2,MARCELLUS,NY,13108,S,ACTIVE,
NY-S-20266,DISTILLERIE DE STOLFO LLC,Distillerie de Stolfo,894 S JENSEN RD,VESTAL,NY,13850,S,ACTIVE,
NY-S-20267,"VIA CAROTA CRAFT COCKTAILS, INC.",Via Carota Craft Cocktails,333 SPUR DR N UNIT F,BAY SHORE,NY,11706,S,ACTIVE,
NY-S-20268,"NORTHFORK DISTILLERS, LLC",Sailors Rum,194 MORRIS AVE STE 26,HOLTSVILLE,NY,11742,S,ACTIVE,
NY-S-20269,EMPIRE STATE DISTILLERS LLC,Industry Standard Vodka,5220 SWADLING RD UNIT 2,ONTARIO,NY,14519,S,ACTIVE,
NY-S-20270,INDIAN LADDER FARMS CIDERY & BREWERY LLC,,718 THIRD ST,ALBANY,NY,12206,S,ACTIVE,
NY-S-20271,ASTRONAUT ARMSTRONG ROCKET BLAST DISTILLERY LLC,,"196 ANDERSON CIR., STATE HIGHWAY 5",FT PLAINS,NY,13339,S,ACTIVE,
NY-S-20272,"NEWPORT SPIRITS, LLC",,7443 MAIN ST,NEWPORT,NY,13416,S,ACTIVE,
NY-S-20273,STILL ON THE HILL WINERY & SPIRITS LLC,,10219 TREVETT RD,SPRINGVILLE,NY,14141,S,ACTIVE,
NY-S-20274,"BEST BEV, LLC",,685 BROAD ST EXTENSION,WAVERLY,NY,14892,S,ACTIVE,
NY-S-20275,CROTON HUDSON DISTILLERY LLC,Croton DAM Spirits,1 CROTON POINT AVE,CROTON-ON-HUDSON,NY,10520,S,ACTIVE,
NY-S-20276,"12 GATES BREWING COMPANY, LLC",,80 EARHART DR STE 20,WILLIAMSVILLE,NY,14221,S,ACTIVE,
NY-S-20278,"RBCPROD, LLC",Resurgence,55 CHICAGO ST STE 100,BUFFALO,NY,14204,S,ACTIVE,
NY-S-20279,"S&K HOSPITALITY, LLC",Clarion Hotel Marina And Conference Center,30 LAKESHORE DR E,DUNKIRK,NY,14048,S,ACTIVE,
NY-S-20280,SANNINO'S BELLA VITA VINEYARD LLC,Sannino Vineyard,15975 CR 48,CUTCHOGUE,NY,11935,S,ACTIVE,
NY-S-20281,WILTWYCK SPIRITS COMPANY LLC,,1835 RTE. 9W,WEST PARK,NY,12493,S,ACTIVE,
NY-S-20283,THE FEAR CITY SPIRITS CO. LLC,Hooky,25 DREXEL DR,BAY SHORE,NY,11706,S,ACTIVE,
NY-S-20284,"THE ITHACA BEER COMPANY, INC.",,122 ITHACA BEER DRIVE,ITHACA,NY,14850,S,ACTIVE,
NY-S-20285,LONG ISLAND SALTED SPIRITS INC.,LI Salted Spirits,289 UNIT B & 305 RAILROAD AVE,SAYVILLE,NY,11782,S,ACTIVE,
NY-S-20286,ATHERAS LLC,,"68 34TH ST., SPACE 06-02-C55+57",BROOKLYN,NY,11232,S,ACTIVE,
NY-S-20287,"GB DISTILLERS, INC",,74 N 19TH ST,WYANDANCH,NY,11798,S,ACTIVE,
NY-S-20288,"AMERICAN BEVERAGE CRAFTS, LLC",Blue Point Brewing Company,225 W MAIN ST,PATCHOGUE,NY,11772,S,ACTIVE,
NY-S-20289,CREATIVE PHARMACY SOLUTIONS CENTRAL LLC,AMALENA,1034 ALLEN ST,JAMESTOWN,NY,14701,S,ACTIVE,
NY-S-20290,SECOND ACT SPIRITS LLC,Second Act Spirits,3304 AMSTERDAM RD,GLENVILLE,NY,12302,S,ACTIVE,
NY-S-20291,"POMANSKY'S DISTILLERY, LLC",,112 MAIN ST,MOUNTAIN DALE,NY,12763,S,ACTIVE,
NY-S-20292,"QUÉ ONDA BEVERAGE, INC",Que Onda Beverage,685 BROAD STREET EXTENSION,WAVERLY,NY,14892,S,ACTIVE,
NY-S-20293,NIAGARA FALLS SPIRITS CORPORATION,Niagara Falls Distilling,2401 HYDE PARK BLVD,NIAGARA FALLS,NY,14305,S,ACTIVE,
NY-S-20295,EMPIRICAL INC.,53 A.D.,53 SCOTT AVE UNIT C,BROOKLYN,NY,11237,S,ACTIVE,
NY-S-20296,ARROW MAKER SPIRITS LLC,,2982 GUYANOGA RD,BRANCHPORT,NY,14418,S,ACTIVE,
NY-S-20297,"UNCOUTH VERMOUTH, INC",,10 MAIN ST,COPAKE,NY,12516,S,ACTIVE,
NY-S-20298,MASSERIA LLC,Masseria,101 STATE HIGHWAY 80,NEW BERLIN,NY,13411,S,ACTIVE,
NY-S-20300,SPRUCE STREET BEVERAGES LLC,,14 53RD ST UNIT 206N,BROOKLYN,NY,11232,S,ACTIVE,
NY-S-20301,"PIP & PORTER, INC.","Rootstock, Rootstock Cider & Spirits, Rootstock Spirits",3274 EDDY RD,WILLIAMSON,NY,14589,S,ACTIVE,
NY-S-20302,"O-AT-KA MILK PRODUCTS, LLC",,4815 ELLICOTT STREET RD,BATAVIA,NY,14020,S,ACTIVE,
NY-S-20303,"TWISTED RAIL BREWING COMPANY, LLC",,499 EXCHANGE ST,GENEVA,NY,14456,S,ACTIVE,
NY-S-20304,"MAKESOMEROOM, LLC.",,236 WILTON RD,GREENFIELD CENTER,NY,12833,S,ACTIVE,
NY-S-20305,"WRIGHT AMERICAN DISTILLING COMPANY, LLC",,3392 TAFT RD,BLOOMFIELD,NY,14469,S,ACTIVE,
NY-S-20306,SWIEZY DISTILLING LLC,,75 HAYES PL,BUFFALO,NY,14210,S,ACTIVE,
NY-S-20307,JUST GOOD DUDES LLC,,811 EDWARD ST,UTICA,NY,13502,S,ACTIVE,
NY-S-20308,LABELMAKER DRINKS LLC,LabelMaker Drinks,3 CEDAR ST,DOBBS FERRY,NY,10522,S,ACTIVE,
NY-S-20309,1817 CIDER HOUSE AND DISTILLERY LLC,1817 Cider House and Distillery,25 CLARKS LN,MILTON,NY,12547,S,ACTIVE,
NY-S-20310,UNMET QUEEN SPIRITS LLC,,4350 11TH ST STE 105,LONG ISLAND CITY,NY,11101,S,ACTIVE,
NY-S-20311,OLD BORDER STATION LLC,Baron Corvisart & O.B.S.,193 MERIDIAN RD,CHAMPLAIN,NY,12919,S,ACTIVE,
NY-S-20312,OLD FACTORY BREWING COMPANY LLC,,628 MAIN ST UNIT 2,CAIRO,NY,12413,S,ACTIVE,
NY-S-20313,BUFFALO FERMENTATION INC,Sterling Beverage Co.,160 JAMES E CASEY DR,BUFFALO,NY,14206,S,ACTIVE,
NY-S-20314,"AFFINITY GROUP MEMBER SERVICES, INC.",Rolling Hills Estate Winery,22 HICKORY WAY,WESTPORT,NY,12993,S,ACTIVE,
NY-S-20315,AMICO SPIRITS LLC,Amico Amaro,21 CLINTON AVE UNIT 204,BROOKLYN,NY,11205,S,ACTIVE,
NY-S-20316,MINISTRY OF SPIRITS LLC,,718 THIRD ST,ALBANY,NY,12206,S,ACTIVE,
NY-S-20318,"OLD TAVERN FARM WINERY, LLC",Old Tavern Farm Distillery,45 BROWN RD,STILLWATER,NY,12170,S,ACTIVE,
NY-S-20319,OUT OF SIGHT DISTILLING LLC,,7670 LOUCKS POND RD,AVOCA,NY,14809,S,ACTIVE,
NY-S-20320,"GOTHAM SAKE, LLC",Brooklyn Kura,34 34TH ST STE 06-02-AA,BROOKLYN,NY,11232,S,ACTIVE,
NY-S-20321,24-7 PACKAGING CORP.,24- 7 PACKAGING,6 FAIRCHILD SQ,CLIFTON PARK,NY,12065,S,ACTIVE,
NY-S-20322,"METHOD SPIRITS, INC.",Method Spirits Co.,55911 STATE HIGHWAY 10,BLOOMVILLE,NY,13739,S,ACTIVE,
NY-S-20323,BUFFALO RIVERWORKS LLC,,359 GANSON ST,BUFFALO,NY,14203,S,ACTIVE,
NY-S-20324,"SWEET CLOVER MANAGEMENT, LLC",,10 SWEET CLOVER RD,HIGHLAND MILLS,NY,10930,S,ACTIVE,
NY-S-20325,26THSTREETDISTILLERY LLC,Silent Alibi Distillery,151 W 26TH ST STE 102,NEW YORK,NY,10001,S,ACTIVE,
NY-S-20326,GODHEAD INC.,Mars 11,59-4 CENTRAL AVE,FARMINGDALE,NY,11735,S,ACTIVE,
NY-S-20327,WILTWYCK SPIRITS COMPANY LLC,,188 GREENKILL AVE,KINGSTON,NY,12401,S,ACTIVE,
NY-S-20328,"GB DISTILLERS, INC",,15 GAZZA BLVD,FARMINGDALE,NY,11735,S,ACTIVE,
NY-S-20329,"REDBUD DISTILLING, LLC",,805 TABER ST,ITHACA,NY,14850,S,ACTIVE,
NY-S-20330,VERSTILL INC.,,601 VARICK ST,UTICA,NY,13502,S,ACTIVE,
NY-S-20331,"SPECKLED PIG DISTILLING CO., INC",The Still at Speckled Pig,17 WASHINGTON ST,BALLSTON SPA,NY,12020,S,ACTIVE,
NY-S-20332,"SWAMP BROTHERS DISTILLING, LLC",Swamp Brothers Distilling,8857 ALEXANDER RD,BATAVIA,NY,14020,S,ACTIVE,
NY-S-20333,"TREE HOUSE BREWING COMPANY, INC.",Tree House Distillery,3376 S BROADWAY,SARATOGA SPRINGS,NY,12866,S,ACTIVE,
NY-S-20334,BROOKLYN CRAFT WORKS LLC,Brooklyn Craft Works,6 BAY ST,BROOKLYN,NY,11231,S,ACTIVE,
NY-S-20335,SEVEN DEGREES LLC,,47-45 31ST PL,LONG ISLAND CITY,NY,11101,S,ACTIVE,
NY-S-20336,"THREE BEARS WHISKEY COMPANY, LLC",,1300 ULSTER AVE UNIT 3,KINGSTON,NY,12401,S,ACTIVE,
NY-S-20337,1639 DISTILLERY LLC,,222 CRAWFORD RD,OTEGO,NY,13825,S,ACTIVE,
NY-S-20338,BELCLIFF DISTILLING LLC,BelCliff Distilling,41 MAIN ST UNIT C,BELFAST,NY,14711,S,ACTIVE,
NY-S-20339,NEW YORK HIGHLANDS DISTILLING CO. LLC,New York Highlands Distilling Co.,1079 STATE ROUTE 9,QUEENSBURY,NY,12804,S,ACTIVE,
NY-S-20340,FENCE ROAD FARM BREWERY LLC,,13 FENCE RD,WARWICK,NY,10990,S,ACTIVE,
NY-S-20341,BIG DITCH BREWING COMPANY LLC,Big Ditch Brewing Company,55 E HURON ST,BUFFALO,NY,14203,S,ACTIVE,
NY-S-20342,MJC SPIRITS LLC,Clayton Distillery,40164 STATE ROUTE 12,CLAYTON,NY,13624,S,ACTIVE,
NY-S-20343,"COMMON ROOTS BREWING COMPANY, INC.",,58 SARATOGA AVE,SOUTH GLENS FALLS,NY,12803,S,ACTIVE,
NY-S-20344,"RED HOOK DISTILLERY, LLC",,185 VAN DYKE ST UNIT 104B & 106,BROOKLYN,NY,11231,S,ACTIVE,
NY-S-20345,ALL POINTS WEST DISTILLERY LLC,All Points West Distillery,9 E O'REILLY ST,KINGSTON,NY,12401,S,ACTIVE,
NY-S-20346,ROYAL WINE CORPORATION,,2500 NY ROUTE 17M,GOSHEN,NY,10924,S,ACTIVE,
NY-S-20347,PHIDO BEVERAGES LLC,Arrowood Farms,236 LOWER WHITFIELD RD,ACCORD,NY,12404,S,ACTIVE,
NY-S-20348,TOWN TAVERN DDM LLC,Newport Spirits,7443 MAIN ST,NEWPORT,NY,13416,S,ACTIVE,
NY-S-20349,SECOND ACT SPIRITS LLC,Second Act Spirits,37 PROSPECT ST,AMSTERDAM,NY,12010,S,ACTIVE,
NY-S-20350,OBSIDIAN MANUFACTURING LLC,,8629 STATE ROUTE 21 UNIT 3,NAPLES,NY,14512,S,ACTIVE,
NY-S-20351,"100 ACRE WOOD VINEYARD, LLC",Clover Pond Vineyard,100 ACRE WOOD LN,ALTAMONT,NY,12009,S,ACTIVE,
NY-S-20352,IZZUM CONCOCTIONS LLC,,771 STATE ROUTE 52,WALDEN,NY,12586,S,ACTIVE,
NY-S-20353,"MOSQUITO RANCH SPIRITS, LLC",Mosquito Ranch Spirits,4710 AUSTELL PL UNIT 308,LONG ISLAND CITY,NY,11101,S,ACTIVE,
NY-S-20354,SANTORA'S PHASE II LLC,,7800 TRANSIT RD,WILLIAMSVILLE,NY,14221,S,ACTIVE,
NY-S-20355,BLACK SHEEP BRANDY LLC,,5060 ELLICOTT RD,FREDONIA,NY,14063,S,ACTIVE,
NY-S-251,"SHLOIME'S SLIVOVITZ, INC.",CASTLE SPIRITS,18 QUICKWAY RD,MONROE,NY,10950,S,ACTIVE,
NY-S-254,"GOOSE WATCH WINERY, INC.",,4565 STATE ROUTE 414,ROMULUS,NY,14541,S,ACTIVE,
NY-S-256,ALLIED WINE CORP.,,70 BERME RD,ELLENVILLE,NY,12428,S,ACTIVE,
OH-S-15000,"SHARP INDUSTRIAL TOOLS, INC.",JOHN MCCULLOCH DISTILLERY,414 CEMETARY RD,MARTINSVILLE,OH,45146,S,ACTIVE,
OH-S-15009,BUCKEYE DISTILLERY INC.,Buckeye Distillery Inc.,130 W PLUM ST,TIPP CITY,OH,45371,S,ACTIVE,
OH-S-15010,"VERIANO FINE FOODS & SPIRITS, LTD",,5775 ZARLEY ST UNIT A,NEW ALBANY,OH,43054,S,ACTIVE,
OH-S-15015,"CRYSTAL SPIRITS, LLC",,827 S PATTERSON BLVD,DAYTON,OH,45402,S,ACTIVE,
OH-S-15018,"S AND G ARTISAN DISTILLERY, LLC",,305 N WALNUT ST SUITES C-1,YELLOW SPRINGS,OH,45387,S,ACTIVE,
OH-S-15019,FLAT ROCK SPIRITS LLC,,5380 INTRASTATE DR STE A,FAIRBORN,OH,45324,S,ACTIVE,
OH-S-15023,"WOLF CREEK VINEYARDS, INC.","Wolf Creek Vineyards, Inc.",2637 CLEVELAND MASSILLON RD,NORTON,OH,44203,S,ACTIVE,
OH-S-20002,"DJK CREATIONS, LLC",Portside Distillery,983 FRONT AVE,CLEVELAND,OH,44113,S,ACTIVE,
OH-S-20003,ERIE SPIRITS INC.,,8377 PEARL RD,STRONGSVILLE,OH,44136,S,ACTIVE,
OH-S-20004,MAIN STREET GRILLE & BREWING COMPANY LLC,Main Street Distillery,10724 SOUTH ST,GARRETTSVILLE,OH,44231,S,ACTIVE,
OH-S-20006,OLD GRIZZLY SPIRITS LLC,,1865 MURRAY RD,OREGONIA,OH,45054,S,ACTIVE,
OH-S-20008,"MILL ST. DISTILLERY, LLC",,10 MILL ST,UTICA,OH,43080,S,ACTIVE,
OH-S-20009,"CHOICE DISTILLERIES, LLC",ROUTE 7 DISTILLERY,707 DAN DEE LN,BRILLIANT,OH,43913,S,ACTIVE,
OH-S-20010,"CANDELLA MICRO-DISTILLERY, LLC",,4440 MARKET ST,BOARDMAN,OH,44512,S,ACTIVE,
OH-S-20013,H & H DISTILLERY INC.,,108 N MARKET ST,MINERVA,OH,44657,S,ACTIVE,
OH-S-20016,WHITE WOLF SPIRITS LLC,,5544 EUREKA DR UNIT E,HAMILTON,OH,45011,S,ACTIVE,
OH-S-20017,THE TOLEDO SPIRITS COMPANY LLC,The Toledo Spirits Company,1301 N SUMMIT ST,TOLEDO,OH,43604,S,ACTIVE,
OH-S-20018,SHADOW BEVERAGE GROUP OF OHIO LLC,,1374 BELLARD DR,BOWLING GREEN,OH,43402,S,ACTIVE,
OH-S-20019,HOLY WATER SPIRITS LLC,Holy Water Spirits,551 S FRONT ST,COLUMBUS,OH,43215,S,ACTIVE,
OH-S-20022,"CANAL SPIRITS CRAFT DISTILLERY, LLC",,3166 N MT. EATON RD,ORRVILLE,OH,44667,S,ACTIVE,
OH-S-20024,451 SPIRITS LLC,,590 OAKLAND PARK AVE STE D,COLUMBUS,OH,43214,S,ACTIVE,
OH-S-20025,WOODSHED SPIRITS LLC,Woodshed Spirits,A260 COUNTY ROAD 19,NEW BAVARIA,OH,43548,S,ACTIVE,
OH-S-20027,CLEVELAND  DISTILLERY LLC,,4376 STATE ROUTE 601,NORWALK,OH,44857,S,ACTIVE,
OH-S-20029,FLATROCK BREWING COMPANY,Flatrock Distillery,3100 N MAIN STREET ST STE 1560,MAUMEE,OH,43571,S,ACTIVE,
OH-S-20030,HIDDEN LAKES VINEYARDS & WINERY LLC.,Hidden Lakes Distillery,700 WINCHESTER PIKE,CANAL WINCHESTER,OH,43110,S,ACTIVE,
OH-S-20031,"HIDDEN SPIRITS COCKTAILS, LTD.",,89 FIRST ST STE 202,HUDSON,OH,44236,S,ACTIVE,
OH-S-20032,DELAPLANE SPIRITS LLC,Delaplane,3939 STATE ROUTE 121,GREENVILLE,OH,45331,S,ACTIVE,
OH-S-20034,"OTR DISTILLERS, LLC",OTR Distillers,111 W MCMICKEN AVE BLDG 1A,CINCINNATI,OH,45202,S,ACTIVE,
OH-S-20035,JMJ HOLDINGS CORP.,Lager Heads Distillery Co.,2832 ABBEYVILLE RD,MEDINA,OH,44256,S,ACTIVE,
OH-S-20036,PAISANO SPIRITS COMPANY,Piasano Spirits,,CANTON,OH,44708,S,ACTIVE,
OH-S-20037,MAUMEE BAY BREWING COMPANY,High Level Distilling,201 MORRIS ST,TOLEDO,OH,43604,S,ACTIVE,
OH-S-20038,TRADITIONAL AND INNOVATIVE SPIRITS LLC,,5194 LANE RD UNIT E,PERRY,OH,44081,S,ACTIVE,
OH-S-20040,HARTMAN DISTILLING LLC,Little Chicago Moonshine,1000 LAUREL AVE BLDG A,HAMILTON,OH,45015,S,ACTIVE,
OH-S-20043,"TOMSFOOLERY, LLC",Tom's Foolery,17520 RAPIDS RD,TROY TOWNSHIP,OH,44021,S,ACTIVE,
OH-S-20044,"KILLBUCK CREEK DISTILLERY, LLC",,42879 US ROUTE 36,WARSAW,OH,43844,S,ACTIVE,
OH-S-20045,RED HORSE DISTILLERY LLC,,5326 FAIRLAND RD UNIT B,NEW FRANKLIN,OH,44203,S,ACTIVE,
OH-S-20047,"OTR STILL HOUSE LICENSE, LLC",Knox Joseph Distillery,2015 BRANCH ST STE 1,CINCINNATI,OH,45214,S,ACTIVE,
OH-S-20048,PORTAGE SPIRITS LLC,Haymaker Distillery,200 W WILLIAMS ST BLDG B,KENT,OH,44240,S,ACTIVE,
OH-S-20049,"THE JORDAN SPIRIT CO., LLC",Hallowed Oak Distillery,136 W WATER ST,OAK HARBOR,OH,43449,S,ACTIVE,
OH-S-20050,"FTM, LLC",Father John's,301 W BUTLER ST,BRYAN,OH,43506,S,ACTIVE,
OH-S-20051,"KENNEDY VINEYARD, LLC",Darke County Moonshine Co.,3911 STATE ROUTE 722,NEW MADISON,OH,45346,S,ACTIVE,
OH-S-20052,"HA GLOBAL, INC.",AWAgh,373 TOMAHAWK DR,MAUMEE,OH,43537,S,ACTIVE,
OH-S-20056,JESSICA M. GRIFFIN,Black Swamp Distillery,118 N ARCH ST,FREMONT,OH,43420,S,ACTIVE,
OH-S-20057,MCLAUGHLIN & OROZCO LLC,M & O Spirits,65 W MAIN ST,ASHVILLE,OH,43103,S,ACTIVE,
OH-S-20059,HOCKING TECHNICAL COLLEGE,Black Diamond Distillery,105 W MAIN ST,NEW STRAITSVILLE,OH,43766,S,ACTIVE,
OH-S-20060,GERVASI 1700 LLC,Gervasi Spirits,1700 NE 55 TH ST,CANTON,OH,44721,S,ACTIVE,
OH-S-20061,THE WHITE DOG DISTILLING COMPANY LLC,The White Dog Distilling Company,1357 CENTRAL AVE,MIDDLETOWN,OH,45044,S,ACTIVE,
OH-S-20066,SIX FIFTHS LLC,,122 W SOUTH BOUNDARY ST STE C,PERRYSBURG,OH,43551,S,ACTIVE,
OH-S-20067,"HEAVENLY CREAMERY, INC.",Heavenly Creamery,264 SANDUSKY ST,CONNEAUT,OH,44030,S,ACTIVE,
OH-S-20068,"FIFTY WEST BREWING COMPANY, LLC",Robert James Distillery,3810 CHURCH ST,NEWTOWN,OH,45244,S,ACTIVE,
OH-S-20069,"HIDDEN VALLEY SPIRITS, LLC",Hidden Valley Orchards,5474 N STATE ROUTE 48,LEBANON,OH,45036,S,ACTIVE,
OH-S-20072,HOCKING TECHNICAL COLLEGE,,18 PUBLIC SQUARE,NELSONVILLE,OH,45764,S,ACTIVE,
OH-S-20073,"BRAIN BREW VENTURES 3.0, INC.",,3849 EDWARDS RD,NEWTOWN,OH,45244,S,ACTIVE,
OH-S-20074,"FIFTY WEST BREWING COMPANY, LLC",,4450 EASTGATE BLVD STE 100,CINCINNATI,OH,45245,S,ACTIVE,
OH-S-20075,BAD TOM BREWING LLC,,2050 SPORTY'S DR UNIT 103,BATAVIA,OH,45103,S,ACTIVE,
OH-S-20076,"JACK'S TRANSFER, INC.",Crooked Finger Cocktails,2769 FRONT ST,CUYAHOGA FALLS,OH,44221,S,ACTIVE,
OH-S-20078,DELAPLANE SPIRITS LLC,Alchemy Cocktail Lounge,203 W MAIN ST,GREENVILLE,OH,45331,S,ACTIVE,
OH-S-20079,"RJ&AD ENTERPRISE, LLC",,2409 BLUFFCREST LN UNIT B,CINCINNATI,OH,45238,S,ACTIVE,
OH-S-20080,LAKE ERIE CIDER & BREWERY INC.,Lake Erie Distilery,4277 HAMANN PKWY,WILLOUGHBY,OH,44094,S,ACTIVE,
OH-S-20081,HALL BROTHERS DISTILLERY LLC,Hall Brothers Distillery,3757 INPARK CIR,DAYTON,OH,45414,S,ACTIVE,
OH-S-20082,"MARCH FIRST MANUFACTURING, LLC",Cincinnati Distilling,3387 CINCINNATI-DAYTON RD,MIDDLETOWN,OH,45044,S,ACTIVE,
OH-S-20084,"ENDEAVOR BREWING COMPANY, LLC",Endeavor Spirits,909 W FIFTH AVE,COLUMBUS,OH,43212,S,ACTIVE,
OH-S-20085,"AMAIRGEN LIQUEURS, LLC",,5686 E HARBOR RD UNIT 12C,MARBLEHEAD,OH,43440,S,ACTIVE,
OH-S-20086,GREEN ROOM BREWING LLC,Seventh Son,1101 N 4TH ST,COLUMBUS,OH,43201,S,ACTIVE,
OH-S-20087,MICHAEL D HAMILTON & HEATHER M HAMILTON,,14547 DARBY CREEK RD,ORIENT,OH,43146,S,ACTIVE,
OH-S-20088,THE HARD SODA CO. LLC,Rambling House Cocktails,2632 N HIGH ST UNIT A REAR,COLUMBUS,OH,43202,S,ACTIVE,
OH-S-20089,"CASELLA, LLC",,1039 ROXFORD CHURCH RD SE,DENNISON,OH,44621,S,ACTIVE,
OH-S-20091,"THE DAYTON BEER COMPANY, LLC",Dayton Barrel Works,41 MADISON ST,DAYTON,OH,45402,S,ACTIVE,
OH-S-20092,MOTHERWELL DISTILLING CO.,,64 W SECOND ST,LOGAN,OH,43138,S,ACTIVE,
OH-S-20093,"MOELLER BREW BARN, LLC",Moeller Brew Barn,8016 MARION,MARIA STEIN,OH,45860,S,ACTIVE,
OH-S-20094,HAYNER DISTILLING & IMPORTING INC.,,619 LINCOLN AVE STE 1D,TROY,OH,45373,S,ACTIVE,
OH-S-20095,"BISHOP DISTILLERY, LLC",Bishop Distillery,1041 TEDIA WAY UNIT C,FAIRFIELD,OH,45014,S,ACTIVE,
OH-S-20097,"MSD DISTILLERY, LTD.",Mill Street Distillery,10 & 20 MILL ST,UTICA,OH,43080,S,ACTIVE,
OH-S-20098,"FIFTY WEST BREWING COMPANY, LLC",,7668 WOOSTER PIKE,CINCINNATI,OH,45227,S,ACTIVE,
OH-S-20100,"DSWDWK, LLC",Impact Beverage,4831 SPRING GROVE AVE,CINCINNATI,OH,45232,S,ACTIVE,
OH-S-20103,"ESDISTILLERY, LLC","ESDISTILLERY, LLC",348 RICE ST,ELMORE,OH,43416,S,ACTIVE,
OH-S-20104,"MARCH FIRST MANUFACTURING, LLC",Cincinnati Distilling,203 MILL ST,MILFORD,OH,45150,S,ACTIVE,
OH-S-20106,TUCK N RED'S LLC,Tuck N Red's Spirits & Wine,305 N WALNUT ST STE C2 C3 A10,YELLOW SPRINGS,OH,45387,S,ACTIVE,
OH-S-20107,"POET BIOREFINING - LEIPSIC, LLC",,3875 HIGHWAY 65,LEIPSIC,OH,45856,S,ACTIVE,
OH-S-20108,EVERWILD SPIRITS LLC,,1225 MUDBROOK RD,HURON,OH,44839,S,ACTIVE,
OH-S-20109,"THE LOST BRIDGE BEVERAGE COMPANY, LLC",,2872 LAWRENCEBURG RD,MIAMI TOWNSHIP,OH,45052,S,ACTIVE,
OH-S-20110,LEATHER & OAK SPIRITS LLC,,5286 FRANKLIN ST UNIT E,HILLIARD,OH,43026,S,ACTIVE,
OH-S-20111,"TWW DISTILLERY, LLC",,2 CHARLES PKWY,NEW LONDON,OH,44851,S,ACTIVE,
OH-S-20113,"LIMONCELLO D'AMORE, LLC",,8992 COTTER ST,LEWIS CENTER,OH,43035,S,ACTIVE,
OH-S-20114,"MADTREE BREWING, LLC",,3301 MADISON RD,CINCINNATI,OH,45209,S,ACTIVE,
OH-S-20115,"DIRTY MINER DISTILLERY, LLC",,3425 1/2 FROST RD,MANTUA,OH,44255,S,ACTIVE,
OH-S-20116,HIGH BANK DISTILLERY LLC,High Bank Distillery,1379 E JOHNSTOWN RD,GAHANNA,OH,43230,S,ACTIVE,
OH-S-20120,INQUISITIVE SPIRITS LTD.,,400 PARK AVE STE B,DELAWARE,OH,43015,S,ACTIVE,
OH-S-20121,"BECKMAN BROTHERS DISTILLERY, LLC",Beckman Brothers Distillery,2810 HGHLAND AVE,NORWOOD,OH,45212,S,ACTIVE,
OH-S-20122,"ALKOHOL BOTTLING COMPANY, LLC",,218 FRONT ST STE C,NEW RICHMOND,OH,45157,S,ACTIVE,
OH-S-20123,"FOUR DOGS DISTILLING, LLC",FOUR DOGS DISTILLING,815 E TALLMADGE AVE,AKRON,OH,44310,S,ACTIVE,
OH-S-20125,RUSTIC BREW FARM LLC,Rustic Brew Farm,17050 WHEELER GREEN RD,MARYSVILLE,OH,43040,S,ACTIVE,
OH-S-20126,BULLDOG DISTILLERY LLC,,760 NEWPORT DR,ZANESVILLE,OH,45701,S,ACTIVE,
OH-S-20127,GARDNER LIMITED PARTNERSHIP,,18657 MUMFORD RD,GARRETTSVILLE,OH,44231,S,ACTIVE,
OH-S-20129,"FIFTY WEST BREWING COMPANY, LLC",,5350 MEDPACE WAY,CINCINNATI,OH,45227,S,ACTIVE,
OH-S-20130,"KCC INVESTMENT PROPERTIES, LLC",,211 CARPENTER RD,DEFIANCE,OH,43512,S,ACTIVE,
OH-S-20131,"THE FIVE 4S DISTILLERY, LLC",,417 N CENTER ST,NEWTON FALLS,OH,44444,S,ACTIVE,
OH-S-20132,BOTTOMSUP LLC,PUT IN BAY BREWERY & DISTILLERY,441 CATAWBA AVE,PUT IN BAY,OH,43456,S,ACTIVE,
OH-S-20133,DISTILLERS OF GALENA LLC,,14520 CENTER VILLAGE RD,GALENA,OH,43021,S,ACTIVE,
OH-S-20135,APG BEVERAGE LLC,,280 DELAWARE AVE,PUT-IN-BAY,OH,43456,S,ACTIVE,
OH-S-20136,RIVER ROOTS BARREL COMPANY LLC,,3236 W 121ST ST UNIT A,CLEVELAND,OH,44111,S,ACTIVE,
OH-S-20137,SLIM CHILLERS INC,booze pops,1635 COINING DR,TOLEDO,OH,43612,S,ACTIVE,
OH-S-20139,HIGH BANK DISTILLERY LLC,High Bank Distillery,28 S STATE ST,WESTERVILLE,OH,43081,S,ACTIVE,
OH-S-20140,"OHIO RIVER BEVERAGES, LLC",,821 MELBOURNE ST,CINCINNATI,OH,45229,S,ACTIVE,
OH-S-20141,SELDOM SEEN WHISKEY COMPANY LLC,,10055 MADISON RD,MONTVILLE,OH,44064,S,ACTIVE,
OH-S-20142,"INDIAN SPRING WINERY, LLC",Spear & Hatchet Distilling,10862 FITE HAUCK RD,SARDINIA,OH,45171,S,ACTIVE,
OH-S-20143,"LAND-GRANT BREWING COMPANY, LLC",Land-Grant Brewing Company,424 W TOWN ST,COLUMBUS,OH,43215,S,ACTIVE,
OH-S-20144,"GRAYSCALE BREWING, LLC",Niche Bev Co,4131 TURRILL ST,CINCINNATI,OH,45223,S,ACTIVE,
OH-S-20147,PORTSMOUTH BREWING COMPANY,The Portsmouth Brewing Company,224 2ND ST,PORTSMOUTH,OH,45662,S,ACTIVE,
OH-S-20148,"COLD CREEK WINE, SPIRITS, & BREWS, LLC",,212 FREMONT AVE,SANDUSKY,OH,44870,S,ACTIVE,
OH-S-20149,BAKER FAMILY SPIRITS LLC,,808 MORRISON RD,GAHANNA,OH,43230,S,ACTIVE,
OH-S-20150,"WHISKEY BUSINESS, LLC",,645 WALNUT ST,CINCINNATI,OH,45202,S,ACTIVE,
OH-S-20152,"ADVENTURE SPIRITS DISTILLING, LLC",,10907 WATERVILLE ST,WHITEHOUSE,OH,43571,S,ACTIVE,
OH-S-20153,"FIFTY WEST BREWING COMPANY, LLC",,5224 DISTRICT PARK DR,"MASON, DEERFIELD TWP",OH,45040,S,ACTIVE,
OH-S-20155,TAYLOR CREEK DISTILLING CO. LTD.,Taylor Creek Distillery,12617 COUNTY ROAD 200 RD,KENTON,OH,43326,S,ACTIVE,
OH-S-20157,WALLSTREET NOTTINGHAM LTD.,Wallstreet Nottingham ltd,15409 ST.CLAIR AVE STE 1,CLEVELAND,OH,44110,S,ACTIVE,
OH-S-20159,"ANHEUSER-BUSCH, LLC",,700 SCHROCK RD,COLUMBUS,OH,43229,S,ACTIVE,
OH-S-20160,KBEV LLC,Karrikin Spirits,3717 JONLEN DR,CINCINNATI,OH,45227,S,ACTIVE,
OH-S-20162,ANTWERP DISTILLERY LLC,,107 BOURBON ST,ANTWERP,OH,45813,S,ACTIVE,
OH-S-20163,FIREHOUSE SHINE LLC,Firehouse shine,803 SOUTH THIRD AVE S,MIDDLEPORT,OH,45760,S,ACTIVE,
OH-S-20164,CLEVELAND  DISTILLERY LLC,,482 SUBSTATION RD,BRUNSWICK,OH,44212,S,ACTIVE,
OH-S-20165,"SAP RUN DISTILLERY, LLC",Sap Run Distillery,4851 STATE ROUTE 534,ROME,OH,44085,S,ACTIVE,
OH-S-20166,"FIFTY WEST BREWING COMPANY, LLC",50 West Brewing Company,4858 COOPER RD,BLUE ASH,OH,45242,S,ACTIVE,
OH-S-20167,"BARBIER'S TAVERN, INC.",Beccaquito Beverages,2422 N RIDGE RD,ELYRIA,OH,44035,S,ACTIVE,
OH-S-20168,3 RIVERS WINERY LLC,,6955 PLAINFIELD RD,SILVERTON,OH,45236,S,ACTIVE,
OH-S-20169,"NHB PRODUCTIONS, LLC",North High Brewing,1125 CLEVELAND AVE,COLUMBUS,OH,43201,S,ACTIVE,
OH-S-20170,"M & M WINE CELLAR, LLC",L'uva Bella Winery,6597 CENTER RD,LOWELLVILLE,OH,44436,S,ACTIVE,
OH-S-20171,"RHINEGEIST, LLC",Rhinegeist,1910 ELM ST,CINCINNATI,OH,45202,S,ACTIVE,
OH-S-20172,CLEVELAND  DISTILLERY LLC,Cleveland Distillery,115 W HERRICK AVE,WELLINGTON,OH,44090,S,ACTIVE,
OH-S-20173,HONEST POUR DISTILLING LLC,,11 W MAIN ST,TROY,OH,45373,S,ACTIVE,
OH-S-20174,"OHIO SHINE COMPANY, LLC",,126 N FRANKLIN AVE,MANSFIELD,OH,44902,S,ACTIVE,
OH-S-20175,"MARCH FIRST MANUFACTURING, LLC",Cincinnati Distilling,1500 POLARIS PKWY UNIT 2066,COLUMBUS,OH,43240,S,ACTIVE,
OH-S-20176,EDISON BREWING COMPANY LLC,,785 SCIENCE BLVD,GAHANNA,OH,43230,S,ACTIVE,
OH-S-20177,PRESTON & RUSSEL LLC,Preston & Russel,3350 HILL AVE,TOLEDO,OH,43607,S,ACTIVE,
OH-S-20178,212 HANCOCK STREET HOLDINGS LLC,Echo Spirits Distilling Co.,212 HANCOCK ST,SANDUSKY,OH,44870,S,ACTIVE,
OH-S-20179,TEMPO JAZZ LOUNGE AND DISTILLERY LLC,Tempo Jazz Lounge,1983 STATE AVE UNIT 1,CINCINNATI,OH,45212,S,ACTIVE,
OH-S-20180,"GROBEL, LLC",Beacon Bay,118 E FRONT ST UNIT B,PEMBERVILLE,OH,43450,S,ACTIVE,
OH-S-20181,"WOLF'S RIDGE BREWING, LLC",,660 N HAGUE AVE,COLUMBUS,OH,43204,S,ACTIVE,
OH-S-20182,FELISA LIMONCELLO LLC,Felisa Limoncello,11661 E HILL DR,CHESTERLAND,OH,44026,S,ACTIVE,
OH-S-20183,GERVASI 1700 LLC,Gervasi Vineyard Resort and Spa,5430 MASSILLON RD,NORTH CANTON,OH,44720,S,ACTIVE,
OH-S-20184,"TWO GINGERS, LLC",Athens West End Ciderworks and Distillery,3 N SHAFER STE 100 & 101,ATHENS,OH,45701,S,ACTIVE,
OH-S-20185,GERVASI 1700 LLC,,7160 & 7162 FULTON DR NW,JACKSON TWP,OH,44718,S,ACTIVE,
OH-S-20186,SOPHIE'S ORCHARD LLC,,4597 LAURENT RD,ATWATER,OH,44201,S,ACTIVE,
OH-S-20187,"FAT HEAD'S BREWING, L.P.",,17450 ENGLE LAKE DR STE 101,MIDDLEBURG HEIGHTS,OH,44130,S,ACTIVE,
OH-S-20188,AMERICAN CRAFT BREWERY LLC,American Craft Brewery,1625 CENTRAL PKWY,CINCINNATI,OH,45214,S,ACTIVE,
OH-S-20189,"SILVERTON BREWING COMPANY, LLC",HighGrain Brewing Company,9176 WINTON RD,CINCINNATI,OH,45231,S,ACTIVE,
OH-S-20190,THEOS WD DISTILLERY LLC,Theos WD Distillery,18390 KRUG RD,DALTON,OH,44618,S,ACTIVE,
OH-S-20191,THE GREAT LAKES BREWING CO.,,13675 DARICE PKWY,STRONGSVILLE,OH,44149,S,ACTIVE,
OH-S-20192,TILRAY BREWDOG US INC.,BrewDog,96 GENDER RD,CANAL WINCHESTER,OH,43110,S,ACTIVE,
OH-S-237,"LUXCO, INC.",,3116 BEREA RD,CLEVELAND,OH,44111,S,ACTIVE,
OH-S-240,"STEARNS & LEHMAN, INC",,30 PARAGON PKWY,MANSFIELD,OH,44903,S,ACTIVE,
OK-S-15004,TWISTER DISTILLERY COMPANY,SUCCESS VODKA,2322 N MOORE AVE,MOORE,OK,73160,S,ACTIVE,
OK-S-15005,CANE CREEK DISTILLERY INC,CANE CREEK DISTILLERY,18685 W 73RD ST,BOYNTON,OK,74422,S,ACTIVE,
OK-S-20003,"OKIE SHINE, LLC",,1880 COUNTY ROAD 1250,TUTTLE,OK,73089,S,ACTIVE,
OK-S-20011,"GREEN VALLEY DISTILLERY, LLC",,501 SE 1160TH AVE,RED OAK,OK,74563,S,ACTIVE,
OK-S-20012,"SPIRITS OF WASHITA VALLEY, L.L.C.",Spirits of Washita Valley,23618 HIGHWAY 377,MADILL,OK,73446,S,ACTIVE,
OK-S-20014,"ROCK CREEK DISTILLERY, LLC",Rock Creek Distillery,1742 S MAIN ST,SHATTUCK,OK,73858,S,ACTIVE,
OK-S-20015,"TB DISTILLERY, LLC",TB Distillery,11325 N WESTERN AVE,OKLAHOMA CITY,OK,73114,S,ACTIVE,
OK-S-20017,H&J DISTILLERY LLC,,6064 N 427 RD,PRYOR,OK,74361,S,ACTIVE,
OK-S-20020,REFRESCO BEVERAGES US INC.,,1701 S LEE ST,FT. GIBSON,OK,74434,S,ACTIVE,
OK-S-20024,"QUAKER HOUSE DISTILLING, LLC",,20090 SLICK RD,KELLYVILLE,OK,74039,S,ACTIVE,
OK-S-20026,"ELDER BROS DISTILLERY, LLC",Elder Bros Spirits,721 E 23RD ST,OKMULGEE,OK,74447,S,ACTIVE,
OK-S-20029,COOP ALE WORKS LLC,,4745 COUNCIL HEIGHTS RD,OKLAHOMA CITY,OK,73179,S,ACTIVE,
OR-S-127,"MCMENAMINS, INC.",EDGEFIELD DISTILLERY,2126 SW HALSEY ST,TROUTDALE,OR,97060,S,ACTIVE,
OR-S-128,ROGUE RIVER BREWING COMPANY,ROGUE SPIRITS PILOT DISTILLERY,2160 SE MARINE SCIENCE DR,NEWPORT,OR,97365,S,ACTIVE,
OR-S-131,NEW DEAL DISTILLERY LLC,,900 SE SALMON,PORTLAND,OR,97214,S,ACTIVE,
OR-S-15000,ANDERS S. JOHANSEN,DOLMEN DISTILLERY,1805 NEHEMIAH LN,MCMINNVILLE,OR,97128,S,ACTIVE,
OR-S-15007,OREGON BREWING COMPANY,ROGUE SPIRITS,2160 SE MARINE SCIENCE DR,NEWPORT,OR,97365,S,ACTIVE,
OR-S-15009,"TORII MOR WINERY, L.L.C.",,18365 NE FAIRVIEW DR,DUNDEE,OR,97115,S,ACTIVE,
OR-S-15016,"WINE BY JOE, LLC",WINE BY JOE,239 SE 5TH ST,DUNDEE,OR,97115,S,ACTIVE,
OR-S-15018,"VINN DISTILLERY, INC.",OATH,7990 SW BOECKMAN RD,WILSONVILLE,OR,97070,S,ACTIVE,
OR-S-15020,LIL'BIT DISTILLERY INC,,1501 NE INDUSTRIAL AVE,WOODBURN,OR,97071,S,ACTIVE,
OR-S-15025,"STONE BARN BRANDYWORKS, LLC",Stone Barn Brandyworks,3315 SE 19TH AVE STE B & C,PORTLAND,OR,97202,S,ACTIVE,
OR-S-15028,GALLAGHER & CARINI LLC,IMMORTAL SPIRITS & DISTILLING CO.,3582 S PACIFIC HWY # D,MEDFORD,OR,97501,S,ACTIVE,
OR-S-15029,BLACK ROCK DISTILLERY LLC,,32405 HWY 19 207,SPRAY,OR,97874,S,ACTIVE,
OR-S-15031,"YOGD, LLC",YE OL' GROG DISTILLERY,35855 INDUSTRIAL WAY UNIT C,SAINT HELENS,OR,97051,S,ACTIVE,
OR-S-15034,"DELLA TERRA, LLC",HILLCREST VINEYARD,240 VINEYARD LN,ROSEBURG,OR,97471,S,ACTIVE,
OR-S-15040,"ELIXIR, INC.",Elixir,1050 BETHEL DR F3-F4,EUGENE,OR,97402,S,ACTIVE,
OR-S-15042,"MCMENAMINS, INC.",CORNELIUS PASS ROADHOUSE DISTILLERY,4045 NW CORNELIUS PASS RD,HILLSBORO,OR,97124,S,ACTIVE,
OR-S-15044,"ALCHEMICAL SOLUTIONS, LLC",THE ORGANIC ALCOHOL COMPANY,650 MISTLETOE RD,ASHLAND,OR,97520,S,ACTIVE,
OR-S-15045,VERACITY SPIRITS LLC,VIVACITY SPIRITS,"720 NE GRANGER AVE ,BLDG. C",CORVALLIS,OR,97330,S,ACTIVE,
OR-S-15046,"GLASER ESTATE WINERY, LLC",GLASER ESTATE WINERY,213 INDEPENDENCE LN,ROSEBURG,OR,97471,S,ACTIVE,
OR-S-15047,HARRIS BRIDGE VINEYARD LLC,HARRIS BRIDGE SPIRITS,22937 HARRIS RD,PHILOMATH,OR,97370,S,ACTIVE,
OR-S-15052,"INDUSTRIAL ROW DISTILLERY, LLC",,645 N TILLAMOOK ST STE 3,PORTLAND,OR,97227,S,ACTIVE,
OR-S-15053,"RANSOM SPIRITS, LLC",Ransom Spirits,23145 N HIGHWAY 99 W UNIT C,DUNDEE,OR,97115,S,ACTIVE,
OR-S-15055,"BENTON-LANE, LLC",BENTON-LANE WINERY,23924 TERRITORIAL RD,MONROE,OR,97456,S,ACTIVE,
OR-S-20001,"CANNON BEACH DISTILLERY, LLC",,1315 S HEMLOCK ST,CANNON BEACH,OR,97110,S,ACTIVE,
OR-S-20003,"ALBANY STEAMWORKS, LLC",Sinister Distilling Company,635 NE WATER AVE STE D,ALBANY,OR,97321,S,ACTIVE,
OR-S-20004,CASCADE ALCHEMY LLC,Cascade Alchemy,20585 BRINSON BLVD STE 5,BEND,OR,97701,S,ACTIVE,
OR-S-20005,EVANS-HEALY,Evans-Healy,1615 NW CAVENS LN,HILLSBORO,OR,97124,S,ACTIVE,
OR-S-20006,"ABIDE CRAFT DISTILLERS, LLC",Camp 1805 Distillery,501 PORTWAY AVE STE 102,HOOD RIVER,OR,97031,S,ACTIVE,
OR-S-20007,"ROLLING RIVER SPIRITS, LLC",Rolling River Spirits,3315 SE 19TH AVE STE B,PORTLAND,OR,97202,S,ACTIVE,
OR-S-20011,"LAMIC, INC.",Bridge City Spirits,12705 SW HERMAN RD STE D,TUALATIN,OR,97002,S,ACTIVE,
OR-S-20017,FLOODED FOX DEN DISTILLERY LLC,,2331 23RD AVE STE 103,FOREST GROVE,OR,97116,S,ACTIVE,
OR-S-20019,"3 MILE, LLC",Table Rock Distillery,2990 BUTTE FALLS HWY,EAGLE POINT,OR,97524,S,ACTIVE,
OR-S-20021,"NORTHWEST NATURAL SPIRITS, LLC",Cascade Spirits,575 E SUNRANCH DR,SISTERS,OR,97759,S,ACTIVE,
OR-S-20023,"AROUND THE BEND DISTILLING, LLC",Goodlife Spirits Company,1355 SW COMMERCE AVE,BEND,OR,97702,S,ACTIVE,
OR-S-20024,"EASTSIDE DISTILLING, LLC",Eastside Distilling,1805 SE MARTIN LUTHER KING JR BLVD,PORTLAND,OR,97214,S,ACTIVE,
OR-S-20026,"WANDERBACK DISTILLERY, LLC",WANDERBACK DISTILLERY,3716 NEAL CREEK RD,HOOD RIVER,OR,97031,S,ACTIVE,
OR-S-20027,"DAVIES DISTRIBUTION, LLC",,5250 HIGHBANKS RD STE 340,SPRINGFIELD,OR,97478,S,ACTIVE,
OR-S-20028,"B2O3, LLC",Martin Ryan Distilling Company,2304 NW SAVIER ST,PORTLAND,OR,97210,S,ACTIVE,
OR-S-20037,"HERITAGE DISTILLING COMPANY, INC.","Heritage Distilling Company, Inc.",110 MADISON ST,EUGENE,OR,97402,S,ACTIVE,
OR-S-20042,"FLORA VINEYARDS AND WINERY, LLC",Elemental Spirits,11812 NE WORDEN HILL RD,NEWBERG,OR,97132,S,ACTIVE,
OR-S-20043,DEEP WOODS DISTILLERY LTD.,,48217 E 1ST ST,OAKRIDGE,OR,97463,S,ACTIVE,
OR-S-20044,STOWAWAY SPIRITS LLC,,33880 SE EASTGATE CIR,CORVALLIS,OR,97333,S,ACTIVE,
OR-S-20046,RED HILLS DISTILLERY LLC,Branch Point Distillery,15800 NE MCDOUGALL RD,DAYTON,OR,97114,S,ACTIVE,
OR-S-20047,SWALLOWTAIL SPIRITS LLC,Nebula 9 Spirits LLC,5250 HIGHBANKS RD STE 300,SPRINGFIELD,OR,97478,S,ACTIVE,
OR-S-20049,CLACKAMAS DISTILLING LLC,,15400 SE RAINER CT,CLACKAMAS,OR,97015,S,ACTIVE,
OR-S-20050,"ORDNANCE DISTILLING, LLC",Ordnance Spirits,405 N OLSON RD,BOARDMAN,OR,97818,S,ACTIVE,
OR-S-20056,"FOX-TAIL CIDER, INC",,2965 EHRCK HILL DR BLDG 3,HOOD RIVER,OR,97031,S,ACTIVE,
OR-S-20059,"DROP SHOP DISTILLERY, LLC",Drop Shop Distillery,8130 NE NICHOLAS CT STE 3,HILLSBORO,OR,97124,S,ACTIVE,
OR-S-20060,DANIEL W. LEWERENZ,Gatsby Spirits,425 NE LINT SLOUGH RD,WALDPORT,OR,97394,S,ACTIVE,
OR-S-20064,MARCOTTE DISTILLING COMPANY,Marcotte Distilling Company,1732 S MAIN ST,PHILOMATH,OR,97370,S,ACTIVE,
OR-S-20065,NAUMES CRUSH & FERMENTATION LLC,Naumes Crush & Fermentation,1311 N CENTRAL AVE,MEDFORD,OR,97501,S,ACTIVE,
OR-S-20067,"BOTTLE & PRESS, LLC",Straightaway,10490 SW MANHASSET DR,TUALATIN,OR,97062,S,ACTIVE,
OR-S-20071,"FOUNDRY FOUR SPIRITS, LLC",Foundry Four Coffee + Whiskey,129 NW 4TH ST,PRINEVILLE,OR,97754,S,ACTIVE,
OR-S-20073,JUST A DISTILLERY INC.,,34905 SE GUNDERSON RD,SANDY,OR,97055,S,ACTIVE,
OR-S-20074,DEON SHAFER,Superfly Distilling Company,701 RAILROAD ST,BROOKINGS,OR,97415,S,ACTIVE,
OR-S-20077,"GOMPERS GIN, LLC",Gompers Distillery,611 NE JACKPINE CT BLDG D,REDMOND,OR,97756,S,ACTIVE,
OR-S-20079,OLD RED BARN SPECIALTIES LLC,,11875 MONITOR MCKEE RD NE,WOODBURN,OR,97071,S,ACTIVE,
OR-S-20084,REMEDY BEVERAGES LLC,,111 SE MADISON ST STE 5,PORTLAND,OR,97214,S,ACTIVE,
OR-S-20087,"THE AIMSIR DISTILLING COMPANY, LLC",The Aimsir Distilling Company,2117 NE OREGON ST STE 202,PORTLAND,OR,97232,S,ACTIVE,
OR-S-20088,DOUBLE CIRCLE SPIRITS LLC,,6352 ROBERTS MARKET RD,THE DALLES,OR,97058,S,ACTIVE,
OR-S-20089,VERACITY SPIRITS LLC,Vivacity Spirits,140 NE HILL ST,ALBANY,OR,97321,S,ACTIVE,
OR-S-20091,"NINKASI BREWERY, LLC",Ninkasi,272 VAN BUREN ST,EUGENE,OR,97402,S,ACTIVE,
OR-S-20092,KACHKA LLC,Kachka,2117 NE OREGON ST UNIT 201,PORTLAND,OR,97232,S,ACTIVE,
OR-S-20094,THREE OLD GUYS DISTILLING LLC,Three Old Guys Distilling,23625 HIGHWAY 47 BLDG B,YAMHILL,OR,97148,S,ACTIVE,
OR-S-20095,SPLINTERCAT BREWING LLC,Kith and Kin Fermentation,1837 TENMILE VALLEY RD,TENMILE,OR,97481,S,ACTIVE,
OR-S-20096,BONEYARD ELIXIR LLC,Boneyard Elixir,595 SE GLENWOOD DR,BEND,OR,97702,S,ACTIVE,
OR-S-20097,FULL CIRCLE LLC,WOOD FAMILY SPIRITS,703 E 2ND ST STE D,THE DALLES,OR,97058,S,ACTIVE,
OR-S-20099,"NORTHWEST NATURAL SPIRITS, LLC",Cascade Spirits,"11791 SE HIGHWAY 212 SUITE 404, 406 & 408",CLACKAMAS,OR,97015,S,ACTIVE,
OR-S-20100,BREWER FAMILY PROVISIONS LLC,,840 SE WOODLAND BLVD STE 185,BEND,OR,97702,S,ACTIVE,
OR-S-20102,"BREW DR. KOMBUCHA, LLC",,12241 SW MYSLONY ST,TUALATIN,OR,97062,S,ACTIVE,
OR-S-20103,"DOMAINE SERENE VINEYARDS AND WINERY, INC.",Domaine Serene,3315 SE 19TH AVE STE B,PORTLAND,OR,97202,S,ACTIVE,
OR-S-20104,BACKFORTY VENTURES LLC,Conspirator Beverage,10123 SE BRITTANY CT,CLACKAMAS,OR,97015,S,ACTIVE,
OR-S-20105,"DAY CRUSH, LLC",Day Wines,21080 N HIGHWAY 99W,DUNDEE,OR,97115,S,ACTIVE,
OR-S-20106,"FREY FAMILY WINERY, LLC",J.A. Frey & Co. Spirits,18401 NE RIBBON RIDGE RD,NEWBERG,OR,97132,S,ACTIVE,
OR-S-20108,"CASA TOLTECA, LLC",Casa Tolteca,422 NW 8TH AVE STE D,PORTLAND,OR,97209,S,ACTIVE,
OR-S-20109,MT. DEFIANCE WINE COMPANY,Phelps Creek Vineyard,1808 COUNTRY CLUB RD,HOOD RIVER,OR,97031,S,ACTIVE,
OR-S-20110,"MORNING GLASS ENTERPRISES, LLC",,305 SE MADISON ST STE 115,PORTLAND,OR,97214,S,ACTIVE,
OR-S-20111,"PATRICIA GREEN CELLARS, LLC",Patricia Green Cellars,15225 NE NORTH VALLEY RD,NEWBERG,OR,97132,S,ACTIVE,
OR-S-20113,"FLORA PROPERTIES, LLC",Ruby Vineyard & Winery,30088 SW EGGER RD,HILLSBORO,OR,97123,S,ACTIVE,
OR-S-20114,BRAVO COLLECTION SPIRITS LLC,Bravo Collection Spirits,"1245 NE ALPHA DRIVE BLDG. 3 UNITS A,B, AND C",MCMINNVILLE,OR,97128,S,ACTIVE,
OR-S-20115,"TMK DISTILLERY, LLC",TMK Distillery,27221 S DRYLAND RD,CANBY,OR,97013,S,ACTIVE,
OR-S-20118,NEW BRIGHTON DISTILLERY LLC,New Brighton Distillery,11705 SW LANCEFIELD RD,MCMINNVILLE,OR,97128,S,ACTIVE,
OR-S-20121,HANDCRAFTED BEVERAGE LLC,,10735 N LOMBARD ST,PORTLAND,OR,97203,S,ACTIVE,
OR-S-20122,"DIAGEO AMERICAS SUPPLY, INC.",Aviation American Gin,2075 NW WILSON ST,PORTLAND,OR,97209,S,ACTIVE,
OR-S-20123,DIE THE WOLF LLC,Die The Wolf,1835 19TH AVE,FOREST GROVE,OR,97116,S,ACTIVE,
OR-S-20124,"ELK COVE VINEYARDS,  INC.",Miriam Spirits LLC,27751 NW OLSON RD,GASTON,OR,97119,S,ACTIVE,
OR-S-20125,ROYALTY SPIRITS DISTILLERY LLC,Royalty Spirits,4532 SE 63RD AVE BLDG C & D,PORTLAND,OR,97206,S,ACTIVE,
OR-S-20126,B C MARKETING CONCEPTS INC.,Full Sail Brewing Co.,506 COLUMBIA ST,HOOD RIVER,OR,97031,S,ACTIVE,
OR-S-20127,HUMM KOMBUCHA LLC,,20720 BRINSON BLVD BLDG B,BEND,OR,97701,S,ACTIVE,
OR-S-20128,CRUX FERMENTATION PROJECT LLC,,63065 18TH ST,BEND,OR,97701,S,ACTIVE,
OR-S-20130,FRIEND SPIRITS LLC,Friend Spirits,79081 FRIEND RD BLDG B,FRIEND,OR,97021,S,ACTIVE,
OR-S-20131,PELICAN BREWING COMPANY,Pelican Brewing Company,1708 1ST ST,TILLAMOOK,OR,97141,S,ACTIVE,
OR-S-20132,"WILD ROGUE DISTILLING, LLC",,2709 SAND CREEK RD,GRANTS PASS,OR,97527,S,ACTIVE,
OR-S-20135,TUFF TALK DISTILLING LLC,,3315 SE 19TH AVE UNIT B,PORTLAND,OR,97202,S,ACTIVE,
OR-S-20136,"AMERICAN BEVERAGE CRAFTS, LLC",Widmer Brothers Brewing Company,929 N RUSSELL ST,PORTLAND,OR,97227,S,ACTIVE,
OR-S-20137,"AMERICAN BEVERAGE CRAFTS, LLC",10 Barrel Brewing Company,62950 & 62970 18TH ST,BEND,OR,97701,S,ACTIVE,
OR-S-20138,"BIG WILD SPIRITS, LLC",Big Wild Spirits,1835 19TH AVE,FOREST GROVE,OR,97116,S,ACTIVE,
OR-S-20139,"PILOT HOUSE DISTILLING, INC.",Pilot House Distilling,2 7TH ST,ASTORIA,OR,97103,S,ACTIVE,
OR-S-20140,"DESCHUTES BREWERY, INC.",,399 SW SHEVLIN HIXON DR,BEND,OR,97702,S,ACTIVE,
OR-S-20141,"FORBIDDEN FRUIT CIDERHOUSE, LLC",2 Towns Ciderhouse,1749 SW AIRPORT AVE,CORVALLIS,OR,97333,S,ACTIVE,
OR-S-20143,AGRODOLCE COMPANY,Agrodolce Co,100 NE FARRAGUT ST UNIT G03,PORTLAND,OR,97211,S,ACTIVE,
OR-S-20145,VERN SCOVELL,Bob's Creek Bandit Distillery,38000 NORTH FORK RD,NEHALEM,OR,97131,S,ACTIVE,
OR-S-20146,JOHNNY ROCKS SPIRITS LLC,Johnny Rocks Spirits,10123 SE BRITTANY CT,CLACKAMAS,OR,97015,S,ACTIVE,
OR-S-20147,OREGON PRODUCTS AND SERVICES LLC,Tyee Landing,11424 HIGHWAY 138,OAKLAND,OR,97462,S,ACTIVE,
OR-S-20148,AVP WINE COLLECTIVE LLC,AVP Wine Collective,6433 SE LAKE RD UNIT C,MILWAUKIE,OR,97222,S,ACTIVE,
OR-S-20149,PACIFIC NW DISTILLING LLC,Shine Vodka,915 N MAIN ST STE 40,INDEPENDENCE,OR,97221,S,ACTIVE,
OR-S-20150,"EASTSIDE DISTILLING, INC.",Eastside Distilling Company,7272 SW DURHAM RD STE 100,PORTLAND,OR,97224,S,ACTIVE,
OR-S-20151,HARDER DAY DISTILLING CO. LLC,Harder Day Distilling Co,5834 NE PINEFARM CT UNIT B,HILLSBORO,OR,97124,S,ACTIVE,
OR-S-20152,"ODYSSEY29, INC.",Journey Distilled,1417 NE ALPHA DR,MCMINNVILLE,OR,97128,S,ACTIVE,
OR-S-20153,COLUMBIA MANUFACTURING & TECHNOLOGY CENTER LLC,Rediviva Distilling,6352 ROBERT MARKET RD,THE DALLES,OR,97058,S,ACTIVE,
OR-S-20154,ROSETSO DISTILLING LLC,RoSetSo Distilling,915 N MAIN ST STE 20,INDEPENDENCE,OR,97351,S,ACTIVE,
OR-S-20155,UPPER VALLEY FARMS LLC,,5025 QUINN DR,MOUNT HOOD PARKDALE,OR,97041,S,ACTIVE,
OR-S-20156,"BACUS VINEYARDS, LLC",Bacus Vineyards,18605 NE CALKINS LN,NEWBERG,OR,97132,S,ACTIVE,
OR-S-20157,NEIGHBORLY SPIRIT LLC,ProofLab,10123 SE BRITTANY CT,CLACKAMAS,OR,97015,S,ACTIVE,
OR-S-20158,WINES OF KINGS LLC,,601 SE HAWTHORNE BLVD,PORTLAND,OR,97214,S,ACTIVE,
OR-S-20159,WANDERLUST VINEYARD INC.,,1000 KUBLI RD,GRANTS PASS,OR,97527,S,ACTIVE,
OR-S-20160,ORWEST SPIRITS LLC,,212 N HWY 101 UNIT C,ROCKAWAY,OR,97136,S,ACTIVE,
OR-S-20161,COQUILLE ECONOMIC DEVELOPMENT CORPORATION,Ko-Kwel Spirits,3201 TREMONT AVE,NORTH BEND,OR,97459,S,ACTIVE,
OR-S-20162,THE TREASURY LLC,The Treasury LLC,2117 NE OREGON ST UNIT 701,PORTLAND,OR,97232,S,ACTIVE,
OR-S-20163,"VICI ESTATE & VINEYARD, LLC",,13450 LOOKINGGLASS RD,WINSTON,OR,97496,S,ACTIVE,
OR-S-20164,MAGIAN DISTILLING LLC,Magian Distilling,1515 SE 46TH AVE,PORTLAND,OR,97215,S,ACTIVE,
OR-S-20165,"AQUA ARDENS, LLC",Westward Whiskey,65 SE WASHINGTON ST,PORTLAND,OR,97214,S,ACTIVE,
OR-S-20166,BRIDGETOWN SPIRITS CORP.,Eastside Distilling,2150 SE HANNA HARVESTER DR,MILWAUKIE,OR,97222,S,ACTIVE,
OR-S-20167,"CRAFTED LIFE, LLC",Great Western Spirits,63025 OB RILEY RD UNIT 9,BEND,OR,97703,S,ACTIVE,
OR-S-581,"HOOD RIVER DISTILLERS, INC.",,660 RIVERSIDE DR,HOOD RIVER,OR,97031,S,ACTIVE,
PA-S-15003,"POLYSCIENCES, INC.",,400 VALLEY RD,WARRINGTON,PA,18976,S,ACTIVE,
PA-S-15006,"MOUNTAIN LAUREL SPIRITS, LLC",MOUNTAIN LAUREL SPIRITS,925 CANAL ST BLDG 4,BRISTOL,PA,19007,S,ACTIVE,
PA-S-15009,"NAOJ & MOT, INC.",POLLYODD,2519 MOORE ST UNIT C,PHILADELPHIA,PA,19145,S,ACTIVE,
PA-S-15012,THIS LIFE FOREVER INC,This Life Forever,841 GILMORE ST,ALLENTOWN,PA,18109,S,ACTIVE,
PA-S-15014,"WEST OVERTON DISTILLING,  LLC",,109 W OVERTON RD,SCOTTDALE,PA,15683,S,ACTIVE,
PA-S-15016,"ROY-PITZ BREWING CO., INC",,140 N THIRD ST,CHAMBERSBURG,PA,17201,S,ACTIVE,
PA-S-15017,"SALEM SPIRITS, LLC",,2662 ROUTE 819,GREENSBURG,PA,15601,S,ACTIVE,
PA-S-20004,"MOUNTAIN VIEW VINEYARD, INC.",,2332 WALTERS RD,STROUDSBURG,PA,18360,S,ACTIVE,
PA-S-20006,"ALLEGHENY DISTILLING, LLC",Maggie's Farm Rum Distillery,3212 A SMALLMAN ST,PITTSBURGH,PA,15201,S,ACTIVE,
PA-S-20011,DISOBEDIENT SPIRITS LLC,,30 S MAIN ST,HOMER CITY,PA,15748,S,ACTIVE,
PA-S-20012,"SIR WINSTON'S PUB, LLC",,277 N KESWICK AVE,GLENSIDE,PA,19038,S,ACTIVE,
PA-S-20013,"CJ SPIRITS, LLC","CJ Spirits, LLC",120 WILLOW RUN DR,KANE,PA,16735,S,ACTIVE,
PA-S-20014,ROWHOUSE SPIRITS LLC,Rowhouse Spirits,300 E GODFREY AVE UNIT BB2,PHILADELPHIA,PA,19120,S,ACTIVE,
PA-S-20019,COUNTY SEAT SPIRITS LLC,,905 HARRISON ST STE 128,ALLENTOWN,PA,18103,S,ACTIVE,
PA-S-20021,FIVE SAINTS DISTILLING AND INTERNATIONAL SPIRITS LLC,,129 E MAIN ST,NORRISTOWN,PA,19401,S,ACTIVE,
PA-S-20023,W.P. PALMER DISTILLING COMPANY,,376 SHURS LN BLDG A,PHILADELPHIA,PA,19128,S,ACTIVE,
PA-S-20025,STATESIDE BRANDS LLC,,161 CECIL B MOORE AVE UNIT 103,PHILADELPHIA,PA,19122,S,ACTIVE,
PA-S-20031,EIGHT OAKS CRAFT DISTILLERY COMPANY,Eight Oaks Farm Distillery,7189 RT 309,NEW TRIPOLI,PA,18066,S,ACTIVE,
PA-S-20032,"BENAWIL FARMS, LLC",,842 GLENN RD,MIDDLEBURY CENTER,PA,16935,S,ACTIVE,
PA-S-20035,"C G ENTERPRISES, LLC",Red Castle Brewery & Distillery,445 COAL ST STE D,LEHIGHTON,PA,18235,S,ACTIVE,
PA-S-20038,KILIMANJARO DISTILLERY LLC,,995 POSTAL RD,ALLENTOWN,PA,18109,S,ACTIVE,
PA-S-20040,"FIREWALKER'S SMALL BATCH DISTILLERY, LLC",Triple Sun Spirits Company,518 BANK ST UNIT A,EMMAUS,PA,18049,S,ACTIVE,
PA-S-20041,"RED PUMP SPIRITS, LLC",,166 FAVA FARM RD,SCENERY HILL,PA,15360,S,ACTIVE,
PA-S-20044,"COAL MOUNTAIN SPIRITS, LLC",Coal Mountain Distillery,617 W OAK ST,FRACKVILLE,PA,17931,S,ACTIVE,
PA-S-20045,"SHAWNEETOWN DISTILLERY, LLC",SHAWNEETOWN DISTILLERY,324 MARKET ST,NEW CUMBERLAND,PA,17070,S,ACTIVE,
PA-S-20048,"BARLEY CREEK ASSOCIATES, L.P.",Barley Creek Brewing Company,1774 SULLIVAN TRAIL,TANNERSVILLE,PA,18372,S,ACTIVE,
PA-S-20051,LAUREL HIGHLANDS BAKED GOODS LLC,CHM Spirits,421 REGIS AVE BLDG 2A,PITTSBURGH,PA,15236,S,ACTIVE,
PA-S-20053,HANOVER DISTILLING COMPANY,,878 BALTIMORE ST REAR,HANOVER,PA,17331,S,ACTIVE,
PA-S-20054,"SORRENTI ORCHARDS, INCORPORATED",Cherry Valley Vineyards,130 LOWER CHERRY VALLEY RD,SAYLORSBURG,PA,18360,S,ACTIVE,
PA-S-20056,HERITAGE SPIRITS LLC,Heritage Spirits,35 N CEDAR ST,LITITZ,PA,17543,S,ACTIVE,
PA-S-20057,"DGC, LLC",,130 INDUSTRIAL DR,CHAMBERSBURG,PA,17201,S,ACTIVE,
PA-S-20058,KENNETH J. FRY,Sun Seeker,3940 STATE ROUTE 257,SENECA,PA,16346,S,ACTIVE,
PA-S-20062,ROSATI ARMS LLC,Miner's Mill,93 MILLER ST,WILKES-BARRE,PA,18705,S,ACTIVE,
PA-S-20063,"OLD TOWNE DISTILLED SPIRITS, LLC",Old Towne Distillery,203 S SOMERSET ST,STOYSTOWN,PA,15563,S,ACTIVE,
PA-S-20067,WEST BRANCH DISTILLING COMPANY LLC,,229 BIRCH ST,KENNETT SQUARE,PA,19348,S,ACTIVE,
PA-S-20068,"C & D BREWING VENTURES, INC.",Barrel 21 Distillery and Dining,134 W STREAMSIDE PL,SPRING MILLS,PA,16875,S,ACTIVE,
PA-S-20069,INSURRECTION DISTILLERY LLC.,,201 MAIN LANE REAR,LEHIGHTON,PA,18235,S,ACTIVE,
PA-S-20070,"URBN DISTILLERY, LLC",,320 N CHRISTIAN ST UNIT 1,LANCASTER,PA,17603,S,ACTIVE,
PA-S-20072,"PALKO, LLC",Derailed Distillery,803 WHEATLAND RD,WEST MIDDLESEX,PA,16159,S,ACTIVE,
PA-S-20073,READING DISTILLING GUILD LLC,,126 N 5TH ST STE 2,READING,PA,19601,S,ACTIVE,
PA-S-20077,GALLOWS HILL SPIRITS COMPANY,Gallows Hill Spirits Co.,2200 S 12TH ST BLDG 2208,ALLENTOWN,PA,18103,S,ACTIVE,
PA-S-20081,LANG BEVERAGE COMPANY,LBC Distillery,128 LEE MINE ST,NANTICOKE,PA,18634,S,ACTIVE,
PA-S-20083,HILLSIDE SPIRITS LLC,Hillside Spirits LLC,34 N VINTAGE RD,PARADISE,PA,17562,S,ACTIVE,
PA-S-20087,"BLUE STEEL VODKA, LLC",,321 S CARLISLE ST UNIT 2,ALLENTOWN,PA,18109,S,ACTIVE,
PA-S-20088,NOVOSEL LLC,Scallywags,33 GEARHART RD,PULASKI,PA,16143,S,ACTIVE,
PA-S-20089,BIG PALETTE ENTERPRISES LLC,Pour Richard's Coffee Co.,36 BERKLEY RD,DEVON,PA,19333,S,ACTIVE,
PA-S-20094,WINGMAN BAR-B-QUE LLC,Iron Ridge Distilling,9074 N US HIGHWAY 522 S,LEWISTOWN,PA,17044,S,ACTIVE,
PA-S-20095,SILVERBACK SPIRITS LLC,,132 AIRSTRIP RD,EAST STROUDSBURG,PA,18301,S,ACTIVE,
PA-S-20096,"CHRISTMAS CITY SPIRITS, LLC",,167 N COMMERCE WAY STE 101,BETHLEHEM,PA,18017,S,ACTIVE,
PA-S-20098,"SPIRITS DISTILLING COMPANY, LLC",Spirits Distilling Company,2775 LEBANON RD BLDG C,MANHEIM,PA,17545,S,ACTIVE,
PA-S-20099,SPLINT LLC,Theobald & Oppenheimer,2300 TRUMBAUERSVILLE RD,MILFORD TOWNSHIP,PA,18951,S,ACTIVE,
PA-S-20100,CRUTCH LLC,Theobald & Oppenheimer,2300 TRUMBAUERSVILLE RD,QUAKERTOWN,PA,18951,S,ACTIVE,
PA-S-20101,BRACE LLC,Theobald & Oppenheimer,2300 TRUMBAUERSVILLE RD,MILFORD TOWNSHIP,PA,18951,S,ACTIVE,
PA-S-20102,BOYD'S CARDINAL HOLLOW WINERY CORP.,Boyd's Cardinal Hollow Winery,633 JONES AVE,WEST POINT,PA,19486,S,ACTIVE,
PA-S-20107,PYSANKA LLC,Pour Dog,430 WALNUT ST,COLUMBIA,PA,17512,S,ACTIVE,
PA-S-20108,PHILADELPHIA WHISKEY COMPANY,,161-73 CECIL B. MOORE AVE STE C-2,PHILADELPHIA,PA,19122,S,ACTIVE,
PA-S-20109,LANCASTER DISTILLERIES LIMITED LIABILITY COMPANY,Zoetropolis,230 N 4TH ST,COLUMBIA,PA,17512,S,ACTIVE,
PA-S-20111,LAKE HOUSE DISTILLING COMPANY,,218 W FIFTH ST,WAYNESBORO,PA,17268,S,ACTIVE,
PA-S-20112,"EVERETT GLENNON DISTILLERY, LLC",,113 S WASHINGTON ST,POTTSTOWN,PA,19464,S,ACTIVE,
PA-S-20113,ECHT LLC,Echt Liquor Lab,107 PENN AVE,PITTSBURGH,PA,15210,S,ACTIVE,
PA-S-20115,"CBC LATROBE ACQUISITION, LLC",,100 33RD ST,LATROBE,PA,15650,S,ACTIVE,
PA-S-20116,KEY SPIRITS LLC,,2500 STATE RD STE C,BENSALEM,PA,19020,S,ACTIVE,
PA-S-20118,HEAD-CUTS CORPORATION,4Four6 Distillery,703 MAIN ST,PITTSBURGH,PA,15215,S,ACTIVE,
PA-S-20120,COPPERGLEN STILL WORKS LLC,,455 BIRCH ST,KENNETT SQUARE,PA,19348,S,ACTIVE,
PA-S-20122,"APPALACHIAN SPIRITS, LLC",Appalachian Spirits,6462 CARLISLE PIKE,MECHANICSBURG,PA,17050,S,ACTIVE,
PA-S-20123,"BLACK RIVER FARMS, INC",WarDog Spirits,2472 BLACK RIVER RD,BETHLEHEM,PA,18015,S,ACTIVE,
PA-S-20125,"INTEGRATED DISPENSE SYSTEMS, LLC",,7811 STEUBENVILLE PIKE,OAKDALE,PA,15071,S,ACTIVE,
PA-S-20129,"EMOTIONAL WELLNESS COUNSELING, LLC",Hillbilly Hooch,2481 LANCASTER PIKE,READING,PA,19607,S,ACTIVE,
PA-S-20131,"NOBLE DISTILLING COMPANY, LLC",Noble Distilling Company,1115 BERN RD,WYOMISSING,PA,19611,S,ACTIVE,
PA-S-20134,"MOONSTRUCK PRODUCTS, LLC",,128 OLD FRANKLIN RD,STAHLSTOWN,PA,15687,S,ACTIVE,
PA-S-20135,JZ HOME SOLUTIONS LLC,,939 MILL CREEK RD,WYCOMBE,PA,18980,S,ACTIVE,
PA-S-20138,O'ASTARTE LLC,,1720 W FAIRMONT ST,ALLENTOWN,PA,18104,S,ACTIVE,
PA-S-20143,MORGAN STILLHOUSE LLC,,1750 ASHBOURNE RD BLDG 4,ELKINS PARK,PA,19027,S,ACTIVE,
PA-S-20144,"HIDDEN STILL, INC.",Hidden Still Spirits,"505 W CHOCOLATE AVE., REAR BLDG B",HERSHEY,PA,17033,S,ACTIVE,
PA-S-20145,"THE AGING ROOM, LLC",,33 QUAIL ACRES LANE,WASHINGTON,PA,15301,S,ACTIVE,
PA-S-20146,"WILDS SONSHINE FACTORY, INC.",,3480 W ROUTE 6 RTE W,KANE,PA,16735,S,ACTIVE,
PA-S-20147,ZW DISTILLERY LLC,,600 SUSQUEHANNA TRAIL UNIT B,LIVERPOOL,PA,17045,S,ACTIVE,
PA-S-20148,"DAVID'S DISTILLERY, LLC",David's Distillery,32 W BRIDGE ST STE 3,MORRISVILLE,PA,19067,S,ACTIVE,
PA-S-20149,"GIANT OAKS WINERY, LLC",Giant Oaks Winery,6080 LIBRARY RD,BETHEL PARK,PA,15102,S,ACTIVE,
PA-S-20153,"DOAN GANG DISTILLERY, LLC",,116 E BROAD ST,QUAKERTOWN,PA,18951,S,ACTIVE,
PA-S-20154,MARK ILG & MICHAEL ILG,Widow's Peak Distilling Company,740 NOTTINGHAM RD UNIT C,PEACH BOTTOM,PA,17563,S,ACTIVE,
PA-S-20155,DEFIANT DISTILLERY LLC,,6160 FERGUSON VALLEY ROAD RD,MC VEYTOWN,PA,17051,S,ACTIVE,
PA-S-20156,"GOODLANDER, LLC",Goodlander Cocktail Brewery,6614 HAMILTON AVE,PITTSBURGH,PA,15206,S,ACTIVE,
PA-S-20158,AMDEM LLC,Springhouse Spirits,25 MARTIN RD,COATESVILLE,PA,19320,S,ACTIVE,
PA-S-20159,"MULTI-FLOW INDUSTRIES, LLC",,1434 & 1438 COUNTY LINE RD,HUNTINGDON VALLEY,PA,19006,S,ACTIVE,
PA-S-20160,"MITCHELL'S RESTAURANT, INC.",West Back Hill Distillery,2850 S MAIN ST,MANSFIELD,PA,16933,S,ACTIVE,
PA-S-20161,ARMEN'S BARRELS LLC,,10 MCCOY LN,WASHINGTON,PA,15301,S,ACTIVE,
PA-S-20162,"JIMMY JAXXX LIQUORS, LIMITED LIABILITY COMPANY",Jimmy Jaxxx Shine Shack,220 S 2ND ST STE D,DILLSBURG,PA,17019,S,ACTIVE,
PA-S-20163,"JBLD VENTURES, LLC",Lovedraft's Brewing Company,165 GATEWAY DR,MECHANICSBURG,PA,17050,S,ACTIVE,
PA-S-20165,"DONDICO, LLC",,200 THREE TUN RD STE 220,MALVERN,PA,19355,S,ACTIVE,
PA-S-20166,MUMFORD DISTILLERY LIMITED LIABILITY COMPANY,,16136 INGRAHAM RD,GUYS MILLS,PA,16327,S,ACTIVE,
PA-S-20167,FTF SPIRITS LIMITED,,15 PRESTIGE LN,LANCASTER,PA,17603,S,ACTIVE,
PA-S-20169,2 D DISTILLERY LLC,2 D Distillery,196 DOE RUN RD,MANHEIM,PA,17545,S,ACTIVE,
PA-S-20170,"COAL STOKER DISTILLERY, LLC",,49 E INDEPENDENCE ST,SHAMOKIN,PA,17872,S,ACTIVE,
PA-S-20172,MOUTHFUL OF DIAMONDS LLC,,1833 N HOWARD ST UNIT 100,PHILADELPHIA,PA,19122,S,ACTIVE,
PA-S-20173,"HISTORIC WOODBURN FARM DISTILLERY, LLC",,4900 SPRING RD,SHERMANS DALE,PA,17090,S,ACTIVE,
PA-S-20174,FORD VALLEY DRAFT LLC,Crawford House Distillery,122 W SPRING ST,TITUSVILLE,PA,16354,S,ACTIVE,
PA-S-20176,SWEET RUST INDUSTRIES LLC,Sweet Rust Industries,3010 SASSAFRAS WAY UNIT B,PITTSBURGH,PA,15201,S,ACTIVE,
PA-S-20177,"CAN MAN, LLC",Best Bev,2512 QUAKERTOWN RD,PENNSBURG,PA,18073,S,ACTIVE,
PA-S-20178,"BREWSON VENTURES, LLC",Rusty Musket,267 FOUR SEASONS RD,BOSWELL,PA,15531,S,ACTIVE,
PA-S-20179,GALEN BOWSER,,192 LITTLE ROCK RD,KITTANNING,PA,16201,S,ACTIVE,
PA-S-20180,"CRICK LIQUORS DISTILLERY, LLC",Crick Liquors Distillery,139 W FAYETTE ST,UNIONTOWN,PA,15401,S,ACTIVE,
PA-S-20181,FEELIN COCKEY LLC,,1649 BROADWAY,HANOVER,PA,17331,S,ACTIVE,
PA-S-20182,"FRENCH CREEK COFFEE AND TEA CO., LLC",,993 WATER ST,MEADVILLE,PA,16335,S,ACTIVE,
PA-S-20183,MILLSTONE SPIRITS GROUP LLC,,3120 COMMERCE DR UNIT A,TELFORD,PA,18969,S,ACTIVE,
PA-S-20185,"MATELOT, LLC","Drayhorse Canning and Bottling, Drayhorse",2155 CASTOR AVE,PHILADELPHIA,PA,19134,S,ACTIVE,
PA-S-20187,"ESPANOLA SPIRITS LTD, LLC",,"2937-51 N MARSHALL ST, 1ST FLOOR REAR",PHILADELPHIA,PA,19133,S,ACTIVE,
PA-S-20188,HEIST SPIRITS CO.,,1606 MAIN ST,BURGETTSTOWN,PA,15021,S,ACTIVE,
PA-S-20190,ONE TIER LLC,BOTLD,190 TOWN CENTER RD,KING OF PRUSSIA,PA,19406,S,ACTIVE,
PA-S-20191,"DERO SPIRITS, LLC",DeRo Premium Cello,411 DEPOT ST,BRIDGEPORT,PA,19405,S,ACTIVE,
PA-S-20192,SOUTH COUNTY LLC,,170 CROSSWAY DR,YORK,PA,17402,S,ACTIVE,
PA-S-20194,BOOZY B'S LLC,Boozy B's LLC,41 S MAIN ST,WILKES-BARRE,PA,18702,S,ACTIVE,
PA-S-20195,"LAUREL HIGHLAND SPIRITS, LLC",Helltown Whiskey,7811 STEUBENVILLE PIKE,OAKDALE,PA,15071,S,ACTIVE,
PA-S-20197,BLACK FLAG DISTILLING CO.,,4758 SCHEIDYS RD,COPLAY,PA,18037,S,ACTIVE,
PA-S-20198,"ESPY HOUSE SPIRITS, LLC",,9525 LINCOLN HWY,BEDFORD,PA,15522,S,ACTIVE,
PA-S-20199,YARDLEY LOBSTER LLC,Yardley Distillery,35 S MAIN ST,YARDLEY,PA,19067,S,ACTIVE,
PA-S-20200,MEDICORE  MED  LLC,,3035 FRANKS RD,HUNTINGDON VALLEY,PA,19006,S,ACTIVE,
PA-S-20201,"KELRAY INDUSTRIES, LLC",Boba Pops,110 ARROWHEAD DR STE 350,SLIPPERY ROCK,PA,16057,S,ACTIVE,
PA-S-20202,TLC LIBATIONS CORPORATION,,7800 SUSQUEHANNA ST STE 404,PITTSBURGH,PA,15208,S,ACTIVE,
PA-S-20204,FEELIN COCKEY LLC,,639 FREDERICK ST STE 3,HANOVER,PA,17331,S,ACTIVE,
PA-S-20205,"INSPIRED BY SPIRITS DISTILLING COMPANY, LLC",Inspired by spirits distilling company,753 E WARRINGTON AVE,PITTSBURGH,PA,15210,S,ACTIVE,
PA-S-20208,DISTILLERY 51 LLC,Distillery 51,281 WELLIVERSVILLE RD UNIT A,BLOOMSBURG,PA,17815,S,ACTIVE,
PA-S-20210,KLYR RUM LLC,KLYR Rum LLC/Holy Water Distillery,506 INDUSTRIAL DR,LEWISBERRY,PA,17339,S,ACTIVE,
PA-S-20213,DIGGS BOYS LLC,Diggs Boys LLC,7811 STEUBENVILLE PIKE,OAKDALE,PA,15071,S,ACTIVE,
PA-S-20215,"DECON LABORATORIES, INC.",,460 GLENNIE CIR,KING OF PRUSSIA,PA,19406,S,ACTIVE,
PA-S-20219,GURGLING RYE LLC,,53 MAPLEWOOD MALL,PHILADELPHIA,PA,19144,S,ACTIVE,
PA-S-20220,3 SISTERS RUM INC.,,843 SPRING MOUNT RD,SCHWENKSVILLE,PA,19473,S,ACTIVE,
PA-S-20221,"NOIRE EXPEDITION, LLC",,3908 PENN AVE,PITTSBURGH,PA,15224,S,ACTIVE,
PA-S-20222,CANARY SPIRITS LLC,,214 N ABERDEEN AVE,WAYNE,PA,19087,S,ACTIVE,
PA-S-20223,AMERICAN CRAFT BREWERY LLC,,7880 PENN DR,BREINIGSVILLE,PA,18031,S,ACTIVE,
PA-S-20224,MADNESS DISTILLERY LLC,,526 MARION LN,BRODHEADSVILLE,PA,18322,S,ACTIVE,
PA-S-20225,"DOING TIME, LLC",Doing Time,300 N 2ND ST,CLEARFIELD,PA,16830,S,ACTIVE,
PA-S-20226,PITTSBURGH SPIRITS LLC,Wigle Whiskey,1000 ROSS PARK MALL DR UNIT F20A,PITTSBURGH,PA,15237,S,ACTIVE,
PA-S-20227,RL VERMILLION DISTILLERY LLC,,39 W LUDLOW ST STE 3,SUMMIT HILL,PA,18250,S,ACTIVE,
PA-S-20230,"THE BREAD PEDALER, LLC",,244 W 2ND ST REAR,HUMMELSTOWN,PA,17035,S,ACTIVE,
PA-S-20231,HORSE HOLLOW DISTILLERY LLC,HORSE HOLLOW DISTILLERY,671 SAND HILL RD,PEQUEA,PA,17565,S,ACTIVE,
PA-S-20232,"RAGGHIANTI ENTERPRISES, LLC",,6345 HEIDLER RD,FAIRVIEW,PA,16415,S,ACTIVE,
PA-S-20233,"TWO PINES PRODUCTIONS, LLC",Nocturnal,236 N 2ND ST,HARRISBURG,PA,17101,S,ACTIVE,
PA-S-20234,PARKER FITZ LTD,Parker Fitz,1615 MIFFLIN ST,PHILADELPHIA,PA,19145,S,ACTIVE,
PA-S-20236,"MILEY'S RESTAURANT, INC.",,1500 BUSTLETON PIKE,SOUTHAMPTON,PA,18966,S,ACTIVE,
PA-S-20237,"THE LION BREWERY, INC.",,1001 SATHERS DR,PITTSTON,PA,18640,S,ACTIVE,
PA-S-20238,"TOP DOG SPIRITS, LLC",,110 E STATE ST,KENNETT SQUARE,PA,19348,S,ACTIVE,
PA-S-20239,"THE LION BREWERY, INC.",Lion Brewery,700 N PENNSYLVANIA AVE,WILKES-BARRE,PA,18705,S,ACTIVE,
PA-S-20240,MOON BIRD DISTILLING LLC,,12 E CHAPEL AVE,CARLISLE,PA,17013,S,ACTIVE,
PA-S-20241,"LYNCHWOODS SPIRITS, LLC",Lynchwoods Spirits,1905 MERCER RD,JACKSON CENTER,PA,16133,S,ACTIVE,
PA-S-20243,STATESIDE BRANDS LLC,Federal Distilling,100 33RD ST,LATROBE,PA,15650,S,ACTIVE,
PA-S-20244,SUSTAINABLE STILL LLC,,277 SHARIE ST,PHILIPSBURG,PA,16866,S,ACTIVE,
PA-S-20245,HILLTOP DISTILLERS LLC,7th Ward Spirits,125 THEOBOLD AVE BLDG 1,GREENSBURG,PA,15601,S,ACTIVE,
PA-S-20246,ALLOH DISTILLING LLC,,1940 BANK LN,YORK,PA,17408,S,ACTIVE,
PA-S-20247,RPD WHISKEY CO.,RPD Whiskey Co.,5260 NEOLA RD,STROUDSBURG,PA,18360,S,ACTIVE,
PA-S-20248,WILDING ORCHARDS LLC,Wilding Orchards,1048 MAHONEY RD,BRACKNEY,PA,18812,S,ACTIVE,
PA-S-20249,TROEGS BREWING COMPANY,,200 E HERSHEY PARK DR,HERSHEY,PA,17033,S,ACTIVE,
PA-S-20251,BREAKER BREWING COMPANY,Breaker Distilling Company,787 EAST NORTHAMPTON ST,WILKES-BARRE TWP,PA,18702,S,ACTIVE,
PA-S-20253,"MELTING FACES, LLC",,142 E MARKET ST,WEST CHESTER,PA,19382,S,ACTIVE,
PA-S-20254,"BROKENSTRAW VALLEY WINERY, LLC",Slopeside Distillery,100 HILLSIDE DR BLDG 1 AND 2,YOUNGSVILLE,PA,16371,S,ACTIVE,
PA-S-20255,SPRUCE STREET BEVERAGES LLC,,3450 SALMON ST,PHILADELPHIA,PA,19134,S,ACTIVE,
PA-S-20256,"MUTUAL RESPECT BREWING AND DISTILLING, INC.",SPIRIT ANIMAL SPIRITS,2500 STATE RD UNIT C,BENSALEM,PA,19020,S,ACTIVE,
PA-S-20257,BRASSBREW LLC,LANCASTER BRASSERIE,1679 E LINCOLN HWY,LANCASTER,PA,17602,S,ACTIVE,
PA-S-20258,DEAD MAN WALKING SPIRITS LLC,Cork & Compass,109 RAILROAD ST STE B,BEDFORD,PA,15522,S,ACTIVE,
PA-S-20260,CASUS BELLI SPIRITS COMPANY,Fourth Taco,112 E MAIN ST,BLOOMSBURG,PA,17815,S,ACTIVE,
PA-S-20261,"SLY FOX BREWING COMPANY, INC.",,331 CIRCLE OF PROGRESS DR,POTTSTOWN,PA,19464,S,ACTIVE,
PA-S-20262,"CLOVER HILL ENTERPRISES, INC.",CLOVER HILL SPIRITS,9850 NEWTOWN RD BLDG 3,BREINIGSVILLE,PA,18031,S,ACTIVE,
PA-S-20263,J.F. MCCANN SPIRITS LIMITED LIABILITY COMPANY,Pops McCann Distilling,211 E HIGH ST,POTTSTOWN,PA,19464,S,ACTIVE,
PA-S-20264,STONE BRIDGE BREWING COMPANY,,104 FRANKLIN ST,JOHNSTOWN,PA,15901,S,ACTIVE,
PA-S-20265,"BONES DISTILLERY, LLC",,68 W MAIDEN ST BLDG,WASHINGTON,PA,15301,S,ACTIVE,
PA-S-20266,HEAVEN SENT DISTILLERY LLC,,243 WASHINGTON PIKE,AVELLA,PA,15312,S,ACTIVE,
PA-S-20267,"OLDE CITY MERCANTILE, LLC",Art in the Age Spirits,257 N MAIN ST,AMBLER,PA,19002,S,ACTIVE,
PA-S-20269,THE VERMOUTHERY LLC,Fell To Earth,3300 HENRY AVE STE 201,PHILADELPHIA,PA,19129,S,ACTIVE,
PA-S-20270,"ROBERT MAZZA,  INC.",Five & 20 Spirits,11815 E LAKE RD,NORTH EAST,PA,16428,S,ACTIVE,
PA-S-20271,"FRANKLIN HILL VINEYARDS, INC.",Franklin Hill Vineyards,7833 FRANKLIN HILL RD,BANGOR,PA,18013,S,ACTIVE,
PA-S-20272,LINCOLN PROPERTY GROUP LLC,River Run Farm,1800 LOWER BAILEY RD,NEWPORT,PA,17074,S,ACTIVE,
PA-S-20273,ELIZAVETA GALACHYAN,AGGA LIZA,3379 E VALLEY RD,LOGANTON,PA,17747,S,ACTIVE,
PA-S-20275,EXUUS BEVERAGE LIMITED,Exuus Beverage,3293 PENNS VALLEY PIKE,CENTRE HALL,PA,16828,S,ACTIVE,
PA-S-20276,RJ FRIES ENTERPRISES LLC,Juan Pistlas,225 S CHURCH ST,WEST CHESTER,PA,19382,S,ACTIVE,
PA-S-20277,FACENDA SPIRITS LLC,FACENDA SPIRITS,24 N MAIN ST UNIT 7,DOYLESTOWN,PA,18901,S,ACTIVE,
PA-S-20281,FAMILY TRADITION DISTILLING LLC,Gettysburg Moonshine Company,271 BALTIMORE ST APT A,GETTYSBURG,PA,17325,S,ACTIVE,
PA-S-20282,"CULTIVATIONS, LLC",,2407 SANS SOUCI PKWY,HANOVER TOWNSHIP,PA,18706,S,ACTIVE,
PA-S-20283,STEPHEN A BURNS,Chairman Distillery,14781 BOYER RD,NEW FREEDOM,PA,17349,S,ACTIVE,
PA-S-20285,"SLUSHED BRANDS, LLC",Blend-Bev,266 E RACE ST,SOMERSET,PA,15501,S,ACTIVE,
PA-S-20286,C H R CORP.,,50 GRUMBACHER RD,YORK,PA,17406,S,ACTIVE,
PA-S-20287,THE V PARTNERS LLC,The V Partners,1200 E HIGH ST,POTTSTOWN,PA,19464,S,ACTIVE,
PA-S-20288,MILLSTONE SPIRITS GROUP LLC,,122 GAMMA DR,O'HARA TOWNSHIP,PA,15238,S,ACTIVE,
PA-S-20289,"BETHEL BREWING AND SPIRITS, INC.",,4285 N DELAWARE DR,MOUNT BETHEL,PA,18343,S,ACTIVE,
PA-S-20290,"SALFORD STATION SPIRITS, LLC",Salford Station Spirits,1135 N GRAVEL PIKE,ZIEGLERVILLE,PA,19492,S,ACTIVE,
PA-S-20291,MATTHEW J. HASSELBACK,Iron Axe Distilling Co.,15578 BENNETTS VALLEY HWY,PENFIELD,PA,15849,S,ACTIVE,
PA-S-20292,"NEW HOP LICENSE, INC.",,885 S PLEASANT AVE,DALLSTOWN,PA,17313,S,ACTIVE,
PA-S-20293,KITE & KEY LIMITED LIABILITY COMPANY,,2722 N HANCOCK ST UNIT 112,PHILADELPHIA,PA,19133,S,ACTIVE,
PA-S-20294,MUNSTEAD HOLLOW FARM LLC,,1143 SKELP LEVEL ROAD,DOWNINGTOWN,PA,19335,S,ACTIVE,
PA-S-20295,ROYAL WINERY LLC,,5790 DEVONSHIRE RD,HARRISBURG,PA,17112,S,ACTIVE,
PA-S-20296,BANTER'S CRAFT BEVERAGES LLC,,140 N 2ND ST UNIT 7,STROUDSBURG,PA,18360,S,ACTIVE,
PA-S-20297,"YARDS BREWING COMPANY, LLC",Yards Brewing Company,500 SPRING GARDEN ST,PHILADELPHIA,PA,19123,S,ACTIVE,
PA-S-20298,ARMENIA MOUNTAIN SPIRITS LLC,ARMENIA MOUNTAIN SPIRITS,177 DOUGLAS RD,TROY,PA,16947,S,ACTIVE,
PA-S-20299,AKGIG LLC,,932 W HAMILTON ST,ALLENTOWN,PA,18101,S,ACTIVE,
PA-S-20300,AKGIG LLC,,27 S 3RD ST STE 102,EASTON,PA,18042,S,ACTIVE,
PA-S-20301,SOUTH SHORE DISTILLING LLC,,59 S 2ND ST,PITTSBURGH,PA,15219,S,ACTIVE,
PA-S-20303,THE FARM DISTILLERY LLC,,121 PARK AVE STE 402,QUAKERTOWN,PA,18951,S,ACTIVE,
PA-S-20304,10207 ZIEGELS CHURCH ROAD LLC,KBR Winery,10207 ZIEGELS CHURCH RD,BREINIGSVILLE,PA,18031,S,ACTIVE,
PA-S-20305,"MILLERS FAMILY SPIRITS, INC.",Outlawz Distillery,419 E HIGH ST STE 3,CARLISLE,PA,17013,S,ACTIVE,
PA-S-20306,HUGHES BROS. DISTILLERS LLC,,300 E GODFREY AVE UNIT BB2,PHILADELPHIA,PA,19120,S,ACTIVE,
PA-S-20307,HOMESTEAD BEER WORKS LTD.,,337341 E 8TH AVE,HOMESTEAD,PA,15120,S,ACTIVE,
PA-S-20309,BALMAGHIE ARTISANAL SPIRITS COMPANY,,100 SENECA ST,OIL CITY,PA,16301,S,ACTIVE,
PA-S-20310,"CUTTER AND CANNON, LLC",Cutter and Cannon,210 CARTER DR BLDG 5B,WEST CHESTER,PA,19382,S,ACTIVE,
PA-S-20311,"WARWICK FARM BREWING, LLC",Warwick Farm Brewing,800 ALMSHOUSE RD,JAMISON,PA,18929,S,ACTIVE,
PA-S-20312,"CHAD OSTROSKY'S FIVE DOGS DISTILLING, LLC",Five Dogs Distilling,1145 BROWNSVILLE RD,PITTSBURGH,PA,15210,S,ACTIVE,
PA-S-20313,"SHANKS EXTRACTS, LLC",,451 RICHARDSON DR,LANCASTER,PA,17603,S,ACTIVE,
PA-S-20314,CAMPANA DISTILLING LLC,,316 ROSE ST STE 1,WILLIAMSPORT,PA,17701,S,ACTIVE,
PA-S-20315,DOMPA LLC,,1454 BALTIMORE ST STE E,HANOVER,PA,17331,S,ACTIVE,
PA-S-20316,CLYDE'S PARK LLC,Middle Creek Moonshiners,2039 MIDDLE CREEK RD,SELINSGROVE,PA,17870,S,ACTIVE,
PA-S-20317,JAKK & DEE SPIRITS CO. LLC,Brunch Bulls Philadelphia,1638 W PASSYUNK AVE,PHILADELPHIA,PA,19145,S,ACTIVE,
PA-S-20318,"FIELD OF SCREAMS SPIRITS, LLC",,191 COLLEGE AVE,MOUNTVILLE,PA,17554,S,ACTIVE,
PA-S-20319,"ORIGINAL DEGENERATE DISTILLING COMPANY, LLC",,437 NORTHAMPTON ST,EASTON,PA,18042,S,ACTIVE,
PA-S-20321,"SPIRITS OF THE SUSQUEHANNA, LLC",Spirits of the Susquehanna,511 MAPLE AVE,MIDDLEBURG,PA,17842,S,ACTIVE,
PA-S-20322,"VEROMARIS, INC.",Veromaris,49 N RAILROAD ST,PALMYRA,PA,17078,S,ACTIVE,
PA-S-20323,"CONSHOHOCKEN BREWING COMPANY, LLC",,3 DEKALB ST STE A-5,BRIDGEPORT,PA,19405,S,ACTIVE,
PA-S-20324,"SECOND STORY SPIRITS, LLC",,3354 PENN AVE,PITTSBURGH,PA,15201,S,ACTIVE,
PA-S-20325,"CULTIVATIONS, LLC",,3500 SCOTTS LN UNIT D03,PHILADELPHIA,PA,19129,S,ACTIVE,
PA-S-20326,LIGHTHOUSE SPIRITS LLC,Lighthouse Spirits,90 PATTISON ST,EVANS CITY,PA,16033,S,ACTIVE,
PA-S-20327,QUANTO BASTA VINO LLC,Burgess & Burgess Distillery,28 E MAIDEN ST,WASHINGTON,PA,15301,S,ACTIVE,
PA-S-20328,MJPG HOLDINGS LLC,Gallagher Distillery,16 SALEM AVE UNIT 2,CARBONDALE,PA,18407,S,ACTIVE,
PA-S-20329,THE DOYLESTOWN INN MANAGEMENT L.L.C.,Hattery Stove & Still,18 W STATE ST,DOYLESTOWN,PA,18901,S,ACTIVE,
PA-S-20330,FRANKLIN STREET DISPENSING CO.,Titusville Distilling,217 S PERRY ST BLDG,TITUSVILLE,PA,16354,S,ACTIVE,
PA-S-20331,FLAMING PUMPKIN DISTILLERY LLC,,589 SAND HILL RD,PEQUEA,PA,17565,S,ACTIVE,
PA-S-20332,"SPOILED BRAT, LLC",,401 PLEASANT VALLEY BLVD,ALTOONA,PA,16602,S,ACTIVE,
PA-S-20333,RATED ROOKIE LLC,H. Obernauer & Co.,5410 HARRISON ST,PITTSBURGH,PA,15201,S,ACTIVE,
PA-S-20334,"PITTSBURGH BREWING COMPANY, LLC",,150 FERRY ST,CREIGHTON,PA,15030,S,ACTIVE,
PA-S-20335,"KYTTLE ENTERPRISES, LLC",Kyttle’s Cocktails,3148 MEMORIAL HWY,DALLAS,PA,18612,S,ACTIVE,
PA-S-20336,"CULTIVATIONS, LLC",Cultivations,3600 NUANGOLA RD UNIT 2,MOUNTAIN TOP,PA,18707,S,ACTIVE,
PA-S-20337,"GOOD FRIDAY BEV, INC.",Good Friday,3500 SCOTTS LN UNIT A12,PHILADELPHIA,PA,19129,S,ACTIVE,
PA-S-20338,"BROKER BREWING COMPANY, LLC",Brothers Kershner Spirits,4119 SKIPPACK PIKE,SKIPPACK,PA,19474,S,ACTIVE,
PA-S-20339,PITTSBURGH SPIRITS LLC,,1274 VOSKAMP ST,PITTSBURGH,PA,15212,S,ACTIVE,
PA-S-20340,"SPENCE'S SPIRITS, LLC",Spence's Spirits,2621 VAN BUREN AVE,LOWER PROVIDENCE,PA,19403,S,ACTIVE,
PA-S-20341,"SAFETYFINN, LLC",Finn Castle Distilled Spirits,7811 STEUBENVILLE PIKE,OAKDALE,PA,15071,S,ACTIVE,
PA-S-20342,HEAVEN ON THE MOUNTAIN DISTILLING COMPANY LLC,,1470 LITTLE MOUNTAIN RD,BETHEL,PA,19507,S,ACTIVE,
PA-S-20343,MARTY MAGEES LLC,,1110 LINCOLN AVE,PROSPECT PARK,PA,19076,S,ACTIVE,
PA-S-20344,ENON VALLEY DISTILLERY LLC,Enon Valley Distillery,1100 ORCHARD RD,ENON VALLEY,PA,16120,S,ACTIVE,
PA-S-20345,LMS RESERVE LLC,Last Man Standing Est. 2025,403 RUSH RUN RD,SYCAMORE,PA,15364,S,ACTIVE,
PA-S-20346,1855 VENTURES LLC,The Golf Loft,250 SQUIRREL DR CONDO 120,STATE COLLEGE,PA,16801,S,ACTIVE,
PA-S-20347,"AGRIHOL, LLC",,206 MANBECK RD,ROBESONIA,PA,19551,S,ACTIVE,
PA-S-20348,IMPRINT MANUFACTURING LLC,,1500 INDUSTRY RD STE R,HATFIELD,PA,19440,S,ACTIVE,
PA-S-44,"CHARLES JACQUIN ET CIE., INC.",,2655 TRENTON AVE,PHILADELPHIA,PA,19125,S,ACTIVE,
RI-S-20002,"SIMOES IMPORTS, LLC",Ocean State Distillery,565 N MAIN ST,WOONSOCKET,RI,02895,S,ACTIVE,
RI-S-20005,"RHODE ISLAND SPIRITS, LLC",,39-40 BAYLEY ST,PAWTUCKET,RI,02860,S,ACTIVE,
RI-S-20006,"BOONE LAKE SPIRITS, LLC",Aventyr Spirits Company,1485 S COUNTY TRL UNIT 303,EAST GREENWICH,RI,02818,S,ACTIVE,
RI-S-20009,LATITUDE BEVERAGE COMPANY,Ferris Spirits,275 FERRIS AVE STE B,RUMFORD,RI,02916,S,ACTIVE,
RI-S-20011,"O'BRIEN & BROUGH, LLC","O'Brien & Brough, LLC",500 WOOD ST UNIT 112,BRISTOL,RI,02809,S,ACTIVE,
RI-S-20012,"ISLE BREWERS GUILD, LLC",,461 MAIN ST,PAWTUCKET,RI,02860,S,ACTIVE,
RI-S-20013,"PEAK ORGANIC BREWING COMPANY, LLC","Peak Organic Brewing Co., LLC",461 MAIN ST,PAWTUCKET,RI,02860,S,ACTIVE,
RI-S-20015,"RM2 CONSULTING, INC.",,275 FERRIS AVE STE B,RUMFORD,RI,02916,S,ACTIVE,
RI-S-20016,PALATE PACK LIQUOR LLC,Palate Pack Liquor,50 INDUSTRIAL CIR UNIT 2,LINCOLN,RI,02865,S,ACTIVE,
RI-S-20017,PARACHUTE WINE AND SPIRITS LLC,Ferris Ave Spirits,275 FERRIS AVE STE B,RUMFORD,RI,02916,S,ACTIVE,
RI-S-20019,"DARK OUTPOST DISTILLING, INC",Dark Outpost Distilling,5 CARPENTER ST STE 202,PAWTUCKET,RI,02860,S,ACTIVE,
RI-S-20020,MATERIAL SPIRITS LLC,,252 C HARRISVILLE MAIN ST,BURRILLVILLE,RI,02830,S,ACTIVE,
RI-S-20022,"MAJI SYSTEMS, INC",,275 FERRIS AVE STE B,RUMFORD,RI,02916,S,ACTIVE,
SC-S-15003,TIGER JUICE LLC,,1438 CEDAR CREEK RD,HARTSVILLE,SC,29550,S,ACTIVE,
SC-S-15005,"SOUTHERN ESTATES INVESTMENTS , LLC",PALMETTO DISTILLERY,200 W BENSON ST,ANDERSON,SC,29624,S,ACTIVE,
SC-S-20001,JOHN F. CONNELLY,Copperhead Mountain Distillery,14 S MAIN ST,TRAVELERS REST,SC,29690,S,ACTIVE,
SC-S-20004,"CAROLINA MOON DISTILLERY, LLC",Carolina Moon Distillery,116 COURT HOUSE SQ,EDGEFIELD,SC,29824,S,ACTIVE,
SC-S-20008,YESTERNIGHT DISTILLERY LLC,,4884 I SUNSET BLVD,LEXINGTON,SC,29072,S,ACTIVE,
SC-S-20009,DARK WATER DISTILLERY LLC,,923 BROAD ST,CAMDEN,SC,29020,S,ACTIVE,
SC-S-20011,MOTTE AND SONS BOOTLEGGING CO LLC,,220 E DANIEL MORGAN AVE,SPARTANBURG,SC,29302,S,ACTIVE,
SC-S-20012,"CHARLESTON DISTILLERS, LLC",Holy City Spirits And Distilling Co,474 DEANNA LN STE B,CHARLESTON,SC,29492,S,ACTIVE,
SC-S-20014,SALUTE! LLC,,800 OLD JONES RD,GREER,SC,29651,S,ACTIVE,
SC-S-20020,"GRANDMA'S HANDS GRANDPA'S POCKETS, LLC",,330 MAIN ST,REIDVILLE,SC,29375,S,ACTIVE,
SC-S-20021,"JAKAL DISTILLERY, LLC",,106 FABRISTER LN STE C,LEXINGTON,SC,29072,S,ACTIVE,
SC-S-20022,"CANNON COLLECTIVE, LLC",Cannon Distillery,1750 SIGNAL POINT RD BLDG 9D,CHARLESTON,SC,29412,S,ACTIVE,
SC-S-20023,"RATIONAL SPIRITS, LLC",Rational Spirits,3138 INDUSTRY DR,NORTH CHARLESTON,SC,29418,S,ACTIVE,
SC-S-20028,MOUNTAIN CREEK DISTILLERY LLC,,103 CRIBBS WAY,EASLEY,SC,29640,S,ACTIVE,
SC-S-20030,HEREFORD HILLS RANCH INC.,Pea Ridge Distillery,1141 PINELAND DR,UNION,SC,29379,S,ACTIVE,
SC-S-20031,MICHAEL SKINNER AND PAUL SKINNER,Jasper County Distillery,857 JAMES L TAYLOR RD UNIT D,RIDGELAND,SC,29936,S,ACTIVE,
SC-S-20033,"SOUTHERN ESSENCE DISTILLING, LLC",,904 A FRINK ST,CAYCE,SC,29033,S,ACTIVE,
SC-S-20034,KENTUCKY MIST DISTILLERY MYRTLE BEACH LLC,,1315 CELEBRITY CIR UNIT 109,MYRTLE BEACH,SC,29577,S,ACTIVE,
SC-S-20035,KENTUCKY MIST DISTILLERY NORTH BEACH LLC,,4728 D HIGHWAY 17 S UNIT 87,NORTH MYRTLE BEACH,SC,29582,S,ACTIVE,
SC-S-20040,"RMRH ENTERPRISES, LLC",PROOF Alcohol Ice Cream,151 POWELL RD STE BA115A,COLUMBIA,SC,29203,S,ACTIVE,
SC-S-20042,RLB DISTILLERY COMPANY INC.,Rotten Little Bastard Distillilng,2139 BOUNDARY ST STE 101,BEAUFORT,SC,29902,S,ACTIVE,
SC-S-20043,SEA ISLAND LIQUEURS LLC,,1848 RIBAUT RD,PORT ROYAL,SC,29935,S,ACTIVE,
SC-S-20045,BACKYARD DISTILLERY LLC,Backyard Distillery,3006 BROWN RD,MANNING,SC,29102,S,ACTIVE,
SC-S-20046,"BLACK RIVER DISTILLERY, INC.",,1700 BLACKSTREET RD,PAMPLICO,SC,29583,S,ACTIVE,
SC-S-20048,"SHMALCOHOL, LLC","Shmalcohol, LLC",3354 HILL PARK DR,NORTH CHARLESTON,SC,29418,S,ACTIVE,
SC-S-20050,NEVER FORGET BRANDS LLC,Gameday Spirits,4100 CAROLINA COMMERCE PKWY STE 103-C,NORTH CHARLESTON,SC,29456,S,ACTIVE,
SC-S-20051,COASTAL PURE BEVERAGES LLC,Coastal Pure Beverages,4100 CAROLINA COMMERCE PKWY STE 102 & 103,NORTH CHARLESTON,SC,29456,S,ACTIVE,
SC-S-20053,SWEET GRASS VODKA LLC,,1640 MEETING ST STE 107,CHARLESTON,SC,29405,S,ACTIVE,
SC-S-20054,MARK ANTHONY BREWING INC.,,3160 SHOP RD,COLUMBIA,SC,29209,S,ACTIVE,
SC-S-20055,E. & J. GALLO WINERY,,2386 CATAWBA RIVER RD,FT. LAWN,SC,29714,S,ACTIVE,
SC-S-20058,"BARKER-HATCHFIELDS, LLC",High Octane Distillery,2574 SANDIFER BLVD BLDG,WESTMINSTER,SC,29693,S,ACTIVE,
SC-S-20059,BOGMAYER LTD. CO.,Rusty Bull Brewing Co.,3005 W MONTAGUE AVE STE 110,NORTH CHARLESTON,SC,29418,S,ACTIVE,
SC-S-20060,"NEW SOUTH SPIRITS, LLC",,1 AUGUSTA ST STE 102,GREENVILLE,SC,29601,S,ACTIVE,
SC-S-20063,ARCAS CONCEPTS LLC,,1930 HANAHAN RD UNIT 1300-B,NORTH CHARLESTON,SC,29406,S,ACTIVE,
SC-S-20064,BRINSON SPIRITS LLC,Brinson Spirits,210 E CHEROKEE ST,BLACKSBURG,SC,29702,S,ACTIVE,
SC-S-20065,HOLY CITY BREWING LLC,,1021 ARAGON AVE,NORTH CHARLESTON,SC,29405,S,ACTIVE,
SC-S-20066,SIPSTREAM DISTILLING COMPANY LLC,Sipstream Distilling Company,100 N CHERRY ST,SENECA,SC,29678,S,ACTIVE,
SC-S-20067,"OLE SMOKY DISTILLERY, LLC",Ole Smoky Distillery,1216 CELEBRITY CIR,MYRTLE BEACH,SC,29577,S,ACTIVE,
SC-S-20068,OLIN P WIGGINS JR,Clover Ridge Distillery,276 CROSS RD,CLOVER,SC,29710,S,ACTIVE,
SD-S-15001,"STILL 173, LLC",,31303 464TH AVE,VERMILLION,SD,57069,S,ACTIVE,
SD-S-20004,CONTRABAND LLC,,801 DEADWOOD AVE,RAPID CITY,SD,57702,S,ACTIVE,
SD-S-20007,"BUCKET SHOP DISTILLERY, LLC",,2916 4TH AVE,SPEARFISH,SD,57783,S,ACTIVE,
SD-S-20008,"DEADWOOD DISTILLERY, LLC",,643 MAIN ST,DEADWOOD,SD,57732,S,ACTIVE,
SD-S-20011,"BLACKFORK SPIRITS, LLC",BlackFork Farms,47988 185TH ST,BRANDT,SD,57218,S,ACTIVE,
SD-S-20012,"FULL THROTTLE SLOON SHINE, LLC",,19950 HIGHWAY 79,VALE,SD,57788,S,ACTIVE,
SD-S-20013,GLACIAL LAKES DISTILLERY AND BREWHOUSE LLC,,200 S MAIN AVE,SIOUX FALLS,SD,57104,S,ACTIVE,
SD-S-20015,"BLACKFORK SPIRITS, LLC",BlackFork Farms,644 MAIN ST,DEADWOOD,SD,57732,S,ACTIVE,
SD-S-20018,"FERNSON BREWING COMPANY, LLC",Fernson Distilling Co.,1400 E ROBUR DR,SIOUX FALLS,SD,57104,S,ACTIVE,
SD-S-20020,BONESTEEL DISTILLERY LLC,Bonesteel Distillery,319 MELLETTE ST,BONESTEEL,SD,53717,S,ACTIVE,
SD-S-20021,"FERNSON TAPHOUSE, LLC",Fernson Distilling Co.,332 S PHILLIPS AVE,SIOUX FALLS,SD,57104,S,ACTIVE,
SD-S-20022,"CHEMISTRY DISTILLING, LLC",,1118 W MAIN ST STE 2,RAPID CITY,SD,57701,S,ACTIVE,
SD-S-20023,"BLACKFORK SPIRITS, LLC",BlackFork Farms,318 N REID PL,SIOUX FALLS,SD,57103,S,ACTIVE,
SD-S-20024,"JACKSON WINERY AND VINEYARDS, L.L.C.",Wise Cat,3951 VANOCKER CANYON RD,STURGIS,SD,57785,S,ACTIVE,
TN-S-10,BROWN-FORMAN CORPORATION,"JACK DANIEL DISTILLERY, LEM MOTLOW PROPRIETOR",280 LYNCHBURG HWY,LYNCHBURG,TN,37352,S,ACTIVE,
TN-S-15000,"CHISM HARDY ENTERPRISES, LLC",HARDY BOTTLING COMPANY,5151 E RAINES RD,MEMPHIS,TN,38118,S,ACTIVE,
TN-S-15003,"DIAGEO AMERICAS SUPPLY, INC.",CASCADE HOLLOW DISTILLING CO.,1950 CASCADE HOLLOW RD,TULLAHOMA,TN,37388,S,ACTIVE,
TN-S-15005,CORSAIR ARTISAN LLC,,1200 CLINTON ST STE 110,NASHVILLE,TN,37203,S,ACTIVE,
TN-S-15008,"BLUES CITY BREWERY, LLC",,5151 E RAINES RD,MEMPHIS,TN,38118,S,ACTIVE,
TN-S-15010,"SPEAKEASY SPIRITS, LLC",PENNINGTON DISTILLING COMPANY,900 44TH AVE N SUITE 100,NASHVILLE,TN,37209,S,ACTIVE,
TN-S-15013,"TNSH, LLC",Tennessee Stillhouse,890 RIVERFRONT PARKWAY,CHATTANOOGA,TN,37403,S,ACTIVE,
TN-S-20006,BEECHTREE DISTILLERY LLC,,3628 TROUSDALE DR STE B,NASHVILLE,TN,37204,S,ACTIVE,
TN-S-20008,"SUGARLANDS DISTILLING COMPANY, LLC",Sugarlands Distilling Company,805 PARKWAY,GATLINBURG,TN,37738,S,ACTIVE,
TN-S-20009,"FULL THROTTLE SLOON SHINE, LLC",,45 GIN ST,TRIMBLE,TN,38259,S,ACTIVE,
TN-S-20011,"OLE SMOKY DISTILLERY, LLC",Ole Smoky Distillery,131 THE ISLAND DRIVE,PIGEON FORGE,TN,37863,S,ACTIVE,
TN-S-20014,"DUCK RIVER DISTILLERY, INC.",,1410 POWELL LN,LEWISBURG,TN,37091,S,ACTIVE,
TN-S-20019,NATURAL INFUSIONS LLC,Natural Infusions,4295 CROMWELL RD STE 517,CHATTANOOGA,TN,37421,S,ACTIVE,
TN-S-20025,ARVIS M KEYS,Cocke County Distillery,337 OLD KNOXVILLE HWY,NEWPORT,TN,37821,S,ACTIVE,
TN-S-20028,"TNSH, LLC",The Tennessee Stillhouse Company,1439 MARKET ST,CHATTANOOGA,TN,37402,S,ACTIVE,
TN-S-20029,"KNOX WHISKEY WORKS, LLC",Knox Whiskey Works,516 W JACKSON AVE,KNOXVILLE,TN,37902,S,ACTIVE,
TN-S-20034,"OLE SMOKY DISTILLERY, LLC",Ole Smoky Distillery,650 PARKWAY,GATLINBURG,TN,37738,S,ACTIVE,
TN-S-20036,"GREAT SMOKY MTS DISTILLERY, INC.",,3584 PARKWAY,PIGEON FORGE,TN,37863,S,ACTIVE,
TN-S-20038,"TRIPLE SSS VENTURES OF PIGEON FORGE, LLC",Smith Creek Distillery,1645 PARKWAY STE 1090,SEVIERVILLE,TN,37862,S,ACTIVE,
TN-S-20042,"SAZERAC OF TENNESSEE, LLC",,4000 CENTRE POINTE DR,LAVERGNE,TN,37086,S,ACTIVE,
TN-S-20043,BRUSHY MOUNTAIN DISTILLERY LLC,,9182 HWY 116,PETROS,TN,37845,S,ACTIVE,
TN-S-20044,TRIPLE SSS VENTURES OF NASHVILLE LLC,,433 OPRY MILLS DR STE 741,NASHVILLE,TN,37214,S,ACTIVE,
TN-S-20045,"XXX DISTILLERY, LLC",Tennessee XXX Moonshine,3435 TEASTER LN,PIGEON FORGE,TN,37863,S,ACTIVE,
TN-S-20047,"POST MODERN DISTILLING, LLC",,205 W JACKSON AVE STE 205,KNOXVILLE,TN,37902,S,ACTIVE,
TN-S-20048,"STAR MOUNTAIN MOON, LLC",Hillborn Crafted Spirits,610 TENNESSEE AVE,ETOWAH,TN,37331,S,ACTIVE,
TN-S-20049,"SECRET CITY SPIRITS, INC.",,501 CARDIFF VALLEY RD,ROCKWOOD,TN,37854,S,ACTIVE,
TN-S-20053,"ELK RIVER DISTILLERY, LLC",,192 MCBURG DELROSE RD,FRANKEWING,TN,38459,S,ACTIVE,
TN-S-20054,"KEEPER'S QUEST, INC.",QUEST BRANDS,4295 CROMWELL RD STE 700,CHATTANOOGA,TN,37421,S,ACTIVE,
TN-S-20059,"BLACK DOG ENTERPRISES, LLC",Black Dog Distilling,990 TOWER RD,TAZEWELL,TN,37879,S,ACTIVE,
TN-S-20060,"BRANCHWATER DISTILLERY, LLC",,115 2ND AVE NW,WINCHESTER,TN,37398,S,ACTIVE,
TN-S-20062,"EDWIN AND SONS BEVERAGE, LLC",Edwin + Sons Cocktail Co.,302 W JACKSON AVE UNIT 4,KNOXVILLE,TN,37902,S,ACTIVE,
TN-S-20068,"OLE SMOKY DISTILLERY, LLC",Ole Smoky Distillery,416 7TH AVE S,NASHVILLE,TN,37203,S,ACTIVE,
TN-S-20069,"WHEELER'S RAID DISTILLERY, LLC",Wheeler's Raid,2007 JOHNSON INDUSTRIAL BLVD BLDG C,NOLENSVILLE,TN,37135,S,ACTIVE,
TN-S-20070,RIDGECROFT DISTILLERY LLC,Gate Eleven Distillery,1400 MARKET ST STE 108,CHATTANOOGA,TN,37402,S,ACTIVE,
TN-S-20071,"KING DISTILLING CO., LLC",,3275 NEWPORT HWY UNIT 6,SEVIERVILLE,TN,37876,S,ACTIVE,
TN-S-20074,"OLE SMOKY DISTILLERY, LLC",Ole Smoky Distillery,100 TEVET WAY,NEWPORT,TN,37821,S,ACTIVE,
TN-S-20077,"JUNCTION 35, LLC",Junction 35,2655 TEASTER LN STE 280,PIGEON FORGE,TN,37863,S,ACTIVE,
TN-S-20080,JOELLE SZABO,Joelle Szabo,1018 4TH AVE S,NASHVILLE,TN,37210,S,ACTIVE,
TN-S-20081,"B&I ENTERPRISES, LLC",Starr Mountain Distilling Company,610 TENNESSEE AVE,ETOWAH,TN,37331,S,ACTIVE,
TN-S-20083,"FOUR BLUE PALMS, LLC",Standard Proof Whiskey Co.,219 5TH AVE N,NASHVILLE,TN,37219,S,ACTIVE,
TN-S-20086,CRYSTAL FALLS SPIRITS GP,Tennessee Legend,1310 CLINTON ST STE 115,NASHVILLE,TN,37203,S,ACTIVE,
TN-S-20087,CRYSTAL FALLS SPIRITS GP,Tennessee Legend,2874 NEWPORT HWY,SEVIERVILLE,TN,37876,S,ACTIVE,
TN-S-20090,DAM WHISKEY CORPORATION,Dam Whiskey Corporation,1265 HALES BAR RD BLDG D,GUILD,TN,37340,S,ACTIVE,
TN-S-20092,"XXX DISTILLERY, LLC",Tennessee Shine Company,1424 WINFIELD DUNN PKWY,SEVIERVILLE,TN,37876,S,ACTIVE,
TN-S-20095,TRIPLE J,,2326 DALLAS POINT RD,SODDY-DAISY,TN,37379,S,ACTIVE,
TN-S-20096,"NASHVILLE BARREL COMPANY, LLC",Nashville Barrel Company,809 HEATHCOTE AVE,NASHVILLE,TN,37210,S,ACTIVE,
TN-S-20100,TENN SOUTH DISTILLERY LLC,Big Machine Distillery,122 3RD AVE S,NASHVILLE,TN,37201,S,ACTIVE,
TN-S-20101,"SPIRITS OF THE SMOKIES, LLC.",Southern Still,3032 TEASTER LN STE 200,PIGEON FORGE,TN,37863,S,ACTIVE,
TN-S-20102,"HOP SPRINGS DISTILLERY, LLC",Hop Springs Distillery,6790 JOHN BRAGG HWY,MURFREESBORO,TN,37127,S,ACTIVE,
TN-S-20103,"KICKIN’IT COOLERS DISTILLERY, LLC",Kickin’It Coolers Distillery,140 RISING LAKE CIR,BURNS,TN,37029,S,ACTIVE,
TN-S-20104,"MOSSBACK DISTILLERY, LLC",,115 W OLD ANDREW JOHNSON HWY,JEFFERSON CITY,TN,37760,S,ACTIVE,
TN-S-20108,"XXX DISTILLERY, LLC",Tennessee Shine Company,519 PARKWAY,GATLINBURG,TN,37738,S,ACTIVE,
TN-S-20109,"HOOCH HOLLOW DISTILLERY, LLC",,160 JETTY WAY,BYBEE,TN,37713,S,ACTIVE,
TN-S-20110,CORSAIR ARTISAN LLC,Corsair Distillery,1016 TRINITY RD,ASHLAND CITY,TN,37015,S,ACTIVE,
TN-S-20111,"KING CITY MOUNTAIN MEDICINE, LLC",King City Distillery,215 COMMERCE ST STE 100,KINGSPORT,TN,37660,S,ACTIVE,
TN-S-20112,"FLYING PANDA SPECIALTY BEVERAGE COMPANY, LLC",Flying Panda Specialty Beverage Co.,3796 AIRPORT RD,ROCKWOOD,TN,37854,S,ACTIVE,
TN-S-20116,"PEG LEG PORKER SPIRITS, LLC",Teal Hollow Distillery,2700 EUGENIA AVE,NASHVILLE,TN,37211,S,ACTIVE,
TN-S-20117,SMOKEY MOUNTAIN DISTILLING COMPANY,HOT ROD DISTILLERY,3033 REGAL DR,ALCOA,TN,37701,S,ACTIVE,
TN-S-20119,TENNESSEE DISTILLING GROUP LLC,Tennessee Distilling,209 SMOKEY HOLLOW DR,CENTERVILLE,TN,37033,S,ACTIVE,
TN-S-20120,TENNESSEE VALLEY WINE CORPORATION,Tennessee Valley Shine,15606 HOTCHKISS VALLEY RD E,LOUDON,TN,37774,S,ACTIVE,
TN-S-20121,"THRIVE HOLDINGS, LLC",Southern Collective Spirit Co.,817 AND 819 2ND AVENUE SOUTH,NASHVILLE,TN,37210,S,ACTIVE,
TN-S-20123,"COAL’D WATER DISTILLING COMPANY, LLC",,3169 OLD HIGHWAY 411,DANDRIDGE,TN,37725,S,ACTIVE,
TN-S-20124,"BOTTLERS COMPANY INTERNATIONAL, LLC",,1287 MT. VIEW INDUSTRIAL DR,MORRISON,TN,37357,S,ACTIVE,
TN-S-20125,NEMESIS SPIRITS CORP,,1106 MCCALLIE AVE STE 102,CHATTANOOGA,TN,37404,S,ACTIVE,
TN-S-20132,"TRI STAR SPIRITS, LLC",Company Distilling,8351 TN-73,TOWNSEND,TN,37882,S,ACTIVE,
TN-S-20133,"1854, LLC",Radford Gatlin,723 OLD RIDGE RD,GATLINBURG,TN,37738,S,ACTIVE,
TN-S-20134,"MLD GROUP, LLC",Flight Spirits,118 MIDTOWN CT STE F,HENDERSONVILLE,TN,37075,S,ACTIVE,
TN-S-20135,J.H.COR INC.,J.H.Cor,502 S MANEY AVE UNIT B,MURFREESBORO,TN,37130,S,ACTIVE,
TN-S-20137,"TENNESSEE HILLS DISTILLERY, LLC",Tennessee Hills Distillery,1328 HIGHWAY 11 W,BRISTOL,TN,37620,S,ACTIVE,
TN-S-20139,"RMRH ENTERPRISES, LLC",Moonshine Depot,153 E WEARS VALLEY RD STE 10,PIGEON FORGE,TN,37863,S,ACTIVE,
TN-S-20141,COPPER BASIN ENTERPRISES LLC,,307 MAIN ST,DUCKTOWN,TN,37326,S,ACTIVE,
TN-S-20142,RUFUS MARYE INCORPORATED,,1804 E MAIN ST STE E,CHATTANOOGA,TN,37404,S,ACTIVE,
TN-S-20143,"PIEDMONT DISTILLERS, INC.",,2203 GOLDRUSH RD,PIGEON FORGE,TN,37863,S,ACTIVE,
TN-S-20144,PROPER SAKE LLC,Proper Sake Co.,3109 AMBROSE AVE,NASHVILLE,TN,37207,S,ACTIVE,
TN-S-20146,STARS AND BARS BREWING COMPANY LLC,The Star Spangled Brewing Co.,614 N SPRING ST BLDG,CLARKSVILLE,TN,37040,S,ACTIVE,
TN-S-20147,"NASHVILLE DISTILLERY, INC",,4105 WHITES CREEK PIKE,WHITES CREEK,TN,37189,S,ACTIVE,
TN-S-20148,"XXX DISTILLERY, LLC",Tennessee Shine Company,326 OPRY MILLS DR,NASHVILLE,TN,37214,S,ACTIVE,
TN-S-20149,"DV SPIRITS, LLC",,1287 MT. VIEW INDUSTRIAL DR,MORRISON,TN,37357,S,ACTIVE,
TN-S-20150,"NEAREST GREEN DISTILLERY, INC.",Nearest Green Distillery,1929 RIDGECREST DR,COLUMBIA,TN,38401,S,ACTIVE,
TN-S-20151,"BROTHER'S BOND DISTILLING COMPANY, LLC",,1929 RIDGECREST DR,COLUMBIA,TN,38401,S,ACTIVE,
TN-S-20152,JUICE HOUSE LLC,Juice House,1929 RIDGECREST DR,COLUMBIA,TN,38401,S,ACTIVE,
TN-S-20153,"HDS DISTILLING CO., LLC",Heavens Door Spirits,1929 RIDGECREST DR,COLUMBIA,TN,38401,S,ACTIVE,
TN-S-20154,WES BRANDS LLC,,1929 RIDGECREST DR,COLUMBIA,TN,38401,S,ACTIVE,
TN-S-20155,"PHENOMENAL SPIRITS, INC.",,1929 RIDGECREST DR,COLUMBIA,TN,38401,S,ACTIVE,
TN-S-20156,"TRI STAR SPIRITS, LLC",Company Distilling,34 HILES ST,LYNCHBURG,TN,37352,S,ACTIVE,
TN-S-20157,"HEALTHVERVE FOOD MANUFACTURING USA, INC.",,701 N CHURCH ST,LIVINGSTON,TN,38570,S,ACTIVE,
TN-S-20159,TROY GIBSON,,1447 OAK LEAF DR,COLUMBIA,TN,38401,S,ACTIVE,
TN-S-20160,"DSE, INC.",,1442 HIGHWAY 96,BURNS,TN,37029,S,ACTIVE,
TN-S-20162,ROOF DOG BEVERAGES LLC,The Nations Brewing Co.,800 44TH AVE N,NASHVILLE,TN,37209,S,ACTIVE,
TN-S-20164,CLINCH RIVER RUM COMPANY LLC,,327 WAREHOUSE RD STE 102,OAK RIDGE,TN,37830,S,ACTIVE,
TN-S-20165,MUDDY POND DISTILLERY LLC,Muddy Pond Distillery,3780 MUDDY POND RD,MONTEREY,TN,38574,S,ACTIVE,
TN-S-20166,"SUGAR HOLLOW DISTILLERY, LLC",Sugar Hollow Distillery,5630 US-321,BUTLER,TN,37640,S,ACTIVE,
TN-S-20167,DU NORD CRAFT SPIRITS LLC,Du Nord Social Spirits,451 ALFRED THUN RD,CLARKSVILLE,TN,37040,S,ACTIVE,
TN-S-20169,AMERICAN MOONSHINE LLC,Roaring River Distillery,107 E COURT SQ STE B,LIVINGSTON,TN,38570,S,ACTIVE,
TN-S-20170,VICKI PRESSON,Homestead Distilling Company,1595 PIGEON RIDGE RD,CROSSVILLE,TN,38555,S,ACTIVE,
TN-S-20171,REDNECK SPIRITS GROUP LLC,Redneck Riviera Whiskey Co.,1929 RIDGECREST DR,COLUMBIA,TN,38401,S,ACTIVE,
TN-S-20172,"BELLE MEADE SPIRITS, LLC",Belle Meade Spirits,1929 RIDGECREST DR,COLUMBIA,TN,38401,S,ACTIVE,
TN-S-20173,"LAW FARM DISTILLERY, LLC","Law Farm Distillery, L.L.C.",509 ASHE CABIN HOLLOW RD,HARRIMAN,TN,37748,S,ACTIVE,
TN-S-20174,JUICE HOUSE LLC,Alan Jackson’s Silverbelly Distillery & Museum,121 3RD AVE S,NASHVILLE,TN,37201,S,ACTIVE,
TN-S-20175,"QUEEN SHINE GIRL, LLC",Shine Girl,2829 VETERANS BLVD,PIGEON FORGE,TN,37863,S,ACTIVE,
TN-S-20176,DAM WHISKEY CORPORATION,,6720 HIXSON PIKE,HIXSON,TN,37343,S,ACTIVE,
TX-S-1,"FIFTH GENERATION, INC.",,12101 MOORE RD,AUSTIN,TX,78719,S,ACTIVE,
TX-S-15001,"ARCTIC SPIRITS, INC.",,5004 BEE CREEK RD STE. 320,SPICEWOOD,TX,78669,S,ACTIVE,
TX-S-15005,"RAILEAN DISTILLERS & IMPORTERS, LLC",RAILEAN DISTILLERS,341 5TH ST,SAN LEON,TX,77539,S,ACTIVE,
TX-S-15006,"LONE STAR DISTILLERY, LLC",GARRISON BROTHERS DISTILLERY,1827 HYE ALBERT RD,HYE,TX,78635,S,ACTIVE,
TX-S-15012,"BUZZBALLZ, LLC",SOUTHERN CHAMPION,2110 & 2114 MCDANIEL DR,CARROLLTON,TX,75006,S,ACTIVE,
TX-S-15016,"REBECCA CREEK DISTILLERY, LLC","Rebecca Creek Distillery, LLC",26605 BULVERDE RD,SAN ANTONIO,TX,78260,S,ACTIVE,
TX-S-15019,"LIMITED SPIRITS, LLC",,1207 KENNEY ST,BROOKSHIRE,TX,77423,S,ACTIVE,
TX-S-15020,"AZAR DISTILLING, LLC",Azar Family Brands,8501 COVER RD,SAN ANTONIO,TX,78263,S,ACTIVE,
TX-S-15021,JELATINI LLC,,1590 E HIGHWAY 121 BUSINESS S,LEWISVILLE,TX,75056,S,ACTIVE,
TX-S-15022,BONE SPIRITS LLC,Bone Spirits,802 NE 1ST ST,SMITHVILLE,TX,78957,S,ACTIVE,
TX-S-15024,"YELLOW ROSE DISTILLING, LLC",,5610 CLINTON DR BLDG B,HOUSTON,TX,77020,S,ACTIVE,
TX-S-15027,TODDY INC.,TODDY DISTILLERY,20120 FRANZ RD,KATY,TX,77449,S,ACTIVE,
TX-S-15028,"SPINK DISTILLING, LLC",SPINK DISTILLING,402 AUSTIN ST,SAN ANTONIO,TX,78215,S,ACTIVE,
TX-S-15030,REFRESCO BEVERAGES US INC.,,15200 TRINITY BLVD,FORT WORTH,TX,76155,S,ACTIVE,
TX-S-15033,"JEM BEVERAGE COMPANY, LLC",Western Son Distillery,217 W DIVISION ST,PILOT POINT,TX,76258,S,ACTIVE,
TX-S-15038,"UNCLE BILLY'S, LP, UBGP, LLC GENERAL PARTNER",Uncle Billy's Spirits,16776 FITZHUGH RD UNIT B,DRIPPING SPRINGS,TX,78620,S,ACTIVE,
TX-S-20001,BARMAC LLC,BarMac,8916 WESLEY ST STE B,GREENVILLE,TX,75402,S,ACTIVE,
TX-S-20002,"POWDERFINGER SPIRITS, LLC",,4568 DACY LN #2,BUDA,TX,78610,S,ACTIVE,
TX-S-20003,"HIDEOUS, L.C.",,5276 BARTH RD,LOCKHART,TX,78644,S,ACTIVE,
TX-S-20005,DALLAS DISTILLERIES INCORPORATED,,803 SHEPHERD DR,GARLAND,TX,75042,S,ACTIVE,
TX-S-20008,"WHITMEYER'S DISTILLING CO., LLC",,16721 HOLLISTER ST STE G,HOUSTON,TX,77066,S,ACTIVE,
TX-S-20012,"SWIFT DISTILLERY, LLC",,1280 ELDER HILL RD,DRIFTWOOD,TX,78620,S,ACTIVE,
TX-S-20013,"KIEPERSOL ENTERPRISES, INC.",,21556 MERLOT LN,TYLER,TX,75703,S,ACTIVE,
TX-S-20016,"FRANKIE LEE FINDLAY, JR.",Brushy Creek Distilling,3578 ROCKIN J RD STE B,ROUND ROCK,TX,78665,S,ACTIVE,
TX-S-20017,FRUITIKI INCORPORATED,,2211 TEXAS AVE,EL PASO,TX,79901,S,ACTIVE,
TX-S-20018,NATHAN BARKMAN,Rio Brazos Distillery,11405 N DOWLING RD UNIT H & D,COLLEGE STATION,TX,77845,S,ACTIVE,
TX-S-20019,DRY CREEK DISTILLERY LLC,,10106 FM 3090,ANDERSON,TX,77830,S,ACTIVE,
TX-S-20021,"CRYSTAL CREEK MOONSHINE, LLC",,906 S PACE BEND RD STE 100,SPICEWOOD,TX,78669,S,ACTIVE,
TX-S-20022,"LUNAR DISTILLATION, LLC",,417 W 2ND ST,TAYLOR,TX,76574,S,ACTIVE,
TX-S-20023,"TOP SHELF INDUSTRIES OPERATING, LTD.",Copper Ranch,907 E SERVICE RD,TULIA,TX,79088,S,ACTIVE,
TX-S-20027,JBM SPECIALTIES LLC,"Whiskey Hollow,  Texas Legacy Distillery",302 W OBUCH ST,VALLEY VIEW,TX,76272,S,ACTIVE,
TX-S-20030,HILL COUNTRY SPIRITS LLC,Hill Country Distillers,3600 FREDERICKSBURG RD BLDG 3,KERRVILLE,TX,78028,S,ACTIVE,
TX-S-20031,"BLACKEYED DISTILLING COMPANY, LLC",Samantha Springs Distillery,820 N MAIN ST,KELLER,TX,76248,S,ACTIVE,
TX-S-20032,"REMINGTON FAMILY DISTILLERS, INC.",,816 S SHERMAN ST,RICHARDSON,TX,75081,S,ACTIVE,
TX-S-20033,"M. WELLS DISTILLING, LLC",,1092 STATE HWY 21 WEST STE 1100-1101,CEDAR CREEK,TX,78612,S,ACTIVE,
TX-S-20034,DEEP ELLUM DISTILLERY LLC,Deep Ellum Spirits,2817 & 2825 CANTON STREET,DALLAS,TX,75226,S,ACTIVE,
TX-S-20036,"THE DISTILLERY AT SPRING LAKE RANCH, LLC",,11455 OLD OMEN RD,TYLER,TX,75707,S,ACTIVE,
TX-S-20038,"KOOPER DISTILLING, LLC",Koopers Whiskey,100 WEST US 290,LEDBETTER,TX,78946,S,ACTIVE,
TX-S-20047,SPIRITS DISTILLING COMPANY LLC,,9850 DRYSDALE LN,HOUSTON,TX,77041,S,ACTIVE,
TX-S-20048,GRATEFUL DANE DISTILLING COMPANY LLC,,5250 GULFTON ST UNIT 1H,HOUSTON,TX,77081,S,ACTIVE,
TX-S-20049,JERRY DELL COLLINS,Dixie Wine Company,"47549 US HWY 69, N",BULLARD,TX,75757,S,ACTIVE,
TX-S-20053,"REK HILL DISTILLERY, LLC",Rek Hill Distillery LLC,2737 E STATE HWY 159 HWY BLDG,FAYETTEVILLE,TX,78940,S,ACTIVE,
TX-S-20054,"M'S AFTER DARK, LLC",,255 US HWY 180E,SEMINOLE,TX,79360,S,ACTIVE,
TX-S-20055,"TEXAS STREET-ISH HOLDINGS, LLC",8th Wonder Distillery,2201 DALLAS ST,HOUSTON,TX,77003,S,ACTIVE,
TX-S-20056,BLYTHE SPIRITS LLC,Stinson Distilling,1255 E STATE HIGHWAY 29,LLANO,TX,78643,S,ACTIVE,
TX-S-20061,"HEAVEN HILL DISTILLERIES, INC.",,2250 290 HWY E,DRIPPING SPRINGS,TX,78620,S,ACTIVE,
TX-S-20062,"BLANCO VALLEY DISTILLERS, LLC",Andalusia Whiskey Co.,6462 N US HWY 281,BLANCO,TX,78606,S,ACTIVE,
TX-S-20063,"CRAVEY DISTILLING, LLC",,523 SEVENTH ST STE C,COMFORT,TX,78013,S,ACTIVE,
TX-S-20064,"YOGURT TECHNOLOGIES, LLC",Lt. Blender's,1208 POST OFFICE ST,GALVESTON,TX,77550,S,ACTIVE,
TX-S-20065,STILL AUSTIN DISTILLERY LLC,Still Austin Whiskey Co.,440 E ST. ELMO ST BLDG F,AUSTIN,TX,78745,S,ACTIVE,
TX-S-20066,"MARTIN GREER DISTILLERY, LLC",Martin Greer Distillery,306 N BAUGH ST,ALVARADO,TX,76009,S,ACTIVE,
TX-S-20068,DERELICT AIRSHIP  LLC,Derelict Airship Distillery,"704 HWY 71, W HWY BLDG B STE 300",BASTROP,TX,78602,S,ACTIVE,
TX-S-20070,"MIX & MARY, LLC",,100 RUSSELL LN BLDG A,DRIPPING SPRINGS,TX,78620,S,ACTIVE,
TX-S-20071,RUM RUNNER PRESS INC.,Rum Central,3280 FM 112,TAYLOR,TX,76574,S,ACTIVE,
TX-S-20072,SOUTH TEXAS DISTILLERY LLC,SOUTH TEXAS DISTILLERY,642 FM 1540,SANDIA,TX,78383,S,ACTIVE,
TX-S-20074,"MOONSHINE RIDGE, INC.",,104 E PECAN ST,JOHNSON CITY,TX,78636,S,ACTIVE,
TX-S-20075,"PROVISION SPIRIT, LLC",,208 CARLIE LN,BLANCO,TX,78606,S,ACTIVE,
TX-S-20079,"CANA'S JUG, LLC",,335 N. LAMPASAS ST,BERTRAM,TX,78605,S,ACTIVE,
TX-S-20083,"SAN LUIS SPIRITS DISTILLING CO., LLC",Dripping Springs Distilling,5330 BELL SPRINGS RD,DRIPPING SPRINGS,TX,78620,S,ACTIVE,
TX-S-20084,SLEDGE DISTILLERY INC,Sledge Distillery,8210 PALUXY HWY,TOLAR,TX,76476,S,ACTIVE,
TX-S-20087,"PADRE ISLAND DISTILLERY, INC.",,3311 PADRE BLVD STE F,SOUTH PADRE ISLAND,TX,78597,S,ACTIVE,
TX-S-20090,"RUMINATE DISTILLING, L.L.C.",Island Getaway Rum,1707 S BARRY AVE,DALLAS,TX,75223,S,ACTIVE,
TX-S-20092,SOUTHERN CROSS BEVERAGES INC,,182 CR 701,NACOGDOCHES,TX,75964,S,ACTIVE,
TX-S-20094,"VALENTINE WEISS WHISKEY, INCORPORATED",,16221 CRYSTAL HILLS DR BLDG D,AUSTIN,TX,78737,S,ACTIVE,
TX-S-20097,"L & R HENTON PROPERTIES, LLC",,2180 PINE CIR,BRYAN,TX,77807,S,ACTIVE,
TX-S-20098,SILVER NICKEL DISTILLERY LLC,Silver Nickel Distillery,8202 CHANCELLOR ROW,DALLAS,TX,75247,S,ACTIVE,
TX-S-20101,"HEAVEN HILL DISTILLERIES, INC.",,150 A PRECISION DR,BUDA,TX,78610,S,ACTIVE,
TX-S-20102,"CKL DISTILLING, LLC",Desert Door,211 DARDEN HILL RD BLDG A200,DRIFTWOOD,TX,78619,S,ACTIVE,
TX-S-20103,"EL PASO DISTILLERY AND SPIRITS, LLC",,3627 DURAZNO AVE,EL PASO,TX,79905,S,ACTIVE,
TX-S-20105,LC CRAFT WINE & SPIRITS CO LLC,,2070 S BRIDGEFARMER RD,LOWRY CROSSING,TX,75069,S,ACTIVE,
TX-S-20106,"RED CABOOSE, LLC",Red Caboose Distillery,903 A S AVENUE G,CLIFTON,TX,76634,S,ACTIVE,
TX-S-20108,AVONAK DISTILLERY LLC,,22131 ROTHWOOD RD STE 402,SPRING,TX,77389,S,ACTIVE,
TX-S-20111,JIMMY K. BYRD,Brazos Valley Vodka Company,718 PEACH CREEK CUTOFF RD,COLLEGE STATION,TX,77845,S,ACTIVE,
TX-S-20113,"SU TI SPIRITS COMPANY, LLC",,528 W KENNEDALE PKWY,KENNEDALE,TX,75060,S,ACTIVE,
TX-S-20114,VARSITY DISTILLED SPIRITS LLC,,14721 FITZHUGH RD,AUSTIN,TX,78736,S,ACTIVE,
TX-S-20115,"BLUE TOPAZ DISTILLING, LLC",,1402 COTTON FLAT RD STE B,MIDLAND,TX,79701,S,ACTIVE,
TX-S-20116,THE SHELBY DISTILLERY LLC,The Shelby Distillery,8602 ASH AVE UNIT D8,LUBBOCK,TX,79404,S,ACTIVE,
TX-S-20118,"ROWDY FLOCK DISTILLERY, LLC",Rowdy Flock Distilling Co.,901 N AVENUE N,JOHNSON CITY,TX,78636,S,ACTIVE,
TX-S-20119,B4C DISTILLERY LLC,B4C Distillery,976 COUNTY ROAD 1200,SAVOY,TX,75479,S,ACTIVE,
TX-S-20122,"360DISTRIBUTING , LLC",Premier360,10954 SHADY TRL STE 200,DALLAS,TX,75220,S,ACTIVE,
TX-S-20123,THORN DISTILLERY LLC,Thorn Distillery,4717 PRIEM LN UNIT 901-902,PFLUGERVILLE,TX,78660,S,ACTIVE,
TX-S-20124,"PERSEDO OPERATING COMPANY, LLC",,5318 FM 517 RD BLDG B & C,ALVIN,TX,77511,S,ACTIVE,
TX-S-20125,MKT DISTILLERY LLC,,5373 1ST ST,KATY,TX,77493,S,ACTIVE,
TX-S-20127,ILLUME LLC,,6350 DICK PRICE RD,MANSFIELD,TX,76063,S,ACTIVE,
TX-S-20129,C. VILLARREAL DISTILLERY INC.,,549 MANGANA HEIN RD,LAREDO,TX,78045,S,ACTIVE,
TX-S-20130,HILLBILLY MOONSHINERS INC.,Hillbilly Moonshiners,2925 FM 79,PARIS,TX,75460,S,ACTIVE,
TX-S-20132,MORAVIA DISTILLERS LLC,High Hill Distillery,2997 COUNTRY ROAD 122,HALLETTSVILLE,TX,77964,S,ACTIVE,
TX-S-20134,"DIME BOX DISTILLERY, LLC",,235 W RAILROAD ROW,GIDDINGS,TX,78942,S,ACTIVE,
TX-S-20136,AUSTIN VODKA COMPANY LLC,,2250 HWY 290 WEST,DRIPPING SPRINGS,TX,78620,S,ACTIVE,
TX-S-20137,"DOER SPIRITS, LLC",,400 N KIRTLEY RD BLDG D,SMITHVILLE,TX,78957,S,ACTIVE,
TX-S-20138,"BOMB CITY ENTERPRISES, LLC",Bomb City Enterprises,306 S CLEVELAND ST,AMARILLO,TX,79102,S,ACTIVE,
TX-S-20140,AVIATOR DISTILLING LLC,,401 AVIATION DR,CORPUS CHRISTI,TX,78418,S,ACTIVE,
TX-S-20142,STILL AUSTIN DISTILLERY LLC,Still Austin Whiskey Company,12700 FM 621,STAPLES,TX,78670,S,ACTIVE,
TX-S-20144,"AUSTIN CRAFT SPIRITS COMPANY, LLC",Austin Craft Spirits Company,12010 W HIGHWAY 290 STE 160A,AUSTIN,TX,78737,S,ACTIVE,
TX-S-20145,"TEXAS TAIL DISTILLERY, INC.",,2416 POSTOFFICE ST,GALVESTON,TX,77550,S,ACTIVE,
TX-S-20147,"BTC DISTILLERY, LLC",,1604 W 12TH ST,ROCKPORT,TX,78382,S,ACTIVE,
TX-S-20150,"SAM MAVERICK SPIRITS, LLC",,115 BROADWAY AVE,SAN ANTONIO,TX,78205,S,ACTIVE,
TX-S-20152,MBW BRANDS LLC,Backwoods Craft Spirits,1807 HOWARD RD,WAXAHACHIE,TX,75165,S,ACTIVE,
TX-S-20153,WACO BOTTLING LLC,,3000 DUTTON AVE,BEVERLY HILLS,TX,76711,S,ACTIVE,
TX-S-20154,"BELL MOUNTAIN VINEYARDS, INC.",,463 BELL MOUNTAIN RD,WILLOW CITY,TX,78675,S,ACTIVE,
TX-S-20155,"LONE STAR KEMAH VENTURES, L.P., BACCUS CAPITAL MANAGEMENT, L.L.C.",Meticulous Wine & Spirits,709 HARRIS AVE,KEMAH,TX,77565,S,ACTIVE,
TX-S-20156,"SUN CITY DISTILLERY, CORP.",,1305 TEXAS AVE,EL PASO,TX,79901,S,ACTIVE,
TX-S-20158,PRICKLY MESQUITE DISTILLING COMPANY LLC,Prickly Mesquite Distilling Company LLC,1349 COUNTY ROAD 650,TUSCOLA,TX,79562,S,ACTIVE,
TX-S-20160,"LONG CREEK DISTILLERY, LLC",,1701 LONG CREEK CT,GRANBURY,TX,76049,S,ACTIVE,
TX-S-20162,STILL AUSTIN DISTILLERY LLC,Texas Spirits Bottling Company,17612 FM 969,MANOR,TX,78653,S,ACTIVE,
TX-S-20163,"ONE SHOT DISTILLERY HOLDINGS, LLC",One Shot Distillery & Brewery,31610 RANCH ROAD 12,DRIPPING SPRINGS,TX,78620,S,ACTIVE,
TX-S-20164,"JAMES JOSEPH SANCTIFIED SPIRITS, LLC",,1023 HALSELL ST,BRIDGEPORT,TX,76426,S,ACTIVE,
TX-S-20166,"MODISETT & SONS DISTILLERY, LLC",,13700 N FM 973 RD BLDG E,MANOR,TX,78653,S,ACTIVE,
TX-S-20167,"PLANET ROCK DISTILLERY, LLC",Planet Rock Distillery,5401 HUDSON BEND RD,AUSTIN,TX,78734,S,ACTIVE,
TX-S-20168,"MARFA DISTILLING COMPANY, LLC",,320 W EL PASO ST,MARFA,TX,79843,S,ACTIVE,
TX-S-20169,"SURFACE TENSION DISTILLING, LLC",Surface Tension Distilling,5829 W SAM HOUSTON PKWY STE 709,HOUSTON,TX,77041,S,ACTIVE,
TX-S-20170,HTX CIDER LLC,City Orchard,1201 OLIVER ST UNIT 108,HOUSTON,TX,77007,S,ACTIVE,
TX-S-20171,B4C DISTILLERY LLC,B4C DISTILLERY,5110 MARSHALL ST,SHERMAN,TX,75090,S,ACTIVE,
TX-S-20175,"WOLFMUELLER DISTILLING COMPANY, LLC",,616 N CREEK RD,HARPER,TX,78631,S,ACTIVE,
TX-S-20179,"WEST TEXAS SPIRITS, LLC",Belt Buckle Distillery,1066 S 2ND ST,ABILENE,TX,79602,S,ACTIVE,
TX-S-20180,"BEER GIG, INC.",Krootz Brewing Company,315 W ELM ST,GAINESVILLE,TX,76240,S,ACTIVE,
TX-S-20182,"NOBLE WOLF VODKA, LLC",,4408 WORTHINGTON DR STE 113-114,DENTON,TX,76207,S,ACTIVE,
TX-S-20183,"FIERCE WHISKERS DISTILLERY, LLC",,5333 FLEMING CT,AUSTIN,TX,78744,S,ACTIVE,
TX-S-20185,HOLLADAY VON KRAMER WINES LLC,,1915 CR 24,LAMESA,TX,79331,S,ACTIVE,
TX-S-20186,FIVE POINTS SPIRITS LLC,Prospect Spirits,2716 MONTANA AVE,EL PASO,TX,79903,S,ACTIVE,
TX-S-20187,"ANHEUSER-BUSCH, LLC",Anheuser-Busch,775 GELLHORN DR,HOUSTON,TX,77029,S,ACTIVE,
TX-S-20189,"COMMUNITY BREWING CO., LLC",Community Beer Company,3110 COMMONWEALTH DR,DALLAS,TX,75247,S,ACTIVE,
TX-S-20190,"THOMPSON & ANGER ENTERPRISES, LLC",FOX & SEEKER,5750 N SAM HOUSTON PARKWAY E STE 509,HOUSTON,TX,77032,S,ACTIVE,
TX-S-20191,BET-WYN BEVERAGE COMPANY LLC,,1601 S LINCOLN ST,AMARILLO,TX,79102,S,ACTIVE,
TX-S-20192,FREE SPIRIT DISTILLERY LLC,Free Spirit Distillery,1231 GRUENE RD,NEW BRAUNFELS,TX,78130,S,ACTIVE,
TX-S-20193,CLUTCH DISTILLING LLC,CLUTCH DISTILLING,2222 STUDEWOOD ST STE A,HOUSTON,TX,77009,S,ACTIVE,
TX-S-20194,BUFFALO BAYOU BREWING COMPANY,Buffalo Bayou Brewing,5301 NOLDA ST,HOUSTON,TX,77007,S,ACTIVE,
TX-S-20196,AMERICAN THUNDER DISTILLING LLC,,131 SPELLMANN TRL BLDG 5,SPICEWOOD,TX,78669,S,ACTIVE,
TX-S-20197,ANCESTRAL CRAFT SPIRITS CORP.,,702 N PORTSCHELLER ST,ROMA,TX,78584,S,ACTIVE,
TX-S-20198,TEXAS OUTLAW MOONSHINE DISTILLERY LLC,Texas Outlaw Moonshine Distillery,113 ROBB ST,TRINITY,TX,75862,S,ACTIVE,
TX-S-20199,"VOKOV, LLC",,3301 TECHNOLOGY DR STE 305,PLANO,TX,75074,S,ACTIVE,
TX-S-20202,"B&K COCKTAIL CO., LLC",B&K Cocktail Co,104 W TINDALL ST,CALVERT,TX,77837,S,ACTIVE,
TX-S-20204,FIRST SHOT DISTILLERY LLC,,207 FM 108 N,SMILEY,TX,78159,S,ACTIVE,
TX-S-20205,SPIRITED BRANDS LLC,,14155 W US 290 HWY STE 200,AUSTIN,TX,78737,S,ACTIVE,
TX-S-20206,BUFFALO BAYOU BREWING COMPANY,BUFFBREW DISTILLING,2101 SUMMER ST,HOUSTON,TX,77007,S,ACTIVE,
TX-S-20207,"SLATE MILL WINE COLLECTIVE, LLC",Slate Mill Wine Collective,4222 S HWY 16,FREDERICKSBURG,TX,78624,S,ACTIVE,
TX-S-20208,"BENDING BRANCH ESTATE VINEYARD, LLC",,142 LINDNER BRANCH TRL,COMFORT,TX,78013,S,ACTIVE,
TX-S-20209,"GITMAN VENTURES, LLC",Senza Maestro Spirits,1090 FM 32,SAN MARCOS,TX,78666,S,ACTIVE,
TX-S-20210,EADO SPIRITS LLC,EADO Spirits,6501 NAVIGATION BLVD STE D123,HOUSTON,TX,77011,S,ACTIVE,
TX-S-20211,DANO VEAL,Elastico Tequila Grille Co.,5980 N SAM HOUSTON PKWY E STE 515,HUMBLE,TX,77396,S,ACTIVE,
TX-S-20212,BLACK SWAN BEVERAGE COMPANY LLC,"Black Swan Beverage Company, LLC",1210 DUNCAN ST BLDG 6,DENTON,TX,76205,S,ACTIVE,
TX-S-20213,"LEGACY OF CROCKETT, LLC",Legacy of Crockett,901 ALAMO ST,SAN ANTONIO,TX,78215,S,ACTIVE,
TX-S-20217,"JESTER KING CRAFT BREWERY, LLC",,13005 FITZHUGH RD UNIT B,AUSTIN,TX,78736,S,ACTIVE,
TX-S-20218,"ARCH RAY, LLC",,312 SCHMIDTZINSKY RD,FREDERICKSBURG,TX,78624,S,ACTIVE,
TX-S-20219,NIDOCINOS LLC,West Texas Whiskey Werks,12160 S STATE HIGHWAY 208,ROBERT LEE,TX,76945,S,ACTIVE,
TX-S-20220,CY DISTILLERY LLC,CY distillery llc,1539 HOFFMAN RD,SEGUIN,TX,78155,S,ACTIVE,
TX-S-20221,TWO OLD DISTILLERS LLC,Andersons,410 N BELL AVE,DENTON,TX,76209,S,ACTIVE,
TX-S-20224,MILLERS POINT CONSULTING LLC,Code Ranch Distillery,"12013 FITZHUGH RD, BOX A RD",AUSTIN,TX,78736,S,ACTIVE,
TX-S-20225,BIG SPRING DISTILLERS INCORPORATED,Big Spring Distillers,100 JOHNSON,BIG SPRING,TX,79720,S,ACTIVE,
TX-S-20226,VENTURE DISTILLING LLC,,412 S BARNES DR,GARLAND,TX,75042,S,ACTIVE,
TX-S-20228,"BLUE COLLAR WHISKEY, LLC",Blue Collar Whiskey,4066 BUSINESS PARK DR,AMARILLO,TX,79110,S,ACTIVE,
TX-S-20229,"RIO GRANDE DISTILLERY, LLC",Rio Grande Distillery,110A N GARCIA ST,PORT ISABEL,TX,78578,S,ACTIVE,
TX-S-20230,"DRY COUNTY DISTILLERIES, LLC",,703 N HWY 78 DR,WYLIE,TX,75098,S,ACTIVE,
TX-S-20231,"SLURP, LLC",Slrrrp,3000 DUTTON AVE,BEVERLY HILLS,TX,76711,S,ACTIVE,
TX-S-20232,"LIQUID LEDGER OF PLANO, LLC",The Whiskey Blendery,"147 LLOYD'S RD STE 100, 105",OAK POINT,TX,75068,S,ACTIVE,
TX-S-20234,"TEXAS RIVERS DISTILLING CO., LLC",,202 S GULF BLVD,FREEPORT,TX,77541,S,ACTIVE,
TX-S-20235,"DANCING BEE WINERY, L.L.C.",Packsaddle Nectars,207 MAIN ST,MARBLE FALLS,TX,78654,S,ACTIVE,
TX-S-20239,STOLTHAVEN HOUSTON INC.,,15602 JACINTOPORT BLVD,HOUSTON,TX,77015,S,ACTIVE,
TX-S-20242,VERY GOOD MANUFACTURING INC.,Very Good Manufacturing,5130 BRUSH CREEK RD,FORT WORTH,TX,76119,S,ACTIVE,
TX-S-20243,THE DISPUTED TERRITORY LLC,,1011 UPPER DENTON ROAD BLDG. #20- SUITE 100,WEATHERFORD,TX,76085,S,ACTIVE,
TX-S-20245,TEXAS FERMENTS LLC,,16373 TONKAWAY LAKE RD BLDG A,COLLEGE STATION,TX,77845,S,ACTIVE,
TX-S-20246,SAINT ARNOLD BREWING COMPANY,,2000 LYONS AVE,HOUSTON,TX,77020,S,ACTIVE,
TX-S-20248,"JAMES JOSEPH SANCTIFIED SPIRITS, LLC",,5285 MARATHON AVE STE D200B,FORT WORTH,TX,76109,S,ACTIVE,
TX-S-20249,"BUSHEL & BALE, LLC",,308 STURGIS ST,TAYLOR,TX,76574,S,ACTIVE,
TX-S-20252,"CONCHO SPIRITS, LLC",West Well Whiskey,3498 FM 2873,FORT MCKAVETT,TX,76841,S,ACTIVE,
TX-S-20254,"CADDO DISTILLING COMPANY, LLC",,305 & 307 N WASHINGTON AVE,MARSHALL,TX,75670,S,ACTIVE,
TX-S-20255,"DAVENPORT & POWELL, LLC",,732 SPOKE HOLLOW RD,LOCKHART,TX,78644,S,ACTIVE,
TX-S-20256,OAK HIGHLANDS BREWERY LLC,,10484 BROCKWOOD RD,DALLAS,TX,75238,S,ACTIVE,
TX-S-20258,"BIG HAT SPIRITS, LLC",Big Hat Spirits,UPDATE,GEORGETOWN,TX,78626,S,ACTIVE,
TX-S-20259,VIOLET CROWN DISTILLERY LLC,Reverb Distilling,101 PIPER LN,SPICEWOOD,TX,78669,S,ACTIVE,
TX-S-20260,BELLA LOMA L.L.C.,,12501 COUNTY ROAD 404 RD BLDG,SPICEWOOD,TX,78669,S,ACTIVE,
TX-S-20261,DYNASTY SPIRITS BRANDS LLC,,4865 CALVERT ST,DALLAS,TX,75247,S,ACTIVE,
TX-S-20262,RANCH BRAND WINE & SPIRITS LLC,Ranch Brand Wine & Spirits,13619 RANCH ROAD 12,WIMBERLEY,TX,78676,S,ACTIVE,
TX-S-20263,"TEXAS HIGH PLAINS MEADERY, INC.",Happy Bear,1432 FM 211,WILSON,TX,79381,S,ACTIVE,
TX-S-20264,"SBV HOLDINGS, LLC",,2540 GLENDA LANE UNIT 104,DALLAS,TX,75229,S,ACTIVE,
TX-S-20265,"DUNCAN BROTHERS DISTILLERY, LLC",,990 FM 727,JEFFERSON,TX,75657,S,ACTIVE,
TX-S-20266,"TEXAS TIED HOUSE, LLC",,506 CATTLE TRAIL DR,DRIPPING SPRINGS,TX,78620,S,ACTIVE,
TX-S-20267,"AUSTIN BEERWORKS, LLC",,10300 SPRINGDALE RD STE 101,AUSTIN,TX,78754,S,ACTIVE,
TX-S-20268,IAN JAMES SPIRITS LLC,,1036 WINDMILL RD,DRIPPING SPRINGS,TX,78620,S,ACTIVE,
TX-S-20269,STEEL RAIL BEERWORKS LLC,Shannon Brewing & Distilling,818 N MAIN ST,KELLER,TX,76248,S,ACTIVE,
TX-S-20270,QUATRO AMIGOS SPIRITS LLC,,406 S BARNES DR,GARLAND,TX,75042,S,ACTIVE,
TX-S-20272,"LIME CREEK DISTILLERY, LLC",Lime Creek Distillery,16501 RED WAGON LN STE B,LEANDER,TX,78641,S,ACTIVE,
TX-S-20273,"B E WINERY DOWNTOWN, LLC",,400 BRYANT RD,CONROE,TX,77303,S,ACTIVE,
TX-S-20275,SILVER BULLET DISTILLERY LLC,,25444 OLD HWY 6,NAVASOTA,TX,77868,S,ACTIVE,
TX-S-20277,"DORADO DISTILLING, LLC",,8501 COVER RD,SAN ANTONIO,TX,78263,S,ACTIVE,
TX-S-20278,"2XL SWAGGER BRANDS, INC.",,5651 FM 971 BLDG B/W-S,GEORGETOWN,TX,78626,S,ACTIVE,
TX-S-20281,DAVIS HOGUE DISTILLING CO.,,1919 EDWARDS ST,HOUSTON,TX,77007,S,ACTIVE,
TX-S-20282,ALSTYNE'S BEVERAGE GROUP CORPORATION,,126 S MAIN ST,VAN ALSTYNE,TX,75495,S,ACTIVE,
TX-S-20283,"DYNABARR, LLC","DynaBarr, LLC",7055 OLD KATY RD UNIT 25,HOUSTON,TX,77024,S,ACTIVE,
TX-S-20285,"PRAIRIE SWITCH DISTILLERY, LLC",Prairie Switch Distillery,25406 US-59 HWY,ELCAMPO,TX,77437,S,ACTIVE,
TX-S-20286,"AFV DISTILLING, L.L.C.",,8501 COVER RD,SAN ANTONIO,TX,78263,S,ACTIVE,
TX-S-20287,LATIN LIQUORS LTD,,8501 COVER RD,SAN ANTONIO,TX,78263,S,ACTIVE,
TX-S-20288,"BACKSTORY BEVERAGES COMPANY, LLC",BackStory Beverages,211 MAGNOLIA ST,SULPHUR SPRINGS,TX,75482,S,ACTIVE,
TX-S-20289,SOUTHWEST PACKAGING SOLUTIONS LLC,Texas Premium Spirits,5110 RONDO DR,FT WORTH,TX,76106,S,ACTIVE,
TX-S-20291,PRIMERA SPIRITS LLC,,400 N KIRTLEY RD STE A,SMITHVILLE,TX,78957,S,ACTIVE,
TX-S-20292,"ROUND 2 SPIRITS, LLC",,1902 WEBER RANCH RD,MUENSTER,TX,76252,S,ACTIVE,
TX-S-20293,"TRIPLE BEV HOLDING COMPANY, LLC",Texas Wild Distilling,1655 S MAIN ST,CLEBURNE,TX,76033,S,ACTIVE,
TX-S-20294,LOCKWOOD DISTILLING COMPANY TRES LLC,Lockwood Distilling Company,205 W LOUISIANA ST STE 102,MCKINNEY,TX,75069,S,ACTIVE,
TX-S-20295,"NORTH TEXAS BOTTLING, INC",Premier360Brewing Co,2618 GRAVEL DR BLDG 7,FORT WORTH,TX,76118,S,ACTIVE,
TX-S-20296,WAR TRAIL DRINKS LLC,War Trail Spirits,200 GRAPE CREEK RD,LLANO,TX,78643,S,ACTIVE,
TX-S-20297,SAN ANTONIO DISTILLING LLC,SAN ANTONIO DISTILLING COMPANY,16104 UNIVERSITY OAK,SAN ANTONIO,TX,78249,S,ACTIVE,
TX-S-20298,THE INFUSERY LLC,,5610 CLINTON DR BLDG B,HOUSTON,TX,77020,S,ACTIVE,
TX-S-20300,KAPE PROPERTIES LLC,Bahnbrecker,263 LUCINDA DR,NEW BRAUNFELS,TX,78130,S,ACTIVE,
TX-S-20301,"KBD DISTILLING, LLC",Briggs Distilling Co.,121 BROWNSON LN,DRIFTWOOD,TX,78619,S,ACTIVE,
TX-S-20302,ROBERSON DISTILLERY LLC,,4701 PRIEM LN UNIT 3A & 3B,PFLUGERVILLE,TX,78660,S,ACTIVE,
TX-S-20303,"GF SPIRITS OPERATING, LLC",,1022 PEACH CREEK RD,COLLEGE STATION,TX,77845,S,ACTIVE,
TX-S-20305,"ALLBEV, LLC",,1901 FM 546 STE 200,MCKINNEY,TX,75069,S,ACTIVE,
TX-S-20307,"HIGH BASIN BRANDS LICENSING, LLC",,16604 FITZHUGH RD,DRIPPING SPRINGS,TX,78620,S,ACTIVE,
TX-S-20308,"WATERLOO GIN COMPANY, LLC",,16604 FITZHUGH RD,DRIPPING SPRINGS,TX,78620,S,ACTIVE,
TX-S-20309,LOCKWOOD DISTILLING COMPANY ENTERPRISE LLC,,816 S SHERMAN ST,RICHARDSON,TX,75081,S,ACTIVE,
TX-S-20310,"FIRST MIRACLE, INC.",Landon Distillery,201 W CALIFORNIA ST,GAINESVILLE,TX,76240,S,ACTIVE,
TX-S-20311,THREE WIDE LLC,,16230 THREE WIDE DR STE A,FORT WORTH,TX,76177,S,ACTIVE,
TX-S-20312,"SECOND COLONY, LLC","Second Colony, LLC",929 2ND ST,ROSENBERG,TX,77471,S,ACTIVE,
TX-S-20313,NEW DISCOVERY LINES CANADA LTD,NDL FOODS,201 LOS MOCHIS DR STE B,CANUTILLO,TX,79835,S,ACTIVE,
TX-S-20314,THE DALLAS SPIRITS COMPANY LLC,Wild Revival,3745 MINGO RD STE 505,DENTON,TX,76208,S,ACTIVE,
TX-S-20315,TWISTED SPIRITS LLC,Twisted Spirits LLC,800 E COMMERCE AVE,GLADEWATER,TX,75647,S,ACTIVE,
TX-S-20317,"2111 TAYLOR STREET, LTD",Hula Girl Spirits,907 E SERVICE RD,TULIA,TX,79088,S,ACTIVE,
TX-S-20318,"IWD ENTERPRISES, LLC",,907 E SERVICE RD,TULIA,TX,79088,S,ACTIVE,
TX-S-20321,NUTRAPRODUCTS INC.,NutraProducts,8101 ROYAL RIDGE PKWY STE 100,IRVING,TX,75063,S,ACTIVE,
TX-S-20324,WILD LEAF HOLDINGS US LLC,Wildpack Beverage,4007 COMMERCIAL CENTER DR,AUSTIN,TX,78744,S,ACTIVE,
TX-S-20325,NEXT PAGE SPIRITS LLC,Spinnaker Rum,8119 EXCHANGE DR UNIT B01-E,AUSTIN,TX,78754,S,ACTIVE,
TX-S-20326,"DIAGEO AMERICAS SUPPLY, INC.",,212-220 S 12TH ST,WACO,TX,76701,S,ACTIVE,
TX-S-20327,ONE HANDED BARTENDER LLC,OHB Craft Cocktails,130 MITCHELL RD UNIT B 10 & B11,HOUSTON,TX,77037,S,ACTIVE,
TX-S-20329,MAYO BEVERAGE COMPANY LLC,,400 N KIRTLEY RD STE B,SMITHVILLE,TX,78957,S,ACTIVE,
TX-S-20330,TEXAS DISTILLERY INC,,8811 EMMOTT RD STE 1100,HOUSTON,TX,77040,S,ACTIVE,
TX-S-20331,"ZILKER BREWING COMPANY, LLC",,1701 E 6TH ST,AUSTIN,TX,78702,S,ACTIVE,
TX-S-20332,"HIGH BASIN BRANDS LICENSING, LLC",,5318 FM 517 BLDG C,ALVIN,TX,77511,S,ACTIVE,
TX-S-20333,"LA GRANGE DISTILLING COMPANY, LLC",,390 S REYNOLDS ST BLDG A&E,LA GRANGE,TX,78945,S,ACTIVE,
TX-S-20334,FOUR CORNERS BREWING COMPANY LLC,Four Corners Brewing Company,1315 S ERVAY ST,DALLAS,TX,75215,S,ACTIVE,
TX-S-20335,"RICE MOUNTAIN WINE, LLC",Viet Wine Co.,6040 BRITTMOORE RD STE P,HOUSTON,TX,77041,S,ACTIVE,
TX-S-20336,"ALTITUDE BEVERAGES, LLC",Altitude Beverages Group,6303 COWBOYS WAY,FRISCO,TX,75034,S,ACTIVE,
TX-S-20338,"RIO NECHES ESTATE, LLC",,18655 COUNTY ROAD 418,TYLER,TX,75704,S,ACTIVE,
TX-S-20339,TEXAS RT HOLDINGS LLC,Rollertown Beerworks,6450 MAIN ST,FRISCO,TX,75033,S,ACTIVE,
TX-S-20340,"WATERLOO GIN COMPANY, LLC",,8501 COVER RD,SAN ANTONIO,TX,78263,S,ACTIVE,
TX-S-20341,"DRINKPAK II, LLC.",,7777 OAK GROVE RD,FORT WORTH,TX,76177,S,ACTIVE,
TX-S-20342,"COPPER WIDOW DISTILLERY, LLC",Copper Widow,8425 CR 6500,LUBBOCK,TX,79416,S,ACTIVE,
TX-S-20345,POR OSOS LLC,,5610 CLINTON DR BLDG B,HOUSTON,TX,77020,S,ACTIVE,
TX-S-20346,"FIRST MIRACLE, INC.",Landon Distillery,101 N BALLARD AVE,WYLIE,TX,75098,S,ACTIVE,
TX-S-20347,"FIRST MIRACLE, INC.",Landon Distillery,101 N KENTUCKY ST,MCKINNEY,TX,75069,S,ACTIVE,
TX-S-20348,RANCH BRAND WINE & SPIRITS LLC,Ranch Brand Wine & Spirits,6441 STATE HIGHWAY 46 W STE 1000,NEW BRAUNFELS,TX,78132,S,ACTIVE,
TX-S-20349,"FIRST MIRACLE, INC.",Landon Distillery,318 W MAIN ST,DENISON,TX,75020,S,ACTIVE,
TX-S-20350,"TUPPS BREWERY, LLC","TUPPS Brewery, LLC",402 E LOUISIANA ST BLDG 4,MCKINNEY,TX,75069,S,ACTIVE,
TX-S-20351,"FIRST MIRACLE, INC.",Landon Distillery,3121 OLYMPUS BLVD STE 130,DALLAS,TX,75019,S,ACTIVE,
TX-S-20354,"LOCKWOOD DISTILLING COMPANY IVAN, LLC",,532 MAIN ST STE A,GARLAND,TX,75040,S,ACTIVE,
TX-S-20355,PINEY WOODS DISTILLERY LLC,,3627 US HIGHWAY 79 E,HENDERSON,TX,75652,S,ACTIVE,
TX-S-20356,"BLOAK, LLC",Oak & Eden Clearfork,5285 MARATHON AVE STE D200B,FORT WORTH,TX,76109,S,ACTIVE,
TX-S-20357,"PHENOMENAL SPIRITS, INC.",,3280 FM 112,TAYLOR,TX,76574,S,ACTIVE,
TX-S-20358,POUR LIBATIONS LLC,Pour Libations,930 FM 1960 E UNIT G & H,HOUSTON,TX,77073,S,ACTIVE,
TX-S-20360,"C. VILLANUEVA COMPANY, L.L.C.",,5610 CLINTON DR BLDG B,HOUSTON,TX,77020,S,ACTIVE,
TX-S-20361,"FIRST MIRACLE, INC.",Landon Distillery,2508 LEE ST,GREENVILLE,TX,75401,S,ACTIVE,
TX-S-20362,"MARCA BRAVA SPIRITS,  LLC",,208 S HASKELL AVE,DALLAS,TX,75226,S,ACTIVE,
TX-S-20363,"AYRES SPIRITS, LLC",,6441 STATE HIGHWAY 46 W STE 1050,NEW BRAUNFELS,TX,78132,S,ACTIVE,
TX-S-20364,"VALLE DELLA PACE DISTILLERY, LLC",VALLE DELLA PACE DISTILLERY,17840 STATE HWY 110 N UNIT B,LINDALE,TX,75771,S,ACTIVE,
TX-S-20365,"COLTER X BECKWOURTH, LLC",,1110 CR 149,GEORGETOWN,TX,78626,S,ACTIVE,
TX-S-20366,"THE BREWTORIUM - NORTH AUSTIN, LLC",The Brewtorium Brewery & Kitchen,6015 DILLARD CIR STE A,AUSTIN,TX,78752,S,ACTIVE,
TX-S-20367,"BRENNTAG SOUTHWEST, LLC",,704 E WINTERGREEN RD,LANCASTER,TX,75134,S,ACTIVE,
TX-S-20368,NORTH TEXAS SPIRITS LLC,,865 HCR 4251,HILLSBORO,TX,76645,S,ACTIVE,
TX-S-20369,STRONGHOLD SPIRITS LLC,Stronghold Spirits,7704 TIMBERLAND DR,ORANGE,TX,77632,S,ACTIVE,
TX-S-20370,WOODBINE BEVERAGE COMPANY LLC,,816 S SHERMAN ST,RICHARDSON,TX,75081,S,ACTIVE,
TX-S-20371,"SHAKEN BEVERAGE COMPANY, INC.",,3755 MARQUIS DR STE 101,GARLAND,TX,75042,S,ACTIVE,
TX-S-20372,CLASSIC TREND INC.,Classic Trend Distillery,3117 CABINESS PKWY UNIT B,CORPUS CHRISTI,TX,78415,S,ACTIVE,
TX-S-20373,TPR DALLAS LLC,The Private Rickhouse,2817 & 2825 CANTON ST,DALLAS,TX,75226,S,ACTIVE,
TX-S-20374,"CULPER RING DISTILLED SPIRITS, LLC",,1909 FM 535,SMITHVILLE,TX,78957,S,ACTIVE,
TX-S-20375,"PARIS BOTTLING COMPANY, LLC",,2020 19TH ST NW,PARIS,TX,75460,S,ACTIVE,
TX-S-6,TEXACELLO LLC,PAULA'S TEXAS SPIRITS,171 SPRINGS LN BLDG 2 STE 200,DRIPPING SPRINGS,TX,78620,S,ACTIVE,
UT-S-20001,ABO LLC,Beehive Distilling,2245 S WEST TEMPLE ST,SALT LAKE CITY,UT,84115,S,ACTIVE,
UT-S-20003,"ELEVATION DISTILLING, LLC",,"6864 S 300, WEST UNIT 1",MIDVALE,UT,84047,S,ACTIVE,
UT-S-20005,"DISTILLERY 36, LLC",,2374 S REDWOOD RD,SALT LAKE CITY,UT,84119,S,ACTIVE,
UT-S-20006,"THE HIVE WINERY, INC.",The Hive Brandy Company,1220 W JACK D DR UNIT 1,LAYTON,UT,84041,S,ACTIVE,
UT-S-20007,"KID CURRY SPIRITS, LLC",,"2080 W 2200, SOUTH",WEST VALLEY CITY,UT,84119,S,ACTIVE,
UT-S-20015,"ST GEORGE'S BEVERAGE CO., LLC",,4391 S ENTERPRISE DR,ST GEORGE,UT,84790,S,ACTIVE,
UT-S-20017,HOLYSTONE DISTILLING LLC,Holystone Distilling,207 W 4860 SOUTH STE 5,MURRAY,UT,84107,S,ACTIVE,
UT-S-20018,"SALT FLATS SPIRITS, LLC",,2020 W INDUSTRIAL CIR UNIT C,SALT LAKE CITY,UT,84104,S,ACTIVE,
UT-S-20019,"CLEARWATER DISTILLING COMPANY, LLC",Clearwater Distilling Company,564 W 700 S STE 401,PLEASANT GROVE,UT,84062,S,ACTIVE,
UT-S-20020,"INTERMOUNTAIN NUTRITION, LLC",,1851 W UTAH AVE,PAYSON,UT,84651,S,ACTIVE,
UT-S-20021,DUGALA DISTILLERY LLC,Eight Settlers,7321 SOUTH CANYON CENTER PARKWAY,COTTONWOOD HEIGHTS,UT,84121,S,ACTIVE,
UT-S-20022,"SUMMIT DISTILLERS, INC.",Proverbial Spirits,4175 FORESTDALE RD UNIT 102A,PARK CITY,UT,84098,S,ACTIVE,
UT-S-20023,LONGEVIKIN LLC,,1415 S 700 W STE 7 AND 12,SALT LAKE CITY,UT,84104,S,ACTIVE,
UT-S-20028,"BIG BRANDS UTAH CO-PACKING, LLC",,965 N MAIN ST,SPRINGVILLE,UT,84663,S,ACTIVE,
UT-S-20029,"STREAMLINE MANUFACTURING, LLC",,675 N 2800 W STE 103,LINDON,UT,84042,S,ACTIVE,
UT-S-20033,"THE HORROCKS COMPANY, LLC",Specialty Alcohols,1736 W H AVE,TOOELE,UT,84074,S,ACTIVE,
UT-S-20034,"VITAPUR, LLC",,1219 W 2285 S STE B,WOODS CROSS,UT,84087,S,ACTIVE,
UT-S-20036,CANARY COCKTAILS CO. LLC,Canary Cocktails,3020 W 500 S UNIT B,SALT LAKE CITY,UT,84104,S,ACTIVE,
UT-S-20038,THISTLE SPIRITS LLC,,2195 S WEST TEMPLE ST,SOUTH SALT LAKE,UT,84115,S,ACTIVE,
UT-S-20039,"BOXING GIRL SPIRITS, LLC",,3020 W 500 S UNIT I,SALT LAKE CITY,UT,84104,S,ACTIVE,
UT-S-20040,"BLACK FEATHER SPIRITS, INC.",Black Feather Whiskey,537 W PICKETT CIR STE 900,SALT LAKE CITY,UT,84115,S,ACTIVE,
VA-S-15000,"PARCHED GROUP, LLC",Cirrus Vodka,1603 OWNBY LN,RICHMOND,VA,23220,S,ACTIVE,
VA-S-15002,"COPPER FOX DISTILLERY ENTERPRISES, L.L.C.",,9 RIVER LN,SPERRYVILLE,VA,22740,S,ACTIVE,
VA-S-15009,ZACHARY LEE COMBS,THE GREAT DISMAL DISTILLERY,1549 JUNIPER ST,NORFOLK,VA,23502,S,ACTIVE,
VA-S-15010,THE HOMEPLACE DISTILLERY LLC,,10 FALL CREEK ROAD,RIDGEWAY,VA,24148,S,ACTIVE,
VA-S-15014,T.F. O'NEILL DISTILLERY L.L.C.,,240 LENOIR DR,WINCHESTER,VA,22603,S,ACTIVE,
VA-S-15015,LAIRD & COMPANY,,3638 LAIRD LN,NORTH GARDEN,VA,22959,S,ACTIVE,
VA-S-15016,"VINUM, LLC",,5134 VIEWMONT WEST DR,CHARLOTTESVILLE,VA,22902,S,ACTIVE,
VA-S-15018,"OLD HOUSE VINEYARDS, LLC",OLD HOUSE VINEYARDS,18351 CORKYS LN,CULPEPER,VA,22701,S,ACTIVE,
VA-S-1797,THE MOUNT VERNON LADIES ASSOC. OF THE UNION,,5514 MOUNT VERNON MEMORIAL HWY,MOUNT VERNON,VA,22121,S,ACTIVE,
VA-S-20001,COMMONWEALTH SPIRITS LLC,,21730 RED RUM DR STE 167,ASHBURN,VA,20147,S,ACTIVE,
VA-S-20002,"THE VIRGINIA DISTILLERY COMPANY, LLC",American Custom Distilling,299 EADES LN,LOVINGSTON,VA,22949,S,ACTIVE,
VA-S-20003,"APPALACHIAN MOUNTIAN SPIRITS, LLC",Appalachian Mountain Spirits,760 WALKERS CREEK RD,MARION,VA,24354,S,ACTIVE,
VA-S-20004,"LEGACY ARTISAN DISTILLERS, INC",Virgilina Distilling Company,1141 7TH STREET,VIRGILINA,VA,24598,S,ACTIVE,
VA-S-20005,"WOODS MILL DISTILLERY, LLC",,1625 RIVER RD,FABER,VA,22938,S,ACTIVE,
VA-S-20006,"RIVER HILL WINE AND SPIRITS, LLC",River Hill Wine and Spirits LLC.,356 RUFFNERS FERRY RD,LURAY,VA,22835,S,ACTIVE,
VA-S-20007,"DAVIS VALLEY WINERY AND VINEYARD, INC.",,1167 DAVIS VALLEY RD,RURAL RETREAT,VA,24368,S,ACTIVE,
VA-S-20008,"GAROFALO ARTISAN LIQUEURS, INC.",,830 N KENT ST STE 4,WINCHESTER,VA,22601,S,ACTIVE,
VA-S-20010,"JAMES RIVER DISTILLERY, LLC",,2700 HARDY ST,RICHMOND,VA,23220,S,ACTIVE,
VA-S-20014,"MURLARKEY DISTILLED SPIRITS, LLC",MurLarkey's,9861 DISCOVERY BLVD STE B,MANASSAS,VA,20109,S,ACTIVE,
VA-S-20015,"MOUNT DEFIANCE CIDERY & DISTILLERY, LLC",,495 E WASHINGTON ST,MIDDLEBURG,VA,20117,S,ACTIVE,
VA-S-20018,CHARLES MCCAULEY,Dome and Spear Distillery,4529 DEARBORN RD,EVINGTON,VA,24550,S,ACTIVE,
VA-S-20020,BELLE ISLE CRAFT SPIRITS INC.,Belle Isle Craft Spirits,615 MAURY ST,RICHMOND,VA,23224,S,ACTIVE,
VA-S-20023,"WILLIAMSBURG DISTILLERY, INC.",Eight Shires Brands,7218 MERRIMAC TRL UNIT C,WILLIAMSBURG,VA,23185,S,ACTIVE,
VA-S-20028,CORCORAN SPIRITS LLC,,251 N 21ST ST STE 120,PURCELLVILLE,VA,20132,S,ACTIVE,
VA-S-20029,"BONDURANT BROTHERS DISTILLERY, LLC",,9 E THIRD ST,CHASE CITY,VA,23924,S,ACTIVE,
VA-S-20030,"STONE MOUNTAIN DISTILLING, LLC",,2219 E MAIN ST,LEBANON,VA,24266,S,ACTIVE,
VA-S-20032,"COPPER FOX DISTILLERY ENTERPRISES, L.L.C.",,901 CAPITOL LANDING RD,WILLIAMSBURG,VA,23185,S,ACTIVE,
VA-S-20035,"LAW SHINE, LLC","Law Shine, LLC",285 LAWS HAVEN LANE,ROCKY MOUNT,VA,24151,S,ACTIVE,
VA-S-20036,"THREE BROTHERS' DISTILLERY, INC.",,9935 COUNTY LINE RD,DISPUTANTA,VA,23842,S,ACTIVE,
VA-S-20038,"GINGERWOLF DISTILLERY, LLC",Gingerwolf Distillery,7853 MAIN ST,MIDDLETOWN,VA,22645,S,ACTIVE,
VA-S-20039,"DEAD RECKONING DISTILLERY, INC.",,312 W 24TH ST,NORFOLK,VA,23517,S,ACTIVE,
VA-S-20040,BOMBOLINI LLC,,1606 W MAIN ST,RICHMOND,VA,23220,S,ACTIVE,
VA-S-20042,"GLENWAY FARMS, INC.",Pressed Spirits,14437 HUME RD,HUNTLY,VA,22640,S,ACTIVE,
VA-S-20043,RD WILHELM LLC,Reverend Spirits,1120 W OLNEY RD,NORFOLK,VA,23507,S,ACTIVE,
VA-S-20044,FALLS CHURCH DISTILLERS LLC,,8420 KAO CIR UNIT A,MANASSAS,VA,20110,S,ACTIVE,
VA-S-20045,BOARDWALK DISTILLING LLC,,5812 MOORETOWN RD UNIT H,WILLIAMSBURG,VA,23188,S,ACTIVE,
VA-S-20047,"MOUNTAIN VIEW BREWERY, LLC",Devils Backbone Distilling Co.,35 CRANDALL RUN,ROSELAND,VA,22967,S,ACTIVE,
VA-S-20048,"COPPER AND OAK CRAFT SPIRITS, LLC",,739 HIGH ST UNIT 3A,PORTSMOUTH,VA,23705,S,ACTIVE,
VA-S-20050,"GRAYDON SPIRITS, LLC",,40889 GRAYDON MANOR LN,LEESBURG,VA,20175,S,ACTIVE,
VA-S-20051,"GREENSPUR, INC.",,2811 MERRILEE DR STE D,FAIRFAX,VA,22031,S,ACTIVE,
VA-S-20052,BIG TROUBLE LLC,,429 THIRD ST,PETERSBURG,VA,23803,S,ACTIVE,
VA-S-20057,BOLD ROCK PARTNERS LP,,1020 ROCKFISH VALLEY HWY,NELLYSFORD,VA,22958,S,ACTIVE,
VA-S-20060,SMITH RIVER SPIRITS LLC,,1317 EGGELSTON FALLS RD,RIDGEWAY,VA,24148,S,ACTIVE,
VA-S-20061,"TWIN CREEKS DISTILLERY, INC.",,510 FRANKLIN ST,ROCKY MOUNT,VA,24151,S,ACTIVE,
VA-S-20065,"GLENNO DISTILLERY, LLC",Glenno DIstillery,174 SUGARFORK RD,CUMBERLAND,VA,23040,S,ACTIVE,
VA-S-20066,"VINCENT'S VINEYARD, INC.",Vincent's Vineyard,2313 E MAIN ST,LEBANON,VA,24266,S,ACTIVE,
VA-S-20070,"PLANK EYE BREWING CO, LLC",Plank Eye Brewing Co.,15 E MAIN ST,LEBANON,VA,24266,S,ACTIVE,
VA-S-20071,"BUFFALO BRANDS, INC",Sleepy Fox Distillery,9 RESERVATION LOOP,GLASGOW,VA,24555,S,ACTIVE,
VA-S-20072,GREENBERRY'S COFFEE ROASTERS INC.,,141 ZION STATION RD,TROY,VA,22974,S,ACTIVE,
VA-S-20075,"BACK BAY BREW HOUSE, LLC",,1805 KEMPSVILLE RD,VIRGINIA BEACH,VA,23464,S,ACTIVE,
VA-S-20076,"FLYING ACE DISTILLERY, LLC",Flying Ace Distillery,40950 FLYING ACE LN,LOVETTSVILLE,VA,20180,S,ACTIVE,
VA-S-20080,"MOUNTAIN VIEW BREWERY, LLC",Devils Backbone Distilling Company,50 NORTH WIND LN,LEXINGTON,VA,24450,S,ACTIVE,
VA-S-20082,"TWO DIAMONDS FARM AND DISTILLERY, LLC",Two Diamonds Farm & Distillery,12280 NEW MARKET MILL RD,BEAVERDAM,VA,23015,S,ACTIVE,
VA-S-20083,CHAMPION CAFE CANS LLC,Champion Spirits,221 CARLTON RD STE 1,CHARLOTTESVILLE,VA,22902,S,ACTIVE,
VA-S-20084,"WILLIAMSBURG DISTILLERY, INC.",Eight Shires Brands,801 MIMOSA RD,PORTSMOUTH,VA,23701,S,ACTIVE,
VA-S-20086,SALTY STASH DISTILLERY LLC,,3742 BOONE FURNACE RD,ALLISONIA,VA,24347,S,ACTIVE,
VA-S-20087,DE LA ROCHA LLC,De La Rocha,39070 MOUNT GILEAD RD,LEESBURG,VA,20175,S,ACTIVE,
VA-S-20089,"J. H. BARDS SPIRIT CO., LLC",,213 DRAPER RD SW,BLACKSBURG,VA,24060,S,ACTIVE,
VA-S-20091,"CONSCIOUS CULTURES, LLC",Blue Ridge Bucha,1809 E MAIN ST,WAYNESBORO,VA,22980,S,ACTIVE,
VA-S-20094,LOST WHISKEY CLUB LLC,Lost Whiskey Club,2026 LEEDS MANOR RD,DELAPLANE,VA,20144,S,ACTIVE,
VA-S-20096,"SAZERAC OF NEW HAMPSHIRE, LLC",A. SMITH BOWMAN,1 BOWMAN DR,FREDERICKSBURG,VA,22408,S,ACTIVE,
VA-S-20097,"ABW VIRGINIA BEACH, LLC",,1209 CRAFT LN,VIRGINIA BEACH,VA,23454,S,ACTIVE,
VA-S-20099,"VIRGINIA BEACH DISTILLING, LLC",,1375 OCEANA BLVD UNIT 142,VIRGINIA BEACH,VA,23454,S,ACTIVE,
VA-S-20101,"URBAN RUM COMPANY, LLC",Urban Rum Company,1603 OWNBY LN STE 7,RICHMOND,VA,23220,S,ACTIVE,
VA-S-20102,"FEDISTILLERS, LLC",,7853 MAIN ST,MIDDLETOWN,VA,22645,S,ACTIVE,
VA-S-20103,"THREE NOTCH'D DISTILLING COMPANY, LLC",,4561 VIRGINIA BEACH BLVD,VIRGINIA BEACH,VA,23462,S,ACTIVE,
VA-S-20104,BLUE SHEPHERD SPIRITS LLC,,622 W MAIN ST,LURAY,VA,22835,S,ACTIVE,
VA-S-20106,1238 HORSEFIELDS LANE LLC,,1283 HORSEFIELDS LN,UPPERVILLE,VA,20184,S,ACTIVE,
VA-S-20107,WATERMAN SPIRITS LLC,,712 ATLANTIC AVE A,VIRGINIA BEACH,VA,23451,S,ACTIVE,
VA-S-20108,COCREA INVESTMENTS LLC,FGF Copacking,522 SOUTHLAKE BLVD,NORTH CHESTERFIELD,VA,23236,S,ACTIVE,
VA-S-20109,CREEK BOTTOM BREWING LLC,Creek Bottom Brewing,307 N MEADOW ST STE B,GALAX,VA,24333,S,ACTIVE,
VA-S-20110,"OLD OX BREWERY, LLC",Old Ox Brewery,44652 GUILFORD DR STE 110-114,ASHBURN,VA,20147,S,ACTIVE,
VA-S-20111,NIDRA LLC,,1401 PRECON DR,CHESAPEAKE,VA,23320,S,ACTIVE,
VA-S-20112,DROUMAVALLA FARM INC,,14980 LIMESTONE SCHOOL RD,LEESBURG,VA,20176,S,ACTIVE,
VA-S-20113,"MIDDLEBURG BARREL COMPANY, LLC",Middleburg Barrel Company,35407 SNAKE HILL RD,MIDDLEBURG,VA,20117,S,ACTIVE,
VA-S-20114,MHG RESTON LLC,Open Road Distillery,1871 FOUNTAIN DR,RESTON,VA,20190,S,ACTIVE,
VA-S-20115,RED CHAIR DISTILLERY LLC,,318 E KING ST STE C,STRASBURG,VA,22657,S,ACTIVE,
VA-S-20116,"THREE NOTCH'D DISTILLING COMPANY, LLC",Three Notchd Distilling Company,2461 ROCKFISH VALLEY HWY,NELLYSFORD,VA,22958,S,ACTIVE,
VA-S-20117,METAL CRAFT BREWING CO LLC,BASIC CITY BEER CO,1010 E MAIN ST,WAYNESBORO,VA,22980,S,ACTIVE,
VA-S-20118,"SQUABBLE STATE, LLC",Squabble State Hard Cider & Spirits,7300 BROWNLOW DR,BRISTOL,VA,24202,S,ACTIVE,
VA-S-20119,VINT HILL RUM CO. LLC,Vint Hill Rum Co.,4200 AIKEN DR,WARRENTON,VA,20187,S,ACTIVE,
VA-S-20120,THE WINERY AT RAPIDAN,WAR Craft Brewery,7793 N WHITE OAK RD S,RAPIDAN,VA,22733,S,ACTIVE,
VA-S-20121,"THREE NOTCH'D DISTILLING COMPANY, LLC",Three Notchd Distilling Company,520 SE SECOND ST,CHARLOTTESVILLE,VA,22902,S,ACTIVE,
VA-S-20122,"THREE NOTCH'D DISTILLING COMPANY, LLC",Three Notch'd Distilling Company,2930 W BROAD ST,RICHMOND,VA,23230,S,ACTIVE,
VA-S-20123,"LINCOLN RIDGE, INC.",,2149 REYMET RD,N CHESTERFIELD,VA,23237,S,ACTIVE,
VA-S-20124,2 SILOS BREWING CO. LLC,2 Silos,9925 DISCOVERY BLVD,MANASSAS,VA,20109,S,ACTIVE,
VA-S-20125,"NEW BELGIUM BREWING COMPANY, INC.",,555 INTERNATIONAL PKWY,DALEVILLE,VA,24083,S,ACTIVE,
VA-S-20126,DREAM SPIRITS INC,Dream Spirits,35407 SNAKE HILL RD WAREHOUS C,MIDDLEBURG,VA,20117,S,ACTIVE,
VA-S-20128,"DAILY CELLARS, LLC",Honor Brewing Co,42604 TRADE WEST DR,STERLING,VA,20166,S,ACTIVE,
VA-S-20129,"RAGGED MOUNTAIN FARM, LLC",Ragged Branch Distillery,1054 OLD WHITE BRIDGE RD,WAYNESBORO,VA,22980,S,ACTIVE,
VA-S-20130,"BLUE MOUNTAIN BARREL HOUSE AND ORGANIC BREWERY, LLC",Blue Mountain Barrel House and Organic Brewery,495 COOPERATIVE WAY,ARRINGTON,VA,22922,S,ACTIVE,
VA-S-20132,"MEAN ENTERPRISES, LLC",Mean Spirits Distillery,2401 COLONIAL AVE,NORFOLK,VA,23517,S,ACTIVE,
VA-S-20134,"IRONCLAD DISTILLERY, INC",Ironclad Distillery,1200 PRINCESS ANNE ST,FREDERICKSBURG,VA,22401,S,ACTIVE,
VA-S-20135,"THREE NOTCH'D DISTILLING COMPANY, LLC",Three Notchd Distilling Company,24 CAMPBELL AVE SE,ROANOKE,VA,24011,S,ACTIVE,
VA-S-20136,"MANASSAS BATTLEFIELD TAPROOM AND CAFE, INC.",Badwolf Brewery,9776 CENTER ST,MANASSAS,VA,20110,S,ACTIVE,
VA-S-20138,"HARDYWOOD PARK CRAFT BREWERY, LLC",Hardywood Park Craft Brewery,820 SANCTUARY TRAIL DR,RICHMOND,VA,23238,S,ACTIVE,
VA-S-20139,"CHEM-SOLV, INC.",,1140 INDUSTRY AVE,ROANOKE,VA,24013,S,ACTIVE,
VA-S-20140,"HONKING GOOSE DISTILLERY, LLC",,152 HINSONS FORD RD,AMISSVILLE,VA,20106,S,ACTIVE,
VA-S-20141,"BLUE MOUNTAIN BREWERY, INC.",Blue Mountain Brewery,9519 CRITZERS SHOP RD,AFTON,VA,22920,S,ACTIVE,
VA-S-20142,KP SPIRITS LLC,KP SPIRITS,14233 HUME RD,HUME,VA,22639,S,ACTIVE,
VA-S-20143,SOUTHWEST MOUNTAINS VINEYARDS LLC,Southwest Mountains Vineyards,2100 WHIPPER IN LN,KESWICK,VA,22947,S,ACTIVE,
VA-S-20144,"TWIN CREEKS DISTILLERY, INC.",Crooked Road,140 FRANKLIN ST,ROCKY MOUNT,VA,24151,S,ACTIVE,
VA-S-20145,CALM&FEARLESS LLC,BRAZÚ,39 ENSLOW DR,BASSETT,VA,24055,S,ACTIVE,
VA-S-20146,DREAM SPIRITS INC,Dream Spirits,43449 LOST CORNER RD,LEESBURG,VA,20176,S,ACTIVE,
VA-S-20148,"SHOE CRAZY WINE, LLC",,2001 ANCHOR AVE BLDG,PETERSBURG,VA,23803,S,ACTIVE,
VA-S-20149,CHEF'S MARKET LLC,Chef's Market,11800 MERCHANTS WALK STE 100,NEWPORT NEWS,VA,23606,S,ACTIVE,
VA-S-20150,ABW SUFFOLK LLC,,5941 HARBOUR VIEW BLVD,SUFFOLK,VA,23435,S,ACTIVE,
VA-S-20151,STAR CITY MEADWORKS LLC,Atheling Downtown,123 CAMPBELL AVE SE,ROANOKE,VA,24011,S,ACTIVE,
VA-S-20152,"MOUNT DEFIANCE CIDERY & DISTILLERY, LLC",Mt. Defiance Cidery & Distillery,401 W MAIN ST,LURAY,VA,22835,S,ACTIVE,
VA-S-20154,ASLIN BEER COMPANY,,847 S PICKETT ST,ALEXANDRIA,VA,22304,S,ACTIVE,
VA-S-20155,KP SPIRITS LLC,KP Spirits II,3571 CONICVILLE RD,MOUNT JACKSON,VA,22842,S,ACTIVE,
VA-S-20156,"RIGEL HOLDINGS, LLC",,1668 WINCHESTER RD,DELAPLANE,VA,20144,S,ACTIVE,
VA-S-20157,WINDCHASER MEADERY LLC,Windchaser Meader,6931 RICHMOND RD,WILLIAMSBURG,VA,23188,S,ACTIVE,
VA-S-20158,"REDCOOP, LLC",,208 UNION RUN,LEXINGTON,VA,24450,S,ACTIVE,
VA-S-20159,MCKINNIE ESTATES DISTILLERY LLC,McKinnie Estates Distillery,2715 E JACK JOUETT RD,LOUISA,VA,23093,S,ACTIVE,
VA-S-20160,"THE JUNKYARD CRAFT HOUSE, LLC",,140 WALTERS MILL LN,STEPHENSON,VA,22656,S,ACTIVE,
VA-S-20161,TURTLEAGLE LLC,SEXI Seltzers,1581 COMMERCE ST,WINCHESTER,VA,22601,S,ACTIVE,
VA-S-20162,TEEDUM LLC,,217 S LIBERTY ST UNIT 105,HARRISONBURG,VA,22801,S,ACTIVE,
VA-S-20163,RIVER CITY WHISKEY LLC,,1600 BELLEVILLE ST,RICHMOND,VA,23230,S,ACTIVE,
VA-S-20164,FOUNDING FARMERS NOVA LLC,,1800 TYSONS BLVD STE 70,MCLEAN,VA,22102,S,ACTIVE,
VT-S-14,FLAG HILL FARM INC.,FLAG HILL FARM,135 EWING RD,VERSHIRE,VT,05079,S,ACTIVE,
VT-S-15001,SHELBURNE ORCHARDS COMPANY,SHELBURNE ORCHARDS,216 ORCHARD RD,SHELBURNE,VT,05482,S,ACTIVE,
VT-S-15005,BOYDEN VALLEY WINERY LLC,BOYDEN VALLEY SPIRITS,64 VERMONT ROUTE 104,CAMBRIDGE,VT,05444,S,ACTIVE,
VT-S-15006,"GOAMERICAGO BEVERAGES, LLC",WHISTLEPIG WHISKEY CO,2139 QUIET VALLEY RD,SHOREHAM,VT,05770,S,ACTIVE,
VT-S-15010,"HILLIS' SUGARBUSH FARM AND VINEYARD, LLC",HILLIS' SUGARBUSH FARM & VINEYARD,206 SUGARBUSH FARM RD,COLCHESTER,VT,05446,S,ACTIVE,
VT-S-20005,RED CLOVER BEVERAGES LLC,,397 PATCHEN RD,SOUTH BURLINGTON,VT,05403,S,ACTIVE,
VT-S-20007,"GREEN MOUNTAIN DISTILLERS, LLC",,2919 LAPORTE RD,MORRISVILLE,VT,05661,S,ACTIVE,
VT-S-20009,"VERMONT'S ORIGINAL ICE CREAM, INC.",Wilcox Ice Cream,116 OLD CAMP RD,SUNDERLAND,VT,05250,S,ACTIVE,
VT-S-20011,STILL THYME SPIRITS LLC,,41 E CULVER DR,MIDDLESEX,VT,05602,S,ACTIVE,
VT-S-20013,DALMATION SPIRITS LLC,Green Mountain Spirits,79 STONE MILL DAM RD,BRANDON,VT,05733,S,ACTIVE,
VT-S-20016,"SPINCO, LLC",True Blue Spirits,153 POND LN,MIDDLEBURY,VT,05753,S,ACTIVE,
VT-S-20018,"DANGER CLOSE CRAFT DISTILLING, LLC",Danger Close Craft Distilling,375 LAKE RD UNIT 1,ST ALBANS,VT,05478,S,ACTIVE,
VT-S-20019,"J.B. NEDDO DISTILLERS, LLC",John-Baptiste,77 NEDDO RD,BARRE,VT,05641,S,ACTIVE,
VT-S-20023,"PUCKERBRUSH CIDER COMPANY, LLC",,384 WELD CEMETERY RD,READING,VT,05062,S,ACTIVE,
VT-S-20028,BACKUS DISTILLERY LLC,,377 KENNISON RD,WESTFIELD,VT,05874,S,ACTIVE,
VT-S-20029,"BALTHAZAR REX, LLC",,832 WITHERELL RD,SHOREHAM,VT,05770,S,ACTIVE,
VT-S-20030,"CALEDONIA SPIRITS, INC.",Caledonia Spirits,116 GIN LN,MONTPELIER,VT,05602,S,ACTIVE,
VT-S-20031,"KILLINGTON DISTILLERY, LLC",Killington Distillery,47 OLD MILL RD,KILLINGTON,VT,05751,S,ACTIVE,
VT-S-20032,BLACK FLANNEL DISTILLING COMPANY LLC,,21 ESSEX WAY UNIT 207,ESSEX,VT,05452,S,ACTIVE,
VT-S-20034,"ZG HOLDINGS, LLC",Rescue Club Brewing,716 PINE ST,BURLINGTON,VT,05401,S,ACTIVE,
VT-S-20035,GROENNFELL MEADERY LLC,Groennfell Spirits,650 INDUSTRIAL PARK RD,ST. ALBANS TOWN,VT,05478,S,ACTIVE,
VT-S-20036,"VERMONT HARD CIDER COMPANY, LLC",Green Mountain Beverage,1321 EXCHANGE ST,MIDDLEBURY,VT,05753,S,ACTIVE,
VT-S-20037,"RIPTON MOUNTAIN DISTILLERY, INC.",,12 A PARK ST,BRANDON,VT,05733,S,ACTIVE,
VT-S-20038,VERMONT SPIRITS DISTILLING COMPANY,Vermont Spirits Distilling Co,5573 WOODSTOCK RD,QUECHEE,VT,05001,S,ACTIVE,
VT-S-20039,"SEEDY FRUIT WINE COMPANY, LLC",Seedy Fruit Wine Company,7 SANDERSON RD,MILTON,VT,05468,S,ACTIVE,
VT-S-20040,"KINGDOM BREWING, LLC",Coburn Hill Spirits,353 COBURN HILL RD,NEWPORT,VT,05855,S,ACTIVE,
VT-S-20041,"SPEAK EASY ARTS, LLC",,400 PINE ST UNIT B2,BURLINGTON,VT,05401,S,ACTIVE,
VT-S-20042,VERMONT VERMOUTH LLC,,22 BROWNE CT UNIT 114,BRATTLEBORO,VT,05301,S,ACTIVE,
VT-S-20043,"BALTHAZAR REX, LLC",,1 BRENNAN CIR,POULTNEY,VT,05764,S,ACTIVE,
VT-S-20044,"SNOW FARM WINERY, LLC",Snow Farm Distillery,190 WEST SHORE RD,SOUTH HERO,VT,05486,S,ACTIVE,
VT-S-20046,"ALL FOR ONE, INC.",3 Needs,185 PEARL ST,BURLINGTON,VT,05401,S,ACTIVE,
VT-S-20047,NORTH HARDWICK FARM LLC,High Drive Distillery,2703 BRIDGMAN HILL RD,HARDWICK,VT,05843,S,ACTIVE,
VT-S-20048,LOST LANTERN SPIRITS LLC,Lost Lantern Whiskey,11 MAIN ST STE C100,VERGENNES,VT,05491,S,ACTIVE,
VT-S-20049,"CITIZEN CIDER, LLC",Citizen Cider LLC,316 PINE ST STE 114,BURLINGTON,VT,05401,S,ACTIVE,
VT-S-20050,"VERMONT HARD SELTZER COMPANY, LLC",Vermont Hard Seltzer Company,37 PLEASANT ST,LYNDONVILLE,VT,05851,S,ACTIVE,
VT-S-20051,"SPLIT STILLS, LLC",Split Spirits,88 MAINELLI RD STE 1,MIDDLEBURY,VT,05753,S,ACTIVE,
VT-S-20053,1841 DORSET WEST RD LLC,1841 Dorset West RD,1841 DORSET WEST RD,DORSET,VT,05251,S,ACTIVE,
VT-S-20054,"SHACKSBURY HOLDINGS, INC.",Shacksbury,75 MEIGS RD,VERGENNES,VT,05491,S,ACTIVE,
VT-S-20055,CHRISTOPHER JOHN HADLEY,,1710 WILD APPLE RD,POMFRET,VT,05067,S,ACTIVE,
VT-S-20056,THE FERMENTED FIVE LIMITED LIABILITY COMPANY,Putney Mountain Winery & Spirits,8 BELLOWS FALLS RD,PUTNEY,VT,05346,S,ACTIVE,
VT-S-20057,"THORNHILL FARM, LLC",Thornhill Farm,114 PARK LN,FERRISBURGH,VT,05456,S,ACTIVE,
VT-S-20060,"FABLE FARM FERMENTORY, LLC",Fable Farm Fermentory,1525 ROYALTON TURNPIKE,BARNARD,VT,05031,S,ACTIVE,
VT-S-20061,ANM INC,ARTESANO,1713 INDUSTRIAL PKWY,LYNDONVILLE,VT,05851,S,ACTIVE,
WA-S-15000,"MOUNTAIN DOME WINERY, INC",,16315 E TEMPLE RD,SPOKANE,WA,99217,S,ACTIVE,
WA-S-15010,DRY FLY DISTILLING INC,,1021 W RIVERSIDE AVE,SPOKANE,WA,99201,S,ACTIVE,
WA-S-15016,PACIFIC DISTILLERY LLC,,18808 142ND AVE NE STE NE #4B,WOODINVILLE,WA,98072,S,ACTIVE,
WA-S-15017,ELLENSBURG DISTILLERY LLC,,4621 RADER RD SUITE 1,ELLENSBURG,WA,98926,S,ACTIVE,
WA-S-15018,"SOFT TAIL SPIRITS, LLC",SOFT TAIL SPIRITS,12280 NE WOODINVILLE DR SUITE C,WOODINVILLE,WA,98072,S,ACTIVE,
WA-S-15019,CHALLENGER RIDGE LLC,CHALLENGER RIDGE VINEYARD & CELLARS,43095 CHALLENGER RD,CONCRETE,WA,98237,S,ACTIVE,
WA-S-15022,MT ST HELENS SPIRITS LLC,MT ST HELENS SPIRITS,39704 NE 216TH AVE,AMBOY,WA,98601,S,ACTIVE,
WA-S-15025,"FREE RANGE DISTILLING COMPANY, LTD.",BAINBRIDGE ORGANIC DISTILLERS,"9727 COPPERTOP LOOP NE, BLDG SUITE 101",BAINBRIDGE ISLAND,WA,98110,S,ACTIVE,
WA-S-15026,GERALD D. BOWMAN,BOWMAN ORCHARDS,1120 W MARINA DR,MOSES LAKE,WA,98837,S,ACTIVE,
WA-S-15028,VIN CO.,,198 NICKERSON ST,SEATTLE,WA,98109,S,ACTIVE,
WA-S-15034,"RIVER TOWN DISTILLERS, LLC",,12525 OLD SNOHOMISH-MONROE RD,SNOHOMISH,WA,98290,S,ACTIVE,
WA-S-15037,"FOUR LAKES CHELAN, LLC",,223 HOWARD FLATS RD,CHELAN,WA,98816,S,ACTIVE,
WA-S-15040,"PACIFIC RIM WINEMAKERS, INC.",PACIFIC RIM WINEMAKERS,8111 KEENE RD,RICHLAND,WA,99353,S,ACTIVE,
WA-S-15041,"ROCKRIDGE ENTERPRISES, L.L.C.",ROCKRIDGE ENTERPRISES,41127 212TH AVE,ENUMCLAW,WA,98022,S,ACTIVE,
WA-S-15045,"WOODINVILLE WHISKEY COMPANY, LLC",Woodinville Whiskey Co.,14509 WOODINVILLE REDMOND RD,WOODINVILLE,WA,98072,S,ACTIVE,
WA-S-15047,"SUN LIQUOR MFG, INC.",SUN LIQUOR MFG,17425 68TH AVE NE,KENMORE,WA,98028,S,ACTIVE,
WA-S-15049,BLACK SAM INC,SYLVIA CREEK DISTILLERY,430 S 1ST,MONTESANO,WA,98563,S,ACTIVE,
WA-S-15055,GOLDEN NORTHWEST DISTILLERY,,9746 SAMISH ISLAND RD,BOW,WA,98232,S,ACTIVE,
WA-S-15058,"OOLA INDUSTRIES, LLC",OOLA DISTILLERY,4755 COLORADO AVE S STE B,SEATTLE,WA,98134,S,ACTIVE,
WA-S-15059,"GINKGO FOREST WINERY, LLC",GINKGO DISTILLERY,22561 ROAD T 7,MATTAWA,WA,99349,S,ACTIVE,
WA-S-15060,"SAN JUAN ISLAND DISTILLERY, LLC",,12 ANDERSON LN,FRIDAY HARBOR,WA,98250,S,ACTIVE,
WA-S-15062,KAYAK SPIRITS DISTILLERY LLC,MUTINY BAY DISTILLERY,5490 CAMERON RD,FREELAND,WA,98249,S,ACTIVE,
WA-S-15065,"SOFT TAIL SPIRITS, LLC",,14356 REDMOND WOODINVILLE RD,REDMOND,WA,98052,S,ACTIVE,
WA-S-15067,HUTCH HANDMADE SPIRITS INC.,,2320 E CHERRY #4,SEATTLE,WA,98122,S,ACTIVE,
WA-S-15068,"KOEHLER ENTERPRISES, INC.",EAGLE CLIFFS DISTILLERY,160 WHITEWATER RD,LONGVIEW,WA,98632,S,ACTIVE,
WA-S-15070,CARBON GLACIER DISTILLERY LLC,,533 CHURCH ST,WILKESON,WA,98396,S,ACTIVE,
WA-S-15082,"LACHSELIAN WINE & SPIRITS, LLLP, LACHSELIAN LLC, GP",GLASS DISTILLERY,101 10TH ST S STE 105,KIRKLAND,WA,98033,S,ACTIVE,
WA-S-15086,WHMASCHMEIER L.L.C.,3 Howls Distillery,1315 SE GRACE AVE STE 118,BATTLE GROUND,WA,98604,S,ACTIVE,
WA-S-20001,DAWSON-ALLEY LLC,,1830 BICKFORD AVE STE 108,SNOHOMISH,WA,98290,S,ACTIVE,
WA-S-20002,STILL SHINE LLC,,"5703 208TH AVE, NE",REDMOND,WA,98053,S,ACTIVE,
WA-S-20003,PARLIAMENT DISTILLERY LLC,Parliament Distillery,14209 29TH ST E STE 104,SUMNER,WA,98391,S,ACTIVE,
WA-S-20004,"HERITAGE DISTILLING COMPANY, INC.","Heritage Distilling Company, Inc.",9668 BUJACICH RD,GIG HARBOR,WA,98332,S,ACTIVE,
WA-S-20006,GRIZZLY PIKE LLC,,5840 AIRPORT WAY S STE 211,SEATTLE,WA,98108,S,ACTIVE,
WA-S-20007,SEATTLE DISTILLING COMPANY,Seattle Distilling Company,19429 VASHON HWY SW,VASHON,WA,98070,S,ACTIVE,
WA-S-20008,"BELLEWOOD ACRES, INC",BelleWood Distilling,6140 GUIDE MERIDIAN DR,LYNDEN,WA,98264,S,ACTIVE,
WA-S-20009,AQUAVITAE LLC,The Red Door Distillery,5626 EVERGREEN WAY STE 2,EVERETT,WA,98203,S,ACTIVE,
WA-S-20010,DECEPTION DISTILLING LLC,Deception Distilling,9946 PADILLA HEIGHTS RD,ANACORTES,WA,98221,S,ACTIVE,
WA-S-20014,VANCOUVER DISTILLERY WORKS LLC,,12401 NE 60TH WAY UNIT A7,VANCOUVER,WA,98682,S,ACTIVE,
WA-S-20015,"2 BAR, LLC",,"2960 4TH AVE., S. UNIT 106",SEATTLE,WA,98134,S,ACTIVE,
WA-S-20016,"WAHLUKE WINE COMPANY, INC.",,"23934 T.1 RD., SW",MATTAWA,WA,99349,S,ACTIVE,
WA-S-20018,BELLWETHER YARD LLC,Bellwether Yard,309 S ADAMS ST,HOQUIAM,WA,98550,S,ACTIVE,
WA-S-20020,"BROVO SPIRITS, LLC",broVo Spirits,18808 NE 142ND AVE STE 3A & 3B,WOODINVILLE,WA,98072,S,ACTIVE,
WA-S-20023,"WOODINVILLE WHISKEY COMPANY, LLC",Woodinville Whiskey Co.,8472 S RD NW,QUINCY,WA,98848,S,ACTIVE,
WA-S-20024,"PHILLIPPI FRUIT CO., INC.",Phillippi Fruit Company,1921 FIFTH ST UNIT B,WENATCHEE,WA,98801,S,ACTIVE,
WA-S-20026,EVANSON HANDCRAFTED DISTILLING LLC,Evanson Handcrafted Distilling,1620 E HOUSTON AVE STE 600,SPOKANE,WA,99217,S,ACTIVE,
WA-S-20027,BARBARIAN BEVERAGE L.L.C.,Mt. Index Brewery and Distillery,49315 STATE ROUTE 2,INDEX,WA,98256,S,ACTIVE,
WA-S-20031,"FOUR FREEDOMS LIQUOR COMPANY, LLC.",Old Ballard Liquor Company,4421 SHILSHOLE AVE NW,SEATTLE,WA,98107,S,ACTIVE,
WA-S-20032,"21 WINDOW DISTILLERY, LLC",21 Window Distillery,204 S KOREN RD STE 100,SPOKANE VALLEY,WA,99212,S,ACTIVE,
WA-S-20034,SKYLINE SPIRITS & WINE WORKS COMPANY,Black Heron Spirits,8011 KEENE RD,WEST RICHLAND,WA,99353,S,ACTIVE,
WA-S-20036,SCOTT GALE LAJOYE,LaJoye Cellars,"3810 AUBURN WAY, N STE 404",AUBURN,WA,98002,S,ACTIVE,
WA-S-20038,"ADMIRALTY DISTILLERS, INC.",,820 LAKE ST,PORT TOWNSEND,WA,98368,S,ACTIVE,
WA-S-20040,"TINBENDER CRAFT DISTILLERY, LLC",Tinbender Craft Distillery,32 W 2ND AVE STE 400,SPOKANE,WA,99201,S,ACTIVE,
WA-S-20041,"ZZAPHORIA SPIRITS, LLC",ZZAPHORIA SPIRITS,15613 -A PETERSON RD,BURLINGTON,WA,98233,S,ACTIVE,
WA-S-20043,JEANETTE C. TUCKER & DAVID P TUCKER,TUCKER DISTILLERY,5451 NW NEWBERRY HILL RD STE 104,SILVERDALE,WA,98311,S,ACTIVE,
WA-S-20044,SCHNAPSLEICHE LLC,,"19151 144TH AVE, NE SPACE H",WOODINVILE,WA,98072,S,ACTIVE,
WA-S-20045,SEASPIRITS LLC,,"16110 WOODINVILLE REDMOND RD, NE STE 3 & 4",WOODINVILLE,WA,98072,S,ACTIVE,
WA-S-20046,TOOTALL SOLUTIONS LLC,Spurgeon Creek Distillery,5238 BOSTON HARBOR RD NE,OLYMPIA,WA,98506,S,ACTIVE,
WA-S-20047,GLACIER PEAK INC.,,58575 STATE ROUTE 20 BLDG B,ROCKPORT,WA,98283,S,ACTIVE,
WA-S-20048,PIN UP DISTILLERY LLC,Pin Up Distillery LLC,152 WALLACE RD,WOODLAND,WA,98674,S,ACTIVE,
WA-S-20049,AMBER WAVES DISTILLING COMPANY LLC,StoutHeart Distillery and Inland Handmade Spirits,303 7TH ST,DAVENPORT,WA,99122,S,ACTIVE,
WA-S-20051,SKUNK BROTHERS SPIRITS INC.,SKUNK BROTHERS SPIRITS,40 SW CASCADE AVE STE 45,STEVENSON,WA,98648,S,ACTIVE,
WA-S-20052,RONALD J BERGMAN & LESLIE J BERGMAN,Spring Lakes Farm,237477 W HIGHWAY 101,PORT ANGELES,WA,98363,S,ACTIVE,
WA-S-20053,"TROY STRONG, INC.",,2120 GRANT ST UNIT 6,BELLINGHAM,WA,98225,S,ACTIVE,
WA-S-20055,"WAWHO DOT COM, INC.",Blackfish Spirits Distillery,420 37TH ST NW STE A,AUBURN,WA,98001,S,ACTIVE,
WA-S-20056,BLUE SPIRITS DISTILLING LLC,Blue Spirits Distilling,920 FRONT ST STE B1,LEAVENWORTH,WA,98826,S,ACTIVE,
WA-S-20059,"SALISH SEA ORGANIC LIQUEURS LIMITED PARTNERSHIP, AEGIR, INC. GENERAL PARTNER",,"2641 WILLAMETTE DR., NE STE D",LACEY,WA,98516,S,ACTIVE,
WA-S-20060,WHISKEY GAP DISTILLERY LLC,Whiskey Gap Distillery,213 W MAIN AVE STE A,RITZVILLE,WA,99169,S,ACTIVE,
WA-S-20062,"SOLAR SPIRITS, LLC",,2409 ROBERTSON DR,RICHLAND,WA,99354,S,ACTIVE,
WA-S-20064,BALLARD SPIRITS LLC,,4203 23RD AVE W,SEATTLE,WA,98199,S,ACTIVE,
WA-S-20065,"4 LEAF SPIRITS, LLC",Puget Sound Rum Company,12280 NE WOODINVILLE DR STE C,WODINVILLE,WA,98072,S,ACTIVE,
WA-S-20066,DW DISTILLING LLC,DW Distilling,360 B ST,WALLA WALLA,WA,98362,S,ACTIVE,
WA-S-20070,SKYBOUND SPIRITS LLC,,945 ELLIOTT AVE. W STE 202,SEATTLE,WA,98119,S,ACTIVE,
WA-S-20072,LONGBOAT TRADING LLC,Port Angeles Distilling Company,127 E FIRST ST STE 4W,PORT ANGELES,WA,98362,S,ACTIVE,
WA-S-20075,SAVAGE BOAR INC.,Savage Boar Spirits,11902 W 21ST AVE,AIRWAY HEIGHTS,WA,99201,S,ACTIVE,
WA-S-20076,SCENIC ACRES ORCHARD LLC,,11901 ZIER RD,YAKIMA,WA,98908,S,ACTIVE,
WA-S-20077,"KISS LIQUEURS, INC.",Kiss Liqueurs,30741 THIRD AVE BLDG 150,BLACK DIAMOND,WA,98010,S,ACTIVE,
WA-S-20081,MAPLE FALLS LIQUOR INC,lenda spirits,377 W 2ND ST,SUMAS,WA,98295,S,ACTIVE,
WA-S-20082,"COWLITZ RIVER DISTILLERY, LLC",,"703 15 JACKSON HWY, S",TOLEDO,WA,98591,S,ACTIVE,
WA-S-20087,HOUGHTON SPRINGS DISTILLING LLC,,2309 HOUGHTON RD,ZILLAH,WA,98953,S,ACTIVE,
WA-S-20088,"CASCADIA DISTILLING, LLC",CASCADIA DISTILLING,1600 KENTUCKY ST STE C2,BELLINGHAM,WA,98229,S,ACTIVE,
WA-S-20091,SAHALEE LIQUOR COMPANY INC.,Diaz Beverage Company,18009 NE 76TH ST STE 103,REDMOND,WA,98052,S,ACTIVE,
WA-S-20093,"DARIUSH DISTILLING, LLC",redtiespirits,131 S APPLE BLOSSOM DR,CHELAN,WA,98816,S,ACTIVE,
WA-S-20095,"STOCK TWENTY-ONE, LLC",,474 GRANT RD,EAST WENATCHEE,WA,98802,S,ACTIVE,
WA-S-20096,"SNOWBRIDGE DISTILLING, LLC",Snowbridge Importing,309 S CLOVERDALE ST STE C8,SEATTLE,WA,98108,S,ACTIVE,
WA-S-20097,"BLACK MAGIC BEVERAGES, LLC",,13749 MIDVALE AVE N STE 2,SEATTLE,WA,98133,S,ACTIVE,
WA-S-20099,CENTENNIAL SPIRITS LLC,,15823 OK MILL RD,SNOHOMISH,WA,98290,S,ACTIVE,
WA-S-20100,"BERLE W. FIGGINS, JR",XO ALAMBIC,700 ARTISAN WAY STE J,DAYTON,WA,99328,S,ACTIVE,
WA-S-20101,WHISKEY TREE DISTILLING LLC,Whiskey Tree Distilling,1162 WIND RIVER HWY STE C,CARSON,WA,98610,S,ACTIVE,
WA-S-20102,THE WESTLAND DISTILLERY COMPANY LIMITED,,2931 1ST AVE S STE B,SEATTLE,WA,98134,S,ACTIVE,
WA-S-20104,"HOOD RIVER DISTILLERS, INC.",Captive Spirits,1138 W EWING ST STE C,SEATTLE,WA,98119,S,ACTIVE,
WA-S-20105,"JOSE MIGUEL PURO, LLC",The Distillarium,2305 INDUSTRY LN UNIT B & J,YAKIMA,WA,98901,S,ACTIVE,
WA-S-20108,"FLAT HAT DISTILLING, INC.",Flat Hat Distilling,44 AMARO FARM RD,FRIDAY HARBOR,WA,98250,S,ACTIVE,
WA-S-20110,PRECEPT BRANDS LLC,Browne Family Spirits,714 N LEE ST,SPOKANE,WA,99202,S,ACTIVE,
WA-S-20114,"TAPENADE, INC.",Wilridge Distillery,2830 NACHES HEIGHTS RD,YAKIMA,WA,98908,S,ACTIVE,
WA-S-20116,"WHEELHOUSE DISTILLERY, LLC",Wheelhouse Distillery,9116 S MARCHS PT RD UNIT D-170,ANACORTES,WA,98211,S,ACTIVE,
WA-S-20118,THREE MONKS DISTILLERY LLC,Three Monks Distillery,16725 140TH AVE NE UNIT C,WOODINVILLE,WA,98072,S,ACTIVE,
WA-S-20120,"OOMRANG, INC.",Oomrang,31129 PIONEER HWY,STANWOOD,WA,98292,S,ACTIVE,
WA-S-20122,COPPER JACKET DISTILLERS LLC,,824 E 8TH ST STE D,PORT ANGELES,WA,98362,S,ACTIVE,
WA-S-20125,"BLACK RING, LLC",Black Ring Spirits,1700 SE MILE HILL DR STE 1750,PORT ORCHARD,WA,98366,S,ACTIVE,
WA-S-20126,MAI BROTHERS INC,Alphabet Vodka,5219 4TH AVENUE S,SEATTLE,WA,98108,S,ACTIVE,
WA-S-20128,BATTLE CREST DISTILLARY LLC,Battle Crest Distillary,27100 NE 90TH AVE,BATTLE GROUND,WA,98604,S,ACTIVE,
WA-S-20129,STILL VALLEY SPIRITS LLC,,12323 STATE ROUTE162 E,PUYALLUP,WA,98374,S,ACTIVE,
WA-S-20130,ALEXANDRIA NICOLE CELLARS L.L.C.,,158422 SONOVA RD,PROSSER,WA,99350,S,ACTIVE,
WA-S-20131,CASH EDWARD KRAMER,Coyote Distillery,22908 E HENRY RD,LIBERTY LAKE,WA,99019,S,ACTIVE,
WA-S-20132,"CEDAR RAIN SPIRITS, LLC",Cedar Rain Spirits,625 E ST BLDG 808,WALLA WALLA,WA,99362,S,ACTIVE,
WA-S-20133,NEVERMIND DISTILLERY LLC,,230 RUSTIC HOMESTEAD LN,EASTSOUND,WA,98245,S,ACTIVE,
WA-S-20142,BRON-YR-AUR INVESTMENTS CORP.,Oak Creek Brewstillery,10160 S NACHES RD,NACHES,WA,98937,S,ACTIVE,
WA-S-20144,THE NOEL CORPORATION,Noel Canning,1011 S THIRD ST,YAKIMA,WA,98901,S,ACTIVE,
WA-S-20145,"ROZA HILLS VINEYARDS, LLC",Grapeworks Distilling,2020 VINTAGE RD,ZILLAH,WA,98953,S,ACTIVE,
WA-S-20146,TERRAMAR LLC,Terramar,5712 GILKEY AVE,EDISON,WA,98232,S,ACTIVE,
WA-S-20147,SHAWNEE HILL FARM LLC,Shawnee Hill Farm,24725 WAX ORCHARD RD SW,VASHON,WA,98070,S,ACTIVE,
WA-S-20148,RED BRIDGE DISTILLERY LLC,Red Bridge Distillery,5951 RED BRIDGE RD,CLE ELUM,WA,98922,S,ACTIVE,
WA-S-20149,FOURMAN LLC,Tradesmen Distillery,1 37TH ST NW UNIT A,AUBURN,WA,98001,S,ACTIVE,
WA-S-20150,LAWRENCE CRONIN,Mountain Meadow Distillery,6716 E BIG MEADOWS RD BLDG 1,CHATTAROY,WA,99003,S,ACTIVE,
WA-S-20152,"SKALITUDE POLLINATOR SANCTUARY, INC.",Spirit of The Hive,1319 E METHOW VALLEY HWY UNIT B,TWISP,WA,98856,S,ACTIVE,
WA-S-20153,CONFEDERATED TRIBES OF THE CHEHALIS RESERVATION,Talking Cedar Distillery,19770 SARGENT RD SW UNIT A,GRAND MOUND,WA,98579,S,ACTIVE,
WA-S-20156,ROASTPANO BEYOND LLC,Kelnero Beyond,545 MAIN ST STE B,EDMONDS,WA,98020,S,ACTIVE,
WA-S-20157,"LODGEPOLE DISTILLING, LLC",,7356 35TH AVE SW STE 200,SEATTLE,WA,98126,S,ACTIVE,
WA-S-20160,"PERCIVAL CREEK DISTILLING, LLC",Percival Creek Distilling,4200 CAPITOL BLVD SE STE 100,TUMWATER,WA,98501,S,ACTIVE,
WA-S-20161,"HERITAGE DISTILLING COMPANY, INC.",Heritage Distilling Company,4200 SE CAPITOL BLVD,TUMWATER,WA,98502,S,ACTIVE,
WA-S-20162,SENNZAFINNE LIBATIONS LLC,SennzaFinne Libations LLC,700 NW 42ND ST STE 114,SEATTLE,WA,98107,S,ACTIVE,
WA-S-20164,OLDE TYME DISTILLERY CO.,Olde Tyme Spirits,4467 C WILLIAMSON RD,CLAYTON,WA,99110,S,ACTIVE,
WA-S-20167,MOSES LAKE DISTILLERY LLC,,1096 ROAD L4 SE UNIT C11,MOSES LAKE,WA,98837,S,ACTIVE,
WA-S-20168,WISE FOOL SPIRITS LLC,Wise Fool Spirits,826 NW 49TH ST,SEATTLE,WA,98107,S,ACTIVE,
WA-S-20170,THE WESTLAND DISTILLERY COMPANY LIMITED,Westland,11281 JENSEN LN,BURLINGTON,WA,98233,S,ACTIVE,
WA-S-20172,"CHURCH MOUNTAIN DISTILLERY, LLC",,9946 MT BAKER HWY,DEMING,WA,98244,S,ACTIVE,
WA-S-20173,TACOMA IMPROVEMENT CLUB LLC,Rare Cane Ltd,2205 70TH AVE W UNIT # 06,UNIVERSITY PLACE,WA,98466,S,ACTIVE,
WA-S-20175,SPEED SHIFT DISTILLERY LLC,,6109 NEEVEL,FERNDALE,WA,98248,S,ACTIVE,
WA-S-20176,"TODDEE HOLDINGS, LLC",Crooked Neck Spirits,19495 144TH AVE NE UNIT B-200,WOODINVILLE,WA,98072,S,ACTIVE,
WA-S-20177,"GOOSE RIDGE, LLC",GR Distillery,63615 E JACOBS RD,BENTON CITY,WA,99320,S,ACTIVE,
WA-S-20179,SPECIALTY COFFEE LLC,SOS Coldbrew,9130 15TH PL S STE F,SEATTLE,WA,98418,S,ACTIVE,
WA-S-20180,"FAIRWINDS WINERY, INCORPORATED",Port Townsend distilling,1924 HASTINGS AVE W,PORT TOWNSEND,WA,98368,S,ACTIVE,
WA-S-20182,PLEASANT HILL DISTILLERY,Pleasant Hill Distillery,223 FLATT RD,KELSO,WA,98626,S,ACTIVE,
WA-S-20184,FAST PENNY SPIRITS INC,Fast Penny Spirits,1138 W EWING ST STE B,SEATTLE,WA,98119,S,ACTIVE,
WA-S-20185,BLACK MOON BITTERS LLC,BLACK MOON BITTERS,1137 N 96TH ST STE D1,SEATTLE,WA,98103,S,ACTIVE,
WA-S-20186,STE. MICHELLE WINE ESTATES LLC,,14111 NE 145TH ST,WOODINVILLE,WA,98072,S,ACTIVE,
WA-S-20189,STE. MICHELLE WINE ESTATES LLC,,"STATE ROUTE 14, 10 MILES WEST OF PATERSO",PATERSON,WA,99345,S,ACTIVE,
WA-S-20190,STE. MICHELLE WINE ESTATES LLC,,ROUTE 221 ONE MILE NORTH OF PATERSON,PATERSON,WA,99345,S,ACTIVE,
WA-S-20192,RESZOLVE LLC,Maury Island Whiskey,4410 SW POINT ROBINSON RD,VASHON,WA,98070,S,ACTIVE,
WA-S-20193,"FOUR FEATHERS WINE ESTATES, LLC",Four Feathers Wine Estates,101 BENITZ RD,PROSSER,WA,99350,S,ACTIVE,
WA-S-20194,BIG COUNTRY DISTILLERY LLC,Big Country Distillery,2762 PEACE PORTAL DR UNIT E 118,BLAINE,WA,98230,S,ACTIVE,
WA-S-20195,PREMIUMCO LLC,Spring Valley Vinyard,1663 CORKRUM RD,WALLA WALLA,WA,99362,S,ACTIVE,
WA-S-20196,PREMIUMCO LLC,Northstar,1736 J.B. GEORGE RD,WALLA WALLA,WA,99362,S,ACTIVE,
WA-S-20198,SCHILLING CIDER LLC,Schilling Cider,4402 D ST NW STE 101,AUBURN,WA,98001,S,ACTIVE,
WA-S-20199,"LINEAGE DISTILLERY, LLC",The Decanted Library,9723 COPPERTOP LOOP NE STE 201,BAINBRIDGE ISLAND,WA,98110,S,ACTIVE,
WA-S-20201,MR. E'S DISTILLING LLC,Mr. E's,1096 ROAD L.4 SE UNIT B12,MOSES LAKE,WA,98837,S,ACTIVE,
WA-S-20202,"HELLS CANYON DISTILLERY, LLC",,63 TRANQUIL LN BLDG B,ANATONE,WA,99401,S,ACTIVE,
WA-S-20203,SENNZAFINNE LIBATIONS LLC,SennzaFinne Libations,3401 THORNDYKE AVE W STE 119,SEATTLE,WA,98119,S,ACTIVE,
WA-S-20204,PRECEPT BRANDS LLC,,1102 W CHERRY ST,WALLA WALLA,WA,99362,S,ACTIVE,
WA-S-20205,SAHALEE LIQUOR COMPANY WA LLC,,4020 HARRISON AVE BLDG B,CENTRALIA,WA,98531,S,ACTIVE,
WA-S-20207,"HUNEY JUN, LLC",Huney Jun,10090 MAIN ST UNIT 3,PESHASTIN,WA,98847,S,ACTIVE,
WA-S-20208,"WEISS CREEK, LLC",,15805 242ND ST SE,SNOHOMISH,WA,98296,S,ACTIVE,
WA-S-20209,REMLINGER FARM LLC,Remlinger Farms,32610 NE 32ND ST,CARNATION,WA,98014,S,ACTIVE,
WA-S-20210,WILD SPIRITS DISTILLING COMPANY LLC,Wild Spirits Distilling,102 W MARTIN LUTHER KING JR. BLVD STE 2,YAKIMA,WA,98902,S,ACTIVE,
WA-S-20211,TYSON CURTIS SCHILLING,Rustic Distillery,155 NE ROSE ST,COLLEGE PLACE,WA,99324,S,ACTIVE,
WA-S-20212,"OAKS BLOOD DISTILLERY, LLC",Oaks Blood Distillery,1635 S WALNUT ST STE A,BURLINGTON,WA,98233,S,ACTIVE,
WA-S-20213,IVRE BON BONS LLC,,1422 31ST AVE S,SEATTLE,WA,98144,S,ACTIVE,
WA-S-20214,"BEES N HONEY, LLC",Paddock,1000 NE COLORADO ST UNIT UPPER,PULLMAN,WA,99163,S,ACTIVE,
WA-S-20215,"WOODLAND MEADOW FARMS, LLC",Dairyland Distilling,12125 TREOSTI RD,SNOHOMISH,WA,98290,S,ACTIVE,
WA-S-20216,FLETCHER FAMILY FARMS LLC,,140 FLETCHER RD,OROVILLE,WA,98844,S,ACTIVE,
WA-S-20217,"FIREWATER DISTILLERY, LLC",Rainfire,19835 SE 248TH ST STE B,MAPLE VALLEY,WA,98038,S,ACTIVE,
WA-S-20219,ANDERSON CREEK FARM LLC,,46526 STATE ROUTE 2,GOLD BAR,WA,98251,S,ACTIVE,
WA-S-20221,"SCHOONER EXACT, LLC",,3902 1ST AVE,SEATTLE,WA,98134,S,ACTIVE,
WA-S-20222,"WOODBORNE, LLC",Woodborne Spirits,2442 MOTTMAN RD SW STE B,TUMWATER,WA,98512,S,ACTIVE,
WA-S-20223,KENNETH ALBERT SCHILLING,Captain Kenn's High Spirits,18601 S COUNTRY LN BLDG 2,SPANGLE,WA,99031,S,ACTIVE,
WA-S-20225,KING CIDER LLC,King Cider,20430 111TH AVE SW,VASHON,WA,98070,S,ACTIVE,
WA-S-20227,509 SPIRITS LLC,,4020 HARRISON AVE STE C,CENTRALIA,WA,98531,S,ACTIVE,
WA-S-20228,"PASAYTEN WHISKEY, LLC.",,2 COUNTRY RD,MAZAMA,WA,98862,S,ACTIVE,
WA-S-20229,F.LLI CENTANNI DISTILLERY INC,,1631 15TH AVENUE W STE 222,SEATTLE,WA,98119,S,ACTIVE,
WA-S-20230,STILLAGUAMISH DISTILLING,Stillaguamish Distilling,23810 OLD HIGHWAY 99 N,ARLINGTON,WA,98223,S,ACTIVE,
WA-S-20231,STAIRWELL DISTILLERY LLC,,7525 123RD AVE NE,LAKE STEVENS,WA,98258,S,ACTIVE,
WA-S-20232,"COL SOLARE, LLC",COL SOLARE WINERY,50207 ANTINORI RD,BENTON CITY,WA,99320,S,ACTIVE,
WA-S-20233,PRETTY PRETTY DRINKS CORPORATION,Pretty Pretty Drinks,13749 MIDVALE AVE N STE 2,SEATTLE,WA,98133,S,ACTIVE,
WA-S-20234,JK ELIXIRS INC,JK Elixirs,26727 158TH AVE E,GRAHAM,WA,98338,S,ACTIVE,
WA-S-20235,"TRUCE SPIRITS, LLC",,1128 POPLAR PL S UNIT 204,SEATTLE,WA,98144,S,ACTIVE,
WA-S-20236,GLENDALE SHEPHERD LLC,Wheyfarer Spirits,7616 GLENDALE HEIGHTS RD,CLINTON,WA,98236,S,ACTIVE,
WA-S-20238,"BLOCK ONE DISTILLERY, LLC",,1911 SELPH LANDING RD,PASCO,WA,99301,S,ACTIVE,
WA-S-20239,GOLDENCELLO LLC,,5840 AIRPORT WAY S STE 216,SEATTLE,WA,98108,S,ACTIVE,
WA-S-20240,BONAPARTE CREEK LLC,Bonaparte Creek LLC,824 HIGHWAY 20 E,TONASKET,WA,98855,S,ACTIVE,
WA-S-20241,SEDRO WOOLLEY DISTILLING LLC,,415 S THIRD ST STE B,MT. VERNON,WA,98273,S,ACTIVE,
WA-S-20242,MOONSHINE BAY DISTILLERY LLC,Moonshine Bay Distillery,42395 N JUMP CANYON RD,CRESTON,WA,99117,S,ACTIVE,
WA-S-20243,COLUMBIA DISTILLERY INCORPORATED,,151 S PARALLEL AVE UNIT B,DALLESPORT,WA,98617,S,ACTIVE,
WA-S-20244,CANAL STREET VENTURES LLC,Fremont Mischief Distillery,132 N CANAL ST,SEATTLE,WA,98103,S,ACTIVE,
WA-S-20246,PRECEPT BRANDS LLC,,10518 W HIGHWAY 12,WALLA WALLA,WA,99362,S,ACTIVE,
WA-S-20247,KNOBBS FAMILY FARM LLC,The Lark and Willow,23133 W ORCUTT RD,BENTON CITY,WA,99320,S,ACTIVE,
WA-S-20248,DETA INVESTMENTS LLC,Base Camp Distilling Co.,939 FRONT STREET UNIT B,LEAVENWORTH,WA,98826,S,ACTIVE,
WA-S-20249,"MADRONA DISTILLING, INC.",Madrona Distillery,208 ENCHANTED FOREST RD STE D,EASTSOUND,WA,98245,S,ACTIVE,
WA-S-20250,BENSON SPIRITS LLC,,8556 GREENWOOD AVE N,SEATTLE,WA,98103,S,ACTIVE,
WA-S-20251,ROZA ESTATES LLC,Roza Estates Vineyards,2022 VINTAGE RD,ZILLAH,WA,98953,S,ACTIVE,
WA-S-20252,JASON J SCHMIDT,,63405 SUNSET VIEW PR SE BLDG B,BENTON CITY,WA,99320,S,ACTIVE,
WA-S-20253,"RM WINERIES, LLC",,795 N BEVERLY BURKE RD,QUINCY,WA,98848,S,ACTIVE,
WI-S-15000,"AEPPELTREOW, INC.",,1072 288TH AVE,BURLINGTON,WI,53105,S,ACTIVE,
WI-S-15001,"GREAT LAKES DISTILLERY, LLC",GREAT LAKES DISTILLERY,616 W VIRGINIA ST,MILWAUKEE,WI,53204,S,ACTIVE,
WI-S-15005,"YAHARA BAY DISTILLERS, INC.",Yahara Bay Distillers,6250 NESBITT RD,FITCHBURG,WI,53719,S,ACTIVE,
WI-S-15007,MIDWEST CUSTOM BOTTLING LLC,,N27 W23921 PAUL RD STE A,PEWAUKEE,WI,53072,S,ACTIVE,
WI-S-15010,"CITY BREWING COMPANY, LLC",,1106 S 3RD ST,LA CROSSE,WI,54601,S,ACTIVE,
WI-S-15017,THE NORTH WOODS DISTILLERY LLC,,135 W MAIN ST,COLEMAN,WI,54112,S,ACTIVE,
WI-S-15019,GLOBAL UNIVERSAL SRL,MINHAS MICRO DISTILLERY,1302 14TH AVE UNITS A -,MONROE,WI,53566,S,ACTIVE,
WI-S-15020,CLOVER MEADOW LLC,,23396 THOMPSON RD,SHELL LAKE,WI,54871,S,ACTIVE,
WI-S-15021,"VAN DRASTIC, LLC",,SAUK TRAIL RD,CEDAR GROVE,WI,53013,S,ACTIVE,
WI-S-15022,HENRY FARMS PRAIRIE SPIRITS LLC,Henry Farms Prairie Spirits,7794 PATTON RD,DANE,WI,53529,S,ACTIVE,
WI-S-18,GALLOWAY COMPANY,Galloway Company,601 S COMMERCIAL ST,NEENAH,WI,54956,S,ACTIVE,
WI-S-20002,ARTY'S INC. PARTNERSHIP,Artys,18 6TH ST,CLINTONVILLE,WI,54929,S,ACTIVE,
WI-S-20004,HENDRICKS FAMILY DISTILLERY LLC,,3570 N COUNTY ROAD K,OMRO,WI,54963,S,ACTIVE,
WI-S-20005,"WHITE WINTER WINERY, INC.",,68323 LEA ST STE A,IRON RIVER,WI,54847,S,ACTIVE,
WI-S-20006,B & E DISTILLERY INC.,,N3465 GREEN VALLEY RD,PULASKI,WI,54162,S,ACTIVE,
WI-S-20010,CENTRAL STANDARD LLC,Central Standard LLC,2330 W CLYBOURN ST,MILWAUKEE,WI,53233,S,ACTIVE,
WI-S-20013,"ST. CROIX SPIRITS, LLC",,117 3 1/2 ST,CLAYTON,WI,54004,S,ACTIVE,
WI-S-20016,"ERB ENTERPRISES, LLC",,408 MAIN ST,WOODMAN,WI,53827,S,ACTIVE,
WI-S-20019,"JAMESTOWN DISTILLERY, LLC",,4547 TIMBER LN,KIELER,WI,53812,S,ACTIVE,
WI-S-20020,ANGRY SPIRITS DISTILLING LLC,,15896 US HIGHWAY 63,HAYWARD,WI,54843,S,ACTIVE,
WI-S-20024,MEISENBURG BREWING AND DISTILLING LLC,Treboles and Key,,MALONE,WI,53049,S,ACTIVE,
WI-S-20034,"DOCATTYS, LLC",,109 N MAIN ST UNIT 2,WAUPACA,WI,54981,S,ACTIVE,
WI-S-20037,DUCK CREEK VINEYARD AND WINERY LLC,Denmark Distilling,5046 CTY RD R,DENMARK,WI,54208,S,ACTIVE,
WI-S-20038,"DRIFTLESS PURE, LLC",Red State Spirits,129 E VINE ST,LA CROSSE,WI,54601,S,ACTIVE,
WI-S-20039,LEDGESTONE ESTATE LLC,LedgeStone Vineyards,6381 STATE HIGHWAY 57,GREENLEAF,WI,54126,S,ACTIVE,
WI-S-20042,IMAGINARY FACTORY LLC,Imaginary Factory,1401 NORTHERN CT,MADISON,WI,53703,S,ACTIVE,
WI-S-20046,CULLEN AND HARRISON LLC,Plain Spoke Cocktail Company,5353 MALY RD STE B,SUN PRAIRIE,WI,53590,S,ACTIVE,
WI-S-20048,AVID DRINKERS LLC,Avid Drinkers LLC,1413 NORTHERN CT,MADISON,WI,53703,S,ACTIVE,
WI-S-20049,OCTOPI BREWING LLC,Octopi,1131 UNIEK DR,WAUNAKEE,WI,53597,S,ACTIVE,
WI-S-20050,DOG AND SHRUB DISTILLERY LLC,Dog and Shrub Distillery,145 INDUSTRIAL DR,LAKE MILLS,WI,53551,S,ACTIVE,
WI-S-20051,THE EAU CLAIRE BREWING PROJECT LLC,The Brewing Projekt,1807 N OXFORD AVE,EAU CLAIRE,WI,54703,S,ACTIVE,
WI-S-20054,"ANCHOR STILLHOUSE HOLDINGS, LLC",Waterford Stillhouse,228 E MAIN ST,WATERFORD,WI,53185,S,ACTIVE,
WI-S-20056,"CIDER FARM BRANDS, LLC",The Cider Farm,1537 GILSON ST,MADISON,WI,53715,S,ACTIVE,
WI-S-20057,OAK HAVEN DISTILLERY LLC,,12722 COUNTY ROAD V,GLEN HAVEN,WI,53810,S,ACTIVE,
WI-S-20059,"TWELVE5 BEVERAGE CO., LLC",,590 ENTERPRISE DR,NEENAH,WI,54956,S,ACTIVE,
WI-S-20062,"FORTRESS NUTRITION, LLC",Fortress Nutrition,16595 W STRATTON DR,NEW BERLIN,WI,53151,S,ACTIVE,
WI-S-20063,"TATTERSALL COMPANIES, LLC",Tattersall Distilling Company,1777 PAULSON RD,RIVER FALLS,WI,54022,S,ACTIVE,
WI-S-20064,"TRES LUCKY, LLC",Lucky Guys Distillery,101 SECOND ST UNIT 101 & 212 FIRST ST UNIT 214,HUDSON,WI,54016,S,ACTIVE,
WI-S-20066,MOLSON COORS BEVERAGE COMPANY USA LLC,,3939 W HIGHLAND BLVD,MILWAUKEE,WI,53208,S,ACTIVE,
WI-S-20067,NATURAL SPIRITS LLC,,686 PROGRESS WAY UNIT #10,SUN PRAIRIE,WI,53590,S,ACTIVE,
WI-S-20068,"WISCONSIN BREWING COMPANY, LLC",Wisconsin Brewing Company,1079 AMERICAN WAY,VERONA,WI,53593,S,ACTIVE,
WI-S-20073,SPIRITS OF NORWAY VINEYARD LLC,,22200 W 6 MILE RD,FRANKSVILLE,WI,53126,S,ACTIVE,
WI-S-20074,WALSH BOTTLING LLC,Walsh Bottling,903 NORTH ST UNIT 7D,NEW LONDON,WI,54961,S,ACTIVE,
WI-S-20075,STATESIDE BRANDS LLC,,1106 S 3RD ST,LACROSSE,WI,54601,S,ACTIVE,
WI-S-20076,"LIFT BRIDGE BREWING TECHNOLOGIES, LLC",Lift Bridge Brewing Co,1280 MADISON AVE,NEW RICHMOND,WI,54017,S,ACTIVE,
WI-S-20077,"WHITE BEAR SPIRITS, LLC",SoLu Estate Winery,N3041 W COUNTY ROAD A,CASCADE,WI,53011,S,ACTIVE,
WI-S-20080,"EXPERIMENTAL SPIRITS, INC",,2330 W MITCHELL RD BLDG B,EAU CLAIRE,WI,54701,S,ACTIVE,
WI-S-20083,"SPRECHER BREWING COMPANY, LLC",Sprecher Brewing co.,701 W GLENDALE AVE,GLENDALE,WI,53209,S,ACTIVE,
WI-S-20084,"PILOT PROJECT BREWING MILWAUKEE, LLC",,1128 N 9TH ST,MILWAUKEE,WI,53233,S,ACTIVE,
WI-S-20085,ASPEN SKY LLC,Aspen Sky,860 ENTERPRISE DR,SLINGER,WI,53086,S,ACTIVE,
WI-S-20088,EAGLE TRACE BREWING COMPANY LLC,Eagle Park Distilling,823 E HAMILTON ST,MILWAUKEE,WI,53202,S,ACTIVE,
WI-S-20089,AMAZING ICE CREAM LLC,Third Coast Frozen Distillery,125 W GRAND AVE,PORT WASHINGTON,WI,53074,S,ACTIVE,
WI-S-20090,"CENTRAL WATERS BREWING CO.,  INC.",Central Waters Brewing And Distilling,340 ALLEN ST,AMHERST,WI,54406,S,ACTIVE,
WI-S-20091,YOUNG BLOOD BEER COMPANY LLC,Young Blood Beer Company,1915 S STOUGHTON RD,MADISON,WI,53718,S,ACTIVE,
WI-S-20092,MERSHONIAN CIDERY LLC,Mershon's Cidery,124 W MAIN ST,STOUGHTON,WI,53589,S,ACTIVE,
WI-S-20093,WILCRAFT CAN LLC,,9775 S 60TH ST,FRANKLIN,WI,53132,S,ACTIVE,
WI-S-20095,UNBOUND SPIRITS LLC,unbound spirits llc,318 STEELE ST,ALGOMA,WI,54201,S,ACTIVE,
WI-S-20096,THE WORKS CORPORATION,Old Station 31 Spirits,W9689 STATE ROAD 96,DALE,WI,54931,S,ACTIVE,
WI-S-20097,"POTOSI BEVERAGE COMPANY, LLC",,215 S MAIN ST,POTOSI,WI,53820,S,ACTIVE,
WI-S-20098,"BARABOO BLUFF WINERY, LLC",Badger Brandy,S2229 TIMOTHY LN,BARABOO,WI,53913,S,ACTIVE,
WI-S-20099,ASSOCIATED BREWING COMPANY LLC,AlcSource,1106 S 3RD STREET,LA CROSSE,WI,54601,S,ACTIVE,
WI-S-20100,WISCINERY LLC,,3640 BIENEMAN RD,BURLINGTON,WI,53105,S,ACTIVE,
WI-S-20101,"MOM WATER, LLC",Mom Water,925 S 3RD ST,LA CROSSE,WI,54601,S,ACTIVE,
WI-S-20103,SPB LLC,Stevens Point Brewery,2617 WATER ST,STEVENS POINT,WI,54481,S,ACTIVE,
WI-S-20104,SNFOOD & BEVERAGE LLC,,1128 N 9TH ST,MILWAUKEE,WI,53233,S,ACTIVE,
WI-S-20105,YARD PARK LLC,The Yard Distilling Co,136 HURON AVE,OCONTO,WI,54153,S,ACTIVE,
WI-S-20106,NEW GLARUS BREWING COMPANY,,119 COUNTY HWY W,NEW GLARUS,WI,53574,S,ACTIVE,
WI-S-20107,"MISGUIDED SPIRITS, INC.",Misguided Spirits,2330 W CLYBOURN ST,MILWAUKEE,WI,53233,S,ACTIVE,
WI-S-20108,BRIX CIDER LLC,,119 S 2ND ST,MOUNT HOREB,WI,53572,S,ACTIVE,
WI-S-20109,LONKERO LLC,The Long Drink Company,1106 S THIRD ST,LA CROSSE,WI,54601,S,ACTIVE,
WI-S-20110,"LEAP SPIRITS, LLC",,400 W BELL CT,OAK CREEK,WI,53154,S,ACTIVE,
WI-S-20111,"SEVEN HAWKS VINEYARDS, LLC",,3046 S OSPREY TRL BLDG,FOUNTAIN CITY,WI,54629,S,ACTIVE,
WI-S-20112,CHRIS JON WILDGRUBE,Wild Bourbon,W5259 SOUTH CT,SHAWANO,WI,54166,S,ACTIVE,
WI-S-20113,"R.H.V. HEINZE, LLC",R.H.V. Heinze Haugen Distillery,212 N BROADWAY AVE,HAUGEN,WI,54841,S,ACTIVE,
WI-S-20115,TRIARII DISTILLERY LLC,Triarii,N136 ECKHART LANE,GENOA,WI,54632,S,ACTIVE,
WI-S-20116,"CHIPPEWA CITY DISTILLING, LLC",,1091 SUTHERLAND AVE UNIT 6,RIVER FALLS,WI,54022,S,ACTIVE,
WI-S-20117,RHINELANDER BREWING COMPANY LLC,,1303 14TH AVE,MONROE,WI,53566,S,ACTIVE,
WI-S-20118,TRUE HARVEST BOURBON COMPANY LLC,True Harvest Bourbon Co.,457 MAIN ST,WILD ROSE,WI,54984,S,ACTIVE,
WI-S-20119,"ASAHI BEER U.S.A., INC.",,1131 UNIEK DR,WAUNAKEE,WI,53597,S,ACTIVE,
WI-S-20120,"FOXTOWN-GBC, LLC",Wallace & Smith Distilling Co.,11090 N WESTON DR,MEQUON,WI,53092,S,ACTIVE,
WI-S-20121,RULE #1 BEVERAGES LLC,Rule 1 Beverages,9775 S 60TH ST,FRANKLIN,WI,53132,S,ACTIVE,
WI-S-20122,"FOXTOWN-GBC, LLC",Wallace & Smith Distilling Co.,N117W19422 FULTON DR,GERMANTOWN,WI,53022,S,ACTIVE,
WI-S-20123,"FUNCTIONAL INFUSION, INC.",,300 DE-LISH-US AVE,WAUPACA,WI,54981,S,ACTIVE,
WI-S-20124,"THIRD SPACE BREWING, LLC",,1505 W ST. PAUL AVE,MILWAUKEE,WI,53233,S,ACTIVE,
WV-S-15000,JERRY N. DEAL,FORKS OF CHEAT DISTILLERY,2811 STEWARTSTOWN RD,MORGANTOWN,WV,26508,S,ACTIVE,
WV-S-15002,SMOOTH AMBLER SPIRITS CO.,,745 INDUSTRIAL PARK RD,MAXWELTON,WV,24957,S,ACTIVE,
WV-S-20002,HATFIELD & MCCOY MOONSHINE THE DRINK OF DEVIL ANSE HATFIELD LLC,,297 JAMES AVE,GILBERT,WV,25621,S,ACTIVE,
WV-S-20003,HATFIELD & MCCOY ALLIANCE LLC,,107 W THIRD AVE STE 1,WILLIAMSON,WV,25661,S,ACTIVE,
WV-S-20007,STEPHEN SETTIMI,Flying Squirrel Ranch & Farm,134 RADA RD,PURGITSVILLE,WV,26852,S,ACTIVE,
WV-S-20008,WICKED SPIRITS DISTILLERY LLC,Wicked Spirits Distilling Company,4342 BUNNELLS RUN RD,HARRISVILLE,WV,26362,S,ACTIVE,
WV-S-20009,KBC DISTILLING COMPANY LLC,Mountain Mama Moonshine,126 CARSEY DR,MAN,WV,25635,S,ACTIVE,
WV-S-20010,"BIGG RIGGS DISTILLERY, LLC",Flying Buck Distillery,13841 NORTHWESTERN PIKE,AUGUSTA,WV,26704,S,ACTIVE,
WV-S-20011,ELKHORN MOUNTAIN DISTILLERY LLC,,2141 JENKINS RUN RD,MOOREFIELD,WV,26836,S,ACTIVE,
WV-S-20012,LUTZ FARMS LLC,Still Hollow,128 STINK RUN RD,HARMAN,WV,26270,S,ACTIVE,
WV-S-20013,"THE SWEETER SIDE OF THE FEUD, INC.",The Sweeter Side of the Fued Spirits,224 HAINES BRANCH RD,CHARLESTON,WV,25320,S,ACTIVE,
WV-S-20014,MOUNTAIN STATE SPIRITS LLC,,231 VALLEY WAY,BRIDGEPORT,WV,26330,S,ACTIVE,
WV-S-20016,"COUNTRY ROADS DISTILLERY, LLC",Country Roads Distillery,100 HARVEST LN BLDG 1,WHEELING,WV,26003,S,ACTIVE,
WV-S-20017,UNCORKED INC,ISAIAH MORGAN DISTILLERY,245 BOURBON LN,SUMMERSVILLE,WV,26651,S,ACTIVE,
WV-S-20018,"THREE SPRINGS DISTILLERIES, LLC",,592 DOC MILLER RD,COOL RIDGE,WV,25825,S,ACTIVE,
WV-S-20019,DOUBLE BARREL DISTILLERY LLC.,Double Barrel Distillery,202 FORESTS EDGE DR,FORT ASHBY,WV,26719,S,ACTIVE,
WV-S-20021,JEFFREY ALAN ARTHUR,Mountain State Distillery,800 KANAWHA BLVD UNIT 1ST FLOOR,CHARLESTON,WV,25301,S,ACTIVE,
WV-S-20024,"FALLING SPRING CIDER STILL, LLC",Apple Blossom Brandy,461 BROWNSTOWN RD,RENICK,WV,24966,S,ACTIVE,
WV-S-20025,SOUTH BRANCH WHISKEY INC,south branch whiskey,101 HIGH STONE RD,JUNCTION,WV,26852,S,ACTIVE,
WV-S-20027,THE AUTHENTIC HATFIELD & MCCOY FAMILIES DEVELOPMENT LLC,Authentic Hatfield & McCoy,405 RAILROAD AVE BLDG 3-301,LOGAN,WV,25601,S,ACTIVE,
WV-S-20028,GREAT CACAPON DISTILLING LIMITED COMPANY,GREAT CACAPON DISTILLING COMPANY,378 ALMIRA LOOP,YELLOW SPRINGS,WV,26865,S,ACTIVE,
WV-S-20030,STARS AND BARS WHISKEY INC,Stars and Bars Whiskey,101 HIGH STONE RD,JUNCTION,WV,26852,S,ACTIVE,
WV-S-20035,SUNSET DISTILLING COMPANY LLC,,392 RUDOLPH LN,YELLOW SPRING,WV,26865,S,ACTIVE,
WV-S-20036,NJ RANDOLPH DISTILLING COMPANY,,619 4TH AVE,HUNTINGTON,WV,25701,S,ACTIVE,
WV-S-20038,BOARS NEST DISTILLERY AND SPIRITS LLC,The Boar's Nest Distillery & Spirits,145 MOTT ST,HARMAN,WV,26270,S,ACTIVE,
WV-S-20039,FOWLER FARMS LLC,,1049 WEST LIBERTY RD,WEST LIBERTY,WV,26074,S,ACTIVE,
WV-S-20041,SPIRITS OF MIDDLE ISLAND LLC,Spirits Of Middle Island,951 ARCHERS CHAPEL RD,SISTERSVILLE,WV,26175,S,ACTIVE,
WV-S-20042,"IKES FORK, LLC",,3875 CEDAR LAKES DR,RIPLEY,WV,25271,S,ACTIVE,
WY-S-15003,WASHUT'S BREW HOUSE L.L.C.,,1224 WESTVIEW DR,SHERIDAN,WY,82801,S,ACTIVE,
WY-S-20003,"VANATTA FINE LIQUOR, LLC",1890 Spirits,1 STEVENSON RD,LARAMIE,WY,82070,S,ACTIVE,
WY-S-20004,"JACKSON HOLE DISTILLERY, LLC",Jackson Hole Still Works,3940 S EAGLE VIEW DR,JACKSON,WY,83001,S,ACTIVE,
WY-S-20005,"GRAND TETON VODKA, INC.",Grand Teton Distillery,2040 N STATE LINE RD BLDG V-1,ALTA,WY,83414,S,ACTIVE,
WY-S-20006,"GEYSER DISTILLING, LLC",Geyser Distilling,1326 BECK AVE,CODY,WY,82414,S,ACTIVE,
WY-S-20010,ARCOLA DISTILLERY,,4460 COUNTY ROAD 207 RD,CARPENTER,WY,82054,S,ACTIVE,
WY-S-20011,WYOMING DISTILLING LLC,,1525 INDUSTRY DR,LARAMIE,WY,82070,S,ACTIVE,
WY-S-20013,WILD WEST SPIRITS LLC,Brush Creek Distillery,6065 HIGHWAY 130,SARATOGA,WY,82331,S,ACTIVE,
WY-S-20014,STEWARTS FINEST LLC,Stewarts Finest,2110 N MAIN ST,SHERIDAN,WY,82801,S,ACTIVE,
WY-S-20015,MCCOWN ENTERPRISES LLC,,8117 HIGHWAY 789 STE B,LANDER,WY,82520,S,ACTIVE,
WY-S-20016,"SAGEBRUSH STILL WORKS, LLC",,211 S 2ND ST STE 100,LARAMIE,WY,82070,S,ACTIVE,
WY-S-20017,"ETHANOLUS, LLC",,499 MAIN ST STE B,TORRINGTON,WY,82240,S,ACTIVE,
WY-S-20020,"GET FUNKY, LLC",Roadhouse Brewing Co.,1225 GREGORY LN,JACKSON,WY,83001,S,ACTIVE,
WY-S-20021,"WET WADERS, LLC",Wet Waders,93562 HWY 89,GROVER,WY,83122,S,ACTIVE,
WY-S-20022,COQTAILS LLC,,7 BLACKBURN LN UNIT A,PINEDALE,WY,82941,S,ACTIVE,
