candidate_id,candidate_name,candidate_address,abc_license_type,abc_file_number,abc_primary_name,abc_dba_name,abc_premise_address,abc_lic_or_app,abc_type_status,retrieval_date,source_url
ca-ttb-004b4c988b0f,GALLO,"600 YOSEMITE BLVD, MODESTO, CA, 95354",04,00007869,E. & J. GALLO WINERY,GALLO,"600 YOSEMITE BLVD, REGULATORY AFFAIRS AND COMPLIANCE DEPT., MODESTO, CA, 95354-2760",LIC,ACTIVE,2026-08-22,https://www.abc.ca.gov/wp-content/uploads/DailyExport-CSV.zip
ca-ttb-004b4c988b0f,GALLO,"600 YOSEMITE BLVD, MODESTO, CA, 95354",03,00007869,E. & J. GALLO WINERY,GALLO,"600 YOSEMITE BLVD, REGULATORY AFFAIRS AND COMPLIANCE DEPT., MODESTO, CA, 95354-2760",LIC,ACTIVE,2026-08-22,https://www.abc.ca.gov/wp-content/uploads/DailyExport-CSV.zip
ca-ttb-004b4c988b0f,GALLO,"600 YOSEMITE BLVD, MODESTO, CA, 95354",06,00007869,E. & J. GALLO WINERY,GALLO,"600 YOSEMITE BLVD, REGULATORY AFFAIRS AND COMPLIANCE DEPT., MODESTO, CA, 95354-2760",LIC,ACTIVE,2026-08-22,https://www.abc.ca.gov/wp-content/uploads/DailyExport-CSV.zip
ca-ttb-004b4c988b0f,GALLO,"600 YOSEMITE BLVD, MODESTO, CA, 95354",01,00007869,E. & J. GALLO WINERY,GALLO,"600 YOSEMITE BLVD, REGULATORY AFFAIRS AND COMPLIANCE DEPT., MODESTO, CA, 95354-2760",LIC,ACTIVE,2026-08-22,https://www.abc.ca.gov/wp-content/uploads/DailyExport-CSV.zip
ca-ttb-004b4c988b0f,GALLO,"600 YOSEMITE BLVD, MODESTO, CA, 95354",02,00007869,E. & J. GALLO WINERY,GALLO,"600 YOSEMITE BLVD, REGULATORY AFFAIRS AND COMPLIANCE DEPT., MODESTO, CA, 95354-2760",LIC,ACTIVE,2026-08-22,https://www.abc.ca.gov/wp-content/uploads/DailyExport-CSV.zip
ca-ttb-004b4c988b0f,GALLO,"600 YOSEMITE BLVD, MODESTO, CA, 95354",12,00007869,E. & J. GALLO WINERY,GALLO,"600 YOSEMITE BLVD, REGULATORY AFFAIRS AND COMPLIANCE DEPT., MODESTO, CA, 95354-2760",LIC,ACTIVE,2026-08-22,https://www.abc.ca.gov/wp-content/uploads/DailyExport-CSV.zip
ca-ttb-004b4c988b0f,GALLO,"600 YOSEMITE BLVD, MODESTO, CA, 95354",09,00007869,E. & J. GALLO WINERY,GALLO,"600 YOSEMITE BLVD, REGULATORY AFFAIRS AND COMPLIANCE DEPT., MODESTO, CA, 95354-2760",LIC,ACTIVE,2026-08-22,https://www.abc.ca.gov/wp-content/uploads/DailyExport-CSV.zip
ca-ttb-004b4c988b0f,GALLO,"600 YOSEMITE BLVD, MODESTO, CA, 95354",11,00007869,E. & J. GALLO WINERY,GALLO,"600 YOSEMITE BLVD, REGULATORY AFFAIRS AND COMPLIANCE DEPT., MODESTO, CA, 95354-2760",LIC,ACTIVE,2026-08-22,https://www.abc.ca.gov/wp-content/uploads/DailyExport-CSV.zip
ca-ttb-03b3a5b19600,VILLA TOSCANO,"10600 SHENANDOAH RD, PLYMOUTH, CA, 95669",02,00434258,VILLA TOSCANO INC,VILLA TOSCANO WINERY,"10600 SHENANDOAH RD, PLYMOUTH, CA, 95669",LIC,ACTIVE,2026-08-22,https://www.abc.ca.gov/wp-content/uploads/DailyExport-CSV.zip
ca-ttb-03b3a5b19600,VILLA TOSCANO,"10600 SHENANDOAH RD, PLYMOUTH, CA, 95669",06,00434258,VILLA TOSCANO INC,VILLA TOSCANO WINERY,"10600 SHENANDOAH RD, PLYMOUTH, CA, 95669",LIC,ACTIVE,2026-08-22,https://www.abc.ca.gov/wp-content/uploads/DailyExport-CSV.zip
ca-ttb-03b3a5b19600,VILLA TOSCANO,"10600 SHENANDOAH RD, PLYMOUTH, CA, 95669",04,00434258,VILLA TOSCANO INC,VILLA TOSCANO WINERY,"10600 SHENANDOAH RD, PLYMOUTH, CA, 95669",LIC,ACTIVE,2026-08-22,https://www.abc.ca.gov/wp-content/uploads/DailyExport-CSV.zip
ca-ttb-05c2eb387e7d,ROK Distillery,"260 SCOTTSVILLE BLVD, JACKSON, CA, 95642",04,00567588,ROK DISTILLERY LLC,ROK DISTILLERY LLC,"260 SCOTTSVILLE BLVD, JACKSON, CA, 95642-2671",LIC,ACTIVE,2026-08-22,https://www.abc.ca.gov/wp-content/uploads/DailyExport-CSV.zip
ca-ttb-05c2eb387e7d,ROK Distillery,"260 SCOTTSVILLE BLVD, JACKSON, CA, 95642",06,00567588,ROK DISTILLERY LLC,ROK DISTILLERY LLC,"260 SCOTTSVILLE BLVD, JACKSON, CA, 95642-2671",LIC,ACTIVE,2026-08-22,https://www.abc.ca.gov/wp-content/uploads/DailyExport-CSV.zip
ca-ttb-07f79a0505fe,TWG Woodbridge,"5950 E WOODBRIDGE RD, ACAMPO, CA, 95220",02,00669167,THE WINE GROUP LLC,TWG WOODBRIDGE,"5950 E WOODBRIDGE RD, ACAMPO, CA, 95220",LIC,ACTIVE,2026-08-22,https://www.abc.ca.gov/wp-content/uploads/DailyExport-CSV.zip
ca-ttb-07f79a0505fe,TWG Woodbridge,"5950 E WOODBRIDGE RD, ACAMPO, CA, 95220",06,00669167,THE WINE GROUP LLC,TWG WOODBRIDGE,"5950 E WOODBRIDGE RD, ACAMPO, CA, 95220",LIC,ACTIVE,2026-08-22,https://www.abc.ca.gov/wp-content/uploads/DailyExport-CSV.zip
ca-ttb-07f79a0505fe,TWG Woodbridge,"5950 E WOODBRIDGE RD, ACAMPO, CA, 95220",24,00669167,THE WINE GROUP LLC,TWG WOODBRIDGE,"5950 E WOODBRIDGE RD, ACAMPO, CA, 95220",LIC,ACTIVE,2026-08-22,https://www.abc.ca.gov/wp-content/uploads/DailyExport-CSV.zip
ca-ttb-07f79a0505fe,TWG Woodbridge,"5950 E WOODBRIDGE RD, ACAMPO, CA, 95220",09,00669167,THE WINE GROUP LLC,TWG WOODBRIDGE,"5950 E WOODBRIDGE RD, ACAMPO, CA, 95220",LIC,ACTIVE,2026-08-22,https://www.abc.ca.gov/wp-content/uploads/DailyExport-CSV.zip
ca-ttb-07f79a0505fe,TWG Woodbridge,"5950 E WOODBRIDGE RD, ACAMPO, CA, 95220",12,00669167,THE WINE GROUP LLC,TWG WOODBRIDGE,"5950 E WOODBRIDGE RD, ACAMPO, CA, 95220",LIC,ACTIVE,2026-08-22,https://www.abc.ca.gov/wp-content/uploads/DailyExport-CSV.zip
ca-ttb-080977987551,"Study Break Beverages, Lua Cocktails, BUJI Spirits, Reyes y Cobardes","14938 S FIGUEROA ST, GARDENA, CA, 90248",02,00623219,JIVE BEVERAGES INC.,,"14938 S FIGUEROA ST, GARDENA, CA, 90248-1711",LIC,ACTIVE,2026-08-22,https://www.abc.ca.gov/wp-content/uploads/DailyExport-CSV.zip
ca-ttb-080977987551,"Study Break Beverages, Lua Cocktails, BUJI Spirits, Reyes y Cobardes","14938 S FIGUEROA ST, GARDENA, CA, 90248",07,00623219,JIVE BEVERAGES INC.,,"14938 S FIGUEROA ST, GARDENA, CA, 90248-1711",LIC,ACTIVE,2026-08-22,https://www.abc.ca.gov/wp-content/uploads/DailyExport-CSV.zip
ca-ttb-08b50b37cd0a,BALLETTO VINEYARDS,"5700 OCCIDENTAL RD, SANTA ROSA, CA, 95401",06,00379781,LAGUNA OAKS VINEYARDS & WINERY INC,BALLETTO VINEYARDS,"5700 OCCIDENTAL RD, SANTA ROSA, CA, 95401-5533",LIC,ACTIVE,2026-08-22,https://www.abc.ca.gov/wp-content/uploads/DailyExport-CSV.zip
ca-ttb-08b50b37cd0a,BALLETTO VINEYARDS,"5700 OCCIDENTAL RD, SANTA ROSA, CA, 95401",02,00379781,LAGUNA OAKS VINEYARDS & WINERY INC,BALLETTO VINEYARDS,"5700 OCCIDENTAL RD, SANTA ROSA, CA, 95401-5533",LIC,ACTIVE,2026-08-22,https://www.abc.ca.gov/wp-content/uploads/DailyExport-CSV.zip
ca-ttb-08b50b37cd0a,BALLETTO VINEYARDS,"5700 OCCIDENTAL RD, SANTA ROSA, CA, 95401",02,00606495,NOBLE FAMILY VINEYARDS LLC,RON NOBLE WINES,"5700 OCCIDENTAL RD, SANTA ROSA, CA, 95401-5533",LIC,ACTIVE,2026-08-22,https://www.abc.ca.gov/wp-content/uploads/DailyExport-CSV.zip
ca-ttb-08b50b37cd0a,BALLETTO VINEYARDS,"5700 OCCIDENTAL RD, SANTA ROSA, CA, 95401",02,00633535,GORTHY-CHALLA VINEYARDS  LLC,GORTHY-CHALLA VINEYARDS  LLC,"5700 OCCIDENTAL RD, SANTA ROSA, CA, 95401-5533",LIC,ACTIVE,2026-08-22,https://www.abc.ca.gov/wp-content/uploads/DailyExport-CSV.zip
ca-ttb-08b50b37cd0a,BALLETTO VINEYARDS,"5700 OCCIDENTAL RD, SANTA ROSA, CA, 95401",02,00628914,SAINI CHRISTIE WINES UNLIMITED LLC,SAINI VINEYARDS,"5700 OCCIDENTAL RD, SANTA ROSA, CA, 95401-5533",LIC,ACTIVE,2026-08-22,https://www.abc.ca.gov/wp-content/uploads/DailyExport-CSV.zip
ca-ttb-08b50b37cd0a,BALLETTO VINEYARDS,"5700 OCCIDENTAL RD, SANTA ROSA, CA, 95401",81,00379781,LAGUNA OAKS VINEYARDS & WINERY INC,BALLETTO VINEYARDS,"5700 OCCIDENTAL RD, SANTA ROSA, CA, 95401-5533",LIC,ACTIVE,2026-08-22,https://www.abc.ca.gov/wp-content/uploads/DailyExport-CSV.zip
ca-ttb-092e6a76368c,LERAXA WINERY,"18000 RIVER RD, LIVINGSTON, CA, 95334",03,00023759,E. & J. GALLO WINERY,,"18000 RIVER RD, LIVINGSTON, CA, 95334",LIC,ACTIVE,2026-08-22,https://www.abc.ca.gov/wp-content/uploads/DailyExport-CSV.zip
ca-ttb-092e6a76368c,LERAXA WINERY,"18000 RIVER RD, LIVINGSTON, CA, 95334",06,00023759,E. & J. GALLO WINERY,,"18000 RIVER RD, LIVINGSTON, CA, 95334",LIC,ACTIVE,2026-08-22,https://www.abc.ca.gov/wp-content/uploads/DailyExport-CSV.zip
ca-ttb-092e6a76368c,LERAXA WINERY,"18000 RIVER RD, LIVINGSTON, CA, 95334",02,00023759,E. & J. GALLO WINERY,,"18000 RIVER RD, LIVINGSTON, CA, 95334",LIC,ACTIVE,2026-08-22,https://www.abc.ca.gov/wp-content/uploads/DailyExport-CSV.zip
ca-ttb-092e6a76368c,LERAXA WINERY,"18000 RIVER RD, LIVINGSTON, CA, 95334",04,00023759,E. & J. GALLO WINERY,,"18000 RIVER RD, LIVINGSTON, CA, 95334",LIC,ACTIVE,2026-08-22,https://www.abc.ca.gov/wp-content/uploads/DailyExport-CSV.zip
ca-ttb-092e6a76368c,LERAXA WINERY,"18000 RIVER RD, LIVINGSTON, CA, 95334",12,00023759,E. & J. GALLO WINERY,,"18000 RIVER RD, LIVINGSTON, CA, 95334",LIC,ACTIVE,2026-08-22,https://www.abc.ca.gov/wp-content/uploads/DailyExport-CSV.zip
ca-ttb-092e6a76368c,LERAXA WINERY,"18000 RIVER RD, LIVINGSTON, CA, 95334",01,00023759,E. & J. GALLO WINERY,,"18000 RIVER RD, LIVINGSTON, CA, 95334",LIC,ACTIVE,2026-08-22,https://www.abc.ca.gov/wp-content/uploads/DailyExport-CSV.zip
ca-ttb-092e6a76368c,LERAXA WINERY,"18000 RIVER RD, LIVINGSTON, CA, 95334",09,00023759,E. & J. GALLO WINERY,,"18000 RIVER RD, LIVINGSTON, CA, 95334",LIC,ACTIVE,2026-08-22,https://www.abc.ca.gov/wp-content/uploads/DailyExport-CSV.zip
ca-ttb-093b2f467154,San Antonio Winery,"2017 WISTERIA LN, PASO ROBLES, CA, 93446",02,00565710,SAN ANTONIO WINERY INC,SAN ANTONIO WINERY,"2017 WISTERIA LN, PASO ROBLES, CA, 93446",LIC,ACTIVE,2026-08-22,https://www.abc.ca.gov/wp-content/uploads/DailyExport-CSV.zip
ca-ttb-09467493a23c,E. & J. GALLO WINERY,"5610 E OLIVE AVE, FRESNO, CA, 93727",06,00057895,E. & J. GALLO WINERY,,"5610 E OLIVE AVE, FRESNO, CA, 93727-2707",LIC,ACTIVE,2026-08-22,https://www.abc.ca.gov/wp-content/uploads/DailyExport-CSV.zip
ca-ttb-09467493a23c,E. & J. GALLO WINERY,"5610 E OLIVE AVE, FRESNO, CA, 93727",02,00057895,E. & J. GALLO WINERY,,"5610 E OLIVE AVE, FRESNO, CA, 93727-2707",LIC,ACTIVE,2026-08-22,https://www.abc.ca.gov/wp-content/uploads/DailyExport-CSV.zip
ca-ttb-09467493a23c,E. & J. GALLO WINERY,"5610 E OLIVE AVE, FRESNO, CA, 93727",04,00057895,E. & J. GALLO WINERY,,"5610 E OLIVE AVE, FRESNO, CA, 93727-2707",LIC,ACTIVE,2026-08-22,https://www.abc.ca.gov/wp-content/uploads/DailyExport-CSV.zip
ca-ttb-09467493a23c,E. & J. GALLO WINERY,"5610 E OLIVE AVE, FRESNO, CA, 93727",03,00057895,E. & J. GALLO WINERY,,"5610 E OLIVE AVE, FRESNO, CA, 93727-2707",LIC,ACTIVE,2026-08-22,https://www.abc.ca.gov/wp-content/uploads/DailyExport-CSV.zip
ca-ttb-09467493a23c,E. & J. GALLO WINERY,"5610 E OLIVE AVE, FRESNO, CA, 93727",01,00057895,E. & J. GALLO WINERY,,"5610 E OLIVE AVE, FRESNO, CA, 93727-2707",LIC,ACTIVE,2026-08-22,https://www.abc.ca.gov/wp-content/uploads/DailyExport-CSV.zip
ca-ttb-09467493a23c,E. & J. GALLO WINERY,"5610 E OLIVE AVE, FRESNO, CA, 93727",09,00057895,E. & J. GALLO WINERY,,"5610 E OLIVE AVE, FRESNO, CA, 93727-2707",LIC,ACTIVE,2026-08-22,https://www.abc.ca.gov/wp-content/uploads/DailyExport-CSV.zip
ca-ttb-09467493a23c,E. & J. GALLO WINERY,"5610 E OLIVE AVE, FRESNO, CA, 93727",12,00057895,E. & J. GALLO WINERY,,"5610 E OLIVE AVE, FRESNO, CA, 93727-2707",LIC,ACTIVE,2026-08-22,https://www.abc.ca.gov/wp-content/uploads/DailyExport-CSV.zip
ca-ttb-0abbdf5fe342,ETUDE WINES,"1250 CUTTINGS WHARF RD, NAPA, CA, 94559",02,00399688,TREASURY WINE ESTATES AMERICAS COMPANY,ETUDE WINES,"1250 CUTTINGS WHARF RD, NAPA, CA, 94559",LIC,ACTIVE,2026-08-22,https://www.abc.ca.gov/wp-content/uploads/DailyExport-CSV.zip
ca-ttb-0abbdf5fe342,ETUDE WINES,"1250 CUTTINGS WHARF RD, NAPA, CA, 94559",06,00399688,TREASURY WINE ESTATES AMERICAS COMPANY,ETUDE WINES,"1250 CUTTINGS WHARF RD, NAPA, CA, 94559",LIC,ACTIVE,2026-08-22,https://www.abc.ca.gov/wp-content/uploads/DailyExport-CSV.zip
ca-ttb-0abd429f0be8,P&W Spirits Co.,"369 3RD ST, OAKLAND, CA, 94607",06,00657560,BRAWL LLC,BRAWL,"369 3RD ST, OAKLAND, CA, 94607-4103",LIC,ACTIVE,2026-08-22,https://www.abc.ca.gov/wp-content/uploads/DailyExport-CSV.zip
ca-ttb-0abd429f0be8,P&W Spirits Co.,"369 3RD ST, OAKLAND, CA, 94607",74,00657560,BRAWL LLC,BRAWL,"369 3RD ST, OAKLAND, CA, 94607-4103",LIC,ACTIVE,2026-08-22,https://www.abc.ca.gov/wp-content/uploads/DailyExport-CSV.zip
ca-ttb-0d24897eb5a0,Berghold Vineyards,"17343 N CHERRY RD, LODI, CA, 95240",02,00627822,BERGHOLD WINE SALES  INC,BERGHOLD VINEYARDS,"17343 N. CHERRY RD, LODI, CA, 95240",LIC,ACTIVE,2026-08-22,https://www.abc.ca.gov/wp-content/uploads/DailyExport-CSV.zip
ca-ttb-0d24897eb5a0,Berghold Vineyards,"17343 N CHERRY RD, LODI, CA, 95240",81,00627822,BERGHOLD WINE SALES  INC,BERGHOLD VINEYARDS,"17343 N. CHERRY RD, LODI, CA, 95240",LIC,ACTIVE,2026-08-22,https://www.abc.ca.gov/wp-content/uploads/DailyExport-CSV.zip
ca-ttb-0df3b39e8651,SUN-MAID GROWERS OF CALIFORNIA,"9818 S JACOBS AVE, ORANGE COVE, CA, 93646",06,00014279,SUN MAID GROWERS OF CALIFORNIA,,"9818 S JACOBS AVE, ORANGE COVE, CA, 93646",LIC,ACTIVE,2026-08-22,https://www.abc.ca.gov/wp-content/uploads/DailyExport-CSV.zip
ca-ttb-0df3b39e8651,SUN-MAID GROWERS OF CALIFORNIA,"9818 S JACOBS AVE, ORANGE COVE, CA, 93646",04,00014279,SUN MAID GROWERS OF CALIFORNIA,,"9818 S JACOBS AVE, ORANGE COVE, CA, 93646",LIC,ACTIVE,2026-08-22,https://www.abc.ca.gov/wp-content/uploads/DailyExport-CSV.zip
ca-ttb-0e2abde8a5c0,Validation Ale,"102 E YANONALI ST, SANTA BARBARA, CA, 93101",23,00635087,VALIDATION ALE LLC,VALIDATION ALE,"102 E YANONALI ST, SANTA BARBARA, CA, 93101",LIC,ACTIVE,2026-08-22,https://www.abc.ca.gov/wp-content/uploads/DailyExport-CSV.zip
ca-ttb-0e2abde8a5c0,Validation Ale,"102 E YANONALI ST, SANTA BARBARA, CA, 93101",06,00635087,VALIDATION ALE LLC,VALIDATION ALE,"102 E YANONALI ST, SANTA BARBARA, CA, 93101",LIC,ACTIVE,2026-08-22,https://www.abc.ca.gov/wp-content/uploads/DailyExport-CSV.zip
ca-ttb-0e2abde8a5c0,Validation Ale,"102 E YANONALI ST, SANTA BARBARA, CA, 93101",74,00635087,VALIDATION ALE LLC,VALIDATION ALE,"102 E YANONALI ST, SANTA BARBARA, CA, 93101",LIC,ACTIVE,2026-08-22,https://www.abc.ca.gov/wp-content/uploads/DailyExport-CSV.zip
ca-ttb-0e2abde8a5c0,Validation Ale,"102 E YANONALI ST, SANTA BARBARA, CA, 93101",77,00635087,VALIDATION ALE LLC,VALIDATION ALE,"102 E YANONALI ST, SANTA BARBARA, CA, 93101",LIC,ACTIVE,2026-08-22,https://www.abc.ca.gov/wp-content/uploads/DailyExport-CSV.zip
ca-ttb-0e2abde8a5c0,Validation Ale,"102 E YANONALI ST, SANTA BARBARA, CA, 93101",91,00635087,VALIDATION ALE LLC,VALIDATION ALE,"102 E YANONALI ST, SANTA BARBARA, CA, 93101",LIC,ACTIVE,2026-08-22,https://www.abc.ca.gov/wp-content/uploads/DailyExport-CSV.zip
ca-ttb-0e2d081df7b4,Francis Coppola Winery,"300 VIA ARCHIMEDES, GEYSERVILLE, CA, 95441",02,00633492,DELICATO VINEYARDS  LLC,FRANCIS COPPOLA WINERY,"300 VIA ARCHIMEDES, GEYSERVILLE, CA, 95441-9325",LIC,ACTIVE,2026-08-22,https://www.abc.ca.gov/wp-content/uploads/DailyExport-CSV.zip
ca-ttb-0e2d081df7b4,Francis Coppola Winery,"300 VIA ARCHIMEDES, GEYSERVILLE, CA, 95441",06,00633492,DELICATO VINEYARDS  LLC,FRANCIS COPPOLA WINERY,"300 VIA ARCHIMEDES, GEYSERVILLE, CA, 95441-9325",LIC,ACTIVE,2026-08-22,https://www.abc.ca.gov/wp-content/uploads/DailyExport-CSV.zip
ca-ttb-0e2d081df7b4,Francis Coppola Winery,"300 VIA ARCHIMEDES, GEYSERVILLE, CA, 95441",09,00633492,DELICATO VINEYARDS  LLC,FRANCIS COPPOLA WINERY,"300 VIA ARCHIMEDES, GEYSERVILLE, CA, 95441-9325",LIC,ACTIVE,2026-08-22,https://www.abc.ca.gov/wp-content/uploads/DailyExport-CSV.zip
ca-ttb-0e2d081df7b4,Francis Coppola Winery,"300 VIA ARCHIMEDES, GEYSERVILLE, CA, 95441",47,00633492,DELICATO VINEYARDS  LLC,FRANCIS COPPOLA WINERY,"300 VIA ARCHIMEDES, GEYSERVILLE, CA, 95441-9325",LIC,ACTIVE,2026-08-22,https://www.abc.ca.gov/wp-content/uploads/DailyExport-CSV.zip
ca-ttb-0e2d081df7b4,Francis Coppola Winery,"300 VIA ARCHIMEDES, GEYSERVILLE, CA, 95441",47,00633492,DELICATO VINEYARDS  LLC,FRANCIS COPPOLA WINERY,"300 VIA ARCHIMEDES, GEYSERVILLE, CA, 95441-9325",LIC,ACTIVE,2026-08-22,https://www.abc.ca.gov/wp-content/uploads/DailyExport-CSV.zip
ca-ttb-0e2d081df7b4,Francis Coppola Winery,"300 VIA ARCHIMEDES, GEYSERVILLE, CA, 95441",58,00633492,DELICATO VINEYARDS  LLC,FRANCIS COPPOLA WINERY,"300 VIA ARCHIMEDES, GEYSERVILLE, CA, 95441-9325",LIC,ACTIVE,2026-08-22,https://www.abc.ca.gov/wp-content/uploads/DailyExport-CSV.zip
ca-ttb-119df55450d3,SDCA DISTILLING LLC,"8706 PRODUCTION AVE, SAN DIEGO, CA, 92121",06,00529133,SDCA DISTILLING LLC,MALAHAT SPIRITS,"8706 PRODUCTION AVE, SAN DIEGO, CA, 92121-2209",LIC,ACTIVE,2026-08-22,https://www.abc.ca.gov/wp-content/uploads/DailyExport-CSV.zip
ca-ttb-119df55450d3,SDCA DISTILLING LLC,"8706 PRODUCTION AVE, SAN DIEGO, CA, 92121",74,00529133,SDCA DISTILLING LLC,MALAHAT SPIRITS,"8706 PRODUCTION AVE, SAN DIEGO, CA, 92121-2209",LIC,ACTIVE,2026-08-22,https://www.abc.ca.gov/wp-content/uploads/DailyExport-CSV.zip
ca-ttb-11e5503f8747,BRASSFIELD ESTATE WINERY,"10915 HIGH VALLEY RD, CLEARLAKE OAKS, CA, 95423",06,00390153,BRASSFIELD ESTATE WINERY  LLC,BRASSFIELD ESTATE WINERY LLC,"10915 HIGH VALLEY RD, CLEARLAKE OAKS, CA, 95423-8526",LIC,ACTIVE,2026-08-22,https://www.abc.ca.gov/wp-content/uploads/DailyExport-CSV.zip
ca-ttb-11e5503f8747,BRASSFIELD ESTATE WINERY,"10915 HIGH VALLEY RD, CLEARLAKE OAKS, CA, 95423",02,00390153,BRASSFIELD ESTATE WINERY  LLC,BRASSFIELD ESTATE WINERY LLC,"10915 HIGH VALLEY RD, CLEARLAKE OAKS, CA, 95423-8526",LIC,ACTIVE,2026-08-22,https://www.abc.ca.gov/wp-content/uploads/DailyExport-CSV.zip
ca-ttb-11e5503f8747,BRASSFIELD ESTATE WINERY,"10915 HIGH VALLEY RD, CLEARLAKE OAKS, CA, 95423",81,00390153,BRASSFIELD ESTATE WINERY  LLC,BRASSFIELD ESTATE WINERY LLC,"10915 HIGH VALLEY RD, CLEARLAKE OAKS, CA, 95423-8526",LIC,ACTIVE,2026-08-22,https://www.abc.ca.gov/wp-content/uploads/DailyExport-CSV.zip
ca-ttb-1941089cb2ca,THE HESS COLLECTION WINERY,"4411 REDWOOD RD, NAPA, CA, 94558",02,00180373,THE HESS COLLECTION WINERY,THE HESS COLLECTION WINERY,"4411 REDWOOD RD, NAPA, CA, 94558-9708",LIC,ACTIVE,2026-08-22,https://www.abc.ca.gov/wp-content/uploads/DailyExport-CSV.zip
ca-ttb-1941089cb2ca,THE HESS COLLECTION WINERY,"4411 REDWOOD RD, NAPA, CA, 94558",06,00180373,THE HESS COLLECTION WINERY,THE HESS COLLECTION WINERY,"4411 REDWOOD RD, NAPA, CA, 94558-9708",LIC,ACTIVE,2026-08-22,https://www.abc.ca.gov/wp-content/uploads/DailyExport-CSV.zip
ca-ttb-1941089cb2ca,THE HESS COLLECTION WINERY,"4411 REDWOOD RD, NAPA, CA, 94558",10,00180373,THE HESS COLLECTION WINERY,THE HESS COLLECTION WINERY,"4411 REDWOOD RD, NAPA, CA, 94558-9708",LIC,ACTIVE,2026-08-22,https://www.abc.ca.gov/wp-content/uploads/DailyExport-CSV.zip
ca-ttb-1cab901f9e9b,ABSENTEE WINERY LLC,"31720 HWY 20, FORT BRAGG, CA, 95437",02,00647931,ABSENTEE WINERY LLC,ABSENTEE,"31720 HWY 20, FORT BRAGG, CA, 95437-9274",LIC,ACTIVE,2026-08-22,https://www.abc.ca.gov/wp-content/uploads/DailyExport-CSV.zip
ca-ttb-1cab901f9e9b,ABSENTEE WINERY LLC,"31720 HWY 20, FORT BRAGG, CA, 95437",07,00647931,ABSENTEE WINERY LLC,ABSENTEE,"31720 HWY 20, FORT BRAGG, CA, 95437-9274",LIC,ACTIVE,2026-08-22,https://www.abc.ca.gov/wp-content/uploads/DailyExport-CSV.zip
ca-ttb-1cabf4dd5aa2,San Francisco Distilling Company,"6150 CAMERON RD, ELK, CA, 95432",06,00579004,SAN FRANCISCO DISTILLING COMPANY  LLC,SAN FRANCISCO DISTILLING COMPANY  LLC,"6150 CAMERON RD, ELK, CA, 95432-9241",LIC,ACTIVE,2026-08-22,https://www.abc.ca.gov/wp-content/uploads/DailyExport-CSV.zip
ca-ttb-1cabf4dd5aa2,San Francisco Distilling Company,"6150 CAMERON RD, ELK, CA, 95432",74,00579004,SAN FRANCISCO DISTILLING COMPANY  LLC,SAN FRANCISCO DISTILLING COMPANY  LLC,"6150 CAMERON RD, ELK, CA, 95432-9241",LIC,ACTIVE,2026-08-22,https://www.abc.ca.gov/wp-content/uploads/DailyExport-CSV.zip
ca-ttb-1d790fefadb0,FIOR DI SOLE,"2515 NAPA VALLEY CORPORATE DR, NAPA, CA, 94558",02,00474599,DA-VE WINERY  INC.,DA VE WINERY,"2515 NAPA VALLEY CORPORATE DR, NAPA, CA, 94558-7541",LIC,ACTIVE,2026-08-22,https://www.abc.ca.gov/wp-content/uploads/DailyExport-CSV.zip
ca-ttb-1d790fefadb0,FIOR DI SOLE,"2515 NAPA VALLEY CORPORATE DR, NAPA, CA, 94558",04,00474599,DA-VE WINERY  INC.,DA VE WINERY,"2515 NAPA VALLEY CORPORATE DR, NAPA, CA, 94558-7541",LIC,ACTIVE,2026-08-22,https://www.abc.ca.gov/wp-content/uploads/DailyExport-CSV.zip
ca-ttb-1d790fefadb0,FIOR DI SOLE,"2515 NAPA VALLEY CORPORATE DR, NAPA, CA, 94558",06,00474599,DA-VE WINERY  INC.,DA VE WINERY,"2515 NAPA VALLEY CORPORATE DR, NAPA, CA, 94558-7541",LIC,ACTIVE,2026-08-22,https://www.abc.ca.gov/wp-content/uploads/DailyExport-CSV.zip
ca-ttb-1d790fefadb0,FIOR DI SOLE,"2515 NAPA VALLEY CORPORATE DR, NAPA, CA, 94558",02,00533848,FIOR DI SOLE  LLC,FIOR DI SOLE,"2515 NAPA VALLEY CORPORATE DR, NAPA, CA, 94558-7541",LIC,ACTIVE,2026-08-22,https://www.abc.ca.gov/wp-content/uploads/DailyExport-CSV.zip
ca-ttb-1d790fefadb0,FIOR DI SOLE,"2515 NAPA VALLEY CORPORATE DR, NAPA, CA, 94558",09,00533848,FIOR DI SOLE  LLC,FIOR DI SOLE,"2515 NAPA VALLEY CORPORATE DR, NAPA, CA, 94558-7541",LIC,ACTIVE,2026-08-22,https://www.abc.ca.gov/wp-content/uploads/DailyExport-CSV.zip
ca-ttb-1de865325aff,ST. SUPERY VINEYARDS & WINERY,"8440 ST HELENA HWY, RUTHERFORD, CA, 94573",02,00216799,ST. SUPERY  INC.,ST SUPERY ESTATE VINEYARDS & WINERY,"8440 ST HELENA HWY, RUTHERFORD, CA, 94573",LIC,ACTIVE,2026-08-22,https://www.abc.ca.gov/wp-content/uploads/DailyExport-CSV.zip
ca-ttb-1de865325aff,ST. SUPERY VINEYARDS & WINERY,"8440 ST HELENA HWY, RUTHERFORD, CA, 94573",20,00216799,ST. SUPERY  INC.,ST SUPERY ESTATE VINEYARDS & WINERY,"8440 ST HELENA HWY, RUTHERFORD, CA, 94573",LIC,ACTIVE,2026-08-22,https://www.abc.ca.gov/wp-content/uploads/DailyExport-CSV.zip
ca-ttb-1de865325aff,ST. SUPERY VINEYARDS & WINERY,"8440 ST HELENA HWY, RUTHERFORD, CA, 94573",17,00216799,ST. SUPERY  INC.,ST SUPERY ESTATE VINEYARDS & WINERY,"8440 ST HELENA HWY, RUTHERFORD, CA, 94573",LIC,ACTIVE,2026-08-22,https://www.abc.ca.gov/wp-content/uploads/DailyExport-CSV.zip
ca-ttb-1de865325aff,ST. SUPERY VINEYARDS & WINERY,"8440 ST HELENA HWY, RUTHERFORD, CA, 94573",09,00216799,ST. SUPERY  INC.,ST SUPERY ESTATE VINEYARDS & WINERY,"8440 ST HELENA HWY, RUTHERFORD, CA, 94573",LIC,ACTIVE,2026-08-22,https://www.abc.ca.gov/wp-content/uploads/DailyExport-CSV.zip
ca-ttb-1de865325aff,ST. SUPERY VINEYARDS & WINERY,"8440 ST HELENA HWY, RUTHERFORD, CA, 94573",81,00216799,ST. SUPERY  INC.,ST SUPERY ESTATE VINEYARDS & WINERY,"8440 ST HELENA HWY, RUTHERFORD, CA, 94573",LIC,ACTIVE,2026-08-22,https://www.abc.ca.gov/wp-content/uploads/DailyExport-CSV.zip
ca-ttb-1de865325aff,ST. SUPERY VINEYARDS & WINERY,"8440 ST HELENA HWY, RUTHERFORD, CA, 94573",93,00216799,ST. SUPERY  INC.,ST SUPERY ESTATE VINEYARDS & WINERY,"8440 ST HELENA HWY, RUTHERFORD, CA, 94573",LIC,ACTIVE,2026-08-22,https://www.abc.ca.gov/wp-content/uploads/DailyExport-CSV.zip
ca-ttb-1e1b0b4f3a9d,Southern Pacific,"620 TREAT AVE, SAN FRANCISCO, CA, 94110",23,00500258,SOUTHERN PACIFIC BREWING LLC,SOUTHERN PACIFIC,"620 TREAT AVE, SAN FRANCISCO, CA, 94110-2016",LIC,ACTIVE,2026-08-22,https://www.abc.ca.gov/wp-content/uploads/DailyExport-CSV.zip
ca-ttb-1e1b0b4f3a9d,Southern Pacific,"620 TREAT AVE, SAN FRANCISCO, CA, 94110",02,00500258,SOUTHERN PACIFIC BREWING LLC,SOUTHERN PACIFIC,"620 TREAT AVE, SAN FRANCISCO, CA, 94110-2016",LIC,ACTIVE,2026-08-22,https://www.abc.ca.gov/wp-content/uploads/DailyExport-CSV.zip
ca-ttb-1e1b0b4f3a9d,Southern Pacific,"620 TREAT AVE, SAN FRANCISCO, CA, 94110",06,00500258,SOUTHERN PACIFIC BREWING LLC,SOUTHERN PACIFIC,"620 TREAT AVE, SAN FRANCISCO, CA, 94110-2016",LIC,ACTIVE,2026-08-22,https://www.abc.ca.gov/wp-content/uploads/DailyExport-CSV.zip
ca-ttb-1e1b0b4f3a9d,Southern Pacific,"620 TREAT AVE, SAN FRANCISCO, CA, 94110",74,00500258,SOUTHERN PACIFIC BREWING LLC,SOUTHERN PACIFIC,"620 TREAT AVE, SAN FRANCISCO, CA, 94110-2016",LIC,ACTIVE,2026-08-22,https://www.abc.ca.gov/wp-content/uploads/DailyExport-CSV.zip
ca-ttb-1eded15ec564,Burning Barrel Brewing and Spirits,"640 MAIN ST, PLACERVILLE, CA, 95667",23,00655185,BURNING BARREL BREWING COMPANY LLC,BURNING BARREL BREWING AND SPIRITS,"640 MAIN ST, PLACERVILLE, CA, 95667-5704",LIC,ACTIVE,2026-08-22,https://www.abc.ca.gov/wp-content/uploads/DailyExport-CSV.zip
ca-ttb-1eded15ec564,Burning Barrel Brewing and Spirits,"640 MAIN ST, PLACERVILLE, CA, 95667",06,00655185,BURNING BARREL BREWING COMPANY LLC,BURNING BARREL BREWING AND SPIRITS,"640 MAIN ST, PLACERVILLE, CA, 95667-5704",LIC,ACTIVE,2026-08-22,https://www.abc.ca.gov/wp-content/uploads/DailyExport-CSV.zip
ca-ttb-1eded15ec564,Burning Barrel Brewing and Spirits,"640 MAIN ST, PLACERVILLE, CA, 95667",74,00655185,BURNING BARREL BREWING COMPANY LLC,BURNING BARREL BREWING AND SPIRITS,"640 MAIN ST, PLACERVILLE, CA, 95667-5704",LIC,ACTIVE,2026-08-22,https://www.abc.ca.gov/wp-content/uploads/DailyExport-CSV.zip
ca-ttb-1f3c33e52b87,STANDING JOURNEY LLC,"1429 TUBBS LN, CALISTOGA, CA, 94515",06,00558009,STANDING JOURNEY LLC,CHATEAU MONTELENA,"1429 TUBBS LN, CALISTOGA, CA, 94515-9726",LIC,ACTIVE,2026-08-22,https://www.abc.ca.gov/wp-content/uploads/DailyExport-CSV.zip
ca-ttb-1f3c33e52b87,STANDING JOURNEY LLC,"1429 TUBBS LN, CALISTOGA, CA, 94515",02,00558009,STANDING JOURNEY LLC,CHATEAU MONTELENA,"1429 TUBBS LN, CALISTOGA, CA, 94515-9726",LIC,ACTIVE,2026-08-22,https://www.abc.ca.gov/wp-content/uploads/DailyExport-CSV.zip
ca-ttb-1fa478268a4d,Condesa,"1491 MONTEREY ST, SAN LUIS OBISPO, CA, 93401",06,00663503,CONDESA LLC,CONDESA,"1491 MONTEREY ST, SAN LUIS OBISPO, CA, 93401-2925",LIC,ACTIVE,2026-08-22,https://www.abc.ca.gov/wp-content/uploads/DailyExport-CSV.zip
ca-ttb-1fa478268a4d,Condesa,"1491 MONTEREY ST, SAN LUIS OBISPO, CA, 93401",74,00663503,CONDESA LLC,CONDESA,"1491 MONTEREY ST, SAN LUIS OBISPO, CA, 93401-2925",LIC,ACTIVE,2026-08-22,https://www.abc.ca.gov/wp-content/uploads/DailyExport-CSV.zip
ca-ttb-21629d5f42df,VJB LLC,"11600 DUNBAR RD, GLEN ELLEN, CA, 95442",02,00544446,VJB LLC,WELLINGTON CELLARS,"11600 DUNBAR RD, GLEN ELLEN, CA, 95442-9210",LIC,ACTIVE,2026-08-22,https://www.abc.ca.gov/wp-content/uploads/DailyExport-CSV.zip
ca-ttb-21629d5f42df,VJB LLC,"11600 DUNBAR RD, GLEN ELLEN, CA, 95442",07,00544446,VJB LLC,WELLINGTON CELLARS,"11600 DUNBAR RD, GLEN ELLEN, CA, 95442-9210",LIC,ACTIVE,2026-08-22,https://www.abc.ca.gov/wp-content/uploads/DailyExport-CSV.zip
ca-ttb-21629d5f42df,VJB LLC,"11600 DUNBAR RD, GLEN ELLEN, CA, 95442",06,00544446,VJB LLC,WELLINGTON CELLARS,"11600 DUNBAR RD, GLEN ELLEN, CA, 95442-9210",LIC,ACTIVE,2026-08-22,https://www.abc.ca.gov/wp-content/uploads/DailyExport-CSV.zip
ca-ttb-21629d5f42df,VJB LLC,"11600 DUNBAR RD, GLEN ELLEN, CA, 95442",74,00544446,VJB LLC,WELLINGTON CELLARS,"11600 DUNBAR RD, GLEN ELLEN, CA, 95442-9210",LIC,ACTIVE,2026-08-22,https://www.abc.ca.gov/wp-content/uploads/DailyExport-CSV.zip
ca-ttb-21629d5f42df,VJB LLC,"11600 DUNBAR RD, GLEN ELLEN, CA, 95442",94,00544446,VJB LLC,WELLINGTON CELLARS,"11600 DUNBAR RD, GLEN ELLEN, CA, 95442-9210",LIC,ACTIVE,2026-08-22,https://www.abc.ca.gov/wp-content/uploads/DailyExport-CSV.zip
ca-ttb-23d1a699f339,"SPOTTSWOODE WINERY, INC.","1902 MADRONA AVE, SAINT HELENA, CA, 94574",06,00252585,SPOTTSWOODE WINERY  INC.,SPOTTSWOODE WINERY,"1902 MADRONA AVE, SAINT HELENA, CA, 94574-2354",LIC,ACTIVE,2026-08-22,https://www.abc.ca.gov/wp-content/uploads/DailyExport-CSV.zip
ca-ttb-23d1a699f339,"SPOTTSWOODE WINERY, INC.","1902 MADRONA AVE, SAINT HELENA, CA, 94574",02,00252585,SPOTTSWOODE WINERY  INC.,SPOTTSWOODE WINERY,"1902 MADRONA AVE, SAINT HELENA, CA, 94574-2354",LIC,ACTIVE,2026-08-22,https://www.abc.ca.gov/wp-content/uploads/DailyExport-CSV.zip
ca-ttb-2453bd34e873,"TRINITY ALPS GOLF AND COUNTRY CLUB, LLC","130 GOLF COURSE DR, WEAVERVILLE, CA, 96093",47,00623308,TRINITY ALPS GOLF AND COUNTRY CLUB LLC,TRINITY ALPS GOLF AND COUNTRY CLUB,"130 GOLF COURSE DR, WEAVERVILLE, CA, 96093",LIC,ACTIVE,2026-08-22,https://www.abc.ca.gov/wp-content/uploads/DailyExport-CSV.zip
ca-ttb-250919624b36,Town's End Stillhouse,"22020 HIGHWAY 18, APPLE VALLEY, CA, 92307",06,00602368,ITS A HITT CORP.,TOWNS END STILLHOUSE,"22020 HIGHWAY 18, APPLE VALLEY, CA, 92307-3971",LIC,ACTIVE,2026-08-22,https://www.abc.ca.gov/wp-content/uploads/DailyExport-CSV.zip
ca-ttb-250919624b36,Town's End Stillhouse,"22020 HIGHWAY 18, APPLE VALLEY, CA, 92307",74,00602368,ITS A HITT CORP.,TOWNS END STILLHOUSE,"22020 HIGHWAY 18, APPLE VALLEY, CA, 92307-3971",LIC,ACTIVE,2026-08-22,https://www.abc.ca.gov/wp-content/uploads/DailyExport-CSV.zip
ca-ttb-250919624b36,Town's End Stillhouse,"22020 HIGHWAY 18, APPLE VALLEY, CA, 92307",47,00669815,TOWNSEND BROS,TOWNS END BAR & GRILL,"22020 HIGHWAY 18, APPLE VALLEY, CA, 92307-3971",LIC,ACTIVE,2026-08-22,https://www.abc.ca.gov/wp-content/uploads/DailyExport-CSV.zip
ca-ttb-250919624b36,Town's End Stillhouse,"22020 HIGHWAY 18, APPLE VALLEY, CA, 92307",58,00669815,TOWNSEND BROS,TOWNS END BAR & GRILL,"22020 HIGHWAY 18, APPLE VALLEY, CA, 92307-3971",LIC,ACTIVE,2026-08-22,https://www.abc.ca.gov/wp-content/uploads/DailyExport-CSV.zip
ca-ttb-26e858721ea5,FERRARI-CARANO VINEYARDS & WINERY,"8761 DRY CREEK RD, HEALDSBURG, CA, 95448",02,00618827,FOLEY FAMILY WINES  INC.,FERRARI-CARANO VINEYARDS & WINERY,"8761 DRY CREEK RD, HEALDSBURG, CA, 95448",LIC,ACTIVE,2026-08-22,https://www.abc.ca.gov/wp-content/uploads/DailyExport-CSV.zip
ca-ttb-26e858721ea5,FERRARI-CARANO VINEYARDS & WINERY,"8761 DRY CREEK RD, HEALDSBURG, CA, 95448",06,00618827,FOLEY FAMILY WINES  INC.,FERRARI-CARANO VINEYARDS & WINERY,"8761 DRY CREEK RD, HEALDSBURG, CA, 95448",LIC,ACTIVE,2026-08-22,https://www.abc.ca.gov/wp-content/uploads/DailyExport-CSV.zip
ca-ttb-288fd60de564,Capital Liquors Project,"34255 CORCORAN HILL LN, DAVIS, CA, 95616",06,00551783,MILLER  GREGORY HALE,CAPITAL LIQUORS PROJECT,"34255 CORCORAN HILL LN, DAVIS, CA, 95616-9407",LIC,ACTIVE,2026-08-22,https://www.abc.ca.gov/wp-content/uploads/DailyExport-CSV.zip
ca-ttb-288fd60de564,Capital Liquors Project,"34255 CORCORAN HILL LN, DAVIS, CA, 95616",04,00551783,MILLER  GREGORY HALE,CAPITAL LIQUORS PROJECT,"34255 CORCORAN HILL LN, DAVIS, CA, 95616-9407",LIC,ACTIVE,2026-08-22,https://www.abc.ca.gov/wp-content/uploads/DailyExport-CSV.zip
ca-ttb-2939aa4e66c5,The Carlton Hotel,"6005 EL CAMINO REAL, ATASCADERO, CA, 93422",06,00650359,TRILOGY HOSPITALITY,MABEL LOUNGE,"6005 EL CAMINO REAL, ATASCADERO, CA, 93422-4210",LIC,ACTIVE,2026-08-22,https://www.abc.ca.gov/wp-content/uploads/DailyExport-CSV.zip
ca-ttb-2939aa4e66c5,The Carlton Hotel,"6005 EL CAMINO REAL, ATASCADERO, CA, 93422",74,00650359,TRILOGY HOSPITALITY,MABEL LOUNGE,"6005 EL CAMINO REAL, ATASCADERO, CA, 93422-4210",LIC,ACTIVE,2026-08-22,https://www.abc.ca.gov/wp-content/uploads/DailyExport-CSV.zip
ca-ttb-29da17e0e1f6,E. & J. GALLO WINERY,"2425 MISSION ST, SAN MIGUEL, CA, 93451",02,00525372,E. & J. GALLO WINERY,COURTSIDE CELLARS,"2425 MISSION ST, SAN MIGUEL, CA, 93451-9556",LIC,ACTIVE,2026-08-22,https://www.abc.ca.gov/wp-content/uploads/DailyExport-CSV.zip
ca-ttb-29da17e0e1f6,E. & J. GALLO WINERY,"2425 MISSION ST, SAN MIGUEL, CA, 93451",09,00525372,E. & J. GALLO WINERY,COURTSIDE CELLARS,"2425 MISSION ST, SAN MIGUEL, CA, 93451-9556",LIC,ACTIVE,2026-08-22,https://www.abc.ca.gov/wp-content/uploads/DailyExport-CSV.zip
ca-ttb-2d069871da2c,BRONCO WINE COMPANY,"6342 BYSTRUM RD, CERES, CA, 95307",14,00037405,BRONCO WINE COMPANY,BRONCO WINE COMPANY,"6342 BYSTRUM RD, CERES, CA, 95307-6652",LIC,ACTIVE,2026-08-22,https://www.abc.ca.gov/wp-content/uploads/DailyExport-CSV.zip
ca-ttb-2d069871da2c,BRONCO WINE COMPANY,"6342 BYSTRUM RD, CERES, CA, 95307",02,00037405,BRONCO WINE COMPANY,BRONCO WINE COMPANY,"6342 BYSTRUM RD, CERES, CA, 95307-6652",LIC,ACTIVE,2026-08-22,https://www.abc.ca.gov/wp-content/uploads/DailyExport-CSV.zip
ca-ttb-2d069871da2c,BRONCO WINE COMPANY,"6342 BYSTRUM RD, CERES, CA, 95307",17,00037405,BRONCO WINE COMPANY,BRONCO WINE COMPANY,"6342 BYSTRUM RD, CERES, CA, 95307-6652",LIC,ACTIVE,2026-08-22,https://www.abc.ca.gov/wp-content/uploads/DailyExport-CSV.zip
ca-ttb-2d069871da2c,BRONCO WINE COMPANY,"6342 BYSTRUM RD, CERES, CA, 95307",18,00037405,BRONCO WINE COMPANY,BRONCO WINE COMPANY,"6342 BYSTRUM RD, CERES, CA, 95307-6652",LIC,ACTIVE,2026-08-22,https://www.abc.ca.gov/wp-content/uploads/DailyExport-CSV.zip
ca-ttb-2d069871da2c,BRONCO WINE COMPANY,"6342 BYSTRUM RD, CERES, CA, 95307",20,00037405,BRONCO WINE COMPANY,BRONCO WINE COMPANY,"6342 BYSTRUM RD, CERES, CA, 95307-6652",LIC,ACTIVE,2026-08-22,https://www.abc.ca.gov/wp-content/uploads/DailyExport-CSV.zip
ca-ttb-2d069871da2c,BRONCO WINE COMPANY,"6342 BYSTRUM RD, CERES, CA, 95307",24,00037405,BRONCO WINE COMPANY,BRONCO WINE COMPANY,"6342 BYSTRUM RD, CERES, CA, 95307-6652",LIC,ACTIVE,2026-08-22,https://www.abc.ca.gov/wp-content/uploads/DailyExport-CSV.zip
ca-ttb-2d069871da2c,BRONCO WINE COMPANY,"6342 BYSTRUM RD, CERES, CA, 95307",09,00037405,BRONCO WINE COMPANY,BRONCO WINE COMPANY,"6342 BYSTRUM RD, CERES, CA, 95307-6652",LIC,ACTIVE,2026-08-22,https://www.abc.ca.gov/wp-content/uploads/DailyExport-CSV.zip
ca-ttb-2d069871da2c,BRONCO WINE COMPANY,"6342 BYSTRUM RD, CERES, CA, 95307",12,00037405,BRONCO WINE COMPANY,BRONCO WINE COMPANY,"6342 BYSTRUM RD, CERES, CA, 95307-6652",LIC,ACTIVE,2026-08-22,https://www.abc.ca.gov/wp-content/uploads/DailyExport-CSV.zip
ca-ttb-2d0e4c436297,"SAFE HARBOR PARTNERS, LLC","707 TECHNOLOGY WAY, NAPA, CA, 94558",06,00536740,SAFE HARBOR PARTNERS LLC,SAFE HARBOR WINE STORAGE,"707 TECHNOLOGY WAY, NAPA, CA, 94558-7505",LIC,ACTIVE,2026-08-22,https://www.abc.ca.gov/wp-content/uploads/DailyExport-CSV.zip
ca-ttb-2d0e4c436297,"SAFE HARBOR PARTNERS, LLC","707 TECHNOLOGY WAY, NAPA, CA, 94558",02,00536740,SAFE HARBOR PARTNERS LLC,SAFE HARBOR WINE STORAGE,"707 TECHNOLOGY WAY, NAPA, CA, 94558-7505",LIC,ACTIVE,2026-08-22,https://www.abc.ca.gov/wp-content/uploads/DailyExport-CSV.zip
ca-ttb-2fc12605a351,"APPLE CART CIDER, LLC","2870 DUKE CT, SANTA ROSA, CA, 95407",23,00650518,APPLE CART CIDER  LLC,GOLDEN STATE CIDER,"2870 DUKE CT, SANTA ROSA, CA, 95407-7844",LIC,ACTIVE,2026-08-22,https://www.abc.ca.gov/wp-content/uploads/DailyExport-CSV.zip
ca-ttb-2fc12605a351,"APPLE CART CIDER, LLC","2870 DUKE CT, SANTA ROSA, CA, 95407",07,00650518,APPLE CART CIDER  LLC,GOLDEN STATE CIDER,"2870 DUKE CT, SANTA ROSA, CA, 95407-7844",LIC,ACTIVE,2026-08-22,https://www.abc.ca.gov/wp-content/uploads/DailyExport-CSV.zip
ca-ttb-2fc12605a351,"APPLE CART CIDER, LLC","2870 DUKE CT, SANTA ROSA, CA, 95407",02,00650518,APPLE CART CIDER  LLC,GOLDEN STATE CIDER,"2870 DUKE CT, SANTA ROSA, CA, 95407-7844",LIC,ACTIVE,2026-08-22,https://www.abc.ca.gov/wp-content/uploads/DailyExport-CSV.zip
ca-ttb-32594eff9d3e,THE GOLD BAR SPIRITS COMPANY INC.,"2505 MONARCH ST BLDG 22, ALAMEDA, CA, 94501",01,00659262,THE GOLD BAR SPIRITS COMPANY INC.,GOLD BAR SPIRITS,"2505 MONARCH ST BLDG 22, ALAMEDA, CA, 94501",LIC,ACTIVE,2026-08-22,https://www.abc.ca.gov/wp-content/uploads/DailyExport-CSV.zip
ca-ttb-32594eff9d3e,THE GOLD BAR SPIRITS COMPANY INC.,"2505 MONARCH ST BLDG 22, ALAMEDA, CA, 94501",03,00659262,THE GOLD BAR SPIRITS COMPANY INC.,GOLD BAR SPIRITS,"2505 MONARCH ST BLDG 22, ALAMEDA, CA, 94501",LIC,ACTIVE,2026-08-22,https://www.abc.ca.gov/wp-content/uploads/DailyExport-CSV.zip
ca-ttb-32594eff9d3e,THE GOLD BAR SPIRITS COMPANY INC.,"2505 MONARCH ST BLDG 22, ALAMEDA, CA, 94501",06,00659262,THE GOLD BAR SPIRITS COMPANY INC.,GOLD BAR SPIRITS,"2505 MONARCH ST BLDG 22, ALAMEDA, CA, 94501",LIC,ACTIVE,2026-08-22,https://www.abc.ca.gov/wp-content/uploads/DailyExport-CSV.zip
ca-ttb-32594eff9d3e,THE GOLD BAR SPIRITS COMPANY INC.,"2505 MONARCH ST BLDG 22, ALAMEDA, CA, 94501",12,00659262,THE GOLD BAR SPIRITS COMPANY INC.,GOLD BAR SPIRITS,"2505 MONARCH ST BLDG 22, ALAMEDA, CA, 94501",LIC,ACTIVE,2026-08-22,https://www.abc.ca.gov/wp-content/uploads/DailyExport-CSV.zip
ca-ttb-32594eff9d3e,THE GOLD BAR SPIRITS COMPANY INC.,"2505 MONARCH ST BLDG 22, ALAMEDA, CA, 94501",74,00659262,THE GOLD BAR SPIRITS COMPANY INC.,GOLD BAR SPIRITS,"2505 MONARCH ST BLDG 22, ALAMEDA, CA, 94501",LIC,ACTIVE,2026-08-22,https://www.abc.ca.gov/wp-content/uploads/DailyExport-CSV.zip
ca-ttb-373e1f532f20,FRESNO STATE VINEYARDS,"2360 E BARSTOW AVE, FRESNO, CA, 93740",06,00322058,THE AGRICULTURAL FOUNDATION OF CALIFORNIA STATE UN,FRESNO STATE VINEYARDS,"2360 E BARSTOW AVE, FRESNO, CA, 93740",LIC,ACTIVE,2026-08-22,https://www.abc.ca.gov/wp-content/uploads/DailyExport-CSV.zip
ca-ttb-373e1f532f20,FRESNO STATE VINEYARDS,"2360 E BARSTOW AVE, FRESNO, CA, 93740",04,00322058,THE AGRICULTURAL FOUNDATION OF CALIFORNIA STATE UN,FRESNO STATE VINEYARDS,"2360 E BARSTOW AVE, FRESNO, CA, 93740",LIC,ACTIVE,2026-08-22,https://www.abc.ca.gov/wp-content/uploads/DailyExport-CSV.zip
ca-ttb-373e1f532f20,FRESNO STATE VINEYARDS,"2360 E BARSTOW AVE, FRESNO, CA, 93740",02,00322058,THE AGRICULTURAL FOUNDATION OF CALIFORNIA STATE UN,FRESNO STATE VINEYARDS,"2360 E BARSTOW AVE, FRESNO, CA, 93740",LIC,ACTIVE,2026-08-22,https://www.abc.ca.gov/wp-content/uploads/DailyExport-CSV.zip
ca-ttb-3903a449d389,"CUTWATER SPIRITS, LLC","9750 DISTRIBUTION AVE, SAN DIEGO, CA, 92121",06,00570747,CUTWATER SPIRITS  LLC,,"9750 DISTRIBUTION AVE, SAN DIEGO, CA, 92121",LIC,ACTIVE,2026-08-22,https://www.abc.ca.gov/wp-content/uploads/DailyExport-CSV.zip
ca-ttb-3903a449d389,"CUTWATER SPIRITS, LLC","9750 DISTRIBUTION AVE, SAN DIEGO, CA, 92121",04,00570747,CUTWATER SPIRITS  LLC,,"9750 DISTRIBUTION AVE, SAN DIEGO, CA, 92121",LIC,ACTIVE,2026-08-22,https://www.abc.ca.gov/wp-content/uploads/DailyExport-CSV.zip
ca-ttb-3903a449d389,"CUTWATER SPIRITS, LLC","9750 DISTRIBUTION AVE, SAN DIEGO, CA, 92121",12,00570747,CUTWATER SPIRITS  LLC,,"9750 DISTRIBUTION AVE, SAN DIEGO, CA, 92121",LIC,ACTIVE,2026-08-22,https://www.abc.ca.gov/wp-content/uploads/DailyExport-CSV.zip
ca-ttb-3b32ae3bc18f,Old Possum Brewing Co.,"357 SUTTON PL, SANTA ROSA, CA, 95407",23,00569334,OLD POSSUM LLC,OLD POSSUM BREWING CO,"357 SUTTON PL, SANTA ROSA, CA, 95407-8138",LIC,ACTIVE,2026-08-22,https://www.abc.ca.gov/wp-content/uploads/DailyExport-CSV.zip
ca-ttb-3b32ae3bc18f,Old Possum Brewing Co.,"357 SUTTON PL, SANTA ROSA, CA, 95407",06,00569334,OLD POSSUM LLC,OLD POSSUM BREWING CO,"357 SUTTON PL, SANTA ROSA, CA, 95407-8138",LIC,ACTIVE,2026-08-22,https://www.abc.ca.gov/wp-content/uploads/DailyExport-CSV.zip
ca-ttb-3b32ae3bc18f,Old Possum Brewing Co.,"357 SUTTON PL, SANTA ROSA, CA, 95407",74,00569334,OLD POSSUM LLC,OLD POSSUM BREWING CO,"357 SUTTON PL, SANTA ROSA, CA, 95407-8138",LIC,ACTIVE,2026-08-22,https://www.abc.ca.gov/wp-content/uploads/DailyExport-CSV.zip
ca-ttb-3bc8aeeebdc9,Bin to Bottle,"110-122 CAMINO ORUGA, NAPA, CA, 94558",02,00438082,BIN TO BOTTLE  LLC,BIN TO BOTTLE LLC,"110-122 CAMINO ORUGA, NAPA, CA, 94558-6214",LIC,ACTIVE,2026-08-22,https://www.abc.ca.gov/wp-content/uploads/DailyExport-CSV.zip
ca-ttb-3bc8aeeebdc9,Bin to Bottle,"110-122 CAMINO ORUGA, NAPA, CA, 94558",06,00438082,BIN TO BOTTLE  LLC,BIN TO BOTTLE LLC,"110-122 CAMINO ORUGA, NAPA, CA, 94558-6214",LIC,ACTIVE,2026-08-22,https://www.abc.ca.gov/wp-content/uploads/DailyExport-CSV.zip
ca-ttb-3bc8aeeebdc9,Bin to Bottle,"110-122 CAMINO ORUGA, NAPA, CA, 94558",24,00438082,BIN TO BOTTLE  LLC,BIN TO BOTTLE LLC,"110-122 CAMINO ORUGA, NAPA, CA, 94558-6214",LIC,ACTIVE,2026-08-22,https://www.abc.ca.gov/wp-content/uploads/DailyExport-CSV.zip
ca-ttb-3bc8aeeebdc9,Bin to Bottle,"110-122 CAMINO ORUGA, NAPA, CA, 94558",23,00438082,BIN TO BOTTLE  LLC,BIN TO BOTTLE LLC,"110-122 CAMINO ORUGA, NAPA, CA, 94558-6214",LIC,ACTIVE,2026-08-22,https://www.abc.ca.gov/wp-content/uploads/DailyExport-CSV.zip
ca-ttb-3bc8aeeebdc9,Bin to Bottle,"110-122 CAMINO ORUGA, NAPA, CA, 94558",17,00438082,BIN TO BOTTLE  LLC,BIN TO BOTTLE LLC,"110-122 CAMINO ORUGA, NAPA, CA, 94558-6214",LIC,ACTIVE,2026-08-22,https://www.abc.ca.gov/wp-content/uploads/DailyExport-CSV.zip
ca-ttb-3bc8aeeebdc9,Bin to Bottle,"110-122 CAMINO ORUGA, NAPA, CA, 94558",12,00438082,BIN TO BOTTLE  LLC,BIN TO BOTTLE LLC,"110-122 CAMINO ORUGA, NAPA, CA, 94558-6214",LIC,ACTIVE,2026-08-22,https://www.abc.ca.gov/wp-content/uploads/DailyExport-CSV.zip
ca-ttb-3bc8aeeebdc9,Bin to Bottle,"110-122 CAMINO ORUGA, NAPA, CA, 94558",09,00438082,BIN TO BOTTLE  LLC,BIN TO BOTTLE LLC,"110-122 CAMINO ORUGA, NAPA, CA, 94558-6214",LIC,ACTIVE,2026-08-22,https://www.abc.ca.gov/wp-content/uploads/DailyExport-CSV.zip
ca-ttb-3daf27f07c06,"KLEIN FOODS, INC.","11455 OLD REDWOOD HWY, HEALDSBURG, CA, 95448",02,00227526,KLEIN FOODS  INC.,RODNEY STRONG VINEYARDS,"11455 OLD REDWOOD HWY, HEALDSBURG, CA, 95448",LIC,ACTIVE,2026-08-22,https://www.abc.ca.gov/wp-content/uploads/DailyExport-CSV.zip
ca-ttb-3daf27f07c06,"KLEIN FOODS, INC.","11455 OLD REDWOOD HWY, HEALDSBURG, CA, 95448",06,00227526,KLEIN FOODS  INC.,RODNEY STRONG VINEYARDS,"11455 OLD REDWOOD HWY, HEALDSBURG, CA, 95448",LIC,ACTIVE,2026-08-22,https://www.abc.ca.gov/wp-content/uploads/DailyExport-CSV.zip
ca-ttb-3daf27f07c06,"KLEIN FOODS, INC.","11455 OLD REDWOOD HWY, HEALDSBURG, CA, 95448",04,00227526,KLEIN FOODS  INC.,RODNEY STRONG VINEYARDS,"11455 OLD REDWOOD HWY, HEALDSBURG, CA, 95448",LIC,ACTIVE,2026-08-22,https://www.abc.ca.gov/wp-content/uploads/DailyExport-CSV.zip
ca-ttb-3daf27f07c06,"KLEIN FOODS, INC.","11455 OLD REDWOOD HWY, HEALDSBURG, CA, 95448",09,00227526,KLEIN FOODS  INC.,RODNEY STRONG VINEYARDS,"11455 OLD REDWOOD HWY, HEALDSBURG, CA, 95448",LIC,ACTIVE,2026-08-22,https://www.abc.ca.gov/wp-content/uploads/DailyExport-CSV.zip
ca-ttb-3e287fb3755b,Old World Spirits,"12595 WATSONVILLE RD, MORGAN HILL, CA, 95037",02,00646230,OLD WORLD SPIRITS LLC,OLD WORLD SPIRITS DBA KUCHAN CELLARS,"12595 WATSONVILLE RD, MORGAN HILL, CA, 95037-9417",LIC,ACTIVE,2026-08-22,https://www.abc.ca.gov/wp-content/uploads/DailyExport-CSV.zip
ca-ttb-3e287fb3755b,Old World Spirits,"12595 WATSONVILLE RD, MORGAN HILL, CA, 95037",03,00646230,OLD WORLD SPIRITS LLC,OLD WORLD SPIRITS DBA KUCHAN CELLARS,"12595 WATSONVILLE RD, MORGAN HILL, CA, 95037-9417",LIC,ACTIVE,2026-08-22,https://www.abc.ca.gov/wp-content/uploads/DailyExport-CSV.zip
ca-ttb-3e287fb3755b,Old World Spirits,"12595 WATSONVILLE RD, MORGAN HILL, CA, 95037",06,00646230,OLD WORLD SPIRITS LLC,OLD WORLD SPIRITS DBA KUCHAN CELLARS,"12595 WATSONVILLE RD, MORGAN HILL, CA, 95037-9417",LIC,ACTIVE,2026-08-22,https://www.abc.ca.gov/wp-content/uploads/DailyExport-CSV.zip
ca-ttb-3e287fb3755b,Old World Spirits,"12595 WATSONVILLE RD, MORGAN HILL, CA, 95037",74,00646230,OLD WORLD SPIRITS LLC,OLD WORLD SPIRITS DBA KUCHAN CELLARS,"12595 WATSONVILLE RD, MORGAN HILL, CA, 95037-9417",LIC,ACTIVE,2026-08-22,https://www.abc.ca.gov/wp-content/uploads/DailyExport-CSV.zip
ca-ttb-3e61656d6a45,JuneShine,"10051 OLD GROVE RD, SAN DIEGO, CA, 92131",23,00603078,JUNESHINE INC,JUNESHINE,"10051 OLD GROVE RD, SAN DIEGO, CA, 92131-1654",LIC,ACTIVE,2026-08-22,https://www.abc.ca.gov/wp-content/uploads/DailyExport-CSV.zip
ca-ttb-3e61656d6a45,JuneShine,"10051 OLD GROVE RD, SAN DIEGO, CA, 92131",12,00632243,JUNESHINE INC,JUNESHINE,"10051 OLD GROVE RD, SAN DIEGO, CA, 92131-1654",LIC,ACTIVE,2026-08-22,https://www.abc.ca.gov/wp-content/uploads/DailyExport-CSV.zip
ca-ttb-3e61656d6a45,JuneShine,"10051 OLD GROVE RD, SAN DIEGO, CA, 92131",07,00632243,JUNESHINE INC,JUNESHINE,"10051 OLD GROVE RD, SAN DIEGO, CA, 92131-1654",LIC,ACTIVE,2026-08-22,https://www.abc.ca.gov/wp-content/uploads/DailyExport-CSV.zip
ca-ttb-3e61656d6a45,JuneShine,"10051 OLD GROVE RD, SAN DIEGO, CA, 92131",09,00603078,JUNESHINE INC,JUNESHINE,"10051 OLD GROVE RD, SAN DIEGO, CA, 92131-1654",LIC,ACTIVE,2026-08-22,https://www.abc.ca.gov/wp-content/uploads/DailyExport-CSV.zip
ca-ttb-3eebbe6cffc3,"MONTEREY WINE COMPANY, LLC","1010 INDUSTRIAL WAY, KING CITY, CA, 93930",02,00388756,MONTEREY WINE COMPANY LLC,MONTEREY WINE COMPANY,"1010 INDUSTRIAL WAY, KING CITY, CA, 93930-2506",LIC,ACTIVE,2026-08-22,https://www.abc.ca.gov/wp-content/uploads/DailyExport-CSV.zip
ca-ttb-3eebbe6cffc3,"MONTEREY WINE COMPANY, LLC","1010 INDUSTRIAL WAY, KING CITY, CA, 93930",06,00388756,MONTEREY WINE COMPANY LLC,MONTEREY WINE COMPANY,"1010 INDUSTRIAL WAY, KING CITY, CA, 93930-2506",LIC,ACTIVE,2026-08-22,https://www.abc.ca.gov/wp-content/uploads/DailyExport-CSV.zip
ca-ttb-3eebbe6cffc3,"MONTEREY WINE COMPANY, LLC","1010 INDUSTRIAL WAY, KING CITY, CA, 93930",04,00388756,MONTEREY WINE COMPANY LLC,MONTEREY WINE COMPANY,"1010 INDUSTRIAL WAY, KING CITY, CA, 93930-2506",LIC,ACTIVE,2026-08-22,https://www.abc.ca.gov/wp-content/uploads/DailyExport-CSV.zip
ca-ttb-3eebbe6cffc3,"MONTEREY WINE COMPANY, LLC","1010 INDUSTRIAL WAY, KING CITY, CA, 93930",12,00388756,MONTEREY WINE COMPANY LLC,MONTEREY WINE COMPANY,"1010 INDUSTRIAL WAY, KING CITY, CA, 93930-2506",LIC,ACTIVE,2026-08-22,https://www.abc.ca.gov/wp-content/uploads/DailyExport-CSV.zip
ca-ttb-3eebbe6cffc3,"MONTEREY WINE COMPANY, LLC","1010 INDUSTRIAL WAY, KING CITY, CA, 93930",09,00388756,MONTEREY WINE COMPANY LLC,MONTEREY WINE COMPANY,"1010 INDUSTRIAL WAY, KING CITY, CA, 93930-2506",LIC,ACTIVE,2026-08-22,https://www.abc.ca.gov/wp-content/uploads/DailyExport-CSV.zip
ca-ttb-42bfa786bc4b,Copper Cane Spirits,"819 MARIPOSA RD, MODESTO, CA, 95354",06,00607180,ISLA DE CALIFA LLC,COPPER CANE SPIRITS,"819 MARIPOSA RD, MODESTO, CA, 95354",LIC,ACTIVE,2026-08-22,https://www.abc.ca.gov/wp-content/uploads/DailyExport-CSV.zip
ca-ttb-42bfa786bc4b,Copper Cane Spirits,"819 MARIPOSA RD, MODESTO, CA, 95354",74,00607180,ISLA DE CALIFA LLC,COPPER CANE SPIRITS,"819 MARIPOSA RD, MODESTO, CA, 95354",LIC,ACTIVE,2026-08-22,https://www.abc.ca.gov/wp-content/uploads/DailyExport-CSV.zip
ca-ttb-42da81d110a3,GEYSERVILLE WINERY,"19410 GEYSERVILLE AVE, GEYSERVILLE, CA, 95441",02,00654602,DUCKHORN WINE COMPANY,GEYSERVILLE WINERY,"19410 GEYSERVILLE AVE, GEYSERVILLE, CA, 95441-9603",LIC,ACTIVE,2026-08-22,https://www.abc.ca.gov/wp-content/uploads/DailyExport-CSV.zip
ca-ttb-42da81d110a3,GEYSERVILLE WINERY,"19410 GEYSERVILLE AVE, GEYSERVILLE, CA, 95441",06,00654602,DUCKHORN WINE COMPANY,GEYSERVILLE WINERY,"19410 GEYSERVILLE AVE, GEYSERVILLE, CA, 95441-9603",LIC,ACTIVE,2026-08-22,https://www.abc.ca.gov/wp-content/uploads/DailyExport-CSV.zip
ca-ttb-44fb58b8442f,STAG'S LEAP WINE CELLARS,"5766 SILVERADO TRL, NAPA, CA, 94558",02,00459819,STAG'S LEAP WINE CELLARS  LLC,STAG'S LEAP WINE CELLARS,"5766 SILVERADO TRL, NAPA, CA, 94558-9413",LIC,ACTIVE,2026-08-22,https://www.abc.ca.gov/wp-content/uploads/DailyExport-CSV.zip
ca-ttb-44fb58b8442f,STAG'S LEAP WINE CELLARS,"5766 SILVERADO TRL, NAPA, CA, 94558",04,00459819,STAG'S LEAP WINE CELLARS  LLC,STAG'S LEAP WINE CELLARS,"5766 SILVERADO TRL, NAPA, CA, 94558-9413",LIC,ACTIVE,2026-08-22,https://www.abc.ca.gov/wp-content/uploads/DailyExport-CSV.zip
ca-ttb-44fb58b8442f,STAG'S LEAP WINE CELLARS,"5766 SILVERADO TRL, NAPA, CA, 94558",06,00459819,STAG'S LEAP WINE CELLARS  LLC,STAG'S LEAP WINE CELLARS,"5766 SILVERADO TRL, NAPA, CA, 94558-9413",LIC,ACTIVE,2026-08-22,https://www.abc.ca.gov/wp-content/uploads/DailyExport-CSV.zip
ca-ttb-44fb58b8442f,STAG'S LEAP WINE CELLARS,"5766 SILVERADO TRL, NAPA, CA, 94558",17,00459819,STAG'S LEAP WINE CELLARS  LLC,STAG'S LEAP WINE CELLARS,"5766 SILVERADO TRL, NAPA, CA, 94558-9413",LIC,ACTIVE,2026-08-22,https://www.abc.ca.gov/wp-content/uploads/DailyExport-CSV.zip
ca-ttb-44fb58b8442f,STAG'S LEAP WINE CELLARS,"5766 SILVERADO TRL, NAPA, CA, 94558",09,00459819,STAG'S LEAP WINE CELLARS  LLC,STAG'S LEAP WINE CELLARS,"5766 SILVERADO TRL, NAPA, CA, 94558-9413",LIC,ACTIVE,2026-08-22,https://www.abc.ca.gov/wp-content/uploads/DailyExport-CSV.zip
ca-ttb-452357a9b4bd,MCCALL WINERIES & DISTILLERIES,"1042 S MCCALL AVE, SANGER, CA, 93657",06,00397585,E. & J. GALLO WINERY,MCCALL WINERIES & DISTILLERIES,"1042 S MCCALL AVE, SANGER, CA, 93657-9739",LIC,ACTIVE,2026-08-22,https://www.abc.ca.gov/wp-content/uploads/DailyExport-CSV.zip
ca-ttb-452357a9b4bd,MCCALL WINERIES & DISTILLERIES,"1042 S MCCALL AVE, SANGER, CA, 93657",03,00397585,E. & J. GALLO WINERY,MCCALL WINERIES & DISTILLERIES,"1042 S MCCALL AVE, SANGER, CA, 93657-9739",LIC,ACTIVE,2026-08-22,https://www.abc.ca.gov/wp-content/uploads/DailyExport-CSV.zip
ca-ttb-452357a9b4bd,MCCALL WINERIES & DISTILLERIES,"1042 S MCCALL AVE, SANGER, CA, 93657",02,00476686,E. & J. GALLO WINERY,MCCALL WINERIES & DISTILLERIES,"1042 S MCCALL AVE, SANGER, CA, 93657-9739",LIC,ACTIVE,2026-08-22,https://www.abc.ca.gov/wp-content/uploads/DailyExport-CSV.zip
ca-ttb-452357a9b4bd,MCCALL WINERIES & DISTILLERIES,"1042 S MCCALL AVE, SANGER, CA, 93657",04,00397585,E. & J. GALLO WINERY,MCCALL WINERIES & DISTILLERIES,"1042 S MCCALL AVE, SANGER, CA, 93657-9739",LIC,ACTIVE,2026-08-22,https://www.abc.ca.gov/wp-content/uploads/DailyExport-CSV.zip
ca-ttb-452357a9b4bd,MCCALL WINERIES & DISTILLERIES,"1042 S MCCALL AVE, SANGER, CA, 93657",12,00397585,E. & J. GALLO WINERY,MCCALL WINERIES & DISTILLERIES,"1042 S MCCALL AVE, SANGER, CA, 93657-9739",LIC,ACTIVE,2026-08-22,https://www.abc.ca.gov/wp-content/uploads/DailyExport-CSV.zip
ca-ttb-452357a9b4bd,MCCALL WINERIES & DISTILLERIES,"1042 S MCCALL AVE, SANGER, CA, 93657",09,00476686,E. & J. GALLO WINERY,MCCALL WINERIES & DISTILLERIES,"1042 S MCCALL AVE, SANGER, CA, 93657-9739",LIC,ACTIVE,2026-08-22,https://www.abc.ca.gov/wp-content/uploads/DailyExport-CSV.zip
ca-ttb-45de727ce462,You & Yours Distilling Co,"1495 G ST, SAN DIEGO, CA, 92101",06,00567260,YOU & YOURS DISTILLING COMPANY  LLC,YOU & YOURS DISTILLING CO.,"1495 G ST, SAN DIEGO, CA, 92101",LIC,ACTIVE,2026-08-22,https://www.abc.ca.gov/wp-content/uploads/DailyExport-CSV.zip
ca-ttb-4681b2f3d9e5,Dovecote Estate Winery,"9229 ALISOS CANYON RD, LOS ALAMOS, CA, 93440",02,00583825,DOVECOTE  LLC,DOVECOTE ESTATE WINERY,"9229 ALISOS CANYON RD, LOS ALAMOS, CA, 93440",LIC,ACTIVE,2026-08-22,https://www.abc.ca.gov/wp-content/uploads/DailyExport-CSV.zip
ca-ttb-4681b2f3d9e5,Dovecote Estate Winery,"9229 ALISOS CANYON RD, LOS ALAMOS, CA, 93440",06,00583825,DOVECOTE  LLC,DOVECOTE ESTATE WINERY,"9229 ALISOS CANYON RD, LOS ALAMOS, CA, 93440",LIC,ACTIVE,2026-08-22,https://www.abc.ca.gov/wp-content/uploads/DailyExport-CSV.zip
ca-ttb-4681b2f3d9e5,Dovecote Estate Winery,"9229 ALISOS CANYON RD, LOS ALAMOS, CA, 93440",74,00583825,DOVECOTE  LLC,DOVECOTE ESTATE WINERY,"9229 ALISOS CANYON RD, LOS ALAMOS, CA, 93440",LIC,ACTIVE,2026-08-22,https://www.abc.ca.gov/wp-content/uploads/DailyExport-CSV.zip
ca-ttb-4928f20fc35a,JEPSON VINEYARDS,"10400 S HIGHWAY 101, HOPLAND, CA, 95449",02,00475034,STONECUSHION  INC.,JEPSON VINEYARDS,"10400 S HIGHWAY 101, HOPLAND, CA, 95449-9650",LIC,ACTIVE,2026-08-22,https://www.abc.ca.gov/wp-content/uploads/DailyExport-CSV.zip
ca-ttb-4928f20fc35a,JEPSON VINEYARDS,"10400 S HIGHWAY 101, HOPLAND, CA, 95449",03,00475034,STONECUSHION  INC.,JEPSON VINEYARDS,"10400 S HIGHWAY 101, HOPLAND, CA, 95449-9650",LIC,ACTIVE,2026-08-22,https://www.abc.ca.gov/wp-content/uploads/DailyExport-CSV.zip
ca-ttb-4928f20fc35a,JEPSON VINEYARDS,"10400 S HIGHWAY 101, HOPLAND, CA, 95449",06,00475034,STONECUSHION  INC.,JEPSON VINEYARDS,"10400 S HIGHWAY 101, HOPLAND, CA, 95449-9650",LIC,ACTIVE,2026-08-22,https://www.abc.ca.gov/wp-content/uploads/DailyExport-CSV.zip
ca-ttb-4aa31e21f55c,HALTER WINERY,"8910 ADELAIDA RD, PASO ROBLES, CA, 93446",04,00388245,HALTER WINERY LLC,HALTER RANCH VINEYARD,"8910 ADELAIDA RD, PASO ROBLES, CA, 93446",LIC,ACTIVE,2026-08-22,https://www.abc.ca.gov/wp-content/uploads/DailyExport-CSV.zip
ca-ttb-4aa31e21f55c,HALTER WINERY,"8910 ADELAIDA RD, PASO ROBLES, CA, 93446",06,00388245,HALTER WINERY LLC,HALTER RANCH VINEYARD,"8910 ADELAIDA RD, PASO ROBLES, CA, 93446",LIC,ACTIVE,2026-08-22,https://www.abc.ca.gov/wp-content/uploads/DailyExport-CSV.zip
ca-ttb-4aa31e21f55c,HALTER WINERY,"8910 ADELAIDA RD, PASO ROBLES, CA, 93446",02,00388245,HALTER WINERY LLC,HALTER RANCH VINEYARD,"8910 ADELAIDA RD, PASO ROBLES, CA, 93446",LIC,ACTIVE,2026-08-22,https://www.abc.ca.gov/wp-content/uploads/DailyExport-CSV.zip
ca-ttb-4aa31e21f55c,HALTER WINERY,"8910 ADELAIDA RD, PASO ROBLES, CA, 93446",09,00388245,HALTER WINERY LLC,HALTER RANCH VINEYARD,"8910 ADELAIDA RD, PASO ROBLES, CA, 93446",LIC,ACTIVE,2026-08-22,https://www.abc.ca.gov/wp-content/uploads/DailyExport-CSV.zip
ca-ttb-4c116fa91244,Hawk Feather WInery,"22875 MCCOURTNEY RD, GRASS VALLEY, CA, 95949",02,00603524,HAWK FEATHER WINERY  LLC,HAWK FEATHER WINERY,"22875 MCCOURTNEY RD, GRASS VALLEY, CA, 95949",LIC,ACTIVE,2026-08-22,https://www.abc.ca.gov/wp-content/uploads/DailyExport-CSV.zip
ca-ttb-4c116fa91244,Hawk Feather WInery,"22875 MCCOURTNEY RD, GRASS VALLEY, CA, 95949",03,00603524,HAWK FEATHER WINERY  LLC,HAWK FEATHER WINERY,"22875 MCCOURTNEY RD, GRASS VALLEY, CA, 95949",LIC,ACTIVE,2026-08-22,https://www.abc.ca.gov/wp-content/uploads/DailyExport-CSV.zip
ca-ttb-4c116fa91244,Hawk Feather WInery,"22875 MCCOURTNEY RD, GRASS VALLEY, CA, 95949",06,00603524,HAWK FEATHER WINERY  LLC,HAWK FEATHER WINERY,"22875 MCCOURTNEY RD, GRASS VALLEY, CA, 95949",LIC,ACTIVE,2026-08-22,https://www.abc.ca.gov/wp-content/uploads/DailyExport-CSV.zip
ca-ttb-4d873c6282eb,SNR PERFORMANCE LLC,"647 HIGUERA ST, SAN LUIS OBISPO, CA, 93401",06,00667120,SNR PERFORMANCE LLC,BA START,"647 HIGUERA ST, SAN LUIS OBISPO, CA, 93401-3510",LIC,ACTIVE,2026-08-22,https://www.abc.ca.gov/wp-content/uploads/DailyExport-CSV.zip
ca-ttb-4d873c6282eb,SNR PERFORMANCE LLC,"647 HIGUERA ST, SAN LUIS OBISPO, CA, 93401",74,00667120,SNR PERFORMANCE LLC,BA START,"647 HIGUERA ST, SAN LUIS OBISPO, CA, 93401-3510",LIC,ACTIVE,2026-08-22,https://www.abc.ca.gov/wp-content/uploads/DailyExport-CSV.zip
ca-ttb-4dbff402c768,The Dancing Fox Winery & Brewery,"203 S SCHOOL ST, LODI, CA, 95240",02,00467115,THE DANCING FOX WINERY & BREWERY  INC,DANCING FOX WINERY & BREWERY THE,"203 S SCHOOL ST, LODI, CA, 95240",LIC,ACTIVE,2026-08-22,https://www.abc.ca.gov/wp-content/uploads/DailyExport-CSV.zip
ca-ttb-4dbff402c768,The Dancing Fox Winery & Brewery,"203 S SCHOOL ST, LODI, CA, 95240",06,00467115,THE DANCING FOX WINERY & BREWERY  INC,DANCING FOX WINERY & BREWERY THE,"203 S SCHOOL ST, LODI, CA, 95240",LIC,ACTIVE,2026-08-22,https://www.abc.ca.gov/wp-content/uploads/DailyExport-CSV.zip
ca-ttb-4dbff402c768,The Dancing Fox Winery & Brewery,"203 S SCHOOL ST, LODI, CA, 95240",74,00467115,THE DANCING FOX WINERY & BREWERY  INC,DANCING FOX WINERY & BREWERY THE,"203 S SCHOOL ST, LODI, CA, 95240",LIC,ACTIVE,2026-08-22,https://www.abc.ca.gov/wp-content/uploads/DailyExport-CSV.zip
ca-ttb-4dbff402c768,The Dancing Fox Winery & Brewery,"203 S SCHOOL ST, LODI, CA, 95240",81,00467115,THE DANCING FOX WINERY & BREWERY  INC,DANCING FOX WINERY & BREWERY THE,"203 S SCHOOL ST, LODI, CA, 95240",LIC,ACTIVE,2026-08-22,https://www.abc.ca.gov/wp-content/uploads/DailyExport-CSV.zip
ca-ttb-4e985b1fec1d,LUCANIA LIQUORS LLC,"233 E HARRIS AVE UNIT D1, SOUTH SAN FRANCISCO, CA, 94080",07,00640298,LUCANIA LIQUORS LLC,LUCANIA LIQUORS LLC,"233 E HARRIS AVE  UNIT D1, SOUTH SAN FRANCISCO, CA, 94080",LIC,ACTIVE,2026-08-22,https://www.abc.ca.gov/wp-content/uploads/DailyExport-CSV.zip
ca-ttb-4f7738e5d7d4,"Quarry Lake Winery, Sonoma","26200 ARNOLD DR, SONOMA, CA, 95476",06,00394477,TPWC  INC.,QUARRY LAKE WINERY  SONOMA,"26200 ARNOLD DR, SONOMA, CA, 95476",LIC,ACTIVE,2026-08-22,https://www.abc.ca.gov/wp-content/uploads/DailyExport-CSV.zip
ca-ttb-4f7738e5d7d4,"Quarry Lake Winery, Sonoma","26200 ARNOLD DR, SONOMA, CA, 95476",02,00394477,TPWC  INC.,QUARRY LAKE WINERY  SONOMA,"26200 ARNOLD DR, SONOMA, CA, 95476",LIC,ACTIVE,2026-08-22,https://www.abc.ca.gov/wp-content/uploads/DailyExport-CSV.zip
ca-ttb-508dfabe9221,Pacific Coast Spirits,"404 S COAST HWY, OCEANSIDE, CA, 92054",06,00594053,HAMMOND & CO.  INC.,PACIFIC COAST SPIRITS,"404 S COAST HWY, OCEANSIDE, CA, 92054-4007",LIC,ACTIVE,2026-08-22,https://www.abc.ca.gov/wp-content/uploads/DailyExport-CSV.zip
ca-ttb-508dfabe9221,Pacific Coast Spirits,"404 S COAST HWY, OCEANSIDE, CA, 92054",74,00594053,HAMMOND & CO.  INC.,PACIFIC COAST SPIRITS,"404 S COAST HWY, OCEANSIDE, CA, 92054-4007",LIC,ACTIVE,2026-08-22,https://www.abc.ca.gov/wp-content/uploads/DailyExport-CSV.zip
ca-ttb-52bdb19b0146,"OPOLO WINES, LP, OPOLO MANAGEMENT LLC, GP","45 N MAIN ST, TEMPLETON, CA, 93465",02,00533264,OPOLO WINES L-PSHIP,WILLOW CREEK DISTILLERY,"45 N MAIN ST, BLDG 1 & 2, TEMPLETON, CA, 93465",LIC,ACTIVE,2026-08-22,https://www.abc.ca.gov/wp-content/uploads/DailyExport-CSV.zip
ca-ttb-52bdb19b0146,"OPOLO WINES, LP, OPOLO MANAGEMENT LLC, GP","45 N MAIN ST, TEMPLETON, CA, 93465",06,00533264,OPOLO WINES L-PSHIP,WILLOW CREEK DISTILLERY,"45 N MAIN ST, BLDG 1 & 2, TEMPLETON, CA, 93465",LIC,ACTIVE,2026-08-22,https://www.abc.ca.gov/wp-content/uploads/DailyExport-CSV.zip
ca-ttb-52bdb19b0146,"OPOLO WINES, LP, OPOLO MANAGEMENT LLC, GP","45 N MAIN ST, TEMPLETON, CA, 93465",12,00533264,OPOLO WINES L-PSHIP,WILLOW CREEK DISTILLERY,"45 N MAIN ST, BLDG 1 & 2, TEMPLETON, CA, 93465",LIC,ACTIVE,2026-08-22,https://www.abc.ca.gov/wp-content/uploads/DailyExport-CSV.zip
ca-ttb-52bdb19b0146,"OPOLO WINES, LP, OPOLO MANAGEMENT LLC, GP","45 N MAIN ST, TEMPLETON, CA, 93465",14,00533264,OPOLO WINES L-PSHIP,WILLOW CREEK DISTILLERY,"45 N MAIN ST, BLDG 1 & 2, TEMPLETON, CA, 93465",LIC,ACTIVE,2026-08-22,https://www.abc.ca.gov/wp-content/uploads/DailyExport-CSV.zip
ca-ttb-52bdb19b0146,"OPOLO WINES, LP, OPOLO MANAGEMENT LLC, GP","45 N MAIN ST, TEMPLETON, CA, 93465",74,00533264,OPOLO WINES L-PSHIP,WILLOW CREEK DISTILLERY,"45 N MAIN ST, BLDG 1 & 2, TEMPLETON, CA, 93465",LIC,ACTIVE,2026-08-22,https://www.abc.ca.gov/wp-content/uploads/DailyExport-CSV.zip
ca-ttb-52bdb19b0146,"OPOLO WINES, LP, OPOLO MANAGEMENT LLC, GP","45 N MAIN ST, TEMPLETON, CA, 93465",94,00533264,OPOLO WINES L-PSHIP,WILLOW CREEK DISTILLERY,"45 N MAIN ST, BLDG 1 & 2, TEMPLETON, CA, 93465",LIC,ACTIVE,2026-08-22,https://www.abc.ca.gov/wp-content/uploads/DailyExport-CSV.zip
ca-ttb-54301b3a6fdb,Old Julian Vineyards & Winery,"25352 E OLD JULIAN HWY, RAMONA, CA, 92065",02,00606775,OLD JULIAN VINEYARDS & WINERY LLC,OLD JULIAN VINEYARDS & WINERY,"25352 E OLD JULIAN HWY, RAMONA, CA, 92065-6740",LIC,ACTIVE,2026-08-22,https://www.abc.ca.gov/wp-content/uploads/DailyExport-CSV.zip
ca-ttb-54301b3a6fdb,Old Julian Vineyards & Winery,"25352 E OLD JULIAN HWY, RAMONA, CA, 92065",03,00616470,OLD JULIAN VINEYARDS & WINERY LLC,OLD JULIAN VINEYARDS & WINERY LLC,"25352 E OLD JULIAN HWY, RAMONA, CA, 92065-6740",LIC,ACTIVE,2026-08-22,https://www.abc.ca.gov/wp-content/uploads/DailyExport-CSV.zip
ca-ttb-54301b3a6fdb,Old Julian Vineyards & Winery,"25352 E OLD JULIAN HWY, RAMONA, CA, 92065",06,00616470,OLD JULIAN VINEYARDS & WINERY LLC,OLD JULIAN VINEYARDS & WINERY LLC,"25352 E OLD JULIAN HWY, RAMONA, CA, 92065-6740",LIC,ACTIVE,2026-08-22,https://www.abc.ca.gov/wp-content/uploads/DailyExport-CSV.zip
ca-ttb-55bdd973ad24,VIE-DEL COMPANY,"11903 S CHESTNUT AVE, FRESNO, CA, 93725",06,00025884,VIE DEL COMPANY,VIE DEL COMPANY,"11903 S CHESTNUT AVE, FRESNO, CA, 93725-9618",LIC,ACTIVE,2026-08-22,https://www.abc.ca.gov/wp-content/uploads/DailyExport-CSV.zip
ca-ttb-55bdd973ad24,VIE-DEL COMPANY,"11903 S CHESTNUT AVE, FRESNO, CA, 93725",02,00025884,VIE DEL COMPANY,VIE DEL COMPANY,"11903 S CHESTNUT AVE, FRESNO, CA, 93725-9618",LIC,ACTIVE,2026-08-22,https://www.abc.ca.gov/wp-content/uploads/DailyExport-CSV.zip
ca-ttb-55bdd973ad24,VIE-DEL COMPANY,"11903 S CHESTNUT AVE, FRESNO, CA, 93725",04,00025884,VIE DEL COMPANY,VIE DEL COMPANY,"11903 S CHESTNUT AVE, FRESNO, CA, 93725-9618",LIC,ACTIVE,2026-08-22,https://www.abc.ca.gov/wp-content/uploads/DailyExport-CSV.zip
ca-ttb-55bdd973ad24,VIE-DEL COMPANY,"11903 S CHESTNUT AVE, FRESNO, CA, 93725",14,00025884,VIE DEL COMPANY,VIE DEL COMPANY,"11903 S CHESTNUT AVE, FRESNO, CA, 93725-9618",LIC,ACTIVE,2026-08-22,https://www.abc.ca.gov/wp-content/uploads/DailyExport-CSV.zip
ca-ttb-55bdd973ad24,VIE-DEL COMPANY,"11903 S CHESTNUT AVE, FRESNO, CA, 93725",05,00025884,VIE DEL COMPANY,VIE DEL COMPANY,"11903 S CHESTNUT AVE, FRESNO, CA, 93725-9618",LIC,ACTIVE,2026-08-22,https://www.abc.ca.gov/wp-content/uploads/DailyExport-CSV.zip
ca-ttb-55bdd973ad24,VIE-DEL COMPANY,"11903 S CHESTNUT AVE, FRESNO, CA, 93725",11,00025884,VIE DEL COMPANY,VIE DEL COMPANY,"11903 S CHESTNUT AVE, FRESNO, CA, 93725-9618",LIC,ACTIVE,2026-08-22,https://www.abc.ca.gov/wp-content/uploads/DailyExport-CSV.zip
ca-ttb-55bdd973ad24,VIE-DEL COMPANY,"11903 S CHESTNUT AVE, FRESNO, CA, 93725",09,00025884,VIE DEL COMPANY,VIE DEL COMPANY,"11903 S CHESTNUT AVE, FRESNO, CA, 93725-9618",LIC,ACTIVE,2026-08-22,https://www.abc.ca.gov/wp-content/uploads/DailyExport-CSV.zip
ca-ttb-55bdd973ad24,VIE-DEL COMPANY,"11903 S CHESTNUT AVE, FRESNO, CA, 93725",12,00025884,VIE DEL COMPANY,VIE DEL COMPANY,"11903 S CHESTNUT AVE, FRESNO, CA, 93725-9618",LIC,ACTIVE,2026-08-22,https://www.abc.ca.gov/wp-content/uploads/DailyExport-CSV.zip
ca-ttb-55d198e7f79c,STERLING VINEYARDS,"1111 DUNAWEAL LN, CALISTOGA, CA, 94515",02,00572393,TREASURY WINE ESTATES AMERICAS COMPANY,STERLING VINEYARDS,"1111 DUNAWEAL LN, CALISTOGA, CA, 94515-9799",LIC,ACTIVE,2026-08-22,https://www.abc.ca.gov/wp-content/uploads/DailyExport-CSV.zip
ca-ttb-55d198e7f79c,STERLING VINEYARDS,"1111 DUNAWEAL LN, CALISTOGA, CA, 94515",06,00572393,TREASURY WINE ESTATES AMERICAS COMPANY,STERLING VINEYARDS,"1111 DUNAWEAL LN, CALISTOGA, CA, 94515-9799",LIC,ACTIVE,2026-08-22,https://www.abc.ca.gov/wp-content/uploads/DailyExport-CSV.zip
ca-ttb-561b547a0c16,Chuparosa Vineyards,"910 GEM LN, RAMONA, CA, 92065",02,00442593,HARRIS  CAROLYN ANN,CHUPAROSA VINEYARDS,"910 GEM LN, RAMONA, CA, 92065",LIC,ACTIVE,2026-08-22,https://www.abc.ca.gov/wp-content/uploads/DailyExport-CSV.zip
ca-ttb-561b547a0c16,Chuparosa Vineyards,"910 GEM LN, RAMONA, CA, 92065",06,00442593,HARRIS  CAROLYN ANN,CHUPAROSA VINEYARDS,"910 GEM LN, RAMONA, CA, 92065",LIC,ACTIVE,2026-08-22,https://www.abc.ca.gov/wp-content/uploads/DailyExport-CSV.zip
ca-ttb-572b17f5ca1e,Bear and Eagle Products,"1425 E BORCHARD AVE, SANTA ANA, CA, 92705",03,00518284,PARSA  HERMOZ,BEAR & EAGLE PRODUCTS,"1425 E BORCHARD AVE, # A & B, SANTA ANA, CA, 92705-4414",LIC,ACTIVE,2026-08-22,https://www.abc.ca.gov/wp-content/uploads/DailyExport-CSV.zip
ca-ttb-572b17f5ca1e,Bear and Eagle Products,"1425 E BORCHARD AVE, SANTA ANA, CA, 92705",06,00518284,PARSA  HERMOZ,BEAR & EAGLE PRODUCTS,"1425 E BORCHARD AVE, # A & B, SANTA ANA, CA, 92705-4414",LIC,ACTIVE,2026-08-22,https://www.abc.ca.gov/wp-content/uploads/DailyExport-CSV.zip
ca-ttb-572b17f5ca1e,Bear and Eagle Products,"1425 E BORCHARD AVE, SANTA ANA, CA, 92705",07,00518284,PARSA  HERMOZ,BEAR & EAGLE PRODUCTS,"1425 E BORCHARD AVE, # A & B, SANTA ANA, CA, 92705-4414",LIC,ACTIVE,2026-08-22,https://www.abc.ca.gov/wp-content/uploads/DailyExport-CSV.zip
ca-ttb-5a4c340862b8,THE WINE GROUP LLC,"17000 E STATE HIGHWAY 120, RIPON, CA, 95366",17,00519324,THE WINE GROUP LLC,WINE GROUP THE,"17000 E STATE HIGHWAY 120, RIPON, CA, 95366-9412",LIC,ACTIVE,2026-08-22,https://www.abc.ca.gov/wp-content/uploads/DailyExport-CSV.zip
ca-ttb-5a4c340862b8,THE WINE GROUP LLC,"17000 E STATE HIGHWAY 120, RIPON, CA, 95366",02,00337074,THE WINE GROUP LLC,FRANZIA WINERY,"17000 E STATE HIGHWAY 120, RIPON, CA, 95366-9412",LIC,ACTIVE,2026-08-22,https://www.abc.ca.gov/wp-content/uploads/DailyExport-CSV.zip
ca-ttb-5a4c340862b8,THE WINE GROUP LLC,"17000 E STATE HIGHWAY 120, RIPON, CA, 95366",03,00337074,THE WINE GROUP LLC,FRANZIA WINERY,"17000 E STATE HIGHWAY 120, RIPON, CA, 95366-9412",LIC,ACTIVE,2026-08-22,https://www.abc.ca.gov/wp-content/uploads/DailyExport-CSV.zip
ca-ttb-5a4c340862b8,THE WINE GROUP LLC,"17000 E STATE HIGHWAY 120, RIPON, CA, 95366",06,00337074,THE WINE GROUP LLC,FRANZIA WINERY,"17000 E STATE HIGHWAY 120, RIPON, CA, 95366-9412",LIC,ACTIVE,2026-08-22,https://www.abc.ca.gov/wp-content/uploads/DailyExport-CSV.zip
ca-ttb-5a4c340862b8,THE WINE GROUP LLC,"17000 E STATE HIGHWAY 120, RIPON, CA, 95366",14,00337074,THE WINE GROUP LLC,FRANZIA WINERY,"17000 E STATE HIGHWAY 120, RIPON, CA, 95366-9412",LIC,ACTIVE,2026-08-22,https://www.abc.ca.gov/wp-content/uploads/DailyExport-CSV.zip
ca-ttb-5a4c340862b8,THE WINE GROUP LLC,"17000 E STATE HIGHWAY 120, RIPON, CA, 95366",11,00337074,THE WINE GROUP LLC,FRANZIA WINERY,"17000 E STATE HIGHWAY 120, RIPON, CA, 95366-9412",LIC,ACTIVE,2026-08-22,https://www.abc.ca.gov/wp-content/uploads/DailyExport-CSV.zip
ca-ttb-5a4c340862b8,THE WINE GROUP LLC,"17000 E STATE HIGHWAY 120, RIPON, CA, 95366",09,00337074,THE WINE GROUP LLC,FRANZIA WINERY,"17000 E STATE HIGHWAY 120, RIPON, CA, 95366-9412",LIC,ACTIVE,2026-08-22,https://www.abc.ca.gov/wp-content/uploads/DailyExport-CSV.zip
ca-ttb-5a7480ca7da8,Geneseo Distillers,"7350 LINNE RD, PASO ROBLES, CA, 93446",02,00541581,GENESEO PARTNERS  L-PSHIP,CASS WINERY,"7350 LINNE RD, PASO ROBLES, CA, 93446-9407",LIC,ACTIVE,2026-08-22,https://www.abc.ca.gov/wp-content/uploads/DailyExport-CSV.zip
ca-ttb-5a7480ca7da8,Geneseo Distillers,"7350 LINNE RD, PASO ROBLES, CA, 93446",06,00666185,GENESEO DISTILLERS  LLC,GENESEO DISTILLERS,"7350 LINNE RD, PASO ROBLES, CA, 93446-9407",LIC,ACTIVE,2026-08-22,https://www.abc.ca.gov/wp-content/uploads/DailyExport-CSV.zip
ca-ttb-5a7480ca7da8,Geneseo Distillers,"7350 LINNE RD, PASO ROBLES, CA, 93446",74,00666185,GENESEO DISTILLERS  LLC,GENESEO DISTILLERS,"7350 LINNE RD, PASO ROBLES, CA, 93446-9407",LIC,ACTIVE,2026-08-22,https://www.abc.ca.gov/wp-content/uploads/DailyExport-CSV.zip
ca-ttb-5a7480ca7da8,Geneseo Distillers,"7350 LINNE RD, PASO ROBLES, CA, 93446",81,00541581,GENESEO PARTNERS  L-PSHIP,CASS WINERY,"7350 LINNE RD, PASO ROBLES, CA, 93446-9407",LIC,ACTIVE,2026-08-22,https://www.abc.ca.gov/wp-content/uploads/DailyExport-CSV.zip
ca-ttb-5be0ab6dde0d,"F. KORBEL & BROS., INC.","13250 RIVER RD, GUERNEVILLE, CA, 95446",02,00060960,F KORBEL & BROS INC,,"13250 RIVER RD, GUERNEVILLE, CA, 95446-9593",LIC,ACTIVE,2026-08-22,https://www.abc.ca.gov/wp-content/uploads/DailyExport-CSV.zip
ca-ttb-5be0ab6dde0d,"F. KORBEL & BROS., INC.","13250 RIVER RD, GUERNEVILLE, CA, 95446",03,00060960,F KORBEL & BROS INC,,"13250 RIVER RD, GUERNEVILLE, CA, 95446-9593",LIC,ACTIVE,2026-08-22,https://www.abc.ca.gov/wp-content/uploads/DailyExport-CSV.zip
ca-ttb-5be0ab6dde0d,"F. KORBEL & BROS., INC.","13250 RIVER RD, GUERNEVILLE, CA, 95446",05,00060960,F KORBEL & BROS INC,,"13250 RIVER RD, GUERNEVILLE, CA, 95446-9593",LIC,ACTIVE,2026-08-22,https://www.abc.ca.gov/wp-content/uploads/DailyExport-CSV.zip
ca-ttb-5be0ab6dde0d,"F. KORBEL & BROS., INC.","13250 RIVER RD, GUERNEVILLE, CA, 95446",09,00060960,F KORBEL & BROS INC,,"13250 RIVER RD, GUERNEVILLE, CA, 95446-9593",LIC,ACTIVE,2026-08-22,https://www.abc.ca.gov/wp-content/uploads/DailyExport-CSV.zip
ca-ttb-5be0ab6dde0d,"F. KORBEL & BROS., INC.","13250 RIVER RD, GUERNEVILLE, CA, 95446",11,00060960,F KORBEL & BROS INC,,"13250 RIVER RD, GUERNEVILLE, CA, 95446-9593",LIC,ACTIVE,2026-08-22,https://www.abc.ca.gov/wp-content/uploads/DailyExport-CSV.zip
ca-ttb-5be0ab6dde0d,"F. KORBEL & BROS., INC.","13250 RIVER RD, GUERNEVILLE, CA, 95446",12,00060960,F KORBEL & BROS INC,,"13250 RIVER RD, GUERNEVILLE, CA, 95446-9593",LIC,ACTIVE,2026-08-22,https://www.abc.ca.gov/wp-content/uploads/DailyExport-CSV.zip
ca-ttb-5bee776dc0d6,HECK CELLARS,"15401 BEAR MOUNTAIN WINERY RD, DI GIORGIO, CA, 93203",14,00366503,F KORBEL & BROS INC,HECK CELLARS,"15401 BEAR MOUNTAIN WINERY RD, DI GIORGIO, CA, 93203",LIC,ACTIVE,2026-08-22,https://www.abc.ca.gov/wp-content/uploads/DailyExport-CSV.zip
ca-ttb-5bee776dc0d6,HECK CELLARS,"15401 BEAR MOUNTAIN WINERY RD, DI GIORGIO, CA, 93203",02,00265876,F KORBEL & BROS INC,HECK CELLARS,"15401 BEAR MOUNTAIN WINERY RD, DI GIORGIO, CA, 93203",LIC,ACTIVE,2026-08-22,https://www.abc.ca.gov/wp-content/uploads/DailyExport-CSV.zip
ca-ttb-5bee776dc0d6,HECK CELLARS,"15401 BEAR MOUNTAIN WINERY RD, DI GIORGIO, CA, 93203",03,00265876,F KORBEL & BROS INC,HECK CELLARS,"15401 BEAR MOUNTAIN WINERY RD, DI GIORGIO, CA, 93203",LIC,ACTIVE,2026-08-22,https://www.abc.ca.gov/wp-content/uploads/DailyExport-CSV.zip
ca-ttb-5bee776dc0d6,HECK CELLARS,"15401 BEAR MOUNTAIN WINERY RD, DI GIORGIO, CA, 93203",10,00265876,F KORBEL & BROS INC,HECK CELLARS,"15401 BEAR MOUNTAIN WINERY RD, DI GIORGIO, CA, 93203",LIC,ACTIVE,2026-08-22,https://www.abc.ca.gov/wp-content/uploads/DailyExport-CSV.zip
ca-ttb-5bee776dc0d6,HECK CELLARS,"15401 BEAR MOUNTAIN WINERY RD, DI GIORGIO, CA, 93203",06,00265876,F KORBEL & BROS INC,HECK CELLARS,"15401 BEAR MOUNTAIN WINERY RD, DI GIORGIO, CA, 93203",LIC,ACTIVE,2026-08-22,https://www.abc.ca.gov/wp-content/uploads/DailyExport-CSV.zip
ca-ttb-5bee776dc0d6,HECK CELLARS,"15401 BEAR MOUNTAIN WINERY RD, DI GIORGIO, CA, 93203",11,00265876,F KORBEL & BROS INC,HECK CELLARS,"15401 BEAR MOUNTAIN WINERY RD, DI GIORGIO, CA, 93203",LIC,ACTIVE,2026-08-22,https://www.abc.ca.gov/wp-content/uploads/DailyExport-CSV.zip
ca-ttb-5bee776dc0d6,HECK CELLARS,"15401 BEAR MOUNTAIN WINERY RD, DI GIORGIO, CA, 93203",09,00265876,F KORBEL & BROS INC,HECK CELLARS,"15401 BEAR MOUNTAIN WINERY RD, DI GIORGIO, CA, 93203",LIC,ACTIVE,2026-08-22,https://www.abc.ca.gov/wp-content/uploads/DailyExport-CSV.zip
ca-ttb-5c86fafde4ee,McHugh Company,"760 BRYANT ST, SAN FRANCISCO, CA, 94107",06,00620493,MCHUGH  HARRISON AARON,MCHUGH COMPANY,"760 BRYANT ST, SAN FRANCISCO, CA, 94107-1026",LIC,ACTIVE,2026-08-22,https://www.abc.ca.gov/wp-content/uploads/DailyExport-CSV.zip
ca-ttb-5c86fafde4ee,McHugh Company,"760 BRYANT ST, SAN FRANCISCO, CA, 94107",74,00620493,MCHUGH  HARRISON AARON,MCHUGH COMPANY,"760 BRYANT ST, SAN FRANCISCO, CA, 94107-1026",LIC,ACTIVE,2026-08-22,https://www.abc.ca.gov/wp-content/uploads/DailyExport-CSV.zip
ca-ttb-6029ada6ff7a,Waterfowl Wine Company,"14100 MOUNTAIN HOUSE RD, HOPLAND, CA, 95449",02,00543711,DUCKHORN WINE COMPANY,WATERFOWL WINE COMPANY,"14100 MOUNTAIN HOUSE RD, HOPLAND, CA, 95449-9782",LIC,ACTIVE,2026-08-22,https://www.abc.ca.gov/wp-content/uploads/DailyExport-CSV.zip
ca-ttb-6029ada6ff7a,Waterfowl Wine Company,"14100 MOUNTAIN HOUSE RD, HOPLAND, CA, 95449",06,00543711,DUCKHORN WINE COMPANY,WATERFOWL WINE COMPANY,"14100 MOUNTAIN HOUSE RD, HOPLAND, CA, 95449-9782",LIC,ACTIVE,2026-08-22,https://www.abc.ca.gov/wp-content/uploads/DailyExport-CSV.zip
ca-ttb-604bc9607ef4,TWG Gonzales,"800 S ALTA ST, GONZALES, CA, 93926",17,00438220,CONSTELLATION BRANDS U.S. OPERATIONS  INC.,GONZALES WINERY,"800 S ALTA ST, GONZALES, CA, 93926",LIC,ACTIVE,2026-08-22,https://www.abc.ca.gov/wp-content/uploads/DailyExport-CSV.zip
ca-ttb-604bc9607ef4,TWG Gonzales,"800 S ALTA ST, GONZALES, CA, 93926",09,00669112,THE WINE GROUP LLC,TWG GONZALES,"800 S ALTA ST, GONZALES, CA, 93926",LIC,ACTIVE,2026-08-22,https://www.abc.ca.gov/wp-content/uploads/DailyExport-CSV.zip
ca-ttb-604bc9607ef4,TWG Gonzales,"800 S ALTA ST, GONZALES, CA, 93926",09,00438220,CONSTELLATION BRANDS U.S. OPERATIONS  INC.,GONZALES WINERY,"800 S ALTA ST, GONZALES, CA, 93926",LIC,ACTIVE,2026-08-22,https://www.abc.ca.gov/wp-content/uploads/DailyExport-CSV.zip
ca-ttb-604bc9607ef4,TWG Gonzales,"800 S ALTA ST, GONZALES, CA, 93926",02,00669112,THE WINE GROUP LLC,TWG GONZALES,"800 S ALTA ST, GONZALES, CA, 93926",LIC,ACTIVE,2026-08-22,https://www.abc.ca.gov/wp-content/uploads/DailyExport-CSV.zip
ca-ttb-604bc9607ef4,TWG Gonzales,"800 S ALTA ST, GONZALES, CA, 93926",06,00669112,THE WINE GROUP LLC,TWG GONZALES,"800 S ALTA ST, GONZALES, CA, 93926",LIC,ACTIVE,2026-08-22,https://www.abc.ca.gov/wp-content/uploads/DailyExport-CSV.zip
ca-ttb-604bc9607ef4,TWG Gonzales,"800 S ALTA ST, GONZALES, CA, 93926",14,00669112,THE WINE GROUP LLC,TWG GONZALES,"800 S ALTA ST, GONZALES, CA, 93926",LIC,ACTIVE,2026-08-22,https://www.abc.ca.gov/wp-content/uploads/DailyExport-CSV.zip
ca-ttb-604bc9607ef4,TWG Gonzales,"800 S ALTA ST, GONZALES, CA, 93926",17,00669112,THE WINE GROUP LLC,TWG GONZALES,"800 S ALTA ST, GONZALES, CA, 93926",LIC,ACTIVE,2026-08-22,https://www.abc.ca.gov/wp-content/uploads/DailyExport-CSV.zip
ca-ttb-604bc9607ef4,TWG Gonzales,"800 S ALTA ST, GONZALES, CA, 93926",11,00669112,THE WINE GROUP LLC,TWG GONZALES,"800 S ALTA ST, GONZALES, CA, 93926",LIC,ACTIVE,2026-08-22,https://www.abc.ca.gov/wp-content/uploads/DailyExport-CSV.zip
ca-ttb-6199d37c831c,Marsella Family Vineyards,"13480 ORANGE BLOSSOM RD, OAKDALE, CA, 95361",02,00622519,MARSELLA  JOHN GREGORY,MARSELLA FAMILY VINEYARDS,"13480 ORANGE BLOSSOM RD, OAKDALE, CA, 95361",LIC,ACTIVE,2026-08-22,https://www.abc.ca.gov/wp-content/uploads/DailyExport-CSV.zip
ca-ttb-6199d37c831c,Marsella Family Vineyards,"13480 ORANGE BLOSSOM RD, OAKDALE, CA, 95361",06,00622519,MARSELLA  JOHN GREGORY,MARSELLA FAMILY VINEYARDS,"13480 ORANGE BLOSSOM RD, OAKDALE, CA, 95361",LIC,ACTIVE,2026-08-22,https://www.abc.ca.gov/wp-content/uploads/DailyExport-CSV.zip
ca-ttb-63dc8c94c221,Drakes Brewing Co.,"2325 BROADWAY, OAKLAND, CA, 94612",23,00666899,ARTISAN BREWERS LLC,DRAKES DEALERSHIP,"2325 BROADWAY, OAKLAND, CA, 94612",LIC,ACTIVE,2026-08-22,https://www.abc.ca.gov/wp-content/uploads/DailyExport-CSV.zip
ca-ttb-63dc8c94c221,Drakes Brewing Co.,"2325 BROADWAY, OAKLAND, CA, 94612",06,00666899,ARTISAN BREWERS LLC,DRAKES DEALERSHIP,"2325 BROADWAY, OAKLAND, CA, 94612",LIC,ACTIVE,2026-08-22,https://www.abc.ca.gov/wp-content/uploads/DailyExport-CSV.zip
ca-ttb-63dc8c94c221,Drakes Brewing Co.,"2325 BROADWAY, OAKLAND, CA, 94612",74,00666899,ARTISAN BREWERS LLC,DRAKES DEALERSHIP,"2325 BROADWAY, OAKLAND, CA, 94612",LIC,ACTIVE,2026-08-22,https://www.abc.ca.gov/wp-content/uploads/DailyExport-CSV.zip
ca-ttb-6557982f18bd,"BRENNTAG PACIFIC, LLC","10747 PATTERSON PL, SANTA FE SPRINGS, CA, 90670",19,00611244,BRENNTAG PACIFIC  INC.,BRENNTAG PACIFIC  INC.,"10747 PATTERSON PL, SANTA FE SPRINGS, CA, 90670-4043",LIC,ACTIVE,2026-08-22,https://www.abc.ca.gov/wp-content/uploads/DailyExport-CSV.zip
ca-ttb-685aca517f5e,DENNY BAR COMPANY LLC,"511 MAIN ST, ETNA, CA, 96027",06,00570989,DENNY BAR COMPANY LLC,DENNY BAR COMPANY,"511 MAIN ST, ETNA, CA, 96027",LIC,ACTIVE,2026-08-22,https://www.abc.ca.gov/wp-content/uploads/DailyExport-CSV.zip
ca-ttb-685aca517f5e,DENNY BAR COMPANY LLC,"511 MAIN ST, ETNA, CA, 96027",74,00570989,DENNY BAR COMPANY LLC,DENNY BAR COMPANY,"511 MAIN ST, ETNA, CA, 96027",LIC,ACTIVE,2026-08-22,https://www.abc.ca.gov/wp-content/uploads/DailyExport-CSV.zip
ca-ttb-6a728ec02e4d,STAGLIN FAMILY VINEYARD LLC,"1570 BELLA OAKS LN, RUTHERFORD, CA, 94573",02,00409345,STAGLIN FAMILY VINEYARD LLC,STAGLIN FAMILY VINEYARD,"1570 BELLA OAKS LN, RUTHERFORD, CA, 94573",LIC,ACTIVE,2026-08-22,https://www.abc.ca.gov/wp-content/uploads/DailyExport-CSV.zip
ca-ttb-6af2032314df,TREFETHEN VINEYARDS,"1160 OAK KNOLL AVE, NAPA, CA, 94558",06,00566432,TREFETHEN FAMILY WINERY  LLC,TREFETHEN FAMILY VINEYARDS,"1160 OAK KNOLL AVE, NAPA, CA, 94558-1303",LIC,ACTIVE,2026-08-22,https://www.abc.ca.gov/wp-content/uploads/DailyExport-CSV.zip
ca-ttb-6af2032314df,TREFETHEN VINEYARDS,"1160 OAK KNOLL AVE, NAPA, CA, 94558",02,00566432,TREFETHEN FAMILY WINERY  LLC,TREFETHEN FAMILY VINEYARDS,"1160 OAK KNOLL AVE, NAPA, CA, 94558-1303",LIC,ACTIVE,2026-08-22,https://www.abc.ca.gov/wp-content/uploads/DailyExport-CSV.zip
ca-ttb-6af2032314df,TREFETHEN VINEYARDS,"1160 OAK KNOLL AVE, NAPA, CA, 94558",02,00672329,MATTHIASSON FAMILY VINEYARDS  LLC,MATTHIASSON FAMILY VINEYARDS  LLC,"1160 OAK KNOLL AVE, NAPA, CA, 94558-1303",LIC,ACTIVE,2026-08-22,https://www.abc.ca.gov/wp-content/uploads/DailyExport-CSV.zip
ca-ttb-6d959a49845c,The St. Barts Spirit Company,"201 DEVLIN RD, NAPA, CA, 94558",05,00602202,THE ST. BARTS SPIRIT COMPANY,THE ST BARTS SPIRIT COMPANY,"201 DEVLIN RD, NAPA, CA, 94558-6280",LIC,ACTIVE,2026-08-22,https://www.abc.ca.gov/wp-content/uploads/DailyExport-CSV.zip
ca-ttb-6d959a49845c,The St. Barts Spirit Company,"201 DEVLIN RD, NAPA, CA, 94558",12,00602202,THE ST. BARTS SPIRIT COMPANY,THE ST BARTS SPIRIT COMPANY,"201 DEVLIN RD, NAPA, CA, 94558-6280",LIC,ACTIVE,2026-08-22,https://www.abc.ca.gov/wp-content/uploads/DailyExport-CSV.zip
ca-ttb-6dd2e38a1add,OPOLO WINES,"7110 VINEYARD DR, PASO ROBLES, CA, 93446",06,00486859,OPOLO WINES L-PSHIP,OPOLO,"7110 VINEYARD DR, PASO ROBLES, CA, 93446-7684",LIC,ACTIVE,2026-08-22,https://www.abc.ca.gov/wp-content/uploads/DailyExport-CSV.zip
ca-ttb-6dd2e38a1add,OPOLO WINES,"7110 VINEYARD DR, PASO ROBLES, CA, 93446",02,00486859,OPOLO WINES L-PSHIP,OPOLO,"7110 VINEYARD DR, PASO ROBLES, CA, 93446-7684",LIC,ACTIVE,2026-08-22,https://www.abc.ca.gov/wp-content/uploads/DailyExport-CSV.zip
ca-ttb-6dd2e38a1add,OPOLO WINES,"7110 VINEYARD DR, PASO ROBLES, CA, 93446",74,00486859,OPOLO WINES L-PSHIP,OPOLO,"7110 VINEYARD DR, PASO ROBLES, CA, 93446-7684",LIC,ACTIVE,2026-08-22,https://www.abc.ca.gov/wp-content/uploads/DailyExport-CSV.zip
ca-ttb-6e520dd4cf7f,J. LOHR WINERY CORPORATION,"6169 AIRPORT RD, PASO ROBLES, CA, 93446",06,00297429,J. LOHR WINERY CORPORATION,J LOHR WINERY,"6169 AIRPORT RD, PASO ROBLES, CA, 93446-9547",LIC,ACTIVE,2026-08-22,https://www.abc.ca.gov/wp-content/uploads/DailyExport-CSV.zip
ca-ttb-6e520dd4cf7f,J. LOHR WINERY CORPORATION,"6169 AIRPORT RD, PASO ROBLES, CA, 93446",02,00297429,J. LOHR WINERY CORPORATION,J LOHR WINERY,"6169 AIRPORT RD, PASO ROBLES, CA, 93446-9547",LIC,ACTIVE,2026-08-22,https://www.abc.ca.gov/wp-content/uploads/DailyExport-CSV.zip
ca-ttb-6fb94c1abed7,Pono Pacific Kitchen,"214 W GRAND AVE STE C, GROVER BEACH, CA, 93433",06,00655702,PONO PACIFIC KITCHEN LLC,PONO PACIFIC KITCHEN,"214 W GRAND AVE STE C &, 228 W GRAND AVE, GROVER BEACH, CA, 93433-1939",LIC,ACTIVE,2026-08-22,https://www.abc.ca.gov/wp-content/uploads/DailyExport-CSV.zip
ca-ttb-6fb94c1abed7,Pono Pacific Kitchen,"214 W GRAND AVE STE C, GROVER BEACH, CA, 93433",74,00655702,PONO PACIFIC KITCHEN LLC,PONO PACIFIC KITCHEN,"214 W GRAND AVE STE C &, 228 W GRAND AVE, GROVER BEACH, CA, 93433-1939",LIC,ACTIVE,2026-08-22,https://www.abc.ca.gov/wp-content/uploads/DailyExport-CSV.zip
ca-ttb-70c312ca344f,"SPIRIT GUIDES, INC.","1431 TRUMAN ST STE J, SAN FERNANDO, CA, 91340",07,00648910,SPIRIT GUIDES  INC.,SPIRIT GUIDES,"1431 TRUMAN ST STE J, SAN FERNANDO, CA, 91340-3276",LIC,ACTIVE,2026-08-22,https://www.abc.ca.gov/wp-content/uploads/DailyExport-CSV.zip
ca-ttb-70c70a097491,Fall,"9550 DISTRIBUTION AVE, SAN DIEGO, CA, 92121",23,00646899,BREWERY AT THE TOP OF THE MOUNTAIN LLC,FALL BREWING COMPANY,"9550 DISTRIBUTION AVE, SAN DIEGO, CA, 92121-2306",LIC,ACTIVE,2026-08-22,https://www.abc.ca.gov/wp-content/uploads/DailyExport-CSV.zip
ca-ttb-70c70a097491,Fall,"9550 DISTRIBUTION AVE, SAN DIEGO, CA, 92121",02,00646899,BREWERY AT THE TOP OF THE MOUNTAIN LLC,FALL BREWING COMPANY,"9550 DISTRIBUTION AVE, SAN DIEGO, CA, 92121-2306",LIC,ACTIVE,2026-08-22,https://www.abc.ca.gov/wp-content/uploads/DailyExport-CSV.zip
ca-ttb-70c70a097491,Fall,"9550 DISTRIBUTION AVE, SAN DIEGO, CA, 92121",06,00646899,BREWERY AT THE TOP OF THE MOUNTAIN LLC,FALL BREWING COMPANY,"9550 DISTRIBUTION AVE, SAN DIEGO, CA, 92121-2306",LIC,ACTIVE,2026-08-22,https://www.abc.ca.gov/wp-content/uploads/DailyExport-CSV.zip
ca-ttb-70c70a097491,Fall,"9550 DISTRIBUTION AVE, SAN DIEGO, CA, 92121",12,00646899,BREWERY AT THE TOP OF THE MOUNTAIN LLC,FALL BREWING COMPANY,"9550 DISTRIBUTION AVE, SAN DIEGO, CA, 92121-2306",LIC,ACTIVE,2026-08-22,https://www.abc.ca.gov/wp-content/uploads/DailyExport-CSV.zip
ca-ttb-70c70a097491,Fall,"9550 DISTRIBUTION AVE, SAN DIEGO, CA, 92121",77,00646899,BREWERY AT THE TOP OF THE MOUNTAIN LLC,FALL BREWING COMPANY,"9550 DISTRIBUTION AVE, SAN DIEGO, CA, 92121-2306",LIC,ACTIVE,2026-08-22,https://www.abc.ca.gov/wp-content/uploads/DailyExport-CSV.zip
ca-ttb-70c70a097491,Fall,"9550 DISTRIBUTION AVE, SAN DIEGO, CA, 92121",91,00646899,BREWERY AT THE TOP OF THE MOUNTAIN LLC,FALL BREWING COMPANY,"9550 DISTRIBUTION AVE, SAN DIEGO, CA, 92121-2306",LIC,ACTIVE,2026-08-22,https://www.abc.ca.gov/wp-content/uploads/DailyExport-CSV.zip
ca-ttb-70c70a097491,Fall,"9550 DISTRIBUTION AVE, SAN DIEGO, CA, 92121",74,00646899,BREWERY AT THE TOP OF THE MOUNTAIN LLC,FALL BREWING COMPANY,"9550 DISTRIBUTION AVE, SAN DIEGO, CA, 92121-2306",LIC,ACTIVE,2026-08-22,https://www.abc.ca.gov/wp-content/uploads/DailyExport-CSV.zip
ca-ttb-719c8b6e803e,Heads and Tails Barbecue,"2121 SAN PABLO AVE, BERKELEY, CA, 94702",06,00656619,HEADS AND TAILS BARBECUE LLC,HEADS AND TAILS BARBECUE,"2121 SAN PABLO AVE, BERKELEY, CA, 94702-1827",LIC,ACTIVE,2026-08-22,https://www.abc.ca.gov/wp-content/uploads/DailyExport-CSV.zip
ca-ttb-719c8b6e803e,Heads and Tails Barbecue,"2121 SAN PABLO AVE, BERKELEY, CA, 94702",74,00656619,HEADS AND TAILS BARBECUE LLC,HEADS AND TAILS BARBECUE,"2121 SAN PABLO AVE, BERKELEY, CA, 94702-1827",LIC,ACTIVE,2026-08-22,https://www.abc.ca.gov/wp-content/uploads/DailyExport-CSV.zip
ca-ttb-7298b5621b47,PREVAIL WINERY,"2450 HIGHWAY 128, GEYSERVILLE, CA, 95441",06,00618776,FOLEY FAMILY WINES  INC.,PREVAIL WINERY,"2450 HIGHWAY 128, GEYSERVILLE, CA, 95441",LIC,ACTIVE,2026-08-22,https://www.abc.ca.gov/wp-content/uploads/DailyExport-CSV.zip
ca-ttb-7298b5621b47,PREVAIL WINERY,"2450 HIGHWAY 128, GEYSERVILLE, CA, 95441",02,00618776,FOLEY FAMILY WINES  INC.,PREVAIL WINERY,"2450 HIGHWAY 128, GEYSERVILLE, CA, 95441",LIC,ACTIVE,2026-08-22,https://www.abc.ca.gov/wp-content/uploads/DailyExport-CSV.zip
ca-ttb-729ba44df580,"BIG BRANDS ALCOHOLIC CO PACKING, LLC","490 3RD ST, LAKE ELSINORE, CA, 92530",07,00624310,BIG BRANDS ALCOHOLIC CO PACKING  LLC,,"490 3RD ST, LAKE ELSINORE, CA, 92530",LIC,ACTIVE,2026-08-22,https://www.abc.ca.gov/wp-content/uploads/DailyExport-CSV.zip
ca-ttb-729ba44df580,"BIG BRANDS ALCOHOLIC CO PACKING, LLC","490 3RD ST, LAKE ELSINORE, CA, 92530",23,00624310,BIG BRANDS ALCOHOLIC CO PACKING  LLC,,"490 3RD ST, LAKE ELSINORE, CA, 92530",LIC,ACTIVE,2026-08-22,https://www.abc.ca.gov/wp-content/uploads/DailyExport-CSV.zip
ca-ttb-729ba44df580,"BIG BRANDS ALCOHOLIC CO PACKING, LLC","490 3RD ST, LAKE ELSINORE, CA, 92530",09,00624310,BIG BRANDS ALCOHOLIC CO PACKING  LLC,,"490 3RD ST, LAKE ELSINORE, CA, 92530",LIC,ACTIVE,2026-08-22,https://www.abc.ca.gov/wp-content/uploads/DailyExport-CSV.zip
ca-ttb-72b98908e9c8,"BRUTOCAO CELLARS, BRUTOCAO FAMILY ENTERPRISES, LLC, GP, BRUTOCAO","1400 HIGHWAY 175, HOPLAND, CA, 95449",14,00361601,BRUTOCAO CELLARS,BRUTOCAO CELLARS,"1400 HIGHWAY 175, HOPLAND, CA, 95449",LIC,ACTIVE,2026-08-22,https://www.abc.ca.gov/wp-content/uploads/DailyExport-CSV.zip
ca-ttb-72b98908e9c8,"BRUTOCAO CELLARS, BRUTOCAO FAMILY ENTERPRISES, LLC, GP, BRUTOCAO","1400 HIGHWAY 175, HOPLAND, CA, 95449",02,00361601,BRUTOCAO CELLARS,BRUTOCAO CELLARS,"1400 HIGHWAY 175, HOPLAND, CA, 95449",LIC,ACTIVE,2026-08-22,https://www.abc.ca.gov/wp-content/uploads/DailyExport-CSV.zip
ca-ttb-72b98908e9c8,"BRUTOCAO CELLARS, BRUTOCAO FAMILY ENTERPRISES, LLC, GP, BRUTOCAO","1400 HIGHWAY 175, HOPLAND, CA, 95449",06,00361601,BRUTOCAO CELLARS,BRUTOCAO CELLARS,"1400 HIGHWAY 175, HOPLAND, CA, 95449",LIC,ACTIVE,2026-08-22,https://www.abc.ca.gov/wp-content/uploads/DailyExport-CSV.zip
ca-ttb-72b98908e9c8,"BRUTOCAO CELLARS, BRUTOCAO FAMILY ENTERPRISES, LLC, GP, BRUTOCAO","1400 HIGHWAY 175, HOPLAND, CA, 95449",81,00361601,BRUTOCAO CELLARS,BRUTOCAO CELLARS,"1400 HIGHWAY 175, HOPLAND, CA, 95449",LIC,ACTIVE,2026-08-22,https://www.abc.ca.gov/wp-content/uploads/DailyExport-CSV.zip
ca-ttb-7455287e520e,WENTE BROS.,"5565 TESLA RD, LIVERMORE, CA, 94550",02,00016581,WENTE BROS.,WENTE VINEYARDS,"5565 TESLA RD, LIVERMORE, CA, 94550-9149",LIC,ACTIVE,2026-08-22,https://www.abc.ca.gov/wp-content/uploads/DailyExport-CSV.zip
ca-ttb-7455287e520e,WENTE BROS.,"5565 TESLA RD, LIVERMORE, CA, 94550",81,00016581,WENTE BROS.,WENTE VINEYARDS,"5565 TESLA RD, LIVERMORE, CA, 94550-9149",LIC,ACTIVE,2026-08-22,https://www.abc.ca.gov/wp-content/uploads/DailyExport-CSV.zip
ca-ttb-751abc631f0d,Alamitos Vineyards,"23505 ALAMITOS RD, SAN JOSE, CA, 95120",02,00617992,ALAMITOS VINEYARDS INC,ALAMITOS VINEYARDS,"23505 ALAMITOS RD, SAN JOSE, CA, 95120-5215",LIC,ACTIVE,2026-08-22,https://www.abc.ca.gov/wp-content/uploads/DailyExport-CSV.zip
ca-ttb-751abc631f0d,Alamitos Vineyards,"23505 ALAMITOS RD, SAN JOSE, CA, 95120",06,00617992,ALAMITOS VINEYARDS INC,ALAMITOS VINEYARDS,"23505 ALAMITOS RD, SAN JOSE, CA, 95120-5215",LIC,ACTIVE,2026-08-22,https://www.abc.ca.gov/wp-content/uploads/DailyExport-CSV.zip
ca-ttb-770581ba2e0d,"LONGCREAUX DISTILLING CO., LLC","12807 LONE STAR RD, AUBURN, CA, 95602",06,00616271,LONGCREAUX DISTILLING CO LLC,LONGCREAUX DISTILLING CO,"12807 LONE STAR RD, AUBURN, CA, 95602-9114",LIC,ACTIVE,2026-08-22,https://www.abc.ca.gov/wp-content/uploads/DailyExport-CSV.zip
ca-ttb-770581ba2e0d,"LONGCREAUX DISTILLING CO., LLC","12807 LONE STAR RD, AUBURN, CA, 95602",74,00616271,LONGCREAUX DISTILLING CO LLC,LONGCREAUX DISTILLING CO,"12807 LONE STAR RD, AUBURN, CA, 95602-9114",LIC,ACTIVE,2026-08-22,https://www.abc.ca.gov/wp-content/uploads/DailyExport-CSV.zip
ca-ttb-7d24d0786e13,"MOUNTAIN HOUSE DISTILLERY, LLC","33714 HIGHWAY 128, CLOVERDALE, CA, 95425",06,00675371,MOUNTAIN HOUSE DISTILLERY  LLC,MOUNTAIN HOUSE DISTILLERY  LLC,"33714 HIGHWAY 128, CLOVERDALE, CA, 95425",LIC,ACTIVE,2026-08-22,https://www.abc.ca.gov/wp-content/uploads/DailyExport-CSV.zip
ca-ttb-7d24d0786e13,"MOUNTAIN HOUSE DISTILLERY, LLC","33714 HIGHWAY 128, CLOVERDALE, CA, 95425",74,00675371,MOUNTAIN HOUSE DISTILLERY  LLC,MOUNTAIN HOUSE DISTILLERY  LLC,"33714 HIGHWAY 128, CLOVERDALE, CA, 95425",LIC,ACTIVE,2026-08-22,https://www.abc.ca.gov/wp-content/uploads/DailyExport-CSV.zip
ca-ttb-7e11574d6012,AMERICAN OUTLAW SPIRITS INCORPORATED,"10810 INLAND AVE, MIRA LOMA, CA, 91752",07,00637125,AMERICAN OUTLAW SPIRITS INCORPORATED,AMERICAN OUTLAW SPIRITS INCORPORATED,"10810 INLAND AVE, MIRA LOMA, CA, 91752-3235",LIC,ACTIVE,2026-08-22,https://www.abc.ca.gov/wp-content/uploads/DailyExport-CSV.zip
ca-ttb-7f12d3533fe4,Frank Family Vineyards,"1091 LARKMEAD LN, CALISTOGA, CA, 94515",02,00635735,TREASURY WINE ESTATES AMERICAS COMPANY,FRANK FAMILY VINEYARDS,"1091 LARKMEAD LN, CALISTOGA, CA, 94515-9675",LIC,ACTIVE,2026-08-22,https://www.abc.ca.gov/wp-content/uploads/DailyExport-CSV.zip
ca-ttb-7f12d3533fe4,Frank Family Vineyards,"1091 LARKMEAD LN, CALISTOGA, CA, 94515",06,00635735,TREASURY WINE ESTATES AMERICAS COMPANY,FRANK FAMILY VINEYARDS,"1091 LARKMEAD LN, CALISTOGA, CA, 94515-9675",LIC,ACTIVE,2026-08-22,https://www.abc.ca.gov/wp-content/uploads/DailyExport-CSV.zip
ca-ttb-7f7a71c9e372,COHOL LLC,"2823 OFFICE CT, ROSAMOND, CA, 93560",22,00543164,COHOL LLC,,"2823 OFFICE CT, ROSAMOND, CA, 93560",LIC,ACTIVE,2026-08-22,https://www.abc.ca.gov/wp-content/uploads/DailyExport-CSV.zip
ca-ttb-7f7a71c9e372,COHOL LLC,"2823 OFFICE CT, ROSAMOND, CA, 93560",23,00543164,COHOL LLC,,"2823 OFFICE CT, ROSAMOND, CA, 93560",LIC,ACTIVE,2026-08-22,https://www.abc.ca.gov/wp-content/uploads/DailyExport-CSV.zip
ca-ttb-7f7a71c9e372,COHOL LLC,"2823 OFFICE CT, ROSAMOND, CA, 93560",04,00543164,COHOL LLC,,"2823 OFFICE CT, ROSAMOND, CA, 93560",LIC,ACTIVE,2026-08-22,https://www.abc.ca.gov/wp-content/uploads/DailyExport-CSV.zip
ca-ttb-7f7a71c9e372,COHOL LLC,"2823 OFFICE CT, ROSAMOND, CA, 93560",06,00543164,COHOL LLC,,"2823 OFFICE CT, ROSAMOND, CA, 93560",LIC,ACTIVE,2026-08-22,https://www.abc.ca.gov/wp-content/uploads/DailyExport-CSV.zip
ca-ttb-80c2822ed576,HENDO'S BREWING AND SPIRITS LLC,"27901 JEFFERSON AVE, TEMECULA, CA, 92590",23,00657046,HENDO'S BREWING AND SPIRITS  LLC,HENDO'S BARRELL HOUSE,"27901 JEFFERSON AVE, TEMECULA, CA, 92590-6608",LIC,ACTIVE,2026-08-22,https://www.abc.ca.gov/wp-content/uploads/DailyExport-CSV.zip
ca-ttb-80c2822ed576,HENDO'S BREWING AND SPIRITS LLC,"27901 JEFFERSON AVE, TEMECULA, CA, 92590",06,00657046,HENDO'S BREWING AND SPIRITS  LLC,HENDO'S BARRELL HOUSE,"27901 JEFFERSON AVE, TEMECULA, CA, 92590-6608",LIC,ACTIVE,2026-08-22,https://www.abc.ca.gov/wp-content/uploads/DailyExport-CSV.zip
ca-ttb-80c2822ed576,HENDO'S BREWING AND SPIRITS LLC,"27901 JEFFERSON AVE, TEMECULA, CA, 92590",12,00657046,HENDO'S BREWING AND SPIRITS  LLC,HENDO'S BARRELL HOUSE,"27901 JEFFERSON AVE, TEMECULA, CA, 92590-6608",LIC,ACTIVE,2026-08-22,https://www.abc.ca.gov/wp-content/uploads/DailyExport-CSV.zip
ca-ttb-80c2822ed576,HENDO'S BREWING AND SPIRITS LLC,"27901 JEFFERSON AVE, TEMECULA, CA, 92590",74,00657046,HENDO'S BREWING AND SPIRITS  LLC,HENDO'S BARRELL HOUSE,"27901 JEFFERSON AVE, TEMECULA, CA, 92590-6608",LIC,ACTIVE,2026-08-22,https://www.abc.ca.gov/wp-content/uploads/DailyExport-CSV.zip
ca-ttb-81434a5332f1,"SAVANNAH-CHANELLE VINEYARDS, INC.","23600 CONGRESS SPRINGS RD, SARATOGA, CA, 95070",02,00306016,SAVANNAH CHANELLE VINEYARDS INC,SAVANNAH CHANELLE VINEYARDS INC,"23600 CONGRESS SPRINGS RD, SARATOGA, CA, 95070",LIC,ACTIVE,2026-08-22,https://www.abc.ca.gov/wp-content/uploads/DailyExport-CSV.zip
ca-ttb-836401e8d80b,Hotel Cerro San Luis Obispo,"1119 GARDEN ST, SAN LUIS OBISPO, CA, 93401",06,00657220,AZ CONCESSIONS  LLC,HOTEL CERRO SAN LUIS OBISPO,"1119 GARDEN ST, SAN LUIS OBISPO, CA, 93401-3525",LIC,ACTIVE,2026-08-22,https://www.abc.ca.gov/wp-content/uploads/DailyExport-CSV.zip
ca-ttb-836401e8d80b,Hotel Cerro San Luis Obispo,"1119 GARDEN ST, SAN LUIS OBISPO, CA, 93401",74,00657220,AZ CONCESSIONS  LLC,HOTEL CERRO SAN LUIS OBISPO,"1119 GARDEN ST, SAN LUIS OBISPO, CA, 93401-3525",LIC,ACTIVE,2026-08-22,https://www.abc.ca.gov/wp-content/uploads/DailyExport-CSV.zip
ca-ttb-856c9dc8a539,Wier Ventures,"16884 OLD SURVEY RD, ESCONDIDO, CA, 92025",02,00556211,WIER  BRIAN JOSEPH,WICKED SNAKES WINERY,"16884 OLD SURVEY RD, ESCONDIDO, CA, 92025-3601",LIC,ACTIVE,2026-08-22,https://www.abc.ca.gov/wp-content/uploads/DailyExport-CSV.zip
ca-ttb-856c9dc8a539,Wier Ventures,"16884 OLD SURVEY RD, ESCONDIDO, CA, 92025",06,00556211,WIER  BRIAN JOSEPH,WICKED SNAKES WINERY,"16884 OLD SURVEY RD, ESCONDIDO, CA, 92025-3601",LIC,ACTIVE,2026-08-22,https://www.abc.ca.gov/wp-content/uploads/DailyExport-CSV.zip
ca-ttb-881297ad19f1,GEORGETOWN DISTILLERY LLC,"6101 STATE HIGHWAY 193, GEORGETOWN, CA, 95634",06,00614643,GEORGETOWN DISTILLERY LLC,GEORGETOWN DISTILLERY,"6101 STATE HIGHWAY 193, GEORGETOWN, CA, 95634",LIC,ACTIVE,2026-08-22,https://www.abc.ca.gov/wp-content/uploads/DailyExport-CSV.zip
ca-ttb-881297ad19f1,GEORGETOWN DISTILLERY LLC,"6101 STATE HIGHWAY 193, GEORGETOWN, CA, 95634",94,00614643,GEORGETOWN DISTILLERY LLC,GEORGETOWN DISTILLERY,"6101 STATE HIGHWAY 193, GEORGETOWN, CA, 95634",LIC,ACTIVE,2026-08-22,https://www.abc.ca.gov/wp-content/uploads/DailyExport-CSV.zip
ca-ttb-881297ad19f1,GEORGETOWN DISTILLERY LLC,"6101 STATE HIGHWAY 193, GEORGETOWN, CA, 95634",74,00614643,GEORGETOWN DISTILLERY LLC,GEORGETOWN DISTILLERY,"6101 STATE HIGHWAY 193, GEORGETOWN, CA, 95634",LIC,ACTIVE,2026-08-22,https://www.abc.ca.gov/wp-content/uploads/DailyExport-CSV.zip
ca-ttb-881ea4fb1c83,"RB WINE ASSOCIATES, LLC","22280 GEYSERVILLE AVE, GEYSERVILLE, CA, 95441",04,00648518,RB WINE ASSOCIATES  LLC,RACK & RIDDLE,"22280 GEYSERVILLE AVE, GEYSERVILLE, CA, 95441-9510",LIC,ACTIVE,2026-08-22,https://www.abc.ca.gov/wp-content/uploads/DailyExport-CSV.zip
ca-ttb-881ea4fb1c83,"RB WINE ASSOCIATES, LLC","22280 GEYSERVILLE AVE, GEYSERVILLE, CA, 95441",06,00648518,RB WINE ASSOCIATES  LLC,RACK & RIDDLE,"22280 GEYSERVILLE AVE, GEYSERVILLE, CA, 95441-9510",LIC,ACTIVE,2026-08-22,https://www.abc.ca.gov/wp-content/uploads/DailyExport-CSV.zip
ca-ttb-881ea4fb1c83,"RB WINE ASSOCIATES, LLC","22280 GEYSERVILLE AVE, GEYSERVILLE, CA, 95441",02,00648518,RB WINE ASSOCIATES  LLC,RACK & RIDDLE,"22280 GEYSERVILLE AVE, GEYSERVILLE, CA, 95441-9510",LIC,ACTIVE,2026-08-22,https://www.abc.ca.gov/wp-content/uploads/DailyExport-CSV.zip
ca-ttb-886dda7be666,Doc Pepe's Lab,"212 CYPRESS AVE, MARINA, CA, 93933",12,00626279,DOC PEPE'S LAB  LLC,DOC PEPE'S LAB,"212 CYPRESS AVE, MARINA, CA, 93933",LIC,ACTIVE,2026-08-22,https://www.abc.ca.gov/wp-content/uploads/DailyExport-CSV.zip
ca-ttb-886dda7be666,Doc Pepe's Lab,"212 CYPRESS AVE, MARINA, CA, 93933",07,00626279,DOC PEPE'S LAB  LLC,DOC PEPE'S LAB,"212 CYPRESS AVE, MARINA, CA, 93933",LIC,ACTIVE,2026-08-22,https://www.abc.ca.gov/wp-content/uploads/DailyExport-CSV.zip
ca-ttb-886dda7be666,Doc Pepe's Lab,"212 CYPRESS AVE, MARINA, CA, 93933",06,00626279,DOC PEPE'S LAB  LLC,DOC PEPE'S LAB,"212 CYPRESS AVE, MARINA, CA, 93933",LIC,ACTIVE,2026-08-22,https://www.abc.ca.gov/wp-content/uploads/DailyExport-CSV.zip
ca-ttb-88c363a29b5f,"ULTRA PURE, LLC","11903 PIKE ST, SANTA FE SPRINGS, CA, 90670",19,00638876,ULTRA PURE LLC,ULTRA PURE LLC,"11903 PIKE ST, SANTA FE SPRINGS, CA, 90670-2955",LIC,ACTIVE,2026-08-22,https://www.abc.ca.gov/wp-content/uploads/DailyExport-CSV.zip
ca-ttb-89bdfa18b305,Venteux Vineyards,"1795 LAS TABLAS RD, TEMPLETON, CA, 93465",02,00489358,RAMBERG VINEYARDS LLC,VENTEUX VINEYARDS,"1795 LAS TABLAS RD, TEMPLETON, CA, 93465-8755",LIC,ACTIVE,2026-08-22,https://www.abc.ca.gov/wp-content/uploads/DailyExport-CSV.zip
ca-ttb-89bdfa18b305,Venteux Vineyards,"1795 LAS TABLAS RD, TEMPLETON, CA, 93465",03,00489358,RAMBERG VINEYARDS LLC,VENTEUX VINEYARDS,"1795 LAS TABLAS RD, TEMPLETON, CA, 93465-8755",LIC,ACTIVE,2026-08-22,https://www.abc.ca.gov/wp-content/uploads/DailyExport-CSV.zip
ca-ttb-89bdfa18b305,Venteux Vineyards,"1795 LAS TABLAS RD, TEMPLETON, CA, 93465",06,00489358,RAMBERG VINEYARDS LLC,VENTEUX VINEYARDS,"1795 LAS TABLAS RD, TEMPLETON, CA, 93465-8755",LIC,ACTIVE,2026-08-22,https://www.abc.ca.gov/wp-content/uploads/DailyExport-CSV.zip
ca-ttb-8ec21e790681,FruitCraft,"1477 UNIVERSITY AVE, SAN DIEGO, CA, 92103",02,00580091,CALIFORNIA FRUIT WINE CORP.,FRUIT CRAFT,"1477 UNIVERSITY AVE, SAN DIEGO, CA, 92103",LIC,ACTIVE,2026-08-22,https://www.abc.ca.gov/wp-content/uploads/DailyExport-CSV.zip
ca-ttb-8fc2c8c726cc,Wineshine,"3064 LIMESTONE WAY, PASO ROBLES, CA, 93446",06,00539803,WINESHINE  INC.,WINESHINE,"3064 LIMESTONE WAY, PASO ROBLES, CA, 93446-5988",LIC,ACTIVE,2026-08-22,https://www.abc.ca.gov/wp-content/uploads/DailyExport-CSV.zip
ca-ttb-8fc2c8c726cc,Wineshine,"3064 LIMESTONE WAY, PASO ROBLES, CA, 93446",03,00539803,WINESHINE  INC.,WINESHINE,"3064 LIMESTONE WAY, PASO ROBLES, CA, 93446-5988",LIC,ACTIVE,2026-08-22,https://www.abc.ca.gov/wp-content/uploads/DailyExport-CSV.zip
ca-ttb-8fc2c8c726cc,Wineshine,"3064 LIMESTONE WAY, PASO ROBLES, CA, 93446",12,00539803,WINESHINE  INC.,WINESHINE,"3064 LIMESTONE WAY, PASO ROBLES, CA, 93446-5988",LIC,ACTIVE,2026-08-22,https://www.abc.ca.gov/wp-content/uploads/DailyExport-CSV.zip
ca-ttb-8fc2c8c726cc,Wineshine,"3064 LIMESTONE WAY, PASO ROBLES, CA, 93446",74,00539803,WINESHINE  INC.,WINESHINE,"3064 LIMESTONE WAY, PASO ROBLES, CA, 93446-5988",LIC,ACTIVE,2026-08-22,https://www.abc.ca.gov/wp-content/uploads/DailyExport-CSV.zip
ca-ttb-8fc2c8c726cc,Wineshine,"3064 LIMESTONE WAY, PASO ROBLES, CA, 93446",94,00539803,WINESHINE  INC.,WINESHINE,"3064 LIMESTONE WAY, PASO ROBLES, CA, 93446-5988",LIC,ACTIVE,2026-08-22,https://www.abc.ca.gov/wp-content/uploads/DailyExport-CSV.zip
ca-ttb-9015b486a827,"CHAIM, LLC","1102 6TH ST, BERKELEY, CA, 94710",17,00543486,CHAIM  LLC,COVENANT WINES,"1102 6TH ST, BERKELEY, CA, 94710-1246",LIC,ACTIVE,2026-08-22,https://www.abc.ca.gov/wp-content/uploads/DailyExport-CSV.zip
ca-ttb-9015b486a827,"CHAIM, LLC","1102 6TH ST, BERKELEY, CA, 94710",02,00543486,CHAIM  LLC,COVENANT WINES,"1102 6TH ST, BERKELEY, CA, 94710-1246",LIC,ACTIVE,2026-08-22,https://www.abc.ca.gov/wp-content/uploads/DailyExport-CSV.zip
ca-ttb-9015b486a827,"CHAIM, LLC","1102 6TH ST, BERKELEY, CA, 94710",09,00543486,CHAIM  LLC,COVENANT WINES,"1102 6TH ST, BERKELEY, CA, 94710-1246",LIC,ACTIVE,2026-08-22,https://www.abc.ca.gov/wp-content/uploads/DailyExport-CSV.zip
ca-ttb-9015b486a827,"CHAIM, LLC","1102 6TH ST, BERKELEY, CA, 94710",07,00543486,CHAIM  LLC,COVENANT WINES,"1102 6TH ST, BERKELEY, CA, 94710-1246",LIC,ACTIVE,2026-08-22,https://www.abc.ca.gov/wp-content/uploads/DailyExport-CSV.zip
ca-ttb-92a2644793f9,MADDIEMAE LLC,"1334 ROCKY POINT DR, OCEANSIDE, CA, 92056",12,00671679,MADDIEMAE LLC,MADDIEMAE LLC,"1334 ROCKY POINT DR, OCEANSIDE, CA, 92056-5864",LIC,ACTIVE,2026-08-22,https://www.abc.ca.gov/wp-content/uploads/DailyExport-CSV.zip
ca-ttb-92a2644793f9,MADDIEMAE LLC,"1334 ROCKY POINT DR, OCEANSIDE, CA, 92056",07,00671679,MADDIEMAE LLC,MADDIEMAE LLC,"1334 ROCKY POINT DR, OCEANSIDE, CA, 92056-5864",LIC,ACTIVE,2026-08-22,https://www.abc.ca.gov/wp-content/uploads/DailyExport-CSV.zip
ca-ttb-9632268d4328,J. LOHR WINERY CORPORATION,"39502 CYPRESS AVE, GREENFIELD, CA, 93927",02,00534031,J. LOHR WINERY CORPORATION,J LOHR WINERY,"39502 CYPRESS AVE, GREENFIELD, CA, 93927-4210",LIC,ACTIVE,2026-08-22,https://www.abc.ca.gov/wp-content/uploads/DailyExport-CSV.zip
ca-ttb-9632268d4328,J. LOHR WINERY CORPORATION,"39502 CYPRESS AVE, GREENFIELD, CA, 93927",06,00534031,J. LOHR WINERY CORPORATION,J LOHR WINERY,"39502 CYPRESS AVE, GREENFIELD, CA, 93927-4210",LIC,ACTIVE,2026-08-22,https://www.abc.ca.gov/wp-content/uploads/DailyExport-CSV.zip
ca-ttb-965a4a1e54eb,CEDAR RIDGE APPLE RANCH LLC,"14679 SUMMERS LN, SONORA, CA, 95370",03,00467558,CEDAR RIDGE APPLE RANCH LLC,INDIGENYRESERVE,"14679 SUMMERS LN, SONORA, CA, 95370-9491",LIC,ACTIVE,2026-08-22,https://www.abc.ca.gov/wp-content/uploads/DailyExport-CSV.zip
ca-ttb-965a4a1e54eb,CEDAR RIDGE APPLE RANCH LLC,"14679 SUMMERS LN, SONORA, CA, 95370",06,00467558,CEDAR RIDGE APPLE RANCH LLC,INDIGENYRESERVE,"14679 SUMMERS LN, SONORA, CA, 95370-9491",LIC,ACTIVE,2026-08-22,https://www.abc.ca.gov/wp-content/uploads/DailyExport-CSV.zip
ca-ttb-965a4a1e54eb,CEDAR RIDGE APPLE RANCH LLC,"14679 SUMMERS LN, SONORA, CA, 95370",02,00467558,CEDAR RIDGE APPLE RANCH LLC,INDIGENYRESERVE,"14679 SUMMERS LN, SONORA, CA, 95370-9491",LIC,ACTIVE,2026-08-22,https://www.abc.ca.gov/wp-content/uploads/DailyExport-CSV.zip
ca-ttb-965a4a1e54eb,CEDAR RIDGE APPLE RANCH LLC,"14679 SUMMERS LN, SONORA, CA, 95370",74,00467558,CEDAR RIDGE APPLE RANCH LLC,INDIGENYRESERVE,"14679 SUMMERS LN, SONORA, CA, 95370-9491",LIC,ACTIVE,2026-08-22,https://www.abc.ca.gov/wp-content/uploads/DailyExport-CSV.zip
ca-ttb-980d9ad217bb,Timber House Brewing,"501 MAIN ST, CHESTER, CA, 96020",23,00615143,TIMBER HOUSE  INC.,TIMBER HOUSE BREWING,"501 MAIN ST, CHESTER, CA, 96020",LIC,ACTIVE,2026-08-22,https://www.abc.ca.gov/wp-content/uploads/DailyExport-CSV.zip
ca-ttb-980d9ad217bb,Timber House Brewing,"501 MAIN ST, CHESTER, CA, 96020",06,00615143,TIMBER HOUSE  INC.,TIMBER HOUSE BREWING,"501 MAIN ST, CHESTER, CA, 96020",LIC,ACTIVE,2026-08-22,https://www.abc.ca.gov/wp-content/uploads/DailyExport-CSV.zip
ca-ttb-980d9ad217bb,Timber House Brewing,"501 MAIN ST, CHESTER, CA, 96020",74,00615143,TIMBER HOUSE  INC.,TIMBER HOUSE BREWING,"501 MAIN ST, CHESTER, CA, 96020",LIC,ACTIVE,2026-08-22,https://www.abc.ca.gov/wp-content/uploads/DailyExport-CSV.zip
ca-ttb-9a839d87db72,Sipsong Spirits,"7759 BELL RD, WINDSOR, CA, 95492",06,00586920,SIPSONG SPIRITS LLC,SIPSONG SPIRITS,"7759 BELL RD, WINDSOR, CA, 95492-8519",LIC,ACTIVE,2026-08-22,https://www.abc.ca.gov/wp-content/uploads/DailyExport-CSV.zip
ca-ttb-9a839d87db72,Sipsong Spirits,"7759 BELL RD, WINDSOR, CA, 95492",74,00586920,SIPSONG SPIRITS LLC,SIPSONG SPIRITS,"7759 BELL RD, WINDSOR, CA, 95492-8519",LIC,ACTIVE,2026-08-22,https://www.abc.ca.gov/wp-content/uploads/DailyExport-CSV.zip
ca-ttb-9a839d87db72,Sipsong Spirits,"7759 BELL RD, WINDSOR, CA, 95492",94,00586920,SIPSONG SPIRITS LLC,SIPSONG SPIRITS,"7759 BELL RD, WINDSOR, CA, 95492-8519",LIC,ACTIVE,2026-08-22,https://www.abc.ca.gov/wp-content/uploads/DailyExport-CSV.zip
ca-ttb-9b15f6747cbf,"DELICATO VINEYARDS, LLC","12001 S HIGHWAY 99, MANTECA, CA, 95336",09,00632251,DELICATO VINEYARDS  LLC,DELICATO FAMILY WINES,"12001 S HIGHWAY 99, MANTECA, CA, 95336-8499",LIC,ACTIVE,2026-08-22,https://www.abc.ca.gov/wp-content/uploads/DailyExport-CSV.zip
ca-ttb-9b15f6747cbf,"DELICATO VINEYARDS, LLC","12001 S HIGHWAY 99, MANTECA, CA, 95336",02,00632251,DELICATO VINEYARDS  LLC,DELICATO FAMILY WINES,"12001 S HIGHWAY 99, MANTECA, CA, 95336-8499",LIC,ACTIVE,2026-08-22,https://www.abc.ca.gov/wp-content/uploads/DailyExport-CSV.zip
ca-ttb-9b15f6747cbf,"DELICATO VINEYARDS, LLC","12001 S HIGHWAY 99, MANTECA, CA, 95336",06,00632251,DELICATO VINEYARDS  LLC,DELICATO FAMILY WINES,"12001 S HIGHWAY 99, MANTECA, CA, 95336-8499",LIC,ACTIVE,2026-08-22,https://www.abc.ca.gov/wp-content/uploads/DailyExport-CSV.zip
ca-ttb-9b15f6747cbf,"DELICATO VINEYARDS, LLC","12001 S HIGHWAY 99, MANTECA, CA, 95336",81,00632251,DELICATO VINEYARDS  LLC,DELICATO FAMILY WINES,"12001 S HIGHWAY 99, MANTECA, CA, 95336-8499",LIC,ACTIVE,2026-08-22,https://www.abc.ca.gov/wp-content/uploads/DailyExport-CSV.zip
ca-ttb-9c6600dd4fa8,"SBRAGIA FAMILY VINEYARDS, LLC","9990 DRY CREEK RD, GEYSERVILLE, CA, 95441",02,00444202,SBRAGIA FAMILY VINEYARDS LLC,SBRAGIA FAMILY VINEYARDS LLC,"9990 DRY CREEK RD, GEYSERVILLE, CA, 95441-9686",LIC,ACTIVE,2026-08-22,https://www.abc.ca.gov/wp-content/uploads/DailyExport-CSV.zip
ca-ttb-9c8e11865693,"RELENTLESS BREWING AND SPIRITS, LLC","2133 COLORADO BLVD, LOS ANGELES, CA, 90041",06,00591777,RELENTLESS BREWING AND SPIRITS  LLC,RELENTLESS BREWING AND SPIRITS,"2133 COLORADO BLVD, LOS ANGELES, CA, 90041",LIC,ACTIVE,2026-08-22,https://www.abc.ca.gov/wp-content/uploads/DailyExport-CSV.zip
ca-ttb-9c8e11865693,"RELENTLESS BREWING AND SPIRITS, LLC","2133 COLORADO BLVD, LOS ANGELES, CA, 90041",74,00591777,RELENTLESS BREWING AND SPIRITS  LLC,RELENTLESS BREWING AND SPIRITS,"2133 COLORADO BLVD, LOS ANGELES, CA, 90041",LIC,ACTIVE,2026-08-22,https://www.abc.ca.gov/wp-content/uploads/DailyExport-CSV.zip
ca-ttb-9cee740db148,WELL ABOVE WINE AND SPIRITS INC,"1302 GARDENA AVE, GLENDALE, CA, 91204",12,00665041,WELL ABOVE WINE AND SPIRITS INC,WELL ABOVE WINE AND SPIRITS INC,"1302 GARDENA AVE, GLENDALE, CA, 91204",LIC,ACTIVE,2026-08-22,https://www.abc.ca.gov/wp-content/uploads/DailyExport-CSV.zip
ca-ttb-9cee740db148,WELL ABOVE WINE AND SPIRITS INC,"1302 GARDENA AVE, GLENDALE, CA, 91204",07,00665041,WELL ABOVE WINE AND SPIRITS INC,WELL ABOVE WINE AND SPIRITS INC,"1302 GARDENA AVE, GLENDALE, CA, 91204",LIC,ACTIVE,2026-08-22,https://www.abc.ca.gov/wp-content/uploads/DailyExport-CSV.zip
ca-ttb-9d673cd4aaed,"LAVA SPRINGS, INC.","2221 FRUITRIDGE RD, PLACERVILLE, CA, 95667",04,00189380,LAVA SPRINGS INC,LAVA CAP WINERY,"2221 FRUITRIDGE RD, PLACERVILLE, CA, 95667-3700",LIC,ACTIVE,2026-08-22,https://www.abc.ca.gov/wp-content/uploads/DailyExport-CSV.zip
ca-ttb-9d673cd4aaed,"LAVA SPRINGS, INC.","2221 FRUITRIDGE RD, PLACERVILLE, CA, 95667",06,00189380,LAVA SPRINGS INC,LAVA CAP WINERY,"2221 FRUITRIDGE RD, PLACERVILLE, CA, 95667-3700",LIC,ACTIVE,2026-08-22,https://www.abc.ca.gov/wp-content/uploads/DailyExport-CSV.zip
ca-ttb-9d673cd4aaed,"LAVA SPRINGS, INC.","2221 FRUITRIDGE RD, PLACERVILLE, CA, 95667",02,00189380,LAVA SPRINGS INC,LAVA CAP WINERY,"2221 FRUITRIDGE RD, PLACERVILLE, CA, 95667-3700",LIC,ACTIVE,2026-08-22,https://www.abc.ca.gov/wp-content/uploads/DailyExport-CSV.zip
ca-ttb-9d673cd4aaed,"LAVA SPRINGS, INC.","2221 FRUITRIDGE RD, PLACERVILLE, CA, 95667",81,00189380,LAVA SPRINGS INC,LAVA CAP WINERY,"2221 FRUITRIDGE RD, PLACERVILLE, CA, 95667-3700",LIC,ACTIVE,2026-08-22,https://www.abc.ca.gov/wp-content/uploads/DailyExport-CSV.zip
ca-ttb-a13d587228e9,STILLWATER SPIRITS,"611 2ND ST, PETALUMA, CA, 94952",03,00391095,SWEETWATER DISTILLERS INC,STILLWATER SPIRITS,"611 2ND ST, PETALUMA, CA, 94952-5123",LIC,ACTIVE,2026-08-22,https://www.abc.ca.gov/wp-content/uploads/DailyExport-CSV.zip
ca-ttb-a13d587228e9,STILLWATER SPIRITS,"611 2ND ST, PETALUMA, CA, 94952",04,00391095,SWEETWATER DISTILLERS INC,STILLWATER SPIRITS,"611 2ND ST, PETALUMA, CA, 94952-5123",LIC,ACTIVE,2026-08-22,https://www.abc.ca.gov/wp-content/uploads/DailyExport-CSV.zip
ca-ttb-a13d587228e9,STILLWATER SPIRITS,"611 2ND ST, PETALUMA, CA, 94952",06,00391095,SWEETWATER DISTILLERS INC,STILLWATER SPIRITS,"611 2ND ST, PETALUMA, CA, 94952-5123",LIC,ACTIVE,2026-08-22,https://www.abc.ca.gov/wp-content/uploads/DailyExport-CSV.zip
ca-ttb-a13d587228e9,STILLWATER SPIRITS,"611 2ND ST, PETALUMA, CA, 94952",12,00391095,SWEETWATER DISTILLERS INC,STILLWATER SPIRITS,"611 2ND ST, PETALUMA, CA, 94952-5123",LIC,ACTIVE,2026-08-22,https://www.abc.ca.gov/wp-content/uploads/DailyExport-CSV.zip
ca-ttb-a14658765197,DAOU Vineyards,"2777 HIDDEN MOUNTAIN RD, PASO ROBLES, CA, 93446",02,00669041,TREASURY WINE ESTATES AMERICAS COMPANY,DAOU VINEYARDS,"2777 HIDDEN MOUNTAIN RD, PASO ROBLES, CA, 93446-8712",LIC,ACTIVE,2026-08-22,https://www.abc.ca.gov/wp-content/uploads/DailyExport-CSV.zip
ca-ttb-a32c0b0779d3,Drift Distillery,"115 S EL CAMINO REAL, SAN CLEMENTE, CA, 92672",06,00658751,DRIFT BRANDS LLC,DRIFT DISTILLERY,"115 S EL CAMINO REAL, SAN CLEMENTE, CA, 92672",LIC,ACTIVE,2026-08-22,https://www.abc.ca.gov/wp-content/uploads/DailyExport-CSV.zip
ca-ttb-a32c0b0779d3,Drift Distillery,"115 S EL CAMINO REAL, SAN CLEMENTE, CA, 92672",74,00658751,DRIFT BRANDS LLC,DRIFT DISTILLERY,"115 S EL CAMINO REAL, SAN CLEMENTE, CA, 92672",LIC,ACTIVE,2026-08-22,https://www.abc.ca.gov/wp-content/uploads/DailyExport-CSV.zip
ca-ttb-a45afd3313b2,AYLA DISTILLERY,"21299 OLD SONORA COLUMBIA RD, SONORA, CA, 95370",06,00655012,AYLA DISTILLERY INC,,"21299 OLD SONORA COLUMBIA RD, SONORA, CA, 95370",LIC,ACTIVE,2026-08-22,https://www.abc.ca.gov/wp-content/uploads/DailyExport-CSV.zip
ca-ttb-a45afd3313b2,AYLA DISTILLERY,"21299 OLD SONORA COLUMBIA RD, SONORA, CA, 95370",74,00655012,AYLA DISTILLERY INC,,"21299 OLD SONORA COLUMBIA RD, SONORA, CA, 95370",LIC,ACTIVE,2026-08-22,https://www.abc.ca.gov/wp-content/uploads/DailyExport-CSV.zip
ca-ttb-a4605d6689b6,Taqueria El Guero Distillery,"560 EMBARCADERO, MORRO BAY, CA, 93442",06,00665652,NEWSTONE  LLC,TAQUERIA EL GUERO,"560 EMBARCADERO, MORRO BAY, CA, 93442",LIC,ACTIVE,2026-08-22,https://www.abc.ca.gov/wp-content/uploads/DailyExport-CSV.zip
ca-ttb-a4605d6689b6,Taqueria El Guero Distillery,"560 EMBARCADERO, MORRO BAY, CA, 93442",74,00665652,NEWSTONE  LLC,TAQUERIA EL GUERO,"560 EMBARCADERO, MORRO BAY, CA, 93442",LIC,ACTIVE,2026-08-22,https://www.abc.ca.gov/wp-content/uploads/DailyExport-CSV.zip
ca-ttb-ac7be210fc72,DOMAINE CHANDON,"1 CALIFORNIA DR, YOUNTVILLE, CA, 94599",20,00041428,DOMAINE CHANDON  INC.,DOMAINE CHANDON,"1 CALIFORNIA DR, YOUNTVILLE, CA, 94599-1426",LIC,ACTIVE,2026-08-22,https://www.abc.ca.gov/wp-content/uploads/DailyExport-CSV.zip
ca-ttb-ac7be210fc72,DOMAINE CHANDON,"1 CALIFORNIA DR, YOUNTVILLE, CA, 94599",02,00041428,DOMAINE CHANDON  INC.,DOMAINE CHANDON,"1 CALIFORNIA DR, YOUNTVILLE, CA, 94599-1426",LIC,ACTIVE,2026-08-22,https://www.abc.ca.gov/wp-content/uploads/DailyExport-CSV.zip
ca-ttb-ac7be210fc72,DOMAINE CHANDON,"1 CALIFORNIA DR, YOUNTVILLE, CA, 94599",03,00041428,DOMAINE CHANDON  INC.,DOMAINE CHANDON,"1 CALIFORNIA DR, YOUNTVILLE, CA, 94599-1426",LIC,ACTIVE,2026-08-22,https://www.abc.ca.gov/wp-content/uploads/DailyExport-CSV.zip
ca-ttb-ac7be210fc72,DOMAINE CHANDON,"1 CALIFORNIA DR, YOUNTVILLE, CA, 94599",17,00041428,DOMAINE CHANDON  INC.,DOMAINE CHANDON,"1 CALIFORNIA DR, YOUNTVILLE, CA, 94599-1426",LIC,ACTIVE,2026-08-22,https://www.abc.ca.gov/wp-content/uploads/DailyExport-CSV.zip
ca-ttb-ac7be210fc72,DOMAINE CHANDON,"1 CALIFORNIA DR, YOUNTVILLE, CA, 94599",09,00041428,DOMAINE CHANDON  INC.,DOMAINE CHANDON,"1 CALIFORNIA DR, YOUNTVILLE, CA, 94599-1426",LIC,ACTIVE,2026-08-22,https://www.abc.ca.gov/wp-content/uploads/DailyExport-CSV.zip
ca-ttb-ac7be210fc72,DOMAINE CHANDON,"1 CALIFORNIA DR, YOUNTVILLE, CA, 94599",11,00041428,DOMAINE CHANDON  INC.,DOMAINE CHANDON,"1 CALIFORNIA DR, YOUNTVILLE, CA, 94599-1426",LIC,ACTIVE,2026-08-22,https://www.abc.ca.gov/wp-content/uploads/DailyExport-CSV.zip
ca-ttb-ac7be210fc72,DOMAINE CHANDON,"1 CALIFORNIA DR, YOUNTVILLE, CA, 94599",93,00041428,DOMAINE CHANDON  INC.,DOMAINE CHANDON,"1 CALIFORNIA DR, YOUNTVILLE, CA, 94599-1426",LIC,ACTIVE,2026-08-22,https://www.abc.ca.gov/wp-content/uploads/DailyExport-CSV.zip
ca-ttb-b0bd8834c283,Bethel Road Distillery,"1266 N BETHEL RD, TEMPLETON, CA, 93465",03,00557381,UDSEN  BERIT,BETHEL RD DISTILLERY,"1266 N BETHEL RD, TEMPLETON, CA, 93465-9491",LIC,ACTIVE,2026-08-22,https://www.abc.ca.gov/wp-content/uploads/DailyExport-CSV.zip
ca-ttb-b0bd8834c283,Bethel Road Distillery,"1266 N BETHEL RD, TEMPLETON, CA, 93465",06,00557381,UDSEN  BERIT,BETHEL RD DISTILLERY,"1266 N BETHEL RD, TEMPLETON, CA, 93465-9491",LIC,ACTIVE,2026-08-22,https://www.abc.ca.gov/wp-content/uploads/DailyExport-CSV.zip
ca-ttb-b0bd8834c283,Bethel Road Distillery,"1266 N BETHEL RD, TEMPLETON, CA, 93465",02,00550018,UDSEN  BERIT,BETHEL ROAD VINEYARD,"1266 N BETHEL RD, TEMPLETON, CA, 93465-9491",LIC,ACTIVE,2026-08-22,https://www.abc.ca.gov/wp-content/uploads/DailyExport-CSV.zip
ca-ttb-b16f9cbc80a8,Purple Orchid Wine Country Resort and Spa,"4549 CROSS RD, LIVERMORE, CA, 94550",41,00547455,BIG EDDY VENTURES LLC,PURPLE ORCHID INN RESORT & SPA,"4549 CROSS RD, LIVERMORE, CA, 94550-9759",LIC,ACTIVE,2026-08-22,https://www.abc.ca.gov/wp-content/uploads/DailyExport-CSV.zip
ca-ttb-b72941f0303f,Two Wolves,"1480 COUNT FLEET ST, SANTA YNEZ, CA, 93460",02,00560800,TWO WOLVES WINE  LLC,TWO WOLVES WINE,"1480 COUNT FLEET ST, SANTA YNEZ, CA, 93460",LIC,ACTIVE,2026-08-22,https://www.abc.ca.gov/wp-content/uploads/DailyExport-CSV.zip
ca-ttb-b72941f0303f,Two Wolves,"1480 COUNT FLEET ST, SANTA YNEZ, CA, 93460",06,00560800,TWO WOLVES WINE  LLC,TWO WOLVES WINE,"1480 COUNT FLEET ST, SANTA YNEZ, CA, 93460",LIC,ACTIVE,2026-08-22,https://www.abc.ca.gov/wp-content/uploads/DailyExport-CSV.zip
ca-ttb-b72941f0303f,Two Wolves,"1480 COUNT FLEET ST, SANTA YNEZ, CA, 93460",74,00560800,TWO WOLVES WINE  LLC,TWO WOLVES WINE,"1480 COUNT FLEET ST, SANTA YNEZ, CA, 93460",LIC,ACTIVE,2026-08-22,https://www.abc.ca.gov/wp-content/uploads/DailyExport-CSV.zip
ca-ttb-b79c680ae8d6,PURPLE SPIRITS,"1095 & 1097 RAILROAD AVE, VALLEJO, CA, 94592",06,00666812,GRATON SPIRITS COMPANY LLC,PURPLE SPIRITS,"1095 & 1097 RAILROAD AVE, VALLEJO, CA, 94592",LIC,ACTIVE,2026-08-22,https://www.abc.ca.gov/wp-content/uploads/DailyExport-CSV.zip
ca-ttb-b79c680ae8d6,PURPLE SPIRITS,"1095 & 1097 RAILROAD AVE, VALLEJO, CA, 94592",12,00666812,GRATON SPIRITS COMPANY LLC,PURPLE SPIRITS,"1095 & 1097 RAILROAD AVE, VALLEJO, CA, 94592",LIC,ACTIVE,2026-08-22,https://www.abc.ca.gov/wp-content/uploads/DailyExport-CSV.zip
ca-ttb-b79c680ae8d6,PURPLE SPIRITS,"1095 & 1097 RAILROAD AVE, VALLEJO, CA, 94592",94,00666812,GRATON SPIRITS COMPANY LLC,PURPLE SPIRITS,"1095 & 1097 RAILROAD AVE, VALLEJO, CA, 94592",LIC,ACTIVE,2026-08-22,https://www.abc.ca.gov/wp-content/uploads/DailyExport-CSV.zip
ca-ttb-b79c680ae8d6,PURPLE SPIRITS,"1095 & 1097 RAILROAD AVE, VALLEJO, CA, 94592",74,00666812,GRATON SPIRITS COMPANY LLC,PURPLE SPIRITS,"1095 & 1097 RAILROAD AVE, VALLEJO, CA, 94592",LIC,ACTIVE,2026-08-22,https://www.abc.ca.gov/wp-content/uploads/DailyExport-CSV.zip
ca-ttb-b7e5e3fb0dba,"JDZ, INC.","9990 ALESMITH CT, SAN DIEGO, CA, 92126",23,00552584,JDZ INC,ALESMITH BREWING COMPANY,"9990 ALESMITH CT, SAN DIEGO, CA, 92126-4200",LIC,ACTIVE,2026-08-22,https://www.abc.ca.gov/wp-content/uploads/DailyExport-CSV.zip
ca-ttb-b7e5e3fb0dba,"JDZ, INC.","9990 ALESMITH CT, SAN DIEGO, CA, 92126",06,00552584,JDZ INC,ALESMITH BREWING COMPANY,"9990 ALESMITH CT, SAN DIEGO, CA, 92126-4200",LIC,ACTIVE,2026-08-22,https://www.abc.ca.gov/wp-content/uploads/DailyExport-CSV.zip
ca-ttb-b7e5e3fb0dba,"JDZ, INC.","9990 ALESMITH CT, SAN DIEGO, CA, 92126",02,00552584,JDZ INC,ALESMITH BREWING COMPANY,"9990 ALESMITH CT, SAN DIEGO, CA, 92126-4200",LIC,ACTIVE,2026-08-22,https://www.abc.ca.gov/wp-content/uploads/DailyExport-CSV.zip
ca-ttb-b7e5e3fb0dba,"JDZ, INC.","9990 ALESMITH CT, SAN DIEGO, CA, 92126",12,00552584,JDZ INC,ALESMITH BREWING COMPANY,"9990 ALESMITH CT, SAN DIEGO, CA, 92126-4200",LIC,ACTIVE,2026-08-22,https://www.abc.ca.gov/wp-content/uploads/DailyExport-CSV.zip
ca-ttb-b7e5e3fb0dba,"JDZ, INC.","9990 ALESMITH CT, SAN DIEGO, CA, 92126",74,00552584,JDZ INC,ALESMITH BREWING COMPANY,"9990 ALESMITH CT, SAN DIEGO, CA, 92126-4200",LIC,ACTIVE,2026-08-22,https://www.abc.ca.gov/wp-content/uploads/DailyExport-CSV.zip
ca-ttb-b7e5e3fb0dba,"JDZ, INC.","9990 ALESMITH CT, SAN DIEGO, CA, 92126",77,00552584,JDZ INC,ALESMITH BREWING COMPANY,"9990 ALESMITH CT, SAN DIEGO, CA, 92126-4200",LIC,ACTIVE,2026-08-22,https://www.abc.ca.gov/wp-content/uploads/DailyExport-CSV.zip
ca-ttb-bab11e2e5ac2,Patio29 Spirits Company,"723 RAILROAD AVE, WINTERS, CA, 95694",06,00587398,PATIO29 SPIRITS COMPANY  LLC,PATIO 29,"723 RAILROAD AVE, WINTERS, CA, 95694",LIC,ACTIVE,2026-08-22,https://www.abc.ca.gov/wp-content/uploads/DailyExport-CSV.zip
ca-ttb-bab11e2e5ac2,Patio29 Spirits Company,"723 RAILROAD AVE, WINTERS, CA, 95694",74,00587398,PATIO29 SPIRITS COMPANY  LLC,PATIO 29,"723 RAILROAD AVE, WINTERS, CA, 95694",LIC,ACTIVE,2026-08-22,https://www.abc.ca.gov/wp-content/uploads/DailyExport-CSV.zip
ca-ttb-bb25034da17f,SANTA MARIA BREWING CO. INC.,"7935 SAN LUIS AVE, ATASCADERO, CA, 93422",06,00655711,ATASCADERO TAPS LLC,BLAST BREWING COMPANY,"7935 SAN LUIS AVE, ATASCADERO, CA, 93422-5203",LIC,ACTIVE,2026-08-22,https://www.abc.ca.gov/wp-content/uploads/DailyExport-CSV.zip
ca-ttb-bb25034da17f,SANTA MARIA BREWING CO. INC.,"7935 SAN LUIS AVE, ATASCADERO, CA, 93422",74,00655711,ATASCADERO TAPS LLC,BLAST BREWING COMPANY,"7935 SAN LUIS AVE, ATASCADERO, CA, 93422-5203",LIC,ACTIVE,2026-08-22,https://www.abc.ca.gov/wp-content/uploads/DailyExport-CSV.zip
ca-ttb-bbab817413a1,"BARBER LEE SPIRITS, LLC","120 WASHINGTON ST, PETALUMA, CA, 94952",06,00596754,BARBER LEE SPIRITS  LLC,BARBER LEE SPIRITS,"120 WASHINGTON ST, PETALUMA, CA, 94952-2911",LIC,ACTIVE,2026-08-22,https://www.abc.ca.gov/wp-content/uploads/DailyExport-CSV.zip
ca-ttb-bbab817413a1,"BARBER LEE SPIRITS, LLC","120 WASHINGTON ST, PETALUMA, CA, 94952",74,00596754,BARBER LEE SPIRITS  LLC,BARBER LEE SPIRITS,"120 WASHINGTON ST, PETALUMA, CA, 94952-2911",LIC,ACTIVE,2026-08-22,https://www.abc.ca.gov/wp-content/uploads/DailyExport-CSV.zip
ca-ttb-bc7804ceea38,LAKE BOTTOM BREWERY & DISTILLERY  LLC,"105 E MAIN ST, VISALIA, CA, 93291",23,00630036,FIGUEROA JR  FRED STEVEN,LAKE BOTTOM BREWERY & DISTILLERY,"105 E MAIN ST, VISALIA, CA, 93291-6357",LIC,ACTIVE,2026-08-22,https://www.abc.ca.gov/wp-content/uploads/DailyExport-CSV.zip
ca-ttb-bc7804ceea38,LAKE BOTTOM BREWERY & DISTILLERY  LLC,"105 E MAIN ST, VISALIA, CA, 93291",06,00630036,FIGUEROA JR  FRED STEVEN,LAKE BOTTOM BREWERY & DISTILLERY,"105 E MAIN ST, VISALIA, CA, 93291-6357",LIC,ACTIVE,2026-08-22,https://www.abc.ca.gov/wp-content/uploads/DailyExport-CSV.zip
ca-ttb-bc7804ceea38,LAKE BOTTOM BREWERY & DISTILLERY  LLC,"105 E MAIN ST, VISALIA, CA, 93291",74,00630036,FIGUEROA JR  FRED STEVEN,LAKE BOTTOM BREWERY & DISTILLERY,"105 E MAIN ST, VISALIA, CA, 93291-6357",LIC,ACTIVE,2026-08-22,https://www.abc.ca.gov/wp-content/uploads/DailyExport-CSV.zip
ca-ttb-bd4e675377b4,ABEL KAASE,"2933 ADAMS AVE, SAN DIEGO, CA, 92116",06,00624359,KAASE  ABEL BENJAMIN,SWAN  THE,"2933 ADAMS AVE, SAN DIEGO, CA, 92116-1509",LIC,ACTIVE,2026-08-22,https://www.abc.ca.gov/wp-content/uploads/DailyExport-CSV.zip
ca-ttb-bd4e675377b4,ABEL KAASE,"2933 ADAMS AVE, SAN DIEGO, CA, 92116",74,00624359,KAASE  ABEL BENJAMIN,SWAN  THE,"2933 ADAMS AVE, SAN DIEGO, CA, 92116-1509",LIC,ACTIVE,2026-08-22,https://www.abc.ca.gov/wp-content/uploads/DailyExport-CSV.zip
ca-ttb-bddf3f6cfacf,Spiritsmith Distilling Company,"1446 INDUSTRIAL AVE, SEBASTOPOL, CA, 95472",06,00542288,SPIRITSMITH  LLC,SPIRITSMITH,"1446 INDUSTRIAL AVE, WAREHOUSE 2, SEBASTOPOL, CA, 95472-4848",LIC,ACTIVE,2026-08-22,https://www.abc.ca.gov/wp-content/uploads/DailyExport-CSV.zip
ca-ttb-bddf3f6cfacf,Spiritsmith Distilling Company,"1446 INDUSTRIAL AVE, SEBASTOPOL, CA, 95472",04,00542288,SPIRITSMITH  LLC,SPIRITSMITH,"1446 INDUSTRIAL AVE, WAREHOUSE 2, SEBASTOPOL, CA, 95472-4848",LIC,ACTIVE,2026-08-22,https://www.abc.ca.gov/wp-content/uploads/DailyExport-CSV.zip
ca-ttb-be0ef499408b,Turner Road Vintners,"4614 W TURNER RD, LODI, CA, 95242",01,00623143,E. & J. GALLO WINERY,TURNER ROAD VINTNERS,"4614 W TURNER RD, LODI, CA, 95242",LIC,ACTIVE,2026-08-22,https://www.abc.ca.gov/wp-content/uploads/DailyExport-CSV.zip
ca-ttb-be0ef499408b,Turner Road Vintners,"4614 W TURNER RD, LODI, CA, 95242",02,00623143,E. & J. GALLO WINERY,TURNER ROAD VINTNERS,"4614 W TURNER RD, LODI, CA, 95242",LIC,ACTIVE,2026-08-22,https://www.abc.ca.gov/wp-content/uploads/DailyExport-CSV.zip
ca-ttb-be0ef499408b,Turner Road Vintners,"4614 W TURNER RD, LODI, CA, 95242",04,00623143,E. & J. GALLO WINERY,TURNER ROAD VINTNERS,"4614 W TURNER RD, LODI, CA, 95242",LIC,ACTIVE,2026-08-22,https://www.abc.ca.gov/wp-content/uploads/DailyExport-CSV.zip
ca-ttb-be0ef499408b,Turner Road Vintners,"4614 W TURNER RD, LODI, CA, 95242",09,00623143,E. & J. GALLO WINERY,TURNER ROAD VINTNERS,"4614 W TURNER RD, LODI, CA, 95242",LIC,ACTIVE,2026-08-22,https://www.abc.ca.gov/wp-content/uploads/DailyExport-CSV.zip
ca-ttb-bea962262382,F-86,"42913 CAPITAL DR STE 109, LANCASTER, CA, 93535",07,00666226,F-86,BLACK ARMOUR ARES,"42913 CAPITAL DR STE 109, LANCASTER, CA, 93535-4556",LIC,ACTIVE,2026-08-22,https://www.abc.ca.gov/wp-content/uploads/DailyExport-CSV.zip
ca-ttb-bf2eb50f7124,ST. ANNE'S CROSSING,"8450 SONOMA HWY, KENWOOD, CA, 95452",02,00522083,STONECUSHION  INC.,ST ANNES CROSSING,"8450 SONOMA HWY, KENWOOD, CA, 95452-9025",LIC,ACTIVE,2026-08-22,https://www.abc.ca.gov/wp-content/uploads/DailyExport-CSV.zip
ca-ttb-bf2eb50f7124,ST. ANNE'S CROSSING,"8450 SONOMA HWY, KENWOOD, CA, 95452",06,00522083,STONECUSHION  INC.,ST ANNES CROSSING,"8450 SONOMA HWY, KENWOOD, CA, 95452-9025",LIC,ACTIVE,2026-08-22,https://www.abc.ca.gov/wp-content/uploads/DailyExport-CSV.zip
ca-ttb-c01e4c6f4942,RE:FIND DISTILLERY,"2725 ADELAIDA RD, PASO ROBLES, CA, 93446",02,00628696,VILLICANA WINE & SPIRITS,VILLICANA WINERY  REFIND DISTILLERY  PASO ROBLES C,"2725 ADELAIDA RD, PASO ROBLES, CA, 93446-9765",LIC,ACTIVE,2026-08-22,https://www.abc.ca.gov/wp-content/uploads/DailyExport-CSV.zip
ca-ttb-c01e4c6f4942,RE:FIND DISTILLERY,"2725 ADELAIDA RD, PASO ROBLES, CA, 93446",03,00628696,VILLICANA WINE & SPIRITS,VILLICANA WINERY  REFIND DISTILLERY  PASO ROBLES C,"2725 ADELAIDA RD, PASO ROBLES, CA, 93446-9765",LIC,ACTIVE,2026-08-22,https://www.abc.ca.gov/wp-content/uploads/DailyExport-CSV.zip
ca-ttb-c01e4c6f4942,RE:FIND DISTILLERY,"2725 ADELAIDA RD, PASO ROBLES, CA, 93446",06,00628696,VILLICANA WINE & SPIRITS,VILLICANA WINERY  REFIND DISTILLERY  PASO ROBLES C,"2725 ADELAIDA RD, PASO ROBLES, CA, 93446-9765",LIC,ACTIVE,2026-08-22,https://www.abc.ca.gov/wp-content/uploads/DailyExport-CSV.zip
ca-ttb-c01e4c6f4942,RE:FIND DISTILLERY,"2725 ADELAIDA RD, PASO ROBLES, CA, 93446",74,00628696,VILLICANA WINE & SPIRITS,VILLICANA WINERY  REFIND DISTILLERY  PASO ROBLES C,"2725 ADELAIDA RD, PASO ROBLES, CA, 93446-9765",LIC,ACTIVE,2026-08-22,https://www.abc.ca.gov/wp-content/uploads/DailyExport-CSV.zip
ca-ttb-c01e4c6f4942,RE:FIND DISTILLERY,"2725 ADELAIDA RD, PASO ROBLES, CA, 93446",94,00628696,VILLICANA WINE & SPIRITS,VILLICANA WINERY  REFIND DISTILLERY  PASO ROBLES C,"2725 ADELAIDA RD, PASO ROBLES, CA, 93446-9765",LIC,ACTIVE,2026-08-22,https://www.abc.ca.gov/wp-content/uploads/DailyExport-CSV.zip
ca-ttb-c29ba9560e65,"SMART CUPS, LLC","25732 TALADRO CIR, MISSION VIEJO, CA, 92691",07,00607237,SMART CUPS  LLC,SMART CUPS LLC,"25732 TALADRO CIR, MISSION VIEJO, CA, 92691-3119",LIC,ACTIVE,2026-08-22,https://www.abc.ca.gov/wp-content/uploads/DailyExport-CSV.zip
ca-ttb-c4d0a63b0532,J. LOHR WINERY CORPORATION,"1000 LENZEN AVE, SAN JOSE, CA, 95126",06,00296923,J. LOHR WINERY CORPORATION,J. LOHR WINERY,"1000 LENZEN AVE, SAN JOSE, CA, 95126-2739",LIC,ACTIVE,2026-08-22,https://www.abc.ca.gov/wp-content/uploads/DailyExport-CSV.zip
ca-ttb-c4d0a63b0532,J. LOHR WINERY CORPORATION,"1000 LENZEN AVE, SAN JOSE, CA, 95126",02,00296923,J. LOHR WINERY CORPORATION,J. LOHR WINERY,"1000 LENZEN AVE, SAN JOSE, CA, 95126-2739",LIC,ACTIVE,2026-08-22,https://www.abc.ca.gov/wp-content/uploads/DailyExport-CSV.zip
ca-ttb-c4d0a63b0532,J. LOHR WINERY CORPORATION,"1000 LENZEN AVE, SAN JOSE, CA, 95126",81,00296923,J. LOHR WINERY CORPORATION,J. LOHR WINERY,"1000 LENZEN AVE, SAN JOSE, CA, 95126-2739",LIC,ACTIVE,2026-08-22,https://www.abc.ca.gov/wp-content/uploads/DailyExport-CSV.zip
ca-ttb-c5ad4515ec5a,Mission Bell Winery,"12667 ROAD 24, MADERA, CA, 93637",02,00298887,CONSTELLATION BRANDS U.S. OPERATIONS  INC.,MISSION BELL WINERY,"12667 ROAD 24, MADERA, CA, 93637-9020",LIC,ACTIVE,2026-08-22,https://www.abc.ca.gov/wp-content/uploads/DailyExport-CSV.zip
ca-ttb-c5ad4515ec5a,Mission Bell Winery,"12667 ROAD 24, MADERA, CA, 93637",04,00298887,CONSTELLATION BRANDS U.S. OPERATIONS  INC.,MISSION BELL WINERY,"12667 ROAD 24, MADERA, CA, 93637-9020",LIC,ACTIVE,2026-08-22,https://www.abc.ca.gov/wp-content/uploads/DailyExport-CSV.zip
ca-ttb-c5ad4515ec5a,Mission Bell Winery,"12667 ROAD 24, MADERA, CA, 93637",06,00298887,CONSTELLATION BRANDS U.S. OPERATIONS  INC.,MISSION BELL WINERY,"12667 ROAD 24, MADERA, CA, 93637-9020",LIC,ACTIVE,2026-08-22,https://www.abc.ca.gov/wp-content/uploads/DailyExport-CSV.zip
ca-ttb-c5ad4515ec5a,Mission Bell Winery,"12667 ROAD 24, MADERA, CA, 93637",10,00298388,CONSTELLATION BRANDS INC,CONSTELLATION BRANDS,"12667 ROAD 24, MADERA, CA, 93637-9020",LIC,ACTIVE,2026-08-22,https://www.abc.ca.gov/wp-content/uploads/DailyExport-CSV.zip
ca-ttb-c5ad4515ec5a,Mission Bell Winery,"12667 ROAD 24, MADERA, CA, 93637",17,00298388,CONSTELLATION BRANDS INC,CONSTELLATION BRANDS,"12667 ROAD 24, MADERA, CA, 93637-9020",LIC,ACTIVE,2026-08-22,https://www.abc.ca.gov/wp-content/uploads/DailyExport-CSV.zip
ca-ttb-c5ad4515ec5a,Mission Bell Winery,"12667 ROAD 24, MADERA, CA, 93637",12,00298887,CONSTELLATION BRANDS U.S. OPERATIONS  INC.,MISSION BELL WINERY,"12667 ROAD 24, MADERA, CA, 93637-9020",LIC,ACTIVE,2026-08-22,https://www.abc.ca.gov/wp-content/uploads/DailyExport-CSV.zip
ca-ttb-c5ad4515ec5a,Mission Bell Winery,"12667 ROAD 24, MADERA, CA, 93637",09,00298388,CONSTELLATION BRANDS INC,CONSTELLATION BRANDS,"12667 ROAD 24, MADERA, CA, 93637-9020",LIC,ACTIVE,2026-08-22,https://www.abc.ca.gov/wp-content/uploads/DailyExport-CSV.zip
ca-ttb-c5d6bf883988,ELK FIELD Vineyards,"7801 HIGHWAY 20, UKIAH, CA, 95482",02,00530452,KHOURY  NADIEM HANNA,ELK FIELD VINEYARDS,"7801 HIGHWAY 20, UKIAH, CA, 95482-9206",LIC,ACTIVE,2026-08-22,https://www.abc.ca.gov/wp-content/uploads/DailyExport-CSV.zip
ca-ttb-c5d6bf883988,ELK FIELD Vineyards,"7801 HIGHWAY 20, UKIAH, CA, 95482",03,00530452,KHOURY  NADIEM HANNA,ELK FIELD VINEYARDS,"7801 HIGHWAY 20, UKIAH, CA, 95482-9206",LIC,ACTIVE,2026-08-22,https://www.abc.ca.gov/wp-content/uploads/DailyExport-CSV.zip
ca-ttb-c5d6bf883988,ELK FIELD Vineyards,"7801 HIGHWAY 20, UKIAH, CA, 95482",06,00530452,KHOURY  NADIEM HANNA,ELK FIELD VINEYARDS,"7801 HIGHWAY 20, UKIAH, CA, 95482-9206",LIC,ACTIVE,2026-08-22,https://www.abc.ca.gov/wp-content/uploads/DailyExport-CSV.zip
ca-ttb-c8571450d469,Orelar,"303 GATEWAY RD W, NAPA, CA, 94558",06,00648981,VINSCI INC,VINSCI INC.,"303 GATEWAY RD W, NAPA, CA, 94558-7583",LIC,ACTIVE,2026-08-22,https://www.abc.ca.gov/wp-content/uploads/DailyExport-CSV.zip
ca-ttb-c8571450d469,Orelar,"303 GATEWAY RD W, NAPA, CA, 94558",74,00648981,VINSCI INC,VINSCI INC.,"303 GATEWAY RD W, NAPA, CA, 94558-7583",LIC,ACTIVE,2026-08-22,https://www.abc.ca.gov/wp-content/uploads/DailyExport-CSV.zip
ca-ttb-c98dd33f31ad,Olehna,"2601 MONARCH ST, ALAMEDA, CA, 94501",06,00666096,HOUSE OF THE SUN  LLC,OLEHNA,"2601 MONARCH ST, ALAMEDA, CA, 94501-7541",LIC,ACTIVE,2026-08-22,https://www.abc.ca.gov/wp-content/uploads/DailyExport-CSV.zip
ca-ttb-c98dd33f31ad,Olehna,"2601 MONARCH ST, ALAMEDA, CA, 94501",74,00666096,HOUSE OF THE SUN  LLC,OLEHNA,"2601 MONARCH ST, ALAMEDA, CA, 94501-7541",LIC,ACTIVE,2026-08-22,https://www.abc.ca.gov/wp-content/uploads/DailyExport-CSV.zip
ca-ttb-c9c2514a3b45,GOLDEN STATE VINTNERS,"38558 ROAD 128, CUTLER, CA, 93615",01,00005229,GOLDEN STATE VINTNERS,GOLDEN STATE VINTNERS,"38558 ROAD 128, CUTLER, CA, 93615",LIC,ACTIVE,2026-08-22,https://www.abc.ca.gov/wp-content/uploads/DailyExport-CSV.zip
ca-ttb-c9c2514a3b45,GOLDEN STATE VINTNERS,"38558 ROAD 128, CUTLER, CA, 93615",06,00005229,GOLDEN STATE VINTNERS,GOLDEN STATE VINTNERS,"38558 ROAD 128, CUTLER, CA, 93615",LIC,ACTIVE,2026-08-22,https://www.abc.ca.gov/wp-content/uploads/DailyExport-CSV.zip
ca-ttb-c9c2514a3b45,GOLDEN STATE VINTNERS,"38558 ROAD 128, CUTLER, CA, 93615",02,00005229,GOLDEN STATE VINTNERS,GOLDEN STATE VINTNERS,"38558 ROAD 128, CUTLER, CA, 93615",LIC,ACTIVE,2026-08-22,https://www.abc.ca.gov/wp-content/uploads/DailyExport-CSV.zip
ca-ttb-c9c2514a3b45,GOLDEN STATE VINTNERS,"38558 ROAD 128, CUTLER, CA, 93615",03,00005229,GOLDEN STATE VINTNERS,GOLDEN STATE VINTNERS,"38558 ROAD 128, CUTLER, CA, 93615",LIC,ACTIVE,2026-08-22,https://www.abc.ca.gov/wp-content/uploads/DailyExport-CSV.zip
ca-ttb-c9c2514a3b45,GOLDEN STATE VINTNERS,"38558 ROAD 128, CUTLER, CA, 93615",09,00005229,GOLDEN STATE VINTNERS,GOLDEN STATE VINTNERS,"38558 ROAD 128, CUTLER, CA, 93615",LIC,ACTIVE,2026-08-22,https://www.abc.ca.gov/wp-content/uploads/DailyExport-CSV.zip
ca-ttb-cae2468dc0b3,"MOJO BREWHOUSE, LLC","221 W MONTECITO ST, SANTA BARBARA, CA, 93101",23,00641581,MOJO BREWHOUSE LLC,BREWHOUSE  THE,"221 W MONTECITO ST, SANTA BARBARA, CA, 93101-3824",LIC,ACTIVE,2026-08-22,https://www.abc.ca.gov/wp-content/uploads/DailyExport-CSV.zip
ca-ttb-cb8ec01a9595,Venus Spirits LLC,"200 HIGH RD, SANTA CRUZ, CA, 95060",06,00611969,VENUS SPIRITS LLC,VENUS SPIRITS,"200 HIGH RD, SANTA CRUZ, CA, 95060",LIC,ACTIVE,2026-08-22,https://www.abc.ca.gov/wp-content/uploads/DailyExport-CSV.zip
ca-ttb-cb8ec01a9595,Venus Spirits LLC,"200 HIGH RD, SANTA CRUZ, CA, 95060",74,00611969,VENUS SPIRITS LLC,VENUS SPIRITS,"200 HIGH RD, SANTA CRUZ, CA, 95060",LIC,ACTIVE,2026-08-22,https://www.abc.ca.gov/wp-content/uploads/DailyExport-CSV.zip
ca-ttb-cb8ec01a9595,Venus Spirits LLC,"200 HIGH RD, SANTA CRUZ, CA, 95060",94,00611969,VENUS SPIRITS LLC,VENUS SPIRITS,"200 HIGH RD, SANTA CRUZ, CA, 95060",LIC,ACTIVE,2026-08-22,https://www.abc.ca.gov/wp-content/uploads/DailyExport-CSV.zip
ca-ttb-cc71f1e12154,Martinelli Winery,"3360 RIVER RD, WINDSOR, CA, 95492",02,00340023,MARTINELLI WINERY INC,MARTINELLI WINERY,"3360 RIVER RD, WINDSOR, CA, 95492",LIC,ACTIVE,2026-08-22,https://www.abc.ca.gov/wp-content/uploads/DailyExport-CSV.zip
ca-ttb-cc71f1e12154,Martinelli Winery,"3360 RIVER RD, WINDSOR, CA, 95492",06,00340023,MARTINELLI WINERY INC,MARTINELLI WINERY,"3360 RIVER RD, WINDSOR, CA, 95492",LIC,ACTIVE,2026-08-22,https://www.abc.ca.gov/wp-content/uploads/DailyExport-CSV.zip
ca-ttb-cca29703a354,"SANTA MONICA MOUNTAINS FARMSTEAD, LLC","853 VIA ALONDRA, CAMARILLO, CA, 93012",02,00584280,SANTA MONICA MOUNTAINS FARMSTEAD  LLC,SANTA MONICA MOUNTAINS FARMSTEAD,"853 VIA ALONDRA, CAMARILLO, CA, 93012-8046",LIC,ACTIVE,2026-08-22,https://www.abc.ca.gov/wp-content/uploads/DailyExport-CSV.zip
ca-ttb-cca29703a354,"SANTA MONICA MOUNTAINS FARMSTEAD, LLC","853 VIA ALONDRA, CAMARILLO, CA, 93012",23,00584280,SANTA MONICA MOUNTAINS FARMSTEAD  LLC,SANTA MONICA MOUNTAINS FARMSTEAD,"853 VIA ALONDRA, CAMARILLO, CA, 93012-8046",LIC,ACTIVE,2026-08-22,https://www.abc.ca.gov/wp-content/uploads/DailyExport-CSV.zip
ca-ttb-cca29703a354,"SANTA MONICA MOUNTAINS FARMSTEAD, LLC","853 VIA ALONDRA, CAMARILLO, CA, 93012",04,00584280,SANTA MONICA MOUNTAINS FARMSTEAD  LLC,SANTA MONICA MOUNTAINS FARMSTEAD,"853 VIA ALONDRA, CAMARILLO, CA, 93012-8046",LIC,ACTIVE,2026-08-22,https://www.abc.ca.gov/wp-content/uploads/DailyExport-CSV.zip
ca-ttb-cca29703a354,"SANTA MONICA MOUNTAINS FARMSTEAD, LLC","853 VIA ALONDRA, CAMARILLO, CA, 93012",06,00584280,SANTA MONICA MOUNTAINS FARMSTEAD  LLC,SANTA MONICA MOUNTAINS FARMSTEAD,"853 VIA ALONDRA, CAMARILLO, CA, 93012-8046",LIC,ACTIVE,2026-08-22,https://www.abc.ca.gov/wp-content/uploads/DailyExport-CSV.zip
ca-ttb-ccf7fc32fd72,Distillery Cheval,"1021 PINE ST, PASO ROBLES, CA, 93446",06,00617955,HOTEL CHEVAL LLC,PONY CLUB,"1021 PINE ST, PASO ROBLES, CA, 93446-2537",LIC,ACTIVE,2026-08-22,https://www.abc.ca.gov/wp-content/uploads/DailyExport-CSV.zip
ca-ttb-ccf7fc32fd72,Distillery Cheval,"1021 PINE ST, PASO ROBLES, CA, 93446",74,00617955,HOTEL CHEVAL LLC,PONY CLUB,"1021 PINE ST, PASO ROBLES, CA, 93446-2537",LIC,ACTIVE,2026-08-22,https://www.abc.ca.gov/wp-content/uploads/DailyExport-CSV.zip
ca-ttb-cde82c4391ac,VIE-DEL COMPANY,"13363 S INDIANOLA AVE, KINGSBURG, CA, 93631",06,00040457,VIE DEL COMPANY,VIE DEL COMPANY,"13363 S INDIANOLA AVE, KINGSBURG, CA, 93631",LIC,ACTIVE,2026-08-22,https://www.abc.ca.gov/wp-content/uploads/DailyExport-CSV.zip
ca-ttb-cde82c4391ac,VIE-DEL COMPANY,"13363 S INDIANOLA AVE, KINGSBURG, CA, 93631",02,00040457,VIE DEL COMPANY,VIE DEL COMPANY,"13363 S INDIANOLA AVE, KINGSBURG, CA, 93631",LIC,ACTIVE,2026-08-22,https://www.abc.ca.gov/wp-content/uploads/DailyExport-CSV.zip
ca-ttb-cde82c4391ac,VIE-DEL COMPANY,"13363 S INDIANOLA AVE, KINGSBURG, CA, 93631",04,00040457,VIE DEL COMPANY,VIE DEL COMPANY,"13363 S INDIANOLA AVE, KINGSBURG, CA, 93631",LIC,ACTIVE,2026-08-22,https://www.abc.ca.gov/wp-content/uploads/DailyExport-CSV.zip
ca-ttb-cde82c4391ac,VIE-DEL COMPANY,"13363 S INDIANOLA AVE, KINGSBURG, CA, 93631",09,00040457,VIE DEL COMPANY,VIE DEL COMPANY,"13363 S INDIANOLA AVE, KINGSBURG, CA, 93631",LIC,ACTIVE,2026-08-22,https://www.abc.ca.gov/wp-content/uploads/DailyExport-CSV.zip
ca-ttb-ce60bd415e6c,Valley of Nine,"2585 BIDDLE RANCH RD, SAN LUIS OBISPO, CA, 93401",02,00677724,EDNA WINE GROUP  LLC,EDNA WINE GROUP,"2585 BIDDLE RANCH RD, SAN LUIS OBISPO, CA, 93401-8319",LIC,ACTIVE,2026-08-22,https://www.abc.ca.gov/wp-content/uploads/DailyExport-CSV.zip
ca-ttb-d07bd8bfe1dd,St. Rose Winery,"5775 OLD REDWOOD HWY, SANTA ROSA, CA, 95403",02,00440425,NUNES  FREDERIC JOHN,ST ROSE WINERY,"5775 OLD REDWOOD HWY, SANTA ROSA, CA, 95403-1117",LIC,ACTIVE,2026-08-22,https://www.abc.ca.gov/wp-content/uploads/DailyExport-CSV.zip
ca-ttb-d1cee031b86c,Brucato Spirits,"275 S VAN NESS AVE, SAN FRANCISCO, CA, 94103",06,00633275,CHENERY  LLC,BRUCATO AMARO,"275 S VAN NESS AVE, SAN FRANCISCO, CA, 94103-3733",LIC,ACTIVE,2026-08-22,https://www.abc.ca.gov/wp-content/uploads/DailyExport-CSV.zip
ca-ttb-d1cee031b86c,Brucato Spirits,"275 S VAN NESS AVE, SAN FRANCISCO, CA, 94103",74,00633275,CHENERY  LLC,BRUCATO AMARO,"275 S VAN NESS AVE, SAN FRANCISCO, CA, 94103-3733",LIC,ACTIVE,2026-08-22,https://www.abc.ca.gov/wp-content/uploads/DailyExport-CSV.zip
ca-ttb-d3a4ff7c70fc,RTD Specialties,"357 E TAYLOR ST, SAN JOSE, CA, 95112",01,00385372,GORDON BIERSCH BREWING COMPANY,GORDON BIERSCH BREWING COMPANY,"357 E TAYLOR ST, SAN JOSE, CA, 95112-3105",LIC,ACTIVE,2026-08-22,https://www.abc.ca.gov/wp-content/uploads/DailyExport-CSV.zip
ca-ttb-d3a4ff7c70fc,RTD Specialties,"357 E TAYLOR ST, SAN JOSE, CA, 95112",17,00385372,GORDON BIERSCH BREWING COMPANY,GORDON BIERSCH BREWING COMPANY,"357 E TAYLOR ST, SAN JOSE, CA, 95112-3105",LIC,ACTIVE,2026-08-22,https://www.abc.ca.gov/wp-content/uploads/DailyExport-CSV.zip
ca-ttb-d3a4ff7c70fc,RTD Specialties,"357 E TAYLOR ST, SAN JOSE, CA, 95112",07,00385372,GORDON BIERSCH BREWING COMPANY,GORDON BIERSCH BREWING COMPANY,"357 E TAYLOR ST, SAN JOSE, CA, 95112-3105",LIC,ACTIVE,2026-08-22,https://www.abc.ca.gov/wp-content/uploads/DailyExport-CSV.zip
ca-ttb-d3a4ff7c70fc,RTD Specialties,"357 E TAYLOR ST, SAN JOSE, CA, 95112",02,00385372,GORDON BIERSCH BREWING COMPANY,GORDON BIERSCH BREWING COMPANY,"357 E TAYLOR ST, SAN JOSE, CA, 95112-3105",LIC,ACTIVE,2026-08-22,https://www.abc.ca.gov/wp-content/uploads/DailyExport-CSV.zip
ca-ttb-d3a4ff7c70fc,RTD Specialties,"357 E TAYLOR ST, SAN JOSE, CA, 95112",12,00385372,GORDON BIERSCH BREWING COMPANY,GORDON BIERSCH BREWING COMPANY,"357 E TAYLOR ST, SAN JOSE, CA, 95112-3105",LIC,ACTIVE,2026-08-22,https://www.abc.ca.gov/wp-content/uploads/DailyExport-CSV.zip
ca-ttb-d3a4ff7c70fc,RTD Specialties,"357 E TAYLOR ST, SAN JOSE, CA, 95112",01,00670261,KINGS & CONVICTS BP LLC,BALLAST POINT BREWING CO,"357 E TAYLOR ST, SAN JOSE, CA, 95112-3105",LIC,ACTIVE,2026-08-22,https://www.abc.ca.gov/wp-content/uploads/DailyExport-CSV.zip
ca-ttb-d3a4ff7c70fc,RTD Specialties,"357 E TAYLOR ST, SAN JOSE, CA, 95112",23,00634054,CENTRAL VALLEY CRAFT BEER LLC,TIOGA-SEQUOIA BREWING COMPANY,"357 E TAYLOR ST, SAN JOSE, CA, 95112-3105",LIC,ACTIVE,2026-08-22,https://www.abc.ca.gov/wp-content/uploads/DailyExport-CSV.zip
ca-ttb-d3a4ff7c70fc,RTD Specialties,"357 E TAYLOR ST, SAN JOSE, CA, 95112",23,00650879,HENHOUSE BREWING COMPANY,HENHOUSE BREWING COMPANY,"357 E TAYLOR ST, SAN JOSE, CA, 95112-3105",LIC,ACTIVE,2026-08-22,https://www.abc.ca.gov/wp-content/uploads/DailyExport-CSV.zip
ca-ttb-d3a4ff7c70fc,RTD Specialties,"357 E TAYLOR ST, SAN JOSE, CA, 95112",09,00385372,GORDON BIERSCH BREWING COMPANY,GORDON BIERSCH BREWING COMPANY,"357 E TAYLOR ST, SAN JOSE, CA, 95112-3105",LIC,ACTIVE,2026-08-22,https://www.abc.ca.gov/wp-content/uploads/DailyExport-CSV.zip
ca-ttb-d3a4ff7c70fc,RTD Specialties,"357 E TAYLOR ST, SAN JOSE, CA, 95112",77,00385372,GORDON BIERSCH BREWING COMPANY,GORDON BIERSCH BREWING COMPANY,"357 E TAYLOR ST, SAN JOSE, CA, 95112-3105",LIC,ACTIVE,2026-08-22,https://www.abc.ca.gov/wp-content/uploads/DailyExport-CSV.zip
ca-ttb-d41fdf909621,JORDAN VINEYARD & WINERY,"1474 ALEXANDER VALLEY RD, HEALDSBURG, CA, 95448",20,00297287,JVW CORPORATION,JORDAN VINEYARD & WINERY,"1474 ALEXANDER VALLEY RD, HEALDSBURG, CA, 95448-9003",LIC,ACTIVE,2026-08-22,https://www.abc.ca.gov/wp-content/uploads/DailyExport-CSV.zip
ca-ttb-d41fdf909621,JORDAN VINEYARD & WINERY,"1474 ALEXANDER VALLEY RD, HEALDSBURG, CA, 95448",04,00297015,JVW CORPORATION,JORDAN VINEYARD & WINERY,"1474 ALEXANDER VALLEY RD, HEALDSBURG, CA, 95448-9003",LIC,ACTIVE,2026-08-22,https://www.abc.ca.gov/wp-content/uploads/DailyExport-CSV.zip
ca-ttb-d41fdf909621,JORDAN VINEYARD & WINERY,"1474 ALEXANDER VALLEY RD, HEALDSBURG, CA, 95448",06,00297015,JVW CORPORATION,JORDAN VINEYARD & WINERY,"1474 ALEXANDER VALLEY RD, HEALDSBURG, CA, 95448-9003",LIC,ACTIVE,2026-08-22,https://www.abc.ca.gov/wp-content/uploads/DailyExport-CSV.zip
ca-ttb-d41fdf909621,JORDAN VINEYARD & WINERY,"1474 ALEXANDER VALLEY RD, HEALDSBURG, CA, 95448",02,00297015,JVW CORPORATION,JORDAN VINEYARD & WINERY,"1474 ALEXANDER VALLEY RD, HEALDSBURG, CA, 95448-9003",LIC,ACTIVE,2026-08-22,https://www.abc.ca.gov/wp-content/uploads/DailyExport-CSV.zip
ca-ttb-d41fdf909621,JORDAN VINEYARD & WINERY,"1474 ALEXANDER VALLEY RD, HEALDSBURG, CA, 95448",09,00297015,JVW CORPORATION,JORDAN VINEYARD & WINERY,"1474 ALEXANDER VALLEY RD, HEALDSBURG, CA, 95448-9003",LIC,ACTIVE,2026-08-22,https://www.abc.ca.gov/wp-content/uploads/DailyExport-CSV.zip
ca-ttb-d4da357b2ac9,STAGS' LEAP WINERY,"6150 SILVERADO TRL, NAPA, CA, 94558",02,00329905,TREASURY WINE ESTATES AMERICAS COMPANY,STAGS' LEAP WINERY,"6150 SILVERADO TRL, NAPA, CA, 94558",LIC,ACTIVE,2026-08-22,https://www.abc.ca.gov/wp-content/uploads/DailyExport-CSV.zip
ca-ttb-d4da357b2ac9,STAGS' LEAP WINERY,"6150 SILVERADO TRL, NAPA, CA, 94558",06,00329905,TREASURY WINE ESTATES AMERICAS COMPANY,STAGS' LEAP WINERY,"6150 SILVERADO TRL, NAPA, CA, 94558",LIC,ACTIVE,2026-08-22,https://www.abc.ca.gov/wp-content/uploads/DailyExport-CSV.zip
ca-ttb-d4f36b59cf5e,Whiskey on Tap,"1270 LINCOLN AVE STE 1200, PASADENA, CA, 91103",07,00597449,AGHAYAN  CHRIS,WHISKY ON TAP,"1270 LINCOLN AVE STE 1200, PASADENA, CA, 91103-2467",LIC,ACTIVE,2026-08-22,https://www.abc.ca.gov/wp-content/uploads/DailyExport-CSV.zip
ca-ttb-d4f36b59cf5e,Whiskey on Tap,"1270 LINCOLN AVE STE 1200, PASADENA, CA, 91103",12,00597449,AGHAYAN  CHRIS,WHISKY ON TAP,"1270 LINCOLN AVE STE 1200, PASADENA, CA, 91103-2467",LIC,ACTIVE,2026-08-22,https://www.abc.ca.gov/wp-content/uploads/DailyExport-CSV.zip
ca-ttb-d7e33dcffdf0,Hanson Spirits,"669 BRIDGEWAY, SAUSALITO, CA, 94965",06,00595703,HANSON SPIRITS  LLC,HANSON DISTILLERY TASTING ROOM - SAUSALITO,"669 BRIDGEWAY, SAUSALITO, CA, 94965-2218",LIC,ACTIVE,2026-08-22,https://www.abc.ca.gov/wp-content/uploads/DailyExport-CSV.zip
ca-ttb-d7e33dcffdf0,Hanson Spirits,"669 BRIDGEWAY, SAUSALITO, CA, 94965",74,00595703,HANSON SPIRITS  LLC,HANSON DISTILLERY TASTING ROOM - SAUSALITO,"669 BRIDGEWAY, SAUSALITO, CA, 94965-2218",LIC,ACTIVE,2026-08-22,https://www.abc.ca.gov/wp-content/uploads/DailyExport-CSV.zip
ca-ttb-d7ef542d0041,VERANDA COCKTAILS,"233 E ANAHEIM ST, LONG BEACH, CA, 90813",07,00668051,CASE BY CASE CANNING  LLC,CASE BY CASE CANNING,"233 E ANAHEIM ST, LONG BEACH, CA, 90813",LIC,ACTIVE,2026-08-22,https://www.abc.ca.gov/wp-content/uploads/DailyExport-CSV.zip
ca-ttb-d7ef542d0041,VERANDA COCKTAILS,"233 E ANAHEIM ST, LONG BEACH, CA, 90813",12,00668051,CASE BY CASE CANNING  LLC,CASE BY CASE CANNING,"233 E ANAHEIM ST, LONG BEACH, CA, 90813",LIC,ACTIVE,2026-08-22,https://www.abc.ca.gov/wp-content/uploads/DailyExport-CSV.zip
ca-ttb-d9ad92241bf5,CASTORO CELLARS,"6465 VON DOLLEN RD, SAN MIGUEL, CA, 93451",02,00260410,CASTORO CELLARS,CASTORO CELLARS,"6465 VON DOLLEN RD, SAN MIGUEL, CA, 93451-9567",LIC,ACTIVE,2026-08-22,https://www.abc.ca.gov/wp-content/uploads/DailyExport-CSV.zip
ca-ttb-d9ad92241bf5,CASTORO CELLARS,"6465 VON DOLLEN RD, SAN MIGUEL, CA, 93451",04,00260410,CASTORO CELLARS,CASTORO CELLARS,"6465 VON DOLLEN RD, SAN MIGUEL, CA, 93451-9567",LIC,ACTIVE,2026-08-22,https://www.abc.ca.gov/wp-content/uploads/DailyExport-CSV.zip
ca-ttb-d9ad92241bf5,CASTORO CELLARS,"6465 VON DOLLEN RD, SAN MIGUEL, CA, 93451",03,00260410,CASTORO CELLARS,CASTORO CELLARS,"6465 VON DOLLEN RD, SAN MIGUEL, CA, 93451-9567",LIC,ACTIVE,2026-08-22,https://www.abc.ca.gov/wp-content/uploads/DailyExport-CSV.zip
ca-ttb-d9ad92241bf5,CASTORO CELLARS,"6465 VON DOLLEN RD, SAN MIGUEL, CA, 93451",06,00260410,CASTORO CELLARS,CASTORO CELLARS,"6465 VON DOLLEN RD, SAN MIGUEL, CA, 93451-9567",LIC,ACTIVE,2026-08-22,https://www.abc.ca.gov/wp-content/uploads/DailyExport-CSV.zip
ca-ttb-d9b653cdd69f,RUBIN WINES LLC,"5220 ROSS RD, SEBASTOPOL, CA, 95472",06,00517077,RUBIN WINES LLC,RIVER ROAD WINES,"5220 ROSS RD, SEBASTOPOL, CA, 95472-2158",LIC,ACTIVE,2026-08-22,https://www.abc.ca.gov/wp-content/uploads/DailyExport-CSV.zip
ca-ttb-d9b653cdd69f,RUBIN WINES LLC,"5220 ROSS RD, SEBASTOPOL, CA, 95472",02,00517077,RUBIN WINES LLC,RIVER ROAD WINES,"5220 ROSS RD, SEBASTOPOL, CA, 95472-2158",LIC,ACTIVE,2026-08-22,https://www.abc.ca.gov/wp-content/uploads/DailyExport-CSV.zip
ca-ttb-d9b653cdd69f,RUBIN WINES LLC,"5220 ROSS RD, SEBASTOPOL, CA, 95472",09,00517077,RUBIN WINES LLC,RIVER ROAD WINES,"5220 ROSS RD, SEBASTOPOL, CA, 95472-2158",LIC,ACTIVE,2026-08-22,https://www.abc.ca.gov/wp-content/uploads/DailyExport-CSV.zip
ca-ttb-d9fdefc88181,Karpe Kanem Winery,"7380 HIDDEN LAKE RD, FORESTVILLE, CA, 95436",02,00581548,HASIN  ALVIN STUART,KARPE KANEM WINERY,"7380 HIDDEN LAKE RD, FORESTVILLE, CA, 95436-9702",LIC,ACTIVE,2026-08-22,https://www.abc.ca.gov/wp-content/uploads/DailyExport-CSV.zip
ca-ttb-da191e6332b5,Big Baobab,"2243 & 2247 MISSION ST, SAN FRANCISCO, CA, 94110",06,00648439,LAT RESTAURANT  INC.,BIG BAOBAB,"2243 & 2247 MISSION ST, SAN FRANCISCO, CA, 94110-1811",LIC,ACTIVE,2026-08-22,https://www.abc.ca.gov/wp-content/uploads/DailyExport-CSV.zip
ca-ttb-da191e6332b5,Big Baobab,"2243 & 2247 MISSION ST, SAN FRANCISCO, CA, 94110",74,00648439,LAT RESTAURANT  INC.,BIG BAOBAB,"2243 & 2247 MISSION ST, SAN FRANCISCO, CA, 94110-1811",LIC,ACTIVE,2026-08-22,https://www.abc.ca.gov/wp-content/uploads/DailyExport-CSV.zip
ca-ttb-dbb4847838e4,Bally Keal Vineyards,"4286 SUISUN VALLEY RD, FAIRFIELD, CA, 94534",23,00618716,BALLY KEAL VINEYARDS  LLC,BALLY KEAL VINEYARDS,"4286 SUISUN VALLEY RD, FAIRFIELD, CA, 94534-3159",LIC,ACTIVE,2026-08-22,https://www.abc.ca.gov/wp-content/uploads/DailyExport-CSV.zip
ca-ttb-dbb4847838e4,Bally Keal Vineyards,"4286 SUISUN VALLEY RD, FAIRFIELD, CA, 94534",02,00618716,BALLY KEAL VINEYARDS  LLC,BALLY KEAL VINEYARDS,"4286 SUISUN VALLEY RD, FAIRFIELD, CA, 94534-3159",LIC,ACTIVE,2026-08-22,https://www.abc.ca.gov/wp-content/uploads/DailyExport-CSV.zip
ca-ttb-dbb4847838e4,Bally Keal Vineyards,"4286 SUISUN VALLEY RD, FAIRFIELD, CA, 94534",06,00618716,BALLY KEAL VINEYARDS  LLC,BALLY KEAL VINEYARDS,"4286 SUISUN VALLEY RD, FAIRFIELD, CA, 94534-3159",LIC,ACTIVE,2026-08-22,https://www.abc.ca.gov/wp-content/uploads/DailyExport-CSV.zip
ca-ttb-dbb4847838e4,Bally Keal Vineyards,"4286 SUISUN VALLEY RD, FAIRFIELD, CA, 94534",74,00618716,BALLY KEAL VINEYARDS  LLC,BALLY KEAL VINEYARDS,"4286 SUISUN VALLEY RD, FAIRFIELD, CA, 94534-3159",LIC,ACTIVE,2026-08-22,https://www.abc.ca.gov/wp-content/uploads/DailyExport-CSV.zip
ca-ttb-dbb4847838e4,Bally Keal Vineyards,"4286 SUISUN VALLEY RD, FAIRFIELD, CA, 94534",94,00618716,BALLY KEAL VINEYARDS  LLC,BALLY KEAL VINEYARDS,"4286 SUISUN VALLEY RD, FAIRFIELD, CA, 94534-3159",LIC,ACTIVE,2026-08-22,https://www.abc.ca.gov/wp-content/uploads/DailyExport-CSV.zip
ca-ttb-dcbdeff36055,1865 CRAFT HOUSE & KITCHEN,"1865 MONTEREY ST, SAN LUIS OBISPO, CA, 93401",06,00655639,1865 CRAFT HOUSE & KITCHEN LLC,1865 CRAFT HOUSE,"1865 MONTEREY ST, SAN LUIS OBISPO, CA, 93401-2613",LIC,ACTIVE,2026-08-22,https://www.abc.ca.gov/wp-content/uploads/DailyExport-CSV.zip
ca-ttb-dcbdeff36055,1865 CRAFT HOUSE & KITCHEN,"1865 MONTEREY ST, SAN LUIS OBISPO, CA, 93401",74,00655639,1865 CRAFT HOUSE & KITCHEN LLC,1865 CRAFT HOUSE,"1865 MONTEREY ST, SAN LUIS OBISPO, CA, 93401-2613",LIC,ACTIVE,2026-08-22,https://www.abc.ca.gov/wp-content/uploads/DailyExport-CSV.zip
ca-ttb-e01cc9fe8ab8,Brand Proof,"730 E 139TH ST, COMPTON, CA, 90059",07,00622722,BRAND PROOF LLC,BRAND PROOF,"730 E 139TH ST, COMPTON, CA, 90059",LIC,ACTIVE,2026-08-22,https://www.abc.ca.gov/wp-content/uploads/DailyExport-CSV.zip
ca-ttb-e01cc9fe8ab8,Brand Proof,"730 E 139TH ST, COMPTON, CA, 90059",14,00622722,BRAND PROOF LLC,BRAND PROOF,"730 E 139TH ST, COMPTON, CA, 90059",LIC,ACTIVE,2026-08-22,https://www.abc.ca.gov/wp-content/uploads/DailyExport-CSV.zip
ca-ttb-e01cc9fe8ab8,Brand Proof,"730 E 139TH ST, COMPTON, CA, 90059",17,00622722,BRAND PROOF LLC,BRAND PROOF,"730 E 139TH ST, COMPTON, CA, 90059",LIC,ACTIVE,2026-08-22,https://www.abc.ca.gov/wp-content/uploads/DailyExport-CSV.zip
ca-ttb-e01cc9fe8ab8,Brand Proof,"730 E 139TH ST, COMPTON, CA, 90059",12,00622722,BRAND PROOF LLC,BRAND PROOF,"730 E 139TH ST, COMPTON, CA, 90059",LIC,ACTIVE,2026-08-22,https://www.abc.ca.gov/wp-content/uploads/DailyExport-CSV.zip
ca-ttb-e01cc9fe8ab8,Brand Proof,"730 E 139TH ST, COMPTON, CA, 90059",09,00622722,BRAND PROOF LLC,BRAND PROOF,"730 E 139TH ST, COMPTON, CA, 90059",LIC,ACTIVE,2026-08-22,https://www.abc.ca.gov/wp-content/uploads/DailyExport-CSV.zip
ca-ttb-e0ba6113a712,Kunde Family Winery,"9825 HWY 12, KENWOOD, CA, 95452",02,00674668,GUTHRIE FAMILY WINES LLC,GUTHRIE FAMILY WINES,"9825 HWY 12, KENWOOD, CA, 95452",LIC,ACTIVE,2026-08-22,https://www.abc.ca.gov/wp-content/uploads/DailyExport-CSV.zip
ca-ttb-e0ba6113a712,Kunde Family Winery,"9825 HWY 12, KENWOOD, CA, 95452",02,00665050,ADAIR KUNDE  LLC,KUNDE FAMILY WINERY,"9825 HWY 12, KENWOOD, CA, 95452",LIC,ACTIVE,2026-08-22,https://www.abc.ca.gov/wp-content/uploads/DailyExport-CSV.zip
ca-ttb-e0ba6113a712,Kunde Family Winery,"9825 HWY 12, KENWOOD, CA, 95452",06,00665050,ADAIR KUNDE  LLC,KUNDE FAMILY WINERY,"9825 HWY 12, KENWOOD, CA, 95452",LIC,ACTIVE,2026-08-22,https://www.abc.ca.gov/wp-content/uploads/DailyExport-CSV.zip
ca-ttb-e428f39b6380,"OWENS VALLEY DISTILLING COMPANY, LLC","237 E SOUTH ST UNIT E, BISHOP, CA, 93514",06,00571128,OWENS VALLEY DISTILLING COMPANY  LLC,OWENS VALLEY DISTILLING COMPANY  LLC,"237 E SOUTH ST UNIT E, BISHOP, CA, 93514",LIC,ACTIVE,2026-08-22,https://www.abc.ca.gov/wp-content/uploads/DailyExport-CSV.zip
ca-ttb-e428f39b6380,"OWENS VALLEY DISTILLING COMPANY, LLC","237 E SOUTH ST UNIT E, BISHOP, CA, 93514",74,00571128,OWENS VALLEY DISTILLING COMPANY  LLC,OWENS VALLEY DISTILLING COMPANY  LLC,"237 E SOUTH ST UNIT E, BISHOP, CA, 93514",LIC,ACTIVE,2026-08-22,https://www.abc.ca.gov/wp-content/uploads/DailyExport-CSV.zip
ca-ttb-e556aebd7764,MIZZA,"1112 STATE ST, SANTA BARBARA, CA, 93101",06,00651460,MIZZA LLC,MIZZA,"1112 STATE ST, SANTA BARBARA, CA, 93101-2713",LIC,ACTIVE,2026-08-22,https://www.abc.ca.gov/wp-content/uploads/DailyExport-CSV.zip
ca-ttb-e556aebd7764,MIZZA,"1112 STATE ST, SANTA BARBARA, CA, 93101",74,00651460,MIZZA LLC,MIZZA,"1112 STATE ST, SANTA BARBARA, CA, 93101-2713",LIC,ACTIVE,2026-08-22,https://www.abc.ca.gov/wp-content/uploads/DailyExport-CSV.zip
ca-ttb-e5884edba35b,Belching Beaver Brewery,"1334 ROCKY POINT DR, OCEANSIDE, CA, 92056",23,00556540,BELCHING BEAVER BREWERY  INC,BELCHING BEAVER BREWERY,"1334 ROCKY POINT DR, OCEANSIDE, CA, 92056-5864",LIC,ACTIVE,2026-08-22,https://www.abc.ca.gov/wp-content/uploads/DailyExport-CSV.zip
ca-ttb-e5884edba35b,Belching Beaver Brewery,"1334 ROCKY POINT DR, OCEANSIDE, CA, 92056",06,00556540,BELCHING BEAVER BREWERY  INC,BELCHING BEAVER BREWERY,"1334 ROCKY POINT DR, OCEANSIDE, CA, 92056-5864",LIC,ACTIVE,2026-08-22,https://www.abc.ca.gov/wp-content/uploads/DailyExport-CSV.zip
ca-ttb-e5884edba35b,Belching Beaver Brewery,"1334 ROCKY POINT DR, OCEANSIDE, CA, 92056",02,00556540,BELCHING BEAVER BREWERY  INC,BELCHING BEAVER BREWERY,"1334 ROCKY POINT DR, OCEANSIDE, CA, 92056-5864",LIC,ACTIVE,2026-08-22,https://www.abc.ca.gov/wp-content/uploads/DailyExport-CSV.zip
ca-ttb-e5884edba35b,Belching Beaver Brewery,"1334 ROCKY POINT DR, OCEANSIDE, CA, 92056",12,00556540,BELCHING BEAVER BREWERY  INC,BELCHING BEAVER BREWERY,"1334 ROCKY POINT DR, OCEANSIDE, CA, 92056-5864",LIC,ACTIVE,2026-08-22,https://www.abc.ca.gov/wp-content/uploads/DailyExport-CSV.zip
ca-ttb-e5884edba35b,Belching Beaver Brewery,"1334 ROCKY POINT DR, OCEANSIDE, CA, 92056",74,00556540,BELCHING BEAVER BREWERY  INC,BELCHING BEAVER BREWERY,"1334 ROCKY POINT DR, OCEANSIDE, CA, 92056-5864",LIC,ACTIVE,2026-08-22,https://www.abc.ca.gov/wp-content/uploads/DailyExport-CSV.zip
ca-ttb-e5884edba35b,Belching Beaver Brewery,"1334 ROCKY POINT DR, OCEANSIDE, CA, 92056",77,00556540,BELCHING BEAVER BREWERY  INC,BELCHING BEAVER BREWERY,"1334 ROCKY POINT DR, OCEANSIDE, CA, 92056-5864",LIC,ACTIVE,2026-08-22,https://www.abc.ca.gov/wp-content/uploads/DailyExport-CSV.zip
ca-ttb-e676abf069cd,Aonair,"201 DEVLIN RD, NAPA, CA, 94558",02,00594468,GLJR WINE LLC,AONAIR WINE,"201 DEVLIN RD, NAPA, CA, 94558-6280",LIC,ACTIVE,2026-08-22,https://www.abc.ca.gov/wp-content/uploads/DailyExport-CSV.zip
ca-ttb-e676abf069cd,Aonair,"201 DEVLIN RD, NAPA, CA, 94558",14,00588096,GLJR WINE LLC,AONAIR WINE,"201 DEVLIN RD, NAPA, CA, 94558-6280",LIC,ACTIVE,2026-08-22,https://www.abc.ca.gov/wp-content/uploads/DailyExport-CSV.zip
ca-ttb-e676abf069cd,Aonair,"201 DEVLIN RD, NAPA, CA, 94558",12,00594468,GLJR WINE LLC,AONAIR WINE,"201 DEVLIN RD, NAPA, CA, 94558-6280",LIC,ACTIVE,2026-08-22,https://www.abc.ca.gov/wp-content/uploads/DailyExport-CSV.zip
ca-ttb-e676abf069cd,Aonair,"201 DEVLIN RD, NAPA, CA, 94558",07,00594468,GLJR WINE LLC,AONAIR WINE,"201 DEVLIN RD, NAPA, CA, 94558-6280",LIC,ACTIVE,2026-08-22,https://www.abc.ca.gov/wp-content/uploads/DailyExport-CSV.zip
ca-ttb-e85ee3ab4c95,Barley and Boar Kitchen and Distillery,"5925 ENTRADA AVE, ATASCADERO, CA, 93422",06,00645343,BU BREWING LLC,,"5925 ENTRADA AVE, ATASCADERO, CA, 93422-4223",LIC,ACTIVE,2026-08-22,https://www.abc.ca.gov/wp-content/uploads/DailyExport-CSV.zip
ca-ttb-e85ee3ab4c95,Barley and Boar Kitchen and Distillery,"5925 ENTRADA AVE, ATASCADERO, CA, 93422",74,00645343,BU BREWING LLC,,"5925 ENTRADA AVE, ATASCADERO, CA, 93422-4223",LIC,ACTIVE,2026-08-22,https://www.abc.ca.gov/wp-content/uploads/DailyExport-CSV.zip
ca-ttb-e8cc70db4ae4,"FREIXENET SONOMA CAVES, INC.","23555 ARNOLD DR, SONOMA, CA, 95476",02,00184686,FREIXENET SONOMA CAVES INC,GLORIA FERRER WINERY,"23555 ARNOLD DR, SONOMA, CA, 95476-9285",LIC,ACTIVE,2026-08-22,https://www.abc.ca.gov/wp-content/uploads/DailyExport-CSV.zip
ca-ttb-e8cc70db4ae4,"FREIXENET SONOMA CAVES, INC.","23555 ARNOLD DR, SONOMA, CA, 95476",04,00184686,FREIXENET SONOMA CAVES INC,GLORIA FERRER WINERY,"23555 ARNOLD DR, SONOMA, CA, 95476-9285",LIC,ACTIVE,2026-08-22,https://www.abc.ca.gov/wp-content/uploads/DailyExport-CSV.zip
ca-ttb-e8cc70db4ae4,"FREIXENET SONOMA CAVES, INC.","23555 ARNOLD DR, SONOMA, CA, 95476",06,00184686,FREIXENET SONOMA CAVES INC,GLORIA FERRER WINERY,"23555 ARNOLD DR, SONOMA, CA, 95476-9285",LIC,ACTIVE,2026-08-22,https://www.abc.ca.gov/wp-content/uploads/DailyExport-CSV.zip
ca-ttb-e8cc70db4ae4,"FREIXENET SONOMA CAVES, INC.","23555 ARNOLD DR, SONOMA, CA, 95476",09,00184686,FREIXENET SONOMA CAVES INC,GLORIA FERRER WINERY,"23555 ARNOLD DR, SONOMA, CA, 95476-9285",LIC,ACTIVE,2026-08-22,https://www.abc.ca.gov/wp-content/uploads/DailyExport-CSV.zip
ca-ttb-e8cc70db4ae4,"FREIXENET SONOMA CAVES, INC.","23555 ARNOLD DR, SONOMA, CA, 95476",81,00184686,FREIXENET SONOMA CAVES INC,GLORIA FERRER WINERY,"23555 ARNOLD DR, SONOMA, CA, 95476-9285",LIC,ACTIVE,2026-08-22,https://www.abc.ca.gov/wp-content/uploads/DailyExport-CSV.zip
ca-ttb-e93bfeab26f5,PELLEGRINI FAMILY VINEYARDS,"4055 W OLIVET RD, SANTA ROSA, CA, 95401",02,00533822,PELLEGRINI RANCHES,PELLEGRINI RANCHES,"4055 W OLIVET RD, SANTA ROSA, CA, 95401-3839",LIC,ACTIVE,2026-08-22,https://www.abc.ca.gov/wp-content/uploads/DailyExport-CSV.zip
ca-ttb-e93bfeab26f5,PELLEGRINI FAMILY VINEYARDS,"4055 W OLIVET RD, SANTA ROSA, CA, 95401",02,00661717,BRICOLEUR VINEYARDS LLC,BRICOLEUR VINEYARDS,"4055 W OLIVET RD, SANTA ROSA, CA, 95401-3839",LIC,ACTIVE,2026-08-22,https://www.abc.ca.gov/wp-content/uploads/DailyExport-CSV.zip
ca-ttb-e93bfeab26f5,PELLEGRINI FAMILY VINEYARDS,"4055 W OLIVET RD, SANTA ROSA, CA, 95401",81,00661717,BRICOLEUR VINEYARDS LLC,BRICOLEUR VINEYARDS,"4055 W OLIVET RD, SANTA ROSA, CA, 95401-3839",LIC,ACTIVE,2026-08-22,https://www.abc.ca.gov/wp-content/uploads/DailyExport-CSV.zip
ca-ttb-ea90db3c0604,SOUTHNORTE BRANDS LLC,"10810 INLAND AVE, JURUPA VALLEY, CA, 91752",12,00650650,SOUTHNORTE BRANDS LLC,SOUTHNORTE SPIRITS,"10810 INLAND AVE, JURUPA VALLEY, CA, 91752-3235",LIC,ACTIVE,2026-08-22,https://www.abc.ca.gov/wp-content/uploads/DailyExport-CSV.zip
ca-ttb-ea90db3c0604,SOUTHNORTE BRANDS LLC,"10810 INLAND AVE, JURUPA VALLEY, CA, 91752",07,00650650,SOUTHNORTE BRANDS LLC,SOUTHNORTE SPIRITS,"10810 INLAND AVE, JURUPA VALLEY, CA, 91752-3235",LIC,ACTIVE,2026-08-22,https://www.abc.ca.gov/wp-content/uploads/DailyExport-CSV.zip
ca-ttb-ebd3cd18af85,Valensin Vineyard & Winery,"10675 VALENSIN RD, GALT, CA, 95632",02,00608463,VALENSIN VINEYARD & WINERY,VALENSIN VINEYARD & WINERY,"10675 VALENSIN RD, GALT, CA, 95632-8558",LIC,ACTIVE,2026-08-22,https://www.abc.ca.gov/wp-content/uploads/DailyExport-CSV.zip
ca-ttb-ed6f39aa6786,CAKEBREAD CELLARS,"8300 ST HELENA HWY, RUTHERFORD, CA, 94573",06,00092119,CAKEBREAD CELLARS,,"8300 ST HELENA HWY, RUTHERFORD, CA, 94573",LIC,ACTIVE,2026-08-22,https://www.abc.ca.gov/wp-content/uploads/DailyExport-CSV.zip
ca-ttb-ed6f39aa6786,CAKEBREAD CELLARS,"8300 ST HELENA HWY, RUTHERFORD, CA, 94573",02,00092119,CAKEBREAD CELLARS,,"8300 ST HELENA HWY, RUTHERFORD, CA, 94573",LIC,ACTIVE,2026-08-22,https://www.abc.ca.gov/wp-content/uploads/DailyExport-CSV.zip
ca-ttb-ed6f39aa6786,CAKEBREAD CELLARS,"8300 ST HELENA HWY, RUTHERFORD, CA, 94573",81,00092119,CAKEBREAD CELLARS,,"8300 ST HELENA HWY, RUTHERFORD, CA, 94573",LIC,ACTIVE,2026-08-22,https://www.abc.ca.gov/wp-content/uploads/DailyExport-CSV.zip
ca-ttb-ee79522e09bc,RUINS DISTILLERY LLC,"108 DODD CT, AMERICAN CANYON, CA, 94503",06,00640297,RUINS DISTILLERY LLC,,"108 DODD CT, AMERICAN CANYON, CA, 94503-1085",LIC,ACTIVE,2026-08-22,https://www.abc.ca.gov/wp-content/uploads/DailyExport-CSV.zip
ca-ttb-ee79522e09bc,RUINS DISTILLERY LLC,"108 DODD CT, AMERICAN CANYON, CA, 94503",74,00640297,RUINS DISTILLERY LLC,,"108 DODD CT, AMERICAN CANYON, CA, 94503-1085",LIC,ACTIVE,2026-08-22,https://www.abc.ca.gov/wp-content/uploads/DailyExport-CSV.zip
ca-ttb-eef4a2eb33ad,Knox & Dobson,"2031 E FOOTHILL BLVD, PASADENA, CA, 91107",05,00648468,EARL'S BIG IDEA  LLC,KNOX & DOBSON,"2031 E FOOTHILL BLVD, PASADENA, CA, 91107-3277",LIC,ACTIVE,2026-08-22,https://www.abc.ca.gov/wp-content/uploads/DailyExport-CSV.zip
ca-ttb-eef4a2eb33ad,Knox & Dobson,"2031 E FOOTHILL BLVD, PASADENA, CA, 91107",12,00648468,EARL'S BIG IDEA  LLC,KNOX & DOBSON,"2031 E FOOTHILL BLVD, PASADENA, CA, 91107-3277",LIC,ACTIVE,2026-08-22,https://www.abc.ca.gov/wp-content/uploads/DailyExport-CSV.zip
ca-ttb-f06106ca7dbe,Ambix Spirits,"1944 HIGH SCHOOL RD, SEBASTOPOL, CA, 95472",02,00639723,AMBIX SPIRITS  LLC,,"1944 HIGH SCHOOL RD, SEBASTOPOL, CA, 95472-2626",LIC,ACTIVE,2026-08-22,https://www.abc.ca.gov/wp-content/uploads/DailyExport-CSV.zip
ca-ttb-f06106ca7dbe,Ambix Spirits,"1944 HIGH SCHOOL RD, SEBASTOPOL, CA, 95472",03,00639723,AMBIX SPIRITS  LLC,,"1944 HIGH SCHOOL RD, SEBASTOPOL, CA, 95472-2626",LIC,ACTIVE,2026-08-22,https://www.abc.ca.gov/wp-content/uploads/DailyExport-CSV.zip
ca-ttb-f06106ca7dbe,Ambix Spirits,"1944 HIGH SCHOOL RD, SEBASTOPOL, CA, 95472",06,00639723,AMBIX SPIRITS  LLC,,"1944 HIGH SCHOOL RD, SEBASTOPOL, CA, 95472-2626",LIC,ACTIVE,2026-08-22,https://www.abc.ca.gov/wp-content/uploads/DailyExport-CSV.zip
ca-ttb-f06106ca7dbe,Ambix Spirits,"1944 HIGH SCHOOL RD, SEBASTOPOL, CA, 95472",81,00639723,AMBIX SPIRITS  LLC,,"1944 HIGH SCHOOL RD, SEBASTOPOL, CA, 95472-2626",LIC,ACTIVE,2026-08-22,https://www.abc.ca.gov/wp-content/uploads/DailyExport-CSV.zip
ca-ttb-f1921143094f,GIBSON WINE COMPANY,"1720 ACADEMY AVE, SANGER, CA, 93657",06,00024747,GIBSON WINE COMPANY,GIBSON WINE COMPANY,"1720 ACADEMY AVE, SANGER, CA, 93657",LIC,ACTIVE,2026-08-22,https://www.abc.ca.gov/wp-content/uploads/DailyExport-CSV.zip
ca-ttb-f1921143094f,GIBSON WINE COMPANY,"1720 ACADEMY AVE, SANGER, CA, 93657",02,00024747,GIBSON WINE COMPANY,GIBSON WINE COMPANY,"1720 ACADEMY AVE, SANGER, CA, 93657",LIC,ACTIVE,2026-08-22,https://www.abc.ca.gov/wp-content/uploads/DailyExport-CSV.zip
ca-ttb-f1921143094f,GIBSON WINE COMPANY,"1720 ACADEMY AVE, SANGER, CA, 93657",10,00024747,GIBSON WINE COMPANY,GIBSON WINE COMPANY,"1720 ACADEMY AVE, SANGER, CA, 93657",LIC,ACTIVE,2026-08-22,https://www.abc.ca.gov/wp-content/uploads/DailyExport-CSV.zip
ca-ttb-f1921143094f,GIBSON WINE COMPANY,"1720 ACADEMY AVE, SANGER, CA, 93657",09,00024747,GIBSON WINE COMPANY,GIBSON WINE COMPANY,"1720 ACADEMY AVE, SANGER, CA, 93657",LIC,ACTIVE,2026-08-22,https://www.abc.ca.gov/wp-content/uploads/DailyExport-CSV.zip
ca-ttb-f25c0686776f,ALMADEN-MADERA,"22004 ROAD 24, MADERA, CA, 93638",02,00465489,THE WINE GROUP LLC,ALMADEN MADERA,"22004 ROAD 24, # B, MADERA, CA, 93638-9405",LIC,ACTIVE,2026-08-22,https://www.abc.ca.gov/wp-content/uploads/DailyExport-CSV.zip
ca-ttb-f25c0686776f,ALMADEN-MADERA,"22004 ROAD 24, MADERA, CA, 93638",06,00465489,THE WINE GROUP LLC,ALMADEN MADERA,"22004 ROAD 24, # B, MADERA, CA, 93638-9405",LIC,ACTIVE,2026-08-22,https://www.abc.ca.gov/wp-content/uploads/DailyExport-CSV.zip
ca-ttb-f25c0686776f,ALMADEN-MADERA,"22004 ROAD 24, MADERA, CA, 93638",09,00465489,THE WINE GROUP LLC,ALMADEN MADERA,"22004 ROAD 24, # B, MADERA, CA, 93638-9405",LIC,ACTIVE,2026-08-22,https://www.abc.ca.gov/wp-content/uploads/DailyExport-CSV.zip
ca-ttb-f3a2c47d4beb,Iron Hub Winery,"12500 STEINER RD, PLYMOUTH, CA, 95669",02,00548084,ANN AINSLEY THOMAS LLC,IRON HUB WINERY & DISTILLERY,"12500 STEINER RD, PLYMOUTH, CA, 95669",LIC,ACTIVE,2026-08-22,https://www.abc.ca.gov/wp-content/uploads/DailyExport-CSV.zip
ca-ttb-f3a2c47d4beb,Iron Hub Winery,"12500 STEINER RD, PLYMOUTH, CA, 95669",03,00548084,ANN AINSLEY THOMAS LLC,IRON HUB WINERY & DISTILLERY,"12500 STEINER RD, PLYMOUTH, CA, 95669",LIC,ACTIVE,2026-08-22,https://www.abc.ca.gov/wp-content/uploads/DailyExport-CSV.zip
ca-ttb-f3a2c47d4beb,Iron Hub Winery,"12500 STEINER RD, PLYMOUTH, CA, 95669",04,00548084,ANN AINSLEY THOMAS LLC,IRON HUB WINERY & DISTILLERY,"12500 STEINER RD, PLYMOUTH, CA, 95669",LIC,ACTIVE,2026-08-22,https://www.abc.ca.gov/wp-content/uploads/DailyExport-CSV.zip
ca-ttb-f3a2c47d4beb,Iron Hub Winery,"12500 STEINER RD, PLYMOUTH, CA, 95669",06,00548084,ANN AINSLEY THOMAS LLC,IRON HUB WINERY & DISTILLERY,"12500 STEINER RD, PLYMOUTH, CA, 95669",LIC,ACTIVE,2026-08-22,https://www.abc.ca.gov/wp-content/uploads/DailyExport-CSV.zip
ca-ttb-f44e9a964e7d,"SF BEVERAGE AND DISTILLING CO., LLC","100 HOOPER ST, SAN FRANCISCO, CA, 94107",06,00661302,SF BEVERAGE & DISTILLING CO.  LLC,SF BEVERAGE & DISTILLING CO LLC,"100 HOOPER ST, SAN FRANCISCO, CA, 94107",LIC,ACTIVE,2026-08-22,https://www.abc.ca.gov/wp-content/uploads/DailyExport-CSV.zip
ca-ttb-f44e9a964e7d,"SF BEVERAGE AND DISTILLING CO., LLC","100 HOOPER ST, SAN FRANCISCO, CA, 94107",23,00661302,SF BEVERAGE & DISTILLING CO.  LLC,SF BEVERAGE & DISTILLING CO LLC,"100 HOOPER ST, SAN FRANCISCO, CA, 94107",LIC,ACTIVE,2026-08-22,https://www.abc.ca.gov/wp-content/uploads/DailyExport-CSV.zip
ca-ttb-f44e9a964e7d,"SF BEVERAGE AND DISTILLING CO., LLC","100 HOOPER ST, SAN FRANCISCO, CA, 94107",74,00661302,SF BEVERAGE & DISTILLING CO.  LLC,SF BEVERAGE & DISTILLING CO LLC,"100 HOOPER ST, SAN FRANCISCO, CA, 94107",LIC,ACTIVE,2026-08-22,https://www.abc.ca.gov/wp-content/uploads/DailyExport-CSV.zip
ca-ttb-f5a73cadec17,Hotaling & Co.,"PIER 50, SHED B, SAN FRANCISCO, CA, 94158",06,00600887,HOTALING & CO.  LLC,HOTALING & CO.,"PIER 50 SHED B, SAN FRANCISCO, CA, 94158",LIC,ACTIVE,2026-08-22,https://www.abc.ca.gov/wp-content/uploads/DailyExport-CSV.zip
ca-ttb-f5a73cadec17,Hotaling & Co.,"PIER 50, SHED B, SAN FRANCISCO, CA, 94158",04,00600887,HOTALING & CO.  LLC,HOTALING & CO.,"PIER 50 SHED B, SAN FRANCISCO, CA, 94158",LIC,ACTIVE,2026-08-22,https://www.abc.ca.gov/wp-content/uploads/DailyExport-CSV.zip
ca-ttb-f5a73cadec17,Hotaling & Co.,"PIER 50, SHED B, SAN FRANCISCO, CA, 94158",02,00600887,HOTALING & CO.  LLC,HOTALING & CO.,"PIER 50 SHED B, SAN FRANCISCO, CA, 94158",LIC,ACTIVE,2026-08-22,https://www.abc.ca.gov/wp-content/uploads/DailyExport-CSV.zip
ca-ttb-f6ee3c6d3db2,THE SILVERADO VINEYARDS,"6121 SILVERADO TRL, NAPA, CA, 94558",02,00643871,FOLEY FAMILY WINES  INC.,SILVERADO VINEYARDS THE,"6121 SILVERADO TRL, NAPA, CA, 94558-9415",LIC,ACTIVE,2026-08-22,https://www.abc.ca.gov/wp-content/uploads/DailyExport-CSV.zip
ca-ttb-f6ee3c6d3db2,THE SILVERADO VINEYARDS,"6121 SILVERADO TRL, NAPA, CA, 94558",06,00643871,FOLEY FAMILY WINES  INC.,SILVERADO VINEYARDS THE,"6121 SILVERADO TRL, NAPA, CA, 94558-9415",LIC,ACTIVE,2026-08-22,https://www.abc.ca.gov/wp-content/uploads/DailyExport-CSV.zip
ca-ttb-f6fba4b49d5c,"FN CELLARS, LLC","1350 ACACIA DR, OAKVILLE, CA, 94562",02,00542677,FN CELLARS  LLC,FAR NIENTE WINE ESTATES,"1350 ACACIA DR, OAKVILLE, CA, 94562",LIC,ACTIVE,2026-08-22,https://www.abc.ca.gov/wp-content/uploads/DailyExport-CSV.zip
ca-ttb-f6fba4b49d5c,"FN CELLARS, LLC","1350 ACACIA DR, OAKVILLE, CA, 94562",06,00542677,FN CELLARS  LLC,FAR NIENTE WINE ESTATES,"1350 ACACIA DR, OAKVILLE, CA, 94562",LIC,ACTIVE,2026-08-22,https://www.abc.ca.gov/wp-content/uploads/DailyExport-CSV.zip
ca-ttb-f875f508d599,Paskenta Brewing & Distilling Company,"2655 EVERETT FREEMAN WAY, CORNING, CA, 96021",23,00623873,PASKENTA BREWING & DISTILLING COMPANY  LLC,,"2655 EVERETT FREEMAN WAY, CORNING, CA, 96021",LIC,ACTIVE,2026-08-22,https://www.abc.ca.gov/wp-content/uploads/DailyExport-CSV.zip
ca-ttb-f875f508d599,Paskenta Brewing & Distilling Company,"2655 EVERETT FREEMAN WAY, CORNING, CA, 96021",06,00623873,PASKENTA BREWING & DISTILLING COMPANY  LLC,,"2655 EVERETT FREEMAN WAY, CORNING, CA, 96021",LIC,ACTIVE,2026-08-22,https://www.abc.ca.gov/wp-content/uploads/DailyExport-CSV.zip
ca-ttb-f875f508d599,Paskenta Brewing & Distilling Company,"2655 EVERETT FREEMAN WAY, CORNING, CA, 96021",47,00623873,PASKENTA BREWING & DISTILLING COMPANY  LLC,,"2655 EVERETT FREEMAN WAY, CORNING, CA, 96021",LIC,ACTIVE,2026-08-22,https://www.abc.ca.gov/wp-content/uploads/DailyExport-CSV.zip
ca-ttb-f875f508d599,Paskenta Brewing & Distilling Company,"2655 EVERETT FREEMAN WAY, CORNING, CA, 96021",74,00623873,PASKENTA BREWING & DISTILLING COMPANY  LLC,,"2655 EVERETT FREEMAN WAY, CORNING, CA, 96021",LIC,ACTIVE,2026-08-22,https://www.abc.ca.gov/wp-content/uploads/DailyExport-CSV.zip
ca-ttb-f875f508d599,Paskenta Brewing & Distilling Company,"2655 EVERETT FREEMAN WAY, CORNING, CA, 96021",68,00623873,PASKENTA BREWING & DISTILLING COMPANY  LLC,,"2655 EVERETT FREEMAN WAY, CORNING, CA, 96021",LIC,ACTIVE,2026-08-22,https://www.abc.ca.gov/wp-content/uploads/DailyExport-CSV.zip
ca-ttb-f875f508d599,Paskenta Brewing & Distilling Company,"2655 EVERETT FREEMAN WAY, CORNING, CA, 96021",58,00623873,PASKENTA BREWING & DISTILLING COMPANY  LLC,,"2655 EVERETT FREEMAN WAY, CORNING, CA, 96021",LIC,ACTIVE,2026-08-22,https://www.abc.ca.gov/wp-content/uploads/DailyExport-CSV.zip
ca-ttb-f875f508d599,Paskenta Brewing & Distilling Company,"2655 EVERETT FREEMAN WAY, CORNING, CA, 96021",47,00623873,PASKENTA BREWING & DISTILLING COMPANY  LLC,,"2655 EVERETT FREEMAN WAY, CORNING, CA, 96021",LIC,ACTIVE,2026-08-22,https://www.abc.ca.gov/wp-content/uploads/DailyExport-CSV.zip
ca-ttb-f875f508d599,Paskenta Brewing & Distilling Company,"2655 EVERETT FREEMAN WAY, CORNING, CA, 96021",77,00623873,PASKENTA BREWING & DISTILLING COMPANY  LLC,,"2655 EVERETT FREEMAN WAY, CORNING, CA, 96021",LIC,ACTIVE,2026-08-22,https://www.abc.ca.gov/wp-content/uploads/DailyExport-CSV.zip
ca-ttb-f90a81b69875,SEGHESIO FAMILY VINEYARDS,"700 GROVE ST, HEALDSBURG, CA, 95448",02,00511467,PINE RIDGE WINERY  LLC,SEGHESIO FAMILY VINEYARDS,"700 GROVE ST, HEALDSBURG, CA, 95448-4753",LIC,ACTIVE,2026-08-22,https://www.abc.ca.gov/wp-content/uploads/DailyExport-CSV.zip
ca-ttb-f90a81b69875,SEGHESIO FAMILY VINEYARDS,"700 GROVE ST, HEALDSBURG, CA, 95448",04,00511467,PINE RIDGE WINERY  LLC,SEGHESIO FAMILY VINEYARDS,"700 GROVE ST, HEALDSBURG, CA, 95448-4753",LIC,ACTIVE,2026-08-22,https://www.abc.ca.gov/wp-content/uploads/DailyExport-CSV.zip
ca-ttb-f90a81b69875,SEGHESIO FAMILY VINEYARDS,"700 GROVE ST, HEALDSBURG, CA, 95448",06,00511467,PINE RIDGE WINERY  LLC,SEGHESIO FAMILY VINEYARDS,"700 GROVE ST, HEALDSBURG, CA, 95448-4753",LIC,ACTIVE,2026-08-22,https://www.abc.ca.gov/wp-content/uploads/DailyExport-CSV.zip
ca-ttb-f90a81b69875,SEGHESIO FAMILY VINEYARDS,"700 GROVE ST, HEALDSBURG, CA, 95448",14,00511467,PINE RIDGE WINERY  LLC,SEGHESIO FAMILY VINEYARDS,"700 GROVE ST, HEALDSBURG, CA, 95448-4753",LIC,ACTIVE,2026-08-22,https://www.abc.ca.gov/wp-content/uploads/DailyExport-CSV.zip
ca-ttb-f95547d1cc32,MPL BRANDS NV INC.,"2455 HUNTINGTON DR, FAIRFIELD, CA, 94533",02,00648918,MPL BRANDS NV  INC.,PATCO,"2455 HUNTINGTON DR, FAIRFIELD, CA, 94533-9734",LIC,ACTIVE,2026-08-22,https://www.abc.ca.gov/wp-content/uploads/DailyExport-CSV.zip
ca-ttb-f95547d1cc32,MPL BRANDS NV INC.,"2455 HUNTINGTON DR, FAIRFIELD, CA, 94533",07,00648918,MPL BRANDS NV  INC.,PATCO,"2455 HUNTINGTON DR, FAIRFIELD, CA, 94533-9734",LIC,ACTIVE,2026-08-22,https://www.abc.ca.gov/wp-content/uploads/DailyExport-CSV.zip
ca-ttb-f963278ab6ac,"NELLA TERRA CELLARS, INC.","5003 SHERIDAN RD, SUNOL, CA, 94586",02,00532568,NELLA TERRA CELLARS  INC,NELLA TERRA CELLARS,"5003 SHERIDAN RD, SUNOL, CA, 94586-9456",LIC,ACTIVE,2026-08-22,https://www.abc.ca.gov/wp-content/uploads/DailyExport-CSV.zip
ca-ttb-f963278ab6ac,"NELLA TERRA CELLARS, INC.","5003 SHERIDAN RD, SUNOL, CA, 94586",06,00532568,NELLA TERRA CELLARS  INC,NELLA TERRA CELLARS,"5003 SHERIDAN RD, SUNOL, CA, 94586-9456",LIC,ACTIVE,2026-08-22,https://www.abc.ca.gov/wp-content/uploads/DailyExport-CSV.zip
ca-ttb-f963278ab6ac,"NELLA TERRA CELLARS, INC.","5003 SHERIDAN RD, SUNOL, CA, 94586",74,00532568,NELLA TERRA CELLARS  INC,NELLA TERRA CELLARS,"5003 SHERIDAN RD, SUNOL, CA, 94586-9456",LIC,ACTIVE,2026-08-22,https://www.abc.ca.gov/wp-content/uploads/DailyExport-CSV.zip
ca-ttb-f963278ab6ac,"NELLA TERRA CELLARS, INC.","5003 SHERIDAN RD, SUNOL, CA, 94586",81,00532568,NELLA TERRA CELLARS  INC,NELLA TERRA CELLARS,"5003 SHERIDAN RD, SUNOL, CA, 94586-9456",LIC,ACTIVE,2026-08-22,https://www.abc.ca.gov/wp-content/uploads/DailyExport-CSV.zip
ca-ttb-f97e5b7e5307,Lucca Winery,"16265 E RIVER RD, RIPON, CA, 95366",02,00516904,LUCCHESI  MARK S,LUCCA WINERY,"16265 E RIVER RD, RIPON, CA, 95366-9786",LIC,ACTIVE,2026-08-22,https://www.abc.ca.gov/wp-content/uploads/DailyExport-CSV.zip
ca-ttb-fc7721ae207a,SCHEID VINEYARDS CALIFORNIA INC.,"1972 HOBSON AVE, GREENFIELD, CA, 93927",02,00426789,SCHEID VINEYARDS CALIFORNIA INC,SCHEID FAMILY WINES,"1972 HOBSON AVE, GREENFIELD, CA, 93927-9605",LIC,ACTIVE,2026-08-22,https://www.abc.ca.gov/wp-content/uploads/DailyExport-CSV.zip
ca-ttb-fc7721ae207a,SCHEID VINEYARDS CALIFORNIA INC.,"1972 HOBSON AVE, GREENFIELD, CA, 93927",04,00426789,SCHEID VINEYARDS CALIFORNIA INC,SCHEID FAMILY WINES,"1972 HOBSON AVE, GREENFIELD, CA, 93927-9605",LIC,ACTIVE,2026-08-22,https://www.abc.ca.gov/wp-content/uploads/DailyExport-CSV.zip
ca-ttb-fc7721ae207a,SCHEID VINEYARDS CALIFORNIA INC.,"1972 HOBSON AVE, GREENFIELD, CA, 93927",06,00426789,SCHEID VINEYARDS CALIFORNIA INC,SCHEID FAMILY WINES,"1972 HOBSON AVE, GREENFIELD, CA, 93927-9605",LIC,ACTIVE,2026-08-22,https://www.abc.ca.gov/wp-content/uploads/DailyExport-CSV.zip
ca-ttb-fc7721ae207a,SCHEID VINEYARDS CALIFORNIA INC.,"1972 HOBSON AVE, GREENFIELD, CA, 93927",02,00558479,AGAJANIAN  INC,AGAJANIAN VINEYARDS & WINE COMPANY,"1972 HOBSON AVE, GREENFIELD, CA, 93927-9605",LIC,ACTIVE,2026-08-22,https://www.abc.ca.gov/wp-content/uploads/DailyExport-CSV.zip
ca-ttb-fc7721ae207a,SCHEID VINEYARDS CALIFORNIA INC.,"1972 HOBSON AVE, GREENFIELD, CA, 93927",09,00558479,AGAJANIAN  INC,AGAJANIAN VINEYARDS & WINE COMPANY,"1972 HOBSON AVE, GREENFIELD, CA, 93927-9605",LIC,ACTIVE,2026-08-22,https://www.abc.ca.gov/wp-content/uploads/DailyExport-CSV.zip
ca-ttb-fc7721ae207a,SCHEID VINEYARDS CALIFORNIA INC.,"1972 HOBSON AVE, GREENFIELD, CA, 93927",81,00426789,SCHEID VINEYARDS CALIFORNIA INC,SCHEID FAMILY WINES,"1972 HOBSON AVE, GREENFIELD, CA, 93927-9605",LIC,ACTIVE,2026-08-22,https://www.abc.ca.gov/wp-content/uploads/DailyExport-CSV.zip
ca-ttb-fc7721ae207a,SCHEID VINEYARDS CALIFORNIA INC.,"1972 HOBSON AVE, GREENFIELD, CA, 93927",81,00558479,AGAJANIAN  INC,AGAJANIAN VINEYARDS & WINE COMPANY,"1972 HOBSON AVE, GREENFIELD, CA, 93927-9605",LIC,ACTIVE,2026-08-22,https://www.abc.ca.gov/wp-content/uploads/DailyExport-CSV.zip
