candidate_id,name,business_name,dba,full_premise_address,city,state,zip,permit_numbers,permit_count,classification,classification_reason,current_operating_status,operator_url,evidence_url,source_name,source_url,retrieval_date,exact_registry_reference,notes
ca-ttb-004b4c988b0f,GALLO,E. & J. GALLO WINERY,GALLO,"600 YOSEMITE BLVD, MODESTO, CA, 95354",MODESTO,CA,95354,CA-S-210,1,production_site,E. & J. Gallo Winery holds an active California ABC Type 04 Distilled Spirits Manufacturer license (#7869) and TTB permit CA-S-210 for spirits production at its primary Modesto campus.,open,https://www.gallo.com/,https://www.abc.ca.gov/licensing/license-lookup/single-license/?RPTTYPE=13&ADDRESS=600+YOSEMITE+BLVD&CITY=MODESTO,California ABC License Lookup,https://www.abc.ca.gov/licensing/license-lookup/,2026-08-22,TTB Spirits Producers and Bottlers List: CA-S-210,The site also maintains active licenses for winegrowing (Type 02) and beer manufacturing (Type 01) at the same 600 Yosemite Blvd location. Official ABC exact-premise match: Type 04 file 00007869 (E. & J. GALLO WINERY / GALLO); Type 03 file 00007869 (E. & J. GALLO WINERY / GALLO); Type 06 file 00007869 (E. & J. GALLO WINERY / GALLO); Type 01 file 00007869 (E. & J. GALLO WINERY / GALLO); Type 02 file 00007869 (E. & J. GALLO WINERY / GALLO); Type 12 file 00007869 (E. & J. GALLO WINERY / GALLO); Type 09 file 00007869 (E. & J. GALLO WINERY / GALLO); Type 11 file 00007869 (E. & J. GALLO WINERY / GALLO).
ca-ttb-015e354edde3,DEVEN WEK,DEVEN WEK,,"815 ALMAR AVE UNIT 14, SANTA CRUZ, CA, 95060",SANTA CRUZ,CA,95060,CA-S-20219,1,production_site,"Entity holds active California ABC Craft Distiller (Type 74) and Still (Type 06) licenses at the permitted warehouse location, with on-site production confirmed by local news and city planning records.",open,https://lunasea.vodka/,https://lookout.co/westsides-luna-sea-vodka-wins-platinum-and-muddles-a-new-trick/story,California ABC License Lookup,https://www.abc.ca.gov/licensing/license-lookup/single-license/?RPTTYPE=13&ADDRESS=815+ALMAR+AVE&CITY=SANTA+CRUZ,2026-08-22,TTB Spirits Producers and Bottlers List: CA-S-20219,"Active licenses include Type 74 (Craft Distiller), Type 06 (Still), and Type 12 (Importer); operator produces award-winning vodka and operates a tasting room by appointment."
ca-ttb-0163152b3777,"KEG KRAFT BEVERAGE CO., LP","KEG KRAFT BEVERAGE CO., LP",,"45 N MAIN ST BLDG 1 & 2, TEMPLETON, CA, 93465",TEMPLETON,CA,93465,CA-S-20602,1,bottling_only,"Operates as a rectifier and winegrower at an industrial warehouse facility for batched cocktail production, but lacks California ABC Type 04 or 74 distilling licenses.",open,https://kegkraft.co/,https://www.abc.ca.gov/licensing/license-lookup/single-license/?RPTTYPE=15&LICENSE=676542,California ABC License Lookup,https://www.abc.ca.gov/licensing/license-lookup/,2026-08-22,TTB Spirits Producers and Bottlers List: CA-S-20602,Facility at 45 N Main St Bldg 1 & 2 is an industrial warehouse shared with other entities; ABC license 676542 is active as of August 2026.
ca-ttb-02765b99ed24,"FN Cellars, LLC","FN CELLARS, LLC","FN Cellars, LLC","1695 ST. HELENA HWY S, ST. HELENA, CA, 94574",ST. HELENA,CA,94574,CA-S-20408,1,production_site,Holds active California ABC Type 06 Still license and TTB Spirits Producer and Bottler permit CA-S-20408 at the Bella Union Winery facility.,open,https://farniente.com/visit-bella-union,https://www.abc.ca.gov/licensing/license-lookup/single-license/?RPTTYPE=15&DBANAME=BELLA+UNION,California ABC License Lookup,https://www.abc.ca.gov/licensing/license-lookup/,2026-08-22,TTB Spirits Producers and Bottlers List: CA-S-20408,The site operates as Bella Union Winery (formerly Provenance Vineyards) and holds both wine and distilled spirits production permits.
ca-ttb-02af558b38b9,INSPIRADA BRANDS LLC,INSPIRADA BRANDS LLC,,"1220 J ST, SAN DIEGO, CA, 92101",SAN DIEGO,CA,92101,CA-S-20581,1,production_site,"Inspirada Brands LLC holds a TTB Spirits Producers and Bottlers permit (CA-S-20581) at 1220 J St, the site of Storyhouse Spirits, which is identified as their production location on their official website map.",open,https://inspiradabrands.com/,https://inspiradabrands.com/,Inspirada Brands Official Website,https://inspiradabrands.com/,2026-08-22,TTB Spirits Producers and Bottlers List: CA-S-20581,"The entity is an agave spirit producer operating at the Storyhouse Spirits facility in San Diego; while its CA ABC Type 74 license (670805) is pending, the brand is active with products in market."
ca-ttb-02c61338ea2d,ORGANIC CRAFT BREWING,ORGANIC CRAFT BREWING,,"1430 VANTAGE COURT STE 104, VISTA, CA, 92081",VISTA,CA,92081,CA-S-20479,1,bottling_only,"Organic Craft Brewing operates as a beverage co-packer and brewery at this location, bottling and processing spirits-based RTDs under TTB permit CA-S-20479 without evidence of on-site distillation equipment or a California distiller license.",open,https://ocbrewpack.com/,https://www.abc.ca.gov/licensing/license-lookup/single-license/?licenseNumber=617251,California ABC License Lookup,https://www.abc.ca.gov/licensing/license-lookup/,2026-08-22,TTB Spirits Producers and Bottlers List: CA-S-20479,"The facility operates as a co-packer for RTD spirits and a kombucha brewery (dba Local Roots Kombucha) with active California ABC licenses for beer and wine manufacturing, but no distiller license."
ca-ttb-03b3a5b19600,VILLA TOSCANO,"VILLA TOSCANO, INC.",VILLA TOSCANO,"10600 SHENANDOAH RD, PLYMOUTH, CA, 95669",PLYMOUTH,CA,95669,CA-S-15051,1,production_site,"The entity holds active California ABC Type 04 (Distilled Spirits Manufacturer) and Type 06 (Still) licenses at the premise address, supported by TTB permit CA-S-15051.",open,https://www.villatoscano.com/,https://www.abc.ca.gov/licensing/license-lookup/single-license/?RPTTYPE=14&COMPANY=Y&LICENSEE=VILLA+TOSCANO+INC,California ABC License Lookup,https://www.abc.ca.gov/licensing/license-lookup/,2026-08-22,TTB Spirits Producers and Bottlers List: CA-S-15051,The site operates primarily as a winery but maintains active state and federal distilling permits and on-site production facilities. Official ABC exact-premise match: Type 02 file 00434258 (VILLA TOSCANO INC / VILLA TOSCANO WINERY); Type 06 file 00434258 (VILLA TOSCANO INC / VILLA TOSCANO WINERY); Type 04 file 00434258 (VILLA TOSCANO INC / VILLA TOSCANO WINERY).
ca-ttb-03ec25f10225,"Corning & Company Distillers, LLC","CORNING & COMPANY DISTILLERS, LLC","Corning & Company Distillers, LLC","5535 STATE FARM DR, ROHNERT PARK, CA, 94928",ROHNERT PARK,CA,94928,CA-S-15098,1,production_site,"Corning & Company Distillers, LLC operates an active production facility at 5535 State Farm Dr, Rohnert Park, CA, holding an active California ABC Type 04 Distiller's license and Type 06 Still license.",open,https://www.corningandcompany.com/,https://www.abc.ca.gov/licensing/license-lookup/single-license/?RPTTYPE=14&COMPANY=Y&LICENSEE=CORNING,California ABC License Lookup,https://www.abc.ca.gov/licensing/license-lookup/,2026-08-22,TTB Spirits Producers and Bottlers List: CA-S-15098,The site at 5535 State Farm Dr is also the location for Sonoma Distilling Company; Corning & Company provides integrated production and route-to-market services for multiple craft brands.
ca-ttb-04d1dd2e0466,Prismatic Distilling Company,VINEYARD TO VINTAGE LLC,Prismatic Distilling Company,"10255 OLD PLACERVILLE RD STE 5, SACRAMENTO, CA, 95827",SACRAMENTO,CA,95827,CA-S-20494,1,production_site,The facility operates as an active craft distillery (ABC Type 74) utilizing an iStill 500 for on-site spirits production and custom brandy distillation.,open,https://prismaticdistilling.com/,https://www.abc.ca.gov/licensing/license-lookup/single-license/?RPTTYPE=12&LICENSE=656665,California ABC License Lookup,https://www.abc.ca.gov/licensing/license-lookup/,2026-08-22,TTB Spirits Producers and Bottlers List: CA-S-20494,The operator confirmed the absence of a public tasting room at the production facility while maintaining active wholesale and online sales.
ca-ttb-050461e160f2,PEKUT AND CARWICK INDEPENDENT BOTTLERS,PEKUT AND CARWICK LLC,PEKUT AND CARWICK INDEPENDENT BOTTLERS,"2390 FOURTH ST STE D, BERKELEY, CA, 94710",BERKELEY,CA,94710,CA-S-20306,1,bottling_only,"Operator identifies as an independent bottler and transparently sources spirits from other distilleries (e.g., Spirit Works), using its Berkeley facility for blending, aging, and bottling.",open,https://www.pekutandcarwick.com/,https://www.pekutandcarwick.com/blog/why-independent-bottling/,Pekut and Carwick Independent Bottlers Website,https://www.pekutandcarwick.com/,2026-08-22,TTB Spirits Producers and Bottlers List: CA-S-20306,"Active California ABC licenses include Type 06 (Still) and Type 07 (Rectifier), but on-site distilling is not evidenced; the business model focuses on co-branding and rectifying sourced spirits."
ca-ttb-05c2eb387e7d,ROK Distillery,ROK DISTILLERY LLC,ROK Distillery,"260 SCOTTSVILLE BLVD, JACKSON, CA, 95642",JACKSON,CA,95642,CA-S-20134,1,production_site,"The facility is an active boutique craft distillery producing small-batch ultra-premium spirits, as confirmed by the operator's website and a verified active California ABC Distilled Spirits Manufacturer license.",open,https://rokitdrinks.com/,https://rokitdrinks.com/,California ABC License Lookup,https://www.abc.ca.gov/licensing/license-lookup/single-license/?RPTTYPE=14&COMPANY=Y&LICENSEE=ROK+DISTILLERY+LLC,2026-08-22,TTB Spirits Producers and Bottlers List: CA-S-20134,"ROK Distillery LLC serves as the primary production site for ROKiT Drinks' spirits portfolio, holding active state licenses for both manufacturing and a still at the verified Jackson location. Official ABC exact-premise match: Type 04 file 00567588 (ROK DISTILLERY LLC / ROK DISTILLERY LLC); Type 06 file 00567588 (ROK DISTILLERY LLC / ROK DISTILLERY LLC)."
ca-ttb-0603b81df61c,Blue-09,GOOD FISHING LLC,Blue-09,"1930 AIRDOME ENTRY, ATWATER, CA, 95340",ATWATER,CA,95340,CA-S-20190,1,closed_or_unverifiable,"Good Fishing LLC's ABC licenses for distilling and craft production were withdrawn in 2018, and the permit address is now occupied by Blaker Brewing's taproom.",closed,,https://www.abc.ca.gov/licensing/license-lookup/single-license/?RPTTYPE=13&ADDRESS=1930+AIRDROME+ENTRY&CITY=ATWATER,California ABC License Lookup,https://www.abc.ca.gov/licensing/license-lookup/,2026-08-22,TTB Spirits Producers and Bottlers List: CA-S-20190,ABC licenses 584519 were withdrawn 2018-01-31; manager LinkedIn profile indicates the entity transitioned to an apparel brand which ceased operations in December 2023.
ca-ttb-0745610c6169,"CALICRAFT, LLC","CALICRAFT, LLC",,"1052 HORIZON DR STE A, FAIRFIELD, CA, 94533",FAIRFIELD,CA,94533,CA-S-20517,1,production_site,"Calicraft LLC holds active federal TTB permit CA-S-20517 and state ABC licenses for distilled spirits manufacturing (Type 06 and Type 74) at the Fairfield facility where it produces rum, gin, and whiskey.",open,https://www.calicraft.com/,https://www.abc.ca.gov/licensing/license-lookup/single-license/?licenseNumber=663891,California ABC License Lookup,https://www.abc.ca.gov/licensing/license-lookup/,2026-08-22,TTB Spirits Producers and Bottlers List: CA-S-20517,Calicraft acquired the Heretic Brewing and Distillery facility in August 2024; the site maintains active state and federal permits for spirits production and operates a public taproom.
ca-ttb-07f79a0505fe,TWG Woodbridge,THE WINE GROUP LLC,TWG Woodbridge,"5950 E WOODBRIDGE RD, ACAMPO, CA, 95220",ACAMPO,CA,95220,CA-S-20547,1,production_site,Active California ABC license 669167 includes Type 24 (Distilled Spirits Rectifier's General) and Type 06 (Still) at this large production facility acquired by The Wine Group from Constellation Brands in 2025.,open,https://www.thewinegroup.com/,https://www.abc.ca.gov/licensing/license-lookup/single-license/?RPTTYPE=12&LICENSE=669167,California ABC License Lookup,https://www.abc.ca.gov/licensing/license-lookup/single-license/?RPTTYPE=12&LICENSE=669167,2026-08-22,TTB Spirits Producers and Bottlers List: CA-S-20547,"Facility acquired by The Wine Group from Constellation Brands in 2025; while the public tasting room is closed, the production site remains active for wine and spirits rectifying/production. Official ABC exact-premise match: Type 02 file 00669167 (THE WINE GROUP LLC / TWG WOODBRIDGE); Type 06 file 00669167 (THE WINE GROUP LLC / TWG WOODBRIDGE); Type 24 file 00669167 (THE WINE GROUP LLC / TWG WOODBRIDGE); Type 09 file 00669167 (THE WINE GROUP LLC / TWG WOODBRIDGE); Type 12 file 00669167 (THE WINE GROUP LLC / TWG WOODBRIDGE)."
ca-ttb-080977987551,"Study Break Beverages, Lua Cocktails, BUJI Spirits, Reyes y Cobardes",JIVE BEVERAGES INC.,"Study Break Beverages, Lua Cocktails, BUJI Spirits, Reyes y Cobardes","14938 S FIGUEROA ST, GARDENA, CA, 90248",GARDENA,CA,90248,CA-S-20373,1,bottling_only,"Jive Beverages Inc. operates a Distilled Spirits Plant (CA-S-20373) and Bonded Winery (CA-W-25443) at 14938 S Figueroa St, but the facility primarily blends and bottles spirits-based cocktails and fermented seltzers without evidence of on-site distilling.",open,https://drinkstudybreak.com/,https://drinkstudybreak.com/pages/our-storyv9d,Study Break Beverages Official Website,https://drinkstudybreak.com/pages/our-storyv9d,2026-08-22,TTB Spirits Producers and Bottlers List: CA-S-20373,"The facility produces Study Break Hard Seltzer using an orange wine base and bottles spirits-based cocktails like Lua and BUJI, which utilize imported Brazilian Cachaça and Japanese whisky respectively. Official ABC exact-premise match: Type 02 file 00623219 (JIVE BEVERAGES INC. / ); Type 07 file 00623219 (JIVE BEVERAGES INC. / )."
ca-ttb-08338a2c75a4,LOST SPIRITS,LOST SPIRITS DISTILLERY LLC,LOST SPIRITS,"1235 E 6TH ST, LOS ANGELES, CA, 90021",LOS ANGELES,CA,90021,CA-S-15126,1,closed_or_unverifiable,"California ABC licenses for Lost Spirits Distillery LLC at 1235 E 6th St were canceled or revoked by 2019, and the premises are currently listed for lease as a multi-use industrial space.",closed,https://www.lostspirits.net/,https://www.abc.ca.gov/licensing/license-lookup/single-license/?RPTTYPE=14&COMPANY=Y&LICENSEE=LOST+SPIRITS+DISTILLERY+LLC,California ABC License Lookup,https://www.abc.ca.gov/licensing/license-lookup/,2026-08-22,TTB Spirits Producers and Bottlers List: CA-S-15126,All state-level distilled spirits manufacturing and craft distiller licenses for this address were canceled or revoked as of late 2018 and late 2019; the entity's subsequent Las Vegas operations also closed in 2024.
ca-ttb-08b50b37cd0a,BALLETTO VINEYARDS,"LAGUNA OAKS VINEYARDS & WINERY, INC.",BALLETTO VINEYARDS,"5700 OCCIDENTAL RD, SANTA ROSA, CA, 95401",SANTA ROSA,CA,95401,CA-S-15076,1,closed_or_unverifiable,"Site is an active winery (Type 02), but the California Distilled Spirits Manufacturer license (Type 04) was cancelled in 2015 and no spirits are marketed for sale.",unverifiable,https://www.ballettovineyards.com/,https://www.abc.ca.gov/licensing/license-lookup/single-license/?RPTTYPE=12&LICENSE=379781,California ABC License Lookup,https://www.abc.ca.gov/licensing/license-lookup/single-license/?RPTTYPE=12&LICENSE=379781,2026-08-22,TTB Spirits Producers and Bottlers List: CA-S-15076,"Active winery with a still license (Type 06) likely for wine fortification, but commercial distilled spirits manufacturing license is cancelled and no spirits products are marketed. Official ABC exact-premise match: Type 06 file 00379781 (LAGUNA OAKS VINEYARDS & WINERY INC / BALLETTO VINEYARDS); Type 02 file 00379781 (LAGUNA OAKS VINEYARDS & WINERY INC / BALLETTO VINEYARDS); Type 02 file 00606495 (NOBLE FAMILY VINEYARDS LLC / RON NOBLE WINES); Type 02 file 00633535 (GORTHY-CHALLA VINEYARDS  LLC / GORTHY-CHALLA VINEYARDS  LLC); Type 02 file 00628914 (SAINI CHRISTIE WINES UNLIMITED LLC / SAINI VINEYARDS); Type 81 file 00379781 (LAGUNA OAKS VINEYARDS & WINERY INC / BALLETTO VINEYARDS)."
ca-ttb-092e6a76368c,LERAXA WINERY,E. & J. GALLO WINERY,LERAXA WINERY,"18000 RIVER RD, LIVINGSTON, CA, 95334",LIVINGSTON,CA,95334,CA-S-212,1,production_site,The facility holds active California ABC licenses for Distilled Spirits Manufacturer (Type 04) and Still (Type 06) alongside its TTB spirits permit (CA-S-212) at the 18000 River Rd production campus.,open,https://www.gallo.com/,https://www.abc.ca.gov/licensing/license-lookup/single-license/?RPTTYPE=13&ADDRESS=18000+RIVER+RD&CITY=LIVINGSTON,California ABC License Lookup,https://www.abc.ca.gov/licensing/license-lookup/,2026-08-22,TTB Spirits Producers and Bottlers List: CA-S-212,"Leraxa Winery is a DBA for E. & J. Gallo Winery's Livingston facility, which is a major production campus with multiple active distilling and winemaking licenses. Official ABC exact-premise match: Type 03 file 00023759 (E. & J. GALLO WINERY / ); Type 06 file 00023759 (E. & J. GALLO WINERY / ); Type 02 file 00023759 (E. & J. GALLO WINERY / ); Type 04 file 00023759 (E. & J. GALLO WINERY / ); Type 12 file 00023759 (E. & J. GALLO WINERY / ); Type 01 file 00023759 (E. & J. GALLO WINERY / ); Type 09 file 00023759 (E. & J. GALLO WINERY / )."
ca-ttb-093b2f467154,San Antonio Winery,"SAN ANTONIO WINERY, INC.",San Antonio Winery,"2017 WISTERIA LN, PASO ROBLES, CA, 93446",PASO ROBLES,CA,93446,CA-S-20518,1,closed_or_unverifiable,Site is a large-scale winemaking facility (Riboli Family Winemaking & Event Center) with a Type 02 Winegrower license; no evidence of on-site distilled spirits production or a California distillery license (Type 04/06/74) was found.,unverifiable,https://sanantoniowinery.com,https://sanantoniowinery.com/locations/riboli-family-winery/,California ABC License Lookup,https://www.abc.ca.gov/licensing/license-lookup/single-license/?RPTTYPE=12&LICENSE=565710,2026-08-22,TTB Spirits Producers and Bottlers List: CA-S-20518,"The TTB DSP permit CA-S-20518 is active at this winemaking facility, but likely used for wine fortification or industrial purposes as primary spirit brands (e.g., Stella Rosa Brandy) are imported from Italy. Official ABC exact-premise match: Type 02 file 00565710 (SAN ANTONIO WINERY INC / SAN ANTONIO WINERY)."
ca-ttb-09467493a23c,E. & J. GALLO WINERY,E. & J. GALLO WINERY,,"5610 E OLIVE AVE, FRESNO, CA, 93727",FRESNO,CA,93727,CA-S-211,1,production_site,"The site holds active California ABC Type 04 (Distilled Spirits Manufacturer) and Type 06 (Still) licenses, and company records identify it as the Fresno Distillery responsible for producing the E&J Brandy portfolio.",open,https://www.gallo.com/,https://www.abc.ca.gov/licensing/license-lookup/single-license/?RPTTYPE=13&ADDRESS=5610+E+OLIVE+AVE&CITY=FRESNO,California ABC License Lookup,https://www.abc.ca.gov/licensing/license-lookup/,2026-08-22,TTB Spirits Producers and Bottlers List: CA-S-211,"This major industrial facility is a primary distillation and winemaking hub for Gallo, maintaining multiple active state licenses for distilled spirits manufacturing and still operations. Official ABC exact-premise match: Type 06 file 00057895 (E. & J. GALLO WINERY / ); Type 02 file 00057895 (E. & J. GALLO WINERY / ); Type 04 file 00057895 (E. & J. GALLO WINERY / ); Type 03 file 00057895 (E. & J. GALLO WINERY / ); Type 01 file 00057895 (E. & J. GALLO WINERY / ); Type 09 file 00057895 (E. & J. GALLO WINERY / ); Type 12 file 00057895 (E. & J. GALLO WINERY / )."
ca-ttb-09f7c3a8a463,BNS Brewing and Distilling Co,SANTEE SALOON LLC,BNS Brewing and Distilling Co,"10960 WHEATLANDS AVE STE 102, SANTEE, CA, 92071",SANTEE,CA,92071,CA-S-20142,1,production_site,"BNS Brewing and Distilling Co operates a physical production facility in Santee, CA, holding active California ABC licenses for a Still (Type 06) and Craft Distiller (Type 74) at the premise address.",open,https://www.bnsbrewinganddistillingco.com/,https://www.abc.ca.gov/licensing/license-lookup/single-license/?RPTTYPE=15&DBANAME=BNS+BREWING,California ABC License Lookup,https://www.abc.ca.gov/licensing/license-lookup/business-name/,2026-08-22,TTB Spirits Producers and Bottlers List: CA-S-20142,"The candidate operates a brewery and distillery at the same address, with active spirits production licenses (Type 06 and 74) and a small beer manufacturer license (Type 23)."
ca-ttb-0aa0332aad79,1848 Distillery,SAMUEL TERESI,1848 Distillery,"3073 NEWTOWN RD, PLACERVILLE, CA, 95667",PLACERVILLE,CA,95667,CA-S-20098,1,production_site,1848 Distillery holds an active California ABC Type 74 Craft Distiller license and is verified as a small-batch production facility and tasting room at the permitted address.,open,https://www.facebook.com/1848Distillery/,https://www.abc.ca.gov/licensing/license-lookup/single-license/?RPTTYPE=15&DBANAME=1848+Distillery,California ABC License Lookup,https://www.abc.ca.gov/licensing/license-lookup/,2026-08-22,TTB Spirits Producers and Bottlers List: CA-S-20098,The distillery operates at a shared location with a landscape material business and has consistently received local awards for its spirits production.
ca-ttb-0abbdf5fe342,ETUDE WINES,TREASURY WINE ESTATES AMERICAS COMPANY,ETUDE WINES,"1250 CUTTINGS WHARF RD, NAPA, CA, 94559",NAPA,CA,94559,CA-S-375,1,needs_review,"Official California ABC export has an exact-premise identity match, but the listed licence type does not independently establish spirits production.",unknown,,https://www.abc.ca.gov/licensing/licensing-reports/,California ABC Daily Data Export,https://www.abc.ca.gov/wp-content/uploads/DailyExport-CSV.zip,2026-08-22,"TTB Spirits Producers and Bottlers List: CA-S-375; California ABC Daily Data Export: 00399688 (02, 06)",Automated exact premise plus owner/DBA-token match in official ABC export: Type 02 file 00399688 (TREASURY WINE ESTATES AMERICAS COMPANY / ETUDE WINES); Type 06 file 00399688 (TREASURY WINE ESTATES AMERICAS COMPANY / ETUDE WINES).
ca-ttb-0abd429f0be8,P&W Spirits Co.,BRAWL LLC,P&W Spirits Co.,"369 3RD ST, OAKLAND, CA, 94607",OAKLAND,CA,94607,CA-S-20525,1,production_site,"P&W Spirits Co. (Brawl LLC) operates a craft distillery at 369 3rd St, Oakland, as evidenced by their website describing on-site distillation of Longman's Gin and a Peerspace listing for the production space.",open,https://www.pwspiritsco.com/,https://www.pwspiritsco.com/about,P&W Spirits Co. Website,https://www.pwspiritsco.com/about,2026-08-22,TTB Spirits Producers and Bottlers List: CA-S-20525,"The facility is a craft distillery producing Longman's Gin; while Instagram mentions a fall 2026 reopening for the bar, the distillery remains active with Saturday tasting room hours and online sales. Official ABC exact-premise match: Type 06 file 00657560 (BRAWL LLC / BRAWL); Type 74 file 00657560 (BRAWL LLC / BRAWL)."
ca-ttb-0bbf0797f454,The Distillers Club,PUTNER LLC,The Distillers Club,"2400 KETTNER BLVD STE 110, SAN DIEGO, CA, 92101",SAN DIEGO,CA,92101,CA-S-20259,1,closed_or_unverifiable,"The distilling license (ABC Type 06/74) for Putner LLC at this address was cancelled, and the operator Kill Devil Spirit Co. is reported as permanently closed.",closed,https://www.quarantinespirits.com/home,https://www.abc.ca.gov/licensing/license-lookup/single-license/?RPTTYPE=13&ADDRESS=2400+KETTNER+BLVD&CITY=SAN+DIEGO,California ABC License Lookup,https://www.abc.ca.gov/licensing/license-lookup/single-license/?RPTTYPE=13&ADDRESS=2400+KETTNER+BLVD&CITY=SAN+DIEGO,2026-08-22,TTB Spirits Producers and Bottlers List: CA-S-20259,"The location at 2400 Kettner Blvd Ste 110 is currently occupied by Little Italy's Loading Dock, an event venue/bar without an active distilling permit; distilling licenses were cancelled."
ca-ttb-0bcd5b5ff2aa,Burning Beard,PROMETHEAN BREWING CO. LLC,Burning Beard,"1835 N MARSHALL AVE, EL CAJON, CA, 92020",EL CAJON,CA,92020,CA-S-20589,1,closed_or_unverifiable,"Candidate Burning Beard Brewing is currently closed for relocation and buildout at its new HQ (1825 N Marshall Ave), with California ABC craft distiller (Type 74) and still (Type 06) licenses remaining in pending status as of August 2026.",closed,https://www.burningbeardbrewing.com/,https://www.abc.ca.gov/licensing/license-lookup/single-license/?RPTTYPE=15&DBANAME=Burning+Beard,California ABC License Lookup,https://www.abc.ca.gov/licensing/license-lookup/,2026-08-22,TTB Spirits Producers and Bottlers List: CA-S-20589,"Candidate relocated from 785 Vernon Way to 1825 N Marshall Ave in 2026; while a TTB spirits permit exists for the new site, ABC licenses (670661) are pending and the facility is not yet operational."
ca-ttb-0cfd79f9674c,DRIFT DISTILLERY,"DRIFT BRANDS, LLC",DRIFT DISTILLERY,"940 CALLE AMANECER STE K, SAN CLEMENTE, CA, 92673",SAN CLEMENTE,CA,92673,CA-S-20154,1,production_site,"The location holds active California ABC Type 06 (Still) and Type 74 (Craft Distiller) licenses, with a recently issued Type 94 shipping permit in June 2026 confirming its status as an active production and fulfillment site.",open,https://driftdistillery.com/,https://www.abc.ca.gov/licensing/license-lookup/single-license/?RPTTYPE=12&LICENSE=602567,California ABC License Lookup,https://www.abc.ca.gov/licensing/license-lookup/single-license/?RPTTYPE=12&LICENSE=602567,2026-08-22,TTB Spirits Producers and Bottlers List: CA-S-20154,"While the public restaurant and tasting room moved to 115 S El Camino Real, this original location remains an active production facility and shipping hub under a separate TTB permit and active state licenses."
ca-ttb-0d104805dcdf,WHISKEY KINGS LLC,WHISKEY KINGS LLC,,"3195 MCMILLIAN DR STE C, SAN LUIS OBISPO, CA, 93401",SAN LUIS OBISPO,CA,93401,CA-S-20166,1,closed_or_unverifiable,"Verification failed as no California ABC license or physical production evidence exists for Whiskey Kings LLC at the TTB-listed address, which is a multi-tenant commercial building.",unverifiable,,https://www.abc.ca.gov/licensing/license-lookup/single-license/?RPTTYPE=14&COMPANY=Y&LICENSEE=WHISKEY+KINGS+LLC,TTB Spirits Producers and Bottlers List,https://www.ttb.gov/public-information/foia/list-of-permittees,2026-08-22,TTB Spirits Producers and Bottlers List: CA-S-20166,"The entity is linked to a Colorado residence in legal filings, and the San Luis Obispo address is a flex-office complex with no signs of distillery operations or active business registration."
ca-ttb-0d24897eb5a0,Berghold Vineyards,"BERGHOLD WINE SALES, INC",Berghold Vineyards,"17343 N CHERRY RD, LODI, CA, 95240",LODI,CA,95240,CA-S-20378,1,closed_or_unverifiable,"No evidence of distilled spirits production was found at this active estate winery, which holds a California Type 02 Winegrower license but lacks a Type 04 or 74 distilled spirits manufacturing license.",unverifiable,https://www.bergholdvineyards.com/,https://www.bergholdvineyards.com/about,California ABC License Lookup,https://www.abc.ca.gov/licensing/license-lookup/licensee-name/?RPTTYPE=14&COMPANY=Y&LICENSEE=BERGHOLD,2026-08-22,TTB Spirits Producers and Bottlers List: CA-S-20378,"The TTB DSP permit CA-S-20378 is registered to this winery address, likely for wine fortification purposes, as no spirits or brandy products are marketed by the operator. Official ABC exact-premise match: Type 02 file 00627822 (BERGHOLD WINE SALES  INC / BERGHOLD VINEYARDS); Type 81 file 00627822 (BERGHOLD WINE SALES  INC / BERGHOLD VINEYARDS)."
ca-ttb-0df3b39e8651,SUN-MAID GROWERS OF CALIFORNIA,SUN-MAID GROWERS OF CALIFORNIA,,"9818 S JACOBS AVE, ORANGE COVE, CA, 93646",ORANGE COVE,CA,93646,CA-S-230,1,production_site,"Sun-Maid operates an on-site distillery at its Orange Cove facility to produce high-proof alcohol and brandy from raisin by-products, as confirmed by company history and active distillery job postings.",open,https://www.sunmaid.com/,https://www.sunmaid.com/wp-content/uploads/2019/02/US-Edition_Ch1.pdf,Sun-Maid: Raisins & Dried Fruits (Company History),https://www.sunmaid.com/wp-content/uploads/2019/02/US-Edition_Ch1.pdf,2026-08-22,TTB Spirits Producers and Bottlers List: CA-S-230,The facility is primarily a fruit processing plant but maintains an active TTB spirits permit (CA-S-230) and a production distillery for utilizing fruit by-products. Official ABC exact-premise match: Type 06 file 00014279 (SUN MAID GROWERS OF CALIFORNIA / ); Type 04 file 00014279 (SUN MAID GROWERS OF CALIFORNIA / ).
ca-ttb-0e2abde8a5c0,Validation Ale,VALIDATION ALE LLC,Validation Ale,"102 E YANONALI ST, SANTA BARBARA, CA, 93101",SANTA BARBARA,CA,93101,CA-S-20499,1,production_site,"Validation Ale operates a physical production facility at 102 E Yanonali St, confirmed by their California ABC Type 74 (Craft Distiller) and Type 23 (Small Beer Manufacturer) licenses and their website's ""Distilled By Us"" claim for artisan spirits.",open,https://www.validationale.com/,https://www.validationale.com/spirits-cocktails,California ABC License Lookup,https://www.abc.ca.gov/licensing/license-lookup/single-license/?RPTTYPE=12&LICENSE=635087,2026-08-22,TTB Spirits Producers and Bottlers List: CA-S-20499,"The site serves as both a brewery and a distillery (Validation Artisan Spirits), with the Type 74 license issued in December 2024. Official ABC exact-premise match: Type 23 file 00635087 (VALIDATION ALE LLC / VALIDATION ALE); Type 06 file 00635087 (VALIDATION ALE LLC / VALIDATION ALE); Type 74 file 00635087 (VALIDATION ALE LLC / VALIDATION ALE); Type 77 file 00635087 (VALIDATION ALE LLC / VALIDATION ALE); Type 91 file 00635087 (VALIDATION ALE LLC / VALIDATION ALE)."
ca-ttb-0e2d081df7b4,Francis Coppola Winery,"DELICATO VINEYARDS, LLC",Francis Coppola Winery,"300 VIA ARCHIMEDES, GEYSERVILLE, CA, 95441",GEYSERVILLE,CA,95441,CA-S-20397,1,brand_or_office,"Site operates as a winery and tasting room for the Francis Ford Coppola brand, but commercial spirits under the Great Women Spirits line are produced at Griffo Distillery in Petaluma, and the on-site CA ABC Distiller license was withdrawn.",open,https://www.francisfordcoppolawinery.com/,https://www.abc.ca.gov/licensing/license-lookup/single-license/?RPTTYPE=13&ADDRESS=300+Via+Archimedes&CITY=GEYSERVILLE,California ABC License Lookup,https://www.abc.ca.gov/licensing/license-lookup/,2026-08-22,TTB Spirits Producers and Bottlers List: CA-S-20397,"CA ABC license 633492 is active for winegrowing and a still (Type 06), but the commercial Distiller (Type 04) license was withdrawn, and TTB records link the brand's production to a Petaluma facility. Official ABC exact-premise match: Type 02 file 00633492 (DELICATO VINEYARDS  LLC / FRANCIS COPPOLA WINERY); Type 06 file 00633492 (DELICATO VINEYARDS  LLC / FRANCIS COPPOLA WINERY); Type 09 file 00633492 (DELICATO VINEYARDS  LLC / FRANCIS COPPOLA WINERY); Type 47 file 00633492 (DELICATO VINEYARDS  LLC / FRANCIS COPPOLA WINERY); Type 47 file 00633492 (DELICATO VINEYARDS  LLC / FRANCIS COPPOLA WINERY); Type 58 file 00633492 (DELICATO VINEYARDS  LLC / FRANCIS COPPOLA WINERY)."
ca-ttb-0ef3b716c12c,HENEBERY SPIRITS INC.,HENEBERY SPIRITS INC.,,"2870 SCOTT ST STE 104 - 106, VISTA, CA, 92081",VISTA,CA,92081,CA-S-20130,1,production_site,"Henebery Spirits Inc. operates an active craft distillery at the permitted location, verified by California ABC Craft Distiller (Type 74) and Still (Type 06) licenses and on-site production evidence.",open,https://www.heneberywhiskey.com/,https://www.abc.ca.gov/licensing/license-lookup/single-license/?RPTTYPE=12&LICENSE=566928,California ABC License Lookup,https://www.abc.ca.gov/licensing/license-lookup/,2026-08-22,TTB Spirits Producers and Bottlers List: CA-S-20130,Facility at 2870 Scott St includes suites 104-106 (TTB) and 105-106 (ABC); operating status is confirmed via the active tasting room and current website content.
ca-ttb-107986e1ebb2,FLOWER CITY BALLROOM LLC,FLOWER CITY BALLROOM LLC,,"110 W OCEAN AVE, LOMPOC, CA, 93436",LOMPOC,CA,93436,CA-S-20483,1,closed_or_unverifiable,"The entity was a live music venue and event space that held a TTB spirits permit but operated under a state beer and wine license (Type 41), which was auto-revoked in October 2025 following the business's permanent closure.",closed,,https://www.abc.ca.gov/licensing/license-lookup/single-license/?RPTTYPE=15&LICENSE=614808,California ABC License Lookup,https://www.abc.ca.gov/licensing/license-lookup/,2026-08-22,TTB Spirits Producers and Bottlers List: CA-S-20483,Verification confirmed via California ABC records (License 614808) and social media announcements of closure; no evidence of active distilling operations was found prior to closure.
ca-ttb-1164141bbb72,Back Door Brands,"BACK DOOR BRANDS, LLC",Back Door Brands,"10 S HIGUERA ST BLDG B, SAN LUIS OBISPO, CA, 93401",SAN LUIS OBISPO,CA,93401,CA-S-20472,1,production_site,"Back Door Brands, LLC operates an active distillery and tasting room at 10 S Higuera St, where they explicitly state they distill and bottle all of their products on-site.",open,https://www.blackmarketspirits.com/,https://www.blackmarketspirits.com/pages/10-higuera-st,California ABC License Lookup,https://www.abc.ca.gov/licensing/license-lookup/business-address/,2026-08-22,TTB Spirits Producers and Bottlers List: CA-S-20472,The facility is also known as Black Market Spirits and holds active California ABC Type 06 (Still) and Type 74 (Craft Distiller) licenses under number 648788.
ca-ttb-119df55450d3,SDCA DISTILLING LLC,SDCA DISTILLING LLC,,"8706 PRODUCTION AVE, SAN DIEGO, CA, 92121",SAN DIEGO,CA,92121,CA-S-20029,1,production_site,Official California ABC export shows a matching active brandy/distilled-spirits/craft-distiller licence at the TTB premise.,unknown,,https://www.abc.ca.gov/licensing/licensing-reports/,California ABC Daily Data Export,https://www.abc.ca.gov/wp-content/uploads/DailyExport-CSV.zip,2026-08-22,"TTB Spirits Producers and Bottlers List: CA-S-20029; California ABC Daily Data Export: 00529133 (06, 74)",Automated exact premise plus owner/DBA-token match in official ABC export: Type 06 file 00529133 (SDCA DISTILLING LLC / MALAHAT SPIRITS); Type 74 file 00529133 (SDCA DISTILLING LLC / MALAHAT SPIRITS).
ca-ttb-11e5503f8747,BRASSFIELD ESTATE WINERY,"BRASSFIELD ESTATE WINERY, LLC",BRASSFIELD ESTATE WINERY,"10915 HIGH VALLEY RD, CLEARLAKE OAKS, CA, 95423",CLEARLAKE OAKS,CA,95423,CA-S-15060,1,needs_review,"Official California ABC export has an exact-premise identity match, but the listed licence type does not independently establish spirits production.",unknown,,https://www.abc.ca.gov/licensing/licensing-reports/,California ABC Daily Data Export,https://www.abc.ca.gov/wp-content/uploads/DailyExport-CSV.zip,2026-08-22,"TTB Spirits Producers and Bottlers List: CA-S-15060; California ABC Daily Data Export: 00390153 (02, 06, 81)",Automated exact premise plus owner/DBA-token match in official ABC export: Type 06 file 00390153 (BRASSFIELD ESTATE WINERY  LLC / BRASSFIELD ESTATE WINERY LLC); Type 02 file 00390153 (BRASSFIELD ESTATE WINERY  LLC / BRASSFIELD ESTATE WINERY LLC); Type 81 file 00390153 (BRASSFIELD ESTATE WINERY  LLC / BRASSFIELD ESTATE WINERY LLC).
ca-ttb-153b128efd85,San Antonio Winery,"SAN ANTONIO WINERY, INC.",San Antonio Winery,"737 LAMAR ST, LOS ANGELES, CA, 90031",LOS ANGELES,CA,90031,CA-S-20511,1,bottling_only,"While the historic Los Angeles site remains the brand's home and an active tasting room/restaurant, winemaking has moved to Paso Robles, and the original facility is now primarily used for bottling and distribution.",open,https://sanantoniowinery.com/,https://en.wikipedia.org/wiki/San_Antonio_Winery,Wikipedia,https://en.wikipedia.org/wiki/San_Antonio_Winery,2026-08-22,TTB Spirits Producers and Bottlers List: CA-S-20511,The site is an active historic landmark and tasting room; TTB permit CA-S-20511 supports ongoing bottling operations despite the cessation of on-site wine fermentation.
ca-ttb-1748becc1371,"ALAMBIC, INC.","ALAMBIC, INC.",,"1110 BEL ARBRES DR STE D, REDWOOD VALLEY, CA, 95470",REDWOOD VALLEY,CA,95470,CA-S-353,1,production_site,"Alambic Inc operates an active custom distillery at 1110 Bel Arbres Dr, Suites B & D, using an antique cognac still for production, as confirmed by its active California ABC Type 06 license.",open,https://alambicbrandy.com/,https://www.abc.ca.gov/licensing/license-lookup/single-license/?RPTTYPE=12&LICENSE=351841,California ABC License Lookup,https://www.abc.ca.gov/licensing/license-lookup/,2026-08-22,TTB Spirits Producers and Bottlers List: CA-S-353,Alambic Inc provides custom distillation and aging services; the facility is also shared with other licensed entities including Tamar Distillery and SpiritsDaddy LLC.
ca-ttb-1841f0ca6fd4,THE 21ST AMENDMENT BREWERY CAFE,"THE 21ST AMENDMENT BREWERY CAFE, LLC",THE 21ST AMENDMENT BREWERY CAFE,"2010 WILLIAMS ST STE A, SAN LEANDRO, CA, 94577",SAN LEANDRO,CA,94577,CA-S-20445,1,closed_or_unverifiable,"The production facility at 2010 Williams St, San Leandro, officially ceased all operations in November 2025, and all associated California ABC manufacturing licenses are now inactive.",closed,https://21st-amendment.com/,https://www.abc.ca.gov/licensing/license-lookup/single-license/?RPTTYPE=13&ADDRESS=2010+Williams+St&CITY=SAN+LEANDRO,California ABC License Lookup,https://www.abc.ca.gov/licensing/license-lookup/single-license/?RPTTYPE=13&ADDRESS=2010+Williams+St&CITY=SAN+LEANDRO,2026-08-22,TTB Spirits Producers and Bottlers List: CA-S-20445,"While the site held a TTB spirits permit for RTD production, it never held a California ABC distilled spirits manufacturer license and is now permanently closed."
ca-ttb-1941089cb2ca,THE HESS COLLECTION WINERY,THE HESS COLLECTION WINERY,,"4411 REDWOOD RD, NAPA, CA, 94558",NAPA,CA,94558,CA-S-350,1,production_site,"The candidate holds an active California ABC Type 06 (Still) license and TTB Spirits Producer permit CA-S-350 at its historic Mount Veeder winery, providing explicit evidence of on-site distilling capability.",open,https://www.hessperssonestates.com/,https://www.abc.ca.gov/licensing/license-lookup/single-license/?LICENSE=180373,California ABC License Lookup,https://www.abc.ca.gov/licensing/license-lookup/single-license/?LICENSE=180373,2026-08-22,TTB Spirits Producers and Bottlers List: CA-S-350,"Primarily operating as Hess Persson Estates winery and art museum, the site maintains active distilling authorization likely for fortification or brandy production. Official ABC exact-premise match: Type 02 file 00180373 (THE HESS COLLECTION WINERY / THE HESS COLLECTION WINERY); Type 06 file 00180373 (THE HESS COLLECTION WINERY / THE HESS COLLECTION WINERY); Type 10 file 00180373 (THE HESS COLLECTION WINERY / THE HESS COLLECTION WINERY)."
ca-ttb-1a34e8c6aeb2,ReBru Spirits,THORN SPIRITS LLC,ReBru Spirits,"1735 NATIONAL AVE STE A, SAN DIEGO, CA, 92113",SAN DIEGO,CA,92113,CA-S-20240,1,closed_or_unverifiable,"ReBru Spirits at 1735 National Ave is permanently closed, with its CA ABC Still and Craft Distiller licenses canceled in June 2025 and its domain redirected to an unrelated site.",closed,,https://www.abc.ca.gov/licensing/license-lookup/single-license/?RPTTYPE=12&LICENSE=579059,California ABC License Lookup,https://www.abc.ca.gov/licensing/license-lookup/single-license/?RPTTYPE=12&LICENSE=579059,2026-08-22,TTB Spirits Producers and Bottlers List: CA-S-20240,Secondary sources including Yelp and Eater San Diego report the Barrio Logan distillery as permanently closed; parent company TSB2 LLC vacated the premises in early 2025.
ca-ttb-1a9dfb2a6297,TREASURY WINE ESTATES AMERICAS COMPANY,TREASURY WINE ESTATES AMERICAS COMPANY,,"7000 HIGHWAY 46 EAST, PASO ROBLES, CA, 93446",PASO ROBLES,CA,93446,CA-S-20050,1,closed_or_unverifiable,"No operator, local-government, or exact-premise California ABC evidence was located in the completed review; the TTB listing verifies permit identity only.",unverifiable,,https://www.ttb.gov/public-information/foia/list-of-permittees,TTB Spirits Producers and Bottlers List,https://www.ttb.gov/public-information/foia/list-of-permittees,2026-08-22,TTB Spirits Producers and Bottlers List: CA-S-20050,Conservative default after no completed individual evidence and no exact-premise owner/DBA match in California ABC daily data; not a finding of closure.
ca-ttb-1b43786dd437,"THE JOSEPH COMPANY INTERNATIONAL, INC.","THE JOSEPH COMPANY INTERNATIONAL, INC.",,"1711 LANGLEY AVE, IRVINE, CA, 92614",IRVINE,CA,92614,CA-S-20233,1,closed_or_unverifiable,"No operator, local-government, or exact-premise California ABC evidence was located in the completed review; the TTB listing verifies permit identity only.",unverifiable,,https://www.ttb.gov/public-information/foia/list-of-permittees,TTB Spirits Producers and Bottlers List,https://www.ttb.gov/public-information/foia/list-of-permittees,2026-08-22,TTB Spirits Producers and Bottlers List: CA-S-20233,Conservative default after no completed individual evidence and no exact-premise owner/DBA match in California ABC daily data; not a finding of closure.
ca-ttb-1b4d1748522c,Levaus Hye Brandy Distillery,AUSLEV LLC,Levaus Hye Brandy Distillery,"1093 COLE AVE, CLOVIS, CA, 93612",CLOVIS,CA,93612,CA-S-20330,1,closed_or_unverifiable,"California ABC licenses for Brandy Manufacturer (Type 03) and Still (Type 06) were canceled on February 13, 2023, and the physical address is currently occupied by Barnett Refrigeration, Inc.",closed,,https://www.abc.ca.gov/licensing/license-lookup/single-license/?RPTTYPE=14&COMPANY=Y&LICENSEE=AUSLEV+LLC,California ABC License Lookup,https://www.abc.ca.gov/licensing/license-lookup/,2026-08-22,TTB Spirits Producers and Bottlers List: CA-S-20330,"Federal TTB permit CA-S-20330 remains on the Spirits Producers and Bottlers List, but state-level operational licenses were canceled in early 2023 and the site is repurposed."
ca-ttb-1babe5211902,UNDERGROUND DISTILLING COMPANY,"UNDERGROUND BREWING COMPANY, LLC",UNDERGROUND DISTILLING COMPANY,"1040 BROAD ST, SAN LUIS OBISPO, CA, 93401",SAN LUIS OBISPO,CA,93401,CA-S-20193,1,production_site,"The site at 1040 Broad St is an active production facility operating as Sidecar Cocktail Co / Killjoy Pharmaceuticals, holding California ABC Type 74 (Craft Distiller) and Type 06 (Still) licenses.",open,https://www.sidecarcocktail.company/,https://www.slovisitorsguide.com/sidecar-cocktail-company-is-launching-an-in-house-distillery/,California ABC License Lookup,https://www.abc.ca.gov/licensing/license-lookup/business-name/,2026-08-22,TTB Spirits Producers and Bottlers List: CA-S-20193,Underground Brewing Company was the predecessor at this address; the site now operates as Sidecar Cocktail Co with an in-house distillery named Killjoy Pharmaceuticals.
ca-ttb-1cab901f9e9b,ABSENTEE WINERY LLC,ABSENTEE WINERY LLC,,"31720 HWY 20, FORT BRAGG, CA, 95437",FORT BRAGG,CA,95437,CA-S-20400,1,production_site,"Active TTB spirits permit (CA-S-20400) and California ABC Rectifier (Type 07) license at the Fort Bragg location, with commercial evidence of ""Highway 20 Brandy"" production.",open,https://www.absenteewinery.com/,https://www.absenteewinery.com/,California ABC License Lookup,https://www.abc.ca.gov/licensing/license-lookup/single-license/?RPTTYPE=12&LICENSE=647931,2026-08-22,TTB Spirits Producers and Bottlers List: CA-S-20400,Business relocated spirits production from Point Reyes to Fort Bragg in 2023; holds active Winegrower and Rectifier licenses (ABC 647931). Official ABC exact-premise match: Type 02 file 00647931 (ABSENTEE WINERY LLC / ABSENTEE); Type 07 file 00647931 (ABSENTEE WINERY LLC / ABSENTEE).
ca-ttb-1cabf4dd5aa2,San Francisco Distilling Company,"SAN FRANCISCO DISTILLING COMPANY, LLC",San Francisco Distilling Company,"6150 CAMERON RD, ELK, CA, 95432",ELK,CA,95432,CA-S-20161,1,production_site,The facility at 6150 Cameron Rd holds active California ABC Craft Distiller (Type 74) and Still (Type 06) licenses and provides on-site distillation and bottling services.,open,https://sfdistillingco.com/,https://www.abc.ca.gov/licensing/license-lookup/single-license/?RPTTYPE=13&ADDRESS=6150+CAMERON+RD&CITY=ELK,California ABC License Lookup,https://www.abc.ca.gov/licensing/license-lookup/,2026-08-22,TTB Spirits Producers and Bottlers List: CA-S-20161,"San Francisco Distilling Company operates its production and aging facility in Elk, Mendocino County, producing bourbon and gin brands like Forty Nine Mile. Official ABC exact-premise match: Type 06 file 00579004 (SAN FRANCISCO DISTILLING COMPANY  LLC / SAN FRANCISCO DISTILLING COMPANY  LLC); Type 74 file 00579004 (SAN FRANCISCO DISTILLING COMPANY  LLC / SAN FRANCISCO DISTILLING COMPANY  LLC)."
ca-ttb-1d143333e455,Midtown Spirits,MIDTOWN SPIRITS LLC,Midtown Spirits,"1717 19TH ST STE B, SACRAMENTO, CA, 95811",SACRAMENTO,CA,95811,CA-S-20287,1,closed_or_unverifiable,"No operator, local-government, or exact-premise California ABC evidence was located in the completed review; the TTB listing verifies permit identity only.",unverifiable,,https://www.ttb.gov/public-information/foia/list-of-permittees,TTB Spirits Producers and Bottlers List,https://www.ttb.gov/public-information/foia/list-of-permittees,2026-08-22,TTB Spirits Producers and Bottlers List: CA-S-20287,Conservative default after no completed individual evidence and no exact-premise owner/DBA match in California ABC daily data; not a finding of closure.
ca-ttb-1d790fefadb0,FIOR DI SOLE,DA VE WINERY INC.,FIOR DI SOLE,"2515 NAPA VALLEY CORPORATE DR, NAPA, CA, 94558",NAPA,CA,94558,CA-S-15102,1,production_site,Official California ABC export shows a matching active brandy/distilled-spirits/craft-distiller licence at the TTB premise.,unknown,,https://www.abc.ca.gov/licensing/licensing-reports/,California ABC Daily Data Export,https://www.abc.ca.gov/wp-content/uploads/DailyExport-CSV.zip,2026-08-22,"TTB Spirits Producers and Bottlers List: CA-S-15102; California ABC Daily Data Export: 00474599, 00533848 (02, 04, 06, 09)",Automated exact premise plus owner/DBA-token match in official ABC export: Type 02 file 00474599 (DA-VE WINERY  INC. / DA VE WINERY); Type 04 file 00474599 (DA-VE WINERY  INC. / DA VE WINERY); Type 06 file 00474599 (DA-VE WINERY  INC. / DA VE WINERY); Type 02 file 00533848 (FIOR DI SOLE  LLC / FIOR DI SOLE); Type 09 file 00533848 (FIOR DI SOLE  LLC / FIOR DI SOLE).
ca-ttb-1de865325aff,ST. SUPERY VINEYARDS & WINERY,"ST. SUPERY, INC.",ST. SUPERY VINEYARDS & WINERY,"8440 ST HELENA HWY, RUTHERFORD, CA, 94573",RUTHERFORD,CA,94573,CA-S-15019,1,brand_or_office,"Official California ABC export shows matching active importer, wholesaler, broker, or agency privileges rather than a production licence.",unknown,,https://www.abc.ca.gov/licensing/licensing-reports/,California ABC Daily Data Export,https://www.abc.ca.gov/wp-content/uploads/DailyExport-CSV.zip,2026-08-22,"TTB Spirits Producers and Bottlers List: CA-S-15019; California ABC Daily Data Export: 00216799 (02, 09, 17, 20, 81, 93)",Automated exact premise plus owner/DBA-token match in official ABC export: Type 02 file 00216799 (ST. SUPERY  INC. / ST SUPERY ESTATE VINEYARDS & WINERY); Type 20 file 00216799 (ST. SUPERY  INC. / ST SUPERY ESTATE VINEYARDS & WINERY); Type 17 file 00216799 (ST. SUPERY  INC. / ST SUPERY ESTATE VINEYARDS & WINERY); Type 09 file 00216799 (ST. SUPERY  INC. / ST SUPERY ESTATE VINEYARDS & WINERY); Type 81 file 00216799 (ST. SUPERY  INC. / ST SUPERY ESTATE VINEYARDS & WINERY); Type 93 file 00216799 (ST. SUPERY  INC. / ST SUPERY ESTATE VINEYARDS & WINERY).
ca-ttb-1e1b0b4f3a9d,Southern Pacific,SOUTHERN PACIFIC BREWING LLC,Southern Pacific,"620 TREAT AVE, SAN FRANCISCO, CA, 94110",SAN FRANCISCO,CA,94110,CA-S-20443,1,production_site,"The candidate holds an active California ABC Type 74 Craft Distiller license and a Type 06 Still license at its 620 Treat Avenue production warehouse, which is currently operating as an open brewery and brewpub.",open,https://www.southernpacificbrewing.com/,https://www.abc.ca.gov/licensing/license-lookup/single-license/?RPTTYPE=13&ADDRESS=620+TREAT+AVE&CITY=SAN+FRANCISCO,California ABC License Lookup,https://www.abc.ca.gov/licensing/license-lookup/,2026-08-22,TTB Spirits Producers and Bottlers List: CA-S-20443,The site is primarily known as a brewery but maintains active craft distiller and still licenses issued in December 2022 for the same address. Official ABC exact-premise match: Type 23 file 00500258 (SOUTHERN PACIFIC BREWING LLC / SOUTHERN PACIFIC); Type 02 file 00500258 (SOUTHERN PACIFIC BREWING LLC / SOUTHERN PACIFIC); Type 06 file 00500258 (SOUTHERN PACIFIC BREWING LLC / SOUTHERN PACIFIC); Type 74 file 00500258 (SOUTHERN PACIFIC BREWING LLC / SOUTHERN PACIFIC).
ca-ttb-1eded15ec564,Burning Barrel Brewing and Spirits,BURNING BARREL BREWING COMPANY LLC,Burning Barrel Brewing and Spirits,"640 MAIN ST, PLACERVILLE, CA, 95667",PLACERVILLE,CA,95667,CA-S-20487,1,production_site,"The site holds active California ABC Type 06 (Still) and Type 74 (Craft Distiller) licenses, confirming on-site distillation and production.",open,https://www.burningbarrelspirits.com/,https://www.abc.ca.gov/licensing/license-lookup/single-license/?RPTTYPE=12&LICENSE=655185,California ABC License Lookup,https://www.abc.ca.gov/licensing/license-lookup/,2026-08-22,TTB Spirits Producers and Bottlers List: CA-S-20487,Business operates as a brewery and distillery in downtown Placerville; ABC license 655185 confirms active distilling status. Official ABC exact-premise match: Type 23 file 00655185 (BURNING BARREL BREWING COMPANY LLC / BURNING BARREL BREWING AND SPIRITS); Type 06 file 00655185 (BURNING BARREL BREWING COMPANY LLC / BURNING BARREL BREWING AND SPIRITS); Type 74 file 00655185 (BURNING BARREL BREWING COMPANY LLC / BURNING BARREL BREWING AND SPIRITS).
ca-ttb-1f3c33e52b87,STANDING JOURNEY LLC,STANDING JOURNEY LLC,,"1429 TUBBS LN, CALISTOGA, CA, 94515",CALISTOGA,CA,94515,CA-S-20199,1,production_site,"Standing Journey LLC (DBA Chateau Montelena) holds an active California ABC Type 06 (Still) license and TTB Spirits Producer permit at its 1429 Tubbs Ln estate, where it distills and bottles Montelena Brandy #01.",open,https://montelena.com/,https://montelena.com/wine/brandy-01/,California ABC License Lookup,https://www.abc.ca.gov/licensing/license-lookup/single-license/?RPTTYPE=13&ADDRESS=1429+TUBBS+LN&CITY=CALISTOGA,2026-08-22,TTB Spirits Producers and Bottlers List: CA-S-20199,"While primarily a historic winery, the operator maintains active on-site distilling capabilities and recently expanded into commercial brandy production. Official ABC exact-premise match: Type 06 file 00558009 (STANDING JOURNEY LLC / CHATEAU MONTELENA); Type 02 file 00558009 (STANDING JOURNEY LLC / CHATEAU MONTELENA)."
ca-ttb-1fa478268a4d,Condesa,CONDESA LLC,Condesa,"1491 MONTEREY ST, SAN LUIS OBISPO, CA, 93401",SAN LUIS OBISPO,CA,93401,CA-S-20535,1,production_site,"Operates as a restaurant with active TTB permit CA-S-20535 and CA ABC Type 74 license, confirmed by news reports to produce house spirits on-site to satisfy licensing requirements.",open,https://www.condesabarslo.com/,https://www.ksby.com/san-luis-obispo/local-restaurants-utilizing-craft-distillery-license-to-sell-alcohol,KSBY News,https://www.ksby.com/san-luis-obispo/local-restaurants-utilizing-craft-distillery-license-to-sell-alcohol,2026-08-22,TTB Spirits Producers and Bottlers List: CA-S-20535,The business holds CA ABC licenses 663503 (Type 74 Craft Distiller and Type 06 Still) and is identified as producing spirits on-site to qualify for retail privileges. Official ABC exact-premise match: Type 06 file 00663503 (CONDESA LLC / CONDESA); Type 74 file 00663503 (CONDESA LLC / CONDESA).
ca-ttb-214e3354b9d7,Burning Barrel Brewing and Spirits,BURNING BARREL BREWING COMPANY LLC,Burning Barrel Brewing and Spirits,"2933 GOLD PAN CT STE D, RANCHO CORDOVA, CA, 95670",RANCHO CORDOVA,CA,95670,CA-S-20456,1,production_site,"The candidate holds active California ABC Type 06 (Still) and Type 74 (Craft Distiller) licenses at the permitted address, and the operator's website confirms on-site spirits production.",open,https://www.burningbarrelspirits.com/,https://www.abc.ca.gov/licensing/license-lookup/single-license/?RPTTYPE=12&LICENSE=646115,California ABC License Lookup,https://www.abc.ca.gov/licensing/license-lookup/single-license/?RPTTYPE=12&LICENSE=646115,2026-08-22,TTB Spirits Producers and Bottlers List: CA-S-20456,"The Rancho Cordova location at 2933 Gold Pan Ct Ste D serves as the primary spirits production site, while the company also operates a taproom and a second distillery in Placerville."
ca-ttb-21629d5f42df,VJB LLC,VJB LLC,,"11600 DUNBAR RD, GLEN ELLEN, CA, 95442",GLEN ELLEN,CA,95442,CA-S-20586,1,production_site,"VJB LLC (dba Wellington Cellars) at 11600 Dunbar Rd holds active California ABC licenses for Still (Type 06) and Craft Distiller (Type 74) alongside TTB permit CA-S-20586, producing and hosting tastings for their Rockpile Bourbon brand.",open,https://wellingtoncellars.com/,https://www.abc.ca.gov/licensing/license-lookup/single-license/?RPTTYPE=15&DBANAME=Wellington+Cellars,California ABC License Lookup,https://www.abc.ca.gov/licensing/license-lookup/,2026-08-22,TTB Spirits Producers and Bottlers List: CA-S-20586,"VJB LLC (dba Wellington Cellars) operates a production facility at 11600 Dunbar Rd, where they produce Rockpile Bourbon, a brand owned by the Belmonte family. Official ABC exact-premise match: Type 02 file 00544446 (VJB LLC / WELLINGTON CELLARS); Type 07 file 00544446 (VJB LLC / WELLINGTON CELLARS); Type 06 file 00544446 (VJB LLC / WELLINGTON CELLARS); Type 74 file 00544446 (VJB LLC / WELLINGTON CELLARS); Type 94 file 00544446 (VJB LLC / WELLINGTON CELLARS)."
ca-ttb-237214d74a08,Calicraft,"CALICRAFT, LLC",Calicraft,"845 RUSSELL BLVD STE 110, DAVIS, CA, 95616",DAVIS,CA,95616,CA-S-20554,1,production_site,"The Davis location features an on-site small distillery for seasonal micro-infusions and holds TTB Spirits Producer permit CA-S-20554, operating as a taproom and restaurant since September 2025.",open,https://www.calicraft.com/pages/davis,https://www.comingsandgoings.news/p/calicraft-brewing-debuts-just-before,Comings & Goings,https://www.comingsandgoings.news/p/calicraft-brewing-debuts-just-before,2026-08-22,TTB Spirits Producers and Bottlers List: CA-S-20554,The facility opened in late 2025 at The Davis Collection and is verified open via its active website and recent customer reviews as of August 2026.
ca-ttb-2375f5a99071,"CHARRON FAVREAU, S.P.C.","CHARRON FAVREAU, S.P.C.",,"411 E MONTECITO ST STE 2, SANTA BARBARA, CA, 93101",SANTA BARBARA,CA,93101,CA-S-20399,1,production_site,"Charron Favreau S.P.C. operates a production facility at the address, confirmed by active California ABC License 674980 (Type 04 Distiller and Type 06 Still) and recent acquisition news identifying it as the Montecito Spirits Co. distillery.",open,https://chareau.us/,https://www.abc.ca.gov/licensing/license-lookup/single-license/?RPTTYPE=13&ADDRESS=411+E+Montecito+St&CITY=SANTA+BARBARA,California ABC License Lookup,https://www.abc.ca.gov/licensing/license-lookup/,2026-08-22,TTB Spirits Producers and Bottlers List: CA-S-20399,"The brand Chareau was acquired by Total Beverage Solution in January 2026, with production continuing at this Santa Barbara site under the Montecito Spirits Co. name."
ca-ttb-23d1a699f339,"SPOTTSWOODE WINERY, INC.","SPOTTSWOODE WINERY, INC.",,"1902 MADRONA AVE, SAINT HELENA, CA, 94574",SAINT HELENA,CA,94574,CA-S-15022,1,brand_or_office,Renowned family-owned estate winery specializing in Cabernet Sauvignon and Sauvignon Blanc with no public evidence of on-site distilled spirits production or marketed spirits products.,open,https://spottswoode.com/,https://spottswoode.com/,Spottswoode Winery Website,https://spottswoode.com/,2026-08-22,TTB Spirits Producers and Bottlers List: CA-S-15022,The address 1902 Madrona Ave is an active estate vineyard and winery (Type 02 license); the spirits permit is likely for auxiliary winemaking processes like fortification. Official ABC exact-premise match: Type 06 file 00252585 (SPOTTSWOODE WINERY  INC. / SPOTTSWOODE WINERY); Type 02 file 00252585 (SPOTTSWOODE WINERY  INC. / SPOTTSWOODE WINERY).
ca-ttb-2424afcb0e7d,Four Sons Brewing,"DFAMLE ENTERPRISES, L.P.",Four Sons Brewing,"18421 GOTHARD ST STE 400, HUNTINGTON BEACH, CA, 92648",HUNTINGTON BEACH,CA,92648,CA-S-20250,1,production_site,"Four Sons Brewing operates an active craft distillery (Four Sons Distilling) at the permit address under California ABC license Type 74 and Type 06, producing spirits including vodka, gin, and whiskey.",open,https://www.foursonsbrewing.com/,https://www.abc.ca.gov/licensing/license-lookup/single-license/?RPTTYPE=12&LICENSE=590021,California ABC License Lookup,https://www.abc.ca.gov/licensing/license-lookup/,2026-08-22,TTB Spirits Producers and Bottlers List: CA-S-20250,"The distillery arm, Four Sons Distilling, operates a private tasting room called The 400 Club at the permit location (Suite 400)."
ca-ttb-2453bd34e873,"TRINITY ALPS GOLF AND COUNTRY CLUB, LLC","TRINITY ALPS GOLF AND COUNTRY CLUB, LLC",,"130 GOLF COURSE DR, WEAVERVILLE, CA, 96093",WEAVERVILLE,CA,96093,CA-S-20165,1,closed_or_unverifiable,"The site operates as a golf course and restaurant, but its California ABC Craft Distiller (Type 74) and Still (Type 06) licenses are cancelled, and no production evidence exists.",closed,,https://www.abc.ca.gov/licensing/license-lookup/single-license/?RPTTYPE=13&ADDRESS=130+GOLF+COURSE+DR&CITY=WEAVERVILLE,California ABC License Lookup,https://www.abc.ca.gov/licensing/license-lookup/,2026-08-22,TTB Spirits Producers and Bottlers List: CA-S-20165,California ABC licenses for distilling (Type 74) and still (Type 06) under license #555878 are cancelled; the location currently operates as a golf course and restaurant under license #623308. Official ABC exact-premise match: Type 47 file 00623308 (TRINITY ALPS GOLF AND COUNTRY CLUB LLC / TRINITY ALPS GOLF AND COUNTRY CLUB).
ca-ttb-24b1a5a09e59,"Aemetis Advanced Fuels Keyes, Inc.","AEMETIS ADVANCED FUELS KEYES, INC.","Aemetis Advanced Fuels Keyes, Inc.","4209 JESSUP RD, KEYES, CA, 95328",KEYES,CA,95328,CA-S-20307,1,production_site,"The facility is a large-scale ethanol production plant with a 65 million gallon annual capacity, explicitly distilling spirits from agricultural feedstock at the permitted address.",open,https://www.aemetis.com/,https://www.aemetis.com/facilities/,"Aemetis, Inc. Website",https://www.aemetis.com/facilities/,2026-08-22,TTB Spirits Producers and Bottlers List: CA-S-20307,"Search of California ABC records for the entity name and address returned no beverage alcohol licenses, confirming the site's primary function as an industrial ethanol distillery."
ca-ttb-250919624b36,Town's End Stillhouse,IT'S A HITT CORP.,Town's End Stillhouse,"22020 HIGHWAY 18, APPLE VALLEY, CA, 92307",APPLE VALLEY,CA,92307,CA-S-20263,1,production_site,"The business operates as a craft distillery and restaurant where small-batch whiskeys are produced on-site, as evidenced by its active California Craft Distiller license (Type 74) and public distillery tours.",open,https://townsendbarandgrill.com/,https://townsendbarandgrill.com/distillery-tours/,California ABC License Lookup,https://www.abc.ca.gov/licensing/license-lookup/single-license/?RPTTYPE=13&ADDRESS=22020+HIGHWAY+18&CITY=APPLE+VALLEY,2026-08-22,TTB Spirits Producers and Bottlers List: CA-S-20263,"The facility holds both a Craft Distiller (Type 74) and a Still (Type 06) license under IT'S A HITT CORP. at the Apple Valley location, which also functions as a wood-fire grill restaurant. Official ABC exact-premise match: Type 06 file 00602368 (ITS A HITT CORP. / TOWNS END STILLHOUSE); Type 74 file 00602368 (ITS A HITT CORP. / TOWNS END STILLHOUSE); Type 47 file 00669815 (TOWNSEND BROS / TOWNS END BAR & GRILL); Type 58 file 00669815 (TOWNSEND BROS / TOWNS END BAR & GRILL)."
ca-ttb-253b15ada156,CIOPINOT LLC,CIOPINOT LLC,,"1049 & 1051 NIPOMO ST, SAN LUIS OBISPO, CA, 93401",SAN LUIS OBISPO,CA,93401,CA-S-20416,1,production_site,"CIOPINOT LLC holds active California ABC Type 06 (Still) and Type 74 (Craft Distiller) licenses (636467) at 1051 Nipomo St, which require a commercial distilling system to be located permanently on-site.",open,https://laesquinaslo.com/,https://www.abc.ca.gov/licensing/license-lookup/single-license/?RPTTYPE=12&LICENSE=636467,California ABC License Lookup,https://www.abc.ca.gov/licensing/license-lookup/,2026-08-22,TTB Spirits Producers and Bottlers List: CA-S-20416,"While the standalone ""La Esquina Distillery"" lounge brand closed in 2023, the parent restaurant La Esquina Taqueria remains open and maintains the active distilling permits and required on-site equipment."
ca-ttb-26e858721ea5,FERRARI-CARANO VINEYARDS & WINERY,"FOLEY FAMILY WINES, INC.",FERRARI-CARANO VINEYARDS & WINERY,"8761 DRY CREEK RD, HEALDSBURG, CA, 95448",HEALDSBURG,CA,95448,CA-S-20335,1,brand_or_office,"The location is an active winery and tasting room owned by Foley Family Wines, but lacks evidence of on-site commercial distilled spirits production for sale.",open,https://www.ferrari-carano.com/,https://www.ferrari-carano.com/,California ABC License Lookup,https://www.abc.ca.gov/licensing/license-lookup/single-license/?RPTTYPE=13&ADDRESS=8761+Dry+Creek+Rd&CITY=HEALDSBURG,2026-08-22,TTB Spirits Producers and Bottlers List: CA-S-20335,"While the site holds TTB DSP permit CA-S-20335 and a California ABC Type 06 Still license, Foley Family Wines produces its spirits portfolio at Minden Mill in Nevada. Official ABC exact-premise match: Type 02 file 00618827 (FOLEY FAMILY WINES  INC. / FERRARI-CARANO VINEYARDS & WINERY); Type 06 file 00618827 (FOLEY FAMILY WINES  INC. / FERRARI-CARANO VINEYARDS & WINERY)."
ca-ttb-280c62132f0b,SEBASTIANI VINEYARDS,"FOLEY FAMILY WINES, INC.",SEBASTIANI VINEYARDS,"389 E FOURTH ST, SONOMA, CA, 95476",SONOMA,CA,95476,CA-S-20347,1,brand_or_office,"Site serves as a historic winery and corporate headquarters for Foley Family Wines, holding an active TTB spirits permit and CA Type 06 still license without evidence of commercial spirits production for sale.",open,https://www.sebastiani.com/,https://www.abc.ca.gov/licensing/license-lookup/single-license/?RPTTYPE=12&LICENSE=507255,California ABC License Lookup,https://www.abc.ca.gov/licensing/license-lookup/business-address/,2026-08-22,TTB Spirits Producers and Bottlers List: CA-S-20347,Active Type 06 still license at this winery is likely for fortification of wine; commercial spirits production for Foley Family Wines is primarily located at their Minden Mill facility in Nevada.
ca-ttb-28390c51d884,Aphotic,JACKSON SQUARE HOSPITALITY LLC,Aphotic,"816 FOLSOM ST STE 2, SAN FRANCISCO, CA, 94107",SAN FRANCISCO,CA,94107,CA-S-20451,1,closed_or_unverifiable,"The restaurant and its on-site distillery program permanently closed on December 21, 2024, and its California ABC Type 74 Craft Distiller license was subsequently canceled.",closed,https://aphoticrestaurant.com/,https://aphoticrestaurant.com/,California ABC License Lookup,https://www.abc.ca.gov/licensing/license-lookup/single-license/?RPTTYPE=12&LICENSE=645366,2026-08-22,TTB Spirits Producers and Bottlers List: CA-S-20451,The establishment formerly operated as a Michelin-starred restaurant with an integrated distillation program using a rotovap to produce seaweed-infused gin and other spirits.
ca-ttb-287ec94fcf5c,Lone Wolf Brewing Co.,"LONE WOLF BREWING CO., LLC",Lone Wolf Brewing Co.,"18210 YORBA LINDA BLVD STE 404, YORBA LINDA, CA, 92886",YORBA LINDA,CA,92886,CA-S-20498,1,production_site,"Lone Wolf Brewing Co. operates a production facility at the permitted address with active California ABC Type 06 (Still) and Type 74 (Craft Distiller) licenses, which explicitly require a commercial distilling system on-site.",open,https://www.lonewolfbrewingco.com/,https://www.abc.ca.gov/licensing/license-lookup/single-license/?RPTTYPE=12&LICENSE=632295,California ABC License Lookup,https://www.abc.ca.gov/licensing/license-lookup/,2026-08-22,TTB Spirits Producers and Bottlers List: CA-S-20498,"The business holds active licenses for both beer manufacturing and craft distilling, with specific ABC conditions mandating the presence and regular use of a commercial distilling system on-site."
ca-ttb-288fd60de564,Capital Liquors Project,GREG MILLER,Capital Liquors Project,"34255 CORCORAN HILL LN, DAVIS, CA, 95616",DAVIS,CA,95616,CA-S-20089,1,production_site,"The entity holds active California ABC Type 04 (Distilled Spirits Manufacturer) and Type 06 (Still) licenses for the Davis address, confirming on-site production.",open,,https://www.abc.ca.gov/licensing/license-lookup/single-license/?RPTTYPE=15&DBANAME=Capital+Liquors+Project,California ABC License Lookup,https://www.abc.ca.gov/licensing/license-lookup/,2026-08-22,TTB Spirits Producers and Bottlers List: CA-S-20089,"The distillery is a small-scale operation located at the owner's residence, with recent contract distilling and product releases evidenced as recently as July 2026. Official ABC exact-premise match: Type 06 file 00551783 (MILLER  GREGORY HALE / CAPITAL LIQUORS PROJECT); Type 04 file 00551783 (MILLER  GREGORY HALE / CAPITAL LIQUORS PROJECT)."
ca-ttb-28c69971c027,"Hanson Spirits, LLC","HANSON SPIRITS, LLC","Hanson Spirits, LLC","22020 CARNEROS VINEYARD WAY STE 4, SONOMA, CA, 95476",SONOMA,CA,95476,CA-S-20023,1,brand_or_office,Hanson Spirits operates its active distillery and tasting room at 22985 Burndale Rd (ABC License 554084); the Carneros Vineyard Way address is a shared winery facility with no active ABC distilling license for the operator.,open,https://hansonofsonoma.com/,https://hansonofsonoma.com/pages/tasting-room,California ABC License Lookup,https://www.abc.ca.gov/licensing/license-lookup/single-license/?RPTTYPE=14&COMPANY=Y&LICENSEE=HANSON+SPIRITS,2026-08-22,TTB Spirits Producers and Bottlers List: CA-S-20023,The operator acquired the Burndale Rd production facility in 2018; the Carneros Vineyard Way address remains associated with TTB permit CA-S-20023 but lacks state-level production authorization.
ca-ttb-2910d635a100,"BevZero Services,  Inc.","BEVZERO SERVICES, INC.","BevZero Services,  Inc.","1450 AIRPORT BLVD STE 180, SANTA ROSA, CA, 95403",SANTA ROSA,CA,95403,CA-S-20203,1,closed_or_unverifiable,"No operator, local-government, or exact-premise California ABC evidence was located in the completed review; the TTB listing verifies permit identity only.",unverifiable,,https://www.ttb.gov/public-information/foia/list-of-permittees,TTB Spirits Producers and Bottlers List,https://www.ttb.gov/public-information/foia/list-of-permittees,2026-08-22,TTB Spirits Producers and Bottlers List: CA-S-20203,Conservative default after no completed individual evidence and no exact-premise owner/DBA match in California ABC daily data; not a finding of closure.
ca-ttb-2920912ad91b,BUZZBOX PREMIUM COCKTAILS INC.,BUZZBOX PREMIUM COCKTAILS INC.,,"42625 JACKSON ST STE 111, INDIO, CA, 92203",INDIO,CA,92203,CA-S-20305,1,bottling_only,"Site is a 65,000 sq. ft. beverage manufacturing facility specializing in blending and packaging ready-to-drink cocktails, with no evidence of on-site distillation.",open,https://www.buzzbox.com/,https://www.abc.ca.gov/licensing/license-lookup/single-license/?RPTTYPE=13&ADDRESS=42625+JACKSON+ST&CITY=INDIO,California ABC License Lookup,https://www.abc.ca.gov/licensing/license-lookup/,2026-08-22,TTB Spirits Producers and Bottlers List: CA-S-20305,California ABC license #624758 (Type 18 Rectifier) confirms the site is used for blending and bottling spirits rather than primary distillation.
ca-ttb-2939aa4e66c5,The Carlton Hotel,TRILOGY HOSPITALITY,The Carlton Hotel,"6005 EL CAMINO REAL, ATASCADERO, CA, 93422",ATASCADERO,CA,93422,CA-S-20553,1,production_site,Official California ABC export shows a matching active brandy/distilled-spirits/craft-distiller licence at the TTB premise.,unknown,,https://www.abc.ca.gov/licensing/licensing-reports/,California ABC Daily Data Export,https://www.abc.ca.gov/wp-content/uploads/DailyExport-CSV.zip,2026-08-22,"TTB Spirits Producers and Bottlers List: CA-S-20553; California ABC Daily Data Export: 00650359 (06, 74)",Automated exact premise plus owner/DBA-token match in official ABC export: Type 06 file 00650359 (TRILOGY HOSPITALITY / MABEL LOUNGE); Type 74 file 00650359 (TRILOGY HOSPITALITY / MABEL LOUNGE).
ca-ttb-29da17e0e1f6,E. & J. GALLO WINERY,E. & J. GALLO WINERY,,"2425 MISSION ST, SAN MIGUEL, CA, 93451",SAN MIGUEL,CA,93451,CA-S-20168,1,brand_or_office,"Official California ABC export shows matching active importer, wholesaler, broker, or agency privileges rather than a production licence.",unknown,,https://www.abc.ca.gov/licensing/licensing-reports/,California ABC Daily Data Export,https://www.abc.ca.gov/wp-content/uploads/DailyExport-CSV.zip,2026-08-22,"TTB Spirits Producers and Bottlers List: CA-S-20168; California ABC Daily Data Export: 00525372 (02, 09)",Automated exact premise plus owner/DBA-token match in official ABC export: Type 02 file 00525372 (E. & J. GALLO WINERY / COURTSIDE CELLARS); Type 09 file 00525372 (E. & J. GALLO WINERY / COURTSIDE CELLARS).
ca-ttb-2ae12bf93399,Solamente,SOLAMENTE LLC,Solamente,"3775 ADELAIDA ROAD, PASO ROBLES, CA, 93446",PASO ROBLES,CA,93446,CA-S-20564,1,production_site,"Solamente LLC operates an active production facility at Sirena Vineyard Resort, holding California craft distiller license 665164 and TTB permit CA-S-20564 for on-site spirits manufacturing.",open,https://www.sirenaresorts.com/,https://www.abc.ca.gov/licensing/license-lookup/single-license/?RPTTYPE=14&LICENSEE=SOLAMENTE+LLC,California ABC License Lookup,https://www.abc.ca.gov/licensing/license-lookup/,2026-08-22,TTB Spirits Producers and Bottlers List: CA-S-20564,Spirits are marketed under the Solamente Agave brand and are exclusively available at the Sirena Resort tasting room; the site also operates as Costa Vinedo winery.
ca-ttb-2c0aed51ddd5,Los Californios Spirits,LOS CALIFORNIOS LLC,Los Californios Spirits,"1935 ORANGE AVE UNIT B, COUNTY OF SAN DIEGO, CA, 92065",COUNTY OF SAN DIEGO,CA,92065,CA-S-20194,1,production_site,"Los Californios Spirits is a craft distillery operating a production site at 1935 Orange Ave Ste B, Ramona, CA, as evidenced by its active California ABC Type 06 and Type 74 licenses and its website describing on-site distilling and farm-to-flask production.",open,https://www.loscaliforniosspirits.com/,https://www.abc.ca.gov/licensing/license-lookup/single-license/?RPTTYPE=14&COMPANY=Y&LICENSEE=LOS+CALIFORNIOS+LLC,California ABC License Lookup,https://www.abc.ca.gov/licensing/license-lookup/,2026-08-22,TTB Spirits Producers and Bottlers List: CA-S-20194,"The distillery is located on a 6-acre agricultural ranch in Ramona, CA, and produces spirits from farm-grown ingredients, including whiskey, brandy, and agave spirits, with recent bottling activity as of February 2026."
ca-ttb-2cc41c862ab5,"PERFECT SOUL WHISKEY, LLC","PERFECT SOUL WHISKEY, LLC",,"215 S PACIFIC ST STE 104, SAN MARCOS, CA, 92078",SAN MARCOS,CA,92078,CA-S-20107,1,closed_or_unverifiable,"No operator, local-government, or exact-premise California ABC evidence was located in the completed review; the TTB listing verifies permit identity only.",unverifiable,,https://www.ttb.gov/public-information/foia/list-of-permittees,TTB Spirits Producers and Bottlers List,https://www.ttb.gov/public-information/foia/list-of-permittees,2026-08-22,TTB Spirits Producers and Bottlers List: CA-S-20107,Conservative default after no completed individual evidence and no exact-premise owner/DBA match in California ABC daily data; not a finding of closure.
ca-ttb-2d069871da2c,BRONCO WINE COMPANY,BRONCO WINE COMPANY,BRONCO WINE COMPANY,"6342 BYSTRUM RD, CERES, CA, 95307",CERES,CA,95307,CA-S-290,1,bottling_only,Official California ABC export shows matching active manufacturer-agent/rectifier privileges but no matching active distilled-spirits production licence.,unknown,,https://www.abc.ca.gov/licensing/licensing-reports/,California ABC Daily Data Export,https://www.abc.ca.gov/wp-content/uploads/DailyExport-CSV.zip,2026-08-22,"TTB Spirits Producers and Bottlers List: CA-S-290; California ABC Daily Data Export: 00037405 (02, 09, 12, 14, 17, 18, 20, 24)",Automated exact premise plus owner/DBA-token match in official ABC export: Type 14 file 00037405 (BRONCO WINE COMPANY / BRONCO WINE COMPANY); Type 02 file 00037405 (BRONCO WINE COMPANY / BRONCO WINE COMPANY); Type 17 file 00037405 (BRONCO WINE COMPANY / BRONCO WINE COMPANY); Type 18 file 00037405 (BRONCO WINE COMPANY / BRONCO WINE COMPANY); Type 20 file 00037405 (BRONCO WINE COMPANY / BRONCO WINE COMPANY); Type 24 file 00037405 (BRONCO WINE COMPANY / BRONCO WINE COMPANY); Type 09 file 00037405 (BRONCO WINE COMPANY / BRONCO WINE COMPANY); Type 12 file 00037405 (BRONCO WINE COMPANY / BRONCO WINE COMPANY).
ca-ttb-2d0e4c436297,"SAFE HARBOR PARTNERS, LLC","SAFE HARBOR PARTNERS, LLC",,"707 TECHNOLOGY WAY, NAPA, CA, 94558",NAPA,CA,94558,CA-S-20057,1,needs_review,"Official California ABC export has an exact-premise identity match, but the listed licence type does not independently establish spirits production.",unknown,,https://www.abc.ca.gov/licensing/licensing-reports/,California ABC Daily Data Export,https://www.abc.ca.gov/wp-content/uploads/DailyExport-CSV.zip,2026-08-22,"TTB Spirits Producers and Bottlers List: CA-S-20057; California ABC Daily Data Export: 00536740 (02, 06)",Automated exact premise plus owner/DBA-token match in official ABC export: Type 06 file 00536740 (SAFE HARBOR PARTNERS LLC / SAFE HARBOR WINE STORAGE); Type 02 file 00536740 (SAFE HARBOR PARTNERS LLC / SAFE HARBOR WINE STORAGE).
ca-ttb-2d6cf341effc,San Diego Sunshine Craft Spirits Co,SAN DIEGO SUNSHINE LLC,San Diego Sunshine Craft Spirits Co,"432 MAPLE ST STE 6, RAMONA, CA, 92065",RAMONA,CA,92065,CA-S-20571,1,closed_or_unverifiable,"No operator, local-government, or exact-premise California ABC evidence was located in the completed review; the TTB listing verifies permit identity only.",unverifiable,,https://www.ttb.gov/public-information/foia/list-of-permittees,TTB Spirits Producers and Bottlers List,https://www.ttb.gov/public-information/foia/list-of-permittees,2026-08-22,TTB Spirits Producers and Bottlers List: CA-S-20571,Conservative default after no completed individual evidence and no exact-premise owner/DBA match in California ABC daily data; not a finding of closure.
ca-ttb-2e5baa643763,"VELLA GROUP, INC.","VELLA GROUP, INC.",,"1081 HIGHLAND WAY STE E, GROVER BEACH, CA, 93433",GROVER BEACH,CA,93433,CA-S-20357,1,bottling_only,"Vella Group Inc holds a California ABC Type 07 Rectifier license and TTB permit CA-S-20357 at an industrial warehouse in Grover Beach, where it bottles and flavors Ugly Bitch Vodka.",open,https://drinkuglybitch.com/,https://www.abc.ca.gov/licensing/license-lookup/single-license/?RPTTYPE=15&DBANAME=VELLA+GROUP,California ABC License Lookup,https://www.abc.ca.gov/licensing/license-lookup/,2026-08-22,TTB Spirits Producers and Bottlers List: CA-S-20357,"Vella Group Inc operates as a rectifier and bottler for the Ugly Bitch Vodka brand; while it won 'Best Distillery' at a local festival, it lacks a California Type 04 Distilled Spirits Manufacturer license."
ca-ttb-2f9838cf1aca,"FERMENTED SCIENCES II, INC.","FERMENTED SCIENCES II, INC.",,"3200 GOLF COURSE DR, VENTURA, CA, 93003",VENTURA,CA,93003,CA-S-20359,1,closed_or_unverifiable,"No operator, local-government, or exact-premise California ABC evidence was located in the completed review; the TTB listing verifies permit identity only.",unverifiable,,https://www.ttb.gov/public-information/foia/list-of-permittees,TTB Spirits Producers and Bottlers List,https://www.ttb.gov/public-information/foia/list-of-permittees,2026-08-22,TTB Spirits Producers and Bottlers List: CA-S-20359,Conservative default after no completed individual evidence and no exact-premise owner/DBA match in California ABC daily data; not a finding of closure.
ca-ttb-2fc12605a351,"APPLE CART CIDER, LLC","APPLE CART CIDER, LLC",,"2870 DUKE CT, SANTA ROSA, CA, 95407",SANTA ROSA,CA,95407,CA-S-20519,1,bottling_only,Official California ABC export shows matching active manufacturer-agent/rectifier privileges but no matching active distilled-spirits production licence.,unknown,,https://www.abc.ca.gov/licensing/licensing-reports/,California ABC Daily Data Export,https://www.abc.ca.gov/wp-content/uploads/DailyExport-CSV.zip,2026-08-22,"TTB Spirits Producers and Bottlers List: CA-S-20519; California ABC Daily Data Export: 00650518 (02, 07, 23)",Automated exact premise plus owner/DBA-token match in official ABC export: Type 23 file 00650518 (APPLE CART CIDER  LLC / GOLDEN STATE CIDER); Type 07 file 00650518 (APPLE CART CIDER  LLC / GOLDEN STATE CIDER); Type 02 file 00650518 (APPLE CART CIDER  LLC / GOLDEN STATE CIDER).
ca-ttb-304e8ddfb06a,"ALAMBIC, INC.","ALAMBIC, INC.",,"3001 S STATE ST STE 35, UKIAH, CA, 95482",UKIAH,CA,95482,CA-S-280,1,closed_or_unverifiable,"No operator, local-government, or exact-premise California ABC evidence was located in the completed review; the TTB listing verifies permit identity only.",unverifiable,,https://www.ttb.gov/public-information/foia/list-of-permittees,TTB Spirits Producers and Bottlers List,https://www.ttb.gov/public-information/foia/list-of-permittees,2026-08-22,TTB Spirits Producers and Bottlers List: CA-S-280,Conservative default after no completed individual evidence and no exact-premise owner/DBA match in California ABC daily data; not a finding of closure.
ca-ttb-311aa2b223ad,"MADBEV, INC.","MADBEV, INC.","MADBEV, INC.","2205 FIRST ST UNIT 107, SIMI VALLEY, CA, 93065",SIMI VALLEY,CA,93065,CA-S-20492,1,closed_or_unverifiable,"No operator, local-government, or exact-premise California ABC evidence was located in the completed review; the TTB listing verifies permit identity only.",unverifiable,,https://www.ttb.gov/public-information/foia/list-of-permittees,TTB Spirits Producers and Bottlers List,https://www.ttb.gov/public-information/foia/list-of-permittees,2026-08-22,TTB Spirits Producers and Bottlers List: CA-S-20492,Conservative default after no completed individual evidence and no exact-premise owner/DBA match in California ABC daily data; not a finding of closure.
ca-ttb-31545502c1c6,AUTRY CELLARS,STEPHEN P. AUTRY,AUTRY CELLARS,"5450 EDNA RD UNIT B, SAN LUIS OBISPO, CA, 93401",SAN LUIS OBISPO,CA,93401,CA-S-15129,1,closed_or_unverifiable,"No operator, local-government, or exact-premise California ABC evidence was located in the completed review; the TTB listing verifies permit identity only.",unverifiable,,https://www.ttb.gov/public-information/foia/list-of-permittees,TTB Spirits Producers and Bottlers List,https://www.ttb.gov/public-information/foia/list-of-permittees,2026-08-22,TTB Spirits Producers and Bottlers List: CA-S-15129,Conservative default after no completed individual evidence and no exact-premise owner/DBA match in California ABC daily data; not a finding of closure.
ca-ttb-31849f8ff922,"NEW ALCHEMY DISTILLING, LLC.","NEW ALCHEMY DISTILLING, LLC.",,"5050 ROBERT J MATHEWS PKWY STE 250, EL DORADO HILLS, CA, 95762",EL DORADO HILLS,CA,95762,CA-S-20111,1,closed_or_unverifiable,"No operator, local-government, or exact-premise California ABC evidence was located in the completed review; the TTB listing verifies permit identity only.",unverifiable,,https://www.ttb.gov/public-information/foia/list-of-permittees,TTB Spirits Producers and Bottlers List,https://www.ttb.gov/public-information/foia/list-of-permittees,2026-08-22,TTB Spirits Producers and Bottlers List: CA-S-20111,Conservative default after no completed individual evidence and no exact-premise owner/DBA match in California ABC daily data; not a finding of closure.
ca-ttb-32594eff9d3e,THE GOLD BAR SPIRITS COMPANY INC.,THE GOLD BAR SPIRITS COMPANY INC.,,"2505 MONARCH ST BLDG 22, ALAMEDA, CA, 94501",ALAMEDA,CA,94501,CA-S-20508,1,production_site,Official California ABC export shows a matching active brandy/distilled-spirits/craft-distiller licence at the TTB premise.,unknown,,https://www.abc.ca.gov/licensing/licensing-reports/,California ABC Daily Data Export,https://www.abc.ca.gov/wp-content/uploads/DailyExport-CSV.zip,2026-08-22,"TTB Spirits Producers and Bottlers List: CA-S-20508; California ABC Daily Data Export: 00659262 (01, 03, 06, 12, 74)",Automated exact premise plus owner/DBA-token match in official ABC export: Type 01 file 00659262 (THE GOLD BAR SPIRITS COMPANY INC. / GOLD BAR SPIRITS); Type 03 file 00659262 (THE GOLD BAR SPIRITS COMPANY INC. / GOLD BAR SPIRITS); Type 06 file 00659262 (THE GOLD BAR SPIRITS COMPANY INC. / GOLD BAR SPIRITS); Type 12 file 00659262 (THE GOLD BAR SPIRITS COMPANY INC. / GOLD BAR SPIRITS); Type 74 file 00659262 (THE GOLD BAR SPIRITS COMPANY INC. / GOLD BAR SPIRITS).
ca-ttb-342e2f11efa1,"Satellite Spirits, Inc.","SATELLITE SPIRITS, INCORPORATED","Satellite Spirits, Inc.","13346 E GRASS VALLEY AVE UNIT E, GRASS VALLEY, CA, 95945",GRASS VALLEY,CA,95945,CA-S-20227,1,closed_or_unverifiable,"No operator, local-government, or exact-premise California ABC evidence was located in the completed review; the TTB listing verifies permit identity only.",unverifiable,,https://www.ttb.gov/public-information/foia/list-of-permittees,TTB Spirits Producers and Bottlers List,https://www.ttb.gov/public-information/foia/list-of-permittees,2026-08-22,TTB Spirits Producers and Bottlers List: CA-S-20227,Conservative default after no completed individual evidence and no exact-premise owner/DBA match in California ABC daily data; not a finding of closure.
ca-ttb-3566d39778e4,"ASCENDANT SPIRITS, INC.","ASCENDANT SPIRITS, INC.",,"37 INDUSTRIAL WAY, BUELLTON, CA, 94327",BUELLTON,CA,94327,CA-S-20004,1,closed_or_unverifiable,"No operator, local-government, or exact-premise California ABC evidence was located in the completed review; the TTB listing verifies permit identity only.",unverifiable,,https://www.ttb.gov/public-information/foia/list-of-permittees,TTB Spirits Producers and Bottlers List,https://www.ttb.gov/public-information/foia/list-of-permittees,2026-08-22,TTB Spirits Producers and Bottlers List: CA-S-20004,Conservative default after no completed individual evidence and no exact-premise owner/DBA match in California ABC daily data; not a finding of closure.
ca-ttb-364f6c7e5684,Sabbatical Labs,"SABBATICAL LABS, LLC",Sabbatical Labs,"16021 W HIGHWAY 4, STOCKTON, CA, 95206",STOCKTON,CA,95206,CA-S-20290,1,closed_or_unverifiable,"No operator, local-government, or exact-premise California ABC evidence was located in the completed review; the TTB listing verifies permit identity only.",unverifiable,,https://www.ttb.gov/public-information/foia/list-of-permittees,TTB Spirits Producers and Bottlers List,https://www.ttb.gov/public-information/foia/list-of-permittees,2026-08-22,TTB Spirits Producers and Bottlers List: CA-S-20290,Conservative default after no completed individual evidence and no exact-premise owner/DBA match in California ABC daily data; not a finding of closure.
ca-ttb-3654e30cc0ca,"LUCKY29 LIQUORS, LLC","LUCKY29 LIQUORS, LLC",,"12424 GOLD FLAKE CT, RANCHO CORDOVA, CA, 95742",RANCHO CORDOVA,CA,95742,CA-S-20460,1,closed_or_unverifiable,"No operator, local-government, or exact-premise California ABC evidence was located in the completed review; the TTB listing verifies permit identity only.",unverifiable,,https://www.ttb.gov/public-information/foia/list-of-permittees,TTB Spirits Producers and Bottlers List,https://www.ttb.gov/public-information/foia/list-of-permittees,2026-08-22,TTB Spirits Producers and Bottlers List: CA-S-20460,Conservative default after no completed individual evidence and no exact-premise owner/DBA match in California ABC daily data; not a finding of closure.
ca-ttb-36ff3e7ef6af,Healdsburg Distillers,"HEALDSBURG DISTILLERS, INC.",Healdsburg Distillers,"1229 GROVE ST UNIT 8, HEALDSBURG, CA, 95448",HEALDSBURG,CA,95448,CA-S-20231,1,closed_or_unverifiable,"No operator, local-government, or exact-premise California ABC evidence was located in the completed review; the TTB listing verifies permit identity only.",unverifiable,,https://www.ttb.gov/public-information/foia/list-of-permittees,TTB Spirits Producers and Bottlers List,https://www.ttb.gov/public-information/foia/list-of-permittees,2026-08-22,TTB Spirits Producers and Bottlers List: CA-S-20231,Conservative default after no completed individual evidence and no exact-premise owner/DBA match in California ABC daily data; not a finding of closure.
ca-ttb-3714ef43168f,Building 43 Distillery,STEELTOWN WINERY LLC,Building 43 Distillery,"2440 MONARCH ST STE 100, ALAMEDA, CA, 94501",ALAMEDA,CA,94501,CA-S-20471,1,closed_or_unverifiable,"No operator, local-government, or exact-premise California ABC evidence was located in the completed review; the TTB listing verifies permit identity only.",unverifiable,,https://www.ttb.gov/public-information/foia/list-of-permittees,TTB Spirits Producers and Bottlers List,https://www.ttb.gov/public-information/foia/list-of-permittees,2026-08-22,TTB Spirits Producers and Bottlers List: CA-S-20471,Conservative default after no completed individual evidence and no exact-premise owner/DBA match in California ABC daily data; not a finding of closure.
ca-ttb-373e1f532f20,FRESNO STATE VINEYARDS,"THE AGRICULTURAL FOUNDATION OF CALIFORNIA STATE UNIVERSITY, FRESNO",FRESNO STATE VINEYARDS,"2360 E BARSTOW AVE, FRESNO, CA, 93740",FRESNO,CA,93740,CA-S-15064,1,production_site,Official California ABC export shows a matching active brandy/distilled-spirits/craft-distiller licence at the TTB premise.,unknown,,https://www.abc.ca.gov/licensing/licensing-reports/,California ABC Daily Data Export,https://www.abc.ca.gov/wp-content/uploads/DailyExport-CSV.zip,2026-08-22,"TTB Spirits Producers and Bottlers List: CA-S-15064; California ABC Daily Data Export: 00322058 (02, 04, 06)",Automated exact premise plus owner/DBA-token match in official ABC export: Type 06 file 00322058 (THE AGRICULTURAL FOUNDATION OF CALIFORNIA STATE UN / FRESNO STATE VINEYARDS); Type 04 file 00322058 (THE AGRICULTURAL FOUNDATION OF CALIFORNIA STATE UN / FRESNO STATE VINEYARDS); Type 02 file 00322058 (THE AGRICULTURAL FOUNDATION OF CALIFORNIA STATE UN / FRESNO STATE VINEYARDS).
ca-ttb-38364f3e8fe6,"APEX GLOBAL IMPORTS, INC.","APEX GLOBAL IMPORTS, INC.",,"1250 PIONEER WAY STE F, EL CAJON, CA, 92020",EL CAJON,CA,92020,CA-S-20458,1,closed_or_unverifiable,"No operator, local-government, or exact-premise California ABC evidence was located in the completed review; the TTB listing verifies permit identity only.",unverifiable,,https://www.ttb.gov/public-information/foia/list-of-permittees,TTB Spirits Producers and Bottlers List,https://www.ttb.gov/public-information/foia/list-of-permittees,2026-08-22,TTB Spirits Producers and Bottlers List: CA-S-20458,Conservative default after no completed individual evidence and no exact-premise owner/DBA match in California ABC daily data; not a finding of closure.
ca-ttb-385f2fda3186,Third Avenue Distillery,CAREN ANN FRIEDMAN,Third Avenue Distillery,"1235 3RD AVE, NAPA, CA, 94558",NAPA,CA,94558,CA-S-20214,1,closed_or_unverifiable,"No operator, local-government, or exact-premise California ABC evidence was located in the completed review; the TTB listing verifies permit identity only.",unverifiable,,https://www.ttb.gov/public-information/foia/list-of-permittees,TTB Spirits Producers and Bottlers List,https://www.ttb.gov/public-information/foia/list-of-permittees,2026-08-22,TTB Spirits Producers and Bottlers List: CA-S-20214,Conservative default after no completed individual evidence and no exact-premise owner/DBA match in California ABC daily data; not a finding of closure.
ca-ttb-38edeadafcfa,Cedar Crest Brewery and Winery,CEDAR CREST BREWERY AND WINERY LLC,Cedar Crest Brewery and Winery,"1475 PLACER ST BLDG B, REDDING, CA, 96001",REDDING,CA,96001,CA-S-20442,1,closed_or_unverifiable,"No operator, local-government, or exact-premise California ABC evidence was located in the completed review; the TTB listing verifies permit identity only.",unverifiable,,https://www.ttb.gov/public-information/foia/list-of-permittees,TTB Spirits Producers and Bottlers List,https://www.ttb.gov/public-information/foia/list-of-permittees,2026-08-22,TTB Spirits Producers and Bottlers List: CA-S-20442,Conservative default after no completed individual evidence and no exact-premise owner/DBA match in California ABC daily data; not a finding of closure.
ca-ttb-3903a449d389,"CUTWATER SPIRITS, LLC","CUTWATER SPIRITS, LLC",,"9750 DISTRIBUTION AVE, SAN DIEGO, CA, 92121",SAN DIEGO,CA,92121,CA-S-20148,1,production_site,Official California ABC export shows a matching active brandy/distilled-spirits/craft-distiller licence at the TTB premise.,unknown,,https://www.abc.ca.gov/licensing/licensing-reports/,California ABC Daily Data Export,https://www.abc.ca.gov/wp-content/uploads/DailyExport-CSV.zip,2026-08-22,"TTB Spirits Producers and Bottlers List: CA-S-20148; California ABC Daily Data Export: 00570747 (04, 06, 12)",Automated exact premise plus owner/DBA-token match in official ABC export: Type 06 file 00570747 (CUTWATER SPIRITS  LLC / ); Type 04 file 00570747 (CUTWATER SPIRITS  LLC / ); Type 12 file 00570747 (CUTWATER SPIRITS  LLC / ).
ca-ttb-39621c36c078,Drovers Distillery,AGIM NERGUTI,Drovers Distillery,"934 S MAIN ST UNIT Q, WILLITS, CA, 95490",WILLITS,CA,95490,CA-S-20392,1,closed_or_unverifiable,"No operator, local-government, or exact-premise California ABC evidence was located in the completed review; the TTB listing verifies permit identity only.",unverifiable,,https://www.ttb.gov/public-information/foia/list-of-permittees,TTB Spirits Producers and Bottlers List,https://www.ttb.gov/public-information/foia/list-of-permittees,2026-08-22,TTB Spirits Producers and Bottlers List: CA-S-20392,Conservative default after no completed individual evidence and no exact-premise owner/DBA match in California ABC daily data; not a finding of closure.
ca-ttb-39ff08e2ac7e,BLUME DISTILLATION LLC,BLUME DISTILLATION LLC,,"371 CALABASAS RD, WATSONVILLE, CA, 95076",WATSONVILLE,CA,95076,CA-S-20327,1,closed_or_unverifiable,"No operator, local-government, or exact-premise California ABC evidence was located in the completed review; the TTB listing verifies permit identity only.",unverifiable,,https://www.ttb.gov/public-information/foia/list-of-permittees,TTB Spirits Producers and Bottlers List,https://www.ttb.gov/public-information/foia/list-of-permittees,2026-08-22,TTB Spirits Producers and Bottlers List: CA-S-20327,Conservative default after no completed individual evidence and no exact-premise owner/DBA match in California ABC daily data; not a finding of closure.
ca-ttb-3a4713f8781e,BEAULIEU VINEYARD,TREASURY WINE ESTATES AMERICAS COMPANY,BEAULIEU VINEYARD,"1960 ST HELENA HWY, RUTHERFORD, CA, 94574",RUTHERFORD,CA,94574,CA-S-20361,1,closed_or_unverifiable,"No operator, local-government, or exact-premise California ABC evidence was located in the completed review; the TTB listing verifies permit identity only.",unverifiable,,https://www.ttb.gov/public-information/foia/list-of-permittees,TTB Spirits Producers and Bottlers List,https://www.ttb.gov/public-information/foia/list-of-permittees,2026-08-22,TTB Spirits Producers and Bottlers List: CA-S-20361,Conservative default after no completed individual evidence and no exact-premise owner/DBA match in California ABC daily data; not a finding of closure.
ca-ttb-3b32ae3bc18f,Old Possum Brewing Co.,"OLD POSSUM, LLC",Old Possum Brewing Co.,"357 SUTTON PL, SANTA ROSA, CA, 95407",SANTA ROSA,CA,95407,CA-S-20540,1,production_site,Official California ABC export shows a matching active brandy/distilled-spirits/craft-distiller licence at the TTB premise.,unknown,,https://www.abc.ca.gov/licensing/licensing-reports/,California ABC Daily Data Export,https://www.abc.ca.gov/wp-content/uploads/DailyExport-CSV.zip,2026-08-22,"TTB Spirits Producers and Bottlers List: CA-S-20540; California ABC Daily Data Export: 00569334 (06, 23, 74)",Automated exact premise plus owner/DBA-token match in official ABC export: Type 23 file 00569334 (OLD POSSUM LLC / OLD POSSUM BREWING CO); Type 06 file 00569334 (OLD POSSUM LLC / OLD POSSUM BREWING CO); Type 74 file 00569334 (OLD POSSUM LLC / OLD POSSUM BREWING CO).
ca-ttb-3b495c8a9709,Alamere Spirits,"AZLIA, INC.",Alamere Spirits,"24 GALLI DR UNIT 2, NOVATO, CA, 94949",NOVATO,CA,94949,CA-S-20272,1,closed_or_unverifiable,"No operator, local-government, or exact-premise California ABC evidence was located in the completed review; the TTB listing verifies permit identity only.",unverifiable,,https://www.ttb.gov/public-information/foia/list-of-permittees,TTB Spirits Producers and Bottlers List,https://www.ttb.gov/public-information/foia/list-of-permittees,2026-08-22,TTB Spirits Producers and Bottlers List: CA-S-20272,Conservative default after no completed individual evidence and no exact-premise owner/DBA match in California ABC daily data; not a finding of closure.
ca-ttb-3bc8aeeebdc9,Bin to Bottle,B2B NAPA LLC,Bin to Bottle,"110-122 CAMINO ORUGA, NAPA, CA, 94558",NAPA,CA,94558,CA-S-20585,1,needs_review,"Official California ABC export has an exact-premise identity match, but the listed licence type does not independently establish spirits production.",unknown,,https://www.abc.ca.gov/licensing/licensing-reports/,California ABC Daily Data Export,https://www.abc.ca.gov/wp-content/uploads/DailyExport-CSV.zip,2026-08-22,"TTB Spirits Producers and Bottlers List: CA-S-20585; California ABC Daily Data Export: 00438082 (02, 06, 09, 12, 17, 23, 24)",Automated exact premise plus owner/DBA-token match in official ABC export: Type 02 file 00438082 (BIN TO BOTTLE  LLC / BIN TO BOTTLE LLC); Type 06 file 00438082 (BIN TO BOTTLE  LLC / BIN TO BOTTLE LLC); Type 24 file 00438082 (BIN TO BOTTLE  LLC / BIN TO BOTTLE LLC); Type 23 file 00438082 (BIN TO BOTTLE  LLC / BIN TO BOTTLE LLC); Type 17 file 00438082 (BIN TO BOTTLE  LLC / BIN TO BOTTLE LLC); Type 12 file 00438082 (BIN TO BOTTLE  LLC / BIN TO BOTTLE LLC); Type 09 file 00438082 (BIN TO BOTTLE  LLC / BIN TO BOTTLE LLC).
ca-ttb-3c76683a7e05,"DONATI FAMILY VINEYARD, INC.","DONATI FAMILY VINEYARD, INC.",,"2720 OAK VIEW RD, TEMPLETON, CA, 93465",TEMPLETON,CA,93465,CA-S-20260,1,closed_or_unverifiable,"No operator, local-government, or exact-premise California ABC evidence was located in the completed review; the TTB listing verifies permit identity only.",unverifiable,,https://www.ttb.gov/public-information/foia/list-of-permittees,TTB Spirits Producers and Bottlers List,https://www.ttb.gov/public-information/foia/list-of-permittees,2026-08-22,TTB Spirits Producers and Bottlers List: CA-S-20260,Conservative default after no completed individual evidence and no exact-premise owner/DBA match in California ABC daily data; not a finding of closure.
ca-ttb-3d96bb2f9ac3,619 SPIRITS,619 SPIRITS,,"3019 LINCOLN AVE, SAN DIEGO, CA, 92104",SAN DIEGO,CA,92104,CA-S-20157,1,production_site,"Operator holds active California ABC Type 06 (Still) and Type 74 (Craft Distiller) licenses at the permit address, where they perform on-site small-batch vodka production.",open,https://619spirits.com/,https://www.abc.ca.gov/licensing/license-lookup/single-license/?RPTTYPE=12&LICENSE=571097,California ABC License Lookup,https://www.abc.ca.gov/licensing/license-lookup/single-license/?RPTTYPE=12&LICENSE=571097,2026-08-22,TTB Spirits Producers and Bottlers List: CA-S-20157,Permit address 3019 Lincoln Ave is part of the 3015-3019 Lincoln Ave complex; operator website confirms on-site distilling and bottling in North Park.
ca-ttb-3da5e244e1c9,Wise Caldwell Distillers,"WISE-CALDWELL DISTILLERS, LLC",Wise Caldwell Distillers,"68 COOMBS ST STE L6, NAPA, CA, 94559",NAPA,CA,94559,CA-S-20216,1,closed_or_unverifiable,"No operator, local-government, or exact-premise California ABC evidence was located in the completed review; the TTB listing verifies permit identity only.",unverifiable,,https://www.ttb.gov/public-information/foia/list-of-permittees,TTB Spirits Producers and Bottlers List,https://www.ttb.gov/public-information/foia/list-of-permittees,2026-08-22,TTB Spirits Producers and Bottlers List: CA-S-20216,Conservative default after no completed individual evidence and no exact-premise owner/DBA match in California ABC daily data; not a finding of closure.
ca-ttb-3daf27f07c06,"KLEIN FOODS, INC.","KLEIN FOODS, INC.",,"11455 OLD REDWOOD HWY, HEALDSBURG, CA, 95448",HEALDSBURG,CA,95448,CA-S-15142,1,production_site,Official California ABC export shows a matching active brandy/distilled-spirits/craft-distiller licence at the TTB premise.,unknown,,https://www.abc.ca.gov/licensing/licensing-reports/,California ABC Daily Data Export,https://www.abc.ca.gov/wp-content/uploads/DailyExport-CSV.zip,2026-08-22,"TTB Spirits Producers and Bottlers List: CA-S-15142; California ABC Daily Data Export: 00227526 (02, 04, 06, 09)",Automated exact premise plus owner/DBA-token match in official ABC export: Type 02 file 00227526 (KLEIN FOODS  INC. / RODNEY STRONG VINEYARDS); Type 06 file 00227526 (KLEIN FOODS  INC. / RODNEY STRONG VINEYARDS); Type 04 file 00227526 (KLEIN FOODS  INC. / RODNEY STRONG VINEYARDS); Type 09 file 00227526 (KLEIN FOODS  INC. / RODNEY STRONG VINEYARDS).
ca-ttb-3e287fb3755b,Old World Spirits,OLD WORLD SPIRITS L.L.C.,Old World Spirits,"12595 WATSONVILLE RD, MORGAN HILL, CA, 95037",MORGAN HILL,CA,95037,CA-S-15082,1,production_site,Official California ABC export shows a matching active brandy/distilled-spirits/craft-distiller licence at the TTB premise.,unknown,,https://www.abc.ca.gov/licensing/licensing-reports/,California ABC Daily Data Export,https://www.abc.ca.gov/wp-content/uploads/DailyExport-CSV.zip,2026-08-22,"TTB Spirits Producers and Bottlers List: CA-S-15082; California ABC Daily Data Export: 00646230 (02, 03, 06, 74)",Automated exact premise plus owner/DBA-token match in official ABC export: Type 02 file 00646230 (OLD WORLD SPIRITS LLC / OLD WORLD SPIRITS DBA KUCHAN CELLARS); Type 03 file 00646230 (OLD WORLD SPIRITS LLC / OLD WORLD SPIRITS DBA KUCHAN CELLARS); Type 06 file 00646230 (OLD WORLD SPIRITS LLC / OLD WORLD SPIRITS DBA KUCHAN CELLARS); Type 74 file 00646230 (OLD WORLD SPIRITS LLC / OLD WORLD SPIRITS DBA KUCHAN CELLARS).
ca-ttb-3e61656d6a45,JuneShine,"JUNESHINE, INC.",JuneShine,"10051 OLD GROVE RD, SAN DIEGO, CA, 92131",SAN DIEGO,CA,92131,CA-S-20393,1,bottling_only,Official California ABC export shows matching active manufacturer-agent/rectifier privileges but no matching active distilled-spirits production licence.,unknown,,https://www.abc.ca.gov/licensing/licensing-reports/,California ABC Daily Data Export,https://www.abc.ca.gov/wp-content/uploads/DailyExport-CSV.zip,2026-08-22,"TTB Spirits Producers and Bottlers List: CA-S-20393; California ABC Daily Data Export: 00603078, 00632243 (07, 09, 12, 23)",Automated exact premise plus owner/DBA-token match in official ABC export: Type 23 file 00603078 (JUNESHINE INC / JUNESHINE); Type 12 file 00632243 (JUNESHINE INC / JUNESHINE); Type 07 file 00632243 (JUNESHINE INC / JUNESHINE); Type 09 file 00603078 (JUNESHINE INC / JUNESHINE).
ca-ttb-3eebbe6cffc3,"MONTEREY WINE COMPANY, LLC","MONTEREY WINE COMPANY, LLC",,"1010 INDUSTRIAL WAY, KING CITY, CA, 93930",KING CITY,CA,93930,CA-S-372,1,production_site,Official California ABC export shows a matching active brandy/distilled-spirits/craft-distiller licence at the TTB premise.,unknown,,https://www.abc.ca.gov/licensing/licensing-reports/,California ABC Daily Data Export,https://www.abc.ca.gov/wp-content/uploads/DailyExport-CSV.zip,2026-08-22,"TTB Spirits Producers and Bottlers List: CA-S-372; California ABC Daily Data Export: 00388756 (02, 04, 06, 09, 12)",Automated exact premise plus owner/DBA-token match in official ABC export: Type 02 file 00388756 (MONTEREY WINE COMPANY LLC / MONTEREY WINE COMPANY); Type 06 file 00388756 (MONTEREY WINE COMPANY LLC / MONTEREY WINE COMPANY); Type 04 file 00388756 (MONTEREY WINE COMPANY LLC / MONTEREY WINE COMPANY); Type 12 file 00388756 (MONTEREY WINE COMPANY LLC / MONTEREY WINE COMPANY); Type 09 file 00388756 (MONTEREY WINE COMPANY LLC / MONTEREY WINE COMPANY).
ca-ttb-3f7dda7f3af2,Mistura/Nicola's Restaurant,NICOLA ALLEGRETTA & JACKELINE ORTIZ DE ZEVALLOS-ALLEGRETTA,Mistura/Nicola's Restaurant,"570 HIGUERA ST STE 105, SAN LUIS OBISPO, CA, 93401",SAN LUIS OBISPO,CA,93401,CA-S-20298,1,closed_or_unverifiable,"No operator, local-government, or exact-premise California ABC evidence was located in the completed review; the TTB listing verifies permit identity only.",unverifiable,,https://www.ttb.gov/public-information/foia/list-of-permittees,TTB Spirits Producers and Bottlers List,https://www.ttb.gov/public-information/foia/list-of-permittees,2026-08-22,TTB Spirits Producers and Bottlers List: CA-S-20298,Conservative default after no completed individual evidence and no exact-premise owner/DBA match in California ABC daily data; not a finding of closure.
ca-ttb-3ff25862830e,SMOOCH BEVERAGES USA INC,SMOOCH BEVERAGES USA INC,,"31220 LA BAYA DR UNIT 114, WESTLAKE VILLAGE, CA, 91362",WESTLAKE VILLAGE,CA,91362,CA-S-20160,1,closed_or_unverifiable,"No operator, local-government, or exact-premise California ABC evidence was located in the completed review; the TTB listing verifies permit identity only.",unverifiable,,https://www.ttb.gov/public-information/foia/list-of-permittees,TTB Spirits Producers and Bottlers List,https://www.ttb.gov/public-information/foia/list-of-permittees,2026-08-22,TTB Spirits Producers and Bottlers List: CA-S-20160,Conservative default after no completed individual evidence and no exact-premise owner/DBA match in California ABC daily data; not a finding of closure.
ca-ttb-4042f85fc4c0,Loyd Locvich and Elisa Swanson,LOYD LOCVICH AND ELISA SWANSON,Loyd Locvich and Elisa Swanson,"3133 BUTTE SLOUGH RD, COLUSA, CA, 95932",COLUSA,CA,95932,CA-S-20141,1,closed_or_unverifiable,"No operator, local-government, or exact-premise California ABC evidence was located in the completed review; the TTB listing verifies permit identity only.",unverifiable,,https://www.ttb.gov/public-information/foia/list-of-permittees,TTB Spirits Producers and Bottlers List,https://www.ttb.gov/public-information/foia/list-of-permittees,2026-08-22,TTB Spirits Producers and Bottlers List: CA-S-20141,Conservative default after no completed individual evidence and no exact-premise owner/DBA match in California ABC daily data; not a finding of closure.
ca-ttb-4117287abae4,Mosby Spirits,GARY RAY MOSBY,Mosby Spirits,"745 W BETTERAVIA RD, SANTA MARIA, CA, 93455",SANTA MARIA,CA,93455,CA-S-20385,1,closed_or_unverifiable,"No operator, local-government, or exact-premise California ABC evidence was located in the completed review; the TTB listing verifies permit identity only.",unverifiable,,https://www.ttb.gov/public-information/foia/list-of-permittees,TTB Spirits Producers and Bottlers List,https://www.ttb.gov/public-information/foia/list-of-permittees,2026-08-22,TTB Spirits Producers and Bottlers List: CA-S-20385,Conservative default after no completed individual evidence and no exact-premise owner/DBA match in California ABC daily data; not a finding of closure.
ca-ttb-419cbd87c62b,Sideways Spirits,"SIDEWAYS SPIRITS, INC.",Sideways Spirits,"41110 SANDALWOOD CIR UNIT 116, MURRIETA, CA, 92562",MURRIETA,CA,92562,CA-S-20060,1,closed_or_unverifiable,"No operator, local-government, or exact-premise California ABC evidence was located in the completed review; the TTB listing verifies permit identity only.",unverifiable,,https://www.ttb.gov/public-information/foia/list-of-permittees,TTB Spirits Producers and Bottlers List,https://www.ttb.gov/public-information/foia/list-of-permittees,2026-08-22,TTB Spirits Producers and Bottlers List: CA-S-20060,Conservative default after no completed individual evidence and no exact-premise owner/DBA match in California ABC daily data; not a finding of closure.
ca-ttb-42bfa786bc4b,Copper Cane Spirits,ISLA DE CALIFA LLC,Copper Cane Spirits,"819 MARIPOSA RD, MODESTO, CA, 95354",MODESTO,CA,95354,CA-S-20313,1,production_site,Official California ABC export shows a matching active brandy/distilled-spirits/craft-distiller licence at the TTB premise.,unknown,,https://www.abc.ca.gov/licensing/licensing-reports/,California ABC Daily Data Export,https://www.abc.ca.gov/wp-content/uploads/DailyExport-CSV.zip,2026-08-22,"TTB Spirits Producers and Bottlers List: CA-S-20313; California ABC Daily Data Export: 00607180 (06, 74)",Automated exact premise plus owner/DBA-token match in official ABC export: Type 06 file 00607180 (ISLA DE CALIFA LLC / COPPER CANE SPIRITS); Type 74 file 00607180 (ISLA DE CALIFA LLC / COPPER CANE SPIRITS).
ca-ttb-42da81d110a3,GEYSERVILLE WINERY,DUCKHORN WINE COMPANY,GEYSERVILLE WINERY,"19410 GEYSERVILLE AVE, GEYSERVILLE, CA, 95441",GEYSERVILLE,CA,95441,CA-S-20482,1,needs_review,"Official California ABC export has an exact-premise identity match, but the listed licence type does not independently establish spirits production.",unknown,,https://www.abc.ca.gov/licensing/licensing-reports/,California ABC Daily Data Export,https://www.abc.ca.gov/wp-content/uploads/DailyExport-CSV.zip,2026-08-22,"TTB Spirits Producers and Bottlers List: CA-S-20482; California ABC Daily Data Export: 00654602 (02, 06)",Automated exact premise plus owner/DBA-token match in official ABC export: Type 02 file 00654602 (DUCKHORN WINE COMPANY / GEYSERVILLE WINERY); Type 06 file 00654602 (DUCKHORN WINE COMPANY / GEYSERVILLE WINERY).
ca-ttb-43efdf38350f,LOS AMIGOS RESTAURANT,"RODRIGUEZ RAMIREZ, INC.",LOS AMIGOS RESTAURANT,"530 VALENCIA ST, SAN FRANCISCO, CA, 94110",SAN FRANCISCO,CA,94110,CA-S-20384,1,closed_or_unverifiable,"No operator, local-government, or exact-premise California ABC evidence was located in the completed review; the TTB listing verifies permit identity only.",unverifiable,,https://www.ttb.gov/public-information/foia/list-of-permittees,TTB Spirits Producers and Bottlers List,https://www.ttb.gov/public-information/foia/list-of-permittees,2026-08-22,TTB Spirits Producers and Bottlers List: CA-S-20384,Conservative default after no completed individual evidence and no exact-premise owner/DBA match in California ABC daily data; not a finding of closure.
ca-ttb-440028051f93,The Palm Spirings Spirits Company,MIMIDEX LLC,The Palm Spirings Spirits Company,"1130 N VALDIVA WAY STE B, PALM SPRINGS, CA, 92262",PALM SPRINGS,CA,92262,CA-S-20296,1,closed_or_unverifiable,"No operator, local-government, or exact-premise California ABC evidence was located in the completed review; the TTB listing verifies permit identity only.",unverifiable,,https://www.ttb.gov/public-information/foia/list-of-permittees,TTB Spirits Producers and Bottlers List,https://www.ttb.gov/public-information/foia/list-of-permittees,2026-08-22,TTB Spirits Producers and Bottlers List: CA-S-20296,Conservative default after no completed individual evidence and no exact-premise owner/DBA match in California ABC daily data; not a finding of closure.
ca-ttb-44fb58b8442f,STAG'S LEAP WINE CELLARS,"STAG'S LEAP WINE CELLARS, LLC",STAG'S LEAP WINE CELLARS,"5766 SILVERADO TRL, NAPA, CA, 94558",NAPA,CA,94558,CA-S-15042,1,production_site,Official California ABC export shows a matching active brandy/distilled-spirits/craft-distiller licence at the TTB premise.,unknown,,https://www.abc.ca.gov/licensing/licensing-reports/,California ABC Daily Data Export,https://www.abc.ca.gov/wp-content/uploads/DailyExport-CSV.zip,2026-08-22,"TTB Spirits Producers and Bottlers List: CA-S-15042; California ABC Daily Data Export: 00459819 (02, 04, 06, 09, 17)",Automated exact premise plus owner/DBA-token match in official ABC export: Type 02 file 00459819 (STAG'S LEAP WINE CELLARS  LLC / STAG'S LEAP WINE CELLARS); Type 04 file 00459819 (STAG'S LEAP WINE CELLARS  LLC / STAG'S LEAP WINE CELLARS); Type 06 file 00459819 (STAG'S LEAP WINE CELLARS  LLC / STAG'S LEAP WINE CELLARS); Type 17 file 00459819 (STAG'S LEAP WINE CELLARS  LLC / STAG'S LEAP WINE CELLARS); Type 09 file 00459819 (STAG'S LEAP WINE CELLARS  LLC / STAG'S LEAP WINE CELLARS).
ca-ttb-452357a9b4bd,MCCALL WINERIES & DISTILLERIES,E. & J. GALLO WINERY,MCCALL WINERIES & DISTILLERIES,"1042 S MCCALL AVE, SANGER, CA, 93657",SANGER,CA,93657,CA-S-379,1,production_site,Official California ABC export shows a matching active brandy/distilled-spirits/craft-distiller licence at the TTB premise.,unknown,,https://www.abc.ca.gov/licensing/licensing-reports/,California ABC Daily Data Export,https://www.abc.ca.gov/wp-content/uploads/DailyExport-CSV.zip,2026-08-22,"TTB Spirits Producers and Bottlers List: CA-S-379; California ABC Daily Data Export: 00397585, 00476686 (02, 03, 04, 06, 09, 12)",Automated exact premise plus owner/DBA-token match in official ABC export: Type 06 file 00397585 (E. & J. GALLO WINERY / MCCALL WINERIES & DISTILLERIES); Type 03 file 00397585 (E. & J. GALLO WINERY / MCCALL WINERIES & DISTILLERIES); Type 02 file 00476686 (E. & J. GALLO WINERY / MCCALL WINERIES & DISTILLERIES); Type 04 file 00397585 (E. & J. GALLO WINERY / MCCALL WINERIES & DISTILLERIES); Type 12 file 00397585 (E. & J. GALLO WINERY / MCCALL WINERIES & DISTILLERIES); Type 09 file 00476686 (E. & J. GALLO WINERY / MCCALL WINERIES & DISTILLERIES).
ca-ttb-457969b6068d,Old State Bourbon,OLD STATE DISTILLING LLC,Old State Bourbon,"4400 ASHE RD STE 207, BAKERSFIELD, CA, 93313",BAKERSFIELD,CA,93313,CA-S-20463,1,closed_or_unverifiable,"No operator, local-government, or exact-premise California ABC evidence was located in the completed review; the TTB listing verifies permit identity only.",unverifiable,,https://www.ttb.gov/public-information/foia/list-of-permittees,TTB Spirits Producers and Bottlers List,https://www.ttb.gov/public-information/foia/list-of-permittees,2026-08-22,TTB Spirits Producers and Bottlers List: CA-S-20463,Conservative default after no completed individual evidence and no exact-premise owner/DBA match in California ABC daily data; not a finding of closure.
ca-ttb-45de727ce462,You & Yours Distilling Co,"YOU & YOURS DISTILLING COMPANY, LLC",You & Yours Distilling Co,"1495 G ST, SAN DIEGO, CA, 92101",SAN DIEGO,CA,92101,CA-S-20151,1,needs_review,"Official California ABC export has an exact-premise identity match, but the listed licence type does not independently establish spirits production.",unknown,,https://www.abc.ca.gov/licensing/licensing-reports/,California ABC Daily Data Export,https://www.abc.ca.gov/wp-content/uploads/DailyExport-CSV.zip,2026-08-22,TTB Spirits Producers and Bottlers List: CA-S-20151; California ABC Daily Data Export: 00567260 (06),Automated exact premise plus owner/DBA-token match in official ABC export: Type 06 file 00567260 (YOU & YOURS DISTILLING COMPANY  LLC / YOU & YOURS DISTILLING CO.).
ca-ttb-4681b2f3d9e5,Dovecote Estate Winery,DOVECOTE LLC,Dovecote Estate Winery,"9229 ALISOS CANYON RD, LOS ALAMOS, CA, 93440",LOS ALAMOS,CA,93440,CA-S-20598,1,production_site,Official California ABC export shows a matching active brandy/distilled-spirits/craft-distiller licence at the TTB premise.,unknown,,https://www.abc.ca.gov/licensing/licensing-reports/,California ABC Daily Data Export,https://www.abc.ca.gov/wp-content/uploads/DailyExport-CSV.zip,2026-08-22,"TTB Spirits Producers and Bottlers List: CA-S-20598; California ABC Daily Data Export: 00583825 (02, 06, 74)",Automated exact premise plus owner/DBA-token match in official ABC export: Type 02 file 00583825 (DOVECOTE  LLC / DOVECOTE ESTATE WINERY); Type 06 file 00583825 (DOVECOTE  LLC / DOVECOTE ESTATE WINERY); Type 74 file 00583825 (DOVECOTE  LLC / DOVECOTE ESTATE WINERY).
ca-ttb-4740c89c7381,MAVRIK NORTH AMERICA LLC,MAVRIK NORTH AMERICA LLC,,"345 TESCONI CIR, SANTA ROSA, CA, 95401",SANTA ROSA,CA,95401,CA-S-15106,1,closed_or_unverifiable,"No operator, local-government, or exact-premise California ABC evidence was located in the completed review; the TTB listing verifies permit identity only.",unverifiable,,https://www.ttb.gov/public-information/foia/list-of-permittees,TTB Spirits Producers and Bottlers List,https://www.ttb.gov/public-information/foia/list-of-permittees,2026-08-22,TTB Spirits Producers and Bottlers List: CA-S-15106,Conservative default after no completed individual evidence and no exact-premise owner/DBA match in California ABC daily data; not a finding of closure.
ca-ttb-478ada75fc60,Raven Ranch Distillery,KMH ENTERPRISES LLC,Raven Ranch Distillery,"20111 306 AVE, EXETER, CA, 93221",EXETER,CA,93221,CA-S-20545,1,closed_or_unverifiable,"No operator, local-government, or exact-premise California ABC evidence was located in the completed review; the TTB listing verifies permit identity only.",unverifiable,,https://www.ttb.gov/public-information/foia/list-of-permittees,TTB Spirits Producers and Bottlers List,https://www.ttb.gov/public-information/foia/list-of-permittees,2026-08-22,TTB Spirits Producers and Bottlers List: CA-S-20545,Conservative default after no completed individual evidence and no exact-premise owner/DBA match in California ABC daily data; not a finding of closure.
ca-ttb-481b55cc674b,Sons & Dotters,SONS & DOTTERS LLC,Sons & Dotters,"4122 SORRENTO VALLEY BLVD STE 107, SAN DIEGO, CA, 92121",SAN DIEGO,CA,92121,CA-S-20485,1,closed_or_unverifiable,"No operator, local-government, or exact-premise California ABC evidence was located in the completed review; the TTB listing verifies permit identity only.",unverifiable,,https://www.ttb.gov/public-information/foia/list-of-permittees,TTB Spirits Producers and Bottlers List,https://www.ttb.gov/public-information/foia/list-of-permittees,2026-08-22,TTB Spirits Producers and Bottlers List: CA-S-20485,Conservative default after no completed individual evidence and no exact-premise owner/DBA match in California ABC daily data; not a finding of closure.
ca-ttb-4872ae6f1107,LA BORGATA,GERARDO DONATO IULIANO,LA BORGATA,"7539 PLEASANTS VALLEY RD, VACAVILLE, CA, 95688",VACAVILLE,CA,95688,CA-S-15086,1,closed_or_unverifiable,"No operator, local-government, or exact-premise California ABC evidence was located in the completed review; the TTB listing verifies permit identity only.",unverifiable,,https://www.ttb.gov/public-information/foia/list-of-permittees,TTB Spirits Producers and Bottlers List,https://www.ttb.gov/public-information/foia/list-of-permittees,2026-08-22,TTB Spirits Producers and Bottlers List: CA-S-15086,Conservative default after no completed individual evidence and no exact-premise owner/DBA match in California ABC daily data; not a finding of closure.
ca-ttb-48744a7b4561,"HALL WINES, LLC","HALL WINES, LLC",,"401 ST. HELENA HWY, SAINT HELENA, CA, 94574",SAINT HELENA,CA,94574,CA-S-15135,1,closed_or_unverifiable,"No operator, local-government, or exact-premise California ABC evidence was located in the completed review; the TTB listing verifies permit identity only.",unverifiable,,https://www.ttb.gov/public-information/foia/list-of-permittees,TTB Spirits Producers and Bottlers List,https://www.ttb.gov/public-information/foia/list-of-permittees,2026-08-22,TTB Spirits Producers and Bottlers List: CA-S-15135,Conservative default after no completed individual evidence and no exact-premise owner/DBA match in California ABC daily data; not a finding of closure.
ca-ttb-4888fb0abef9,South Bay Spirits,E&F ROBERTS DISTILLERIES INC.,South Bay Spirits,"695 QUINN AVE UNIT 2, SAN JOSE, CA, 95112",SAN JOSE,CA,95112,CA-S-20126,1,closed_or_unverifiable,"No operator, local-government, or exact-premise California ABC evidence was located in the completed review; the TTB listing verifies permit identity only.",unverifiable,,https://www.ttb.gov/public-information/foia/list-of-permittees,TTB Spirits Producers and Bottlers List,https://www.ttb.gov/public-information/foia/list-of-permittees,2026-08-22,TTB Spirits Producers and Bottlers List: CA-S-20126,Conservative default after no completed individual evidence and no exact-premise owner/DBA match in California ABC daily data; not a finding of closure.
ca-ttb-4928f20fc35a,JEPSON VINEYARDS,"STONECUSHION, INC.",JEPSON VINEYARDS,"10400 S HIGHWAY 101, HOPLAND, CA, 95449",HOPLAND,CA,95449,CA-S-15077,1,production_site,Official California ABC export shows a matching active brandy/distilled-spirits/craft-distiller licence at the TTB premise.,unknown,,https://www.abc.ca.gov/licensing/licensing-reports/,California ABC Daily Data Export,https://www.abc.ca.gov/wp-content/uploads/DailyExport-CSV.zip,2026-08-22,"TTB Spirits Producers and Bottlers List: CA-S-15077; California ABC Daily Data Export: 00475034 (02, 03, 06)",Automated exact premise plus owner/DBA-token match in official ABC export: Type 02 file 00475034 (STONECUSHION  INC. / JEPSON VINEYARDS); Type 03 file 00475034 (STONECUSHION  INC. / JEPSON VINEYARDS); Type 06 file 00475034 (STONECUSHION  INC. / JEPSON VINEYARDS).
ca-ttb-4960e4e98ad8,MARIAN FARMS,"MARIAN TRADING, LTD.",MARIAN FARMS,"2305 N ROLINDA AVE, FRESNO, CA, 93722",FRESNO,CA,93722,CA-S-15009,1,closed_or_unverifiable,"No operator, local-government, or exact-premise California ABC evidence was located in the completed review; the TTB listing verifies permit identity only.",unverifiable,,https://www.ttb.gov/public-information/foia/list-of-permittees,TTB Spirits Producers and Bottlers List,https://www.ttb.gov/public-information/foia/list-of-permittees,2026-08-22,TTB Spirits Producers and Bottlers List: CA-S-15009,Conservative default after no completed individual evidence and no exact-premise owner/DBA match in California ABC daily data; not a finding of closure.
ca-ttb-4aa31e21f55c,HALTER WINERY,HALTER WINERY LLC,HALTER WINERY,"8910 ADELAIDA RD, PASO ROBLES, CA, 93446",PASO ROBLES,CA,93446,CA-S-15007,1,production_site,Official California ABC export shows a matching active brandy/distilled-spirits/craft-distiller licence at the TTB premise.,unknown,,https://www.abc.ca.gov/licensing/licensing-reports/,California ABC Daily Data Export,https://www.abc.ca.gov/wp-content/uploads/DailyExport-CSV.zip,2026-08-22,"TTB Spirits Producers and Bottlers List: CA-S-15007; California ABC Daily Data Export: 00388245 (02, 04, 06, 09)",Automated exact premise plus owner/DBA-token match in official ABC export: Type 04 file 00388245 (HALTER WINERY LLC / HALTER RANCH VINEYARD); Type 06 file 00388245 (HALTER WINERY LLC / HALTER RANCH VINEYARD); Type 02 file 00388245 (HALTER WINERY LLC / HALTER RANCH VINEYARD); Type 09 file 00388245 (HALTER WINERY LLC / HALTER RANCH VINEYARD).
ca-ttb-4bc0b621f9d1,OLD TAVERN DISTILLERY LLC,OLD TAVERN DISTILLERY LLC,,"3443 RAMONA AVE STE 27A, SACRAMENTO, CA, 95826",SACRAMENTO,CA,95826,CA-S-20118,1,closed_or_unverifiable,"No operator, local-government, or exact-premise California ABC evidence was located in the completed review; the TTB listing verifies permit identity only.",unverifiable,,https://www.ttb.gov/public-information/foia/list-of-permittees,TTB Spirits Producers and Bottlers List,https://www.ttb.gov/public-information/foia/list-of-permittees,2026-08-22,TTB Spirits Producers and Bottlers List: CA-S-20118,Conservative default after no completed individual evidence and no exact-premise owner/DBA match in California ABC daily data; not a finding of closure.
ca-ttb-4c116fa91244,Hawk Feather WInery,"HAWK FEATHER WINERY, LLC",Hawk Feather WInery,"22875 MCCOURTNEY RD, GRASS VALLEY, CA, 95949",GRASS VALLEY,CA,95949,CA-S-20280,1,production_site,Official California ABC export shows a matching active brandy/distilled-spirits/craft-distiller licence at the TTB premise.,unknown,,https://www.abc.ca.gov/licensing/licensing-reports/,California ABC Daily Data Export,https://www.abc.ca.gov/wp-content/uploads/DailyExport-CSV.zip,2026-08-22,"TTB Spirits Producers and Bottlers List: CA-S-20280; California ABC Daily Data Export: 00603524 (02, 03, 06)",Automated exact premise plus owner/DBA-token match in official ABC export: Type 02 file 00603524 (HAWK FEATHER WINERY  LLC / HAWK FEATHER WINERY); Type 03 file 00603524 (HAWK FEATHER WINERY  LLC / HAWK FEATHER WINERY); Type 06 file 00603524 (HAWK FEATHER WINERY  LLC / HAWK FEATHER WINERY).
ca-ttb-4c1176eb89df,SOLOMON TOURNOUR CO.,CHRISTOPHER G. SOLOMON & GILDO TOURNOUR,SOLOMON TOURNOUR CO.,"5900 CENTRAL AVE, CALPELLA, CA, 95418",CALPELLA,CA,95418,CA-S-355,1,closed_or_unverifiable,"No operator, local-government, or exact-premise California ABC evidence was located in the completed review; the TTB listing verifies permit identity only.",unverifiable,,https://www.ttb.gov/public-information/foia/list-of-permittees,TTB Spirits Producers and Bottlers List,https://www.ttb.gov/public-information/foia/list-of-permittees,2026-08-22,TTB Spirits Producers and Bottlers List: CA-S-355,Conservative default after no completed individual evidence and no exact-premise owner/DBA match in California ABC daily data; not a finding of closure.
ca-ttb-4c3546399794,"ANHEUSER-BUSCH, LLC","ANHEUSER-BUSCH, LLC",,"15800 ROSCOE BLVD, LOS ANGELES, CA, 91406",LOS ANGELES,CA,91406,CA-S-20304,1,closed_or_unverifiable,"No operator, local-government, or exact-premise California ABC evidence was located in the completed review; the TTB listing verifies permit identity only.",unverifiable,,https://www.ttb.gov/public-information/foia/list-of-permittees,TTB Spirits Producers and Bottlers List,https://www.ttb.gov/public-information/foia/list-of-permittees,2026-08-22,TTB Spirits Producers and Bottlers List: CA-S-20304,Conservative default after no completed individual evidence and no exact-premise owner/DBA match in California ABC daily data; not a finding of closure.
ca-ttb-4c385dfdbabe,Phantom Ales,"OC CUSTOM WINE, INC.",Phantom Ales,"1211 N LAS BRISAS ST, ANAHEIM, CA, 92806",ANAHEIM,CA,92806,CA-S-20405,1,closed_or_unverifiable,"No operator, local-government, or exact-premise California ABC evidence was located in the completed review; the TTB listing verifies permit identity only.",unverifiable,,https://www.ttb.gov/public-information/foia/list-of-permittees,TTB Spirits Producers and Bottlers List,https://www.ttb.gov/public-information/foia/list-of-permittees,2026-08-22,TTB Spirits Producers and Bottlers List: CA-S-20405,Conservative default after no completed individual evidence and no exact-premise owner/DBA match in California ABC daily data; not a finding of closure.
ca-ttb-4c508626b4f9,"CONSTELLATION BRANDS U.S. OPERATIONS, INC.","CONSTELLATION BRANDS U.S. OPERATIONS, INC.",,"5950 E WOODBRIDGE RD R&D LAB, ACAMPO, CA, 95220",ACAMPO,CA,95220,CA-S-20375,1,closed_or_unverifiable,"No operator, local-government, or exact-premise California ABC evidence was located in the completed review; the TTB listing verifies permit identity only.",unverifiable,,https://www.ttb.gov/public-information/foia/list-of-permittees,TTB Spirits Producers and Bottlers List,https://www.ttb.gov/public-information/foia/list-of-permittees,2026-08-22,TTB Spirits Producers and Bottlers List: CA-S-20375,Conservative default after no completed individual evidence and no exact-premise owner/DBA match in California ABC daily data; not a finding of closure.
ca-ttb-4d873c6282eb,SNR PERFORMANCE LLC,SNR PERFORMANCE LLC,,"647 HIGUERA ST, SAN LUIS OBISPO, CA, 93401",SAN LUIS OBISPO,CA,93401,CA-S-20558,1,production_site,Official California ABC export shows a matching active brandy/distilled-spirits/craft-distiller licence at the TTB premise.,unknown,,https://www.abc.ca.gov/licensing/licensing-reports/,California ABC Daily Data Export,https://www.abc.ca.gov/wp-content/uploads/DailyExport-CSV.zip,2026-08-22,"TTB Spirits Producers and Bottlers List: CA-S-20558; California ABC Daily Data Export: 00667120 (06, 74)",Automated exact premise plus owner/DBA-token match in official ABC export: Type 06 file 00667120 (SNR PERFORMANCE LLC / BA START); Type 74 file 00667120 (SNR PERFORMANCE LLC / BA START).
ca-ttb-4dbff402c768,The Dancing Fox Winery & Brewery,"THE DANCING FOX WINERY & BREWERY, INC.",The Dancing Fox Winery & Brewery,"203 S SCHOOL ST, LODI, CA, 95240",LODI,CA,95240,CA-S-20247,1,production_site,Official California ABC export shows a matching active brandy/distilled-spirits/craft-distiller licence at the TTB premise.,unknown,,https://www.abc.ca.gov/licensing/licensing-reports/,California ABC Daily Data Export,https://www.abc.ca.gov/wp-content/uploads/DailyExport-CSV.zip,2026-08-22,"TTB Spirits Producers and Bottlers List: CA-S-20247; California ABC Daily Data Export: 00467115 (02, 06, 74, 81)",Automated exact premise plus owner/DBA-token match in official ABC export: Type 02 file 00467115 (THE DANCING FOX WINERY & BREWERY  INC / DANCING FOX WINERY & BREWERY THE); Type 06 file 00467115 (THE DANCING FOX WINERY & BREWERY  INC / DANCING FOX WINERY & BREWERY THE); Type 74 file 00467115 (THE DANCING FOX WINERY & BREWERY  INC / DANCING FOX WINERY & BREWERY THE); Type 81 file 00467115 (THE DANCING FOX WINERY & BREWERY  INC / DANCING FOX WINERY & BREWERY THE).
ca-ttb-4dd0d6f2b1c1,Bear River Distillery,"BEAR RIVER WINERY, LLC",Bear River Distillery,"2751 COMBIE RD, MEADOW VISTA, CA, 95722",MEADOW VISTA,CA,95722,CA-S-20145,1,closed_or_unverifiable,"No operator, local-government, or exact-premise California ABC evidence was located in the completed review; the TTB listing verifies permit identity only.",unverifiable,,https://www.ttb.gov/public-information/foia/list-of-permittees,TTB Spirits Producers and Bottlers List,https://www.ttb.gov/public-information/foia/list-of-permittees,2026-08-22,TTB Spirits Producers and Bottlers List: CA-S-20145,Conservative default after no completed individual evidence and no exact-premise owner/DBA match in California ABC daily data; not a finding of closure.
ca-ttb-4e5d9577470e,"BIG BRANDS CA, LLC","BIG BRANDS CA, LLC",,"8250 INDUSTRIAL AVE, ROSEVILLE, CA, 95678",ROSEVILLE,CA,95678,CA-S-20541,1,closed_or_unverifiable,"No operator, local-government, or exact-premise California ABC evidence was located in the completed review; the TTB listing verifies permit identity only.",unverifiable,,https://www.ttb.gov/public-information/foia/list-of-permittees,TTB Spirits Producers and Bottlers List,https://www.ttb.gov/public-information/foia/list-of-permittees,2026-08-22,TTB Spirits Producers and Bottlers List: CA-S-20541,Conservative default after no completed individual evidence and no exact-premise owner/DBA match in California ABC daily data; not a finding of closure.
ca-ttb-4e985b1fec1d,LUCANIA LIQUORS LLC,LUCANIA LIQUORS LLC,,"233 E HARRIS AVE UNIT D1, SOUTH SAN FRANCISCO, CA, 94080",SOUTH SAN FRANCISCO,CA,94080,CA-S-20437,1,bottling_only,Official California ABC export shows matching active manufacturer-agent/rectifier privileges but no matching active distilled-spirits production licence.,unknown,,https://www.abc.ca.gov/licensing/licensing-reports/,California ABC Daily Data Export,https://www.abc.ca.gov/wp-content/uploads/DailyExport-CSV.zip,2026-08-22,TTB Spirits Producers and Bottlers List: CA-S-20437; California ABC Daily Data Export: 00640298 (07),Automated exact premise plus owner/DBA-token match in official ABC export: Type 07 file 00640298 (LUCANIA LIQUORS LLC / LUCANIA LIQUORS LLC).
ca-ttb-4f7738e5d7d4,"Quarry Lake Winery, Sonoma","TPWC, INC.","Quarry Lake Winery, Sonoma","26200 ARNOLD DR, SONOMA, CA, 95476",SONOMA,CA,95476,CA-S-15087,1,needs_review,"Official California ABC export has an exact-premise identity match, but the listed licence type does not independently establish spirits production.",unknown,,https://www.abc.ca.gov/licensing/licensing-reports/,California ABC Daily Data Export,https://www.abc.ca.gov/wp-content/uploads/DailyExport-CSV.zip,2026-08-22,"TTB Spirits Producers and Bottlers List: CA-S-15087; California ABC Daily Data Export: 00394477 (02, 06)",Automated exact premise plus owner/DBA-token match in official ABC export: Type 06 file 00394477 (TPWC  INC. / QUARRY LAKE WINERY  SONOMA); Type 02 file 00394477 (TPWC  INC. / QUARRY LAKE WINERY  SONOMA).
ca-ttb-5007311891bc,TREASURY WINE ESTATES AMERICAS COMPANY,TREASURY WINE ESTATES AMERICAS COMPANY,,"2000 MAIN ST, ST. HELENA, CA, 94574",ST. HELENA,CA,94574,CA-S-20105,1,closed_or_unverifiable,"No operator, local-government, or exact-premise California ABC evidence was located in the completed review; the TTB listing verifies permit identity only.",unverifiable,,https://www.ttb.gov/public-information/foia/list-of-permittees,TTB Spirits Producers and Bottlers List,https://www.ttb.gov/public-information/foia/list-of-permittees,2026-08-22,TTB Spirits Producers and Bottlers List: CA-S-20105,Conservative default after no completed individual evidence and no exact-premise owner/DBA match in California ABC daily data; not a finding of closure.
ca-ttb-508dfabe9221,Pacific Coast Spirits,"HAMMOND & CO, LLC",Pacific Coast Spirits,"404 S COAST HWY, OCEANSIDE, CA, 92054",OCEANSIDE,CA,92054,CA-S-20158,1,production_site,Official California ABC export shows a matching active brandy/distilled-spirits/craft-distiller licence at the TTB premise.,unknown,,https://www.abc.ca.gov/licensing/licensing-reports/,California ABC Daily Data Export,https://www.abc.ca.gov/wp-content/uploads/DailyExport-CSV.zip,2026-08-22,"TTB Spirits Producers and Bottlers List: CA-S-20158; California ABC Daily Data Export: 00594053 (06, 74)",Automated exact premise plus owner/DBA-token match in official ABC export: Type 06 file 00594053 (HAMMOND & CO.  INC. / PACIFIC COAST SPIRITS); Type 74 file 00594053 (HAMMOND & CO.  INC. / PACIFIC COAST SPIRITS).
ca-ttb-50acb81071e2,Cantara Distillery,"MCB ENTERPRISES, INC.",Cantara Distillery,"126 N WOOD RD STE 104, CAMARILLO, CA, 93010",CAMARILLO,CA,93010,CA-S-20171,1,closed_or_unverifiable,"No operator, local-government, or exact-premise California ABC evidence was located in the completed review; the TTB listing verifies permit identity only.",unverifiable,,https://www.ttb.gov/public-information/foia/list-of-permittees,TTB Spirits Producers and Bottlers List,https://www.ttb.gov/public-information/foia/list-of-permittees,2026-08-22,TTB Spirits Producers and Bottlers List: CA-S-20171,Conservative default after no completed individual evidence and no exact-premise owner/DBA match in California ABC daily data; not a finding of closure.
ca-ttb-52bdb19b0146,"OPOLO WINES, LP, OPOLO MANAGEMENT LLC, GP","OPOLO WINES, LP, OPOLO MANAGEMENT LLC, GP",,"45 N MAIN ST, TEMPLETON, CA, 93465",TEMPLETON,CA,93465,CA-S-20181,1,production_site,Official California ABC export shows a matching active brandy/distilled-spirits/craft-distiller licence at the TTB premise.,unknown,,https://www.abc.ca.gov/licensing/licensing-reports/,California ABC Daily Data Export,https://www.abc.ca.gov/wp-content/uploads/DailyExport-CSV.zip,2026-08-22,"TTB Spirits Producers and Bottlers List: CA-S-20181; California ABC Daily Data Export: 00533264 (02, 06, 12, 14, 74, 94)",Automated exact premise plus owner/DBA-token match in official ABC export: Type 02 file 00533264 (OPOLO WINES L-PSHIP / WILLOW CREEK DISTILLERY); Type 06 file 00533264 (OPOLO WINES L-PSHIP / WILLOW CREEK DISTILLERY); Type 12 file 00533264 (OPOLO WINES L-PSHIP / WILLOW CREEK DISTILLERY); Type 14 file 00533264 (OPOLO WINES L-PSHIP / WILLOW CREEK DISTILLERY); Type 74 file 00533264 (OPOLO WINES L-PSHIP / WILLOW CREEK DISTILLERY); Type 94 file 00533264 (OPOLO WINES L-PSHIP / WILLOW CREEK DISTILLERY).
ca-ttb-52ee04ab5da4,GelatoLove,SKYLAR CREATIONS INC,GelatoLove,"5661 PALMER WAY STE C & D, CARLSBAD, CA, 92010",CARLSBAD,CA,92010,CA-S-20303,1,closed_or_unverifiable,"No operator, local-government, or exact-premise California ABC evidence was located in the completed review; the TTB listing verifies permit identity only.",unverifiable,,https://www.ttb.gov/public-information/foia/list-of-permittees,TTB Spirits Producers and Bottlers List,https://www.ttb.gov/public-information/foia/list-of-permittees,2026-08-22,TTB Spirits Producers and Bottlers List: CA-S-20303,Conservative default after no completed individual evidence and no exact-premise owner/DBA match in California ABC daily data; not a finding of closure.
ca-ttb-530f599992ee,Seven Days Cocktail Co.,SEVEN DAYS COCKTAIL CO. LLC,Seven Days Cocktail Co.,"1586 SUNLAND LN, COSTA MESA, CA, 92626",COSTA MESA,CA,92626,CA-S-20358,1,closed_or_unverifiable,"No operator, local-government, or exact-premise California ABC evidence was located in the completed review; the TTB listing verifies permit identity only.",unverifiable,,https://www.ttb.gov/public-information/foia/list-of-permittees,TTB Spirits Producers and Bottlers List,https://www.ttb.gov/public-information/foia/list-of-permittees,2026-08-22,TTB Spirits Producers and Bottlers List: CA-S-20358,Conservative default after no completed individual evidence and no exact-premise owner/DBA match in California ABC daily data; not a finding of closure.
ca-ttb-534d1b6fde1b,JUNGLE BEVERAGE COMPANY,JUNGLE BEVERAGE COMPANY,,"1440 JASON WAY UNIT 120, SANTA MARIA, CA, 93455",SANTA MARIA,CA,93455,CA-S-20531,1,closed_or_unverifiable,"No operator, local-government, or exact-premise California ABC evidence was located in the completed review; the TTB listing verifies permit identity only.",unverifiable,,https://www.ttb.gov/public-information/foia/list-of-permittees,TTB Spirits Producers and Bottlers List,https://www.ttb.gov/public-information/foia/list-of-permittees,2026-08-22,TTB Spirits Producers and Bottlers List: CA-S-20531,Conservative default after no completed individual evidence and no exact-premise owner/DBA match in California ABC daily data; not a finding of closure.
ca-ttb-542f3f5f730f,Calwise Spirits Co.,BERGH CORPORATION,Calwise Spirits Co.,"3340 RAMADA DR STE B, PASO ROBLES, CA, 93446",PASO ROBLES,CA,93446,CA-S-20208,1,closed_or_unverifiable,"No operator, local-government, or exact-premise California ABC evidence was located in the completed review; the TTB listing verifies permit identity only.",unverifiable,,https://www.ttb.gov/public-information/foia/list-of-permittees,TTB Spirits Producers and Bottlers List,https://www.ttb.gov/public-information/foia/list-of-permittees,2026-08-22,TTB Spirits Producers and Bottlers List: CA-S-20208,Conservative default after no completed individual evidence and no exact-premise owner/DBA match in California ABC daily data; not a finding of closure.
ca-ttb-54301b3a6fdb,Old Julian Vineyards & Winery,OLD JULIAN VINEYARDS & WINERY LLC,Old Julian Vineyards & Winery,"25352 E OLD JULIAN HWY, RAMONA, CA, 92065",RAMONA,CA,92065,CA-S-20338,1,production_site,Official California ABC export shows a matching active brandy/distilled-spirits/craft-distiller licence at the TTB premise.,unknown,,https://www.abc.ca.gov/licensing/licensing-reports/,California ABC Daily Data Export,https://www.abc.ca.gov/wp-content/uploads/DailyExport-CSV.zip,2026-08-22,"TTB Spirits Producers and Bottlers List: CA-S-20338; California ABC Daily Data Export: 00606775, 00616470 (02, 03, 06)",Automated exact premise plus owner/DBA-token match in official ABC export: Type 02 file 00606775 (OLD JULIAN VINEYARDS & WINERY LLC / OLD JULIAN VINEYARDS & WINERY); Type 03 file 00616470 (OLD JULIAN VINEYARDS & WINERY LLC / OLD JULIAN VINEYARDS & WINERY LLC); Type 06 file 00616470 (OLD JULIAN VINEYARDS & WINERY LLC / OLD JULIAN VINEYARDS & WINERY LLC).
ca-ttb-5431d6de1996,RKR BOTTLING LLC,RKR BOTTLING LLC,,"1554 FAYETTE ST, EL CAJON, CA, 92020",EL CAJON,CA,92020,CA-S-20295,1,closed_or_unverifiable,"No operator, local-government, or exact-premise California ABC evidence was located in the completed review; the TTB listing verifies permit identity only.",unverifiable,,https://www.ttb.gov/public-information/foia/list-of-permittees,TTB Spirits Producers and Bottlers List,https://www.ttb.gov/public-information/foia/list-of-permittees,2026-08-22,TTB Spirits Producers and Bottlers List: CA-S-20295,Conservative default after no completed individual evidence and no exact-premise owner/DBA match in California ABC daily data; not a finding of closure.
ca-ttb-544db9e8d387,Woods Beer & Wine Co.,"SURFACE AREA, LLC",Woods Beer & Wine Co.,"751 6TH ST STE A, SAN FRANCISCO, CA, 94130",SAN FRANCISCO,CA,94130,CA-S-20403,1,closed_or_unverifiable,"No operator, local-government, or exact-premise California ABC evidence was located in the completed review; the TTB listing verifies permit identity only.",unverifiable,,https://www.ttb.gov/public-information/foia/list-of-permittees,TTB Spirits Producers and Bottlers List,https://www.ttb.gov/public-information/foia/list-of-permittees,2026-08-22,TTB Spirits Producers and Bottlers List: CA-S-20403,Conservative default after no completed individual evidence and no exact-premise owner/DBA match in California ABC daily data; not a finding of closure.
ca-ttb-54627bd1e513,"DOMAINE CHARBAY, LLC","DOMAINE CHARBAY, LLC",,"4001 SPRING MOUNTAIN RD, ST. HELENA, CA, 94574",ST. HELENA,CA,94574,CA-S-20140,1,closed_or_unverifiable,"No operator, local-government, or exact-premise California ABC evidence was located in the completed review; the TTB listing verifies permit identity only.",unverifiable,,https://www.ttb.gov/public-information/foia/list-of-permittees,TTB Spirits Producers and Bottlers List,https://www.ttb.gov/public-information/foia/list-of-permittees,2026-08-22,TTB Spirits Producers and Bottlers List: CA-S-20140,Conservative default after no completed individual evidence and no exact-premise owner/DBA match in California ABC daily data; not a finding of closure.
ca-ttb-547ccbc596b3,"CALICRAFT, LLC","CALICRAFT, LLC",,"1501 MT DIABLO BLVD UNIT 200, WALNUT CREEK, CA, 94596",WALNUT CREEK,CA,94596,CA-S-20562,1,closed_or_unverifiable,"No operator, local-government, or exact-premise California ABC evidence was located in the completed review; the TTB listing verifies permit identity only.",unverifiable,,https://www.ttb.gov/public-information/foia/list-of-permittees,TTB Spirits Producers and Bottlers List,https://www.ttb.gov/public-information/foia/list-of-permittees,2026-08-22,TTB Spirits Producers and Bottlers List: CA-S-20562,Conservative default after no completed individual evidence and no exact-premise owner/DBA match in California ABC daily data; not a finding of closure.
ca-ttb-55bdd973ad24,VIE-DEL COMPANY,VIE-DEL COMPANY,,"11903 S CHESTNUT AVE, FRESNO, CA, 93725",FRESNO,CA,93725,CA-S-135,1,production_site,Official California ABC export shows a matching active brandy/distilled-spirits/craft-distiller licence at the TTB premise.,unknown,,https://www.abc.ca.gov/licensing/licensing-reports/,California ABC Daily Data Export,https://www.abc.ca.gov/wp-content/uploads/DailyExport-CSV.zip,2026-08-22,"TTB Spirits Producers and Bottlers List: CA-S-135; California ABC Daily Data Export: 00025884 (02, 04, 05, 06, 09, 11, 12, 14)",Automated exact premise plus owner/DBA-token match in official ABC export: Type 06 file 00025884 (VIE DEL COMPANY / VIE DEL COMPANY); Type 02 file 00025884 (VIE DEL COMPANY / VIE DEL COMPANY); Type 04 file 00025884 (VIE DEL COMPANY / VIE DEL COMPANY); Type 14 file 00025884 (VIE DEL COMPANY / VIE DEL COMPANY); Type 05 file 00025884 (VIE DEL COMPANY / VIE DEL COMPANY); Type 11 file 00025884 (VIE DEL COMPANY / VIE DEL COMPANY); Type 09 file 00025884 (VIE DEL COMPANY / VIE DEL COMPANY); Type 12 file 00025884 (VIE DEL COMPANY / VIE DEL COMPANY).
ca-ttb-55d198e7f79c,STERLING VINEYARDS,TREASURY WINE ESTATES AMERICAS COMPANY,STERLING VINEYARDS,"1111 DUNAWEAL LN, CALISTOGA, CA, 94515",CALISTOGA,CA,94515,CA-S-20132,1,needs_review,"Official California ABC export has an exact-premise identity match, but the listed licence type does not independently establish spirits production.",unknown,,https://www.abc.ca.gov/licensing/licensing-reports/,California ABC Daily Data Export,https://www.abc.ca.gov/wp-content/uploads/DailyExport-CSV.zip,2026-08-22,"TTB Spirits Producers and Bottlers List: CA-S-20132; California ABC Daily Data Export: 00572393 (02, 06)",Automated exact premise plus owner/DBA-token match in official ABC export: Type 02 file 00572393 (TREASURY WINE ESTATES AMERICAS COMPANY / STERLING VINEYARDS); Type 06 file 00572393 (TREASURY WINE ESTATES AMERICAS COMPANY / STERLING VINEYARDS).
ca-ttb-561b547a0c16,Chuparosa Vineyards,CAROLYN HARRIS AND PAUL HARRIS,Chuparosa Vineyards,"910 GEM LN, RAMONA, CA, 92065",RAMONA,CA,92065,CA-S-20402,1,needs_review,"Official California ABC export has an exact-premise identity match, but the listed licence type does not independently establish spirits production.",unknown,,https://www.abc.ca.gov/licensing/licensing-reports/,California ABC Daily Data Export,https://www.abc.ca.gov/wp-content/uploads/DailyExport-CSV.zip,2026-08-22,"TTB Spirits Producers and Bottlers List: CA-S-20402; California ABC Daily Data Export: 00442593 (02, 06)",Automated exact premise plus owner/DBA-token match in official ABC export: Type 02 file 00442593 (HARRIS  CAROLYN ANN / CHUPAROSA VINEYARDS); Type 06 file 00442593 (HARRIS  CAROLYN ANN / CHUPAROSA VINEYARDS).
ca-ttb-572b17f5ca1e,Bear and Eagle Products,HERMOZ PARSA,Bear and Eagle Products,"1425 E BORCHARD AVE, SANTA ANA, CA, 92705",SANTA ANA,CA,92705,CA-S-20124,1,production_site,Official California ABC export shows a matching active brandy/distilled-spirits/craft-distiller licence at the TTB premise.,unknown,,https://www.abc.ca.gov/licensing/licensing-reports/,California ABC Daily Data Export,https://www.abc.ca.gov/wp-content/uploads/DailyExport-CSV.zip,2026-08-22,"TTB Spirits Producers and Bottlers List: CA-S-20124; California ABC Daily Data Export: 00518284 (03, 06, 07)",Automated exact premise plus owner/DBA-token match in official ABC export: Type 03 file 00518284 (PARSA  HERMOZ / BEAR & EAGLE PRODUCTS); Type 06 file 00518284 (PARSA  HERMOZ / BEAR & EAGLE PRODUCTS); Type 07 file 00518284 (PARSA  HERMOZ / BEAR & EAGLE PRODUCTS).
ca-ttb-576e8bf0b59f,Harbour Farm and Vineyard,DAVID S. HARBOUR,Harbour Farm and Vineyard,"3326 HIGHWAY 67, RAMONA, CA, 92065",RAMONA,CA,92065,CA-S-20035,1,closed_or_unverifiable,"No operator, local-government, or exact-premise California ABC evidence was located in the completed review; the TTB listing verifies permit identity only.",unverifiable,,https://www.ttb.gov/public-information/foia/list-of-permittees,TTB Spirits Producers and Bottlers List,https://www.ttb.gov/public-information/foia/list-of-permittees,2026-08-22,TTB Spirits Producers and Bottlers List: CA-S-20035,Conservative default after no completed individual evidence and no exact-premise owner/DBA match in California ABC daily data; not a finding of closure.
ca-ttb-592d361a0529,Riley's Brewing,"THE RILEY'S BREWING COMPANY, INC.",Riley's Brewing,"28777 15 1/2 AVE, MADERA, CA, 93638",MADERA,CA,93638,CA-S-20125,1,closed_or_unverifiable,"No operator, local-government, or exact-premise California ABC evidence was located in the completed review; the TTB listing verifies permit identity only.",unverifiable,,https://www.ttb.gov/public-information/foia/list-of-permittees,TTB Spirits Producers and Bottlers List,https://www.ttb.gov/public-information/foia/list-of-permittees,2026-08-22,TTB Spirits Producers and Bottlers List: CA-S-20125,Conservative default after no completed individual evidence and no exact-premise owner/DBA match in California ABC daily data; not a finding of closure.
ca-ttb-596941540315,Home Base Spirits,KIN SPIRITS LLC,Home Base Spirits,"2619 SEVENTH ST STE B, BERKELEY, CA, 94710",BERKELEY,CA,94710,CA-S-20129,1,closed_or_unverifiable,"No operator, local-government, or exact-premise California ABC evidence was located in the completed review; the TTB listing verifies permit identity only.",unverifiable,,https://www.ttb.gov/public-information/foia/list-of-permittees,TTB Spirits Producers and Bottlers List,https://www.ttb.gov/public-information/foia/list-of-permittees,2026-08-22,TTB Spirits Producers and Bottlers List: CA-S-20129,Conservative default after no completed individual evidence and no exact-premise owner/DBA match in California ABC daily data; not a finding of closure.
ca-ttb-5a4c340862b8,THE WINE GROUP LLC,THE WINE GROUP LLC,,"17000 E STATE HIGHWAY 120, RIPON, CA, 95366",RIPON,CA,95366,CA-S-347,1,production_site,Official California ABC export shows a matching active brandy/distilled-spirits/craft-distiller licence at the TTB premise.,unknown,,https://www.abc.ca.gov/licensing/licensing-reports/,California ABC Daily Data Export,https://www.abc.ca.gov/wp-content/uploads/DailyExport-CSV.zip,2026-08-22,"TTB Spirits Producers and Bottlers List: CA-S-347; California ABC Daily Data Export: 00337074, 00519324 (02, 03, 06, 09, 11, 14, 17)",Automated exact premise plus owner/DBA-token match in official ABC export: Type 17 file 00519324 (THE WINE GROUP LLC / WINE GROUP THE); Type 02 file 00337074 (THE WINE GROUP LLC / FRANZIA WINERY); Type 03 file 00337074 (THE WINE GROUP LLC / FRANZIA WINERY); Type 06 file 00337074 (THE WINE GROUP LLC / FRANZIA WINERY); Type 14 file 00337074 (THE WINE GROUP LLC / FRANZIA WINERY); Type 11 file 00337074 (THE WINE GROUP LLC / FRANZIA WINERY); Type 09 file 00337074 (THE WINE GROUP LLC / FRANZIA WINERY).
ca-ttb-5a7480ca7da8,Geneseo Distillers,"GENESEO DISTILLERS, LLC",Geneseo Distillers,"7350 LINNE RD, PASO ROBLES, CA, 93446",PASO ROBLES,CA,93446,CA-S-20560,1,production_site,Official California ABC export shows a matching active brandy/distilled-spirits/craft-distiller licence at the TTB premise.,unknown,,https://www.abc.ca.gov/licensing/licensing-reports/,California ABC Daily Data Export,https://www.abc.ca.gov/wp-content/uploads/DailyExport-CSV.zip,2026-08-22,"TTB Spirits Producers and Bottlers List: CA-S-20560; California ABC Daily Data Export: 00541581, 00666185 (02, 06, 74, 81)",Automated exact premise plus owner/DBA-token match in official ABC export: Type 02 file 00541581 (GENESEO PARTNERS  L-PSHIP / CASS WINERY); Type 06 file 00666185 (GENESEO DISTILLERS  LLC / GENESEO DISTILLERS); Type 74 file 00666185 (GENESEO DISTILLERS  LLC / GENESEO DISTILLERS); Type 81 file 00541581 (GENESEO PARTNERS  L-PSHIP / CASS WINERY).
ca-ttb-5a8eb5472f4e,"Bushveld, Somerstate, Yacubelli Winery","YACUBELLI, LLC","Bushveld, Somerstate, Yacubelli Winery","2379 LA MIRADA DR, VISTA, CA, 92081",VISTA,CA,92081,CA-S-20432,1,closed_or_unverifiable,"No operator, local-government, or exact-premise California ABC evidence was located in the completed review; the TTB listing verifies permit identity only.",unverifiable,,https://www.ttb.gov/public-information/foia/list-of-permittees,TTB Spirits Producers and Bottlers List,https://www.ttb.gov/public-information/foia/list-of-permittees,2026-08-22,TTB Spirits Producers and Bottlers List: CA-S-20432,Conservative default after no completed individual evidence and no exact-premise owner/DBA match in California ABC daily data; not a finding of closure.
ca-ttb-5ac8f664b3d5,BRAND HOUSE WINES & SPIRITS LLC,BRAND HOUSE WINES & SPIRITS LLC,,"137 ANACAPA ST STE D, SANTA BARBARA, CA, 93101",SANTA BARBARA,CA,93101,CA-S-20283,1,closed_or_unverifiable,"No operator, local-government, or exact-premise California ABC evidence was located in the completed review; the TTB listing verifies permit identity only.",unverifiable,,https://www.ttb.gov/public-information/foia/list-of-permittees,TTB Spirits Producers and Bottlers List,https://www.ttb.gov/public-information/foia/list-of-permittees,2026-08-22,TTB Spirits Producers and Bottlers List: CA-S-20283,Conservative default after no completed individual evidence and no exact-premise owner/DBA match in California ABC daily data; not a finding of closure.
ca-ttb-5b2e34f1d71c,3 BADGE BEVERAGE CORPORATION,3 BADGE BEVERAGE CORPORATION,,"42625 JACKSON ST STE 111, INDIO, CA, 92203",INDIO,CA,92203,CA-S-20332,1,closed_or_unverifiable,"No operator, local-government, or exact-premise California ABC evidence was located in the completed review; the TTB listing verifies permit identity only.",unverifiable,,https://www.ttb.gov/public-information/foia/list-of-permittees,TTB Spirits Producers and Bottlers List,https://www.ttb.gov/public-information/foia/list-of-permittees,2026-08-22,TTB Spirits Producers and Bottlers List: CA-S-20332,Conservative default after no completed individual evidence and no exact-premise owner/DBA match in California ABC daily data; not a finding of closure.
ca-ttb-5b87770bed2c,DOMAINE CARNEROS,"DOMAINE CARNEROS, LTD.",DOMAINE CARNEROS,"1240 DUHIG ROAD, NAPA, CA, 94559",NAPA,CA,94559,CA-S-15088,1,closed_or_unverifiable,"No operator, local-government, or exact-premise California ABC evidence was located in the completed review; the TTB listing verifies permit identity only.",unverifiable,,https://www.ttb.gov/public-information/foia/list-of-permittees,TTB Spirits Producers and Bottlers List,https://www.ttb.gov/public-information/foia/list-of-permittees,2026-08-22,TTB Spirits Producers and Bottlers List: CA-S-15088,Conservative default after no completed individual evidence and no exact-premise owner/DBA match in California ABC daily data; not a finding of closure.
ca-ttb-5b9cc0c3134e,FERMCO,THE FERMENTATION COMPANY LLC,FERMCO,"8787 PLATA LN, ATASCADERO, CA, 93422",ATASCADERO,CA,93422,CA-S-20254,1,closed_or_unverifiable,"No operator, local-government, or exact-premise California ABC evidence was located in the completed review; the TTB listing verifies permit identity only.",unverifiable,,https://www.ttb.gov/public-information/foia/list-of-permittees,TTB Spirits Producers and Bottlers List,https://www.ttb.gov/public-information/foia/list-of-permittees,2026-08-22,TTB Spirits Producers and Bottlers List: CA-S-20254,Conservative default after no completed individual evidence and no exact-premise owner/DBA match in California ABC daily data; not a finding of closure.
ca-ttb-5be0ab6dde0d,"F. KORBEL & BROS., INC.","F. KORBEL & BROS., INC.",,"13250 RIVER RD, GUERNEVILLE, CA, 95446",GUERNEVILLE,CA,95446,CA-S-222,1,production_site,Official California ABC export shows a matching active brandy/distilled-spirits/craft-distiller licence at the TTB premise.,unknown,,https://www.abc.ca.gov/licensing/licensing-reports/,California ABC Daily Data Export,https://www.abc.ca.gov/wp-content/uploads/DailyExport-CSV.zip,2026-08-22,"TTB Spirits Producers and Bottlers List: CA-S-222; California ABC Daily Data Export: 00060960 (02, 03, 05, 09, 11, 12)",Automated exact premise plus owner/DBA-token match in official ABC export: Type 02 file 00060960 (F KORBEL & BROS INC / ); Type 03 file 00060960 (F KORBEL & BROS INC / ); Type 05 file 00060960 (F KORBEL & BROS INC / ); Type 09 file 00060960 (F KORBEL & BROS INC / ); Type 11 file 00060960 (F KORBEL & BROS INC / ); Type 12 file 00060960 (F KORBEL & BROS INC / ).
ca-ttb-5bee776dc0d6,HECK CELLARS,"F. KORBEL & BROS., INC.",HECK CELLARS,"15401 BEAR MOUNTAIN WINERY RD, DI GIORGIO, CA, 93203",DI GIORGIO,CA,93203,CA-S-302,1,production_site,Official California ABC export shows a matching active brandy/distilled-spirits/craft-distiller licence at the TTB premise.,unknown,,https://www.abc.ca.gov/licensing/licensing-reports/,California ABC Daily Data Export,https://www.abc.ca.gov/wp-content/uploads/DailyExport-CSV.zip,2026-08-22,"TTB Spirits Producers and Bottlers List: CA-S-302; California ABC Daily Data Export: 00265876, 00366503 (02, 03, 06, 09, 10, 11, 14)",Automated exact premise plus owner/DBA-token match in official ABC export: Type 14 file 00366503 (F KORBEL & BROS INC / HECK CELLARS); Type 02 file 00265876 (F KORBEL & BROS INC / HECK CELLARS); Type 03 file 00265876 (F KORBEL & BROS INC / HECK CELLARS); Type 10 file 00265876 (F KORBEL & BROS INC / HECK CELLARS); Type 06 file 00265876 (F KORBEL & BROS INC / HECK CELLARS); Type 11 file 00265876 (F KORBEL & BROS INC / HECK CELLARS); Type 09 file 00265876 (F KORBEL & BROS INC / HECK CELLARS).
ca-ttb-5c86fafde4ee,McHugh Company,HARRISON MCHUGH,McHugh Company,"760 BRYANT ST, SAN FRANCISCO, CA, 94107",SAN FRANCISCO,CA,94107,CA-S-20339,1,production_site,Official California ABC export shows a matching active brandy/distilled-spirits/craft-distiller licence at the TTB premise.,unknown,,https://www.abc.ca.gov/licensing/licensing-reports/,California ABC Daily Data Export,https://www.abc.ca.gov/wp-content/uploads/DailyExport-CSV.zip,2026-08-22,"TTB Spirits Producers and Bottlers List: CA-S-20339; California ABC Daily Data Export: 00620493 (06, 74)",Automated exact premise plus owner/DBA-token match in official ABC export: Type 06 file 00620493 (MCHUGH  HARRISON AARON / MCHUGH COMPANY); Type 74 file 00620493 (MCHUGH  HARRISON AARON / MCHUGH COMPANY).
ca-ttb-5e80e0947452,"VIGNETTE WINERY, LLC","VIGNETTE WINERY, LLC",,"45 ENTERPRISE CT UNIT 1,2,3,4,7, NAPA, CA, 94558",NAPA,CA,94558,CA-S-20605,1,closed_or_unverifiable,"No operator, local-government, or exact-premise California ABC evidence was located in the completed review; the TTB listing verifies permit identity only.",unverifiable,,https://www.ttb.gov/public-information/foia/list-of-permittees,TTB Spirits Producers and Bottlers List,https://www.ttb.gov/public-information/foia/list-of-permittees,2026-08-22,TTB Spirits Producers and Bottlers List: CA-S-20605,Conservative default after no completed individual evidence and no exact-premise owner/DBA match in California ABC daily data; not a finding of closure.
ca-ttb-5ea4f616f75f,"SOLOS TECHNOLOGY USA, INC.","SOLOS TECHNOLOGY USA, INC.",,"385 FELIZ CREEK RD, HOPLAND, CA, 95449",HOPLAND,CA,95449,CA-S-20574,1,closed_or_unverifiable,"No operator, local-government, or exact-premise California ABC evidence was located in the completed review; the TTB listing verifies permit identity only.",unverifiable,,https://www.ttb.gov/public-information/foia/list-of-permittees,TTB Spirits Producers and Bottlers List,https://www.ttb.gov/public-information/foia/list-of-permittees,2026-08-22,TTB Spirits Producers and Bottlers List: CA-S-20574,Conservative default after no completed individual evidence and no exact-premise owner/DBA match in California ABC daily data; not a finding of closure.
ca-ttb-5fce6dbfbef8,Pressman Spirits,PRESSMAN WINES LLC.,Pressman Spirits,"5142 COMMERCE AVE UNIT A, MOORPARK, CA, 93021",MOORPARK,CA,93021,CA-S-20578,1,closed_or_unverifiable,"No operator, local-government, or exact-premise California ABC evidence was located in the completed review; the TTB listing verifies permit identity only.",unverifiable,,https://www.ttb.gov/public-information/foia/list-of-permittees,TTB Spirits Producers and Bottlers List,https://www.ttb.gov/public-information/foia/list-of-permittees,2026-08-22,TTB Spirits Producers and Bottlers List: CA-S-20578,Conservative default after no completed individual evidence and no exact-premise owner/DBA match in California ABC daily data; not a finding of closure.
ca-ttb-6029ada6ff7a,Waterfowl Wine Company,DUCKHORN WINE COMPANY,Waterfowl Wine Company,"14100 MOUNTAIN HOUSE RD, HOPLAND, CA, 95449",HOPLAND,CA,95449,CA-S-20062,1,needs_review,"Official California ABC export has an exact-premise identity match, but the listed licence type does not independently establish spirits production.",unknown,,https://www.abc.ca.gov/licensing/licensing-reports/,California ABC Daily Data Export,https://www.abc.ca.gov/wp-content/uploads/DailyExport-CSV.zip,2026-08-22,"TTB Spirits Producers and Bottlers List: CA-S-20062; California ABC Daily Data Export: 00543711 (02, 06)",Automated exact premise plus owner/DBA-token match in official ABC export: Type 02 file 00543711 (DUCKHORN WINE COMPANY / WATERFOWL WINE COMPANY); Type 06 file 00543711 (DUCKHORN WINE COMPANY / WATERFOWL WINE COMPANY).
ca-ttb-604bc9607ef4,TWG Gonzales,THE WINE GROUP LLC,TWG Gonzales,"800 S ALTA ST, GONZALES, CA, 93926",GONZALES,CA,93926,CA-S-20546,1,needs_review,"Official California ABC export has an exact-premise identity match, but the listed licence type does not independently establish spirits production.",unknown,,https://www.abc.ca.gov/licensing/licensing-reports/,California ABC Daily Data Export,https://www.abc.ca.gov/wp-content/uploads/DailyExport-CSV.zip,2026-08-22,"TTB Spirits Producers and Bottlers List: CA-S-20546; California ABC Daily Data Export: 00438220, 00669112 (02, 06, 09, 11, 14, 17)",Automated exact premise plus owner/DBA-token match in official ABC export: Type 17 file 00438220 (CONSTELLATION BRANDS U.S. OPERATIONS  INC. / GONZALES WINERY); Type 09 file 00669112 (THE WINE GROUP LLC / TWG GONZALES); Type 09 file 00438220 (CONSTELLATION BRANDS U.S. OPERATIONS  INC. / GONZALES WINERY); Type 02 file 00669112 (THE WINE GROUP LLC / TWG GONZALES); Type 06 file 00669112 (THE WINE GROUP LLC / TWG GONZALES); Type 14 file 00669112 (THE WINE GROUP LLC / TWG GONZALES); Type 17 file 00669112 (THE WINE GROUP LLC / TWG GONZALES); Type 11 file 00669112 (THE WINE GROUP LLC / TWG GONZALES).
ca-ttb-6118f29aa2bb,Monteverdi Spirits,MONTEVERDI SPIRITS LLC,Monteverdi Spirits,"110 CAMINO ORUGA, NAPA, CA, 94558",NAPA,CA,94558,CA-S-20279,1,closed_or_unverifiable,"No operator, local-government, or exact-premise California ABC evidence was located in the completed review; the TTB listing verifies permit identity only.",unverifiable,,https://www.ttb.gov/public-information/foia/list-of-permittees,TTB Spirits Producers and Bottlers List,https://www.ttb.gov/public-information/foia/list-of-permittees,2026-08-22,TTB Spirits Producers and Bottlers List: CA-S-20279,Conservative default after no completed individual evidence and no exact-premise owner/DBA match in California ABC daily data; not a finding of closure.
ca-ttb-6126911576b2,WE ARE WICKED LLC,WE ARE WICKED LLC,,"1735 NATIONAL AVE STE A, SAN DIEGO, CA, 92113",SAN DIEGO,CA,92113,CA-S-20514,1,closed_or_unverifiable,"No operator, local-government, or exact-premise California ABC evidence was located in the completed review; the TTB listing verifies permit identity only.",unverifiable,,https://www.ttb.gov/public-information/foia/list-of-permittees,TTB Spirits Producers and Bottlers List,https://www.ttb.gov/public-information/foia/list-of-permittees,2026-08-22,TTB Spirits Producers and Bottlers List: CA-S-20514,Conservative default after no completed individual evidence and no exact-premise owner/DBA match in California ABC daily data; not a finding of closure.
ca-ttb-6179daf6d119,Coastal Spirits LLC,COASTAL SPIRITS LLC,Coastal Spirits LLC,"110 GLENN WAY UNIT 2, SAN CARLOS, CA, 94070",SAN CARLOS,CA,94070,CA-S-20063,1,closed_or_unverifiable,"No operator, local-government, or exact-premise California ABC evidence was located in the completed review; the TTB listing verifies permit identity only.",unverifiable,,https://www.ttb.gov/public-information/foia/list-of-permittees,TTB Spirits Producers and Bottlers List,https://www.ttb.gov/public-information/foia/list-of-permittees,2026-08-22,TTB Spirits Producers and Bottlers List: CA-S-20063,Conservative default after no completed individual evidence and no exact-premise owner/DBA match in California ABC daily data; not a finding of closure.
ca-ttb-6199d37c831c,Marsella Family Vineyards,JOHN GREGORY MARSELLA,Marsella Family Vineyards,"13480 ORANGE BLOSSOM RD, OAKDALE, CA, 95361",OAKDALE,CA,95361,CA-S-20351,1,needs_review,"Official California ABC export has an exact-premise identity match, but the listed licence type does not independently establish spirits production.",unknown,,https://www.abc.ca.gov/licensing/licensing-reports/,California ABC Daily Data Export,https://www.abc.ca.gov/wp-content/uploads/DailyExport-CSV.zip,2026-08-22,"TTB Spirits Producers and Bottlers List: CA-S-20351; California ABC Daily Data Export: 00622519 (02, 06)",Automated exact premise plus owner/DBA-token match in official ABC export: Type 02 file 00622519 (MARSELLA  JOHN GREGORY / MARSELLA FAMILY VINEYARDS); Type 06 file 00622519 (MARSELLA  JOHN GREGORY / MARSELLA FAMILY VINEYARDS).
ca-ttb-62a2e01f462c,LAKE BOTTOM BREWERY & DISTILLERY  LLC,LAKE BOTTOM BREWERY & DISTILLERY  LLC,,"1017 WHITLEY AVE, CORCORAN, CA, 93212",CORCORAN,CA,93212,CA-S-20229,1,closed_or_unverifiable,"No operator, local-government, or exact-premise California ABC evidence was located in the completed review; the TTB listing verifies permit identity only.",unverifiable,,https://www.ttb.gov/public-information/foia/list-of-permittees,TTB Spirits Producers and Bottlers List,https://www.ttb.gov/public-information/foia/list-of-permittees,2026-08-22,TTB Spirits Producers and Bottlers List: CA-S-20229,Conservative default after no completed individual evidence and no exact-premise owner/DBA match in California ABC daily data; not a finding of closure.
ca-ttb-636ac0710b5d,TRINCHERO FAMILY ESTATES,"SUTTER HOME WINERY, INC.",TRINCHERO FAMILY ESTATES,"100 ST. HELENA HWY, SAINT HELENA, CA, 94574",SAINT HELENA,CA,94574,CA-S-310,1,closed_or_unverifiable,"No operator, local-government, or exact-premise California ABC evidence was located in the completed review; the TTB listing verifies permit identity only.",unverifiable,,https://www.ttb.gov/public-information/foia/list-of-permittees,TTB Spirits Producers and Bottlers List,https://www.ttb.gov/public-information/foia/list-of-permittees,2026-08-22,TTB Spirits Producers and Bottlers List: CA-S-310,Conservative default after no completed individual evidence and no exact-premise owner/DBA match in California ABC daily data; not a finding of closure.
ca-ttb-636db093c0a5,Oceanside Distillers,"DS PROPERTY DEVELOPMENT, LLC",Oceanside Distillers,"3044 INDUSTRY ST STE 107, OCEANSIDE, CA, 92054",OCEANSIDE,CA,92054,CA-S-20121,1,closed_or_unverifiable,"No operator, local-government, or exact-premise California ABC evidence was located in the completed review; the TTB listing verifies permit identity only.",unverifiable,,https://www.ttb.gov/public-information/foia/list-of-permittees,TTB Spirits Producers and Bottlers List,https://www.ttb.gov/public-information/foia/list-of-permittees,2026-08-22,TTB Spirits Producers and Bottlers List: CA-S-20121,Conservative default after no completed individual evidence and no exact-premise owner/DBA match in California ABC daily data; not a finding of closure.
ca-ttb-63dc8c94c221,Drakes Brewing Co.,"ARTISAN BREWERS, LLC",Drakes Brewing Co.,"2325 BROADWAY, OAKLAND, CA, 94612",OAKLAND,CA,94612,CA-S-20552,1,production_site,Official California ABC export shows a matching active brandy/distilled-spirits/craft-distiller licence at the TTB premise.,unknown,,https://www.abc.ca.gov/licensing/licensing-reports/,California ABC Daily Data Export,https://www.abc.ca.gov/wp-content/uploads/DailyExport-CSV.zip,2026-08-22,"TTB Spirits Producers and Bottlers List: CA-S-20552; California ABC Daily Data Export: 00666899 (06, 23, 74)",Automated exact premise plus owner/DBA-token match in official ABC export: Type 23 file 00666899 (ARTISAN BREWERS LLC / DRAKES DEALERSHIP); Type 06 file 00666899 (ARTISAN BREWERS LLC / DRAKES DEALERSHIP); Type 74 file 00666899 (ARTISAN BREWERS LLC / DRAKES DEALERSHIP).
ca-ttb-648760fa6cbd,Firelit Spirits,FIRELIT SPIRITS LLC,Firelit Spirits,"453 W GATEWAY RD, NAPA, CA, 94558",NAPA,CA,94558,CA-S-20030,1,closed_or_unverifiable,"No operator, local-government, or exact-premise California ABC evidence was located in the completed review; the TTB listing verifies permit identity only.",unverifiable,,https://www.ttb.gov/public-information/foia/list-of-permittees,TTB Spirits Producers and Bottlers List,https://www.ttb.gov/public-information/foia/list-of-permittees,2026-08-22,TTB Spirits Producers and Bottlers List: CA-S-20030,Conservative default after no completed individual evidence and no exact-premise owner/DBA match in California ABC daily data; not a finding of closure.
ca-ttb-6557982f18bd,"BRENNTAG PACIFIC, LLC","BRENNTAG PACIFIC, LLC",,"10747 PATTERSON PL, SANTA FE SPRINGS, CA, 90670",SANTA FE SPRINGS,CA,90670,CA-S-20584,1,brand_or_office,"Official California ABC export shows matching active importer, wholesaler, broker, or agency privileges rather than a production licence.",unknown,,https://www.abc.ca.gov/licensing/licensing-reports/,California ABC Daily Data Export,https://www.abc.ca.gov/wp-content/uploads/DailyExport-CSV.zip,2026-08-22,TTB Spirits Producers and Bottlers List: CA-S-20584; California ABC Daily Data Export: 00611244 (19),Automated exact premise plus owner/DBA-token match in official ABC export: Type 19 file 00611244 (BRENNTAG PACIFIC  INC. / BRENNTAG PACIFIC  INC.).
ca-ttb-65fff4a13fdf,Good Bev Co.,GOOD BEVERAGE COMPANY INCORPORATED,Good Bev Co.,"3010 E CORONADO ST UNIT B, ANAHEIM, CA, 92806",ANAHEIM,CA,92806,CA-S-20412,1,closed_or_unverifiable,"No operator, local-government, or exact-premise California ABC evidence was located in the completed review; the TTB listing verifies permit identity only.",unverifiable,,https://www.ttb.gov/public-information/foia/list-of-permittees,TTB Spirits Producers and Bottlers List,https://www.ttb.gov/public-information/foia/list-of-permittees,2026-08-22,TTB Spirits Producers and Bottlers List: CA-S-20412,Conservative default after no completed individual evidence and no exact-premise owner/DBA match in California ABC daily data; not a finding of closure.
ca-ttb-661a11f99476,Birdview Estate & Distillery,BIRDVIEW ESTATE & DISTILLERY LLC,Birdview Estate & Distillery,"167 AVIADOR ST UNIT D, CAMARILLO, CA, 93010",CAMARILLO,CA,93010,CA-S-20034,1,closed_or_unverifiable,"No operator, local-government, or exact-premise California ABC evidence was located in the completed review; the TTB listing verifies permit identity only.",unverifiable,,https://www.ttb.gov/public-information/foia/list-of-permittees,TTB Spirits Producers and Bottlers List,https://www.ttb.gov/public-information/foia/list-of-permittees,2026-08-22,TTB Spirits Producers and Bottlers List: CA-S-20034,Conservative default after no completed individual evidence and no exact-premise owner/DBA match in California ABC daily data; not a finding of closure.
ca-ttb-66bf1abce536,Seven Stills Brewery and Distillery,"SEVEN STILLS, LLC",Seven Stills Brewery and Distillery,"1562 N SANTA FE AVE, VISTA, CA, 92083",VISTA,CA,92083,CA-S-20269,1,closed_or_unverifiable,"No operator, local-government, or exact-premise California ABC evidence was located in the completed review; the TTB listing verifies permit identity only.",unverifiable,,https://www.ttb.gov/public-information/foia/list-of-permittees,TTB Spirits Producers and Bottlers List,https://www.ttb.gov/public-information/foia/list-of-permittees,2026-08-22,TTB Spirits Producers and Bottlers List: CA-S-20269,Conservative default after no completed individual evidence and no exact-premise owner/DBA match in California ABC daily data; not a finding of closure.
ca-ttb-681f8d74b021,Desert Distilling,DESERT DISTILLING INC.,Desert Distilling,"34300 GATEWAY DR STE 100, PALM DESERT, CA, 92211",PALM DESERT,CA,92211,CA-S-20051,1,closed_or_unverifiable,"No operator, local-government, or exact-premise California ABC evidence was located in the completed review; the TTB listing verifies permit identity only.",unverifiable,,https://www.ttb.gov/public-information/foia/list-of-permittees,TTB Spirits Producers and Bottlers List,https://www.ttb.gov/public-information/foia/list-of-permittees,2026-08-22,TTB Spirits Producers and Bottlers List: CA-S-20051,Conservative default after no completed individual evidence and no exact-premise owner/DBA match in California ABC daily data; not a finding of closure.
ca-ttb-68230093b34e,"THE TRIPP DISTILLERY, LLC","THE TRIPP DISTILLERY, LLC",,"1121 PALMETTO AVE, PACIFICA, CA, 94044",PACIFICA,CA,94044,CA-S-20149,1,closed_or_unverifiable,"No operator, local-government, or exact-premise California ABC evidence was located in the completed review; the TTB listing verifies permit identity only.",unverifiable,,https://www.ttb.gov/public-information/foia/list-of-permittees,TTB Spirits Producers and Bottlers List,https://www.ttb.gov/public-information/foia/list-of-permittees,2026-08-22,TTB Spirits Producers and Bottlers List: CA-S-20149,Conservative default after no completed individual evidence and no exact-premise owner/DBA match in California ABC daily data; not a finding of closure.
ca-ttb-684fadfab517,AMERICAN CRAFT WHISKEY DISTILLERY,"TAMAR DISTILLERY, INC.",AMERICAN CRAFT WHISKEY DISTILLERY,"1110 BEL ARBRES DR #D, REDWOOD VALLEY, CA, 95470",REDWOOD VALLEY,CA,95470,CA-S-15091,1,closed_or_unverifiable,"No operator, local-government, or exact-premise California ABC evidence was located in the completed review; the TTB listing verifies permit identity only.",unverifiable,,https://www.ttb.gov/public-information/foia/list-of-permittees,TTB Spirits Producers and Bottlers List,https://www.ttb.gov/public-information/foia/list-of-permittees,2026-08-22,TTB Spirits Producers and Bottlers List: CA-S-15091,Conservative default after no completed individual evidence and no exact-premise owner/DBA match in California ABC daily data; not a finding of closure.
ca-ttb-685aca517f5e,DENNY BAR COMPANY LLC,DENNY BAR COMPANY LLC,,"511 MAIN ST, ETNA, CA, 96027",ETNA,CA,96027,CA-S-20163,1,production_site,"Denny Bar Company is a craft distillery, restaurant, and bar at 511 Main St, Etna, CA, with on-site production evidence including distillery tours and a dedicated distilling facility.",open,https://www.dennybarcompany.com/,https://www.dennybarcompany.com/distillery.html,Denny Bar Co. Official Website,https://www.dennybarcompany.com/,2026-08-22,TTB Spirits Producers and Bottlers List: CA-S-20163,"The site operates as a combined distillery, restaurant, and bar; on-site production is confirmed via the operator's website offering distillery tours and tasting of craft spirits. Official ABC exact-premise match: Type 06 file 00570989 (DENNY BAR COMPANY LLC / DENNY BAR COMPANY); Type 74 file 00570989 (DENNY BAR COMPANY LLC / DENNY BAR COMPANY)."
ca-ttb-689ff3b5e188,SIDDIQUI RUMS CORPORATION,SIDDIQUI RUMS CORPORATION,,"5900 PRUITT AVE UNIT 404, WINDSOR, CA, 95492",WINDSOR,CA,95492,CA-S-20146,1,closed_or_unverifiable,"No operator, local-government, or exact-premise California ABC evidence was located in the completed review; the TTB listing verifies permit identity only.",unverifiable,,https://www.ttb.gov/public-information/foia/list-of-permittees,TTB Spirits Producers and Bottlers List,https://www.ttb.gov/public-information/foia/list-of-permittees,2026-08-22,TTB Spirits Producers and Bottlers List: CA-S-20146,Conservative default after no completed individual evidence and no exact-premise owner/DBA match in California ABC daily data; not a finding of closure.
ca-ttb-694de5d0bedc,"JPB ROCKIN RUM, LLC","JPB ROCKIN RUM, LLC",,"2525 PIONEER AVE UNIT 3, VISTA, CA, 92081",VISTA,CA,92081,CA-S-20197,1,closed_or_unverifiable,"No operator, local-government, or exact-premise California ABC evidence was located in the completed review; the TTB listing verifies permit identity only.",unverifiable,,https://www.ttb.gov/public-information/foia/list-of-permittees,TTB Spirits Producers and Bottlers List,https://www.ttb.gov/public-information/foia/list-of-permittees,2026-08-22,TTB Spirits Producers and Bottlers List: CA-S-20197,Conservative default after no completed individual evidence and no exact-premise owner/DBA match in California ABC daily data; not a finding of closure.
ca-ttb-698490ec9f93,"BLINKING OWL DISTILLERY, LLC","BLINKING OWL DISTILLERY, LLC",,"802 E WASHINGTON AVE, SANTA ANA, CA, 92701",SANTA ANA,CA,92701,CA-S-20119,1,closed_or_unverifiable,"No operator, local-government, or exact-premise California ABC evidence was located in the completed review; the TTB listing verifies permit identity only.",unverifiable,,https://www.ttb.gov/public-information/foia/list-of-permittees,TTB Spirits Producers and Bottlers List,https://www.ttb.gov/public-information/foia/list-of-permittees,2026-08-22,TTB Spirits Producers and Bottlers List: CA-S-20119,Conservative default after no completed individual evidence and no exact-premise owner/DBA match in California ABC daily data; not a finding of closure.
ca-ttb-6a728ec02e4d,STAGLIN FAMILY VINEYARD LLC,STAGLIN FAMILY VINEYARD LLC,,"1570 BELLA OAKS LN, RUTHERFORD, CA, 94573",RUTHERFORD,CA,94573,CA-S-15010,1,needs_review,"Official California ABC export has an exact-premise identity match, but the listed licence type does not independently establish spirits production.",unknown,,https://www.abc.ca.gov/licensing/licensing-reports/,California ABC Daily Data Export,https://www.abc.ca.gov/wp-content/uploads/DailyExport-CSV.zip,2026-08-22,TTB Spirits Producers and Bottlers List: CA-S-15010; California ABC Daily Data Export: 00409345 (02),Automated exact premise plus owner/DBA-token match in official ABC export: Type 02 file 00409345 (STAGLIN FAMILY VINEYARD LLC / STAGLIN FAMILY VINEYARD).
ca-ttb-6af2032314df,TREFETHEN VINEYARDS,"TREFETHEN FAMILY WINERY, LLC",TREFETHEN VINEYARDS,"1160 OAK KNOLL AVE, NAPA, CA, 94558",NAPA,CA,94558,CA-S-15151,1,needs_review,"Official California ABC export has an exact-premise identity match, but the listed licence type does not independently establish spirits production.",unknown,,https://www.abc.ca.gov/licensing/licensing-reports/,California ABC Daily Data Export,https://www.abc.ca.gov/wp-content/uploads/DailyExport-CSV.zip,2026-08-22,"TTB Spirits Producers and Bottlers List: CA-S-15151; California ABC Daily Data Export: 00566432, 00672329 (02, 06)",Automated exact premise plus owner/DBA-token match in official ABC export: Type 06 file 00566432 (TREFETHEN FAMILY WINERY  LLC / TREFETHEN FAMILY VINEYARDS); Type 02 file 00566432 (TREFETHEN FAMILY WINERY  LLC / TREFETHEN FAMILY VINEYARDS); Type 02 file 00672329 (MATTHIASSON FAMILY VINEYARDS  LLC / MATTHIASSON FAMILY VINEYARDS  LLC).
ca-ttb-6c68b7da25f2,"UBLENDIT, INC.","UBLENDIT, INC.",,"440 KINGS VILLAGE RD BLDG 8 STE 8-2A & 8-2, SCOTTS VALLEY, CA, 95066",SCOTTS VALLEY,CA,95066,CA-S-20386,1,closed_or_unverifiable,"No operator, local-government, or exact-premise California ABC evidence was located in the completed review; the TTB listing verifies permit identity only.",unverifiable,,https://www.ttb.gov/public-information/foia/list-of-permittees,TTB Spirits Producers and Bottlers List,https://www.ttb.gov/public-information/foia/list-of-permittees,2026-08-22,TTB Spirits Producers and Bottlers List: CA-S-20386,Conservative default after no completed individual evidence and no exact-premise owner/DBA match in California ABC daily data; not a finding of closure.
ca-ttb-6cfec168596c,Helms Brewing Company,"HELM'S BREWING COMPANY, LLC",Helms Brewing Company,"5640 KEARNY MESA RD STE C, SAN DIEGO, CA, 92111",SAN DIEGO,CA,92111,CA-S-20285,1,closed_or_unverifiable,"No operator, local-government, or exact-premise California ABC evidence was located in the completed review; the TTB listing verifies permit identity only.",unverifiable,,https://www.ttb.gov/public-information/foia/list-of-permittees,TTB Spirits Producers and Bottlers List,https://www.ttb.gov/public-information/foia/list-of-permittees,2026-08-22,TTB Spirits Producers and Bottlers List: CA-S-20285,Conservative default after no completed individual evidence and no exact-premise owner/DBA match in California ABC daily data; not a finding of closure.
ca-ttb-6d959a49845c,The St. Barts Spirit Company,ST. BARTS SPIRIT COMPANY,The St. Barts Spirit Company,"201 DEVLIN RD, NAPA, CA, 94558",NAPA,CA,94558,CA-S-20297,1,bottling_only,Official California ABC export shows matching active manufacturer-agent/rectifier privileges but no matching active distilled-spirits production licence.,unknown,,https://www.abc.ca.gov/licensing/licensing-reports/,California ABC Daily Data Export,https://www.abc.ca.gov/wp-content/uploads/DailyExport-CSV.zip,2026-08-22,"TTB Spirits Producers and Bottlers List: CA-S-20297; California ABC Daily Data Export: 00602202 (05, 12)",Automated exact premise plus owner/DBA-token match in official ABC export: Type 05 file 00602202 (THE ST. BARTS SPIRIT COMPANY / THE ST BARTS SPIRIT COMPANY); Type 12 file 00602202 (THE ST. BARTS SPIRIT COMPANY / THE ST BARTS SPIRIT COMPANY).
ca-ttb-6dd2e38a1add,OPOLO WINES,"OPOLO WINES, LP, OPOLO MANAGEMENT LLC, GP",OPOLO WINES,"7110 VINEYARD DR, PASO ROBLES, CA, 93446",PASO ROBLES,CA,93446,CA-S-15136,1,production_site,Official California ABC export shows a matching active brandy/distilled-spirits/craft-distiller licence at the TTB premise.,unknown,,https://www.abc.ca.gov/licensing/licensing-reports/,California ABC Daily Data Export,https://www.abc.ca.gov/wp-content/uploads/DailyExport-CSV.zip,2026-08-22,"TTB Spirits Producers and Bottlers List: CA-S-15136; California ABC Daily Data Export: 00486859 (02, 06, 74)",Automated exact premise plus owner/DBA-token match in official ABC export: Type 06 file 00486859 (OPOLO WINES L-PSHIP / OPOLO); Type 02 file 00486859 (OPOLO WINES L-PSHIP / OPOLO); Type 74 file 00486859 (OPOLO WINES L-PSHIP / OPOLO).
ca-ttb-6e332d5315a1,THE GOLD BAR SPIRITS COMPANY INC.,THE GOLD BAR SPIRITS COMPANY INC.,,"750 6TH ST STE G, SAN FRANCISCO, CA, 94130",SAN FRANCISCO,CA,94130,CA-S-20277,1,closed_or_unverifiable,"No operator, local-government, or exact-premise California ABC evidence was located in the completed review; the TTB listing verifies permit identity only.",unverifiable,,https://www.ttb.gov/public-information/foia/list-of-permittees,TTB Spirits Producers and Bottlers List,https://www.ttb.gov/public-information/foia/list-of-permittees,2026-08-22,TTB Spirits Producers and Bottlers List: CA-S-20277,Conservative default after no completed individual evidence and no exact-premise owner/DBA match in California ABC daily data; not a finding of closure.
ca-ttb-6e40d428aae5,NAPA CRU LLC,NAPA CRU LLC,,"1735 ACTION AVE STE B, NAPA, CA, 94559",NAPA,CA,94559,CA-S-20466,1,closed_or_unverifiable,"No operator, local-government, or exact-premise California ABC evidence was located in the completed review; the TTB listing verifies permit identity only.",unverifiable,,https://www.ttb.gov/public-information/foia/list-of-permittees,TTB Spirits Producers and Bottlers List,https://www.ttb.gov/public-information/foia/list-of-permittees,2026-08-22,TTB Spirits Producers and Bottlers List: CA-S-20466,Conservative default after no completed individual evidence and no exact-premise owner/DBA match in California ABC daily data; not a finding of closure.
ca-ttb-6e520dd4cf7f,J. LOHR WINERY CORPORATION,J. LOHR WINERY CORPORATION,,"6169 AIRPORT RD, PASO ROBLES, CA, 93446",PASO ROBLES,CA,93446,CA-S-341,1,needs_review,"Official California ABC export has an exact-premise identity match, but the listed licence type does not independently establish spirits production.",unknown,,https://www.abc.ca.gov/licensing/licensing-reports/,California ABC Daily Data Export,https://www.abc.ca.gov/wp-content/uploads/DailyExport-CSV.zip,2026-08-22,"TTB Spirits Producers and Bottlers List: CA-S-341; California ABC Daily Data Export: 00297429 (02, 06)",Automated exact premise plus owner/DBA-token match in official ABC export: Type 06 file 00297429 (J. LOHR WINERY CORPORATION / J LOHR WINERY); Type 02 file 00297429 (J. LOHR WINERY CORPORATION / J LOHR WINERY).
ca-ttb-6fac1ee7cc6c,Goleta Red Distilling Company,REDHEAD SPIRITS LLC,Goleta Red Distilling Company,"93 CASTILIAN DR, GOLETA, CA, 93117",GOLETA,CA,93117,CA-S-20173,1,closed_or_unverifiable,"No operator, local-government, or exact-premise California ABC evidence was located in the completed review; the TTB listing verifies permit identity only.",unverifiable,,https://www.ttb.gov/public-information/foia/list-of-permittees,TTB Spirits Producers and Bottlers List,https://www.ttb.gov/public-information/foia/list-of-permittees,2026-08-22,TTB Spirits Producers and Bottlers List: CA-S-20173,Conservative default after no completed individual evidence and no exact-premise owner/DBA match in California ABC daily data; not a finding of closure.
ca-ttb-6fb94c1abed7,Pono Pacific Kitchen,PONO PACIFIC KITCHEN LLC,Pono Pacific Kitchen,"214 W GRAND AVE STE C, GROVER BEACH, CA, 93433",GROVER BEACH,CA,93433,CA-S-20533,1,production_site,Official California ABC export shows a matching active brandy/distilled-spirits/craft-distiller licence at the TTB premise.,unknown,,https://www.abc.ca.gov/licensing/licensing-reports/,California ABC Daily Data Export,https://www.abc.ca.gov/wp-content/uploads/DailyExport-CSV.zip,2026-08-22,"TTB Spirits Producers and Bottlers List: CA-S-20533; California ABC Daily Data Export: 00655702 (06, 74)",Automated exact premise plus owner/DBA-token match in official ABC export: Type 06 file 00655702 (PONO PACIFIC KITCHEN LLC / PONO PACIFIC KITCHEN); Type 74 file 00655702 (PONO PACIFIC KITCHEN LLC / PONO PACIFIC KITCHEN).
ca-ttb-70c312ca344f,"SPIRIT GUIDES, INC.","SPIRIT GUIDES, INC.",,"1431 TRUMAN ST STE J, SAN FERNANDO, CA, 91340",SAN FERNANDO,CA,91340,CA-S-20488,1,bottling_only,Official California ABC export shows matching active manufacturer-agent/rectifier privileges but no matching active distilled-spirits production licence.,unknown,,https://www.abc.ca.gov/licensing/licensing-reports/,California ABC Daily Data Export,https://www.abc.ca.gov/wp-content/uploads/DailyExport-CSV.zip,2026-08-22,TTB Spirits Producers and Bottlers List: CA-S-20488; California ABC Daily Data Export: 00648910 (07),Automated exact premise plus owner/DBA-token match in official ABC export: Type 07 file 00648910 (SPIRIT GUIDES  INC. / SPIRIT GUIDES).
ca-ttb-70c70a097491,Fall,"BREWERY AT THE TOP OF THE MOUNTAIN, LLC",Fall,"9550 DISTRIBUTION AVE, SAN DIEGO, CA, 92121",SAN DIEGO,CA,92121,CA-S-20583,1,production_site,Official California ABC export shows a matching active brandy/distilled-spirits/craft-distiller licence at the TTB premise.,unknown,,https://www.abc.ca.gov/licensing/licensing-reports/,California ABC Daily Data Export,https://www.abc.ca.gov/wp-content/uploads/DailyExport-CSV.zip,2026-08-22,"TTB Spirits Producers and Bottlers List: CA-S-20583; California ABC Daily Data Export: 00646899 (02, 06, 12, 23, 74, 77, 91)",Automated exact premise plus owner/DBA-token match in official ABC export: Type 23 file 00646899 (BREWERY AT THE TOP OF THE MOUNTAIN LLC / FALL BREWING COMPANY); Type 02 file 00646899 (BREWERY AT THE TOP OF THE MOUNTAIN LLC / FALL BREWING COMPANY); Type 06 file 00646899 (BREWERY AT THE TOP OF THE MOUNTAIN LLC / FALL BREWING COMPANY); Type 12 file 00646899 (BREWERY AT THE TOP OF THE MOUNTAIN LLC / FALL BREWING COMPANY); Type 77 file 00646899 (BREWERY AT THE TOP OF THE MOUNTAIN LLC / FALL BREWING COMPANY); Type 91 file 00646899 (BREWERY AT THE TOP OF THE MOUNTAIN LLC / FALL BREWING COMPANY); Type 74 file 00646899 (BREWERY AT THE TOP OF THE MOUNTAIN LLC / FALL BREWING COMPANY).
ca-ttb-719c8b6e803e,Heads and Tails Barbecue,HEADS AND TAILS BARBECUE LLC,Heads and Tails Barbecue,"2121 SAN PABLO AVE, BERKELEY, CA, 94702",BERKELEY,CA,94702,CA-S-20497,1,production_site,Official California ABC export shows a matching active brandy/distilled-spirits/craft-distiller licence at the TTB premise.,unknown,,https://www.abc.ca.gov/licensing/licensing-reports/,California ABC Daily Data Export,https://www.abc.ca.gov/wp-content/uploads/DailyExport-CSV.zip,2026-08-22,"TTB Spirits Producers and Bottlers List: CA-S-20497; California ABC Daily Data Export: 00656619 (06, 74)",Automated exact premise plus owner/DBA-token match in official ABC export: Type 06 file 00656619 (HEADS AND TAILS BARBECUE LLC / HEADS AND TAILS BARBECUE); Type 74 file 00656619 (HEADS AND TAILS BARBECUE LLC / HEADS AND TAILS BARBECUE).
ca-ttb-71ec5e4a4c76,THE CRAC BREWERY AND GRUB LLC,THE CRAC BREWERY AND GRUB LLC,,"117 E 162ND ST, GARDENA, CA, 90248",GARDENA,CA,90248,CA-S-20329,1,closed_or_unverifiable,"No operator, local-government, or exact-premise California ABC evidence was located in the completed review; the TTB listing verifies permit identity only.",unverifiable,,https://www.ttb.gov/public-information/foia/list-of-permittees,TTB Spirits Producers and Bottlers List,https://www.ttb.gov/public-information/foia/list-of-permittees,2026-08-22,TTB Spirits Producers and Bottlers List: CA-S-20329,Conservative default after no completed individual evidence and no exact-premise owner/DBA match in California ABC daily data; not a finding of closure.
ca-ttb-7298b5621b47,PREVAIL WINERY,"FOLEY FAMILY WINES, INC.",PREVAIL WINERY,"2450 HIGHWAY 128, GEYSERVILLE, CA, 95441",GEYSERVILLE,CA,95441,CA-S-20336,1,needs_review,"Official California ABC export has an exact-premise identity match, but the listed licence type does not independently establish spirits production.",unknown,,https://www.abc.ca.gov/licensing/licensing-reports/,California ABC Daily Data Export,https://www.abc.ca.gov/wp-content/uploads/DailyExport-CSV.zip,2026-08-22,"TTB Spirits Producers and Bottlers List: CA-S-20336; California ABC Daily Data Export: 00618776 (02, 06)",Automated exact premise plus owner/DBA-token match in official ABC export: Type 06 file 00618776 (FOLEY FAMILY WINES  INC. / PREVAIL WINERY); Type 02 file 00618776 (FOLEY FAMILY WINES  INC. / PREVAIL WINERY).
ca-ttb-729ba44df580,"BIG BRANDS ALCOHOLIC CO PACKING, LLC","BIG BRANDS ALCOHOLIC CO PACKING, LLC",,"490 3RD ST, LAKE ELSINORE, CA, 92530",LAKE ELSINORE,CA,92530,CA-S-20353,1,bottling_only,Official California ABC export shows matching active manufacturer-agent/rectifier privileges but no matching active distilled-spirits production licence.,unknown,,https://www.abc.ca.gov/licensing/licensing-reports/,California ABC Daily Data Export,https://www.abc.ca.gov/wp-content/uploads/DailyExport-CSV.zip,2026-08-22,"TTB Spirits Producers and Bottlers List: CA-S-20353; California ABC Daily Data Export: 00624310 (07, 09, 23)",Automated exact premise plus owner/DBA-token match in official ABC export: Type 07 file 00624310 (BIG BRANDS ALCOHOLIC CO PACKING  LLC / ); Type 23 file 00624310 (BIG BRANDS ALCOHOLIC CO PACKING  LLC / ); Type 09 file 00624310 (BIG BRANDS ALCOHOLIC CO PACKING  LLC / ).
ca-ttb-72b98908e9c8,"BRUTOCAO CELLARS, BRUTOCAO FAMILY ENTERPRISES, LLC, GP, BRUTOCAO","BRUTOCAO CELLARS, BRUTOCAO FAMILY ENTERPRISES, LLC, GP, BRUTOCAO",,"1400 HIGHWAY 175, HOPLAND, CA, 95449",HOPLAND,CA,95449,CA-S-15137,1,needs_review,"Official California ABC export has an exact-premise identity match, but the listed licence type does not independently establish spirits production.",unknown,,https://www.abc.ca.gov/licensing/licensing-reports/,California ABC Daily Data Export,https://www.abc.ca.gov/wp-content/uploads/DailyExport-CSV.zip,2026-08-22,"TTB Spirits Producers and Bottlers List: CA-S-15137; California ABC Daily Data Export: 00361601 (02, 06, 14, 81)",Automated exact premise plus owner/DBA-token match in official ABC export: Type 14 file 00361601 (BRUTOCAO CELLARS / BRUTOCAO CELLARS); Type 02 file 00361601 (BRUTOCAO CELLARS / BRUTOCAO CELLARS); Type 06 file 00361601 (BRUTOCAO CELLARS / BRUTOCAO CELLARS); Type 81 file 00361601 (BRUTOCAO CELLARS / BRUTOCAO CELLARS).
ca-ttb-741e01caa5e2,COLD COCKED BEVERAGE COMPANY,COLD COCKED BEVERAGES LLC,COLD COCKED BEVERAGE COMPANY,"2020 DENNISON ST STE 11, OAKLAND, CA, 94606",OAKLAND,CA,94606,CA-S-15090,1,closed_or_unverifiable,"No operator, local-government, or exact-premise California ABC evidence was located in the completed review; the TTB listing verifies permit identity only.",unverifiable,,https://www.ttb.gov/public-information/foia/list-of-permittees,TTB Spirits Producers and Bottlers List,https://www.ttb.gov/public-information/foia/list-of-permittees,2026-08-22,TTB Spirits Producers and Bottlers List: CA-S-15090,Conservative default after no completed individual evidence and no exact-premise owner/DBA match in California ABC daily data; not a finding of closure.
ca-ttb-745064f61274,Joseph Cellars Winery,"J. CELLARS INVESTMENTS, LLC",Joseph Cellars Winery,"4455 N ST HELENA HWY, CALISTOGA, CA, 94515",CALISTOGA,CA,94515,CA-S-20433,1,closed_or_unverifiable,"No operator, local-government, or exact-premise California ABC evidence was located in the completed review; the TTB listing verifies permit identity only.",unverifiable,,https://www.ttb.gov/public-information/foia/list-of-permittees,TTB Spirits Producers and Bottlers List,https://www.ttb.gov/public-information/foia/list-of-permittees,2026-08-22,TTB Spirits Producers and Bottlers List: CA-S-20433,Conservative default after no completed individual evidence and no exact-premise owner/DBA match in California ABC daily data; not a finding of closure.
ca-ttb-7455287e520e,WENTE BROS.,WENTE BROS.,,"5565 TESLA RD, LIVERMORE, CA, 94550",LIVERMORE,CA,94550,CA-S-338,1,needs_review,"Official California ABC export has an exact-premise identity match, but the listed licence type does not independently establish spirits production.",unknown,,https://www.abc.ca.gov/licensing/licensing-reports/,California ABC Daily Data Export,https://www.abc.ca.gov/wp-content/uploads/DailyExport-CSV.zip,2026-08-22,"TTB Spirits Producers and Bottlers List: CA-S-338; California ABC Daily Data Export: 00016581 (02, 81)",Automated exact premise plus owner/DBA-token match in official ABC export: Type 02 file 00016581 (WENTE BROS. / WENTE VINEYARDS); Type 81 file 00016581 (WENTE BROS. / WENTE VINEYARDS).
ca-ttb-751abc631f0d,Alamitos Vineyards,"ALAMITOS VINEYARDS, INC.",Alamitos Vineyards,"23505 ALAMITOS RD, SAN JOSE, CA, 95120",SAN JOSE,CA,95120,CA-S-20354,1,needs_review,"Official California ABC export has an exact-premise identity match, but the listed licence type does not independently establish spirits production.",unknown,,https://www.abc.ca.gov/licensing/licensing-reports/,California ABC Daily Data Export,https://www.abc.ca.gov/wp-content/uploads/DailyExport-CSV.zip,2026-08-22,"TTB Spirits Producers and Bottlers List: CA-S-20354; California ABC Daily Data Export: 00617992 (02, 06)",Automated exact premise plus owner/DBA-token match in official ABC export: Type 02 file 00617992 (ALAMITOS VINEYARDS INC / ALAMITOS VINEYARDS); Type 06 file 00617992 (ALAMITOS VINEYARDS INC / ALAMITOS VINEYARDS).
ca-ttb-770581ba2e0d,"LONGCREAUX DISTILLING CO., LLC","LONGCREAUX DISTILLING CO., LLC",,"12807 LONE STAR RD, AUBURN, CA, 95602",AUBURN,CA,95602,CA-S-20179,1,production_site,Official California ABC export shows a matching active brandy/distilled-spirits/craft-distiller licence at the TTB premise.,unknown,,https://www.abc.ca.gov/licensing/licensing-reports/,California ABC Daily Data Export,https://www.abc.ca.gov/wp-content/uploads/DailyExport-CSV.zip,2026-08-22,"TTB Spirits Producers and Bottlers List: CA-S-20179; California ABC Daily Data Export: 00616271 (06, 74)",Automated exact premise plus owner/DBA-token match in official ABC export: Type 06 file 00616271 (LONGCREAUX DISTILLING CO LLC / LONGCREAUX DISTILLING CO); Type 74 file 00616271 (LONGCREAUX DISTILLING CO LLC / LONGCREAUX DISTILLING CO).
ca-ttb-78801922f7ea,"Barrel Brothers Brewing Company, LLC","BARREL BROTHERS BREWING COMPANY, LLC","Barrel Brothers Brewing Company, LLC","399 BUSINESS PARK CT STE 506, WINDSOR, CA, 95492",WINDSOR,CA,95492,CA-S-20323,1,closed_or_unverifiable,"No operator, local-government, or exact-premise California ABC evidence was located in the completed review; the TTB listing verifies permit identity only.",unverifiable,,https://www.ttb.gov/public-information/foia/list-of-permittees,TTB Spirits Producers and Bottlers List,https://www.ttb.gov/public-information/foia/list-of-permittees,2026-08-22,TTB Spirits Producers and Bottlers List: CA-S-20323,Conservative default after no completed individual evidence and no exact-premise owner/DBA match in California ABC daily data; not a finding of closure.
ca-ttb-78c07792eca8,Lompoc Wine Factory,STEPHEN BRIDGE,Lompoc Wine Factory,"321 D ST, LOMPOC, CA, 93436",LOMPOC,CA,93436,CA-S-20271,1,closed_or_unverifiable,"No operator, local-government, or exact-premise California ABC evidence was located in the completed review; the TTB listing verifies permit identity only.",unverifiable,,https://www.ttb.gov/public-information/foia/list-of-permittees,TTB Spirits Producers and Bottlers List,https://www.ttb.gov/public-information/foia/list-of-permittees,2026-08-22,TTB Spirits Producers and Bottlers List: CA-S-20271,Conservative default after no completed individual evidence and no exact-premise owner/DBA match in California ABC daily data; not a finding of closure.
ca-ttb-7928f7b95693,"SNOW-LINE ORCHARD, LLC","SNOW-LINE ORCHARD, LLC",,"39400 OAK GLEN RD, YUCAIPA, CA, 92399",YUCAIPA,CA,92399,CA-S-20133,1,closed_or_unverifiable,"No operator, local-government, or exact-premise California ABC evidence was located in the completed review; the TTB listing verifies permit identity only.",unverifiable,,https://www.ttb.gov/public-information/foia/list-of-permittees,TTB Spirits Producers and Bottlers List,https://www.ttb.gov/public-information/foia/list-of-permittees,2026-08-22,TTB Spirits Producers and Bottlers List: CA-S-20133,Conservative default after no completed individual evidence and no exact-premise owner/DBA match in California ABC daily data; not a finding of closure.
ca-ttb-7975cbcec5c0,NEW DIRECTION FOODS INC.,NEW DIRECTION FOODS INC.,,"16321 GOTHARD ST STE D, HUNTINGTON BEACH, CA, 92647",HUNTINGTON BEACH,CA,92647,CA-S-20196,1,closed_or_unverifiable,"No operator, local-government, or exact-premise California ABC evidence was located in the completed review; the TTB listing verifies permit identity only.",unverifiable,,https://www.ttb.gov/public-information/foia/list-of-permittees,TTB Spirits Producers and Bottlers List,https://www.ttb.gov/public-information/foia/list-of-permittees,2026-08-22,TTB Spirits Producers and Bottlers List: CA-S-20196,Conservative default after no completed individual evidence and no exact-premise owner/DBA match in California ABC daily data; not a finding of closure.
ca-ttb-7a82c09c3631,CALIFORNIA NATURAL PRODUCTS,CALIFORNIA NATURAL PRODUCTS,,"1250 E LATHROP RD, LATHROP, CA, 95330",LATHROP,CA,95330,CA-S-15095,1,closed_or_unverifiable,"No operator, local-government, or exact-premise California ABC evidence was located in the completed review; the TTB listing verifies permit identity only.",unverifiable,,https://www.ttb.gov/public-information/foia/list-of-permittees,TTB Spirits Producers and Bottlers List,https://www.ttb.gov/public-information/foia/list-of-permittees,2026-08-22,TTB Spirits Producers and Bottlers List: CA-S-15095,Conservative default after no completed individual evidence and no exact-premise owner/DBA match in California ABC daily data; not a finding of closure.
ca-ttb-7bba5121bef6,"JEWELL DISTILLERY, INC.","JEWELL DISTILLERY, INC.",,"120 MONDA WAY UNIT C, BLUE LAKE, CA, 95525",BLUE LAKE,CA,95525,CA-S-20102,1,closed_or_unverifiable,"No operator, local-government, or exact-premise California ABC evidence was located in the completed review; the TTB listing verifies permit identity only.",unverifiable,,https://www.ttb.gov/public-information/foia/list-of-permittees,TTB Spirits Producers and Bottlers List,https://www.ttb.gov/public-information/foia/list-of-permittees,2026-08-22,TTB Spirits Producers and Bottlers List: CA-S-20102,Conservative default after no completed individual evidence and no exact-premise owner/DBA match in California ABC daily data; not a finding of closure.
ca-ttb-7bc94156116c,"SLO GENERAL STORE, LLC","SLO GENERAL STORE, LLC",,"3845 S HIGUERA ST STE 114, SAN LUIS OBISPO, CA, 93401",SAN LUIS OBISPO,CA,93401,CA-S-20536,1,closed_or_unverifiable,"No operator, local-government, or exact-premise California ABC evidence was located in the completed review; the TTB listing verifies permit identity only.",unverifiable,,https://www.ttb.gov/public-information/foia/list-of-permittees,TTB Spirits Producers and Bottlers List,https://www.ttb.gov/public-information/foia/list-of-permittees,2026-08-22,TTB Spirits Producers and Bottlers List: CA-S-20536,Conservative default after no completed individual evidence and no exact-premise owner/DBA match in California ABC daily data; not a finding of closure.
ca-ttb-7bcd9718e947,MOSSWOOD DISTILLERS INC.,MOSSWOOD DISTILLERS INC.,,"2619 7TH ST STE A, BERKELEY, CA, 94710",BERKELEY,CA,94710,CA-S-20025,1,closed_or_unverifiable,"No operator, local-government, or exact-premise California ABC evidence was located in the completed review; the TTB listing verifies permit identity only.",unverifiable,,https://www.ttb.gov/public-information/foia/list-of-permittees,TTB Spirits Producers and Bottlers List,https://www.ttb.gov/public-information/foia/list-of-permittees,2026-08-22,TTB Spirits Producers and Bottlers List: CA-S-20025,Conservative default after no completed individual evidence and no exact-premise owner/DBA match in California ABC daily data; not a finding of closure.
ca-ttb-7be04b67237e,CHATEAUNEUF-DU-FARGOSONINI LLC,CHATEAUNEUF-DU-FARGOSONINI LLC,,"14480 E ANNADALE AVE, SANGER, CA, 93657",SANGER,CA,93657,CA-S-20444,1,closed_or_unverifiable,"No operator, local-government, or exact-premise California ABC evidence was located in the completed review; the TTB listing verifies permit identity only.",unverifiable,,https://www.ttb.gov/public-information/foia/list-of-permittees,TTB Spirits Producers and Bottlers List,https://www.ttb.gov/public-information/foia/list-of-permittees,2026-08-22,TTB Spirits Producers and Bottlers List: CA-S-20444,Conservative default after no completed individual evidence and no exact-premise owner/DBA match in California ABC daily data; not a finding of closure.
ca-ttb-7cd5f79b5d5c,HERETIC BREWING COMPANY,HERETIC BREWING COMPANY,,"1052 HORIZON DR STE A, B, C, FAIRFIELD, CA, 94533",FAIRFIELD,CA,94533,CA-S-20159,1,closed_or_unverifiable,"No operator, local-government, or exact-premise California ABC evidence was located in the completed review; the TTB listing verifies permit identity only.",unverifiable,,https://www.ttb.gov/public-information/foia/list-of-permittees,TTB Spirits Producers and Bottlers List,https://www.ttb.gov/public-information/foia/list-of-permittees,2026-08-22,TTB Spirits Producers and Bottlers List: CA-S-20159,Conservative default after no completed individual evidence and no exact-premise owner/DBA match in California ABC daily data; not a finding of closure.
ca-ttb-7d0f43b82198,"ROCKY'S RIDGE VINEYARD,LLC","ROCKY'S RIDGE VINEYARD,LLC",,"22522 STATE HWY 299, BLUE LAKE, CA, 95525",BLUE LAKE,CA,95525,CA-S-20026,1,closed_or_unverifiable,"No operator, local-government, or exact-premise California ABC evidence was located in the completed review; the TTB listing verifies permit identity only.",unverifiable,,https://www.ttb.gov/public-information/foia/list-of-permittees,TTB Spirits Producers and Bottlers List,https://www.ttb.gov/public-information/foia/list-of-permittees,2026-08-22,TTB Spirits Producers and Bottlers List: CA-S-20026,Conservative default after no completed individual evidence and no exact-premise owner/DBA match in California ABC daily data; not a finding of closure.
ca-ttb-7d24d0786e13,"MOUNTAIN HOUSE DISTILLERY, LLC","MOUNTAIN HOUSE DISTILLERY, LLC",,"33714 HIGHWAY 128, CLOVERDALE, CA, 95425",CLOVERDALE,CA,95425,CA-S-20573,1,production_site,Official California ABC export shows a matching active brandy/distilled-spirits/craft-distiller licence at the TTB premise.,unknown,,https://www.abc.ca.gov/licensing/licensing-reports/,California ABC Daily Data Export,https://www.abc.ca.gov/wp-content/uploads/DailyExport-CSV.zip,2026-08-22,"TTB Spirits Producers and Bottlers List: CA-S-20573; California ABC Daily Data Export: 00675371 (06, 74)",Automated exact premise plus owner/DBA-token match in official ABC export: Type 06 file 00675371 (MOUNTAIN HOUSE DISTILLERY  LLC / MOUNTAIN HOUSE DISTILLERY  LLC); Type 74 file 00675371 (MOUNTAIN HOUSE DISTILLERY  LLC / MOUNTAIN HOUSE DISTILLERY  LLC).
ca-ttb-7d578a5dc6e7,JottShots!,"STUPID GOOD BEVERAGE COMPANY, LLC",JottShots!,"2568 CHANNEL DR STE A, VENTURA, CA, 93003",VENTURA,CA,93003,CA-S-20069,1,closed_or_unverifiable,"No operator, local-government, or exact-premise California ABC evidence was located in the completed review; the TTB listing verifies permit identity only.",unverifiable,,https://www.ttb.gov/public-information/foia/list-of-permittees,TTB Spirits Producers and Bottlers List,https://www.ttb.gov/public-information/foia/list-of-permittees,2026-08-22,TTB Spirits Producers and Bottlers List: CA-S-20069,Conservative default after no completed individual evidence and no exact-premise owner/DBA match in California ABC daily data; not a finding of closure.
ca-ttb-7d9b744974f7,California Tacos Cantina & Distillery,MICHAEL EDWARDS ENTERPRISE LLC,California Tacos Cantina & Distillery,"110 TANK FARM RD BLDG 6 STE 110 & 120, SAN LUIS OBISPO, CA, 93401",SAN LUIS OBISPO,CA,93401,CA-S-20365,1,closed_or_unverifiable,"No operator, local-government, or exact-premise California ABC evidence was located in the completed review; the TTB listing verifies permit identity only.",unverifiable,,https://www.ttb.gov/public-information/foia/list-of-permittees,TTB Spirits Producers and Bottlers List,https://www.ttb.gov/public-information/foia/list-of-permittees,2026-08-22,TTB Spirits Producers and Bottlers List: CA-S-20365,Conservative default after no completed individual evidence and no exact-premise owner/DBA match in California ABC daily data; not a finding of closure.
ca-ttb-7db59095eb0e,Nixtaco Mexican Kitchen & Distillery,NIXTACO,Nixtaco Mexican Kitchen & Distillery,"1805 CIRBY WAY STE 12, ROSEVILLE, CA, 95661",ROSEVILLE,CA,95661,CA-S-20294,1,closed_or_unverifiable,"No operator, local-government, or exact-premise California ABC evidence was located in the completed review; the TTB listing verifies permit identity only.",unverifiable,,https://www.ttb.gov/public-information/foia/list-of-permittees,TTB Spirits Producers and Bottlers List,https://www.ttb.gov/public-information/foia/list-of-permittees,2026-08-22,TTB Spirits Producers and Bottlers List: CA-S-20294,Conservative default after no completed individual evidence and no exact-premise owner/DBA match in California ABC daily data; not a finding of closure.
ca-ttb-7e11574d6012,AMERICAN OUTLAW SPIRITS INCORPORATED,AMERICAN OUTLAW SPIRITS INCORPORATED,,"10810 INLAND AVE, MIRA LOMA, CA, 91752",MIRA LOMA,CA,91752,CA-S-20169,1,bottling_only,Official California ABC export shows matching active manufacturer-agent/rectifier privileges but no matching active distilled-spirits production licence.,unknown,,https://www.abc.ca.gov/licensing/licensing-reports/,California ABC Daily Data Export,https://www.abc.ca.gov/wp-content/uploads/DailyExport-CSV.zip,2026-08-22,TTB Spirits Producers and Bottlers List: CA-S-20169; California ABC Daily Data Export: 00637125 (07),Automated exact premise plus owner/DBA-token match in official ABC export: Type 07 file 00637125 (AMERICAN OUTLAW SPIRITS INCORPORATED / AMERICAN OUTLAW SPIRITS INCORPORATED).
ca-ttb-7eeb7f780be7,ELIQS WEST COAST SPIRITS LLC,ELIQS WEST COAST SPIRITS LLC,,"411 W 157TH ST, GARDENA, CA, 90248",GARDENA,CA,90248,CA-S-20430,1,closed_or_unverifiable,"No operator, local-government, or exact-premise California ABC evidence was located in the completed review; the TTB listing verifies permit identity only.",unverifiable,,https://www.ttb.gov/public-information/foia/list-of-permittees,TTB Spirits Producers and Bottlers List,https://www.ttb.gov/public-information/foia/list-of-permittees,2026-08-22,TTB Spirits Producers and Bottlers List: CA-S-20430,Conservative default after no completed individual evidence and no exact-premise owner/DBA match in California ABC daily data; not a finding of closure.
ca-ttb-7f12d3533fe4,Frank Family Vineyards,TREASURY WINE ESTATES AMERICAS COMPANY,Frank Family Vineyards,"1091 LARKMEAD LN, CALISTOGA, CA, 94515",CALISTOGA,CA,94515,CA-S-20532,1,needs_review,"Official California ABC export has an exact-premise identity match, but the listed licence type does not independently establish spirits production.",unknown,,https://www.abc.ca.gov/licensing/licensing-reports/,California ABC Daily Data Export,https://www.abc.ca.gov/wp-content/uploads/DailyExport-CSV.zip,2026-08-22,"TTB Spirits Producers and Bottlers List: CA-S-20532; California ABC Daily Data Export: 00635735 (02, 06)",Automated exact premise plus owner/DBA-token match in official ABC export: Type 02 file 00635735 (TREASURY WINE ESTATES AMERICAS COMPANY / FRANK FAMILY VINEYARDS); Type 06 file 00635735 (TREASURY WINE ESTATES AMERICAS COMPANY / FRANK FAMILY VINEYARDS).
ca-ttb-7f7a71c9e372,COHOL LLC,COHOL LLC,,"2823 OFFICE CT, ROSAMOND, CA, 93560",ROSAMOND,CA,93560,CA-S-20076,1,production_site,Official California ABC export shows a matching active brandy/distilled-spirits/craft-distiller licence at the TTB premise.,unknown,,https://www.abc.ca.gov/licensing/licensing-reports/,California ABC Daily Data Export,https://www.abc.ca.gov/wp-content/uploads/DailyExport-CSV.zip,2026-08-22,"TTB Spirits Producers and Bottlers List: CA-S-20076; California ABC Daily Data Export: 00543164 (04, 06, 22, 23)",Automated exact premise plus owner/DBA-token match in official ABC export: Type 22 file 00543164 (COHOL LLC / ); Type 23 file 00543164 (COHOL LLC / ); Type 04 file 00543164 (COHOL LLC / ); Type 06 file 00543164 (COHOL LLC / ).
ca-ttb-80c2822ed576,HENDO'S BREWING AND SPIRITS LLC,HENDO'S BREWING AND SPIRITS LLC,,"27901 JEFFERSON AVE, TEMECULA, CA, 92590",TEMECULA,CA,92590,CA-S-20506,1,production_site,Official California ABC export shows a matching active brandy/distilled-spirits/craft-distiller licence at the TTB premise.,unknown,,https://www.abc.ca.gov/licensing/licensing-reports/,California ABC Daily Data Export,https://www.abc.ca.gov/wp-content/uploads/DailyExport-CSV.zip,2026-08-22,"TTB Spirits Producers and Bottlers List: CA-S-20506; California ABC Daily Data Export: 00657046 (06, 12, 23, 74)",Automated exact premise plus owner/DBA-token match in official ABC export: Type 23 file 00657046 (HENDO'S BREWING AND SPIRITS  LLC / HENDO'S BARRELL HOUSE); Type 06 file 00657046 (HENDO'S BREWING AND SPIRITS  LLC / HENDO'S BARRELL HOUSE); Type 12 file 00657046 (HENDO'S BREWING AND SPIRITS  LLC / HENDO'S BARRELL HOUSE); Type 74 file 00657046 (HENDO'S BREWING AND SPIRITS  LLC / HENDO'S BARRELL HOUSE).
ca-ttb-81434a5332f1,"SAVANNAH-CHANELLE VINEYARDS, INC.","SAVANNAH-CHANELLE VINEYARDS, INC.",,"23600 CONGRESS SPRINGS RD, SARATOGA, CA, 95070",SARATOGA,CA,95070,CA-S-15008,1,needs_review,"Official California ABC export has an exact-premise identity match, but the listed licence type does not independently establish spirits production.",unknown,,https://www.abc.ca.gov/licensing/licensing-reports/,California ABC Daily Data Export,https://www.abc.ca.gov/wp-content/uploads/DailyExport-CSV.zip,2026-08-22,TTB Spirits Producers and Bottlers List: CA-S-15008; California ABC Daily Data Export: 00306016 (02),Automated exact premise plus owner/DBA-token match in official ABC export: Type 02 file 00306016 (SAVANNAH CHANELLE VINEYARDS INC / SAVANNAH CHANELLE VINEYARDS INC).
ca-ttb-8226104697b2,"SEPCO DISTRIBUTION, INC.","SEPCO DISTRIBUTION, INC.",,"241 PRADO RD STE B, SAN LUIS OBISPO, CA, 93401",SAN LUIS OBISPO,CA,93401,CA-S-20344,1,closed_or_unverifiable,"No operator, local-government, or exact-premise California ABC evidence was located in the completed review; the TTB listing verifies permit identity only.",unverifiable,,https://www.ttb.gov/public-information/foia/list-of-permittees,TTB Spirits Producers and Bottlers List,https://www.ttb.gov/public-information/foia/list-of-permittees,2026-08-22,TTB Spirits Producers and Bottlers List: CA-S-20344,Conservative default after no completed individual evidence and no exact-premise owner/DBA match in California ABC daily data; not a finding of closure.
ca-ttb-823e8b4adc5b,REINSTEIN RANCH LLC,REINSTEIN RANCH LLC,,"8201 HIGHLAND RD, LIVERMORE, CA, 94551",LIVERMORE,CA,94551,CA-S-20223,1,closed_or_unverifiable,"No operator, local-government, or exact-premise California ABC evidence was located in the completed review; the TTB listing verifies permit identity only.",unverifiable,,https://www.ttb.gov/public-information/foia/list-of-permittees,TTB Spirits Producers and Bottlers List,https://www.ttb.gov/public-information/foia/list-of-permittees,2026-08-22,TTB Spirits Producers and Bottlers List: CA-S-20223,Conservative default after no completed individual evidence and no exact-premise owner/DBA match in California ABC daily data; not a finding of closure.
ca-ttb-8272fe144e66,G.V. THREE INTERNATIONAL,G. ROTTIE ENTERTAINMENT INC.,G.V. THREE INTERNATIONAL,"3822 W 139TH ST 20, HAWTHORNE, CA, 90250",HAWTHORNE,CA,90250,CA-S-15023,1,closed_or_unverifiable,"No operator, local-government, or exact-premise California ABC evidence was located in the completed review; the TTB listing verifies permit identity only.",unverifiable,,https://www.ttb.gov/public-information/foia/list-of-permittees,TTB Spirits Producers and Bottlers List,https://www.ttb.gov/public-information/foia/list-of-permittees,2026-08-22,TTB Spirits Producers and Bottlers List: CA-S-15023,Conservative default after no completed individual evidence and no exact-premise owner/DBA match in California ABC daily data; not a finding of closure.
ca-ttb-82a040657b91,TREANA WINERY,TREANA WINERY LLC,TREANA WINERY,"4280 SECONDWIND WAY, PASO ROBLES, CA, 93447",PASO ROBLES,CA,93447,CA-S-15028,1,closed_or_unverifiable,"No operator, local-government, or exact-premise California ABC evidence was located in the completed review; the TTB listing verifies permit identity only.",unverifiable,,https://www.ttb.gov/public-information/foia/list-of-permittees,TTB Spirits Producers and Bottlers List,https://www.ttb.gov/public-information/foia/list-of-permittees,2026-08-22,TTB Spirits Producers and Bottlers List: CA-S-15028,Conservative default after no completed individual evidence and no exact-premise owner/DBA match in California ABC daily data; not a finding of closure.
ca-ttb-836401e8d80b,Hotel Cerro San Luis Obispo,"AZ CONCESSIONS, LLC",Hotel Cerro San Luis Obispo,"1119 GARDEN ST, SAN LUIS OBISPO, CA, 93401",SAN LUIS OBISPO,CA,93401,CA-S-20527,1,production_site,Official California ABC export shows a matching active brandy/distilled-spirits/craft-distiller licence at the TTB premise.,unknown,,https://www.abc.ca.gov/licensing/licensing-reports/,California ABC Daily Data Export,https://www.abc.ca.gov/wp-content/uploads/DailyExport-CSV.zip,2026-08-22,"TTB Spirits Producers and Bottlers List: CA-S-20527; California ABC Daily Data Export: 00657220 (06, 74)",Automated exact premise plus owner/DBA-token match in official ABC export: Type 06 file 00657220 (AZ CONCESSIONS  LLC / HOTEL CERRO SAN LUIS OBISPO); Type 74 file 00657220 (AZ CONCESSIONS  LLC / HOTEL CERRO SAN LUIS OBISPO).
ca-ttb-839cf81118c6,SYMRISE INC.,SYMRISE INC.,,"332 FOREST AVE STE 5 & 7, LAGUNA BEACH, CA, 92651",LAGUNA BEACH,CA,92651,CA-S-20529,1,closed_or_unverifiable,"No operator, local-government, or exact-premise California ABC evidence was located in the completed review; the TTB listing verifies permit identity only.",unverifiable,,https://www.ttb.gov/public-information/foia/list-of-permittees,TTB Spirits Producers and Bottlers List,https://www.ttb.gov/public-information/foia/list-of-permittees,2026-08-22,TTB Spirits Producers and Bottlers List: CA-S-20529,Conservative default after no completed individual evidence and no exact-premise owner/DBA match in California ABC daily data; not a finding of closure.
ca-ttb-83b1c3603211,Ledson Winery & Vineyards,"LEDSON WINERY, LLC",Ledson Winery & Vineyards,"21692 8TH ST E STE 120, SONOMA, CA, 95476",SONOMA,CA,95476,CA-S-20513,1,closed_or_unverifiable,"No operator, local-government, or exact-premise California ABC evidence was located in the completed review; the TTB listing verifies permit identity only.",unverifiable,,https://www.ttb.gov/public-information/foia/list-of-permittees,TTB Spirits Producers and Bottlers List,https://www.ttb.gov/public-information/foia/list-of-permittees,2026-08-22,TTB Spirits Producers and Bottlers List: CA-S-20513,Conservative default after no completed individual evidence and no exact-premise owner/DBA match in California ABC daily data; not a finding of closure.
ca-ttb-8522de902d27,"SKYROCKET DISTILLERS, LLC","SKYROCKET DISTILLERS, LLC",,"44075 SANDIA CREEK DR, TEMECULA, CA, 92590",TEMECULA,CA,92590,CA-S-15000,1,closed_or_unverifiable,"No operator, local-government, or exact-premise California ABC evidence was located in the completed review; the TTB listing verifies permit identity only.",unverifiable,,https://www.ttb.gov/public-information/foia/list-of-permittees,TTB Spirits Producers and Bottlers List,https://www.ttb.gov/public-information/foia/list-of-permittees,2026-08-22,TTB Spirits Producers and Bottlers List: CA-S-15000,Conservative default after no completed individual evidence and no exact-premise owner/DBA match in California ABC daily data; not a finding of closure.
ca-ttb-856913af57c5,"REDWOOD BEVERAGE GROUP, LLC","REDWOOD BEVERAGE GROUP, LLC",,"2286 STONE BLVD, WEST SACRAMENTO, CA, 95651",WEST SACRAMENTO,CA,95651,CA-S-20579,1,closed_or_unverifiable,"No operator, local-government, or exact-premise California ABC evidence was located in the completed review; the TTB listing verifies permit identity only.",unverifiable,,https://www.ttb.gov/public-information/foia/list-of-permittees,TTB Spirits Producers and Bottlers List,https://www.ttb.gov/public-information/foia/list-of-permittees,2026-08-22,TTB Spirits Producers and Bottlers List: CA-S-20579,Conservative default after no completed individual evidence and no exact-premise owner/DBA match in California ABC daily data; not a finding of closure.
ca-ttb-856c9dc8a539,Wier Ventures,BRIAN J WIER,Wier Ventures,"16884 OLD SURVEY RD, ESCONDIDO, CA, 92025",ESCONDIDO,CA,92025,CA-S-20355,1,needs_review,"Official California ABC export has an exact-premise identity match, but the listed licence type does not independently establish spirits production.",unknown,,https://www.abc.ca.gov/licensing/licensing-reports/,California ABC Daily Data Export,https://www.abc.ca.gov/wp-content/uploads/DailyExport-CSV.zip,2026-08-22,"TTB Spirits Producers and Bottlers List: CA-S-20355; California ABC Daily Data Export: 00556211 (02, 06)",Automated exact premise plus owner/DBA-token match in official ABC export: Type 02 file 00556211 (WIER  BRIAN JOSEPH / WICKED SNAKES WINERY); Type 06 file 00556211 (WIER  BRIAN JOSEPH / WICKED SNAKES WINERY).
ca-ttb-864eba49dff2,Festif Society,FESTIF SOCIETY,Festif Society,"11725 GOLDRING RD UNIT 4, ARCADIA, CA, 91006",ARCADIA,CA,91006,CA-S-20544,1,closed_or_unverifiable,"No operator, local-government, or exact-premise California ABC evidence was located in the completed review; the TTB listing verifies permit identity only.",unverifiable,,https://www.ttb.gov/public-information/foia/list-of-permittees,TTB Spirits Producers and Bottlers List,https://www.ttb.gov/public-information/foia/list-of-permittees,2026-08-22,TTB Spirits Producers and Bottlers List: CA-S-20544,Conservative default after no completed individual evidence and no exact-premise owner/DBA match in California ABC daily data; not a finding of closure.
ca-ttb-866b59e18e28,ASTI WINERY,E. & J. GALLO WINERY,ASTI WINERY,"26150 ASTI RD, ASTI, CA, 95425",ASTI,CA,95425,CA-S-15148,1,closed_or_unverifiable,"No operator, local-government, or exact-premise California ABC evidence was located in the completed review; the TTB listing verifies permit identity only.",unverifiable,,https://www.ttb.gov/public-information/foia/list-of-permittees,TTB Spirits Producers and Bottlers List,https://www.ttb.gov/public-information/foia/list-of-permittees,2026-08-22,TTB Spirits Producers and Bottlers List: CA-S-15148,Conservative default after no completed individual evidence and no exact-premise owner/DBA match in California ABC daily data; not a finding of closure.
ca-ttb-880980f27cde,California Tacos,ALEJANDRO URIBE-RICO,California Tacos,"606 ALAMO PINTADO RD STE 5 & 6, SOLVANG, CA, 93463",SOLVANG,CA,93463,CA-S-20414,1,closed_or_unverifiable,"No operator, local-government, or exact-premise California ABC evidence was located in the completed review; the TTB listing verifies permit identity only.",unverifiable,,https://www.ttb.gov/public-information/foia/list-of-permittees,TTB Spirits Producers and Bottlers List,https://www.ttb.gov/public-information/foia/list-of-permittees,2026-08-22,TTB Spirits Producers and Bottlers List: CA-S-20414,Conservative default after no completed individual evidence and no exact-premise owner/DBA match in California ABC daily data; not a finding of closure.
ca-ttb-881297ad19f1,GEORGETOWN DISTILLERY LLC,GEORGETOWN DISTILLERY LLC,,"6101 STATE HIGHWAY 193, GEORGETOWN, CA, 95634",GEORGETOWN,CA,95634,CA-S-20321,1,production_site,Official California ABC export shows a matching active brandy/distilled-spirits/craft-distiller licence at the TTB premise.,unknown,,https://www.abc.ca.gov/licensing/licensing-reports/,California ABC Daily Data Export,https://www.abc.ca.gov/wp-content/uploads/DailyExport-CSV.zip,2026-08-22,"TTB Spirits Producers and Bottlers List: CA-S-20321; California ABC Daily Data Export: 00614643 (06, 74, 94)",Automated exact premise plus owner/DBA-token match in official ABC export: Type 06 file 00614643 (GEORGETOWN DISTILLERY LLC / GEORGETOWN DISTILLERY); Type 94 file 00614643 (GEORGETOWN DISTILLERY LLC / GEORGETOWN DISTILLERY); Type 74 file 00614643 (GEORGETOWN DISTILLERY LLC / GEORGETOWN DISTILLERY).
ca-ttb-881533aa2da4,"CROWS CRAFT BREWING & DISTILLING CO., LLC","CROWS CRAFT BREWING & DISTILLING CO., LLC",,"111 INDUSTRIAL RD UNIT 2, BELMONT, CA, 94002",BELMONT,CA,94002,CA-S-20235,1,closed_or_unverifiable,"No operator, local-government, or exact-premise California ABC evidence was located in the completed review; the TTB listing verifies permit identity only.",unverifiable,,https://www.ttb.gov/public-information/foia/list-of-permittees,TTB Spirits Producers and Bottlers List,https://www.ttb.gov/public-information/foia/list-of-permittees,2026-08-22,TTB Spirits Producers and Bottlers List: CA-S-20235,Conservative default after no completed individual evidence and no exact-premise owner/DBA match in California ABC daily data; not a finding of closure.
ca-ttb-881ea4fb1c83,"RB WINE ASSOCIATES, LLC","RB WINE ASSOCIATES, LLC",,"22280 GEYSERVILLE AVE, GEYSERVILLE, CA, 95441",GEYSERVILLE,CA,95441,CA-S-20507,1,production_site,Official California ABC export shows a matching active brandy/distilled-spirits/craft-distiller licence at the TTB premise.,unknown,,https://www.abc.ca.gov/licensing/licensing-reports/,California ABC Daily Data Export,https://www.abc.ca.gov/wp-content/uploads/DailyExport-CSV.zip,2026-08-22,"TTB Spirits Producers and Bottlers List: CA-S-20507; California ABC Daily Data Export: 00648518 (02, 04, 06)",Automated exact premise plus owner/DBA-token match in official ABC export: Type 04 file 00648518 (RB WINE ASSOCIATES  LLC / RACK & RIDDLE); Type 06 file 00648518 (RB WINE ASSOCIATES  LLC / RACK & RIDDLE); Type 02 file 00648518 (RB WINE ASSOCIATES  LLC / RACK & RIDDLE).
ca-ttb-886dda7be666,Doc Pepe's Lab,"DOC PEPE'S LAB, LLC",Doc Pepe's Lab,"212 CYPRESS AVE, MARINA, CA, 93933",MARINA,CA,93933,CA-S-20081,1,needs_review,"Official California ABC export has an exact-premise identity match, but the listed licence type does not independently establish spirits production.",unknown,,https://www.abc.ca.gov/licensing/licensing-reports/,California ABC Daily Data Export,https://www.abc.ca.gov/wp-content/uploads/DailyExport-CSV.zip,2026-08-22,"TTB Spirits Producers and Bottlers List: CA-S-20081; California ABC Daily Data Export: 00626279 (06, 07, 12)",Automated exact premise plus owner/DBA-token match in official ABC export: Type 12 file 00626279 (DOC PEPE'S LAB  LLC / DOC PEPE'S LAB); Type 07 file 00626279 (DOC PEPE'S LAB  LLC / DOC PEPE'S LAB); Type 06 file 00626279 (DOC PEPE'S LAB  LLC / DOC PEPE'S LAB).
ca-ttb-886f3130ebba,TAHOE MOONSHINE DISTILLERY,"TAHOE MOONSHINE DISTILLERY, INC.",TAHOE MOONSHINE DISTILLERY,"1611 SHOP ST 4B, SOUTH LAKE TAHOE, CA, 96150",SOUTH LAKE TAHOE,CA,96150,CA-S-15107,1,closed_or_unverifiable,"No operator, local-government, or exact-premise California ABC evidence was located in the completed review; the TTB listing verifies permit identity only.",unverifiable,,https://www.ttb.gov/public-information/foia/list-of-permittees,TTB Spirits Producers and Bottlers List,https://www.ttb.gov/public-information/foia/list-of-permittees,2026-08-22,TTB Spirits Producers and Bottlers List: CA-S-15107,Conservative default after no completed individual evidence and no exact-premise owner/DBA match in California ABC daily data; not a finding of closure.
ca-ttb-8870a5963db3,"SUTTER HOME WINERY, INC.","SUTTER HOME WINERY, INC.",,"18667 N JACOB BRACK RD, LODI, CA, 95242",LODI,CA,95242,CA-S-20172,1,closed_or_unverifiable,"No operator, local-government, or exact-premise California ABC evidence was located in the completed review; the TTB listing verifies permit identity only.",unverifiable,,https://www.ttb.gov/public-information/foia/list-of-permittees,TTB Spirits Producers and Bottlers List,https://www.ttb.gov/public-information/foia/list-of-permittees,2026-08-22,TTB Spirits Producers and Bottlers List: CA-S-20172,Conservative default after no completed individual evidence and no exact-premise owner/DBA match in California ABC daily data; not a finding of closure.
ca-ttb-88c363a29b5f,"ULTRA PURE, LLC","ULTRA PURE, LLC",,"11903 PIKE ST, SANTA FE SPRINGS, CA, 90670",SANTA FE SPRINGS,CA,90670,CA-S-20186,1,brand_or_office,"Official California ABC export shows matching active importer, wholesaler, broker, or agency privileges rather than a production licence.",unknown,,https://www.abc.ca.gov/licensing/licensing-reports/,California ABC Daily Data Export,https://www.abc.ca.gov/wp-content/uploads/DailyExport-CSV.zip,2026-08-22,TTB Spirits Producers and Bottlers List: CA-S-20186; California ABC Daily Data Export: 00638876 (19),Automated exact premise plus owner/DBA-token match in official ABC export: Type 19 file 00638876 (ULTRA PURE LLC / ULTRA PURE LLC).
ca-ttb-88c5f571faa2,The Barn,"THE BARN, INC",The Barn,"2850 EL CAJON BLVD STE 3, SAN DIEGO, CA, 92104",SAN DIEGO,CA,92104,CA-S-20266,1,closed_or_unverifiable,"No operator, local-government, or exact-premise California ABC evidence was located in the completed review; the TTB listing verifies permit identity only.",unverifiable,,https://www.ttb.gov/public-information/foia/list-of-permittees,TTB Spirits Producers and Bottlers List,https://www.ttb.gov/public-information/foia/list-of-permittees,2026-08-22,TTB Spirits Producers and Bottlers List: CA-S-20266,Conservative default after no completed individual evidence and no exact-premise owner/DBA match in California ABC daily data; not a finding of closure.
ca-ttb-89bdfa18b305,Venteux Vineyards,"RAMBERG VINEYARDS, LLC",Venteux Vineyards,"1795 LAS TABLAS RD, TEMPLETON, CA, 93465",TEMPLETON,CA,93465,CA-S-20243,1,production_site,Official California ABC export shows a matching active brandy/distilled-spirits/craft-distiller licence at the TTB premise.,unknown,,https://www.abc.ca.gov/licensing/licensing-reports/,California ABC Daily Data Export,https://www.abc.ca.gov/wp-content/uploads/DailyExport-CSV.zip,2026-08-22,"TTB Spirits Producers and Bottlers List: CA-S-20243; California ABC Daily Data Export: 00489358 (02, 03, 06)",Automated exact premise plus owner/DBA-token match in official ABC export: Type 02 file 00489358 (RAMBERG VINEYARDS LLC / VENTEUX VINEYARDS); Type 03 file 00489358 (RAMBERG VINEYARDS LLC / VENTEUX VINEYARDS); Type 06 file 00489358 (RAMBERG VINEYARDS LLC / VENTEUX VINEYARDS).
ca-ttb-8a27e7979e67,HAPY INC.,HAPY INC.,,"821 N OAK PARK BLVD, PISMO BEACH, CA, 93449",PISMO BEACH,CA,93449,CA-S-20427,1,closed_or_unverifiable,"No operator, local-government, or exact-premise California ABC evidence was located in the completed review; the TTB listing verifies permit identity only.",unverifiable,,https://www.ttb.gov/public-information/foia/list-of-permittees,TTB Spirits Producers and Bottlers List,https://www.ttb.gov/public-information/foia/list-of-permittees,2026-08-22,TTB Spirits Producers and Bottlers List: CA-S-20427,Conservative default after no completed individual evidence and no exact-premise owner/DBA match in California ABC daily data; not a finding of closure.
ca-ttb-8b35374caca2,Great Women Spirits Ltd.,"THE COUNTESS WALEWSKA, LLC",Great Women Spirits Ltd.,"1320 SCOTT ST STE A, PETALUMA, CA, 94954",PETALUMA,CA,94954,CA-S-20238,1,closed_or_unverifiable,"No operator, local-government, or exact-premise California ABC evidence was located in the completed review; the TTB listing verifies permit identity only.",unverifiable,,https://www.ttb.gov/public-information/foia/list-of-permittees,TTB Spirits Producers and Bottlers List,https://www.ttb.gov/public-information/foia/list-of-permittees,2026-08-22,TTB Spirits Producers and Bottlers List: CA-S-20238,Conservative default after no completed individual evidence and no exact-premise owner/DBA match in California ABC daily data; not a finding of closure.
ca-ttb-8b7eb63ead21,Ligtning Spirits,LIGHTNING SPIRITS LLC,Ligtning Spirits,"1340 COMMERCE ST STE F, PETALUMA, CA, 94954",PETALUMA,CA,94954,CA-S-20302,1,closed_or_unverifiable,"No operator, local-government, or exact-premise California ABC evidence was located in the completed review; the TTB listing verifies permit identity only.",unverifiable,,https://www.ttb.gov/public-information/foia/list-of-permittees,TTB Spirits Producers and Bottlers List,https://www.ttb.gov/public-information/foia/list-of-permittees,2026-08-22,TTB Spirits Producers and Bottlers List: CA-S-20302,Conservative default after no completed individual evidence and no exact-premise owner/DBA match in California ABC daily data; not a finding of closure.
ca-ttb-8be0c9308273,SWINFORD SPIRITS,"SWINFORD SPIRITS, LLC",SWINFORD SPIRITS,"8680 MIRALANI DR STE 117, SAN DIEGO, CA, 92126",SAN DIEGO,CA,92126,CA-S-20108,1,closed_or_unverifiable,"No operator, local-government, or exact-premise California ABC evidence was located in the completed review; the TTB listing verifies permit identity only.",unverifiable,,https://www.ttb.gov/public-information/foia/list-of-permittees,TTB Spirits Producers and Bottlers List,https://www.ttb.gov/public-information/foia/list-of-permittees,2026-08-22,TTB Spirits Producers and Bottlers List: CA-S-20108,Conservative default after no completed individual evidence and no exact-premise owner/DBA match in California ABC daily data; not a finding of closure.
ca-ttb-8be2b9a72885,ELK FENCE DISTILLERY LLC,ELK FENCE DISTILLERY LLC,,"464 KENWOOD CT STE E, SANTA ROSA, CA, 95407",SANTA ROSA,CA,95407,CA-S-20175,1,closed_or_unverifiable,"No operator, local-government, or exact-premise California ABC evidence was located in the completed review; the TTB listing verifies permit identity only.",unverifiable,,https://www.ttb.gov/public-information/foia/list-of-permittees,TTB Spirits Producers and Bottlers List,https://www.ttb.gov/public-information/foia/list-of-permittees,2026-08-22,TTB Spirits Producers and Bottlers List: CA-S-20175,Conservative default after no completed individual evidence and no exact-premise owner/DBA match in California ABC daily data; not a finding of closure.
ca-ttb-8c927cea0989,SPIRITS WATER DISTILERY,ARLA JEAN RAMSEY,SPIRITS WATER DISTILERY,"725 RANCHERIA RD, BLUE LAKE, CA, 95525",BLUE LAKE,CA,95525,CA-S-15134,1,closed_or_unverifiable,"No operator, local-government, or exact-premise California ABC evidence was located in the completed review; the TTB listing verifies permit identity only.",unverifiable,,https://www.ttb.gov/public-information/foia/list-of-permittees,TTB Spirits Producers and Bottlers List,https://www.ttb.gov/public-information/foia/list-of-permittees,2026-08-22,TTB Spirits Producers and Bottlers List: CA-S-15134,Conservative default after no completed individual evidence and no exact-premise owner/DBA match in California ABC daily data; not a finding of closure.
ca-ttb-8d1499edd92b,LUNA DISTRIBUTING LLC,LUNA DISTRIBUTING LLC,,"2680 POMONA BLVD STE G, POMONA, CA, 91768",POMONA,CA,91768,CA-S-20073,1,closed_or_unverifiable,"No operator, local-government, or exact-premise California ABC evidence was located in the completed review; the TTB listing verifies permit identity only.",unverifiable,,https://www.ttb.gov/public-information/foia/list-of-permittees,TTB Spirits Producers and Bottlers List,https://www.ttb.gov/public-information/foia/list-of-permittees,2026-08-22,TTB Spirits Producers and Bottlers List: CA-S-20073,Conservative default after no completed individual evidence and no exact-premise owner/DBA match in California ABC daily data; not a finding of closure.
ca-ttb-8e4a64d75921,Mount Diablo Distillery,"MOUNT DIABLO DISTILLERY, LLC",Mount Diablo Distillery,"729 FULTON SHIPYARD RD UNIT A-3, ANTIOCH, CA, 94509",ANTIOCH,CA,94509,CA-S-20251,1,closed_or_unverifiable,"No operator, local-government, or exact-premise California ABC evidence was located in the completed review; the TTB listing verifies permit identity only.",unverifiable,,https://www.ttb.gov/public-information/foia/list-of-permittees,TTB Spirits Producers and Bottlers List,https://www.ttb.gov/public-information/foia/list-of-permittees,2026-08-22,TTB Spirits Producers and Bottlers List: CA-S-20251,Conservative default after no completed individual evidence and no exact-premise owner/DBA match in California ABC daily data; not a finding of closure.
ca-ttb-8ec21e790681,FruitCraft,CALIFORNIA FRUIT WINE CORP.,FruitCraft,"1477 UNIVERSITY AVE, SAN DIEGO, CA, 92103",SAN DIEGO,CA,92103,CA-S-20566,1,needs_review,"Official California ABC export has an exact-premise identity match, but the listed licence type does not independently establish spirits production.",unknown,,https://www.abc.ca.gov/licensing/licensing-reports/,California ABC Daily Data Export,https://www.abc.ca.gov/wp-content/uploads/DailyExport-CSV.zip,2026-08-22,TTB Spirits Producers and Bottlers List: CA-S-20566; California ABC Daily Data Export: 00580091 (02),Automated exact premise plus owner/DBA-token match in official ABC export: Type 02 file 00580091 (CALIFORNIA FRUIT WINE CORP. / FRUIT CRAFT).
ca-ttb-8fc2c8c726cc,Wineshine,"WINESHINE, INC.",Wineshine,"3064 LIMESTONE WAY, PASO ROBLES, CA, 93446",PASO ROBLES,CA,93446,CA-S-20086,1,production_site,Official California ABC export shows a matching active brandy/distilled-spirits/craft-distiller licence at the TTB premise.,unknown,,https://www.abc.ca.gov/licensing/licensing-reports/,California ABC Daily Data Export,https://www.abc.ca.gov/wp-content/uploads/DailyExport-CSV.zip,2026-08-22,"TTB Spirits Producers and Bottlers List: CA-S-20086; California ABC Daily Data Export: 00539803 (03, 06, 12, 74, 94)",Automated exact premise plus owner/DBA-token match in official ABC export: Type 06 file 00539803 (WINESHINE  INC. / WINESHINE); Type 03 file 00539803 (WINESHINE  INC. / WINESHINE); Type 12 file 00539803 (WINESHINE  INC. / WINESHINE); Type 74 file 00539803 (WINESHINE  INC. / WINESHINE); Type 94 file 00539803 (WINESHINE  INC. / WINESHINE).
ca-ttb-8feb9ea01354,LITCO BEVERAGES,"LITCO LUMBER, INC.",LITCO BEVERAGES,"6601 MERCHANDISE WAY UNIT C, DIAMOND SPRINGS, CA, 95619",DIAMOND SPRINGS,CA,95619,CA-S-15112,1,closed_or_unverifiable,"No operator, local-government, or exact-premise California ABC evidence was located in the completed review; the TTB listing verifies permit identity only.",unverifiable,,https://www.ttb.gov/public-information/foia/list-of-permittees,TTB Spirits Producers and Bottlers List,https://www.ttb.gov/public-information/foia/list-of-permittees,2026-08-22,TTB Spirits Producers and Bottlers List: CA-S-15112,Conservative default after no completed individual evidence and no exact-premise owner/DBA match in California ABC daily data; not a finding of closure.
ca-ttb-900caa4928fb,117° West Spirits,GENEROUS SPIRITS LLC,117° West Spirits,"2332 LA MIRADA DR STE 800, VISTA, CA, 92081",VISTA,CA,92081,CA-S-20170,1,closed_or_unverifiable,"No operator, local-government, or exact-premise California ABC evidence was located in the completed review; the TTB listing verifies permit identity only.",unverifiable,,https://www.ttb.gov/public-information/foia/list-of-permittees,TTB Spirits Producers and Bottlers List,https://www.ttb.gov/public-information/foia/list-of-permittees,2026-08-22,TTB Spirits Producers and Bottlers List: CA-S-20170,Conservative default after no completed individual evidence and no exact-premise owner/DBA match in California ABC daily data; not a finding of closure.
ca-ttb-9015b486a827,"CHAIM, LLC","CHAIM, LLC",,"1102 6TH ST, BERKELEY, CA, 94710",BERKELEY,CA,94710,CA-S-20522,1,bottling_only,Official California ABC export shows matching active manufacturer-agent/rectifier privileges but no matching active distilled-spirits production licence.,unknown,,https://www.abc.ca.gov/licensing/licensing-reports/,California ABC Daily Data Export,https://www.abc.ca.gov/wp-content/uploads/DailyExport-CSV.zip,2026-08-22,"TTB Spirits Producers and Bottlers List: CA-S-20522; California ABC Daily Data Export: 00543486 (02, 07, 09, 17)",Automated exact premise plus owner/DBA-token match in official ABC export: Type 17 file 00543486 (CHAIM  LLC / COVENANT WINES); Type 02 file 00543486 (CHAIM  LLC / COVENANT WINES); Type 09 file 00543486 (CHAIM  LLC / COVENANT WINES); Type 07 file 00543486 (CHAIM  LLC / COVENANT WINES).
ca-ttb-92a2644793f9,MADDIEMAE LLC,MADDIEMAE LLC,,"1334 ROCKY POINT DR, OCEANSIDE, CA, 92056",OCEANSIDE,CA,92056,CA-S-20570,1,bottling_only,Official California ABC export shows matching active manufacturer-agent/rectifier privileges but no matching active distilled-spirits production licence.,unknown,,https://www.abc.ca.gov/licensing/licensing-reports/,California ABC Daily Data Export,https://www.abc.ca.gov/wp-content/uploads/DailyExport-CSV.zip,2026-08-22,"TTB Spirits Producers and Bottlers List: CA-S-20570; California ABC Daily Data Export: 00671679 (07, 12)",Automated exact premise plus owner/DBA-token match in official ABC export: Type 12 file 00671679 (MADDIEMAE LLC / MADDIEMAE LLC); Type 07 file 00671679 (MADDIEMAE LLC / MADDIEMAE LLC).
ca-ttb-939ba36a6c87,"FATHOM SPIRITS, LLC","FATHOM SPIRITS, LLC",,"9 HANGAR WAY STE 1A, WATSONVILLE, CA, 95076",WATSONVILLE,CA,95076,CA-S-20569,1,closed_or_unverifiable,"No operator, local-government, or exact-premise California ABC evidence was located in the completed review; the TTB listing verifies permit identity only.",unverifiable,,https://www.ttb.gov/public-information/foia/list-of-permittees,TTB Spirits Producers and Bottlers List,https://www.ttb.gov/public-information/foia/list-of-permittees,2026-08-22,TTB Spirits Producers and Bottlers List: CA-S-20569,Conservative default after no completed individual evidence and no exact-premise owner/DBA match in California ABC daily data; not a finding of closure.
ca-ttb-93a1aea40f49,MAVRIK NORTH AMERICA LLC,MAVRIK NORTH AMERICA LLC,,"105 ZINFANDEL LN, ST HELENA, CA, 94574",ST HELENA,CA,94574,CA-S-20096,1,closed_or_unverifiable,"No operator, local-government, or exact-premise California ABC evidence was located in the completed review; the TTB listing verifies permit identity only.",unverifiable,,https://www.ttb.gov/public-information/foia/list-of-permittees,TTB Spirits Producers and Bottlers List,https://www.ttb.gov/public-information/foia/list-of-permittees,2026-08-22,TTB Spirits Producers and Bottlers List: CA-S-20096,Conservative default after no completed individual evidence and no exact-premise owner/DBA match in California ABC daily data; not a finding of closure.
ca-ttb-95206550af11,"KAUTZ VINEYARDS, INC.","KAUTZ VINEYARDS, INC.",,"1894 SIX MILE RD, MURPHYS, CA, 95247",MURPHYS,CA,95247,CA-S-314,1,closed_or_unverifiable,"No operator, local-government, or exact-premise California ABC evidence was located in the completed review; the TTB listing verifies permit identity only.",unverifiable,,https://www.ttb.gov/public-information/foia/list-of-permittees,TTB Spirits Producers and Bottlers List,https://www.ttb.gov/public-information/foia/list-of-permittees,2026-08-22,TTB Spirits Producers and Bottlers List: CA-S-314,Conservative default after no completed individual evidence and no exact-premise owner/DBA match in California ABC daily data; not a finding of closure.
ca-ttb-9632268d4328,J. LOHR WINERY CORPORATION,J. LOHR WINERY CORPORATION,,"39502 CYPRESS AVE, GREENFIELD, CA, 93927",GREENFIELD,CA,93927,CA-S-20221,1,needs_review,"Official California ABC export has an exact-premise identity match, but the listed licence type does not independently establish spirits production.",unknown,,https://www.abc.ca.gov/licensing/licensing-reports/,California ABC Daily Data Export,https://www.abc.ca.gov/wp-content/uploads/DailyExport-CSV.zip,2026-08-22,"TTB Spirits Producers and Bottlers List: CA-S-20221; California ABC Daily Data Export: 00534031 (02, 06)",Automated exact premise plus owner/DBA-token match in official ABC export: Type 02 file 00534031 (J. LOHR WINERY CORPORATION / J LOHR WINERY); Type 06 file 00534031 (J. LOHR WINERY CORPORATION / J LOHR WINERY).
ca-ttb-965a4a1e54eb,CEDAR RIDGE APPLE RANCH LLC,CEDAR RIDGE APPLE RANCH LLC,,"14679 SUMMERS LN, SONORA, CA, 95370",SONORA,CA,95370,CA-S-15071,1,production_site,Official California ABC export shows a matching active brandy/distilled-spirits/craft-distiller licence at the TTB premise.,unknown,,https://www.abc.ca.gov/licensing/licensing-reports/,California ABC Daily Data Export,https://www.abc.ca.gov/wp-content/uploads/DailyExport-CSV.zip,2026-08-22,"TTB Spirits Producers and Bottlers List: CA-S-15071; California ABC Daily Data Export: 00467558 (02, 03, 06, 74)",Automated exact premise plus owner/DBA-token match in official ABC export: Type 03 file 00467558 (CEDAR RIDGE APPLE RANCH LLC / INDIGENYRESERVE); Type 06 file 00467558 (CEDAR RIDGE APPLE RANCH LLC / INDIGENYRESERVE); Type 02 file 00467558 (CEDAR RIDGE APPLE RANCH LLC / INDIGENYRESERVE); Type 74 file 00467558 (CEDAR RIDGE APPLE RANCH LLC / INDIGENYRESERVE).
ca-ttb-966ed51b1d2e,1114 Crafthouse,"DELIVERY SB, LLC",1114 Crafthouse,"1114 STATE ST STE 20, SANTA BARBARA, CA, 93101",SANTA BARBARA,CA,93101,CA-S-20502,1,closed_or_unverifiable,"No operator, local-government, or exact-premise California ABC evidence was located in the completed review; the TTB listing verifies permit identity only.",unverifiable,,https://www.ttb.gov/public-information/foia/list-of-permittees,TTB Spirits Producers and Bottlers List,https://www.ttb.gov/public-information/foia/list-of-permittees,2026-08-22,TTB Spirits Producers and Bottlers List: CA-S-20502,Conservative default after no completed individual evidence and no exact-premise owner/DBA match in California ABC daily data; not a finding of closure.
ca-ttb-980d9ad217bb,Timber House Brewing,"TIMBER HOUSE, INC.",Timber House Brewing,"501 MAIN ST, CHESTER, CA, 96020",CHESTER,CA,96020,CA-S-20308,1,production_site,Official California ABC export shows a matching active brandy/distilled-spirits/craft-distiller licence at the TTB premise.,unknown,,https://www.abc.ca.gov/licensing/licensing-reports/,California ABC Daily Data Export,https://www.abc.ca.gov/wp-content/uploads/DailyExport-CSV.zip,2026-08-22,"TTB Spirits Producers and Bottlers List: CA-S-20308; California ABC Daily Data Export: 00615143 (06, 23, 74)",Automated exact premise plus owner/DBA-token match in official ABC export: Type 23 file 00615143 (TIMBER HOUSE  INC. / TIMBER HOUSE BREWING); Type 06 file 00615143 (TIMBER HOUSE  INC. / TIMBER HOUSE BREWING); Type 74 file 00615143 (TIMBER HOUSE  INC. / TIMBER HOUSE BREWING).
ca-ttb-98b686b667f0,LLOYD SPIRITS,LLOYD SPIRITS LLC,LLOYD SPIRITS,"425 ALTA ST #15, GONZALES, CA, 93926",GONZALES,CA,93926,CA-S-15122,1,closed_or_unverifiable,"No operator, local-government, or exact-premise California ABC evidence was located in the completed review; the TTB listing verifies permit identity only.",unverifiable,,https://www.ttb.gov/public-information/foia/list-of-permittees,TTB Spirits Producers and Bottlers List,https://www.ttb.gov/public-information/foia/list-of-permittees,2026-08-22,TTB Spirits Producers and Bottlers List: CA-S-15122,Conservative default after no completed individual evidence and no exact-premise owner/DBA match in California ABC daily data; not a finding of closure.
ca-ttb-9a839d87db72,Sipsong Spirits,SIPSONG SPIRITS LLC,Sipsong Spirits,"7759 BELL RD, WINDSOR, CA, 95492",WINDSOR,CA,95492,CA-S-20213,1,production_site,Official California ABC export shows a matching active brandy/distilled-spirits/craft-distiller licence at the TTB premise.,unknown,,https://www.abc.ca.gov/licensing/licensing-reports/,California ABC Daily Data Export,https://www.abc.ca.gov/wp-content/uploads/DailyExport-CSV.zip,2026-08-22,"TTB Spirits Producers and Bottlers List: CA-S-20213; California ABC Daily Data Export: 00586920 (06, 74, 94)",Automated exact premise plus owner/DBA-token match in official ABC export: Type 06 file 00586920 (SIPSONG SPIRITS LLC / SIPSONG SPIRITS); Type 74 file 00586920 (SIPSONG SPIRITS LLC / SIPSONG SPIRITS); Type 94 file 00586920 (SIPSONG SPIRITS LLC / SIPSONG SPIRITS).
ca-ttb-9ab2ab4a3880,"RUSSELL CITY DISTILLERY, INC.","RUSSELL CITY DISTILLERY, INC.",,"22549 FOOTHILL BLVD, HAYWARD, CA, 94541",HAYWARD,CA,94541,CA-S-20072,1,closed_or_unverifiable,"No operator, local-government, or exact-premise California ABC evidence was located in the completed review; the TTB listing verifies permit identity only.",unverifiable,,https://www.ttb.gov/public-information/foia/list-of-permittees,TTB Spirits Producers and Bottlers List,https://www.ttb.gov/public-information/foia/list-of-permittees,2026-08-22,TTB Spirits Producers and Bottlers List: CA-S-20072,Conservative default after no completed individual evidence and no exact-premise owner/DBA match in California ABC daily data; not a finding of closure.
ca-ttb-9b15f6747cbf,"DELICATO VINEYARDS, LLC","DELICATO VINEYARDS, LLC",,"12001 S HIGHWAY 99, MANTECA, CA, 95336",MANTECA,CA,95336,CA-S-312,1,needs_review,"Official California ABC export has an exact-premise identity match, but the listed licence type does not independently establish spirits production.",unknown,,https://www.abc.ca.gov/licensing/licensing-reports/,California ABC Daily Data Export,https://www.abc.ca.gov/wp-content/uploads/DailyExport-CSV.zip,2026-08-22,"TTB Spirits Producers and Bottlers List: CA-S-312; California ABC Daily Data Export: 00632251 (02, 06, 09, 81)",Automated exact premise plus owner/DBA-token match in official ABC export: Type 09 file 00632251 (DELICATO VINEYARDS  LLC / DELICATO FAMILY WINES); Type 02 file 00632251 (DELICATO VINEYARDS  LLC / DELICATO FAMILY WINES); Type 06 file 00632251 (DELICATO VINEYARDS  LLC / DELICATO FAMILY WINES); Type 81 file 00632251 (DELICATO VINEYARDS  LLC / DELICATO FAMILY WINES).
ca-ttb-9beb3d5929d3,Kiko Restaurant,PERUVIAN CONCEPT LLC,Kiko Restaurant,"746 HIGUERA ST STE 6, SAN LUIS OBISPO, CA, 93401",SAN LUIS OBISPO,CA,93401,CA-S-20481,1,closed_or_unverifiable,"No operator, local-government, or exact-premise California ABC evidence was located in the completed review; the TTB listing verifies permit identity only.",unverifiable,,https://www.ttb.gov/public-information/foia/list-of-permittees,TTB Spirits Producers and Bottlers List,https://www.ttb.gov/public-information/foia/list-of-permittees,2026-08-22,TTB Spirits Producers and Bottlers List: CA-S-20481,Conservative default after no completed individual evidence and no exact-premise owner/DBA match in California ABC daily data; not a finding of closure.
ca-ttb-9c6600dd4fa8,"SBRAGIA FAMILY VINEYARDS, LLC","SBRAGIA FAMILY VINEYARDS, LLC",,"9990 DRY CREEK RD, GEYSERVILLE, CA, 95441",GEYSERVILLE,CA,95441,CA-S-20215,1,needs_review,"Official California ABC export has an exact-premise identity match, but the listed licence type does not independently establish spirits production.",unknown,,https://www.abc.ca.gov/licensing/licensing-reports/,California ABC Daily Data Export,https://www.abc.ca.gov/wp-content/uploads/DailyExport-CSV.zip,2026-08-22,TTB Spirits Producers and Bottlers List: CA-S-20215; California ABC Daily Data Export: 00444202 (02),Automated exact premise plus owner/DBA-token match in official ABC export: Type 02 file 00444202 (SBRAGIA FAMILY VINEYARDS LLC / SBRAGIA FAMILY VINEYARDS LLC).
ca-ttb-9c8e11865693,"RELENTLESS BREWING AND SPIRITS, LLC","RELENTLESS BREWING AND SPIRITS, LLC",,"2133 COLORADO BLVD, LOS ANGELES, CA, 90041",LOS ANGELES,CA,90041,CA-S-20237,1,production_site,Official California ABC export shows a matching active brandy/distilled-spirits/craft-distiller licence at the TTB premise.,unknown,,https://www.abc.ca.gov/licensing/licensing-reports/,California ABC Daily Data Export,https://www.abc.ca.gov/wp-content/uploads/DailyExport-CSV.zip,2026-08-22,"TTB Spirits Producers and Bottlers List: CA-S-20237; California ABC Daily Data Export: 00591777 (06, 74)",Automated exact premise plus owner/DBA-token match in official ABC export: Type 06 file 00591777 (RELENTLESS BREWING AND SPIRITS  LLC / RELENTLESS BREWING AND SPIRITS); Type 74 file 00591777 (RELENTLESS BREWING AND SPIRITS  LLC / RELENTLESS BREWING AND SPIRITS).
ca-ttb-9cee740db148,WELL ABOVE WINE AND SPIRITS INC,WELL ABOVE WINE AND SPIRITS INC,,"1302 GARDENA AVE, GLENDALE, CA, 91204",GLENDALE,CA,91204,CA-S-20520,1,bottling_only,Official California ABC export shows matching active manufacturer-agent/rectifier privileges but no matching active distilled-spirits production licence.,unknown,,https://www.abc.ca.gov/licensing/licensing-reports/,California ABC Daily Data Export,https://www.abc.ca.gov/wp-content/uploads/DailyExport-CSV.zip,2026-08-22,"TTB Spirits Producers and Bottlers List: CA-S-20520; California ABC Daily Data Export: 00665041 (07, 12)",Automated exact premise plus owner/DBA-token match in official ABC export: Type 12 file 00665041 (WELL ABOVE WINE AND SPIRITS INC / WELL ABOVE WINE AND SPIRITS INC); Type 07 file 00665041 (WELL ABOVE WINE AND SPIRITS INC / WELL ABOVE WINE AND SPIRITS INC).
ca-ttb-9d3306b9bc89,LEVECKE CORPORATION,LEVECKE CORPORATION,,"10810 INLAND AVE, MIRA LOMA, CA, 91752",MIRA LOMA,CA,91752,CA-S-182,1,closed_or_unverifiable,"No operator, local-government, or exact-premise California ABC evidence was located in the completed review; the TTB listing verifies permit identity only.",unverifiable,,https://www.ttb.gov/public-information/foia/list-of-permittees,TTB Spirits Producers and Bottlers List,https://www.ttb.gov/public-information/foia/list-of-permittees,2026-08-22,TTB Spirits Producers and Bottlers List: CA-S-182,Conservative default after no completed individual evidence and no exact-premise owner/DBA match in California ABC daily data; not a finding of closure.
ca-ttb-9d673cd4aaed,"LAVA SPRINGS, INC.","LAVA SPRINGS, INC.",,"2221 FRUITRIDGE RD, PLACERVILLE, CA, 95667",PLACERVILLE,CA,95667,CA-S-15020,1,production_site,Official California ABC export shows a matching active brandy/distilled-spirits/craft-distiller licence at the TTB premise.,unknown,,https://www.abc.ca.gov/licensing/licensing-reports/,California ABC Daily Data Export,https://www.abc.ca.gov/wp-content/uploads/DailyExport-CSV.zip,2026-08-22,"TTB Spirits Producers and Bottlers List: CA-S-15020; California ABC Daily Data Export: 00189380 (02, 04, 06, 81)",Automated exact premise plus owner/DBA-token match in official ABC export: Type 04 file 00189380 (LAVA SPRINGS INC / LAVA CAP WINERY); Type 06 file 00189380 (LAVA SPRINGS INC / LAVA CAP WINERY); Type 02 file 00189380 (LAVA SPRINGS INC / LAVA CAP WINERY); Type 81 file 00189380 (LAVA SPRINGS INC / LAVA CAP WINERY).
ca-ttb-9eb192419e66,TWISTED MANZANITA SPIRITS COMPANY,TWISTED MANZANITA SPIRITS COMPANY,,"10149 PROSPECT AVE BLDG, SANTEE, CA, 92071",SANTEE,CA,92071,CA-S-20013,1,closed_or_unverifiable,"No operator, local-government, or exact-premise California ABC evidence was located in the completed review; the TTB listing verifies permit identity only.",unverifiable,,https://www.ttb.gov/public-information/foia/list-of-permittees,TTB Spirits Producers and Bottlers List,https://www.ttb.gov/public-information/foia/list-of-permittees,2026-08-22,TTB Spirits Producers and Bottlers List: CA-S-20013,Conservative default after no completed individual evidence and no exact-premise owner/DBA match in California ABC daily data; not a finding of closure.
ca-ttb-9f36aeb6b77e,GREEN BOTTLE,GREEN BOTTLE,,"3427 ROBERTO CT STE 130, SAN LUIS OBISPO, CA, 93401",SAN LUIS OBISPO,CA,93401,CA-S-20588,1,closed_or_unverifiable,"No operator, local-government, or exact-premise California ABC evidence was located in the completed review; the TTB listing verifies permit identity only.",unverifiable,,https://www.ttb.gov/public-information/foia/list-of-permittees,TTB Spirits Producers and Bottlers List,https://www.ttb.gov/public-information/foia/list-of-permittees,2026-08-22,TTB Spirits Producers and Bottlers List: CA-S-20588,Conservative default after no completed individual evidence and no exact-premise owner/DBA match in California ABC daily data; not a finding of closure.
ca-ttb-9f67ab50e4f4,Fog Shots,FOG SHOTS,Fog Shots,"1545 E WASHINGTON BLVD, LOS ANGELES, CA, 90021",LOS ANGELES,CA,90021,CA-S-20136,1,closed_or_unverifiable,"No operator, local-government, or exact-premise California ABC evidence was located in the completed review; the TTB listing verifies permit identity only.",unverifiable,,https://www.ttb.gov/public-information/foia/list-of-permittees,TTB Spirits Producers and Bottlers List,https://www.ttb.gov/public-information/foia/list-of-permittees,2026-08-22,TTB Spirits Producers and Bottlers List: CA-S-20136,Conservative default after no completed individual evidence and no exact-premise owner/DBA match in California ABC daily data; not a finding of closure.
ca-ttb-a0a44795deaa,Spirits Daddy,SPIRITSDADDY LLC,Spirits Daddy,"1110 BEL ARBRES DR STE D, REDWOOD VALLEY, CA, 95470",REDWOOD VALLEY,CA,95470,CA-S-20379,1,closed_or_unverifiable,"No operator, local-government, or exact-premise California ABC evidence was located in the completed review; the TTB listing verifies permit identity only.",unverifiable,,https://www.ttb.gov/public-information/foia/list-of-permittees,TTB Spirits Producers and Bottlers List,https://www.ttb.gov/public-information/foia/list-of-permittees,2026-08-22,TTB Spirits Producers and Bottlers List: CA-S-20379,Conservative default after no completed individual evidence and no exact-premise owner/DBA match in California ABC daily data; not a finding of closure.
ca-ttb-a13d587228e9,STILLWATER SPIRITS,"SWEETWATER DISTILLERS, INC.",STILLWATER SPIRITS,"611 2ND ST, PETALUMA, CA, 94952",PETALUMA,CA,94952,CA-S-371,1,production_site,Official California ABC export shows a matching active brandy/distilled-spirits/craft-distiller licence at the TTB premise.,unknown,,https://www.abc.ca.gov/licensing/licensing-reports/,California ABC Daily Data Export,https://www.abc.ca.gov/wp-content/uploads/DailyExport-CSV.zip,2026-08-22,"TTB Spirits Producers and Bottlers List: CA-S-371; California ABC Daily Data Export: 00391095 (03, 04, 06, 12)",Automated exact premise plus owner/DBA-token match in official ABC export: Type 03 file 00391095 (SWEETWATER DISTILLERS INC / STILLWATER SPIRITS); Type 04 file 00391095 (SWEETWATER DISTILLERS INC / STILLWATER SPIRITS); Type 06 file 00391095 (SWEETWATER DISTILLERS INC / STILLWATER SPIRITS); Type 12 file 00391095 (SWEETWATER DISTILLERS INC / STILLWATER SPIRITS).
ca-ttb-a14658765197,DAOU Vineyards,TREASURY WINE ESTATES AMERICAS COMPANY,DAOU Vineyards,"2777 HIDDEN MOUNTAIN RD, PASO ROBLES, CA, 93446",PASO ROBLES,CA,93446,CA-S-20551,1,needs_review,"Official California ABC export has an exact-premise identity match, but the listed licence type does not independently establish spirits production.",unknown,,https://www.abc.ca.gov/licensing/licensing-reports/,California ABC Daily Data Export,https://www.abc.ca.gov/wp-content/uploads/DailyExport-CSV.zip,2026-08-22,TTB Spirits Producers and Bottlers List: CA-S-20551; California ABC Daily Data Export: 00669041 (02),Automated exact premise plus owner/DBA-token match in official ABC export: Type 02 file 00669041 (TREASURY WINE ESTATES AMERICAS COMPANY / DAOU VINEYARDS).
ca-ttb-a233ae3229d3,URBAN PRESS SPIRITS LLC,URBAN PRESS SPIRITS LLC,,"5220 4TH ST STE 16 & 17, IRWINDALE, CA, 91706",IRWINDALE,CA,91706,CA-S-20180,1,closed_or_unverifiable,"No operator, local-government, or exact-premise California ABC evidence was located in the completed review; the TTB listing verifies permit identity only.",unverifiable,,https://www.ttb.gov/public-information/foia/list-of-permittees,TTB Spirits Producers and Bottlers List,https://www.ttb.gov/public-information/foia/list-of-permittees,2026-08-22,TTB Spirits Producers and Bottlers List: CA-S-20180,Conservative default after no completed individual evidence and no exact-premise owner/DBA match in California ABC daily data; not a finding of closure.
ca-ttb-a27d8e7cdc36,Delta Artisan,"DELTA ARTISAN, LLC",Delta Artisan,"927 INDUSTRIAL WAY STE B, LODI, CA, 95240",LODI,CA,95240,CA-S-20284,1,closed_or_unverifiable,"No operator, local-government, or exact-premise California ABC evidence was located in the completed review; the TTB listing verifies permit identity only.",unverifiable,,https://www.ttb.gov/public-information/foia/list-of-permittees,TTB Spirits Producers and Bottlers List,https://www.ttb.gov/public-information/foia/list-of-permittees,2026-08-22,TTB Spirits Producers and Bottlers List: CA-S-20284,Conservative default after no completed individual evidence and no exact-premise owner/DBA match in California ABC daily data; not a finding of closure.
ca-ttb-a2eb4b8238df,"SAZERAC DISTILLERS, LLC dba BARTON BRANDS OF CALIFORNIA","SAZERAC DISTILLERS, LLC","SAZERAC DISTILLERS, LLC dba BARTON BRANDS OF CALIFORNIA","2202 E DEL AMO BLVD, CARSON, CA, 90749",CARSON,CA,90749,CA-S-20374,1,closed_or_unverifiable,"No operator, local-government, or exact-premise California ABC evidence was located in the completed review; the TTB listing verifies permit identity only.",unverifiable,,https://www.ttb.gov/public-information/foia/list-of-permittees,TTB Spirits Producers and Bottlers List,https://www.ttb.gov/public-information/foia/list-of-permittees,2026-08-22,TTB Spirits Producers and Bottlers List: CA-S-20374,Conservative default after no completed individual evidence and no exact-premise owner/DBA match in California ABC daily data; not a finding of closure.
ca-ttb-a306e292dbc6,Twisted Path Distillery,"SAMMLETON DISTILLING, LLC",Twisted Path Distillery,"8706 PRODUCTION AVE, SAN DIEGO, CA, 92121",SAN DIEGO,CA,92121,CA-S-20597,1,closed_or_unverifiable,"No operator, local-government, or exact-premise California ABC evidence was located in the completed review; the TTB listing verifies permit identity only.",unverifiable,,https://www.ttb.gov/public-information/foia/list-of-permittees,TTB Spirits Producers and Bottlers List,https://www.ttb.gov/public-information/foia/list-of-permittees,2026-08-22,TTB Spirits Producers and Bottlers List: CA-S-20597,Conservative default after no completed individual evidence and no exact-premise owner/DBA match in California ABC daily data; not a finding of closure.
ca-ttb-a32c0b0779d3,Drift Distillery,"DRIFT BRANDS, LLC",Drift Distillery,"115 S EL CAMINO REAL, SAN CLEMENTE, CA, 92672",SAN CLEMENTE,CA,92672,CA-S-20512,1,production_site,Official California ABC export shows a matching active brandy/distilled-spirits/craft-distiller licence at the TTB premise.,unknown,,https://www.abc.ca.gov/licensing/licensing-reports/,California ABC Daily Data Export,https://www.abc.ca.gov/wp-content/uploads/DailyExport-CSV.zip,2026-08-22,"TTB Spirits Producers and Bottlers List: CA-S-20512; California ABC Daily Data Export: 00658751 (06, 74)",Automated exact premise plus owner/DBA-token match in official ABC export: Type 06 file 00658751 (DRIFT BRANDS LLC / DRIFT DISTILLERY); Type 74 file 00658751 (DRIFT BRANDS LLC / DRIFT DISTILLERY).
ca-ttb-a38ab366c439,DDR Beverages,DDR BEVERAGES LLC,DDR Beverages,"2766 VIA ORANGE WAY STE E, SPRING VALLEY, CA, 91978",SPRING VALLEY,CA,91978,CA-S-20557,1,closed_or_unverifiable,"No operator, local-government, or exact-premise California ABC evidence was located in the completed review; the TTB listing verifies permit identity only.",unverifiable,,https://www.ttb.gov/public-information/foia/list-of-permittees,TTB Spirits Producers and Bottlers List,https://www.ttb.gov/public-information/foia/list-of-permittees,2026-08-22,TTB Spirits Producers and Bottlers List: CA-S-20557,Conservative default after no completed individual evidence and no exact-premise owner/DBA match in California ABC daily data; not a finding of closure.
ca-ttb-a426bd71d5b5,THE INFUSERY LLC,THE INFUSERY LLC,,"2332 E 8TH ST, LOS ANGELES, CA, 90021",LOS ANGELES,CA,90021,CA-S-20337,1,closed_or_unverifiable,"No operator, local-government, or exact-premise California ABC evidence was located in the completed review; the TTB listing verifies permit identity only.",unverifiable,,https://www.ttb.gov/public-information/foia/list-of-permittees,TTB Spirits Producers and Bottlers List,https://www.ttb.gov/public-information/foia/list-of-permittees,2026-08-22,TTB Spirits Producers and Bottlers List: CA-S-20337,Conservative default after no completed individual evidence and no exact-premise owner/DBA match in California ABC daily data; not a finding of closure.
ca-ttb-a45afd3313b2,AYLA DISTILLERY,AYLA DISTILLERY INC,AYLA DISTILLERY,"21299 OLD SONORA COLUMBIA RD, SONORA, CA, 95370",SONORA,CA,95370,CA-S-20516,1,production_site,Official California ABC export shows a matching active brandy/distilled-spirits/craft-distiller licence at the TTB premise.,unknown,,https://www.abc.ca.gov/licensing/licensing-reports/,California ABC Daily Data Export,https://www.abc.ca.gov/wp-content/uploads/DailyExport-CSV.zip,2026-08-22,"TTB Spirits Producers and Bottlers List: CA-S-20516; California ABC Daily Data Export: 00655012 (06, 74)",Automated exact premise plus owner/DBA-token match in official ABC export: Type 06 file 00655012 (AYLA DISTILLERY INC / ); Type 74 file 00655012 (AYLA DISTILLERY INC / ).
ca-ttb-a4605d6689b6,Taqueria El Guero Distillery,"NEWSTONE, LLC",Taqueria El Guero Distillery,"560 EMBARCADERO, MORRO BAY, CA, 93442",MORRO BAY,CA,93442,CA-S-20530,1,production_site,Official California ABC export shows a matching active brandy/distilled-spirits/craft-distiller licence at the TTB premise.,unknown,,https://www.abc.ca.gov/licensing/licensing-reports/,California ABC Daily Data Export,https://www.abc.ca.gov/wp-content/uploads/DailyExport-CSV.zip,2026-08-22,"TTB Spirits Producers and Bottlers List: CA-S-20530; California ABC Daily Data Export: 00665652 (06, 74)",Automated exact premise plus owner/DBA-token match in official ABC export: Type 06 file 00665652 (NEWSTONE  LLC / TAQUERIA EL GUERO); Type 74 file 00665652 (NEWSTONE  LLC / TAQUERIA EL GUERO).
ca-ttb-a482042dddc5,Nor-Cal Beverage,"NOR-CAL BEVERAGE CO., INC.",Nor-Cal Beverage,"1226 N OLIVE ST, ANHEIM, CA, 92801",ANHEIM,CA,92801,CA-S-20423,1,closed_or_unverifiable,"No operator, local-government, or exact-premise California ABC evidence was located in the completed review; the TTB listing verifies permit identity only.",unverifiable,,https://www.ttb.gov/public-information/foia/list-of-permittees,TTB Spirits Producers and Bottlers List,https://www.ttb.gov/public-information/foia/list-of-permittees,2026-08-22,TTB Spirits Producers and Bottlers List: CA-S-20423,Conservative default after no completed individual evidence and no exact-premise owner/DBA match in California ABC daily data; not a finding of closure.
ca-ttb-a5e6119a0f98,"BITTER JOURNEY, LLC","BITTER JOURNEY, LLC",,"3040 SCOTT BLVD, SANTA CLARA, CA, 95054",SANTA CLARA,CA,95054,CA-S-20276,1,closed_or_unverifiable,"No operator, local-government, or exact-premise California ABC evidence was located in the completed review; the TTB listing verifies permit identity only.",unverifiable,,https://www.ttb.gov/public-information/foia/list-of-permittees,TTB Spirits Producers and Bottlers List,https://www.ttb.gov/public-information/foia/list-of-permittees,2026-08-22,TTB Spirits Producers and Bottlers List: CA-S-20276,Conservative default after no completed individual evidence and no exact-premise owner/DBA match in California ABC daily data; not a finding of closure.
ca-ttb-a61e70f03a7d,Lost Republic Distilling Co.,DC BEVERAGE LLC,Lost Republic Distilling Co.,"101 GRANT AVE UNIT A, B, L, HEALDSBURG, CA, 95448",HEALDSBURG,CA,95448,CA-S-20070,1,closed_or_unverifiable,"No operator, local-government, or exact-premise California ABC evidence was located in the completed review; the TTB listing verifies permit identity only.",unverifiable,,https://www.ttb.gov/public-information/foia/list-of-permittees,TTB Spirits Producers and Bottlers List,https://www.ttb.gov/public-information/foia/list-of-permittees,2026-08-22,TTB Spirits Producers and Bottlers List: CA-S-20070,Conservative default after no completed individual evidence and no exact-premise owner/DBA match in California ABC daily data; not a finding of closure.
ca-ttb-a995cd36b429,Sierra Nevada Brewing Co,SIERRA NEVADA BREWING CO.,Sierra Nevada Brewing Co,"1075 E 20TH ST, CHICO, CA, 95928",CHICO,CA,95928,CA-S-20317,1,closed_or_unverifiable,"No operator, local-government, or exact-premise California ABC evidence was located in the completed review; the TTB listing verifies permit identity only.",unverifiable,,https://www.ttb.gov/public-information/foia/list-of-permittees,TTB Spirits Producers and Bottlers List,https://www.ttb.gov/public-information/foia/list-of-permittees,2026-08-22,TTB Spirits Producers and Bottlers List: CA-S-20317,Conservative default after no completed individual evidence and no exact-premise owner/DBA match in California ABC daily data; not a finding of closure.
ca-ttb-aa05bb7a65cb,Banks & Baugher Craft Distillers,BANKS & BAUGHER LLC,Banks & Baugher Craft Distillers,"4045 VIA PESCADOR STE D, CAMARILLO, CA, 93012",CAMARILLO,CA,93012,CA-S-20446,1,closed_or_unverifiable,"No operator, local-government, or exact-premise California ABC evidence was located in the completed review; the TTB listing verifies permit identity only.",unverifiable,,https://www.ttb.gov/public-information/foia/list-of-permittees,TTB Spirits Producers and Bottlers List,https://www.ttb.gov/public-information/foia/list-of-permittees,2026-08-22,TTB Spirits Producers and Bottlers List: CA-S-20446,Conservative default after no completed individual evidence and no exact-premise owner/DBA match in California ABC daily data; not a finding of closure.
ca-ttb-aa3ba27743ee,Riley's Taproom,SANCHA INC.,Riley's Taproom,"2940 MCCALL STE 112, SELMA, CA, 93662",SELMA,CA,93662,CA-S-20599,1,closed_or_unverifiable,"No operator, local-government, or exact-premise California ABC evidence was located in the completed review; the TTB listing verifies permit identity only.",unverifiable,,https://www.ttb.gov/public-information/foia/list-of-permittees,TTB Spirits Producers and Bottlers List,https://www.ttb.gov/public-information/foia/list-of-permittees,2026-08-22,TTB Spirits Producers and Bottlers List: CA-S-20599,Conservative default after no completed individual evidence and no exact-premise owner/DBA match in California ABC daily data; not a finding of closure.
ca-ttb-aa9db6991053,PACIFIC COAST BEVERAGE CO LLC,PACIFIC COAST BEVERAGE CO LLC,,"7900 EL CAMINO REAL, ATASCADERO, CA, 93422",ATASCADERO,CA,93422,CA-S-20591,1,closed_or_unverifiable,"No operator, local-government, or exact-premise California ABC evidence was located in the completed review; the TTB listing verifies permit identity only.",unverifiable,,https://www.ttb.gov/public-information/foia/list-of-permittees,TTB Spirits Producers and Bottlers List,https://www.ttb.gov/public-information/foia/list-of-permittees,2026-08-22,TTB Spirits Producers and Bottlers List: CA-S-20591,Conservative default after no completed individual evidence and no exact-premise owner/DBA match in California ABC daily data; not a finding of closure.
ca-ttb-ab6defc52c15,CENTRAL COAST DISTILLARY,"CORCORAN CAPITAL GROUP, INC.",CENTRAL COAST DISTILLARY,"1875 EL CAMINO REAL BLDG 5 SUITE A, ATASCADERO, CA, 93422",ATASCADERO,CA,93422,CA-S-20188,1,closed_or_unverifiable,"No operator, local-government, or exact-premise California ABC evidence was located in the completed review; the TTB listing verifies permit identity only.",unverifiable,,https://www.ttb.gov/public-information/foia/list-of-permittees,TTB Spirits Producers and Bottlers List,https://www.ttb.gov/public-information/foia/list-of-permittees,2026-08-22,TTB Spirits Producers and Bottlers List: CA-S-20188,Conservative default after no completed individual evidence and no exact-premise owner/DBA match in California ABC daily data; not a finding of closure.
ca-ttb-abc0157fd36e,Temblor Brewing Company,"TEMBLOR BREWING, LLC",Temblor Brewing Company,"3200 BUCK OWENS BLVD BLVD STE 200, BAKERSFIELD, CA, 93308",BAKERSFIELD,CA,93308,CA-S-20422,1,closed_or_unverifiable,"No operator, local-government, or exact-premise California ABC evidence was located in the completed review; the TTB listing verifies permit identity only.",unverifiable,,https://www.ttb.gov/public-information/foia/list-of-permittees,TTB Spirits Producers and Bottlers List,https://www.ttb.gov/public-information/foia/list-of-permittees,2026-08-22,TTB Spirits Producers and Bottlers List: CA-S-20422,Conservative default after no completed individual evidence and no exact-premise owner/DBA match in California ABC daily data; not a finding of closure.
ca-ttb-ac7be210fc72,DOMAINE CHANDON,"DOMAINE CHANDON, INC.",DOMAINE CHANDON,"1 CALIFORNIA DR, YOUNTVILLE, CA, 94599",YOUNTVILLE,CA,94599,CA-S-315,1,production_site,Official California ABC export shows a matching active brandy/distilled-spirits/craft-distiller licence at the TTB premise.,unknown,,https://www.abc.ca.gov/licensing/licensing-reports/,California ABC Daily Data Export,https://www.abc.ca.gov/wp-content/uploads/DailyExport-CSV.zip,2026-08-22,"TTB Spirits Producers and Bottlers List: CA-S-315; California ABC Daily Data Export: 00041428 (02, 03, 09, 11, 17, 20, 93)",Automated exact premise plus owner/DBA-token match in official ABC export: Type 20 file 00041428 (DOMAINE CHANDON  INC. / DOMAINE CHANDON); Type 02 file 00041428 (DOMAINE CHANDON  INC. / DOMAINE CHANDON); Type 03 file 00041428 (DOMAINE CHANDON  INC. / DOMAINE CHANDON); Type 17 file 00041428 (DOMAINE CHANDON  INC. / DOMAINE CHANDON); Type 09 file 00041428 (DOMAINE CHANDON  INC. / DOMAINE CHANDON); Type 11 file 00041428 (DOMAINE CHANDON  INC. / DOMAINE CHANDON); Type 93 file 00041428 (DOMAINE CHANDON  INC. / DOMAINE CHANDON).
ca-ttb-acae2b68a210,"VA FILTRATION USA, LLC","VA FILTRATION USA, LLC",,"125 GATEWAY RD E STE D, NAPA, CA, 94558",NAPA,CA,94558,CA-S-15139,1,closed_or_unverifiable,"No operator, local-government, or exact-premise California ABC evidence was located in the completed review; the TTB listing verifies permit identity only.",unverifiable,,https://www.ttb.gov/public-information/foia/list-of-permittees,TTB Spirits Producers and Bottlers List,https://www.ttb.gov/public-information/foia/list-of-permittees,2026-08-22,TTB Spirits Producers and Bottlers List: CA-S-15139,Conservative default after no completed individual evidence and no exact-premise owner/DBA match in California ABC daily data; not a finding of closure.
ca-ttb-acdc08d9f565,Long Beach Spirits Lab,"LONG BEACH SPIRITS LAB, LLC",Long Beach Spirits Lab,"516 W WILLOW ST, LONG BEACH, CA, 90806",LONG BEACH,CA,90806,CA-S-20246,1,closed_or_unverifiable,"No operator, local-government, or exact-premise California ABC evidence was located in the completed review; the TTB listing verifies permit identity only.",unverifiable,,https://www.ttb.gov/public-information/foia/list-of-permittees,TTB Spirits Producers and Bottlers List,https://www.ttb.gov/public-information/foia/list-of-permittees,2026-08-22,TTB Spirits Producers and Bottlers List: CA-S-20246,Conservative default after no completed individual evidence and no exact-premise owner/DBA match in California ABC daily data; not a finding of closure.
ca-ttb-acf69346edea,DEBORAH RICHARDSON,DEBORAH RICHARDSON,,"9438 IRONDALE AVE, CHATSWORTH, CA, 91311",CHATSWORTH,CA,91311,CA-S-20429,1,closed_or_unverifiable,"No operator, local-government, or exact-premise California ABC evidence was located in the completed review; the TTB listing verifies permit identity only.",unverifiable,,https://www.ttb.gov/public-information/foia/list-of-permittees,TTB Spirits Producers and Bottlers List,https://www.ttb.gov/public-information/foia/list-of-permittees,2026-08-22,TTB Spirits Producers and Bottlers List: CA-S-20429,Conservative default after no completed individual evidence and no exact-premise owner/DBA match in California ABC daily data; not a finding of closure.
ca-ttb-ad86528a10ff,CAPPY SHAKES,CAPPY SHAKES COCKTAIL COMPANY LLC,CAPPY SHAKES,"7806 BELL RD, WINDSOR, CA, 95492",WINDSOR,CA,95492,CA-S-20328,1,closed_or_unverifiable,"No operator, local-government, or exact-premise California ABC evidence was located in the completed review; the TTB listing verifies permit identity only.",unverifiable,,https://www.ttb.gov/public-information/foia/list-of-permittees,TTB Spirits Producers and Bottlers List,https://www.ttb.gov/public-information/foia/list-of-permittees,2026-08-22,TTB Spirits Producers and Bottlers List: CA-S-20328,Conservative default after no completed individual evidence and no exact-premise owner/DBA match in California ABC daily data; not a finding of closure.
ca-ttb-ae5dd17eaa7b,Stampede,3-G GROUP LLC,Stampede,"1790 FIRST STREET, LIVERMORE, CA, 94550",LIVERMORE,CA,94550,CA-S-20604,1,closed_or_unverifiable,"No operator, local-government, or exact-premise California ABC evidence was located in the completed review; the TTB listing verifies permit identity only.",unverifiable,,https://www.ttb.gov/public-information/foia/list-of-permittees,TTB Spirits Producers and Bottlers List,https://www.ttb.gov/public-information/foia/list-of-permittees,2026-08-22,TTB Spirits Producers and Bottlers List: CA-S-20604,Conservative default after no completed individual evidence and no exact-premise owner/DBA match in California ABC daily data; not a finding of closure.
ca-ttb-ae763a7819c8,"GREENWAY DISTILLERS, INC","GREENWAY DISTILLERS, INC",,"1110 BEL ARBRES DR STE D, REDWOOD VALLEY, CA, 95470",REDWOOD VALLEY,CA,95470,CA-S-15014,1,closed_or_unverifiable,"No operator, local-government, or exact-premise California ABC evidence was located in the completed review; the TTB listing verifies permit identity only.",unverifiable,,https://www.ttb.gov/public-information/foia/list-of-permittees,TTB Spirits Producers and Bottlers List,https://www.ttb.gov/public-information/foia/list-of-permittees,2026-08-22,TTB Spirits Producers and Bottlers List: CA-S-15014,Conservative default after no completed individual evidence and no exact-premise owner/DBA match in California ABC daily data; not a finding of closure.
ca-ttb-ae96d1db968c,Seven Caves Spirits,"SEVEN CAVES SPIRITS, LLC",Seven Caves Spirits,"8125 MERCURY CT STE 120, SAN DIEGO, CA, 92111",SAN DIEGO,CA,92111,CA-S-20128,1,closed_or_unverifiable,"No operator, local-government, or exact-premise California ABC evidence was located in the completed review; the TTB listing verifies permit identity only.",unverifiable,,https://www.ttb.gov/public-information/foia/list-of-permittees,TTB Spirits Producers and Bottlers List,https://www.ttb.gov/public-information/foia/list-of-permittees,2026-08-22,TTB Spirits Producers and Bottlers List: CA-S-20128,Conservative default after no completed individual evidence and no exact-premise owner/DBA match in California ABC daily data; not a finding of closure.
ca-ttb-aebff82261ec,bay area distilling company,"BAY AREA DISTILLING COMPANY, LLC",bay area distilling company,"2160 ELKINS WAY UNIT A, BRENTWOOD, CA, 94513",BRENTWOOD,CA,94513,CA-S-20094,1,closed_or_unverifiable,"No operator, local-government, or exact-premise California ABC evidence was located in the completed review; the TTB listing verifies permit identity only.",unverifiable,,https://www.ttb.gov/public-information/foia/list-of-permittees,TTB Spirits Producers and Bottlers List,https://www.ttb.gov/public-information/foia/list-of-permittees,2026-08-22,TTB Spirits Producers and Bottlers List: CA-S-20094,Conservative default after no completed individual evidence and no exact-premise owner/DBA match in California ABC daily data; not a finding of closure.
ca-ttb-aeee82c911be,Eagles Nest Winery,DENNIS GRIMES & JULIE GRIMES,Eagles Nest Winery,"18259 CHABLIS RD, RAMONA, CA, 92065",RAMONA,CA,92065,CA-S-20100,1,closed_or_unverifiable,"No operator, local-government, or exact-premise California ABC evidence was located in the completed review; the TTB listing verifies permit identity only.",unverifiable,,https://www.ttb.gov/public-information/foia/list-of-permittees,TTB Spirits Producers and Bottlers List,https://www.ttb.gov/public-information/foia/list-of-permittees,2026-08-22,TTB Spirits Producers and Bottlers List: CA-S-20100,Conservative default after no completed individual evidence and no exact-premise owner/DBA match in California ABC daily data; not a finding of closure.
ca-ttb-af5b37854c68,OMO SOJU,PK FIRE LLC,OMO SOJU,"13464 BROWNS VALLEY DR, CHICO, CA, 95973",CHICO,CA,95973,CA-S-20501,1,closed_or_unverifiable,"No operator, local-government, or exact-premise California ABC evidence was located in the completed review; the TTB listing verifies permit identity only.",unverifiable,,https://www.ttb.gov/public-information/foia/list-of-permittees,TTB Spirits Producers and Bottlers List,https://www.ttb.gov/public-information/foia/list-of-permittees,2026-08-22,TTB Spirits Producers and Bottlers List: CA-S-20501,Conservative default after no completed individual evidence and no exact-premise owner/DBA match in California ABC daily data; not a finding of closure.
ca-ttb-b004041d73c6,Sonoma Coast Spirits,SONOMA COAST SPIRITS LLC,Sonoma Coast Spirits,"1372 N MCDOWELL BLVD STE A, PETALUMA, CA, 94954",PETALUMA,CA,94954,CA-S-20183,1,closed_or_unverifiable,"No operator, local-government, or exact-premise California ABC evidence was located in the completed review; the TTB listing verifies permit identity only.",unverifiable,,https://www.ttb.gov/public-information/foia/list-of-permittees,TTB Spirits Producers and Bottlers List,https://www.ttb.gov/public-information/foia/list-of-permittees,2026-08-22,TTB Spirits Producers and Bottlers List: CA-S-20183,Conservative default after no completed individual evidence and no exact-premise owner/DBA match in California ABC daily data; not a finding of closure.
ca-ttb-b0bd8834c283,Bethel Road Distillery,NIELS UDSEN AND BERIT UDSEN,Bethel Road Distillery,"1266 N BETHEL RD, TEMPLETON, CA, 93465",TEMPLETON,CA,93465,CA-S-354,1,production_site,Official California ABC export shows a matching active brandy/distilled-spirits/craft-distiller licence at the TTB premise.,unknown,,https://www.abc.ca.gov/licensing/licensing-reports/,California ABC Daily Data Export,https://www.abc.ca.gov/wp-content/uploads/DailyExport-CSV.zip,2026-08-22,"TTB Spirits Producers and Bottlers List: CA-S-354; California ABC Daily Data Export: 00550018, 00557381 (02, 03, 06)",Automated exact premise plus owner/DBA-token match in official ABC export: Type 03 file 00557381 (UDSEN  BERIT / BETHEL RD DISTILLERY); Type 06 file 00557381 (UDSEN  BERIT / BETHEL RD DISTILLERY); Type 02 file 00550018 (UDSEN  BERIT / BETHEL ROAD VINEYARD).
ca-ttb-b16f9cbc80a8,Purple Orchid Wine Country Resort and Spa,"BIG EDDY VENTURES, LLC",Purple Orchid Wine Country Resort and Spa,"4549 CROSS RD, LIVERMORE, CA, 94550",LIVERMORE,CA,94550,CA-S-20582,1,needs_review,"Official California ABC export has an exact-premise identity match, but the listed licence type does not independently establish spirits production.",unknown,,https://www.abc.ca.gov/licensing/licensing-reports/,California ABC Daily Data Export,https://www.abc.ca.gov/wp-content/uploads/DailyExport-CSV.zip,2026-08-22,TTB Spirits Producers and Bottlers List: CA-S-20582; California ABC Daily Data Export: 00547455 (41),Automated exact premise plus owner/DBA-token match in official ABC export: Type 41 file 00547455 (BIG EDDY VENTURES LLC / PURPLE ORCHID INN RESORT & SPA).
ca-ttb-b20ef7d8d565,"BARREL RM, INC.","BARREL RM, INC.",,"2675 SKYPARK DR STE 202, TORRANCE, CA, 90505",TORRANCE,CA,90505,CA-S-20382,1,closed_or_unverifiable,"No operator, local-government, or exact-premise California ABC evidence was located in the completed review; the TTB listing verifies permit identity only.",unverifiable,,https://www.ttb.gov/public-information/foia/list-of-permittees,TTB Spirits Producers and Bottlers List,https://www.ttb.gov/public-information/foia/list-of-permittees,2026-08-22,TTB Spirits Producers and Bottlers List: CA-S-20382,Conservative default after no completed individual evidence and no exact-premise owner/DBA match in California ABC daily data; not a finding of closure.
ca-ttb-b24a438626ab,El Camino Real Spirits,"EL CAMINO REAL SPIRITS, LLC",El Camino Real Spirits,"3546 SKYWAY DR STE F8, SANTA MARIA, CA, 93455",SANTA MARIA,CA,93455,CA-S-20567,1,closed_or_unverifiable,"No operator, local-government, or exact-premise California ABC evidence was located in the completed review; the TTB listing verifies permit identity only.",unverifiable,,https://www.ttb.gov/public-information/foia/list-of-permittees,TTB Spirits Producers and Bottlers List,https://www.ttb.gov/public-information/foia/list-of-permittees,2026-08-22,TTB Spirits Producers and Bottlers List: CA-S-20567,Conservative default after no completed individual evidence and no exact-premise owner/DBA match in California ABC daily data; not a finding of closure.
ca-ttb-b30f08eb01b0,HAHN ESTATE,HAHN ESTATE,,"37700 FOOTHILL RD, SOLEDAD, CA, 93960",SOLEDAD,CA,93960,CA-S-15039,1,closed_or_unverifiable,"No operator, local-government, or exact-premise California ABC evidence was located in the completed review; the TTB listing verifies permit identity only.",unverifiable,,https://www.ttb.gov/public-information/foia/list-of-permittees,TTB Spirits Producers and Bottlers List,https://www.ttb.gov/public-information/foia/list-of-permittees,2026-08-22,TTB Spirits Producers and Bottlers List: CA-S-15039,Conservative default after no completed individual evidence and no exact-premise owner/DBA match in California ABC daily data; not a finding of closure.
ca-ttb-b31a807e7415,Sidewinder Spirits,KINNEY FAMILY VINTNERS LLC,Sidewinder Spirits,"2245 S VASCO RD UNIT B, LIVERMORE, CA, 94550",LIVERMORE,CA,94550,CA-S-20150,1,closed_or_unverifiable,"No operator, local-government, or exact-premise California ABC evidence was located in the completed review; the TTB listing verifies permit identity only.",unverifiable,,https://www.ttb.gov/public-information/foia/list-of-permittees,TTB Spirits Producers and Bottlers List,https://www.ttb.gov/public-information/foia/list-of-permittees,2026-08-22,TTB Spirits Producers and Bottlers List: CA-S-20150,Conservative default after no completed individual evidence and no exact-premise owner/DBA match in California ABC daily data; not a finding of closure.
ca-ttb-b322fa9384a4,NA WINE COMPANY INC.,NA WINE COMPANY INC.,,"101 S COOMBS ST UNIT J, NAPA, CA, 94558",NAPA,CA,94558,CA-S-20542,1,closed_or_unverifiable,"No operator, local-government, or exact-premise California ABC evidence was located in the completed review; the TTB listing verifies permit identity only.",unverifiable,,https://www.ttb.gov/public-information/foia/list-of-permittees,TTB Spirits Producers and Bottlers List,https://www.ttb.gov/public-information/foia/list-of-permittees,2026-08-22,TTB Spirits Producers and Bottlers List: CA-S-20542,Conservative default after no completed individual evidence and no exact-premise owner/DBA match in California ABC daily data; not a finding of closure.
ca-ttb-b34655fd7495,Purple Spirits,GRATON SPIRITS COMPANY LLC,Purple Spirits,"5535 STATE FARM DR, ROHNERT PARK, CA, 94928",ROHNERT PARK,CA,94928,CA-S-20594,1,closed_or_unverifiable,"No operator, local-government, or exact-premise California ABC evidence was located in the completed review; the TTB listing verifies permit identity only.",unverifiable,,https://www.ttb.gov/public-information/foia/list-of-permittees,TTB Spirits Producers and Bottlers List,https://www.ttb.gov/public-information/foia/list-of-permittees,2026-08-22,TTB Spirits Producers and Bottlers List: CA-S-20594,Conservative default after no completed individual evidence and no exact-premise owner/DBA match in California ABC daily data; not a finding of closure.
ca-ttb-b72941f0303f,Two Wolves,"TWO WOLVES WINE, LLC",Two Wolves,"1480 COUNT FLEET ST, SANTA YNEZ, CA, 93460",SANTA YNEZ,CA,93460,CA-S-20465,1,production_site,Official California ABC export shows a matching active brandy/distilled-spirits/craft-distiller licence at the TTB premise.,unknown,,https://www.abc.ca.gov/licensing/licensing-reports/,California ABC Daily Data Export,https://www.abc.ca.gov/wp-content/uploads/DailyExport-CSV.zip,2026-08-22,"TTB Spirits Producers and Bottlers List: CA-S-20465; California ABC Daily Data Export: 00560800 (02, 06, 74)",Automated exact premise plus owner/DBA-token match in official ABC export: Type 02 file 00560800 (TWO WOLVES WINE  LLC / TWO WOLVES WINE); Type 06 file 00560800 (TWO WOLVES WINE  LLC / TWO WOLVES WINE); Type 74 file 00560800 (TWO WOLVES WINE  LLC / TWO WOLVES WINE).
ca-ttb-b79c680ae8d6,PURPLE SPIRITS,GRATON SPIRITS COMPANY LLC,PURPLE SPIRITS,"1095 & 1097 RAILROAD AVE, VALLEJO, CA, 94592",VALLEJO,CA,94592,CA-S-20534,1,production_site,Official California ABC export shows a matching active brandy/distilled-spirits/craft-distiller licence at the TTB premise.,unknown,,https://www.abc.ca.gov/licensing/licensing-reports/,California ABC Daily Data Export,https://www.abc.ca.gov/wp-content/uploads/DailyExport-CSV.zip,2026-08-22,"TTB Spirits Producers and Bottlers List: CA-S-20534; California ABC Daily Data Export: 00666812 (06, 12, 74, 94)",Automated exact premise plus owner/DBA-token match in official ABC export: Type 06 file 00666812 (GRATON SPIRITS COMPANY LLC / PURPLE SPIRITS); Type 12 file 00666812 (GRATON SPIRITS COMPANY LLC / PURPLE SPIRITS); Type 94 file 00666812 (GRATON SPIRITS COMPANY LLC / PURPLE SPIRITS); Type 74 file 00666812 (GRATON SPIRITS COMPANY LLC / PURPLE SPIRITS).
ca-ttb-b7e5e3fb0dba,"JDZ, INC.","JDZ, INC.",,"9990 ALESMITH CT, SAN DIEGO, CA, 92126",SAN DIEGO,CA,92126,CA-S-20504,1,production_site,Official California ABC export shows a matching active brandy/distilled-spirits/craft-distiller licence at the TTB premise.,unknown,,https://www.abc.ca.gov/licensing/licensing-reports/,California ABC Daily Data Export,https://www.abc.ca.gov/wp-content/uploads/DailyExport-CSV.zip,2026-08-22,"TTB Spirits Producers and Bottlers List: CA-S-20504; California ABC Daily Data Export: 00552584 (02, 06, 12, 23, 74, 77)",Automated exact premise plus owner/DBA-token match in official ABC export: Type 23 file 00552584 (JDZ INC / ALESMITH BREWING COMPANY); Type 06 file 00552584 (JDZ INC / ALESMITH BREWING COMPANY); Type 02 file 00552584 (JDZ INC / ALESMITH BREWING COMPANY); Type 12 file 00552584 (JDZ INC / ALESMITH BREWING COMPANY); Type 74 file 00552584 (JDZ INC / ALESMITH BREWING COMPANY); Type 77 file 00552584 (JDZ INC / ALESMITH BREWING COMPANY).
ca-ttb-b7f0c146d5cb,"ALAMBIC, INC.","ALAMBIC, INC.",,"5000 LOW GAP RD, UKIAH, CA, 95482",UKIAH,CA,95482,CA-S-266,1,closed_or_unverifiable,"No operator, local-government, or exact-premise California ABC evidence was located in the completed review; the TTB listing verifies permit identity only.",unverifiable,,https://www.ttb.gov/public-information/foia/list-of-permittees,TTB Spirits Producers and Bottlers List,https://www.ttb.gov/public-information/foia/list-of-permittees,2026-08-22,TTB Spirits Producers and Bottlers List: CA-S-266,Conservative default after no completed individual evidence and no exact-premise owner/DBA match in California ABC daily data; not a finding of closure.
ca-ttb-b809008f0dcc,Dust Bowl Distillery,"DUST BOWL BREWING CO., LLC",Dust Bowl Distillery,"3000 FULKERTH RD, TURLOCK, CA, 95830",TURLOCK,CA,95830,CA-S-20457,1,closed_or_unverifiable,"No operator, local-government, or exact-premise California ABC evidence was located in the completed review; the TTB listing verifies permit identity only.",unverifiable,,https://www.ttb.gov/public-information/foia/list-of-permittees,TTB Spirits Producers and Bottlers List,https://www.ttb.gov/public-information/foia/list-of-permittees,2026-08-22,TTB Spirits Producers and Bottlers List: CA-S-20457,Conservative default after no completed individual evidence and no exact-premise owner/DBA match in California ABC daily data; not a finding of closure.
ca-ttb-b80faa3dbdce,Lincoln Speakeasy Taproom,BOLD HIJINKS CORPORATION,Lincoln Speakeasy Taproom,"436 LINCOLN BLVD STE 202, LINCOLN, CA, 95648",LINCOLN,CA,95648,CA-S-20461,1,closed_or_unverifiable,"No operator, local-government, or exact-premise California ABC evidence was located in the completed review; the TTB listing verifies permit identity only.",unverifiable,,https://www.ttb.gov/public-information/foia/list-of-permittees,TTB Spirits Producers and Bottlers List,https://www.ttb.gov/public-information/foia/list-of-permittees,2026-08-22,TTB Spirits Producers and Bottlers List: CA-S-20461,Conservative default after no completed individual evidence and no exact-premise owner/DBA match in California ABC daily data; not a finding of closure.
ca-ttb-b8382d3c1d74,WINESECRETS,"AMERICAN WINESECRETS, LLC",WINESECRETS,"1446 INDUSTRIAL AVE WHSE 2, SEBASTOPOL, CA, 95472",SEBASTOPOL,CA,95472,CA-S-15097,1,closed_or_unverifiable,"No operator, local-government, or exact-premise California ABC evidence was located in the completed review; the TTB listing verifies permit identity only.",unverifiable,,https://www.ttb.gov/public-information/foia/list-of-permittees,TTB Spirits Producers and Bottlers List,https://www.ttb.gov/public-information/foia/list-of-permittees,2026-08-22,TTB Spirits Producers and Bottlers List: CA-S-15097,Conservative default after no completed individual evidence and no exact-premise owner/DBA match in California ABC daily data; not a finding of closure.
ca-ttb-b84bb6683496,"DEAD HORSE HOLLER HOLDINGS, LLC","DEAD HORSE HOLLER HOLDINGS, LLC",,"4400 ASHE RD STE 207, BAKERSFIELD, CA, 93313",BAKERSFIELD,CA,93313,CA-S-20220,1,closed_or_unverifiable,"No operator, local-government, or exact-premise California ABC evidence was located in the completed review; the TTB listing verifies permit identity only.",unverifiable,,https://www.ttb.gov/public-information/foia/list-of-permittees,TTB Spirits Producers and Bottlers List,https://www.ttb.gov/public-information/foia/list-of-permittees,2026-08-22,TTB Spirits Producers and Bottlers List: CA-S-20220,Conservative default after no completed individual evidence and no exact-premise owner/DBA match in California ABC daily data; not a finding of closure.
ca-ttb-b951a50b13d6,"STRAND BREWING CO., LLC","STRAND BREWING CO., LLC",,"2201 DOMINGUEZ ST, TORRANCE, CA, 90501",TORRANCE,CA,90501,CA-S-20310,1,closed_or_unverifiable,"No operator, local-government, or exact-premise California ABC evidence was located in the completed review; the TTB listing verifies permit identity only.",unverifiable,,https://www.ttb.gov/public-information/foia/list-of-permittees,TTB Spirits Producers and Bottlers List,https://www.ttb.gov/public-information/foia/list-of-permittees,2026-08-22,TTB Spirits Producers and Bottlers List: CA-S-20310,Conservative default after no completed individual evidence and no exact-premise owner/DBA match in California ABC daily data; not a finding of closure.
ca-ttb-ba166ea0919b,"Webbs Grainworks, LLC","WEBB'S GRAINWORKS, LLC","Webbs Grainworks, LLC","7 JOURNEY STE B, ALISO VIEJO, CA, 92656",ALISO VIEJO,CA,92656,CA-S-20396,1,closed_or_unverifiable,"No operator, local-government, or exact-premise California ABC evidence was located in the completed review; the TTB listing verifies permit identity only.",unverifiable,,https://www.ttb.gov/public-information/foia/list-of-permittees,TTB Spirits Producers and Bottlers List,https://www.ttb.gov/public-information/foia/list-of-permittees,2026-08-22,TTB Spirits Producers and Bottlers List: CA-S-20396,Conservative default after no completed individual evidence and no exact-premise owner/DBA match in California ABC daily data; not a finding of closure.
ca-ttb-ba1a6819981a,Siplo,"SIPLO, LLC",Siplo,"1500 INDUSTRIAL WAY UNIT 100, REDWOOD CITY, CA, 94063",REDWOOD CITY,CA,94063,CA-S-20561,1,closed_or_unverifiable,"No operator, local-government, or exact-premise California ABC evidence was located in the completed review; the TTB listing verifies permit identity only.",unverifiable,,https://www.ttb.gov/public-information/foia/list-of-permittees,TTB Spirits Producers and Bottlers List,https://www.ttb.gov/public-information/foia/list-of-permittees,2026-08-22,TTB Spirits Producers and Bottlers List: CA-S-20561,Conservative default after no completed individual evidence and no exact-premise owner/DBA match in California ABC daily data; not a finding of closure.
ca-ttb-bab11e2e5ac2,Patio29 Spirits Company,"PATIO29 SPIRITS COMPANY, LLC",Patio29 Spirits Company,"723 RAILROAD AVE, WINTERS, CA, 95694",WINTERS,CA,95694,CA-S-20538,1,production_site,Official California ABC export shows a matching active brandy/distilled-spirits/craft-distiller licence at the TTB premise.,unknown,,https://www.abc.ca.gov/licensing/licensing-reports/,California ABC Daily Data Export,https://www.abc.ca.gov/wp-content/uploads/DailyExport-CSV.zip,2026-08-22,"TTB Spirits Producers and Bottlers List: CA-S-20538; California ABC Daily Data Export: 00587398 (06, 74)",Automated exact premise plus owner/DBA-token match in official ABC export: Type 06 file 00587398 (PATIO29 SPIRITS COMPANY  LLC / PATIO 29); Type 74 file 00587398 (PATIO29 SPIRITS COMPANY  LLC / PATIO 29).
ca-ttb-bac8f1646a7f,"COMMON COLLABS, LLC","COMMON COLLABS, LLC",,"1820 E WALNUT AVE, FULLERTON, CA, 92831",FULLERTON,CA,92831,CA-S-20322,1,closed_or_unverifiable,"No operator, local-government, or exact-premise California ABC evidence was located in the completed review; the TTB listing verifies permit identity only.",unverifiable,,https://www.ttb.gov/public-information/foia/list-of-permittees,TTB Spirits Producers and Bottlers List,https://www.ttb.gov/public-information/foia/list-of-permittees,2026-08-22,TTB Spirits Producers and Bottlers List: CA-S-20322,Conservative default after no completed individual evidence and no exact-premise owner/DBA match in California ABC daily data; not a finding of closure.
ca-ttb-bb25034da17f,SANTA MARIA BREWING CO. INC.,SANTA MARIA BREWING CO. INC.,,"7935 SAN LUIS AVE, ATASCADERO, CA, 93422",ATASCADERO,CA,93422,CA-S-20262,1,production_site,Official California ABC export shows a matching active brandy/distilled-spirits/craft-distiller licence at the TTB premise.,unknown,,https://www.abc.ca.gov/licensing/licensing-reports/,California ABC Daily Data Export,https://www.abc.ca.gov/wp-content/uploads/DailyExport-CSV.zip,2026-08-22,"TTB Spirits Producers and Bottlers List: CA-S-20262; California ABC Daily Data Export: 00655711 (06, 74)",Automated exact premise plus owner/DBA-token match in official ABC export: Type 06 file 00655711 (ATASCADERO TAPS LLC / BLAST BREWING COMPANY); Type 74 file 00655711 (ATASCADERO TAPS LLC / BLAST BREWING COMPANY).
ca-ttb-bbab817413a1,"BARBER LEE SPIRITS, LLC","BARBER LEE SPIRITS, LLC",,"120 WASHINGTON ST, PETALUMA, CA, 94952",PETALUMA,CA,94952,CA-S-20239,1,production_site,Official California ABC export shows a matching active brandy/distilled-spirits/craft-distiller licence at the TTB premise.,unknown,,https://www.abc.ca.gov/licensing/licensing-reports/,California ABC Daily Data Export,https://www.abc.ca.gov/wp-content/uploads/DailyExport-CSV.zip,2026-08-22,"TTB Spirits Producers and Bottlers List: CA-S-20239; California ABC Daily Data Export: 00596754 (06, 74)",Automated exact premise plus owner/DBA-token match in official ABC export: Type 06 file 00596754 (BARBER LEE SPIRITS  LLC / BARBER LEE SPIRITS); Type 74 file 00596754 (BARBER LEE SPIRITS  LLC / BARBER LEE SPIRITS).
ca-ttb-bc7804ceea38,LAKE BOTTOM BREWERY & DISTILLERY  LLC,LAKE BOTTOM BREWERY & DISTILLERY  LLC,,"105 E MAIN ST, VISALIA, CA, 93291",VISALIA,CA,93291,CA-S-20381,1,production_site,Official California ABC export shows a matching active brandy/distilled-spirits/craft-distiller licence at the TTB premise.,unknown,,https://www.abc.ca.gov/licensing/licensing-reports/,California ABC Daily Data Export,https://www.abc.ca.gov/wp-content/uploads/DailyExport-CSV.zip,2026-08-22,"TTB Spirits Producers and Bottlers List: CA-S-20381; California ABC Daily Data Export: 00630036 (06, 23, 74)",Automated exact premise plus owner/DBA-token match in official ABC export: Type 23 file 00630036 (FIGUEROA JR  FRED STEVEN / LAKE BOTTOM BREWERY & DISTILLERY); Type 06 file 00630036 (FIGUEROA JR  FRED STEVEN / LAKE BOTTOM BREWERY & DISTILLERY); Type 74 file 00630036 (FIGUEROA JR  FRED STEVEN / LAKE BOTTOM BREWERY & DISTILLERY).
ca-ttb-bd4e675377b4,ABEL KAASE,ABEL KAASE,,"2933 ADAMS AVE, SAN DIEGO, CA, 92116",SAN DIEGO,CA,92116,CA-S-20371,1,production_site,Official California ABC export shows a matching active brandy/distilled-spirits/craft-distiller licence at the TTB premise.,unknown,,https://www.abc.ca.gov/licensing/licensing-reports/,California ABC Daily Data Export,https://www.abc.ca.gov/wp-content/uploads/DailyExport-CSV.zip,2026-08-22,"TTB Spirits Producers and Bottlers List: CA-S-20371; California ABC Daily Data Export: 00624359 (06, 74)",Automated exact premise plus owner/DBA-token match in official ABC export: Type 06 file 00624359 (KAASE  ABEL BENJAMIN / SWAN  THE); Type 74 file 00624359 (KAASE  ABEL BENJAMIN / SWAN  THE).
ca-ttb-bddf3f6cfacf,Spiritsmith Distilling Company,SPIRITSMITH LLC,Spiritsmith Distilling Company,"1446 INDUSTRIAL AVE, SEBASTOPOL, CA, 95472",SEBASTOPOL,CA,95472,CA-S-20054,1,production_site,Official California ABC export shows a matching active brandy/distilled-spirits/craft-distiller licence at the TTB premise.,unknown,,https://www.abc.ca.gov/licensing/licensing-reports/,California ABC Daily Data Export,https://www.abc.ca.gov/wp-content/uploads/DailyExport-CSV.zip,2026-08-22,"TTB Spirits Producers and Bottlers List: CA-S-20054; California ABC Daily Data Export: 00542288 (04, 06)",Automated exact premise plus owner/DBA-token match in official ABC export: Type 06 file 00542288 (SPIRITSMITH  LLC / SPIRITSMITH); Type 04 file 00542288 (SPIRITSMITH  LLC / SPIRITSMITH).
ca-ttb-be0ef499408b,Turner Road Vintners,E. & J. GALLO WINERY,Turner Road Vintners,"4614 W TURNER RD, LODI, CA, 95242",LODI,CA,95242,CA-S-20409,1,production_site,Official California ABC export shows a matching active brandy/distilled-spirits/craft-distiller licence at the TTB premise.,unknown,,https://www.abc.ca.gov/licensing/licensing-reports/,California ABC Daily Data Export,https://www.abc.ca.gov/wp-content/uploads/DailyExport-CSV.zip,2026-08-22,"TTB Spirits Producers and Bottlers List: CA-S-20409; California ABC Daily Data Export: 00623143 (01, 02, 04, 09)",Automated exact premise plus owner/DBA-token match in official ABC export: Type 01 file 00623143 (E. & J. GALLO WINERY / TURNER ROAD VINTNERS); Type 02 file 00623143 (E. & J. GALLO WINERY / TURNER ROAD VINTNERS); Type 04 file 00623143 (E. & J. GALLO WINERY / TURNER ROAD VINTNERS); Type 09 file 00623143 (E. & J. GALLO WINERY / TURNER ROAD VINTNERS).
ca-ttb-bea962262382,F-86,F-86,F-86,"42913 CAPITAL DR STE 109, LANCASTER, CA, 93535",LANCASTER,CA,93535,CA-S-20549,1,bottling_only,Official California ABC export shows matching active manufacturer-agent/rectifier privileges but no matching active distilled-spirits production licence.,unknown,,https://www.abc.ca.gov/licensing/licensing-reports/,California ABC Daily Data Export,https://www.abc.ca.gov/wp-content/uploads/DailyExport-CSV.zip,2026-08-22,TTB Spirits Producers and Bottlers List: CA-S-20549; California ABC Daily Data Export: 00666226 (07),Automated exact premise plus owner/DBA-token match in official ABC export: Type 07 file 00666226 (F-86 / BLACK ARMOUR ARES).
ca-ttb-bf2eb50f7124,ST. ANNE'S CROSSING,"STONECUSHION, INC.",ST. ANNE'S CROSSING,"8450 SONOMA HWY, KENWOOD, CA, 95452",KENWOOD,CA,95452,CA-S-20006,1,needs_review,"Official California ABC export has an exact-premise identity match, but the listed licence type does not independently establish spirits production.",unknown,,https://www.abc.ca.gov/licensing/licensing-reports/,California ABC Daily Data Export,https://www.abc.ca.gov/wp-content/uploads/DailyExport-CSV.zip,2026-08-22,"TTB Spirits Producers and Bottlers List: CA-S-20006; California ABC Daily Data Export: 00522083 (02, 06)",Automated exact premise plus owner/DBA-token match in official ABC export: Type 02 file 00522083 (STONECUSHION  INC. / ST ANNES CROSSING); Type 06 file 00522083 (STONECUSHION  INC. / ST ANNES CROSSING).
ca-ttb-bf9ea8ae4cf7,Napa Wine Company,OAKVILLE WINERY ACQUISITION GROUP,Napa Wine Company,"7830 ST. HELENA HWY, OAKVILLE, CA, 94562",OAKVILLE,CA,94562,CA-S-20406,1,closed_or_unverifiable,"No operator, local-government, or exact-premise California ABC evidence was located in the completed review; the TTB listing verifies permit identity only.",unverifiable,,https://www.ttb.gov/public-information/foia/list-of-permittees,TTB Spirits Producers and Bottlers List,https://www.ttb.gov/public-information/foia/list-of-permittees,2026-08-22,TTB Spirits Producers and Bottlers List: CA-S-20406,Conservative default after no completed individual evidence and no exact-premise owner/DBA match in California ABC daily data; not a finding of closure.
ca-ttb-c01e4c6f4942,RE:FIND DISTILLERY,VILLICANA WINE & SPIRITS,RE:FIND DISTILLERY,"2725 ADELAIDA RD, PASO ROBLES, CA, 93446",PASO ROBLES,CA,93446,CA-S-20387,1,production_site,Official California ABC export shows a matching active brandy/distilled-spirits/craft-distiller licence at the TTB premise.,unknown,,https://www.abc.ca.gov/licensing/licensing-reports/,California ABC Daily Data Export,https://www.abc.ca.gov/wp-content/uploads/DailyExport-CSV.zip,2026-08-22,"TTB Spirits Producers and Bottlers List: CA-S-20387; California ABC Daily Data Export: 00628696 (02, 03, 06, 74, 94)",Automated exact premise plus owner/DBA-token match in official ABC export: Type 02 file 00628696 (VILLICANA WINE & SPIRITS / VILLICANA WINERY  REFIND DISTILLERY  PASO ROBLES C); Type 03 file 00628696 (VILLICANA WINE & SPIRITS / VILLICANA WINERY  REFIND DISTILLERY  PASO ROBLES C); Type 06 file 00628696 (VILLICANA WINE & SPIRITS / VILLICANA WINERY  REFIND DISTILLERY  PASO ROBLES C); Type 74 file 00628696 (VILLICANA WINE & SPIRITS / VILLICANA WINERY  REFIND DISTILLERY  PASO ROBLES C); Type 94 file 00628696 (VILLICANA WINE & SPIRITS / VILLICANA WINERY  REFIND DISTILLERY  PASO ROBLES C).
ca-ttb-c18fecdfcd9d,ICM Beverage,ICM BEVERAGE LLC,ICM Beverage,"40880 COUNTY CENTER DR STE P, TEMECULA, CA, 92591",TEMECULA,CA,92591,CA-S-20342,1,closed_or_unverifiable,"No operator, local-government, or exact-premise California ABC evidence was located in the completed review; the TTB listing verifies permit identity only.",unverifiable,,https://www.ttb.gov/public-information/foia/list-of-permittees,TTB Spirits Producers and Bottlers List,https://www.ttb.gov/public-information/foia/list-of-permittees,2026-08-22,TTB Spirits Producers and Bottlers List: CA-S-20342,Conservative default after no completed individual evidence and no exact-premise owner/DBA match in California ABC daily data; not a finding of closure.
ca-ttb-c1da93a8c380,Waterbird Spirits,"DRINKPAK, LLC",Waterbird Spirits,"21375 NEEDHAM RANCH PKWY, SANTA CLARITA, CA, 91321",SANTA CLARITA,CA,91321,CA-S-20370,1,closed_or_unverifiable,"No operator, local-government, or exact-premise California ABC evidence was located in the completed review; the TTB listing verifies permit identity only.",unverifiable,,https://www.ttb.gov/public-information/foia/list-of-permittees,TTB Spirits Producers and Bottlers List,https://www.ttb.gov/public-information/foia/list-of-permittees,2026-08-22,TTB Spirits Producers and Bottlers List: CA-S-20370,Conservative default after no completed individual evidence and no exact-premise owner/DBA match in California ABC daily data; not a finding of closure.
ca-ttb-c23a622eb4b1,"EAFD, LLC","EAFD, LLC",,"1545 W 134TH ST, GARDENA, CA, 90249",GARDENA,CA,90249,CA-S-15110,1,closed_or_unverifiable,"No operator, local-government, or exact-premise California ABC evidence was located in the completed review; the TTB listing verifies permit identity only.",unverifiable,,https://www.ttb.gov/public-information/foia/list-of-permittees,TTB Spirits Producers and Bottlers List,https://www.ttb.gov/public-information/foia/list-of-permittees,2026-08-22,TTB Spirits Producers and Bottlers List: CA-S-15110,Conservative default after no completed individual evidence and no exact-premise owner/DBA match in California ABC daily data; not a finding of closure.
ca-ttb-c29ba9560e65,"SMART CUPS, LLC","SMART CUPS, LLC",,"25732 TALADRO CIR, MISSION VIEJO, CA, 92691",MISSION VIEJO,CA,92691,CA-S-20314,1,bottling_only,Official California ABC export shows matching active manufacturer-agent/rectifier privileges but no matching active distilled-spirits production licence.,unknown,,https://www.abc.ca.gov/licensing/licensing-reports/,California ABC Daily Data Export,https://www.abc.ca.gov/wp-content/uploads/DailyExport-CSV.zip,2026-08-22,TTB Spirits Producers and Bottlers List: CA-S-20314; California ABC Daily Data Export: 00607237 (07),Automated exact premise plus owner/DBA-token match in official ABC export: Type 07 file 00607237 (SMART CUPS  LLC / SMART CUPS LLC).
ca-ttb-c415149e44f4,LIVE VINE INC.,LIVE VINE INC.,,"743 LUDS WAY, OROVILLE, CA, 95965",OROVILLE,CA,95965,CA-S-20548,1,closed_or_unverifiable,"No operator, local-government, or exact-premise California ABC evidence was located in the completed review; the TTB listing verifies permit identity only.",unverifiable,,https://www.ttb.gov/public-information/foia/list-of-permittees,TTB Spirits Producers and Bottlers List,https://www.ttb.gov/public-information/foia/list-of-permittees,2026-08-22,TTB Spirits Producers and Bottlers List: CA-S-20548,Conservative default after no completed individual evidence and no exact-premise owner/DBA match in California ABC daily data; not a finding of closure.
ca-ttb-c4d0a63b0532,J. LOHR WINERY CORPORATION,J. LOHR WINERY CORPORATION,,"1000 LENZEN AVE, SAN JOSE, CA, 95126",SAN JOSE,CA,95126,CA-S-318,1,needs_review,"Official California ABC export has an exact-premise identity match, but the listed licence type does not independently establish spirits production.",unknown,,https://www.abc.ca.gov/licensing/licensing-reports/,California ABC Daily Data Export,https://www.abc.ca.gov/wp-content/uploads/DailyExport-CSV.zip,2026-08-22,"TTB Spirits Producers and Bottlers List: CA-S-318; California ABC Daily Data Export: 00296923 (02, 06, 81)",Automated exact premise plus owner/DBA-token match in official ABC export: Type 06 file 00296923 (J. LOHR WINERY CORPORATION / J. LOHR WINERY); Type 02 file 00296923 (J. LOHR WINERY CORPORATION / J. LOHR WINERY); Type 81 file 00296923 (J. LOHR WINERY CORPORATION / J. LOHR WINERY).
ca-ttb-c52f4bc488db,"QUALITY WORKS, INC.","QUALITY WORKS, INC.",,"330 CATALPA ST, SAN MATEO, CA, 94401",SAN MATEO,CA,94401,CA-S-20590,1,closed_or_unverifiable,"No operator, local-government, or exact-premise California ABC evidence was located in the completed review; the TTB listing verifies permit identity only.",unverifiable,,https://www.ttb.gov/public-information/foia/list-of-permittees,TTB Spirits Producers and Bottlers List,https://www.ttb.gov/public-information/foia/list-of-permittees,2026-08-22,TTB Spirits Producers and Bottlers List: CA-S-20590,Conservative default after no completed individual evidence and no exact-premise owner/DBA match in California ABC daily data; not a finding of closure.
ca-ttb-c5ad4515ec5a,Mission Bell Winery,"CONSTELLATION BRANDS U.S. OPERATIONS, INC.",Mission Bell Winery,"12667 ROAD 24, MADERA, CA, 93637",MADERA,CA,93637,CA-S-64,1,production_site,Official California ABC export shows a matching active brandy/distilled-spirits/craft-distiller licence at the TTB premise.,unknown,,https://www.abc.ca.gov/licensing/licensing-reports/,California ABC Daily Data Export,https://www.abc.ca.gov/wp-content/uploads/DailyExport-CSV.zip,2026-08-22,"TTB Spirits Producers and Bottlers List: CA-S-64; California ABC Daily Data Export: 00298388, 00298887 (02, 04, 06, 09, 10, 12, 17)",Automated exact premise plus owner/DBA-token match in official ABC export: Type 02 file 00298887 (CONSTELLATION BRANDS U.S. OPERATIONS  INC. / MISSION BELL WINERY); Type 04 file 00298887 (CONSTELLATION BRANDS U.S. OPERATIONS  INC. / MISSION BELL WINERY); Type 06 file 00298887 (CONSTELLATION BRANDS U.S. OPERATIONS  INC. / MISSION BELL WINERY); Type 10 file 00298388 (CONSTELLATION BRANDS INC / CONSTELLATION BRANDS); Type 17 file 00298388 (CONSTELLATION BRANDS INC / CONSTELLATION BRANDS); Type 12 file 00298887 (CONSTELLATION BRANDS U.S. OPERATIONS  INC. / MISSION BELL WINERY); Type 09 file 00298388 (CONSTELLATION BRANDS INC / CONSTELLATION BRANDS).
ca-ttb-c5d6bf883988,ELK FIELD Vineyards,NADIEM HANNA KHOURY,ELK FIELD Vineyards,"7801 HIGHWAY 20, UKIAH, CA, 95482",UKIAH,CA,95482,CA-S-20334,1,production_site,Official California ABC export shows a matching active brandy/distilled-spirits/craft-distiller licence at the TTB premise.,unknown,,https://www.abc.ca.gov/licensing/licensing-reports/,California ABC Daily Data Export,https://www.abc.ca.gov/wp-content/uploads/DailyExport-CSV.zip,2026-08-22,"TTB Spirits Producers and Bottlers List: CA-S-20334; California ABC Daily Data Export: 00530452 (02, 03, 06)",Automated exact premise plus owner/DBA-token match in official ABC export: Type 02 file 00530452 (KHOURY  NADIEM HANNA / ELK FIELD VINEYARDS); Type 03 file 00530452 (KHOURY  NADIEM HANNA / ELK FIELD VINEYARDS); Type 06 file 00530452 (KHOURY  NADIEM HANNA / ELK FIELD VINEYARDS).
ca-ttb-c632e3901d35,CAL BEV-GO LLC,CAL BEV-GO LLC,,"1401 GROVE ST UNIT D, HEALDSBURG, CA, 95448",HEALDSBURG,CA,95448,CA-S-20440,1,closed_or_unverifiable,"No operator, local-government, or exact-premise California ABC evidence was located in the completed review; the TTB listing verifies permit identity only.",unverifiable,,https://www.ttb.gov/public-information/foia/list-of-permittees,TTB Spirits Producers and Bottlers List,https://www.ttb.gov/public-information/foia/list-of-permittees,2026-08-22,TTB Spirits Producers and Bottlers List: CA-S-20440,Conservative default after no completed individual evidence and no exact-premise owner/DBA match in California ABC daily data; not a finding of closure.
ca-ttb-c712dffaf387,Humboldt Craft Spirits,HCS BRANDS HOLDINGS LLC,Humboldt Craft Spirits,"205 7TH ST STE C, EUREKA, CA, 95501",EUREKA,CA,95501,CA-S-20572,1,closed_or_unverifiable,"No operator, local-government, or exact-premise California ABC evidence was located in the completed review; the TTB listing verifies permit identity only.",unverifiable,,https://www.ttb.gov/public-information/foia/list-of-permittees,TTB Spirits Producers and Bottlers List,https://www.ttb.gov/public-information/foia/list-of-permittees,2026-08-22,TTB Spirits Producers and Bottlers List: CA-S-20572,Conservative default after no completed individual evidence and no exact-premise owner/DBA match in California ABC daily data; not a finding of closure.
ca-ttb-c7451fca6f13,"STAG'S LEAP WINE CELLARS, LLC","STAG'S LEAP WINE CELLARS, LLC",,"8711 SILVERADO TRAIL, ST. HELENA, CA, 94574",ST. HELENA,CA,94574,CA-S-20469,1,closed_or_unverifiable,"No operator, local-government, or exact-premise California ABC evidence was located in the completed review; the TTB listing verifies permit identity only.",unverifiable,,https://www.ttb.gov/public-information/foia/list-of-permittees,TTB Spirits Producers and Bottlers List,https://www.ttb.gov/public-information/foia/list-of-permittees,2026-08-22,TTB Spirits Producers and Bottlers List: CA-S-20469,Conservative default after no completed individual evidence and no exact-premise owner/DBA match in California ABC daily data; not a finding of closure.
ca-ttb-c7aec4f28a36,Misadventure & Co.,"LOST & FOUND DISTILLERY, INC.",Misadventure & Co.,"2420 GRAND AVE STE C, VISTA, CA, 92081",VISTA,CA,92081,CA-S-20253,1,closed_or_unverifiable,"No operator, local-government, or exact-premise California ABC evidence was located in the completed review; the TTB listing verifies permit identity only.",unverifiable,,https://www.ttb.gov/public-information/foia/list-of-permittees,TTB Spirits Producers and Bottlers List,https://www.ttb.gov/public-information/foia/list-of-permittees,2026-08-22,TTB Spirits Producers and Bottlers List: CA-S-20253,Conservative default after no completed individual evidence and no exact-premise owner/DBA match in California ABC daily data; not a finding of closure.
ca-ttb-c83c0cac00dc,"MAKE BEVERAGE GROUP, LLC","MAKE BEVERAGE GROUP, LLC",,"500 S ANAHEIM BLVD UNIT A, ANAHEIM, CA, 92805",ANAHEIM,CA,92805,CA-S-20176,1,closed_or_unverifiable,"No operator, local-government, or exact-premise California ABC evidence was located in the completed review; the TTB listing verifies permit identity only.",unverifiable,,https://www.ttb.gov/public-information/foia/list-of-permittees,TTB Spirits Producers and Bottlers List,https://www.ttb.gov/public-information/foia/list-of-permittees,2026-08-22,TTB Spirits Producers and Bottlers List: CA-S-20176,Conservative default after no completed individual evidence and no exact-premise owner/DBA match in California ABC daily data; not a finding of closure.
ca-ttb-c8571450d469,Orelar,"VINSCI, INC.",Orelar,"303 GATEWAY RD W, NAPA, CA, 94558",NAPA,CA,94558,CA-S-20470,1,production_site,Official California ABC export shows a matching active brandy/distilled-spirits/craft-distiller licence at the TTB premise.,unknown,,https://www.abc.ca.gov/licensing/licensing-reports/,California ABC Daily Data Export,https://www.abc.ca.gov/wp-content/uploads/DailyExport-CSV.zip,2026-08-22,"TTB Spirits Producers and Bottlers List: CA-S-20470; California ABC Daily Data Export: 00648981 (06, 74)",Automated exact premise plus owner/DBA-token match in official ABC export: Type 06 file 00648981 (VINSCI INC / VINSCI INC.); Type 74 file 00648981 (VINSCI INC / VINSCI INC.).
ca-ttb-c879d67554f9,GOLDEN VALLEY GRAPE JUICE & WINE,"GOLDEN VALLEY GRAPE JUICE AND WINE, LLC",GOLDEN VALLEY GRAPE JUICE & WINE,"11770 ROAD 27 1/2, MADERA, CA, 93637",MADERA,CA,93637,CA-S-357,1,closed_or_unverifiable,"No operator, local-government, or exact-premise California ABC evidence was located in the completed review; the TTB listing verifies permit identity only.",unverifiable,,https://www.ttb.gov/public-information/foia/list-of-permittees,TTB Spirits Producers and Bottlers List,https://www.ttb.gov/public-information/foia/list-of-permittees,2026-08-22,TTB Spirits Producers and Bottlers List: CA-S-357,Conservative default after no completed individual evidence and no exact-premise owner/DBA match in California ABC daily data; not a finding of closure.
ca-ttb-c92d7ef1809a,THE BLACKSTORM BRAND LLC,"THE BLACKSTORM BRAND, LLC",THE BLACKSTORM BRAND LLC,"1634 W 139TH ST, GARDENA, CA, 90249",GARDENA,CA,90249,CA-S-20459,1,closed_or_unverifiable,"No operator, local-government, or exact-premise California ABC evidence was located in the completed review; the TTB listing verifies permit identity only.",unverifiable,,https://www.ttb.gov/public-information/foia/list-of-permittees,TTB Spirits Producers and Bottlers List,https://www.ttb.gov/public-information/foia/list-of-permittees,2026-08-22,TTB Spirits Producers and Bottlers List: CA-S-20459,Conservative default after no completed individual evidence and no exact-premise owner/DBA match in California ABC daily data; not a finding of closure.
ca-ttb-c98dd33f31ad,Olehna,"HOUSE OF THE SUN, LLC",Olehna,"2601 MONARCH ST, ALAMEDA, CA, 94501",ALAMEDA,CA,94501,CA-S-20367,1,production_site,Official California ABC export shows a matching active brandy/distilled-spirits/craft-distiller licence at the TTB premise.,unknown,,https://www.abc.ca.gov/licensing/licensing-reports/,California ABC Daily Data Export,https://www.abc.ca.gov/wp-content/uploads/DailyExport-CSV.zip,2026-08-22,"TTB Spirits Producers and Bottlers List: CA-S-20367; California ABC Daily Data Export: 00666096 (06, 74)",Automated exact premise plus owner/DBA-token match in official ABC export: Type 06 file 00666096 (HOUSE OF THE SUN  LLC / OLEHNA); Type 74 file 00666096 (HOUSE OF THE SUN  LLC / OLEHNA).
ca-ttb-c9c2514a3b45,GOLDEN STATE VINTNERS,GOLDEN STATE VINTNERS,,"38558 ROAD 128, CUTLER, CA, 93615",CUTLER,CA,93615,CA-S-219,1,production_site,Official California ABC export shows a matching active brandy/distilled-spirits/craft-distiller licence at the TTB premise.,unknown,,https://www.abc.ca.gov/licensing/licensing-reports/,California ABC Daily Data Export,https://www.abc.ca.gov/wp-content/uploads/DailyExport-CSV.zip,2026-08-22,"TTB Spirits Producers and Bottlers List: CA-S-219; California ABC Daily Data Export: 00005229 (01, 02, 03, 06, 09)",Automated exact premise plus owner/DBA-token match in official ABC export: Type 01 file 00005229 (GOLDEN STATE VINTNERS / GOLDEN STATE VINTNERS); Type 06 file 00005229 (GOLDEN STATE VINTNERS / GOLDEN STATE VINTNERS); Type 02 file 00005229 (GOLDEN STATE VINTNERS / GOLDEN STATE VINTNERS); Type 03 file 00005229 (GOLDEN STATE VINTNERS / GOLDEN STATE VINTNERS); Type 09 file 00005229 (GOLDEN STATE VINTNERS / GOLDEN STATE VINTNERS).
ca-ttb-ca851c6042a8,Wille's Tin Shop,"ROXANNE'S, INC.",Wille's Tin Shop,"1115 E WARDLOW RD UNIT A, LONG BEACH, CA, 90807",LONG BEACH,CA,90807,CA-S-20267,1,closed_or_unverifiable,"No operator, local-government, or exact-premise California ABC evidence was located in the completed review; the TTB listing verifies permit identity only.",unverifiable,,https://www.ttb.gov/public-information/foia/list-of-permittees,TTB Spirits Producers and Bottlers List,https://www.ttb.gov/public-information/foia/list-of-permittees,2026-08-22,TTB Spirits Producers and Bottlers List: CA-S-20267,Conservative default after no completed individual evidence and no exact-premise owner/DBA match in California ABC daily data; not a finding of closure.
ca-ttb-cae2468dc0b3,"MOJO BREWHOUSE, LLC","MOJO BREWHOUSE, LLC",,"221 W MONTECITO ST, SANTA BARBARA, CA, 93101",SANTA BARBARA,CA,93101,CA-S-20595,1,needs_review,"Official California ABC export has an exact-premise identity match, but the listed licence type does not independently establish spirits production.",unknown,,https://www.abc.ca.gov/licensing/licensing-reports/,California ABC Daily Data Export,https://www.abc.ca.gov/wp-content/uploads/DailyExport-CSV.zip,2026-08-22,TTB Spirits Producers and Bottlers List: CA-S-20595; California ABC Daily Data Export: 00641581 (23),Automated exact premise plus owner/DBA-token match in official ABC export: Type 23 file 00641581 (MOJO BREWHOUSE LLC / BREWHOUSE  THE).
ca-ttb-cb8ec01a9595,Venus Spirits LLC,VENUS SPIRITS LLC,Venus Spirits LLC,"200 HIGH RD, SANTA CRUZ, CA, 95060",SANTA CRUZ,CA,95060,CA-S-20049,1,production_site,Official California ABC export shows a matching active brandy/distilled-spirits/craft-distiller licence at the TTB premise.,unknown,,https://www.abc.ca.gov/licensing/licensing-reports/,California ABC Daily Data Export,https://www.abc.ca.gov/wp-content/uploads/DailyExport-CSV.zip,2026-08-22,"TTB Spirits Producers and Bottlers List: CA-S-20049; California ABC Daily Data Export: 00611969 (06, 74, 94)",Automated exact premise plus owner/DBA-token match in official ABC export: Type 06 file 00611969 (VENUS SPIRITS LLC / VENUS SPIRITS); Type 74 file 00611969 (VENUS SPIRITS LLC / VENUS SPIRITS); Type 94 file 00611969 (VENUS SPIRITS LLC / VENUS SPIRITS).
ca-ttb-cc39cd3aa6eb,Wildfire Vodka,WILD FIRE VODKA LLC,Wildfire Vodka,"16040 KAPLAN AVE, CITY OF INDUSTRY, CA, 91744",CITY OF INDUSTRY,CA,91744,CA-S-20256,1,closed_or_unverifiable,"No operator, local-government, or exact-premise California ABC evidence was located in the completed review; the TTB listing verifies permit identity only.",unverifiable,,https://www.ttb.gov/public-information/foia/list-of-permittees,TTB Spirits Producers and Bottlers List,https://www.ttb.gov/public-information/foia/list-of-permittees,2026-08-22,TTB Spirits Producers and Bottlers List: CA-S-20256,Conservative default after no completed individual evidence and no exact-premise owner/DBA match in California ABC daily data; not a finding of closure.
ca-ttb-cc4ea12fd772,California Distilled Spirits,EDWIN ARNOLD,California Distilled Spirits,"12205 LOCKSLEY LN UNIT 11, AUBURN, CA, 95602",AUBURN,CA,95602,CA-S-20044,1,closed_or_unverifiable,"No operator, local-government, or exact-premise California ABC evidence was located in the completed review; the TTB listing verifies permit identity only.",unverifiable,,https://www.ttb.gov/public-information/foia/list-of-permittees,TTB Spirits Producers and Bottlers List,https://www.ttb.gov/public-information/foia/list-of-permittees,2026-08-22,TTB Spirits Producers and Bottlers List: CA-S-20044,Conservative default after no completed individual evidence and no exact-premise owner/DBA match in California ABC daily data; not a finding of closure.
ca-ttb-cc71f1e12154,Martinelli Winery,"MARTINELLI WINERY, INC.",Martinelli Winery,"3360 RIVER RD, WINDSOR, CA, 95492",WINDSOR,CA,95492,CA-S-20080,1,needs_review,"Official California ABC export has an exact-premise identity match, but the listed licence type does not independently establish spirits production.",unknown,,https://www.abc.ca.gov/licensing/licensing-reports/,California ABC Daily Data Export,https://www.abc.ca.gov/wp-content/uploads/DailyExport-CSV.zip,2026-08-22,"TTB Spirits Producers and Bottlers List: CA-S-20080; California ABC Daily Data Export: 00340023 (02, 06)",Automated exact premise plus owner/DBA-token match in official ABC export: Type 02 file 00340023 (MARTINELLI WINERY INC / MARTINELLI WINERY); Type 06 file 00340023 (MARTINELLI WINERY INC / MARTINELLI WINERY).
ca-ttb-cca29703a354,"SANTA MONICA MOUNTAINS FARMSTEAD, LLC","SANTA MONICA MOUNTAINS FARMSTEAD, LLC",,"853 VIA ALONDRA, CAMARILLO, CA, 93012",CAMARILLO,CA,93012,CA-S-20292,1,production_site,Official California ABC export shows a matching active brandy/distilled-spirits/craft-distiller licence at the TTB premise.,unknown,,https://www.abc.ca.gov/licensing/licensing-reports/,California ABC Daily Data Export,https://www.abc.ca.gov/wp-content/uploads/DailyExport-CSV.zip,2026-08-22,"TTB Spirits Producers and Bottlers List: CA-S-20292; California ABC Daily Data Export: 00584280 (02, 04, 06, 23)",Automated exact premise plus owner/DBA-token match in official ABC export: Type 02 file 00584280 (SANTA MONICA MOUNTAINS FARMSTEAD  LLC / SANTA MONICA MOUNTAINS FARMSTEAD); Type 23 file 00584280 (SANTA MONICA MOUNTAINS FARMSTEAD  LLC / SANTA MONICA MOUNTAINS FARMSTEAD); Type 04 file 00584280 (SANTA MONICA MOUNTAINS FARMSTEAD  LLC / SANTA MONICA MOUNTAINS FARMSTEAD); Type 06 file 00584280 (SANTA MONICA MOUNTAINS FARMSTEAD  LLC / SANTA MONICA MOUNTAINS FARMSTEAD).
ca-ttb-ccf7fc32fd72,Distillery Cheval,"HOTEL CHEVAL, LLC",Distillery Cheval,"1021 PINE ST, PASO ROBLES, CA, 93446",PASO ROBLES,CA,93446,CA-S-20395,1,production_site,Official California ABC export shows a matching active brandy/distilled-spirits/craft-distiller licence at the TTB premise.,unknown,,https://www.abc.ca.gov/licensing/licensing-reports/,California ABC Daily Data Export,https://www.abc.ca.gov/wp-content/uploads/DailyExport-CSV.zip,2026-08-22,"TTB Spirits Producers and Bottlers List: CA-S-20395; California ABC Daily Data Export: 00617955 (06, 74)",Automated exact premise plus owner/DBA-token match in official ABC export: Type 06 file 00617955 (HOTEL CHEVAL LLC / PONY CLUB); Type 74 file 00617955 (HOTEL CHEVAL LLC / PONY CLUB).
ca-ttb-cde82c4391ac,VIE-DEL COMPANY,VIE-DEL COMPANY,,"13363 S INDIANOLA AVE, KINGSBURG, CA, 93631",KINGSBURG,CA,93631,CA-S-164,1,production_site,Official California ABC export shows a matching active brandy/distilled-spirits/craft-distiller licence at the TTB premise.,unknown,,https://www.abc.ca.gov/licensing/licensing-reports/,California ABC Daily Data Export,https://www.abc.ca.gov/wp-content/uploads/DailyExport-CSV.zip,2026-08-22,"TTB Spirits Producers and Bottlers List: CA-S-164; California ABC Daily Data Export: 00040457 (02, 04, 06, 09)",Automated exact premise plus owner/DBA-token match in official ABC export: Type 06 file 00040457 (VIE DEL COMPANY / VIE DEL COMPANY); Type 02 file 00040457 (VIE DEL COMPANY / VIE DEL COMPANY); Type 04 file 00040457 (VIE DEL COMPANY / VIE DEL COMPANY); Type 09 file 00040457 (VIE DEL COMPANY / VIE DEL COMPANY).
ca-ttb-ce60bd415e6c,Valley of Nine,EDNA DISTILLERY LLC,Valley of Nine,"2585 BIDDLE RANCH RD, SAN LUIS OBISPO, CA, 93401",SAN LUIS OBISPO,CA,93401,CA-S-20596,1,needs_review,"Official California ABC export has an exact-premise identity match, but the listed licence type does not independently establish spirits production.",unknown,,https://www.abc.ca.gov/licensing/licensing-reports/,California ABC Daily Data Export,https://www.abc.ca.gov/wp-content/uploads/DailyExport-CSV.zip,2026-08-22,TTB Spirits Producers and Bottlers List: CA-S-20596; California ABC Daily Data Export: 00677724 (02),Automated exact premise plus owner/DBA-token match in official ABC export: Type 02 file 00677724 (EDNA WINE GROUP  LLC / EDNA WINE GROUP).
ca-ttb-cf3f4b120fed,Giuseppe's Cucina,"GIUSEPPE'S CUCINA, LLC",Giuseppe's Cucina,"801 PRICE ST, PISMO BEACH, CA, 93449",PISMO BEACH,CA,93449,CA-S-20490,1,closed_or_unverifiable,"No operator, local-government, or exact-premise California ABC evidence was located in the completed review; the TTB listing verifies permit identity only.",unverifiable,,https://www.ttb.gov/public-information/foia/list-of-permittees,TTB Spirits Producers and Bottlers List,https://www.ttb.gov/public-information/foia/list-of-permittees,2026-08-22,TTB Spirits Producers and Bottlers List: CA-S-20490,Conservative default after no completed individual evidence and no exact-premise owner/DBA match in California ABC daily data; not a finding of closure.
ca-ttb-cf9496b876be,1850 Spirits,"1850 INDUSTRIES, INC",1850 Spirits,"5176 HIGHWAY 49N G, MARIPOSA, CA, 95338",MARIPOSA,CA,95338,CA-S-20425,1,closed_or_unverifiable,"No operator, local-government, or exact-premise California ABC evidence was located in the completed review; the TTB listing verifies permit identity only.",unverifiable,,https://www.ttb.gov/public-information/foia/list-of-permittees,TTB Spirits Producers and Bottlers List,https://www.ttb.gov/public-information/foia/list-of-permittees,2026-08-22,TTB Spirits Producers and Bottlers List: CA-S-20425,Conservative default after no completed individual evidence and no exact-premise owner/DBA match in California ABC daily data; not a finding of closure.
ca-ttb-d05e6d7e2b21,Tank Space,TANK SPACE,Tank Space,"1390 VINCI AVE, SACRAMENTO, CA, 95838",SACRAMENTO,CA,95838,CA-S-20325,1,closed_or_unverifiable,"No operator, local-government, or exact-premise California ABC evidence was located in the completed review; the TTB listing verifies permit identity only.",unverifiable,,https://www.ttb.gov/public-information/foia/list-of-permittees,TTB Spirits Producers and Bottlers List,https://www.ttb.gov/public-information/foia/list-of-permittees,2026-08-22,TTB Spirits Producers and Bottlers List: CA-S-20325,Conservative default after no completed individual evidence and no exact-premise owner/DBA match in California ABC daily data; not a finding of closure.
ca-ttb-d07a774bed91,HELLOCELLO LLC,HELLOCELLO LLC,,"21877 EIGHT ST #4, SONOMA, CA, 95476",SONOMA,CA,95476,CA-S-15081,1,closed_or_unverifiable,"No operator, local-government, or exact-premise California ABC evidence was located in the completed review; the TTB listing verifies permit identity only.",unverifiable,,https://www.ttb.gov/public-information/foia/list-of-permittees,TTB Spirits Producers and Bottlers List,https://www.ttb.gov/public-information/foia/list-of-permittees,2026-08-22,TTB Spirits Producers and Bottlers List: CA-S-15081,Conservative default after no completed individual evidence and no exact-premise owner/DBA match in California ABC daily data; not a finding of closure.
ca-ttb-d07bd8bfe1dd,St. Rose Winery,FREDERICK J NUNES,St. Rose Winery,"5775 OLD REDWOOD HWY, SANTA ROSA, CA, 95403",SANTA ROSA,CA,95403,CA-S-20037,1,needs_review,"Official California ABC export has an exact-premise identity match, but the listed licence type does not independently establish spirits production.",unknown,,https://www.abc.ca.gov/licensing/licensing-reports/,California ABC Daily Data Export,https://www.abc.ca.gov/wp-content/uploads/DailyExport-CSV.zip,2026-08-22,TTB Spirits Producers and Bottlers List: CA-S-20037; California ABC Daily Data Export: 00440425 (02),Automated exact premise plus owner/DBA-token match in official ABC export: Type 02 file 00440425 (NUNES  FREDERIC JOHN / ST ROSE WINERY).
ca-ttb-d085532ae0f9,Galway Spirits,"GALWAY SPIRITS, INC.",Galway Spirits,"42065 ZEVO DR UNIT 7, TEMECULA, CA, 92590",TEMECULA,CA,92590,CA-S-20135,1,closed_or_unverifiable,"No operator, local-government, or exact-premise California ABC evidence was located in the completed review; the TTB listing verifies permit identity only.",unverifiable,,https://www.ttb.gov/public-information/foia/list-of-permittees,TTB Spirits Producers and Bottlers List,https://www.ttb.gov/public-information/foia/list-of-permittees,2026-08-22,TTB Spirits Producers and Bottlers List: CA-S-20135,Conservative default after no completed individual evidence and no exact-premise owner/DBA match in California ABC daily data; not a finding of closure.
ca-ttb-d1a53e5b9a6b,GIUMARRA VINEYARDS CORPORATION,GIUMARRA VINEYARDS CORPORATION,,"11220 EDISON HWY, EDISON, CA, 93220",EDISON,CA,93220,CA-S-125,1,closed_or_unverifiable,"No operator, local-government, or exact-premise California ABC evidence was located in the completed review; the TTB listing verifies permit identity only.",unverifiable,,https://www.ttb.gov/public-information/foia/list-of-permittees,TTB Spirits Producers and Bottlers List,https://www.ttb.gov/public-information/foia/list-of-permittees,2026-08-22,TTB Spirits Producers and Bottlers List: CA-S-125,Conservative default after no completed individual evidence and no exact-premise owner/DBA match in California ABC daily data; not a finding of closure.
ca-ttb-d1cee031b86c,Brucato Spirits,"CHENERY, LLC",Brucato Spirits,"275 S VAN NESS AVE, SAN FRANCISCO, CA, 94103",SAN FRANCISCO,CA,94103,CA-S-20264,1,production_site,Official California ABC export shows a matching active brandy/distilled-spirits/craft-distiller licence at the TTB premise.,unknown,,https://www.abc.ca.gov/licensing/licensing-reports/,California ABC Daily Data Export,https://www.abc.ca.gov/wp-content/uploads/DailyExport-CSV.zip,2026-08-22,"TTB Spirits Producers and Bottlers List: CA-S-20264; California ABC Daily Data Export: 00633275 (06, 74)",Automated exact premise plus owner/DBA-token match in official ABC export: Type 06 file 00633275 (CHENERY  LLC / BRUCATO AMARO); Type 74 file 00633275 (CHENERY  LLC / BRUCATO AMARO).
ca-ttb-d3a4ff7c70fc,RTD Specialties,GORDON BIERSCH BREWING COMPANY,RTD Specialties,"357 E TAYLOR ST, SAN JOSE, CA, 95112",SAN JOSE,CA,95112,CA-S-20372,1,bottling_only,Official California ABC export shows matching active manufacturer-agent/rectifier privileges but no matching active distilled-spirits production licence.,unknown,,https://www.abc.ca.gov/licensing/licensing-reports/,California ABC Daily Data Export,https://www.abc.ca.gov/wp-content/uploads/DailyExport-CSV.zip,2026-08-22,"TTB Spirits Producers and Bottlers List: CA-S-20372; California ABC Daily Data Export: 00385372, 00634054, 00650879, 00670261 (01, 02, 07, 09, 12, 17, 23, 77)",Automated exact premise plus owner/DBA-token match in official ABC export: Type 01 file 00385372 (GORDON BIERSCH BREWING COMPANY / GORDON BIERSCH BREWING COMPANY); Type 17 file 00385372 (GORDON BIERSCH BREWING COMPANY / GORDON BIERSCH BREWING COMPANY); Type 07 file 00385372 (GORDON BIERSCH BREWING COMPANY / GORDON BIERSCH BREWING COMPANY); Type 02 file 00385372 (GORDON BIERSCH BREWING COMPANY / GORDON BIERSCH BREWING COMPANY); Type 12 file 00385372 (GORDON BIERSCH BREWING COMPANY / GORDON BIERSCH BREWING COMPANY); Type 01 file 00670261 (KINGS & CONVICTS BP LLC / BALLAST POINT BREWING CO); Type 23 file 00634054 (CENTRAL VALLEY CRAFT BEER LLC / TIOGA-SEQUOIA BREWING COMPANY); Type 23 file 00650879 (HENHOUSE BREWING COMPANY / HENHOUSE BREWING COMPANY); Type 09 file 00385372 (GORDON BIERSCH BREWING COMPANY / GORDON BIERSCH BREWING COMPANY); Type 77 file 00385372 (GORDON BIERSCH BREWING COMPANY / GORDON BIERSCH BREWING COMPANY).
ca-ttb-d406ef25078a,DIVITTORIO WINERY,ALBERT J. DIVITTORIO AND SALLY DIVITTORIO,DIVITTORIO WINERY,"3961 SEVEN RIDGES RD, CAMINO, CA, 95709",CAMINO,CA,95709,CA-S-359,1,closed_or_unverifiable,"No operator, local-government, or exact-premise California ABC evidence was located in the completed review; the TTB listing verifies permit identity only.",unverifiable,,https://www.ttb.gov/public-information/foia/list-of-permittees,TTB Spirits Producers and Bottlers List,https://www.ttb.gov/public-information/foia/list-of-permittees,2026-08-22,TTB Spirits Producers and Bottlers List: CA-S-359,Conservative default after no completed individual evidence and no exact-premise owner/DBA match in California ABC daily data; not a finding of closure.
ca-ttb-d41fdf909621,JORDAN VINEYARD & WINERY,JVW CORPORATION,JORDAN VINEYARD & WINERY,"1474 ALEXANDER VALLEY RD, HEALDSBURG, CA, 95448",HEALDSBURG,CA,95448,CA-S-15050,1,production_site,Official California ABC export shows a matching active brandy/distilled-spirits/craft-distiller licence at the TTB premise.,unknown,,https://www.abc.ca.gov/licensing/licensing-reports/,California ABC Daily Data Export,https://www.abc.ca.gov/wp-content/uploads/DailyExport-CSV.zip,2026-08-22,"TTB Spirits Producers and Bottlers List: CA-S-15050; California ABC Daily Data Export: 00297015, 00297287 (02, 04, 06, 09, 20)",Automated exact premise plus owner/DBA-token match in official ABC export: Type 20 file 00297287 (JVW CORPORATION / JORDAN VINEYARD & WINERY); Type 04 file 00297015 (JVW CORPORATION / JORDAN VINEYARD & WINERY); Type 06 file 00297015 (JVW CORPORATION / JORDAN VINEYARD & WINERY); Type 02 file 00297015 (JVW CORPORATION / JORDAN VINEYARD & WINERY); Type 09 file 00297015 (JVW CORPORATION / JORDAN VINEYARD & WINERY).
ca-ttb-d47977ba8651,THREE KINGS SPIRITS LLC,THREE KINGS SPIRITS LLC,,"1 CERRO GORDO RD, CERRO GORDO, CA, 93530",CERRO GORDO,CA,93530,CA-S-20360,1,closed_or_unverifiable,"No operator, local-government, or exact-premise California ABC evidence was located in the completed review; the TTB listing verifies permit identity only.",unverifiable,,https://www.ttb.gov/public-information/foia/list-of-permittees,TTB Spirits Producers and Bottlers List,https://www.ttb.gov/public-information/foia/list-of-permittees,2026-08-22,TTB Spirits Producers and Bottlers List: CA-S-20360,Conservative default after no completed individual evidence and no exact-premise owner/DBA match in California ABC daily data; not a finding of closure.
ca-ttb-d4da357b2ac9,STAGS' LEAP WINERY,/ TREASURY WINE ESTATES AMERICAS COMPANY,STAGS' LEAP WINERY,"6150 SILVERADO TRL, NAPA, CA, 94558",NAPA,CA,94558,CA-S-20539,1,needs_review,"Official California ABC export has an exact-premise identity match, but the listed licence type does not independently establish spirits production.",unknown,,https://www.abc.ca.gov/licensing/licensing-reports/,California ABC Daily Data Export,https://www.abc.ca.gov/wp-content/uploads/DailyExport-CSV.zip,2026-08-22,"TTB Spirits Producers and Bottlers List: CA-S-20539; California ABC Daily Data Export: 00329905 (02, 06)",Automated exact premise plus owner/DBA-token match in official ABC export: Type 02 file 00329905 (TREASURY WINE ESTATES AMERICAS COMPANY / STAGS' LEAP WINERY); Type 06 file 00329905 (TREASURY WINE ESTATES AMERICAS COMPANY / STAGS' LEAP WINERY).
ca-ttb-d4f36b59cf5e,Whiskey on Tap,CHRIS AGHAYAN,Whiskey on Tap,"1270 LINCOLN AVE STE 1200, PASADENA, CA, 91103",PASADENA,CA,91103,CA-S-20174,1,bottling_only,Official California ABC export shows matching active manufacturer-agent/rectifier privileges but no matching active distilled-spirits production licence.,unknown,,https://www.abc.ca.gov/licensing/licensing-reports/,California ABC Daily Data Export,https://www.abc.ca.gov/wp-content/uploads/DailyExport-CSV.zip,2026-08-22,"TTB Spirits Producers and Bottlers List: CA-S-20174; California ABC Daily Data Export: 00597449 (07, 12)",Automated exact premise plus owner/DBA-token match in official ABC export: Type 07 file 00597449 (AGHAYAN  CHRIS / WHISKY ON TAP); Type 12 file 00597449 (AGHAYAN  CHRIS / WHISKY ON TAP).
ca-ttb-d5337521ae8e,"COSTA AZUL WINERY, INC.","COSTA AZUL WINERY, INC.",,"934 N COAST HIGHWAY 101, ENCINITAS, CA, 92024",ENCINITAS,CA,92024,CA-S-20309,1,closed_or_unverifiable,"No operator, local-government, or exact-premise California ABC evidence was located in the completed review; the TTB listing verifies permit identity only.",unverifiable,,https://www.ttb.gov/public-information/foia/list-of-permittees,TTB Spirits Producers and Bottlers List,https://www.ttb.gov/public-information/foia/list-of-permittees,2026-08-22,TTB Spirits Producers and Bottlers List: CA-S-20309,Conservative default after no completed individual evidence and no exact-premise owner/DBA match in California ABC daily data; not a finding of closure.
ca-ttb-d6abcefddd06,HOOKER OAK DISTILLERY LLC,HOOKER OAK DISTILLERY LLC,,"2420 PARK AVE, CHICO, CA, 95928",CHICO,CA,95928,CA-S-20143,1,closed_or_unverifiable,"No operator, local-government, or exact-premise California ABC evidence was located in the completed review; the TTB listing verifies permit identity only.",unverifiable,,https://www.ttb.gov/public-information/foia/list-of-permittees,TTB Spirits Producers and Bottlers List,https://www.ttb.gov/public-information/foia/list-of-permittees,2026-08-22,TTB Spirits Producers and Bottlers List: CA-S-20143,Conservative default after no completed individual evidence and no exact-premise owner/DBA match in California ABC daily data; not a finding of closure.
ca-ttb-d71c5509b29a,"IBY, LLC","IBY, LLC",,"15801 E 1ST ST, IRWINDALE, CA, 91706",IRWINDALE,CA,91706,CA-S-20364,1,closed_or_unverifiable,"No operator, local-government, or exact-premise California ABC evidence was located in the completed review; the TTB listing verifies permit identity only.",unverifiable,,https://www.ttb.gov/public-information/foia/list-of-permittees,TTB Spirits Producers and Bottlers List,https://www.ttb.gov/public-information/foia/list-of-permittees,2026-08-22,TTB Spirits Producers and Bottlers List: CA-S-20364,Conservative default after no completed individual evidence and no exact-premise owner/DBA match in California ABC daily data; not a finding of closure.
ca-ttb-d761ba3357be,"COPPER & MAPLE DISTILLING, LLC","COPPER & MAPLE DISTILLING, LLC",,"1974 E COPPER AVE STE 106, FRESNO, CA, 93730",FRESNO,CA,93730,CA-S-20556,1,closed_or_unverifiable,"No operator, local-government, or exact-premise California ABC evidence was located in the completed review; the TTB listing verifies permit identity only.",unverifiable,,https://www.ttb.gov/public-information/foia/list-of-permittees,TTB Spirits Producers and Bottlers List,https://www.ttb.gov/public-information/foia/list-of-permittees,2026-08-22,TTB Spirits Producers and Bottlers List: CA-S-20556,Conservative default after no completed individual evidence and no exact-premise owner/DBA match in California ABC daily data; not a finding of closure.
ca-ttb-d7e33dcffdf0,Hanson Spirits,"HANSON SPIRITS, LLC",Hanson Spirits,"669 BRIDGEWAY, SAUSALITO, CA, 94965",SAUSALITO,CA,94965,CA-S-20248,1,production_site,Official California ABC export shows a matching active brandy/distilled-spirits/craft-distiller licence at the TTB premise.,unknown,,https://www.abc.ca.gov/licensing/licensing-reports/,California ABC Daily Data Export,https://www.abc.ca.gov/wp-content/uploads/DailyExport-CSV.zip,2026-08-22,"TTB Spirits Producers and Bottlers List: CA-S-20248; California ABC Daily Data Export: 00595703 (06, 74)",Automated exact premise plus owner/DBA-token match in official ABC export: Type 06 file 00595703 (HANSON SPIRITS  LLC / HANSON DISTILLERY TASTING ROOM - SAUSALITO); Type 74 file 00595703 (HANSON SPIRITS  LLC / HANSON DISTILLERY TASTING ROOM - SAUSALITO).
ca-ttb-d7ef542d0041,VERANDA COCKTAILS,"CASE BY CASE CANNING, LLC",VERANDA COCKTAILS,"233 E ANAHEIM ST, LONG BEACH, CA, 90813",LONG BEACH,CA,90813,CA-S-20543,1,bottling_only,Official California ABC export shows matching active manufacturer-agent/rectifier privileges but no matching active distilled-spirits production licence.,unknown,,https://www.abc.ca.gov/licensing/licensing-reports/,California ABC Daily Data Export,https://www.abc.ca.gov/wp-content/uploads/DailyExport-CSV.zip,2026-08-22,"TTB Spirits Producers and Bottlers List: CA-S-20543; California ABC Daily Data Export: 00668051 (07, 12)",Automated exact premise plus owner/DBA-token match in official ABC export: Type 07 file 00668051 (CASE BY CASE CANNING  LLC / CASE BY CASE CANNING); Type 12 file 00668051 (CASE BY CASE CANNING  LLC / CASE BY CASE CANNING).
ca-ttb-d99a6d400226,VENTURA SPIRITS COMPANY LLC,VENTURA SPIRITS COMPANY LLC,,"3891 N VENTURA AVE STE B2A, VENTURA, CA, 93001",VENTURA,CA,93001,CA-S-20047,1,closed_or_unverifiable,"No operator, local-government, or exact-premise California ABC evidence was located in the completed review; the TTB listing verifies permit identity only.",unverifiable,,https://www.ttb.gov/public-information/foia/list-of-permittees,TTB Spirits Producers and Bottlers List,https://www.ttb.gov/public-information/foia/list-of-permittees,2026-08-22,TTB Spirits Producers and Bottlers List: CA-S-20047,Conservative default after no completed individual evidence and no exact-premise owner/DBA match in California ABC daily data; not a finding of closure.
ca-ttb-d9ad92241bf5,CASTORO CELLARS,CASTORO CELLARS,,"6465 VON DOLLEN RD, SAN MIGUEL, CA, 93451",SAN MIGUEL,CA,93451,CA-S-15031,1,production_site,Official California ABC export shows a matching active brandy/distilled-spirits/craft-distiller licence at the TTB premise.,unknown,,https://www.abc.ca.gov/licensing/licensing-reports/,California ABC Daily Data Export,https://www.abc.ca.gov/wp-content/uploads/DailyExport-CSV.zip,2026-08-22,"TTB Spirits Producers and Bottlers List: CA-S-15031; California ABC Daily Data Export: 00260410 (02, 03, 04, 06)",Automated exact premise plus owner/DBA-token match in official ABC export: Type 02 file 00260410 (CASTORO CELLARS / CASTORO CELLARS); Type 04 file 00260410 (CASTORO CELLARS / CASTORO CELLARS); Type 03 file 00260410 (CASTORO CELLARS / CASTORO CELLARS); Type 06 file 00260410 (CASTORO CELLARS / CASTORO CELLARS).
ca-ttb-d9b653cdd69f,RUBIN WINES LLC,RUBIN WINES LLC,,"5220 ROSS RD, SEBASTOPOL, CA, 95472",SEBASTOPOL,CA,95472,CA-S-20115,1,needs_review,"Official California ABC export has an exact-premise identity match, but the listed licence type does not independently establish spirits production.",unknown,,https://www.abc.ca.gov/licensing/licensing-reports/,California ABC Daily Data Export,https://www.abc.ca.gov/wp-content/uploads/DailyExport-CSV.zip,2026-08-22,"TTB Spirits Producers and Bottlers List: CA-S-20115; California ABC Daily Data Export: 00517077 (02, 06, 09)",Automated exact premise plus owner/DBA-token match in official ABC export: Type 06 file 00517077 (RUBIN WINES LLC / RIVER ROAD WINES); Type 02 file 00517077 (RUBIN WINES LLC / RIVER ROAD WINES); Type 09 file 00517077 (RUBIN WINES LLC / RIVER ROAD WINES).
ca-ttb-d9fdefc88181,Karpe Kanem Winery,ALVIN STUART HASIN,Karpe Kanem Winery,"7380 HIDDEN LAKE RD, FORESTVILLE, CA, 95436",FORESTVILLE,CA,95436,CA-S-20454,1,needs_review,"Official California ABC export has an exact-premise identity match, but the listed licence type does not independently establish spirits production.",unknown,,https://www.abc.ca.gov/licensing/licensing-reports/,California ABC Daily Data Export,https://www.abc.ca.gov/wp-content/uploads/DailyExport-CSV.zip,2026-08-22,TTB Spirits Producers and Bottlers List: CA-S-20454; California ABC Daily Data Export: 00581548 (02),Automated exact premise plus owner/DBA-token match in official ABC export: Type 02 file 00581548 (HASIN  ALVIN STUART / KARPE KANEM WINERY).
ca-ttb-da191e6332b5,Big Baobab,"LAT RESTAURANT, INC.",Big Baobab,"2243 & 2247 MISSION ST, SAN FRANCISCO, CA, 94110",SAN FRANCISCO,CA,94110,CA-S-20424,1,production_site,Official California ABC export shows a matching active brandy/distilled-spirits/craft-distiller licence at the TTB premise.,unknown,,https://www.abc.ca.gov/licensing/licensing-reports/,California ABC Daily Data Export,https://www.abc.ca.gov/wp-content/uploads/DailyExport-CSV.zip,2026-08-22,"TTB Spirits Producers and Bottlers List: CA-S-20424; California ABC Daily Data Export: 00648439 (06, 74)",Automated exact premise plus owner/DBA-token match in official ABC export: Type 06 file 00648439 (LAT RESTAURANT  INC. / BIG BAOBAB); Type 74 file 00648439 (LAT RESTAURANT  INC. / BIG BAOBAB).
ca-ttb-da195e29a8b6,EFFICIENT INDUSTRIES LLC,EFFICIENT INDUSTRIES LLC,,"41669 DATE ST STE 100B, MURRIETA, CA, 92562",MURRIETA,CA,92562,CA-S-20528,1,closed_or_unverifiable,"No operator, local-government, or exact-premise California ABC evidence was located in the completed review; the TTB listing verifies permit identity only.",unverifiable,,https://www.ttb.gov/public-information/foia/list-of-permittees,TTB Spirits Producers and Bottlers List,https://www.ttb.gov/public-information/foia/list-of-permittees,2026-08-22,TTB Spirits Producers and Bottlers List: CA-S-20528,Conservative default after no completed individual evidence and no exact-premise owner/DBA match in California ABC daily data; not a finding of closure.
ca-ttb-db269e51908c,"SADDLESPRINGS BEVERAGE COMPANY, INC.","SADDLESPRINGS BEVERAGE COMPANY, INC.",,"20700 BELSHAW AVE, CARSON, CA, 90746",CARSON,CA,90746,CA-S-20008,1,closed_or_unverifiable,"No operator, local-government, or exact-premise California ABC evidence was located in the completed review; the TTB listing verifies permit identity only.",unverifiable,,https://www.ttb.gov/public-information/foia/list-of-permittees,TTB Spirits Producers and Bottlers List,https://www.ttb.gov/public-information/foia/list-of-permittees,2026-08-22,TTB Spirits Producers and Bottlers List: CA-S-20008,Conservative default after no completed individual evidence and no exact-premise owner/DBA match in California ABC daily data; not a finding of closure.
ca-ttb-dba5e5541415,"IN SPIRIT GROUP, INC.","IN SPIRIT GROUP, INC.",,"22625 S WESTERN AVE, TORRANCE, CA, 90501",TORRANCE,CA,90501,CA-S-20202,1,closed_or_unverifiable,"No operator, local-government, or exact-premise California ABC evidence was located in the completed review; the TTB listing verifies permit identity only.",unverifiable,,https://www.ttb.gov/public-information/foia/list-of-permittees,TTB Spirits Producers and Bottlers List,https://www.ttb.gov/public-information/foia/list-of-permittees,2026-08-22,TTB Spirits Producers and Bottlers List: CA-S-20202,Conservative default after no completed individual evidence and no exact-premise owner/DBA match in California ABC daily data; not a finding of closure.
ca-ttb-dbb4847838e4,Bally Keal Vineyards,"BALLY KEAL VINEYARDS, LLC",Bally Keal Vineyards,"4286 SUISUN VALLEY RD, FAIRFIELD, CA, 94534",FAIRFIELD,CA,94534,CA-S-20352,1,production_site,Official California ABC export shows a matching active brandy/distilled-spirits/craft-distiller licence at the TTB premise.,unknown,,https://www.abc.ca.gov/licensing/licensing-reports/,California ABC Daily Data Export,https://www.abc.ca.gov/wp-content/uploads/DailyExport-CSV.zip,2026-08-22,"TTB Spirits Producers and Bottlers List: CA-S-20352; California ABC Daily Data Export: 00618716 (02, 06, 23, 74, 94)",Automated exact premise plus owner/DBA-token match in official ABC export: Type 23 file 00618716 (BALLY KEAL VINEYARDS  LLC / BALLY KEAL VINEYARDS); Type 02 file 00618716 (BALLY KEAL VINEYARDS  LLC / BALLY KEAL VINEYARDS); Type 06 file 00618716 (BALLY KEAL VINEYARDS  LLC / BALLY KEAL VINEYARDS); Type 74 file 00618716 (BALLY KEAL VINEYARDS  LLC / BALLY KEAL VINEYARDS); Type 94 file 00618716 (BALLY KEAL VINEYARDS  LLC / BALLY KEAL VINEYARDS).
ca-ttb-dc46280345a3,Charron Favreau,CHARRON FAVREAU L.L.C.,Charron Favreau,"4682 CALLE BOLERO RD UNIT B, CAMARILLO, CA, 93012",CAMARILLO,CA,93012,CA-S-20104,1,closed_or_unverifiable,"No operator, local-government, or exact-premise California ABC evidence was located in the completed review; the TTB listing verifies permit identity only.",unverifiable,,https://www.ttb.gov/public-information/foia/list-of-permittees,TTB Spirits Producers and Bottlers List,https://www.ttb.gov/public-information/foia/list-of-permittees,2026-08-22,TTB Spirits Producers and Bottlers List: CA-S-20104,Conservative default after no completed individual evidence and no exact-premise owner/DBA match in California ABC daily data; not a finding of closure.
ca-ttb-dcbdeff36055,1865 CRAFT HOUSE & KITCHEN,"1865 CRAFT HOUSE & KITCHEN, LLC",1865 CRAFT HOUSE & KITCHEN,"1865 MONTEREY ST, SAN LUIS OBISPO, CA, 93401",SAN LUIS OBISPO,CA,93401,CA-S-20523,1,production_site,Official California ABC export shows a matching active brandy/distilled-spirits/craft-distiller licence at the TTB premise.,unknown,,https://www.abc.ca.gov/licensing/licensing-reports/,California ABC Daily Data Export,https://www.abc.ca.gov/wp-content/uploads/DailyExport-CSV.zip,2026-08-22,"TTB Spirits Producers and Bottlers List: CA-S-20523; California ABC Daily Data Export: 00655639 (06, 74)",Automated exact premise plus owner/DBA-token match in official ABC export: Type 06 file 00655639 (1865 CRAFT HOUSE & KITCHEN LLC / 1865 CRAFT HOUSE); Type 74 file 00655639 (1865 CRAFT HOUSE & KITCHEN LLC / 1865 CRAFT HOUSE).
ca-ttb-deb114ac6563,"GYPPO ALE MILL, INC.","GYPPO ALE MILL, INC.",,"1661 UPPER PACIFIC DR, SHELTER COVE, CA, 95589",SHELTER COVE,CA,95589,CA-S-20500,1,closed_or_unverifiable,"No operator, local-government, or exact-premise California ABC evidence was located in the completed review; the TTB listing verifies permit identity only.",unverifiable,,https://www.ttb.gov/public-information/foia/list-of-permittees,TTB Spirits Producers and Bottlers List,https://www.ttb.gov/public-information/foia/list-of-permittees,2026-08-22,TTB Spirits Producers and Bottlers List: CA-S-20500,Conservative default after no completed individual evidence and no exact-premise owner/DBA match in California ABC daily data; not a finding of closure.
ca-ttb-dfb38b04128e,Sukkah Hill Spirits,SUKKAHHILL SPIRITS LLC,Sukkah Hill Spirits,"1545 W 134TH ST UNIT E, GARDENA, CA, 90249",GARDENA,CA,90249,CA-S-20074,1,closed_or_unverifiable,"No operator, local-government, or exact-premise California ABC evidence was located in the completed review; the TTB listing verifies permit identity only.",unverifiable,,https://www.ttb.gov/public-information/foia/list-of-permittees,TTB Spirits Producers and Bottlers List,https://www.ttb.gov/public-information/foia/list-of-permittees,2026-08-22,TTB Spirits Producers and Bottlers List: CA-S-20074,Conservative default after no completed individual evidence and no exact-premise owner/DBA match in California ABC daily data; not a finding of closure.
ca-ttb-e01cc9fe8ab8,Brand Proof,BRAND PROOF LLC,Brand Proof,"730 E 139TH ST, COMPTON, CA, 90059",COMPTON,CA,90059,CA-S-20346,1,bottling_only,Official California ABC export shows matching active manufacturer-agent/rectifier privileges but no matching active distilled-spirits production licence.,unknown,,https://www.abc.ca.gov/licensing/licensing-reports/,California ABC Daily Data Export,https://www.abc.ca.gov/wp-content/uploads/DailyExport-CSV.zip,2026-08-22,"TTB Spirits Producers and Bottlers List: CA-S-20346; California ABC Daily Data Export: 00622722 (07, 09, 12, 14, 17)",Automated exact premise plus owner/DBA-token match in official ABC export: Type 07 file 00622722 (BRAND PROOF LLC / BRAND PROOF); Type 14 file 00622722 (BRAND PROOF LLC / BRAND PROOF); Type 17 file 00622722 (BRAND PROOF LLC / BRAND PROOF); Type 12 file 00622722 (BRAND PROOF LLC / BRAND PROOF); Type 09 file 00622722 (BRAND PROOF LLC / BRAND PROOF).
ca-ttb-e0a2f0a158e5,Drinqme,PETER LAI,Drinqme,"2340 STANWELL CIR, CONCORD, CA, 94520",CONCORD,CA,94520,CA-S-20270,1,closed_or_unverifiable,"No operator, local-government, or exact-premise California ABC evidence was located in the completed review; the TTB listing verifies permit identity only.",unverifiable,,https://www.ttb.gov/public-information/foia/list-of-permittees,TTB Spirits Producers and Bottlers List,https://www.ttb.gov/public-information/foia/list-of-permittees,2026-08-22,TTB Spirits Producers and Bottlers List: CA-S-20270,Conservative default after no completed individual evidence and no exact-premise owner/DBA match in California ABC daily data; not a finding of closure.
ca-ttb-e0ba6113a712,Kunde Family Winery,"ADAIR KUNDE, LLC",Kunde Family Winery,"9825 HWY 12, KENWOOD, CA, 95452",KENWOOD,CA,95452,CA-S-20510,1,needs_review,"Official California ABC export has an exact-premise identity match, but the listed licence type does not independently establish spirits production.",unknown,,https://www.abc.ca.gov/licensing/licensing-reports/,California ABC Daily Data Export,https://www.abc.ca.gov/wp-content/uploads/DailyExport-CSV.zip,2026-08-22,"TTB Spirits Producers and Bottlers List: CA-S-20510; California ABC Daily Data Export: 00665050, 00674668 (02, 06)",Automated exact premise plus owner/DBA-token match in official ABC export: Type 02 file 00674668 (GUTHRIE FAMILY WINES LLC / GUTHRIE FAMILY WINES); Type 02 file 00665050 (ADAIR KUNDE  LLC / KUNDE FAMILY WINERY); Type 06 file 00665050 (ADAIR KUNDE  LLC / KUNDE FAMILY WINERY).
ca-ttb-e143d554f238,"D.P. ENTERPRISES, LP, D. PAPAGNI INVESTMENTS, INC., GP","D.P. ENTERPRISES, LP, D. PAPAGNI INVESTMENTS, INC., GP",,"9505 ROAD 30 1/2, MADERA, CA, 93636",MADERA,CA,93636,CA-S-20524,1,closed_or_unverifiable,"No operator, local-government, or exact-premise California ABC evidence was located in the completed review; the TTB listing verifies permit identity only.",unverifiable,,https://www.ttb.gov/public-information/foia/list-of-permittees,TTB Spirits Producers and Bottlers List,https://www.ttb.gov/public-information/foia/list-of-permittees,2026-08-22,TTB Spirits Producers and Bottlers List: CA-S-20524,Conservative default after no completed individual evidence and no exact-premise owner/DBA match in California ABC daily data; not a finding of closure.
ca-ttb-e1bec0889a6f,Boochcraft,"THE BOOCHERY, INC.",Boochcraft,"684 ANITA ST STE F1 & F2, CHULA VISTA, CA, 91911",CHULA VISTA,CA,91911,CA-S-20388,1,closed_or_unverifiable,"No operator, local-government, or exact-premise California ABC evidence was located in the completed review; the TTB listing verifies permit identity only.",unverifiable,,https://www.ttb.gov/public-information/foia/list-of-permittees,TTB Spirits Producers and Bottlers List,https://www.ttb.gov/public-information/foia/list-of-permittees,2026-08-22,TTB Spirits Producers and Bottlers List: CA-S-20388,Conservative default after no completed individual evidence and no exact-premise owner/DBA match in California ABC daily data; not a finding of closure.
ca-ttb-e21a9c09ed64,Young and Yonder Spirits,"MOUNTAIN HOUSE SPIRITS, LLC",Young and Yonder Spirits,"449 ALLAN CT, HEALDSBURG, CA, 95448",HEALDSBURG,CA,95448,CA-S-20065,1,closed_or_unverifiable,"No operator, local-government, or exact-premise California ABC evidence was located in the completed review; the TTB listing verifies permit identity only.",unverifiable,,https://www.ttb.gov/public-information/foia/list-of-permittees,TTB Spirits Producers and Bottlers List,https://www.ttb.gov/public-information/foia/list-of-permittees,2026-08-22,TTB Spirits Producers and Bottlers List: CA-S-20065,Conservative default after no completed individual evidence and no exact-premise owner/DBA match in California ABC daily data; not a finding of closure.
ca-ttb-e27a0ba78473,The Peacock,TALL BROWN AND HANDSOME INC,The Peacock,"1108 BROAD ST, SAN LUIS OBISPO, CA, 93401",SAN LUIS OBISPO,CA,93401,CA-S-20600,1,closed_or_unverifiable,"No operator, local-government, or exact-premise California ABC evidence was located in the completed review; the TTB listing verifies permit identity only.",unverifiable,,https://www.ttb.gov/public-information/foia/list-of-permittees,TTB Spirits Producers and Bottlers List,https://www.ttb.gov/public-information/foia/list-of-permittees,2026-08-22,TTB Spirits Producers and Bottlers List: CA-S-20600,Conservative default after no completed individual evidence and no exact-premise owner/DBA match in California ABC daily data; not a finding of closure.
ca-ttb-e27f54666ba0,"Imperial Spirits, LLC","IMPERIAL SPIRITS, LLC","Imperial Spirits, LLC","30 E SHANK RD UNIT B, BRAWLEY, CA, 92227",BRAWLEY,CA,92227,CA-S-20275,1,closed_or_unverifiable,"No operator, local-government, or exact-premise California ABC evidence was located in the completed review; the TTB listing verifies permit identity only.",unverifiable,,https://www.ttb.gov/public-information/foia/list-of-permittees,TTB Spirits Producers and Bottlers List,https://www.ttb.gov/public-information/foia/list-of-permittees,2026-08-22,TTB Spirits Producers and Bottlers List: CA-S-20275,Conservative default after no completed individual evidence and no exact-premise owner/DBA match in California ABC daily data; not a finding of closure.
ca-ttb-e304992d1df8,NAPA YARD LP,NAPA YARD LP,,"585 FIRST ST, NAPA, CA, 94559",NAPA,CA,94559,CA-S-20368,1,closed_or_unverifiable,"No operator, local-government, or exact-premise California ABC evidence was located in the completed review; the TTB listing verifies permit identity only.",unverifiable,,https://www.ttb.gov/public-information/foia/list-of-permittees,TTB Spirits Producers and Bottlers List,https://www.ttb.gov/public-information/foia/list-of-permittees,2026-08-22,TTB Spirits Producers and Bottlers List: CA-S-20368,Conservative default after no completed individual evidence and no exact-premise owner/DBA match in California ABC daily data; not a finding of closure.
ca-ttb-e33301bee1dd,rum et al.,ET ALIAE SPIRITS LLC,rum et al.,"909 E EL SEGUNDO BLVD, EL SEGUNDO, CA, 90245",EL SEGUNDO,CA,90245,CA-S-20603,1,closed_or_unverifiable,"No operator, local-government, or exact-premise California ABC evidence was located in the completed review; the TTB listing verifies permit identity only.",unverifiable,,https://www.ttb.gov/public-information/foia/list-of-permittees,TTB Spirits Producers and Bottlers List,https://www.ttb.gov/public-information/foia/list-of-permittees,2026-08-22,TTB Spirits Producers and Bottlers List: CA-S-20603,Conservative default after no completed individual evidence and no exact-premise owner/DBA match in California ABC daily data; not a finding of closure.
ca-ttb-e349d195bcf5,Whalebird Kombucha,KOMPLETE LLC,Whalebird Kombucha,"3576 EMPLEO ST, STE. 1, 2, 3, 4, 7, SAN LUIS OBISPO, CA, 93401",SAN LUIS OBISPO,CA,93401,CA-S-20300,1,closed_or_unverifiable,"No operator, local-government, or exact-premise California ABC evidence was located in the completed review; the TTB listing verifies permit identity only.",unverifiable,,https://www.ttb.gov/public-information/foia/list-of-permittees,TTB Spirits Producers and Bottlers List,https://www.ttb.gov/public-information/foia/list-of-permittees,2026-08-22,TTB Spirits Producers and Bottlers List: CA-S-20300,Conservative default after no completed individual evidence and no exact-premise owner/DBA match in California ABC daily data; not a finding of closure.
ca-ttb-e428f39b6380,"OWENS VALLEY DISTILLING COMPANY, LLC","OWENS VALLEY DISTILLING COMPANY, LLC",,"237 E SOUTH ST UNIT E, BISHOP, CA, 93514",BISHOP,CA,93514,CA-S-20156,1,production_site,Official California ABC export shows a matching active brandy/distilled-spirits/craft-distiller licence at the TTB premise.,unknown,,https://www.abc.ca.gov/licensing/licensing-reports/,California ABC Daily Data Export,https://www.abc.ca.gov/wp-content/uploads/DailyExport-CSV.zip,2026-08-22,"TTB Spirits Producers and Bottlers List: CA-S-20156; California ABC Daily Data Export: 00571128 (06, 74)",Automated exact premise plus owner/DBA-token match in official ABC export: Type 06 file 00571128 (OWENS VALLEY DISTILLING COMPANY  LLC / OWENS VALLEY DISTILLING COMPANY  LLC); Type 74 file 00571128 (OWENS VALLEY DISTILLING COMPANY  LLC / OWENS VALLEY DISTILLING COMPANY  LLC).
ca-ttb-e46b725b7edc,Portuguese Bend Distilling,"PORTUGUESE BEND DISTILLING, LLC",Portuguese Bend Distilling,"300 THE PROMENADE NORTH UNIT A-106, LONG BEACH, CA, 90802",LONG BEACH,CA,90802,CA-S-20252,1,closed_or_unverifiable,"No operator, local-government, or exact-premise California ABC evidence was located in the completed review; the TTB listing verifies permit identity only.",unverifiable,,https://www.ttb.gov/public-information/foia/list-of-permittees,TTB Spirits Producers and Bottlers List,https://www.ttb.gov/public-information/foia/list-of-permittees,2026-08-22,TTB Spirits Producers and Bottlers List: CA-S-20252,Conservative default after no completed individual evidence and no exact-premise owner/DBA match in California ABC daily data; not a finding of closure.
ca-ttb-e479ddf3e840,"SOUTH FORK SPIRITS, LLC","SOUTH FORK SPIRITS, LLC",,"16128 W BROOKSIDE DR, SONORA, CA, 95370",SONORA,CA,95370,CA-S-20084,1,closed_or_unverifiable,"No operator, local-government, or exact-premise California ABC evidence was located in the completed review; the TTB listing verifies permit identity only.",unverifiable,,https://www.ttb.gov/public-information/foia/list-of-permittees,TTB Spirits Producers and Bottlers List,https://www.ttb.gov/public-information/foia/list-of-permittees,2026-08-22,TTB Spirits Producers and Bottlers List: CA-S-20084,Conservative default after no completed individual evidence and no exact-premise owner/DBA match in California ABC daily data; not a finding of closure.
ca-ttb-e556aebd7764,MIZZA,"MIZZA, LLC",MIZZA,"1112 STATE ST, SANTA BARBARA, CA, 93101",SANTA BARBARA,CA,93101,CA-S-20496,1,production_site,Official California ABC export shows a matching active brandy/distilled-spirits/craft-distiller licence at the TTB premise.,unknown,,https://www.abc.ca.gov/licensing/licensing-reports/,California ABC Daily Data Export,https://www.abc.ca.gov/wp-content/uploads/DailyExport-CSV.zip,2026-08-22,"TTB Spirits Producers and Bottlers List: CA-S-20496; California ABC Daily Data Export: 00651460 (06, 74)",Automated exact premise plus owner/DBA-token match in official ABC export: Type 06 file 00651460 (MIZZA LLC / MIZZA); Type 74 file 00651460 (MIZZA LLC / MIZZA).
ca-ttb-e5884edba35b,Belching Beaver Brewery,"BELCHING BEAVER BREWERY, INC",Belching Beaver Brewery,"1334 ROCKY POINT DR, OCEANSIDE, CA, 92056",OCEANSIDE,CA,92056,CA-S-20486,1,production_site,Official California ABC export shows a matching active brandy/distilled-spirits/craft-distiller licence at the TTB premise.,unknown,,https://www.abc.ca.gov/licensing/licensing-reports/,California ABC Daily Data Export,https://www.abc.ca.gov/wp-content/uploads/DailyExport-CSV.zip,2026-08-22,"TTB Spirits Producers and Bottlers List: CA-S-20486; California ABC Daily Data Export: 00556540 (02, 06, 12, 23, 74, 77)",Automated exact premise plus owner/DBA-token match in official ABC export: Type 23 file 00556540 (BELCHING BEAVER BREWERY  INC / BELCHING BEAVER BREWERY); Type 06 file 00556540 (BELCHING BEAVER BREWERY  INC / BELCHING BEAVER BREWERY); Type 02 file 00556540 (BELCHING BEAVER BREWERY  INC / BELCHING BEAVER BREWERY); Type 12 file 00556540 (BELCHING BEAVER BREWERY  INC / BELCHING BEAVER BREWERY); Type 74 file 00556540 (BELCHING BEAVER BREWERY  INC / BELCHING BEAVER BREWERY); Type 77 file 00556540 (BELCHING BEAVER BREWERY  INC / BELCHING BEAVER BREWERY).
ca-ttb-e676abf069cd,Aonair,"GLJR WINE, LLC",Aonair,"201 DEVLIN RD, NAPA, CA, 94558",NAPA,CA,94558,CA-S-20580,1,bottling_only,Official California ABC export shows matching active manufacturer-agent/rectifier privileges but no matching active distilled-spirits production licence.,unknown,,https://www.abc.ca.gov/licensing/licensing-reports/,California ABC Daily Data Export,https://www.abc.ca.gov/wp-content/uploads/DailyExport-CSV.zip,2026-08-22,"TTB Spirits Producers and Bottlers List: CA-S-20580; California ABC Daily Data Export: 00588096, 00594468 (02, 07, 12, 14)",Automated exact premise plus owner/DBA-token match in official ABC export: Type 02 file 00594468 (GLJR WINE LLC / AONAIR WINE); Type 14 file 00588096 (GLJR WINE LLC / AONAIR WINE); Type 12 file 00594468 (GLJR WINE LLC / AONAIR WINE); Type 07 file 00594468 (GLJR WINE LLC / AONAIR WINE).
ca-ttb-e6b99343e5bc,Loft & Bear Distillery,Y.SA INC.,Loft & Bear Distillery,"6414 S MCKINLEY AVE, LOS ANGELES, CA, 90001",LOS ANGELES,CA,90001,CA-S-20021,1,closed_or_unverifiable,"No operator, local-government, or exact-premise California ABC evidence was located in the completed review; the TTB listing verifies permit identity only.",unverifiable,,https://www.ttb.gov/public-information/foia/list-of-permittees,TTB Spirits Producers and Bottlers List,https://www.ttb.gov/public-information/foia/list-of-permittees,2026-08-22,TTB Spirits Producers and Bottlers List: CA-S-20021,Conservative default after no completed individual evidence and no exact-premise owner/DBA match in California ABC daily data; not a finding of closure.
ca-ttb-e754176a36ef,Lopez Spirits & Beverages Company,"HACIENDA LOPEZ, INC.",Lopez Spirits & Beverages Company,"21170 CENTRE POINTE PKWY STE 230, SANTA CLARITA, CA, 91350",SANTA CLARITA,CA,91350,CA-S-20278,1,closed_or_unverifiable,"No operator, local-government, or exact-premise California ABC evidence was located in the completed review; the TTB listing verifies permit identity only.",unverifiable,,https://www.ttb.gov/public-information/foia/list-of-permittees,TTB Spirits Producers and Bottlers List,https://www.ttb.gov/public-information/foia/list-of-permittees,2026-08-22,TTB Spirits Producers and Bottlers List: CA-S-20278,Conservative default after no completed individual evidence and no exact-premise owner/DBA match in California ABC daily data; not a finding of closure.
ca-ttb-e83365734cb1,"MATEVEZA, LLC","MATEVEZA, LLC",,"647 - 649 SAN ANSELMO AVE, SAN ANSELMO, CA, 94960",SAN ANSELMO,CA,94960,CA-S-20568,1,closed_or_unverifiable,"No operator, local-government, or exact-premise California ABC evidence was located in the completed review; the TTB listing verifies permit identity only.",unverifiable,,https://www.ttb.gov/public-information/foia/list-of-permittees,TTB Spirits Producers and Bottlers List,https://www.ttb.gov/public-information/foia/list-of-permittees,2026-08-22,TTB Spirits Producers and Bottlers List: CA-S-20568,Conservative default after no completed individual evidence and no exact-premise owner/DBA match in California ABC daily data; not a finding of closure.
ca-ttb-e85ee3ab4c95,Barley and Boar Kitchen and Distillery,BU BREWING LLC,Barley and Boar Kitchen and Distillery,"5925 ENTRADA AVE, ATASCADERO, CA, 93422",ATASCADERO,CA,93422,CA-S-20453,1,production_site,"Operates as a craft distillery and brewhouse (BU BREWING LLC) at the premise address, holding active California ABC Type 06 (Still) and Type 74 (Craft Distiller) licenses.",open,https://www.barleyandboar.com/,https://www.abc.ca.gov/licensing/license-lookup/single-license/?RPTTYPE=13&ADDRESS=5925+Entrada+Ave&CITY=ATASCADERO,California ABC License Lookup,https://www.abc.ca.gov/licensing/license-lookup/business-address/,2026-08-22,TTB Spirits Producers and Bottlers List: CA-S-20453,The entity operates as Barley and Boar Kitchen and Distillery; ABC license 645343 confirms both still possession and craft distilling authorization at the premise address. Official ABC exact-premise match: Type 06 file 00645343 (BU BREWING LLC / ); Type 74 file 00645343 (BU BREWING LLC / ).
ca-ttb-e8cc70db4ae4,"FREIXENET SONOMA CAVES, INC.","FREIXENET SONOMA CAVES, INC.",,"23555 ARNOLD DR, SONOMA, CA, 95476",SONOMA,CA,95476,CA-S-377,1,production_site,Official California ABC export shows a matching active brandy/distilled-spirits/craft-distiller licence at the TTB premise.,unknown,,https://www.abc.ca.gov/licensing/licensing-reports/,California ABC Daily Data Export,https://www.abc.ca.gov/wp-content/uploads/DailyExport-CSV.zip,2026-08-22,"TTB Spirits Producers and Bottlers List: CA-S-377; California ABC Daily Data Export: 00184686 (02, 04, 06, 09, 81)",Automated exact premise plus owner/DBA-token match in official ABC export: Type 02 file 00184686 (FREIXENET SONOMA CAVES INC / GLORIA FERRER WINERY); Type 04 file 00184686 (FREIXENET SONOMA CAVES INC / GLORIA FERRER WINERY); Type 06 file 00184686 (FREIXENET SONOMA CAVES INC / GLORIA FERRER WINERY); Type 09 file 00184686 (FREIXENET SONOMA CAVES INC / GLORIA FERRER WINERY); Type 81 file 00184686 (FREIXENET SONOMA CAVES INC / GLORIA FERRER WINERY).
ca-ttb-e8ecafc63b93,Ashtree Whiskey,L.L. VALLEY GROUP LLC,Ashtree Whiskey,"1100 COLE AVE UNIT E, CLOVIS, CA, 93612",CLOVIS,CA,93612,CA-S-20587,1,closed_or_unverifiable,"No operator, local-government, or exact-premise California ABC evidence was located in the completed review; the TTB listing verifies permit identity only.",unverifiable,,https://www.ttb.gov/public-information/foia/list-of-permittees,TTB Spirits Producers and Bottlers List,https://www.ttb.gov/public-information/foia/list-of-permittees,2026-08-22,TTB Spirits Producers and Bottlers List: CA-S-20587,Conservative default after no completed individual evidence and no exact-premise owner/DBA match in California ABC daily data; not a finding of closure.
ca-ttb-e924fcfee9c0,Stark Spirits,"STARK SPIRITS, LLC",Stark Spirits,"1260 LINCOLN AVE STE 1100, PASADENA, CA, 91103",PASADENA,CA,91103,CA-S-20045,1,closed_or_unverifiable,"No operator, local-government, or exact-premise California ABC evidence was located in the completed review; the TTB listing verifies permit identity only.",unverifiable,,https://www.ttb.gov/public-information/foia/list-of-permittees,TTB Spirits Producers and Bottlers List,https://www.ttb.gov/public-information/foia/list-of-permittees,2026-08-22,TTB Spirits Producers and Bottlers List: CA-S-20045,Conservative default after no completed individual evidence and no exact-premise owner/DBA match in California ABC daily data; not a finding of closure.
ca-ttb-e93215614bae,Artisan Craft Cocktails,ARTISAN CRAFT COCKTAILS INC.,Artisan Craft Cocktails,"1382 VALENCIA AVE STE A, TUSTIN, CA, 92780",TUSTIN,CA,92780,CA-S-20319,1,closed_or_unverifiable,"No operator, local-government, or exact-premise California ABC evidence was located in the completed review; the TTB listing verifies permit identity only.",unverifiable,,https://www.ttb.gov/public-information/foia/list-of-permittees,TTB Spirits Producers and Bottlers List,https://www.ttb.gov/public-information/foia/list-of-permittees,2026-08-22,TTB Spirits Producers and Bottlers List: CA-S-20319,Conservative default after no completed individual evidence and no exact-premise owner/DBA match in California ABC daily data; not a finding of closure.
ca-ttb-e93bfeab26f5,PELLEGRINI FAMILY VINEYARDS,"PELLEGRINI BROS. WINES, INC.",PELLEGRINI FAMILY VINEYARDS,"4055 W OLIVET RD, SANTA ROSA, CA, 95401",SANTA ROSA,CA,95401,CA-S-15059,1,needs_review,"Official California ABC export has an exact-premise identity match, but the listed licence type does not independently establish spirits production.",unknown,,https://www.abc.ca.gov/licensing/licensing-reports/,California ABC Daily Data Export,https://www.abc.ca.gov/wp-content/uploads/DailyExport-CSV.zip,2026-08-22,"TTB Spirits Producers and Bottlers List: CA-S-15059; California ABC Daily Data Export: 00533822, 00661717 (02, 81)",Automated exact premise plus owner/DBA-token match in official ABC export: Type 02 file 00533822 (PELLEGRINI RANCHES / PELLEGRINI RANCHES); Type 02 file 00661717 (BRICOLEUR VINEYARDS LLC / BRICOLEUR VINEYARDS); Type 81 file 00661717 (BRICOLEUR VINEYARDS LLC / BRICOLEUR VINEYARDS).
ca-ttb-e9ae1731f3c0,Nasung Sool Co,FAULK BREWS AND SPIRITS LLC,Nasung Sool Co,"141 W WILSHIRE AVE STE D, FULLERTON, CA, 92832",FULLERTON,CA,92832,CA-S-20593,1,closed_or_unverifiable,"No operator, local-government, or exact-premise California ABC evidence was located in the completed review; the TTB listing verifies permit identity only.",unverifiable,,https://www.ttb.gov/public-information/foia/list-of-permittees,TTB Spirits Producers and Bottlers List,https://www.ttb.gov/public-information/foia/list-of-permittees,2026-08-22,TTB Spirits Producers and Bottlers List: CA-S-20593,Conservative default after no completed individual evidence and no exact-premise owner/DBA match in California ABC daily data; not a finding of closure.
ca-ttb-ea4929f63dbd,"ECOPAS, LLC","ECOPAS, LLC",,"2717 AVIATION WAY, SANTA MARIA, CA, 93455",SANTA MARIA,CA,93455,CA-S-20103,1,closed_or_unverifiable,"No operator, local-government, or exact-premise California ABC evidence was located in the completed review; the TTB listing verifies permit identity only.",unverifiable,,https://www.ttb.gov/public-information/foia/list-of-permittees,TTB Spirits Producers and Bottlers List,https://www.ttb.gov/public-information/foia/list-of-permittees,2026-08-22,TTB Spirits Producers and Bottlers List: CA-S-20103,Conservative default after no completed individual evidence and no exact-premise owner/DBA match in California ABC daily data; not a finding of closure.
ca-ttb-ea90db3c0604,SOUTHNORTE BRANDS LLC,SOUTHNORTE BRANDS LLC,,"10810 INLAND AVE, JURUPA VALLEY, CA, 91752",JURUPA VALLEY,CA,91752,CA-S-20476,1,bottling_only,Official California ABC export shows matching active manufacturer-agent/rectifier privileges but no matching active distilled-spirits production licence.,unknown,,https://www.abc.ca.gov/licensing/licensing-reports/,California ABC Daily Data Export,https://www.abc.ca.gov/wp-content/uploads/DailyExport-CSV.zip,2026-08-22,"TTB Spirits Producers and Bottlers List: CA-S-20476; California ABC Daily Data Export: 00650650 (07, 12)",Automated exact premise plus owner/DBA-token match in official ABC export: Type 12 file 00650650 (SOUTHNORTE BRANDS LLC / SOUTHNORTE SPIRITS); Type 07 file 00650650 (SOUTHNORTE BRANDS LLC / SOUTHNORTE SPIRITS).
ca-ttb-eb7fb64930de,Sierra Court LLC,"SIERRA COURT, LLC",Sierra Court LLC,"8008 EASTSIDE RD BLDG C, HEALDSBURG, CA, 95448",HEALDSBURG,CA,95448,CA-S-20244,1,closed_or_unverifiable,"No operator, local-government, or exact-premise California ABC evidence was located in the completed review; the TTB listing verifies permit identity only.",unverifiable,,https://www.ttb.gov/public-information/foia/list-of-permittees,TTB Spirits Producers and Bottlers List,https://www.ttb.gov/public-information/foia/list-of-permittees,2026-08-22,TTB Spirits Producers and Bottlers List: CA-S-20244,Conservative default after no completed individual evidence and no exact-premise owner/DBA match in California ABC daily data; not a finding of closure.
ca-ttb-ebb6c1921969,SLO Stills,"SLO BREWING CO, LLC",SLO Stills,"855 AEROVISTA PL STE 120, SAN LUIS OBISPO, CA, 93401",SAN LUIS OBISPO,CA,93401,CA-S-20218,1,closed_or_unverifiable,"No operator, local-government, or exact-premise California ABC evidence was located in the completed review; the TTB listing verifies permit identity only.",unverifiable,,https://www.ttb.gov/public-information/foia/list-of-permittees,TTB Spirits Producers and Bottlers List,https://www.ttb.gov/public-information/foia/list-of-permittees,2026-08-22,TTB Spirits Producers and Bottlers List: CA-S-20218,Conservative default after no completed individual evidence and no exact-premise owner/DBA match in California ABC daily data; not a finding of closure.
ca-ttb-ebd3cd18af85,Valensin Vineyard & Winery,VALENSIN VINEYARD & WINERY,Valensin Vineyard & Winery,"10675 VALENSIN RD, GALT, CA, 95632",GALT,CA,95632,CA-S-20555,1,needs_review,"Official California ABC export has an exact-premise identity match, but the listed licence type does not independently establish spirits production.",unknown,,https://www.abc.ca.gov/licensing/licensing-reports/,California ABC Daily Data Export,https://www.abc.ca.gov/wp-content/uploads/DailyExport-CSV.zip,2026-08-22,TTB Spirits Producers and Bottlers List: CA-S-20555; California ABC Daily Data Export: 00608463 (02),Automated exact premise plus owner/DBA-token match in official ABC export: Type 02 file 00608463 (VALENSIN VINEYARD & WINERY / VALENSIN VINEYARD & WINERY).
ca-ttb-ecc700d7e1dc,SWAN & FOX LLC,SWAN & FOX LLC,,"3375 MISSION AVE STE J/K, OCEANSIDE, CA, 92058",OCEANSIDE,CA,92058,CA-S-20563,1,closed_or_unverifiable,"No operator, local-government, or exact-premise California ABC evidence was located in the completed review; the TTB listing verifies permit identity only.",unverifiable,,https://www.ttb.gov/public-information/foia/list-of-permittees,TTB Spirits Producers and Bottlers List,https://www.ttb.gov/public-information/foia/list-of-permittees,2026-08-22,TTB Spirits Producers and Bottlers List: CA-S-20563,Conservative default after no completed individual evidence and no exact-premise owner/DBA match in California ABC daily data; not a finding of closure.
ca-ttb-ed6f39aa6786,CAKEBREAD CELLARS,CAKEBREAD CELLARS,,"8300 ST HELENA HWY, RUTHERFORD, CA, 94573",RUTHERFORD,CA,94573,CA-S-15055,1,needs_review,"Official California ABC export has an exact-premise identity match, but the listed licence type does not independently establish spirits production.",unknown,,https://www.abc.ca.gov/licensing/licensing-reports/,California ABC Daily Data Export,https://www.abc.ca.gov/wp-content/uploads/DailyExport-CSV.zip,2026-08-22,"TTB Spirits Producers and Bottlers List: CA-S-15055; California ABC Daily Data Export: 00092119 (02, 06, 81)",Automated exact premise plus owner/DBA-token match in official ABC export: Type 06 file 00092119 (CAKEBREAD CELLARS / ); Type 02 file 00092119 (CAKEBREAD CELLARS / ); Type 81 file 00092119 (CAKEBREAD CELLARS / ).
ca-ttb-ed7082dfb58e,J.J. Pfister Distilling,"JJ PFISTER DISTILLING COMPANY, LLC",J.J. Pfister Distilling,"9819 BUSINESS PARK DR STE 3&4, SACRAMENTO, CA, 95827",SACRAMENTO,CA,95827,CA-S-20185,1,closed_or_unverifiable,"No operator, local-government, or exact-premise California ABC evidence was located in the completed review; the TTB listing verifies permit identity only.",unverifiable,,https://www.ttb.gov/public-information/foia/list-of-permittees,TTB Spirits Producers and Bottlers List,https://www.ttb.gov/public-information/foia/list-of-permittees,2026-08-22,TTB Spirits Producers and Bottlers List: CA-S-20185,Conservative default after no completed individual evidence and no exact-premise owner/DBA match in California ABC daily data; not a finding of closure.
ca-ttb-ee79522e09bc,RUINS DISTILLERY LLC,RUINS DISTILLERY LLC,,"108 DODD CT, AMERICAN CANYON, CA, 94503",AMERICAN CANYON,CA,94503,CA-S-20431,1,production_site,Official California ABC export shows a matching active brandy/distilled-spirits/craft-distiller licence at the TTB premise.,unknown,,https://www.abc.ca.gov/licensing/licensing-reports/,California ABC Daily Data Export,https://www.abc.ca.gov/wp-content/uploads/DailyExport-CSV.zip,2026-08-22,"TTB Spirits Producers and Bottlers List: CA-S-20431; California ABC Daily Data Export: 00640297 (06, 74)",Automated exact premise plus owner/DBA-token match in official ABC export: Type 06 file 00640297 (RUINS DISTILLERY LLC / ); Type 74 file 00640297 (RUINS DISTILLERY LLC / ).
ca-ttb-eef4a2eb33ad,Knox & Dobson,"EARL'S BIG IDEA, LLC",Knox & Dobson,"2031 E FOOTHILL BLVD, PASADENA, CA, 91107",PASADENA,CA,91107,CA-S-20478,1,bottling_only,Official California ABC export shows matching active manufacturer-agent/rectifier privileges but no matching active distilled-spirits production licence.,unknown,,https://www.abc.ca.gov/licensing/licensing-reports/,California ABC Daily Data Export,https://www.abc.ca.gov/wp-content/uploads/DailyExport-CSV.zip,2026-08-22,"TTB Spirits Producers and Bottlers List: CA-S-20478; California ABC Daily Data Export: 00648468 (05, 12)",Automated exact premise plus owner/DBA-token match in official ABC export: Type 05 file 00648468 (EARL'S BIG IDEA  LLC / KNOX & DOBSON); Type 12 file 00648468 (EARL'S BIG IDEA  LLC / KNOX & DOBSON).
ca-ttb-ef1e7b22534c,Shedcat Distillery,SHEDCAT LLC,Shedcat Distillery,"3668 LAKE TAHOE BLVD STE A, SOUTH LAKE TAHOE, CA, 96150",SOUTH LAKE TAHOE,CA,96150,CA-S-20417,1,closed_or_unverifiable,"No operator, local-government, or exact-premise California ABC evidence was located in the completed review; the TTB listing verifies permit identity only.",unverifiable,,https://www.ttb.gov/public-information/foia/list-of-permittees,TTB Spirits Producers and Bottlers List,https://www.ttb.gov/public-information/foia/list-of-permittees,2026-08-22,TTB Spirits Producers and Bottlers List: CA-S-20417,Conservative default after no completed individual evidence and no exact-premise owner/DBA match in California ABC daily data; not a finding of closure.
ca-ttb-efdf4dbd0ce9,CYPHER WINERY,"Q4X, INC.",CYPHER WINERY,"7300 N RIVER RD, PASO ROBLES, CA, 93446",PASO ROBLES,CA,93446,CA-S-15128,1,closed_or_unverifiable,"No operator, local-government, or exact-premise California ABC evidence was located in the completed review; the TTB listing verifies permit identity only.",unverifiable,,https://www.ttb.gov/public-information/foia/list-of-permittees,TTB Spirits Producers and Bottlers List,https://www.ttb.gov/public-information/foia/list-of-permittees,2026-08-22,TTB Spirits Producers and Bottlers List: CA-S-15128,Conservative default after no completed individual evidence and no exact-premise owner/DBA match in California ABC daily data; not a finding of closure.
ca-ttb-f06106ca7dbe,Ambix Spirits,AMBIX SPIRITS LLC,Ambix Spirits,"1944 HIGH SCHOOL RD, SEBASTOPOL, CA, 95472",SEBASTOPOL,CA,95472,CA-S-20426,1,production_site,Official California ABC export shows a matching active brandy/distilled-spirits/craft-distiller licence at the TTB premise.,unknown,,https://www.abc.ca.gov/licensing/licensing-reports/,California ABC Daily Data Export,https://www.abc.ca.gov/wp-content/uploads/DailyExport-CSV.zip,2026-08-22,"TTB Spirits Producers and Bottlers List: CA-S-20426; California ABC Daily Data Export: 00639723 (02, 03, 06, 81)",Automated exact premise plus owner/DBA-token match in official ABC export: Type 02 file 00639723 (AMBIX SPIRITS  LLC / ); Type 03 file 00639723 (AMBIX SPIRITS  LLC / ); Type 06 file 00639723 (AMBIX SPIRITS  LLC / ); Type 81 file 00639723 (AMBIX SPIRITS  LLC / ).
ca-ttb-f1678cee36ac,WASTED YOUTH SPIRITS,"HORN ENTERPRISES, INC.",WASTED YOUTH SPIRITS,"3230 RIVERSIDE AVE UNIT # 190, PASO ROBLES, CA, 93446",PASO ROBLES,CA,93446,CA-S-20079,1,closed_or_unverifiable,"No operator, local-government, or exact-premise California ABC evidence was located in the completed review; the TTB listing verifies permit identity only.",unverifiable,,https://www.ttb.gov/public-information/foia/list-of-permittees,TTB Spirits Producers and Bottlers List,https://www.ttb.gov/public-information/foia/list-of-permittees,2026-08-22,TTB Spirits Producers and Bottlers List: CA-S-20079,Conservative default after no completed individual evidence and no exact-premise owner/DBA match in California ABC daily data; not a finding of closure.
ca-ttb-f191c69efad3,EPU CELLAR LLC,EPU CELLAR LLC,,"101 GRANT AVE UNIT I, HEALDSBURG, CA, 95448",HEALDSBURG,CA,95448,CA-S-20503,1,closed_or_unverifiable,"No operator, local-government, or exact-premise California ABC evidence was located in the completed review; the TTB listing verifies permit identity only.",unverifiable,,https://www.ttb.gov/public-information/foia/list-of-permittees,TTB Spirits Producers and Bottlers List,https://www.ttb.gov/public-information/foia/list-of-permittees,2026-08-22,TTB Spirits Producers and Bottlers List: CA-S-20503,Conservative default after no completed individual evidence and no exact-premise owner/DBA match in California ABC daily data; not a finding of closure.
ca-ttb-f1921143094f,GIBSON WINE COMPANY,GIBSON WINE COMPANY,,"1720 ACADEMY AVE, SANGER, CA, 93657",SANGER,CA,93657,CA-S-928,1,needs_review,"Official California ABC export has an exact-premise identity match, but the listed licence type does not independently establish spirits production.",unknown,,https://www.abc.ca.gov/licensing/licensing-reports/,California ABC Daily Data Export,https://www.abc.ca.gov/wp-content/uploads/DailyExport-CSV.zip,2026-08-22,"TTB Spirits Producers and Bottlers List: CA-S-928; California ABC Daily Data Export: 00024747 (02, 06, 09, 10)",Automated exact premise plus owner/DBA-token match in official ABC export: Type 06 file 00024747 (GIBSON WINE COMPANY / GIBSON WINE COMPANY); Type 02 file 00024747 (GIBSON WINE COMPANY / GIBSON WINE COMPANY); Type 10 file 00024747 (GIBSON WINE COMPANY / GIBSON WINE COMPANY); Type 09 file 00024747 (GIBSON WINE COMPANY / GIBSON WINE COMPANY).
ca-ttb-f20ce91f017c,Purple Spirits,GRATON SPIRITS COMPANY LLC,Purple Spirits,"9109 GRATON RD BLDG C, GRATON, CA, 95444",GRATON,CA,95444,CA-S-20058,1,closed_or_unverifiable,"No operator, local-government, or exact-premise California ABC evidence was located in the completed review; the TTB listing verifies permit identity only.",unverifiable,,https://www.ttb.gov/public-information/foia/list-of-permittees,TTB Spirits Producers and Bottlers List,https://www.ttb.gov/public-information/foia/list-of-permittees,2026-08-22,TTB Spirits Producers and Bottlers List: CA-S-20058,Conservative default after no completed individual evidence and no exact-premise owner/DBA match in California ABC daily data; not a finding of closure.
ca-ttb-f233a8b0a374,Left Coast Brewing Co. Tasting Room Smokehouse Distillery,LEFT COAST BREWING COMPANY,Left Coast Brewing Co. Tasting Room Smokehouse Distillery,"980 N HAVEN AVE STE 100, ONTARIO, CA, 91764",ONTARIO,CA,91764,CA-S-20480,1,closed_or_unverifiable,"No operator, local-government, or exact-premise California ABC evidence was located in the completed review; the TTB listing verifies permit identity only.",unverifiable,,https://www.ttb.gov/public-information/foia/list-of-permittees,TTB Spirits Producers and Bottlers List,https://www.ttb.gov/public-information/foia/list-of-permittees,2026-08-22,TTB Spirits Producers and Bottlers List: CA-S-20480,Conservative default after no completed individual evidence and no exact-premise owner/DBA match in California ABC daily data; not a finding of closure.
ca-ttb-f25c0686776f,ALMADEN-MADERA,THE WINE GROUP LLC,ALMADEN-MADERA,"22004 ROAD 24, MADERA, CA, 93638",MADERA,CA,93638,CA-S-15070,1,needs_review,"Official California ABC export has an exact-premise identity match, but the listed licence type does not independently establish spirits production.",unknown,,https://www.abc.ca.gov/licensing/licensing-reports/,California ABC Daily Data Export,https://www.abc.ca.gov/wp-content/uploads/DailyExport-CSV.zip,2026-08-22,"TTB Spirits Producers and Bottlers List: CA-S-15070; California ABC Daily Data Export: 00465489 (02, 06, 09)",Automated exact premise plus owner/DBA-token match in official ABC export: Type 02 file 00465489 (THE WINE GROUP LLC / ALMADEN MADERA); Type 06 file 00465489 (THE WINE GROUP LLC / ALMADEN MADERA); Type 09 file 00465489 (THE WINE GROUP LLC / ALMADEN MADERA).
ca-ttb-f3a2c47d4beb,Iron Hub Winery,ANN AINSLEY THOMAS LLC,Iron Hub Winery,"12500 STEINER RD, PLYMOUTH, CA, 95669",PLYMOUTH,CA,95669,CA-S-20245,1,production_site,Official California ABC export shows a matching active brandy/distilled-spirits/craft-distiller licence at the TTB premise.,unknown,,https://www.abc.ca.gov/licensing/licensing-reports/,California ABC Daily Data Export,https://www.abc.ca.gov/wp-content/uploads/DailyExport-CSV.zip,2026-08-22,"TTB Spirits Producers and Bottlers List: CA-S-20245; California ABC Daily Data Export: 00548084 (02, 03, 04, 06)",Automated exact premise plus owner/DBA-token match in official ABC export: Type 02 file 00548084 (ANN AINSLEY THOMAS LLC / IRON HUB WINERY & DISTILLERY); Type 03 file 00548084 (ANN AINSLEY THOMAS LLC / IRON HUB WINERY & DISTILLERY); Type 04 file 00548084 (ANN AINSLEY THOMAS LLC / IRON HUB WINERY & DISTILLERY); Type 06 file 00548084 (ANN AINSLEY THOMAS LLC / IRON HUB WINERY & DISTILLERY).
ca-ttb-f44e9a964e7d,"SF BEVERAGE AND DISTILLING CO., LLC","SF BEVERAGE AND DISTILLING CO., LLC",,"100 HOOPER ST, SAN FRANCISCO, CA, 94107",SAN FRANCISCO,CA,94107,CA-S-20521,1,production_site,Official California ABC export shows a matching active brandy/distilled-spirits/craft-distiller licence at the TTB premise.,unknown,,https://www.abc.ca.gov/licensing/licensing-reports/,California ABC Daily Data Export,https://www.abc.ca.gov/wp-content/uploads/DailyExport-CSV.zip,2026-08-22,"TTB Spirits Producers and Bottlers List: CA-S-20521; California ABC Daily Data Export: 00661302 (06, 23, 74)",Automated exact premise plus owner/DBA-token match in official ABC export: Type 06 file 00661302 (SF BEVERAGE & DISTILLING CO.  LLC / SF BEVERAGE & DISTILLING CO LLC); Type 23 file 00661302 (SF BEVERAGE & DISTILLING CO.  LLC / SF BEVERAGE & DISTILLING CO LLC); Type 74 file 00661302 (SF BEVERAGE & DISTILLING CO.  LLC / SF BEVERAGE & DISTILLING CO LLC).
ca-ttb-f47cef736ed8,The Natoma Distillery,JACKSON SQUARE HOSPITALITY LLC,The Natoma Distillery,"155 12 ST, SAN FRANCISCO, CA, 94103",SAN FRANCISCO,CA,94103,CA-S-20592,1,closed_or_unverifiable,"No operator, local-government, or exact-premise California ABC evidence was located in the completed review; the TTB listing verifies permit identity only.",unverifiable,,https://www.ttb.gov/public-information/foia/list-of-permittees,TTB Spirits Producers and Bottlers List,https://www.ttb.gov/public-information/foia/list-of-permittees,2026-08-22,TTB Spirits Producers and Bottlers List: CA-S-20592,Conservative default after no completed individual evidence and no exact-premise owner/DBA match in California ABC daily data; not a finding of closure.
ca-ttb-f4e9b57761a9,WHISKEY RIVER,BRIAN RUNKLE,WHISKEY RIVER,"1128 WESTERN CT STE 11, FAIRFIELD, CA, 94533",FAIRFIELD,CA,94533,CA-S-20112,1,closed_or_unverifiable,"No operator, local-government, or exact-premise California ABC evidence was located in the completed review; the TTB listing verifies permit identity only.",unverifiable,,https://www.ttb.gov/public-information/foia/list-of-permittees,TTB Spirits Producers and Bottlers List,https://www.ttb.gov/public-information/foia/list-of-permittees,2026-08-22,TTB Spirits Producers and Bottlers List: CA-S-20112,Conservative default after no completed individual evidence and no exact-premise owner/DBA match in California ABC daily data; not a finding of closure.
ca-ttb-f5a73cadec17,Hotaling & Co.,"HOTALING & CO., LLC",Hotaling & Co.,"PIER 50, SHED B, SAN FRANCISCO, CA, 94158",SAN FRANCISCO,CA,94158,CA-S-20265,1,production_site,Official California ABC export shows a matching active brandy/distilled-spirits/craft-distiller licence at the TTB premise.,unknown,,https://www.abc.ca.gov/licensing/licensing-reports/,California ABC Daily Data Export,https://www.abc.ca.gov/wp-content/uploads/DailyExport-CSV.zip,2026-08-22,"TTB Spirits Producers and Bottlers List: CA-S-20265; California ABC Daily Data Export: 00600887 (02, 04, 06)",Automated exact premise plus owner/DBA-token match in official ABC export: Type 06 file 00600887 (HOTALING & CO.  LLC / HOTALING & CO.); Type 04 file 00600887 (HOTALING & CO.  LLC / HOTALING & CO.); Type 02 file 00600887 (HOTALING & CO.  LLC / HOTALING & CO.).
ca-ttb-f5ff73af1467,"PRESTIGE PRODUCTION SOLUTIONS, LLC","PRESTIGE PRODUCTION SOLUTIONS, LLC",,"265 LOMBARD RD STE A, AMERICAN CANYON, CA, 94503",AMERICAN CANYON,CA,94503,CA-S-20515,1,closed_or_unverifiable,"No operator, local-government, or exact-premise California ABC evidence was located in the completed review; the TTB listing verifies permit identity only.",unverifiable,,https://www.ttb.gov/public-information/foia/list-of-permittees,TTB Spirits Producers and Bottlers List,https://www.ttb.gov/public-information/foia/list-of-permittees,2026-08-22,TTB Spirits Producers and Bottlers List: CA-S-20515,Conservative default after no completed individual evidence and no exact-premise owner/DBA match in California ABC daily data; not a finding of closure.
ca-ttb-f6ee3c6d3db2,THE SILVERADO VINEYARDS,"FOLEY FAMILY WINES, INC.",THE SILVERADO VINEYARDS,"6121 SILVERADO TRL, NAPA, CA, 94558",NAPA,CA,94558,CA-S-20449,1,needs_review,"Official California ABC export has an exact-premise identity match, but the listed licence type does not independently establish spirits production.",unknown,,https://www.abc.ca.gov/licensing/licensing-reports/,California ABC Daily Data Export,https://www.abc.ca.gov/wp-content/uploads/DailyExport-CSV.zip,2026-08-22,"TTB Spirits Producers and Bottlers List: CA-S-20449; California ABC Daily Data Export: 00643871 (02, 06)",Automated exact premise plus owner/DBA-token match in official ABC export: Type 02 file 00643871 (FOLEY FAMILY WINES  INC. / SILVERADO VINEYARDS THE); Type 06 file 00643871 (FOLEY FAMILY WINES  INC. / SILVERADO VINEYARDS THE).
ca-ttb-f6fba4b49d5c,"FN CELLARS, LLC","FN CELLARS, LLC",,"1350 ACACIA DR, OAKVILLE, CA, 94562",OAKVILLE,CA,94562,CA-S-20565,1,needs_review,"Official California ABC export has an exact-premise identity match, but the listed licence type does not independently establish spirits production.",unknown,,https://www.abc.ca.gov/licensing/licensing-reports/,California ABC Daily Data Export,https://www.abc.ca.gov/wp-content/uploads/DailyExport-CSV.zip,2026-08-22,"TTB Spirits Producers and Bottlers List: CA-S-20565; California ABC Daily Data Export: 00542677 (02, 06)",Automated exact premise plus owner/DBA-token match in official ABC export: Type 02 file 00542677 (FN CELLARS  LLC / FAR NIENTE WINE ESTATES); Type 06 file 00542677 (FN CELLARS  LLC / FAR NIENTE WINE ESTATES).
ca-ttb-f71af7e312bb,EVANS BREWING COMPANY INC.,EVANS BREWING COMPANY INC.,,"2440 RAILROAD ST STE 101, CORONA, CA, 92880",CORONA,CA,92880,CA-S-20326,1,closed_or_unverifiable,"No operator, local-government, or exact-premise California ABC evidence was located in the completed review; the TTB listing verifies permit identity only.",unverifiable,,https://www.ttb.gov/public-information/foia/list-of-permittees,TTB Spirits Producers and Bottlers List,https://www.ttb.gov/public-information/foia/list-of-permittees,2026-08-22,TTB Spirits Producers and Bottlers List: CA-S-20326,Conservative default after no completed individual evidence and no exact-premise owner/DBA match in California ABC daily data; not a finding of closure.
ca-ttb-f7675bf77356,BEAR & THE WREN,SCRAMBLEZ GRILLE & BAR,BEAR & THE WREN,"570 HIGUERA ST STE 2, SAN LUIS OBISPO, CA, 93401",SAN LUIS OBISPO,CA,93401,CA-S-20577,1,closed_or_unverifiable,"No operator, local-government, or exact-premise California ABC evidence was located in the completed review; the TTB listing verifies permit identity only.",unverifiable,,https://www.ttb.gov/public-information/foia/list-of-permittees,TTB Spirits Producers and Bottlers List,https://www.ttb.gov/public-information/foia/list-of-permittees,2026-08-22,TTB Spirits Producers and Bottlers List: CA-S-20577,Conservative default after no completed individual evidence and no exact-premise owner/DBA match in California ABC daily data; not a finding of closure.
ca-ttb-f875f508d599,Paskenta Brewing & Distilling Company,"PASKENTA BREWING & DISTILLING COMPANY, LLC",Paskenta Brewing & Distilling Company,"2655 EVERETT FREEMAN WAY, CORNING, CA, 96021",CORNING,CA,96021,CA-S-20350,1,production_site,Official California ABC export shows a matching active brandy/distilled-spirits/craft-distiller licence at the TTB premise.,unknown,,https://www.abc.ca.gov/licensing/licensing-reports/,California ABC Daily Data Export,https://www.abc.ca.gov/wp-content/uploads/DailyExport-CSV.zip,2026-08-22,"TTB Spirits Producers and Bottlers List: CA-S-20350; California ABC Daily Data Export: 00623873 (06, 23, 47, 58, 68, 74, 77)",Automated exact premise plus owner/DBA-token match in official ABC export: Type 23 file 00623873 (PASKENTA BREWING & DISTILLING COMPANY  LLC / ); Type 06 file 00623873 (PASKENTA BREWING & DISTILLING COMPANY  LLC / ); Type 47 file 00623873 (PASKENTA BREWING & DISTILLING COMPANY  LLC / ); Type 74 file 00623873 (PASKENTA BREWING & DISTILLING COMPANY  LLC / ); Type 68 file 00623873 (PASKENTA BREWING & DISTILLING COMPANY  LLC / ); Type 58 file 00623873 (PASKENTA BREWING & DISTILLING COMPANY  LLC / ); Type 47 file 00623873 (PASKENTA BREWING & DISTILLING COMPANY  LLC / ); Type 77 file 00623873 (PASKENTA BREWING & DISTILLING COMPANY  LLC / ).
ca-ttb-f8b4eb5e992e,Carbon Negative Spirits,CARBON NEGATIVE SPIRITS LLC,Carbon Negative Spirits,"399 BUSINESS PARK CT SUITE 504, 505, 523 CT, WINDSOR, CA, 95492",WINDSOR,CA,95492,CA-S-20477,1,closed_or_unverifiable,"No operator, local-government, or exact-premise California ABC evidence was located in the completed review; the TTB listing verifies permit identity only.",unverifiable,,https://www.ttb.gov/public-information/foia/list-of-permittees,TTB Spirits Producers and Bottlers List,https://www.ttb.gov/public-information/foia/list-of-permittees,2026-08-22,TTB Spirits Producers and Bottlers List: CA-S-20477,Conservative default after no completed individual evidence and no exact-premise owner/DBA match in California ABC daily data; not a finding of closure.
ca-ttb-f90a81b69875,SEGHESIO FAMILY VINEYARDS,"PINE RIDGE WINERY, LLC",SEGHESIO FAMILY VINEYARDS,"700 GROVE ST, HEALDSBURG, CA, 95448",HEALDSBURG,CA,95448,CA-S-15121,1,production_site,"Site holds active California ABC Type 04 (Distilled Spirits Manufacturer) and Type 06 (Still) licenses (License #511467) and TTB DSP permit CA-S-15121 at the 700 Grove St address, with the winery and tasting room currently open to the public.",open,https://www.seghesio.com/,https://www.abc.ca.gov/licensing/license-lookup/single-license/?RPTTYPE=12&LICENSE=511467,California ABC License Lookup,https://www.abc.ca.gov/licensing/license-lookup/,2026-08-22,TTB Spirits Producers and Bottlers List: CA-S-15121,Operating as Seghesio Family Vineyards under licensee Pine Ridge Winery LLC; presence of active Type 06 still license provides explicit equipment evidence for production site classification at this winery location. Official ABC exact-premise match: Type 02 file 00511467 (PINE RIDGE WINERY  LLC / SEGHESIO FAMILY VINEYARDS); Type 04 file 00511467 (PINE RIDGE WINERY  LLC / SEGHESIO FAMILY VINEYARDS); Type 06 file 00511467 (PINE RIDGE WINERY  LLC / SEGHESIO FAMILY VINEYARDS); Type 14 file 00511467 (PINE RIDGE WINERY  LLC / SEGHESIO FAMILY VINEYARDS).
ca-ttb-f95547d1cc32,MPL BRANDS NV INC.,MPL BRANDS NV INC.,,"2455 HUNTINGTON DR, FAIRFIELD, CA, 94533",FAIRFIELD,CA,94533,CA-S-20467,1,bottling_only,Official California ABC export shows matching active manufacturer-agent/rectifier privileges but no matching active distilled-spirits production licence.,unknown,,https://www.abc.ca.gov/licensing/licensing-reports/,California ABC Daily Data Export,https://www.abc.ca.gov/wp-content/uploads/DailyExport-CSV.zip,2026-08-22,"TTB Spirits Producers and Bottlers List: CA-S-20467; California ABC Daily Data Export: 00648918 (02, 07)",Automated exact premise plus owner/DBA-token match in official ABC export: Type 02 file 00648918 (MPL BRANDS NV  INC. / PATCO); Type 07 file 00648918 (MPL BRANDS NV  INC. / PATCO).
ca-ttb-f963278ab6ac,"NELLA TERRA CELLARS, INC.","NELLA TERRA CELLARS, INC.",,"5003 SHERIDAN RD, SUNOL, CA, 94586",SUNOL,CA,94586,CA-S-20189,1,production_site,Official California ABC export shows a matching active brandy/distilled-spirits/craft-distiller licence at the TTB premise.,unknown,,https://www.abc.ca.gov/licensing/licensing-reports/,California ABC Daily Data Export,https://www.abc.ca.gov/wp-content/uploads/DailyExport-CSV.zip,2026-08-22,"TTB Spirits Producers and Bottlers List: CA-S-20189; California ABC Daily Data Export: 00532568 (02, 06, 74, 81)",Automated exact premise plus owner/DBA-token match in official ABC export: Type 02 file 00532568 (NELLA TERRA CELLARS  INC / NELLA TERRA CELLARS); Type 06 file 00532568 (NELLA TERRA CELLARS  INC / NELLA TERRA CELLARS); Type 74 file 00532568 (NELLA TERRA CELLARS  INC / NELLA TERRA CELLARS); Type 81 file 00532568 (NELLA TERRA CELLARS  INC / NELLA TERRA CELLARS).
ca-ttb-f97e5b7e5307,Lucca Winery,MARK STEVEN LUCCHESI,Lucca Winery,"16265 E RIVER RD, RIPON, CA, 95366",RIPON,CA,95366,CA-S-20473,1,needs_review,"Official California ABC export has an exact-premise identity match, but the listed licence type does not independently establish spirits production.",unknown,,https://www.abc.ca.gov/licensing/licensing-reports/,California ABC Daily Data Export,https://www.abc.ca.gov/wp-content/uploads/DailyExport-CSV.zip,2026-08-22,TTB Spirits Producers and Bottlers List: CA-S-20473; California ABC Daily Data Export: 00516904 (02),Automated exact premise plus owner/DBA-token match in official ABC export: Type 02 file 00516904 (LUCCHESI  MARK S / LUCCA WINERY).
ca-ttb-fa06fcc9c0c1,Aris Vodka Corporation,ARIS VODKA CORPORATION,Aris Vodka Corporation,"759 S STATE COLLEGE BLVD UNIT 18, FULLERTON, CA, 92831",FULLERTON,CA,92831,CA-S-20441,1,closed_or_unverifiable,"No operator, local-government, or exact-premise California ABC evidence was located in the completed review; the TTB listing verifies permit identity only.",unverifiable,,https://www.ttb.gov/public-information/foia/list-of-permittees,TTB Spirits Producers and Bottlers List,https://www.ttb.gov/public-information/foia/list-of-permittees,2026-08-22,TTB Spirits Producers and Bottlers List: CA-S-20441,Conservative default after no completed individual evidence and no exact-premise owner/DBA match in California ABC daily data; not a finding of closure.
ca-ttb-fc7721ae207a,SCHEID VINEYARDS CALIFORNIA INC.,SCHEID VINEYARDS CALIFORNIA INC.,,"1972 HOBSON AVE, GREENFIELD, CA, 93927",GREENFIELD,CA,93927,CA-S-15036,1,production_site,Official California ABC export shows a matching active brandy/distilled-spirits/craft-distiller licence at the TTB premise.,unknown,,https://www.abc.ca.gov/licensing/licensing-reports/,California ABC Daily Data Export,https://www.abc.ca.gov/wp-content/uploads/DailyExport-CSV.zip,2026-08-22,"TTB Spirits Producers and Bottlers List: CA-S-15036; California ABC Daily Data Export: 00426789, 00558479 (02, 04, 06, 09, 81)",Automated exact premise plus owner/DBA-token match in official ABC export: Type 02 file 00426789 (SCHEID VINEYARDS CALIFORNIA INC / SCHEID FAMILY WINES); Type 04 file 00426789 (SCHEID VINEYARDS CALIFORNIA INC / SCHEID FAMILY WINES); Type 06 file 00426789 (SCHEID VINEYARDS CALIFORNIA INC / SCHEID FAMILY WINES); Type 02 file 00558479 (AGAJANIAN  INC / AGAJANIAN VINEYARDS & WINE COMPANY); Type 09 file 00558479 (AGAJANIAN  INC / AGAJANIAN VINEYARDS & WINE COMPANY); Type 81 file 00426789 (SCHEID VINEYARDS CALIFORNIA INC / SCHEID FAMILY WINES); Type 81 file 00558479 (AGAJANIAN  INC / AGAJANIAN VINEYARDS & WINE COMPANY).
ca-ttb-fd44b29a2ce9,ALTR FLTR,ALTR FLTR INC.,ALTR FLTR,"4326 BIG RANCH RD, NAPA, CA, 94558",NAPA,CA,94558,CA-S-20575,1,closed_or_unverifiable,"No operator, local-government, or exact-premise California ABC evidence was located in the completed review; the TTB listing verifies permit identity only.",unverifiable,,https://www.ttb.gov/public-information/foia/list-of-permittees,TTB Spirits Producers and Bottlers List,https://www.ttb.gov/public-information/foia/list-of-permittees,2026-08-22,TTB Spirits Producers and Bottlers List: CA-S-20575,Conservative default after no completed individual evidence and no exact-premise owner/DBA match in California ABC daily data; not a finding of closure.
ca-ttb-fd749481f11c,Six Drops,SAINT VINCENT BRANDS LLC,Six Drops,"30973 SANTANA ST STE 102, HAYWARD, CA, 94544",HAYWARD,CA,94544,CA-S-20383,1,closed_or_unverifiable,"No operator, local-government, or exact-premise California ABC evidence was located in the completed review; the TTB listing verifies permit identity only.",unverifiable,,https://www.ttb.gov/public-information/foia/list-of-permittees,TTB Spirits Producers and Bottlers List,https://www.ttb.gov/public-information/foia/list-of-permittees,2026-08-22,TTB Spirits Producers and Bottlers List: CA-S-20383,Conservative default after no completed individual evidence and no exact-premise owner/DBA match in California ABC daily data; not a finding of closure.
ca-ttb-fd95ce4acf61,THE OBSCURE,AD OBSCURA LLC,THE OBSCURE,"3709 MEDFORD ST UNIT 15, LOS ANGELES, CA, 90063",LOS ANGELES,CA,90063,CA-S-20340,1,closed_or_unverifiable,"No operator, local-government, or exact-premise California ABC evidence was located in the completed review; the TTB listing verifies permit identity only.",unverifiable,,https://www.ttb.gov/public-information/foia/list-of-permittees,TTB Spirits Producers and Bottlers List,https://www.ttb.gov/public-information/foia/list-of-permittees,2026-08-22,TTB Spirits Producers and Bottlers List: CA-S-20340,Conservative default after no completed individual evidence and no exact-premise owner/DBA match in California ABC daily data; not a finding of closure.
ca-ttb-fdd719763593,19th Hole Spirits,19TH HOLE SPIRITS LLC,19th Hole Spirits,"1231 THIRD STREET PROMENADE, SANTA MONICA, CA, 90401",SANTA MONICA,CA,90401,CA-S-20435,1,closed_or_unverifiable,"No operator, local-government, or exact-premise California ABC evidence was located in the completed review; the TTB listing verifies permit identity only.",unverifiable,,https://www.ttb.gov/public-information/foia/list-of-permittees,TTB Spirits Producers and Bottlers List,https://www.ttb.gov/public-information/foia/list-of-permittees,2026-08-22,TTB Spirits Producers and Bottlers List: CA-S-20435,Conservative default after no completed individual evidence and no exact-premise owner/DBA match in California ABC daily data; not a finding of closure.
ca-ttb-fec7621322f1,Kalifornia Distilleries,"KALIFORNIA DISTILLERIES, INC.",Kalifornia Distilleries,"41638 EASTMAN DR STE A, MURRIETA, CA, 92562",MURRIETA,CA,92562,CA-S-20257,1,closed_or_unverifiable,"No operator, local-government, or exact-premise California ABC evidence was located in the completed review; the TTB listing verifies permit identity only.",unverifiable,,https://www.ttb.gov/public-information/foia/list-of-permittees,TTB Spirits Producers and Bottlers List,https://www.ttb.gov/public-information/foia/list-of-permittees,2026-08-22,TTB Spirits Producers and Bottlers List: CA-S-20257,Conservative default after no completed individual evidence and no exact-premise owner/DBA match in California ABC daily data; not a finding of closure.
ca-ttb-ffb10079d543,The Rock,SLO5ROCK LLC,The Rock,"855 AEROVISTA PL STE 120, SAN LUIS OBISPO, CA, 93401",SAN LUIS OBISPO,CA,93401,CA-S-20576,1,closed_or_unverifiable,"No operator, local-government, or exact-premise California ABC evidence was located in the completed review; the TTB listing verifies permit identity only.",unverifiable,,https://www.ttb.gov/public-information/foia/list-of-permittees,TTB Spirits Producers and Bottlers List,https://www.ttb.gov/public-information/foia/list-of-permittees,2026-08-22,TTB Spirits Producers and Bottlers List: CA-S-20576,Conservative default after no completed individual evidence and no exact-premise owner/DBA match in California ABC daily data; not a finding of closure.
ca-ttb-ffbc3882aa3f,"DEL SOL DISTILLERIES, INC.","DEL SOL DISTILLERIES, INC.",,"2766 VIA ORANGE WAY UNIT O, SPRING VALLEY, CA, 91978",SPRING VALLEY,CA,91978,CA-S-20195,1,closed_or_unverifiable,"No operator, local-government, or exact-premise California ABC evidence was located in the completed review; the TTB listing verifies permit identity only.",unverifiable,,https://www.ttb.gov/public-information/foia/list-of-permittees,TTB Spirits Producers and Bottlers List,https://www.ttb.gov/public-information/foia/list-of-permittees,2026-08-22,TTB Spirits Producers and Bottlers List: CA-S-20195,Conservative default after no completed individual evidence and no exact-premise owner/DBA match in California ABC daily data; not a finding of closure.
ca-ttb-fff604e5121f,Cali Shine Distillery Co.,"BRIAN TOEPFER, MICHAEL TOEPFER AND CHRISTOPHER DEAN",Cali Shine Distillery Co.,"5216 ARBOGA ROAD UNIT C, OLIVEHURST, CA, 95961",OLIVEHURST,CA,95961,CA-S-20083,1,closed_or_unverifiable,"No operator, local-government, or exact-premise California ABC evidence was located in the completed review; the TTB listing verifies permit identity only.",unverifiable,,https://www.ttb.gov/public-information/foia/list-of-permittees,TTB Spirits Producers and Bottlers List,https://www.ttb.gov/public-information/foia/list-of-permittees,2026-08-22,TTB Spirits Producers and Bottlers List: CA-S-20083,Conservative default after no completed individual evidence and no exact-premise owner/DBA match in California ABC daily data; not a finding of closure.
