candidate_id,name,business_name,dba,full_premise_address,city,state,zip,permit_numbers,permit_count,classification,classification_reason,current_operating_status,operator_url,evidence_url,source_name,source_url,retrieval_date,exact_registry_reference,notes
ca-ttb-004b4c988b0f,GALLO,E. & J. GALLO WINERY,GALLO,"600 YOSEMITE BLVD, MODESTO, CA, 95354",MODESTO,CA,95354,CA-S-210,1,needs_review,Pre-research single-permit candidate; requires operating-role verification.,unknown,,,TTB Spirits Producers and Bottlers List,https://www.ttb.gov/public-information/foia/list-of-permittees,2026-08-21,TTB Spirits Producers and Bottlers List: CA-S-210,Prepared from unmatched active TTB permit queue; no public GeoJSON change.
ca-ttb-015e354edde3,DEVEN WEK,DEVEN WEK,,"815 ALMAR AVE UNIT 14, SANTA CRUZ, CA, 95060",SANTA CRUZ,CA,95060,CA-S-20219,1,needs_review,Pre-research single-permit candidate; requires operating-role verification.,unknown,,,TTB Spirits Producers and Bottlers List,https://www.ttb.gov/public-information/foia/list-of-permittees,2026-08-21,TTB Spirits Producers and Bottlers List: CA-S-20219,Prepared from unmatched active TTB permit queue; no public GeoJSON change.
ca-ttb-0163152b3777,"KEG KRAFT BEVERAGE CO., LP","KEG KRAFT BEVERAGE CO., LP",,"45 N MAIN ST BLDG 1 & 2, TEMPLETON, CA, 93465",TEMPLETON,CA,93465,CA-S-20602,1,needs_review,Pre-research single-permit candidate; requires operating-role verification.,unknown,,,TTB Spirits Producers and Bottlers List,https://www.ttb.gov/public-information/foia/list-of-permittees,2026-08-21,TTB Spirits Producers and Bottlers List: CA-S-20602,Prepared from unmatched active TTB permit queue; no public GeoJSON change.
ca-ttb-02765b99ed24,"FN Cellars, LLC","FN CELLARS, LLC","FN Cellars, LLC","1695 ST. HELENA HWY S, ST. HELENA, CA, 94574",ST. HELENA,CA,94574,CA-S-20408,1,needs_review,Pre-research single-permit candidate; requires operating-role verification.,unknown,,,TTB Spirits Producers and Bottlers List,https://www.ttb.gov/public-information/foia/list-of-permittees,2026-08-21,TTB Spirits Producers and Bottlers List: CA-S-20408,Prepared from unmatched active TTB permit queue; no public GeoJSON change.
ca-ttb-02af558b38b9,INSPIRADA BRANDS LLC,INSPIRADA BRANDS LLC,,"1220 J ST, SAN DIEGO, CA, 92101",SAN DIEGO,CA,92101,CA-S-20581,1,needs_review,Pre-research single-permit candidate; requires operating-role verification.,unknown,,,TTB Spirits Producers and Bottlers List,https://www.ttb.gov/public-information/foia/list-of-permittees,2026-08-21,TTB Spirits Producers and Bottlers List: CA-S-20581,Prepared from unmatched active TTB permit queue; no public GeoJSON change.
ca-ttb-02c61338ea2d,ORGANIC CRAFT BREWING,ORGANIC CRAFT BREWING,,"1430 VANTAGE COURT STE 104, VISTA, CA, 92081",VISTA,CA,92081,CA-S-20479,1,needs_review,Pre-research single-permit candidate; requires operating-role verification.,unknown,,,TTB Spirits Producers and Bottlers List,https://www.ttb.gov/public-information/foia/list-of-permittees,2026-08-21,TTB Spirits Producers and Bottlers List: CA-S-20479,Prepared from unmatched active TTB permit queue; no public GeoJSON change.
ca-ttb-03b3a5b19600,VILLA TOSCANO,"VILLA TOSCANO, INC.",VILLA TOSCANO,"10600 SHENANDOAH RD, PLYMOUTH, CA, 95669",PLYMOUTH,CA,95669,CA-S-15051,1,needs_review,Pre-research single-permit candidate; requires operating-role verification.,unknown,,,TTB Spirits Producers and Bottlers List,https://www.ttb.gov/public-information/foia/list-of-permittees,2026-08-21,TTB Spirits Producers and Bottlers List: CA-S-15051,Prepared from unmatched active TTB permit queue; no public GeoJSON change.
ca-ttb-03ec25f10225,"Corning & Company Distillers, LLC","CORNING & COMPANY DISTILLERS, LLC","Corning & Company Distillers, LLC","5535 STATE FARM DR, ROHNERT PARK, CA, 94928",ROHNERT PARK,CA,94928,CA-S-15098,1,needs_review,Pre-research single-permit candidate; requires operating-role verification.,unknown,,,TTB Spirits Producers and Bottlers List,https://www.ttb.gov/public-information/foia/list-of-permittees,2026-08-21,TTB Spirits Producers and Bottlers List: CA-S-15098,Prepared from unmatched active TTB permit queue; no public GeoJSON change.
ca-ttb-04d1dd2e0466,Prismatic Distilling Company,VINEYARD TO VINTAGE LLC,Prismatic Distilling Company,"10255 OLD PLACERVILLE RD STE 5, SACRAMENTO, CA, 95827",SACRAMENTO,CA,95827,CA-S-20494,1,needs_review,Pre-research single-permit candidate; requires operating-role verification.,unknown,,,TTB Spirits Producers and Bottlers List,https://www.ttb.gov/public-information/foia/list-of-permittees,2026-08-21,TTB Spirits Producers and Bottlers List: CA-S-20494,Prepared from unmatched active TTB permit queue; no public GeoJSON change.
ca-ttb-050461e160f2,PEKUT AND CARWICK INDEPENDENT BOTTLERS,PEKUT AND CARWICK LLC,PEKUT AND CARWICK INDEPENDENT BOTTLERS,"2390 FOURTH ST STE D, BERKELEY, CA, 94710",BERKELEY,CA,94710,CA-S-20306,1,needs_review,Pre-research single-permit candidate; requires operating-role verification.,unknown,,,TTB Spirits Producers and Bottlers List,https://www.ttb.gov/public-information/foia/list-of-permittees,2026-08-21,TTB Spirits Producers and Bottlers List: CA-S-20306,Prepared from unmatched active TTB permit queue; no public GeoJSON change.
ca-ttb-05c2eb387e7d,ROK Distillery,ROK DISTILLERY LLC,ROK Distillery,"260 SCOTTSVILLE BLVD, JACKSON, CA, 95642",JACKSON,CA,95642,CA-S-20134,1,needs_review,Pre-research single-permit candidate; requires operating-role verification.,unknown,,,TTB Spirits Producers and Bottlers List,https://www.ttb.gov/public-information/foia/list-of-permittees,2026-08-21,TTB Spirits Producers and Bottlers List: CA-S-20134,Prepared from unmatched active TTB permit queue; no public GeoJSON change.
ca-ttb-0603b81df61c,Blue-09,GOOD FISHING LLC,Blue-09,"1930 AIRDOME ENTRY, ATWATER, CA, 95340",ATWATER,CA,95340,CA-S-20190,1,needs_review,Pre-research single-permit candidate; requires operating-role verification.,unknown,,,TTB Spirits Producers and Bottlers List,https://www.ttb.gov/public-information/foia/list-of-permittees,2026-08-21,TTB Spirits Producers and Bottlers List: CA-S-20190,Prepared from unmatched active TTB permit queue; no public GeoJSON change.
ca-ttb-0745610c6169,"CALICRAFT, LLC","CALICRAFT, LLC",,"1052 HORIZON DR STE A, FAIRFIELD, CA, 94533",FAIRFIELD,CA,94533,CA-S-20517,1,needs_review,Pre-research single-permit candidate; requires operating-role verification.,unknown,,,TTB Spirits Producers and Bottlers List,https://www.ttb.gov/public-information/foia/list-of-permittees,2026-08-21,TTB Spirits Producers and Bottlers List: CA-S-20517,Prepared from unmatched active TTB permit queue; no public GeoJSON change.
ca-ttb-07f79a0505fe,TWG Woodbridge,THE WINE GROUP LLC,TWG Woodbridge,"5950 E WOODBRIDGE RD, ACAMPO, CA, 95220",ACAMPO,CA,95220,CA-S-20547,1,needs_review,Pre-research single-permit candidate; requires operating-role verification.,unknown,,,TTB Spirits Producers and Bottlers List,https://www.ttb.gov/public-information/foia/list-of-permittees,2026-08-21,TTB Spirits Producers and Bottlers List: CA-S-20547,Prepared from unmatched active TTB permit queue; no public GeoJSON change.
ca-ttb-080977987551,"Study Break Beverages, Lua Cocktails, BUJI Spirits, Reyes y Cobardes",JIVE BEVERAGES INC.,"Study Break Beverages, Lua Cocktails, BUJI Spirits, Reyes y Cobardes","14938 S FIGUEROA ST, GARDENA, CA, 90248",GARDENA,CA,90248,CA-S-20373,1,needs_review,Pre-research single-permit candidate; requires operating-role verification.,unknown,,,TTB Spirits Producers and Bottlers List,https://www.ttb.gov/public-information/foia/list-of-permittees,2026-08-21,TTB Spirits Producers and Bottlers List: CA-S-20373,Prepared from unmatched active TTB permit queue; no public GeoJSON change.
ca-ttb-08338a2c75a4,LOST SPIRITS,LOST SPIRITS DISTILLERY LLC,LOST SPIRITS,"1235 E 6TH ST, LOS ANGELES, CA, 90021",LOS ANGELES,CA,90021,CA-S-15126,1,needs_review,Pre-research single-permit candidate; requires operating-role verification.,unknown,,,TTB Spirits Producers and Bottlers List,https://www.ttb.gov/public-information/foia/list-of-permittees,2026-08-21,TTB Spirits Producers and Bottlers List: CA-S-15126,Prepared from unmatched active TTB permit queue; no public GeoJSON change.
ca-ttb-08b50b37cd0a,BALLETTO VINEYARDS,"LAGUNA OAKS VINEYARDS & WINERY, INC.",BALLETTO VINEYARDS,"5700 OCCIDENTAL RD, SANTA ROSA, CA, 95401",SANTA ROSA,CA,95401,CA-S-15076,1,needs_review,Pre-research single-permit candidate; requires operating-role verification.,unknown,,,TTB Spirits Producers and Bottlers List,https://www.ttb.gov/public-information/foia/list-of-permittees,2026-08-21,TTB Spirits Producers and Bottlers List: CA-S-15076,Prepared from unmatched active TTB permit queue; no public GeoJSON change.
ca-ttb-092e6a76368c,LERAXA WINERY,E. & J. GALLO WINERY,LERAXA WINERY,"18000 RIVER RD, LIVINGSTON, CA, 95334",LIVINGSTON,CA,95334,CA-S-212,1,needs_review,Pre-research single-permit candidate; requires operating-role verification.,unknown,,,TTB Spirits Producers and Bottlers List,https://www.ttb.gov/public-information/foia/list-of-permittees,2026-08-21,TTB Spirits Producers and Bottlers List: CA-S-212,Prepared from unmatched active TTB permit queue; no public GeoJSON change.
ca-ttb-093b2f467154,San Antonio Winery,"SAN ANTONIO WINERY, INC.",San Antonio Winery,"2017 WISTERIA LN, PASO ROBLES, CA, 93446",PASO ROBLES,CA,93446,CA-S-20518,1,needs_review,Pre-research single-permit candidate; requires operating-role verification.,unknown,,,TTB Spirits Producers and Bottlers List,https://www.ttb.gov/public-information/foia/list-of-permittees,2026-08-21,TTB Spirits Producers and Bottlers List: CA-S-20518,Prepared from unmatched active TTB permit queue; no public GeoJSON change.
ca-ttb-09467493a23c,E. & J. GALLO WINERY,E. & J. GALLO WINERY,,"5610 E OLIVE AVE, FRESNO, CA, 93727",FRESNO,CA,93727,CA-S-211,1,needs_review,Pre-research single-permit candidate; requires operating-role verification.,unknown,,,TTB Spirits Producers and Bottlers List,https://www.ttb.gov/public-information/foia/list-of-permittees,2026-08-21,TTB Spirits Producers and Bottlers List: CA-S-211,Prepared from unmatched active TTB permit queue; no public GeoJSON change.
ca-ttb-09f7c3a8a463,BNS Brewing and Distilling Co,SANTEE SALOON LLC,BNS Brewing and Distilling Co,"10960 WHEATLANDS AVE STE 102, SANTEE, CA, 92071",SANTEE,CA,92071,CA-S-20142,1,needs_review,Pre-research single-permit candidate; requires operating-role verification.,unknown,,,TTB Spirits Producers and Bottlers List,https://www.ttb.gov/public-information/foia/list-of-permittees,2026-08-21,TTB Spirits Producers and Bottlers List: CA-S-20142,Prepared from unmatched active TTB permit queue; no public GeoJSON change.
ca-ttb-0aa0332aad79,1848 Distillery,SAMUEL TERESI,1848 Distillery,"3073 NEWTOWN RD, PLACERVILLE, CA, 95667",PLACERVILLE,CA,95667,CA-S-20098,1,needs_review,Pre-research single-permit candidate; requires operating-role verification.,unknown,,,TTB Spirits Producers and Bottlers List,https://www.ttb.gov/public-information/foia/list-of-permittees,2026-08-21,TTB Spirits Producers and Bottlers List: CA-S-20098,Prepared from unmatched active TTB permit queue; no public GeoJSON change.
ca-ttb-0abbdf5fe342,ETUDE WINES,TREASURY WINE ESTATES AMERICAS COMPANY,ETUDE WINES,"1250 CUTTINGS WHARF RD, NAPA, CA, 94559",NAPA,CA,94559,CA-S-375,1,needs_review,Pre-research single-permit candidate; requires operating-role verification.,unknown,,,TTB Spirits Producers and Bottlers List,https://www.ttb.gov/public-information/foia/list-of-permittees,2026-08-21,TTB Spirits Producers and Bottlers List: CA-S-375,Prepared from unmatched active TTB permit queue; no public GeoJSON change.
ca-ttb-0abd429f0be8,P&W Spirits Co.,BRAWL LLC,P&W Spirits Co.,"369 3RD ST, OAKLAND, CA, 94607",OAKLAND,CA,94607,CA-S-20525,1,needs_review,Pre-research single-permit candidate; requires operating-role verification.,unknown,,,TTB Spirits Producers and Bottlers List,https://www.ttb.gov/public-information/foia/list-of-permittees,2026-08-21,TTB Spirits Producers and Bottlers List: CA-S-20525,Prepared from unmatched active TTB permit queue; no public GeoJSON change.
ca-ttb-0bbf0797f454,The Distillers Club,PUTNER LLC,The Distillers Club,"2400 KETTNER BLVD STE 110, SAN DIEGO, CA, 92101",SAN DIEGO,CA,92101,CA-S-20259,1,needs_review,Pre-research single-permit candidate; requires operating-role verification.,unknown,,,TTB Spirits Producers and Bottlers List,https://www.ttb.gov/public-information/foia/list-of-permittees,2026-08-21,TTB Spirits Producers and Bottlers List: CA-S-20259,Prepared from unmatched active TTB permit queue; no public GeoJSON change.
ca-ttb-0bcd5b5ff2aa,Burning Beard,PROMETHEAN BREWING CO. LLC,Burning Beard,"1835 N MARSHALL AVE, EL CAJON, CA, 92020",EL CAJON,CA,92020,CA-S-20589,1,needs_review,Pre-research single-permit candidate; requires operating-role verification.,unknown,,,TTB Spirits Producers and Bottlers List,https://www.ttb.gov/public-information/foia/list-of-permittees,2026-08-21,TTB Spirits Producers and Bottlers List: CA-S-20589,Prepared from unmatched active TTB permit queue; no public GeoJSON change.
ca-ttb-0cfd79f9674c,DRIFT DISTILLERY,"DRIFT BRANDS, LLC",DRIFT DISTILLERY,"940 CALLE AMANECER STE K, SAN CLEMENTE, CA, 92673",SAN CLEMENTE,CA,92673,CA-S-20154,1,needs_review,Pre-research single-permit candidate; requires operating-role verification.,unknown,,,TTB Spirits Producers and Bottlers List,https://www.ttb.gov/public-information/foia/list-of-permittees,2026-08-21,TTB Spirits Producers and Bottlers List: CA-S-20154,Prepared from unmatched active TTB permit queue; no public GeoJSON change.
ca-ttb-0d104805dcdf,WHISKEY KINGS LLC,WHISKEY KINGS LLC,,"3195 MCMILLIAN DR STE C, SAN LUIS OBISPO, CA, 93401",SAN LUIS OBISPO,CA,93401,CA-S-20166,1,needs_review,Pre-research single-permit candidate; requires operating-role verification.,unknown,,,TTB Spirits Producers and Bottlers List,https://www.ttb.gov/public-information/foia/list-of-permittees,2026-08-21,TTB Spirits Producers and Bottlers List: CA-S-20166,Prepared from unmatched active TTB permit queue; no public GeoJSON change.
ca-ttb-0d24897eb5a0,Berghold Vineyards,"BERGHOLD WINE SALES, INC",Berghold Vineyards,"17343 N CHERRY RD, LODI, CA, 95240",LODI,CA,95240,CA-S-20378,1,needs_review,Pre-research single-permit candidate; requires operating-role verification.,unknown,,,TTB Spirits Producers and Bottlers List,https://www.ttb.gov/public-information/foia/list-of-permittees,2026-08-21,TTB Spirits Producers and Bottlers List: CA-S-20378,Prepared from unmatched active TTB permit queue; no public GeoJSON change.
ca-ttb-0df3b39e8651,SUN-MAID GROWERS OF CALIFORNIA,SUN-MAID GROWERS OF CALIFORNIA,,"9818 S JACOBS AVE, ORANGE COVE, CA, 93646",ORANGE COVE,CA,93646,CA-S-230,1,needs_review,Pre-research single-permit candidate; requires operating-role verification.,unknown,,,TTB Spirits Producers and Bottlers List,https://www.ttb.gov/public-information/foia/list-of-permittees,2026-08-21,TTB Spirits Producers and Bottlers List: CA-S-230,Prepared from unmatched active TTB permit queue; no public GeoJSON change.
ca-ttb-0e2abde8a5c0,Validation Ale,VALIDATION ALE LLC,Validation Ale,"102 E YANONALI ST, SANTA BARBARA, CA, 93101",SANTA BARBARA,CA,93101,CA-S-20499,1,needs_review,Pre-research single-permit candidate; requires operating-role verification.,unknown,,,TTB Spirits Producers and Bottlers List,https://www.ttb.gov/public-information/foia/list-of-permittees,2026-08-21,TTB Spirits Producers and Bottlers List: CA-S-20499,Prepared from unmatched active TTB permit queue; no public GeoJSON change.
ca-ttb-0e2d081df7b4,Francis Coppola Winery,"DELICATO VINEYARDS, LLC",Francis Coppola Winery,"300 VIA ARCHIMEDES, GEYSERVILLE, CA, 95441",GEYSERVILLE,CA,95441,CA-S-20397,1,needs_review,Pre-research single-permit candidate; requires operating-role verification.,unknown,,,TTB Spirits Producers and Bottlers List,https://www.ttb.gov/public-information/foia/list-of-permittees,2026-08-21,TTB Spirits Producers and Bottlers List: CA-S-20397,Prepared from unmatched active TTB permit queue; no public GeoJSON change.
ca-ttb-0ef3b716c12c,HENEBERY SPIRITS INC.,HENEBERY SPIRITS INC.,,"2870 SCOTT ST STE 104 - 106, VISTA, CA, 92081",VISTA,CA,92081,CA-S-20130,1,needs_review,Pre-research single-permit candidate; requires operating-role verification.,unknown,,,TTB Spirits Producers and Bottlers List,https://www.ttb.gov/public-information/foia/list-of-permittees,2026-08-21,TTB Spirits Producers and Bottlers List: CA-S-20130,Prepared from unmatched active TTB permit queue; no public GeoJSON change.
ca-ttb-107986e1ebb2,FLOWER CITY BALLROOM LLC,FLOWER CITY BALLROOM LLC,,"110 W OCEAN AVE, LOMPOC, CA, 93436",LOMPOC,CA,93436,CA-S-20483,1,needs_review,Pre-research single-permit candidate; requires operating-role verification.,unknown,,,TTB Spirits Producers and Bottlers List,https://www.ttb.gov/public-information/foia/list-of-permittees,2026-08-21,TTB Spirits Producers and Bottlers List: CA-S-20483,Prepared from unmatched active TTB permit queue; no public GeoJSON change.
ca-ttb-1164141bbb72,Back Door Brands,"BACK DOOR BRANDS, LLC",Back Door Brands,"10 S HIGUERA ST BLDG B, SAN LUIS OBISPO, CA, 93401",SAN LUIS OBISPO,CA,93401,CA-S-20472,1,needs_review,Pre-research single-permit candidate; requires operating-role verification.,unknown,,,TTB Spirits Producers and Bottlers List,https://www.ttb.gov/public-information/foia/list-of-permittees,2026-08-21,TTB Spirits Producers and Bottlers List: CA-S-20472,Prepared from unmatched active TTB permit queue; no public GeoJSON change.
ca-ttb-119df55450d3,SDCA DISTILLING LLC,SDCA DISTILLING LLC,,"8706 PRODUCTION AVE, SAN DIEGO, CA, 92121",SAN DIEGO,CA,92121,CA-S-20029,1,needs_review,Pre-research single-permit candidate; requires operating-role verification.,unknown,,,TTB Spirits Producers and Bottlers List,https://www.ttb.gov/public-information/foia/list-of-permittees,2026-08-21,TTB Spirits Producers and Bottlers List: CA-S-20029,Prepared from unmatched active TTB permit queue; no public GeoJSON change.
ca-ttb-11e5503f8747,BRASSFIELD ESTATE WINERY,"BRASSFIELD ESTATE WINERY, LLC",BRASSFIELD ESTATE WINERY,"10915 HIGH VALLEY RD, CLEARLAKE OAKS, CA, 95423",CLEARLAKE OAKS,CA,95423,CA-S-15060,1,needs_review,Pre-research single-permit candidate; requires operating-role verification.,unknown,,,TTB Spirits Producers and Bottlers List,https://www.ttb.gov/public-information/foia/list-of-permittees,2026-08-21,TTB Spirits Producers and Bottlers List: CA-S-15060,Prepared from unmatched active TTB permit queue; no public GeoJSON change.
ca-ttb-153b128efd85,San Antonio Winery,"SAN ANTONIO WINERY, INC.",San Antonio Winery,"737 LAMAR ST, LOS ANGELES, CA, 90031",LOS ANGELES,CA,90031,CA-S-20511,1,needs_review,Pre-research single-permit candidate; requires operating-role verification.,unknown,,,TTB Spirits Producers and Bottlers List,https://www.ttb.gov/public-information/foia/list-of-permittees,2026-08-21,TTB Spirits Producers and Bottlers List: CA-S-20511,Prepared from unmatched active TTB permit queue; no public GeoJSON change.
ca-ttb-1748becc1371,"ALAMBIC, INC.","ALAMBIC, INC.",,"1110 BEL ARBRES DR STE D, REDWOOD VALLEY, CA, 95470",REDWOOD VALLEY,CA,95470,CA-S-353,1,needs_review,Pre-research single-permit candidate; requires operating-role verification.,unknown,,,TTB Spirits Producers and Bottlers List,https://www.ttb.gov/public-information/foia/list-of-permittees,2026-08-21,TTB Spirits Producers and Bottlers List: CA-S-353,Prepared from unmatched active TTB permit queue; no public GeoJSON change.
ca-ttb-1841f0ca6fd4,THE 21ST AMENDMENT BREWERY CAFE,"THE 21ST AMENDMENT BREWERY CAFE, LLC",THE 21ST AMENDMENT BREWERY CAFE,"2010 WILLIAMS ST STE A, SAN LEANDRO, CA, 94577",SAN LEANDRO,CA,94577,CA-S-20445,1,needs_review,Pre-research single-permit candidate; requires operating-role verification.,unknown,,,TTB Spirits Producers and Bottlers List,https://www.ttb.gov/public-information/foia/list-of-permittees,2026-08-21,TTB Spirits Producers and Bottlers List: CA-S-20445,Prepared from unmatched active TTB permit queue; no public GeoJSON change.
ca-ttb-1941089cb2ca,THE HESS COLLECTION WINERY,THE HESS COLLECTION WINERY,,"4411 REDWOOD RD, NAPA, CA, 94558",NAPA,CA,94558,CA-S-350,1,needs_review,Pre-research single-permit candidate; requires operating-role verification.,unknown,,,TTB Spirits Producers and Bottlers List,https://www.ttb.gov/public-information/foia/list-of-permittees,2026-08-21,TTB Spirits Producers and Bottlers List: CA-S-350,Prepared from unmatched active TTB permit queue; no public GeoJSON change.
ca-ttb-1a34e8c6aeb2,ReBru Spirits,THORN SPIRITS LLC,ReBru Spirits,"1735 NATIONAL AVE STE A, SAN DIEGO, CA, 92113",SAN DIEGO,CA,92113,CA-S-20240,1,needs_review,Pre-research single-permit candidate; requires operating-role verification.,unknown,,,TTB Spirits Producers and Bottlers List,https://www.ttb.gov/public-information/foia/list-of-permittees,2026-08-21,TTB Spirits Producers and Bottlers List: CA-S-20240,Prepared from unmatched active TTB permit queue; no public GeoJSON change.
ca-ttb-1a9dfb2a6297,TREASURY WINE ESTATES AMERICAS COMPANY,TREASURY WINE ESTATES AMERICAS COMPANY,,"7000 HIGHWAY 46 EAST, PASO ROBLES, CA, 93446",PASO ROBLES,CA,93446,CA-S-20050,1,needs_review,Pre-research single-permit candidate; requires operating-role verification.,unknown,,,TTB Spirits Producers and Bottlers List,https://www.ttb.gov/public-information/foia/list-of-permittees,2026-08-21,TTB Spirits Producers and Bottlers List: CA-S-20050,Prepared from unmatched active TTB permit queue; no public GeoJSON change.
ca-ttb-1b43786dd437,"THE JOSEPH COMPANY INTERNATIONAL, INC.","THE JOSEPH COMPANY INTERNATIONAL, INC.",,"1711 LANGLEY AVE, IRVINE, CA, 92614",IRVINE,CA,92614,CA-S-20233,1,needs_review,Pre-research single-permit candidate; requires operating-role verification.,unknown,,,TTB Spirits Producers and Bottlers List,https://www.ttb.gov/public-information/foia/list-of-permittees,2026-08-21,TTB Spirits Producers and Bottlers List: CA-S-20233,Prepared from unmatched active TTB permit queue; no public GeoJSON change.
ca-ttb-1b4d1748522c,Levaus Hye Brandy Distillery,AUSLEV LLC,Levaus Hye Brandy Distillery,"1093 COLE AVE, CLOVIS, CA, 93612",CLOVIS,CA,93612,CA-S-20330,1,needs_review,Pre-research single-permit candidate; requires operating-role verification.,unknown,,,TTB Spirits Producers and Bottlers List,https://www.ttb.gov/public-information/foia/list-of-permittees,2026-08-21,TTB Spirits Producers and Bottlers List: CA-S-20330,Prepared from unmatched active TTB permit queue; no public GeoJSON change.
ca-ttb-1babe5211902,UNDERGROUND DISTILLING COMPANY,"UNDERGROUND BREWING COMPANY, LLC",UNDERGROUND DISTILLING COMPANY,"1040 BROAD ST, SAN LUIS OBISPO, CA, 93401",SAN LUIS OBISPO,CA,93401,CA-S-20193,1,needs_review,Pre-research single-permit candidate; requires operating-role verification.,unknown,,,TTB Spirits Producers and Bottlers List,https://www.ttb.gov/public-information/foia/list-of-permittees,2026-08-21,TTB Spirits Producers and Bottlers List: CA-S-20193,Prepared from unmatched active TTB permit queue; no public GeoJSON change.
ca-ttb-1cab901f9e9b,ABSENTEE WINERY LLC,ABSENTEE WINERY LLC,,"31720 HWY 20, FORT BRAGG, CA, 95437",FORT BRAGG,CA,95437,CA-S-20400,1,needs_review,Pre-research single-permit candidate; requires operating-role verification.,unknown,,,TTB Spirits Producers and Bottlers List,https://www.ttb.gov/public-information/foia/list-of-permittees,2026-08-21,TTB Spirits Producers and Bottlers List: CA-S-20400,Prepared from unmatched active TTB permit queue; no public GeoJSON change.
ca-ttb-1cabf4dd5aa2,San Francisco Distilling Company,"SAN FRANCISCO DISTILLING COMPANY, LLC",San Francisco Distilling Company,"6150 CAMERON RD, ELK, CA, 95432",ELK,CA,95432,CA-S-20161,1,needs_review,Pre-research single-permit candidate; requires operating-role verification.,unknown,,,TTB Spirits Producers and Bottlers List,https://www.ttb.gov/public-information/foia/list-of-permittees,2026-08-21,TTB Spirits Producers and Bottlers List: CA-S-20161,Prepared from unmatched active TTB permit queue; no public GeoJSON change.
ca-ttb-1d143333e455,Midtown Spirits,MIDTOWN SPIRITS LLC,Midtown Spirits,"1717 19TH ST STE B, SACRAMENTO, CA, 95811",SACRAMENTO,CA,95811,CA-S-20287,1,needs_review,Pre-research single-permit candidate; requires operating-role verification.,unknown,,,TTB Spirits Producers and Bottlers List,https://www.ttb.gov/public-information/foia/list-of-permittees,2026-08-21,TTB Spirits Producers and Bottlers List: CA-S-20287,Prepared from unmatched active TTB permit queue; no public GeoJSON change.
ca-ttb-1d790fefadb0,FIOR DI SOLE,DA VE WINERY INC.,FIOR DI SOLE,"2515 NAPA VALLEY CORPORATE DR, NAPA, CA, 94558",NAPA,CA,94558,CA-S-15102,1,needs_review,Pre-research single-permit candidate; requires operating-role verification.,unknown,,,TTB Spirits Producers and Bottlers List,https://www.ttb.gov/public-information/foia/list-of-permittees,2026-08-21,TTB Spirits Producers and Bottlers List: CA-S-15102,Prepared from unmatched active TTB permit queue; no public GeoJSON change.
ca-ttb-1de865325aff,ST. SUPERY VINEYARDS & WINERY,"ST. SUPERY, INC.",ST. SUPERY VINEYARDS & WINERY,"8440 ST HELENA HWY, RUTHERFORD, CA, 94573",RUTHERFORD,CA,94573,CA-S-15019,1,needs_review,Pre-research single-permit candidate; requires operating-role verification.,unknown,,,TTB Spirits Producers and Bottlers List,https://www.ttb.gov/public-information/foia/list-of-permittees,2026-08-21,TTB Spirits Producers and Bottlers List: CA-S-15019,Prepared from unmatched active TTB permit queue; no public GeoJSON change.
ca-ttb-1e1b0b4f3a9d,Southern Pacific,SOUTHERN PACIFIC BREWING LLC,Southern Pacific,"620 TREAT AVE, SAN FRANCISCO, CA, 94110",SAN FRANCISCO,CA,94110,CA-S-20443,1,needs_review,Pre-research single-permit candidate; requires operating-role verification.,unknown,,,TTB Spirits Producers and Bottlers List,https://www.ttb.gov/public-information/foia/list-of-permittees,2026-08-21,TTB Spirits Producers and Bottlers List: CA-S-20443,Prepared from unmatched active TTB permit queue; no public GeoJSON change.
ca-ttb-1eded15ec564,Burning Barrel Brewing and Spirits,BURNING BARREL BREWING COMPANY LLC,Burning Barrel Brewing and Spirits,"640 MAIN ST, PLACERVILLE, CA, 95667",PLACERVILLE,CA,95667,CA-S-20487,1,needs_review,Pre-research single-permit candidate; requires operating-role verification.,unknown,,,TTB Spirits Producers and Bottlers List,https://www.ttb.gov/public-information/foia/list-of-permittees,2026-08-21,TTB Spirits Producers and Bottlers List: CA-S-20487,Prepared from unmatched active TTB permit queue; no public GeoJSON change.
ca-ttb-1f3c33e52b87,STANDING JOURNEY LLC,STANDING JOURNEY LLC,,"1429 TUBBS LN, CALISTOGA, CA, 94515",CALISTOGA,CA,94515,CA-S-20199,1,needs_review,Pre-research single-permit candidate; requires operating-role verification.,unknown,,,TTB Spirits Producers and Bottlers List,https://www.ttb.gov/public-information/foia/list-of-permittees,2026-08-21,TTB Spirits Producers and Bottlers List: CA-S-20199,Prepared from unmatched active TTB permit queue; no public GeoJSON change.
ca-ttb-1fa478268a4d,Condesa,CONDESA LLC,Condesa,"1491 MONTEREY ST, SAN LUIS OBISPO, CA, 93401",SAN LUIS OBISPO,CA,93401,CA-S-20535,1,needs_review,Pre-research single-permit candidate; requires operating-role verification.,unknown,,,TTB Spirits Producers and Bottlers List,https://www.ttb.gov/public-information/foia/list-of-permittees,2026-08-21,TTB Spirits Producers and Bottlers List: CA-S-20535,Prepared from unmatched active TTB permit queue; no public GeoJSON change.
ca-ttb-214e3354b9d7,Burning Barrel Brewing and Spirits,BURNING BARREL BREWING COMPANY LLC,Burning Barrel Brewing and Spirits,"2933 GOLD PAN CT STE D, RANCHO CORDOVA, CA, 95670",RANCHO CORDOVA,CA,95670,CA-S-20456,1,needs_review,Pre-research single-permit candidate; requires operating-role verification.,unknown,,,TTB Spirits Producers and Bottlers List,https://www.ttb.gov/public-information/foia/list-of-permittees,2026-08-21,TTB Spirits Producers and Bottlers List: CA-S-20456,Prepared from unmatched active TTB permit queue; no public GeoJSON change.
ca-ttb-21629d5f42df,VJB LLC,VJB LLC,,"11600 DUNBAR RD, GLEN ELLEN, CA, 95442",GLEN ELLEN,CA,95442,CA-S-20586,1,needs_review,Pre-research single-permit candidate; requires operating-role verification.,unknown,,,TTB Spirits Producers and Bottlers List,https://www.ttb.gov/public-information/foia/list-of-permittees,2026-08-21,TTB Spirits Producers and Bottlers List: CA-S-20586,Prepared from unmatched active TTB permit queue; no public GeoJSON change.
ca-ttb-237214d74a08,Calicraft,"CALICRAFT, LLC",Calicraft,"845 RUSSELL BLVD STE 110, DAVIS, CA, 95616",DAVIS,CA,95616,CA-S-20554,1,needs_review,Pre-research single-permit candidate; requires operating-role verification.,unknown,,,TTB Spirits Producers and Bottlers List,https://www.ttb.gov/public-information/foia/list-of-permittees,2026-08-21,TTB Spirits Producers and Bottlers List: CA-S-20554,Prepared from unmatched active TTB permit queue; no public GeoJSON change.
ca-ttb-2375f5a99071,"CHARRON FAVREAU, S.P.C.","CHARRON FAVREAU, S.P.C.",,"411 E MONTECITO ST STE 2, SANTA BARBARA, CA, 93101",SANTA BARBARA,CA,93101,CA-S-20399,1,needs_review,Pre-research single-permit candidate; requires operating-role verification.,unknown,,,TTB Spirits Producers and Bottlers List,https://www.ttb.gov/public-information/foia/list-of-permittees,2026-08-21,TTB Spirits Producers and Bottlers List: CA-S-20399,Prepared from unmatched active TTB permit queue; no public GeoJSON change.
ca-ttb-23d1a699f339,"SPOTTSWOODE WINERY, INC.","SPOTTSWOODE WINERY, INC.",,"1902 MADRONA AVE, SAINT HELENA, CA, 94574",SAINT HELENA,CA,94574,CA-S-15022,1,needs_review,Pre-research single-permit candidate; requires operating-role verification.,unknown,,,TTB Spirits Producers and Bottlers List,https://www.ttb.gov/public-information/foia/list-of-permittees,2026-08-21,TTB Spirits Producers and Bottlers List: CA-S-15022,Prepared from unmatched active TTB permit queue; no public GeoJSON change.
ca-ttb-2424afcb0e7d,Four Sons Brewing,"DFAMLE ENTERPRISES, L.P.",Four Sons Brewing,"18421 GOTHARD ST STE 400, HUNTINGTON BEACH, CA, 92648",HUNTINGTON BEACH,CA,92648,CA-S-20250,1,needs_review,Pre-research single-permit candidate; requires operating-role verification.,unknown,,,TTB Spirits Producers and Bottlers List,https://www.ttb.gov/public-information/foia/list-of-permittees,2026-08-21,TTB Spirits Producers and Bottlers List: CA-S-20250,Prepared from unmatched active TTB permit queue; no public GeoJSON change.
ca-ttb-2453bd34e873,"TRINITY ALPS GOLF AND COUNTRY CLUB, LLC","TRINITY ALPS GOLF AND COUNTRY CLUB, LLC",,"130 GOLF COURSE DR, WEAVERVILLE, CA, 96093",WEAVERVILLE,CA,96093,CA-S-20165,1,needs_review,Pre-research single-permit candidate; requires operating-role verification.,unknown,,,TTB Spirits Producers and Bottlers List,https://www.ttb.gov/public-information/foia/list-of-permittees,2026-08-21,TTB Spirits Producers and Bottlers List: CA-S-20165,Prepared from unmatched active TTB permit queue; no public GeoJSON change.
ca-ttb-24b1a5a09e59,"Aemetis Advanced Fuels Keyes, Inc.","AEMETIS ADVANCED FUELS KEYES, INC.","Aemetis Advanced Fuels Keyes, Inc.","4209 JESSUP RD, KEYES, CA, 95328",KEYES,CA,95328,CA-S-20307,1,needs_review,Pre-research single-permit candidate; requires operating-role verification.,unknown,,,TTB Spirits Producers and Bottlers List,https://www.ttb.gov/public-information/foia/list-of-permittees,2026-08-21,TTB Spirits Producers and Bottlers List: CA-S-20307,Prepared from unmatched active TTB permit queue; no public GeoJSON change.
ca-ttb-250919624b36,Town's End Stillhouse,IT'S A HITT CORP.,Town's End Stillhouse,"22020 HIGHWAY 18, APPLE VALLEY, CA, 92307",APPLE VALLEY,CA,92307,CA-S-20263,1,needs_review,Pre-research single-permit candidate; requires operating-role verification.,unknown,,,TTB Spirits Producers and Bottlers List,https://www.ttb.gov/public-information/foia/list-of-permittees,2026-08-21,TTB Spirits Producers and Bottlers List: CA-S-20263,Prepared from unmatched active TTB permit queue; no public GeoJSON change.
ca-ttb-253b15ada156,CIOPINOT LLC,CIOPINOT LLC,,"1049 & 1051 NIPOMO ST, SAN LUIS OBISPO, CA, 93401",SAN LUIS OBISPO,CA,93401,CA-S-20416,1,needs_review,Pre-research single-permit candidate; requires operating-role verification.,unknown,,,TTB Spirits Producers and Bottlers List,https://www.ttb.gov/public-information/foia/list-of-permittees,2026-08-21,TTB Spirits Producers and Bottlers List: CA-S-20416,Prepared from unmatched active TTB permit queue; no public GeoJSON change.
ca-ttb-26e858721ea5,FERRARI-CARANO VINEYARDS & WINERY,"FOLEY FAMILY WINES, INC.",FERRARI-CARANO VINEYARDS & WINERY,"8761 DRY CREEK RD, HEALDSBURG, CA, 95448",HEALDSBURG,CA,95448,CA-S-20335,1,needs_review,Pre-research single-permit candidate; requires operating-role verification.,unknown,,,TTB Spirits Producers and Bottlers List,https://www.ttb.gov/public-information/foia/list-of-permittees,2026-08-21,TTB Spirits Producers and Bottlers List: CA-S-20335,Prepared from unmatched active TTB permit queue; no public GeoJSON change.
ca-ttb-280c62132f0b,SEBASTIANI VINEYARDS,"FOLEY FAMILY WINES, INC.",SEBASTIANI VINEYARDS,"389 E FOURTH ST, SONOMA, CA, 95476",SONOMA,CA,95476,CA-S-20347,1,needs_review,Pre-research single-permit candidate; requires operating-role verification.,unknown,,,TTB Spirits Producers and Bottlers List,https://www.ttb.gov/public-information/foia/list-of-permittees,2026-08-21,TTB Spirits Producers and Bottlers List: CA-S-20347,Prepared from unmatched active TTB permit queue; no public GeoJSON change.
ca-ttb-28390c51d884,Aphotic,JACKSON SQUARE HOSPITALITY LLC,Aphotic,"816 FOLSOM ST STE 2, SAN FRANCISCO, CA, 94107",SAN FRANCISCO,CA,94107,CA-S-20451,1,needs_review,Pre-research single-permit candidate; requires operating-role verification.,unknown,,,TTB Spirits Producers and Bottlers List,https://www.ttb.gov/public-information/foia/list-of-permittees,2026-08-21,TTB Spirits Producers and Bottlers List: CA-S-20451,Prepared from unmatched active TTB permit queue; no public GeoJSON change.
ca-ttb-287ec94fcf5c,Lone Wolf Brewing Co.,"LONE WOLF BREWING CO., LLC",Lone Wolf Brewing Co.,"18210 YORBA LINDA BLVD STE 404, YORBA LINDA, CA, 92886",YORBA LINDA,CA,92886,CA-S-20498,1,needs_review,Pre-research single-permit candidate; requires operating-role verification.,unknown,,,TTB Spirits Producers and Bottlers List,https://www.ttb.gov/public-information/foia/list-of-permittees,2026-08-21,TTB Spirits Producers and Bottlers List: CA-S-20498,Prepared from unmatched active TTB permit queue; no public GeoJSON change.
ca-ttb-288fd60de564,Capital Liquors Project,GREG MILLER,Capital Liquors Project,"34255 CORCORAN HILL LN, DAVIS, CA, 95616",DAVIS,CA,95616,CA-S-20089,1,needs_review,Pre-research single-permit candidate; requires operating-role verification.,unknown,,,TTB Spirits Producers and Bottlers List,https://www.ttb.gov/public-information/foia/list-of-permittees,2026-08-21,TTB Spirits Producers and Bottlers List: CA-S-20089,Prepared from unmatched active TTB permit queue; no public GeoJSON change.
ca-ttb-28c69971c027,"Hanson Spirits, LLC","HANSON SPIRITS, LLC","Hanson Spirits, LLC","22020 CARNEROS VINEYARD WAY STE 4, SONOMA, CA, 95476",SONOMA,CA,95476,CA-S-20023,1,needs_review,Pre-research single-permit candidate; requires operating-role verification.,unknown,,,TTB Spirits Producers and Bottlers List,https://www.ttb.gov/public-information/foia/list-of-permittees,2026-08-21,TTB Spirits Producers and Bottlers List: CA-S-20023,Prepared from unmatched active TTB permit queue; no public GeoJSON change.
ca-ttb-2910d635a100,"BevZero Services,  Inc.","BEVZERO SERVICES, INC.","BevZero Services,  Inc.","1450 AIRPORT BLVD STE 180, SANTA ROSA, CA, 95403",SANTA ROSA,CA,95403,CA-S-20203,1,needs_review,Pre-research single-permit candidate; requires operating-role verification.,unknown,,,TTB Spirits Producers and Bottlers List,https://www.ttb.gov/public-information/foia/list-of-permittees,2026-08-21,TTB Spirits Producers and Bottlers List: CA-S-20203,Prepared from unmatched active TTB permit queue; no public GeoJSON change.
ca-ttb-2920912ad91b,BUZZBOX PREMIUM COCKTAILS INC.,BUZZBOX PREMIUM COCKTAILS INC.,,"42625 JACKSON ST STE 111, INDIO, CA, 92203",INDIO,CA,92203,CA-S-20305,1,needs_review,Pre-research single-permit candidate; requires operating-role verification.,unknown,,,TTB Spirits Producers and Bottlers List,https://www.ttb.gov/public-information/foia/list-of-permittees,2026-08-21,TTB Spirits Producers and Bottlers List: CA-S-20305,Prepared from unmatched active TTB permit queue; no public GeoJSON change.
ca-ttb-2939aa4e66c5,The Carlton Hotel,TRILOGY HOSPITALITY,The Carlton Hotel,"6005 EL CAMINO REAL, ATASCADERO, CA, 93422",ATASCADERO,CA,93422,CA-S-20553,1,needs_review,Pre-research single-permit candidate; requires operating-role verification.,unknown,,,TTB Spirits Producers and Bottlers List,https://www.ttb.gov/public-information/foia/list-of-permittees,2026-08-21,TTB Spirits Producers and Bottlers List: CA-S-20553,Prepared from unmatched active TTB permit queue; no public GeoJSON change.
ca-ttb-29da17e0e1f6,E. & J. GALLO WINERY,E. & J. GALLO WINERY,,"2425 MISSION ST, SAN MIGUEL, CA, 93451",SAN MIGUEL,CA,93451,CA-S-20168,1,needs_review,Pre-research single-permit candidate; requires operating-role verification.,unknown,,,TTB Spirits Producers and Bottlers List,https://www.ttb.gov/public-information/foia/list-of-permittees,2026-08-21,TTB Spirits Producers and Bottlers List: CA-S-20168,Prepared from unmatched active TTB permit queue; no public GeoJSON change.
ca-ttb-2ae12bf93399,Solamente,SOLAMENTE LLC,Solamente,"3775 ADELAIDA ROAD, PASO ROBLES, CA, 93446",PASO ROBLES,CA,93446,CA-S-20564,1,needs_review,Pre-research single-permit candidate; requires operating-role verification.,unknown,,,TTB Spirits Producers and Bottlers List,https://www.ttb.gov/public-information/foia/list-of-permittees,2026-08-21,TTB Spirits Producers and Bottlers List: CA-S-20564,Prepared from unmatched active TTB permit queue; no public GeoJSON change.
ca-ttb-2c0aed51ddd5,Los Californios Spirits,LOS CALIFORNIOS LLC,Los Californios Spirits,"1935 ORANGE AVE UNIT B, COUNTY OF SAN DIEGO, CA, 92065",COUNTY OF SAN DIEGO,CA,92065,CA-S-20194,1,needs_review,Pre-research single-permit candidate; requires operating-role verification.,unknown,,,TTB Spirits Producers and Bottlers List,https://www.ttb.gov/public-information/foia/list-of-permittees,2026-08-21,TTB Spirits Producers and Bottlers List: CA-S-20194,Prepared from unmatched active TTB permit queue; no public GeoJSON change.
ca-ttb-2cc41c862ab5,"PERFECT SOUL WHISKEY, LLC","PERFECT SOUL WHISKEY, LLC",,"215 S PACIFIC ST STE 104, SAN MARCOS, CA, 92078",SAN MARCOS,CA,92078,CA-S-20107,1,needs_review,Pre-research single-permit candidate; requires operating-role verification.,unknown,,,TTB Spirits Producers and Bottlers List,https://www.ttb.gov/public-information/foia/list-of-permittees,2026-08-21,TTB Spirits Producers and Bottlers List: CA-S-20107,Prepared from unmatched active TTB permit queue; no public GeoJSON change.
ca-ttb-2d069871da2c,BRONCO WINE COMPANY,BRONCO WINE COMPANY,BRONCO WINE COMPANY,"6342 BYSTRUM RD, CERES, CA, 95307",CERES,CA,95307,CA-S-290,1,needs_review,Pre-research single-permit candidate; requires operating-role verification.,unknown,,,TTB Spirits Producers and Bottlers List,https://www.ttb.gov/public-information/foia/list-of-permittees,2026-08-21,TTB Spirits Producers and Bottlers List: CA-S-290,Prepared from unmatched active TTB permit queue; no public GeoJSON change.
ca-ttb-2d0e4c436297,"SAFE HARBOR PARTNERS, LLC","SAFE HARBOR PARTNERS, LLC",,"707 TECHNOLOGY WAY, NAPA, CA, 94558",NAPA,CA,94558,CA-S-20057,1,needs_review,Pre-research single-permit candidate; requires operating-role verification.,unknown,,,TTB Spirits Producers and Bottlers List,https://www.ttb.gov/public-information/foia/list-of-permittees,2026-08-21,TTB Spirits Producers and Bottlers List: CA-S-20057,Prepared from unmatched active TTB permit queue; no public GeoJSON change.
ca-ttb-2d6cf341effc,San Diego Sunshine Craft Spirits Co,SAN DIEGO SUNSHINE LLC,San Diego Sunshine Craft Spirits Co,"432 MAPLE ST STE 6, RAMONA, CA, 92065",RAMONA,CA,92065,CA-S-20571,1,needs_review,Pre-research single-permit candidate; requires operating-role verification.,unknown,,,TTB Spirits Producers and Bottlers List,https://www.ttb.gov/public-information/foia/list-of-permittees,2026-08-21,TTB Spirits Producers and Bottlers List: CA-S-20571,Prepared from unmatched active TTB permit queue; no public GeoJSON change.
ca-ttb-2e5baa643763,"VELLA GROUP, INC.","VELLA GROUP, INC.",,"1081 HIGHLAND WAY STE E, GROVER BEACH, CA, 93433",GROVER BEACH,CA,93433,CA-S-20357,1,needs_review,Pre-research single-permit candidate; requires operating-role verification.,unknown,,,TTB Spirits Producers and Bottlers List,https://www.ttb.gov/public-information/foia/list-of-permittees,2026-08-21,TTB Spirits Producers and Bottlers List: CA-S-20357,Prepared from unmatched active TTB permit queue; no public GeoJSON change.
ca-ttb-2f9838cf1aca,"FERMENTED SCIENCES II, INC.","FERMENTED SCIENCES II, INC.",,"3200 GOLF COURSE DR, VENTURA, CA, 93003",VENTURA,CA,93003,CA-S-20359,1,needs_review,Pre-research single-permit candidate; requires operating-role verification.,unknown,,,TTB Spirits Producers and Bottlers List,https://www.ttb.gov/public-information/foia/list-of-permittees,2026-08-21,TTB Spirits Producers and Bottlers List: CA-S-20359,Prepared from unmatched active TTB permit queue; no public GeoJSON change.
ca-ttb-2fc12605a351,"APPLE CART CIDER, LLC","APPLE CART CIDER, LLC",,"2870 DUKE CT, SANTA ROSA, CA, 95407",SANTA ROSA,CA,95407,CA-S-20519,1,needs_review,Pre-research single-permit candidate; requires operating-role verification.,unknown,,,TTB Spirits Producers and Bottlers List,https://www.ttb.gov/public-information/foia/list-of-permittees,2026-08-21,TTB Spirits Producers and Bottlers List: CA-S-20519,Prepared from unmatched active TTB permit queue; no public GeoJSON change.
ca-ttb-304e8ddfb06a,"ALAMBIC, INC.","ALAMBIC, INC.",,"3001 S STATE ST STE 35, UKIAH, CA, 95482",UKIAH,CA,95482,CA-S-280,1,needs_review,Pre-research single-permit candidate; requires operating-role verification.,unknown,,,TTB Spirits Producers and Bottlers List,https://www.ttb.gov/public-information/foia/list-of-permittees,2026-08-21,TTB Spirits Producers and Bottlers List: CA-S-280,Prepared from unmatched active TTB permit queue; no public GeoJSON change.
ca-ttb-311aa2b223ad,"MADBEV, INC.","MADBEV, INC.","MADBEV, INC.","2205 FIRST ST UNIT 107, SIMI VALLEY, CA, 93065",SIMI VALLEY,CA,93065,CA-S-20492,1,needs_review,Pre-research single-permit candidate; requires operating-role verification.,unknown,,,TTB Spirits Producers and Bottlers List,https://www.ttb.gov/public-information/foia/list-of-permittees,2026-08-21,TTB Spirits Producers and Bottlers List: CA-S-20492,Prepared from unmatched active TTB permit queue; no public GeoJSON change.
ca-ttb-31545502c1c6,AUTRY CELLARS,STEPHEN P. AUTRY,AUTRY CELLARS,"5450 EDNA RD UNIT B, SAN LUIS OBISPO, CA, 93401",SAN LUIS OBISPO,CA,93401,CA-S-15129,1,needs_review,Pre-research single-permit candidate; requires operating-role verification.,unknown,,,TTB Spirits Producers and Bottlers List,https://www.ttb.gov/public-information/foia/list-of-permittees,2026-08-21,TTB Spirits Producers and Bottlers List: CA-S-15129,Prepared from unmatched active TTB permit queue; no public GeoJSON change.
ca-ttb-31849f8ff922,"NEW ALCHEMY DISTILLING, LLC.","NEW ALCHEMY DISTILLING, LLC.",,"5050 ROBERT J MATHEWS PKWY STE 250, EL DORADO HILLS, CA, 95762",EL DORADO HILLS,CA,95762,CA-S-20111,1,needs_review,Pre-research single-permit candidate; requires operating-role verification.,unknown,,,TTB Spirits Producers and Bottlers List,https://www.ttb.gov/public-information/foia/list-of-permittees,2026-08-21,TTB Spirits Producers and Bottlers List: CA-S-20111,Prepared from unmatched active TTB permit queue; no public GeoJSON change.
ca-ttb-32594eff9d3e,THE GOLD BAR SPIRITS COMPANY INC.,THE GOLD BAR SPIRITS COMPANY INC.,,"2505 MONARCH ST BLDG 22, ALAMEDA, CA, 94501",ALAMEDA,CA,94501,CA-S-20508,1,needs_review,Pre-research single-permit candidate; requires operating-role verification.,unknown,,,TTB Spirits Producers and Bottlers List,https://www.ttb.gov/public-information/foia/list-of-permittees,2026-08-21,TTB Spirits Producers and Bottlers List: CA-S-20508,Prepared from unmatched active TTB permit queue; no public GeoJSON change.
ca-ttb-342e2f11efa1,"Satellite Spirits, Inc.","SATELLITE SPIRITS, INCORPORATED","Satellite Spirits, Inc.","13346 E GRASS VALLEY AVE UNIT E, GRASS VALLEY, CA, 95945",GRASS VALLEY,CA,95945,CA-S-20227,1,needs_review,Pre-research single-permit candidate; requires operating-role verification.,unknown,,,TTB Spirits Producers and Bottlers List,https://www.ttb.gov/public-information/foia/list-of-permittees,2026-08-21,TTB Spirits Producers and Bottlers List: CA-S-20227,Prepared from unmatched active TTB permit queue; no public GeoJSON change.
ca-ttb-3566d39778e4,"ASCENDANT SPIRITS, INC.","ASCENDANT SPIRITS, INC.",,"37 INDUSTRIAL WAY, BUELLTON, CA, 94327",BUELLTON,CA,94327,CA-S-20004,1,needs_review,Pre-research single-permit candidate; requires operating-role verification.,unknown,,,TTB Spirits Producers and Bottlers List,https://www.ttb.gov/public-information/foia/list-of-permittees,2026-08-21,TTB Spirits Producers and Bottlers List: CA-S-20004,Prepared from unmatched active TTB permit queue; no public GeoJSON change.
ca-ttb-364f6c7e5684,Sabbatical Labs,"SABBATICAL LABS, LLC",Sabbatical Labs,"16021 W HIGHWAY 4, STOCKTON, CA, 95206",STOCKTON,CA,95206,CA-S-20290,1,needs_review,Pre-research single-permit candidate; requires operating-role verification.,unknown,,,TTB Spirits Producers and Bottlers List,https://www.ttb.gov/public-information/foia/list-of-permittees,2026-08-21,TTB Spirits Producers and Bottlers List: CA-S-20290,Prepared from unmatched active TTB permit queue; no public GeoJSON change.
ca-ttb-3654e30cc0ca,"LUCKY29 LIQUORS, LLC","LUCKY29 LIQUORS, LLC",,"12424 GOLD FLAKE CT, RANCHO CORDOVA, CA, 95742",RANCHO CORDOVA,CA,95742,CA-S-20460,1,needs_review,Pre-research single-permit candidate; requires operating-role verification.,unknown,,,TTB Spirits Producers and Bottlers List,https://www.ttb.gov/public-information/foia/list-of-permittees,2026-08-21,TTB Spirits Producers and Bottlers List: CA-S-20460,Prepared from unmatched active TTB permit queue; no public GeoJSON change.
ca-ttb-36ff3e7ef6af,Healdsburg Distillers,"HEALDSBURG DISTILLERS, INC.",Healdsburg Distillers,"1229 GROVE ST UNIT 8, HEALDSBURG, CA, 95448",HEALDSBURG,CA,95448,CA-S-20231,1,needs_review,Pre-research single-permit candidate; requires operating-role verification.,unknown,,,TTB Spirits Producers and Bottlers List,https://www.ttb.gov/public-information/foia/list-of-permittees,2026-08-21,TTB Spirits Producers and Bottlers List: CA-S-20231,Prepared from unmatched active TTB permit queue; no public GeoJSON change.
ca-ttb-3714ef43168f,Building 43 Distillery,STEELTOWN WINERY LLC,Building 43 Distillery,"2440 MONARCH ST STE 100, ALAMEDA, CA, 94501",ALAMEDA,CA,94501,CA-S-20471,1,needs_review,Pre-research single-permit candidate; requires operating-role verification.,unknown,,,TTB Spirits Producers and Bottlers List,https://www.ttb.gov/public-information/foia/list-of-permittees,2026-08-21,TTB Spirits Producers and Bottlers List: CA-S-20471,Prepared from unmatched active TTB permit queue; no public GeoJSON change.
ca-ttb-373e1f532f20,FRESNO STATE VINEYARDS,"THE AGRICULTURAL FOUNDATION OF CALIFORNIA STATE UNIVERSITY, FRESNO",FRESNO STATE VINEYARDS,"2360 E BARSTOW AVE, FRESNO, CA, 93740",FRESNO,CA,93740,CA-S-15064,1,needs_review,Pre-research single-permit candidate; requires operating-role verification.,unknown,,,TTB Spirits Producers and Bottlers List,https://www.ttb.gov/public-information/foia/list-of-permittees,2026-08-21,TTB Spirits Producers and Bottlers List: CA-S-15064,Prepared from unmatched active TTB permit queue; no public GeoJSON change.
ca-ttb-38364f3e8fe6,"APEX GLOBAL IMPORTS, INC.","APEX GLOBAL IMPORTS, INC.",,"1250 PIONEER WAY STE F, EL CAJON, CA, 92020",EL CAJON,CA,92020,CA-S-20458,1,needs_review,Pre-research single-permit candidate; requires operating-role verification.,unknown,,,TTB Spirits Producers and Bottlers List,https://www.ttb.gov/public-information/foia/list-of-permittees,2026-08-21,TTB Spirits Producers and Bottlers List: CA-S-20458,Prepared from unmatched active TTB permit queue; no public GeoJSON change.
ca-ttb-385f2fda3186,Third Avenue Distillery,CAREN ANN FRIEDMAN,Third Avenue Distillery,"1235 3RD AVE, NAPA, CA, 94558",NAPA,CA,94558,CA-S-20214,1,needs_review,Pre-research single-permit candidate; requires operating-role verification.,unknown,,,TTB Spirits Producers and Bottlers List,https://www.ttb.gov/public-information/foia/list-of-permittees,2026-08-21,TTB Spirits Producers and Bottlers List: CA-S-20214,Prepared from unmatched active TTB permit queue; no public GeoJSON change.
ca-ttb-38edeadafcfa,Cedar Crest Brewery and Winery,CEDAR CREST BREWERY AND WINERY LLC,Cedar Crest Brewery and Winery,"1475 PLACER ST BLDG B, REDDING, CA, 96001",REDDING,CA,96001,CA-S-20442,1,needs_review,Pre-research single-permit candidate; requires operating-role verification.,unknown,,,TTB Spirits Producers and Bottlers List,https://www.ttb.gov/public-information/foia/list-of-permittees,2026-08-21,TTB Spirits Producers and Bottlers List: CA-S-20442,Prepared from unmatched active TTB permit queue; no public GeoJSON change.
ca-ttb-3903a449d389,"CUTWATER SPIRITS, LLC","CUTWATER SPIRITS, LLC",,"9750 DISTRIBUTION AVE, SAN DIEGO, CA, 92121",SAN DIEGO,CA,92121,CA-S-20148,1,needs_review,Pre-research single-permit candidate; requires operating-role verification.,unknown,,,TTB Spirits Producers and Bottlers List,https://www.ttb.gov/public-information/foia/list-of-permittees,2026-08-21,TTB Spirits Producers and Bottlers List: CA-S-20148,Prepared from unmatched active TTB permit queue; no public GeoJSON change.
ca-ttb-39621c36c078,Drovers Distillery,AGIM NERGUTI,Drovers Distillery,"934 S MAIN ST UNIT Q, WILLITS, CA, 95490",WILLITS,CA,95490,CA-S-20392,1,needs_review,Pre-research single-permit candidate; requires operating-role verification.,unknown,,,TTB Spirits Producers and Bottlers List,https://www.ttb.gov/public-information/foia/list-of-permittees,2026-08-21,TTB Spirits Producers and Bottlers List: CA-S-20392,Prepared from unmatched active TTB permit queue; no public GeoJSON change.
ca-ttb-39ff08e2ac7e,BLUME DISTILLATION LLC,BLUME DISTILLATION LLC,,"371 CALABASAS RD, WATSONVILLE, CA, 95076",WATSONVILLE,CA,95076,CA-S-20327,1,needs_review,Pre-research single-permit candidate; requires operating-role verification.,unknown,,,TTB Spirits Producers and Bottlers List,https://www.ttb.gov/public-information/foia/list-of-permittees,2026-08-21,TTB Spirits Producers and Bottlers List: CA-S-20327,Prepared from unmatched active TTB permit queue; no public GeoJSON change.
ca-ttb-3a4713f8781e,BEAULIEU VINEYARD,TREASURY WINE ESTATES AMERICAS COMPANY,BEAULIEU VINEYARD,"1960 ST HELENA HWY, RUTHERFORD, CA, 94574",RUTHERFORD,CA,94574,CA-S-20361,1,needs_review,Pre-research single-permit candidate; requires operating-role verification.,unknown,,,TTB Spirits Producers and Bottlers List,https://www.ttb.gov/public-information/foia/list-of-permittees,2026-08-21,TTB Spirits Producers and Bottlers List: CA-S-20361,Prepared from unmatched active TTB permit queue; no public GeoJSON change.
ca-ttb-3b32ae3bc18f,Old Possum Brewing Co.,"OLD POSSUM, LLC",Old Possum Brewing Co.,"357 SUTTON PL, SANTA ROSA, CA, 95407",SANTA ROSA,CA,95407,CA-S-20540,1,needs_review,Pre-research single-permit candidate; requires operating-role verification.,unknown,,,TTB Spirits Producers and Bottlers List,https://www.ttb.gov/public-information/foia/list-of-permittees,2026-08-21,TTB Spirits Producers and Bottlers List: CA-S-20540,Prepared from unmatched active TTB permit queue; no public GeoJSON change.
ca-ttb-3b495c8a9709,Alamere Spirits,"AZLIA, INC.",Alamere Spirits,"24 GALLI DR UNIT 2, NOVATO, CA, 94949",NOVATO,CA,94949,CA-S-20272,1,needs_review,Pre-research single-permit candidate; requires operating-role verification.,unknown,,,TTB Spirits Producers and Bottlers List,https://www.ttb.gov/public-information/foia/list-of-permittees,2026-08-21,TTB Spirits Producers and Bottlers List: CA-S-20272,Prepared from unmatched active TTB permit queue; no public GeoJSON change.
ca-ttb-3bc8aeeebdc9,Bin to Bottle,B2B NAPA LLC,Bin to Bottle,"110-122 CAMINO ORUGA, NAPA, CA, 94558",NAPA,CA,94558,CA-S-20585,1,needs_review,Pre-research single-permit candidate; requires operating-role verification.,unknown,,,TTB Spirits Producers and Bottlers List,https://www.ttb.gov/public-information/foia/list-of-permittees,2026-08-21,TTB Spirits Producers and Bottlers List: CA-S-20585,Prepared from unmatched active TTB permit queue; no public GeoJSON change.
ca-ttb-3c76683a7e05,"DONATI FAMILY VINEYARD, INC.","DONATI FAMILY VINEYARD, INC.",,"2720 OAK VIEW RD, TEMPLETON, CA, 93465",TEMPLETON,CA,93465,CA-S-20260,1,needs_review,Pre-research single-permit candidate; requires operating-role verification.,unknown,,,TTB Spirits Producers and Bottlers List,https://www.ttb.gov/public-information/foia/list-of-permittees,2026-08-21,TTB Spirits Producers and Bottlers List: CA-S-20260,Prepared from unmatched active TTB permit queue; no public GeoJSON change.
ca-ttb-3d96bb2f9ac3,619 SPIRITS,619 SPIRITS,,"3019 LINCOLN AVE, SAN DIEGO, CA, 92104",SAN DIEGO,CA,92104,CA-S-20157,1,needs_review,Pre-research single-permit candidate; requires operating-role verification.,unknown,,,TTB Spirits Producers and Bottlers List,https://www.ttb.gov/public-information/foia/list-of-permittees,2026-08-21,TTB Spirits Producers and Bottlers List: CA-S-20157,Prepared from unmatched active TTB permit queue; no public GeoJSON change.
ca-ttb-3da5e244e1c9,Wise Caldwell Distillers,"WISE-CALDWELL DISTILLERS, LLC",Wise Caldwell Distillers,"68 COOMBS ST STE L6, NAPA, CA, 94559",NAPA,CA,94559,CA-S-20216,1,needs_review,Pre-research single-permit candidate; requires operating-role verification.,unknown,,,TTB Spirits Producers and Bottlers List,https://www.ttb.gov/public-information/foia/list-of-permittees,2026-08-21,TTB Spirits Producers and Bottlers List: CA-S-20216,Prepared from unmatched active TTB permit queue; no public GeoJSON change.
ca-ttb-3daf27f07c06,"KLEIN FOODS, INC.","KLEIN FOODS, INC.",,"11455 OLD REDWOOD HWY, HEALDSBURG, CA, 95448",HEALDSBURG,CA,95448,CA-S-15142,1,needs_review,Pre-research single-permit candidate; requires operating-role verification.,unknown,,,TTB Spirits Producers and Bottlers List,https://www.ttb.gov/public-information/foia/list-of-permittees,2026-08-21,TTB Spirits Producers and Bottlers List: CA-S-15142,Prepared from unmatched active TTB permit queue; no public GeoJSON change.
ca-ttb-3e287fb3755b,Old World Spirits,OLD WORLD SPIRITS L.L.C.,Old World Spirits,"12595 WATSONVILLE RD, MORGAN HILL, CA, 95037",MORGAN HILL,CA,95037,CA-S-15082,1,needs_review,Pre-research single-permit candidate; requires operating-role verification.,unknown,,,TTB Spirits Producers and Bottlers List,https://www.ttb.gov/public-information/foia/list-of-permittees,2026-08-21,TTB Spirits Producers and Bottlers List: CA-S-15082,Prepared from unmatched active TTB permit queue; no public GeoJSON change.
ca-ttb-3e61656d6a45,JuneShine,"JUNESHINE, INC.",JuneShine,"10051 OLD GROVE RD, SAN DIEGO, CA, 92131",SAN DIEGO,CA,92131,CA-S-20393,1,needs_review,Pre-research single-permit candidate; requires operating-role verification.,unknown,,,TTB Spirits Producers and Bottlers List,https://www.ttb.gov/public-information/foia/list-of-permittees,2026-08-21,TTB Spirits Producers and Bottlers List: CA-S-20393,Prepared from unmatched active TTB permit queue; no public GeoJSON change.
ca-ttb-3eebbe6cffc3,"MONTEREY WINE COMPANY, LLC","MONTEREY WINE COMPANY, LLC",,"1010 INDUSTRIAL WAY, KING CITY, CA, 93930",KING CITY,CA,93930,CA-S-372,1,needs_review,Pre-research single-permit candidate; requires operating-role verification.,unknown,,,TTB Spirits Producers and Bottlers List,https://www.ttb.gov/public-information/foia/list-of-permittees,2026-08-21,TTB Spirits Producers and Bottlers List: CA-S-372,Prepared from unmatched active TTB permit queue; no public GeoJSON change.
ca-ttb-3f7dda7f3af2,Mistura/Nicola's Restaurant,NICOLA ALLEGRETTA & JACKELINE ORTIZ DE ZEVALLOS-ALLEGRETTA,Mistura/Nicola's Restaurant,"570 HIGUERA ST STE 105, SAN LUIS OBISPO, CA, 93401",SAN LUIS OBISPO,CA,93401,CA-S-20298,1,needs_review,Pre-research single-permit candidate; requires operating-role verification.,unknown,,,TTB Spirits Producers and Bottlers List,https://www.ttb.gov/public-information/foia/list-of-permittees,2026-08-21,TTB Spirits Producers and Bottlers List: CA-S-20298,Prepared from unmatched active TTB permit queue; no public GeoJSON change.
ca-ttb-3ff25862830e,SMOOCH BEVERAGES USA INC,SMOOCH BEVERAGES USA INC,,"31220 LA BAYA DR UNIT 114, WESTLAKE VILLAGE, CA, 91362",WESTLAKE VILLAGE,CA,91362,CA-S-20160,1,needs_review,Pre-research single-permit candidate; requires operating-role verification.,unknown,,,TTB Spirits Producers and Bottlers List,https://www.ttb.gov/public-information/foia/list-of-permittees,2026-08-21,TTB Spirits Producers and Bottlers List: CA-S-20160,Prepared from unmatched active TTB permit queue; no public GeoJSON change.
ca-ttb-4042f85fc4c0,Loyd Locvich and Elisa Swanson,LOYD LOCVICH AND ELISA SWANSON,Loyd Locvich and Elisa Swanson,"3133 BUTTE SLOUGH RD, COLUSA, CA, 95932",COLUSA,CA,95932,CA-S-20141,1,needs_review,Pre-research single-permit candidate; requires operating-role verification.,unknown,,,TTB Spirits Producers and Bottlers List,https://www.ttb.gov/public-information/foia/list-of-permittees,2026-08-21,TTB Spirits Producers and Bottlers List: CA-S-20141,Prepared from unmatched active TTB permit queue; no public GeoJSON change.
ca-ttb-4117287abae4,Mosby Spirits,GARY RAY MOSBY,Mosby Spirits,"745 W BETTERAVIA RD, SANTA MARIA, CA, 93455",SANTA MARIA,CA,93455,CA-S-20385,1,needs_review,Pre-research single-permit candidate; requires operating-role verification.,unknown,,,TTB Spirits Producers and Bottlers List,https://www.ttb.gov/public-information/foia/list-of-permittees,2026-08-21,TTB Spirits Producers and Bottlers List: CA-S-20385,Prepared from unmatched active TTB permit queue; no public GeoJSON change.
ca-ttb-419cbd87c62b,Sideways Spirits,"SIDEWAYS SPIRITS, INC.",Sideways Spirits,"41110 SANDALWOOD CIR UNIT 116, MURRIETA, CA, 92562",MURRIETA,CA,92562,CA-S-20060,1,needs_review,Pre-research single-permit candidate; requires operating-role verification.,unknown,,,TTB Spirits Producers and Bottlers List,https://www.ttb.gov/public-information/foia/list-of-permittees,2026-08-21,TTB Spirits Producers and Bottlers List: CA-S-20060,Prepared from unmatched active TTB permit queue; no public GeoJSON change.
ca-ttb-42bfa786bc4b,Copper Cane Spirits,ISLA DE CALIFA LLC,Copper Cane Spirits,"819 MARIPOSA RD, MODESTO, CA, 95354",MODESTO,CA,95354,CA-S-20313,1,needs_review,Pre-research single-permit candidate; requires operating-role verification.,unknown,,,TTB Spirits Producers and Bottlers List,https://www.ttb.gov/public-information/foia/list-of-permittees,2026-08-21,TTB Spirits Producers and Bottlers List: CA-S-20313,Prepared from unmatched active TTB permit queue; no public GeoJSON change.
ca-ttb-42da81d110a3,GEYSERVILLE WINERY,DUCKHORN WINE COMPANY,GEYSERVILLE WINERY,"19410 GEYSERVILLE AVE, GEYSERVILLE, CA, 95441",GEYSERVILLE,CA,95441,CA-S-20482,1,needs_review,Pre-research single-permit candidate; requires operating-role verification.,unknown,,,TTB Spirits Producers and Bottlers List,https://www.ttb.gov/public-information/foia/list-of-permittees,2026-08-21,TTB Spirits Producers and Bottlers List: CA-S-20482,Prepared from unmatched active TTB permit queue; no public GeoJSON change.
ca-ttb-43efdf38350f,LOS AMIGOS RESTAURANT,"RODRIGUEZ RAMIREZ, INC.",LOS AMIGOS RESTAURANT,"530 VALENCIA ST, SAN FRANCISCO, CA, 94110",SAN FRANCISCO,CA,94110,CA-S-20384,1,needs_review,Pre-research single-permit candidate; requires operating-role verification.,unknown,,,TTB Spirits Producers and Bottlers List,https://www.ttb.gov/public-information/foia/list-of-permittees,2026-08-21,TTB Spirits Producers and Bottlers List: CA-S-20384,Prepared from unmatched active TTB permit queue; no public GeoJSON change.
ca-ttb-440028051f93,The Palm Spirings Spirits Company,MIMIDEX LLC,The Palm Spirings Spirits Company,"1130 N VALDIVA WAY STE B, PALM SPRINGS, CA, 92262",PALM SPRINGS,CA,92262,CA-S-20296,1,needs_review,Pre-research single-permit candidate; requires operating-role verification.,unknown,,,TTB Spirits Producers and Bottlers List,https://www.ttb.gov/public-information/foia/list-of-permittees,2026-08-21,TTB Spirits Producers and Bottlers List: CA-S-20296,Prepared from unmatched active TTB permit queue; no public GeoJSON change.
ca-ttb-44fb58b8442f,STAG'S LEAP WINE CELLARS,"STAG'S LEAP WINE CELLARS, LLC",STAG'S LEAP WINE CELLARS,"5766 SILVERADO TRL, NAPA, CA, 94558",NAPA,CA,94558,CA-S-15042,1,needs_review,Pre-research single-permit candidate; requires operating-role verification.,unknown,,,TTB Spirits Producers and Bottlers List,https://www.ttb.gov/public-information/foia/list-of-permittees,2026-08-21,TTB Spirits Producers and Bottlers List: CA-S-15042,Prepared from unmatched active TTB permit queue; no public GeoJSON change.
ca-ttb-452357a9b4bd,MCCALL WINERIES & DISTILLERIES,E. & J. GALLO WINERY,MCCALL WINERIES & DISTILLERIES,"1042 S MCCALL AVE, SANGER, CA, 93657",SANGER,CA,93657,CA-S-379,1,needs_review,Pre-research single-permit candidate; requires operating-role verification.,unknown,,,TTB Spirits Producers and Bottlers List,https://www.ttb.gov/public-information/foia/list-of-permittees,2026-08-21,TTB Spirits Producers and Bottlers List: CA-S-379,Prepared from unmatched active TTB permit queue; no public GeoJSON change.
ca-ttb-457969b6068d,Old State Bourbon,OLD STATE DISTILLING LLC,Old State Bourbon,"4400 ASHE RD STE 207, BAKERSFIELD, CA, 93313",BAKERSFIELD,CA,93313,CA-S-20463,1,needs_review,Pre-research single-permit candidate; requires operating-role verification.,unknown,,,TTB Spirits Producers and Bottlers List,https://www.ttb.gov/public-information/foia/list-of-permittees,2026-08-21,TTB Spirits Producers and Bottlers List: CA-S-20463,Prepared from unmatched active TTB permit queue; no public GeoJSON change.
ca-ttb-45de727ce462,You & Yours Distilling Co,"YOU & YOURS DISTILLING COMPANY, LLC",You & Yours Distilling Co,"1495 G ST, SAN DIEGO, CA, 92101",SAN DIEGO,CA,92101,CA-S-20151,1,needs_review,Pre-research single-permit candidate; requires operating-role verification.,unknown,,,TTB Spirits Producers and Bottlers List,https://www.ttb.gov/public-information/foia/list-of-permittees,2026-08-21,TTB Spirits Producers and Bottlers List: CA-S-20151,Prepared from unmatched active TTB permit queue; no public GeoJSON change.
ca-ttb-4681b2f3d9e5,Dovecote Estate Winery,DOVECOTE LLC,Dovecote Estate Winery,"9229 ALISOS CANYON RD, LOS ALAMOS, CA, 93440",LOS ALAMOS,CA,93440,CA-S-20598,1,needs_review,Pre-research single-permit candidate; requires operating-role verification.,unknown,,,TTB Spirits Producers and Bottlers List,https://www.ttb.gov/public-information/foia/list-of-permittees,2026-08-21,TTB Spirits Producers and Bottlers List: CA-S-20598,Prepared from unmatched active TTB permit queue; no public GeoJSON change.
ca-ttb-4740c89c7381,MAVRIK NORTH AMERICA LLC,MAVRIK NORTH AMERICA LLC,,"345 TESCONI CIR, SANTA ROSA, CA, 95401",SANTA ROSA,CA,95401,CA-S-15106,1,needs_review,Pre-research single-permit candidate; requires operating-role verification.,unknown,,,TTB Spirits Producers and Bottlers List,https://www.ttb.gov/public-information/foia/list-of-permittees,2026-08-21,TTB Spirits Producers and Bottlers List: CA-S-15106,Prepared from unmatched active TTB permit queue; no public GeoJSON change.
ca-ttb-478ada75fc60,Raven Ranch Distillery,KMH ENTERPRISES LLC,Raven Ranch Distillery,"20111 306 AVE, EXETER, CA, 93221",EXETER,CA,93221,CA-S-20545,1,needs_review,Pre-research single-permit candidate; requires operating-role verification.,unknown,,,TTB Spirits Producers and Bottlers List,https://www.ttb.gov/public-information/foia/list-of-permittees,2026-08-21,TTB Spirits Producers and Bottlers List: CA-S-20545,Prepared from unmatched active TTB permit queue; no public GeoJSON change.
ca-ttb-481b55cc674b,Sons & Dotters,SONS & DOTTERS LLC,Sons & Dotters,"4122 SORRENTO VALLEY BLVD STE 107, SAN DIEGO, CA, 92121",SAN DIEGO,CA,92121,CA-S-20485,1,needs_review,Pre-research single-permit candidate; requires operating-role verification.,unknown,,,TTB Spirits Producers and Bottlers List,https://www.ttb.gov/public-information/foia/list-of-permittees,2026-08-21,TTB Spirits Producers and Bottlers List: CA-S-20485,Prepared from unmatched active TTB permit queue; no public GeoJSON change.
ca-ttb-4872ae6f1107,LA BORGATA,GERARDO DONATO IULIANO,LA BORGATA,"7539 PLEASANTS VALLEY RD, VACAVILLE, CA, 95688",VACAVILLE,CA,95688,CA-S-15086,1,needs_review,Pre-research single-permit candidate; requires operating-role verification.,unknown,,,TTB Spirits Producers and Bottlers List,https://www.ttb.gov/public-information/foia/list-of-permittees,2026-08-21,TTB Spirits Producers and Bottlers List: CA-S-15086,Prepared from unmatched active TTB permit queue; no public GeoJSON change.
ca-ttb-48744a7b4561,"HALL WINES, LLC","HALL WINES, LLC",,"401 ST. HELENA HWY, SAINT HELENA, CA, 94574",SAINT HELENA,CA,94574,CA-S-15135,1,needs_review,Pre-research single-permit candidate; requires operating-role verification.,unknown,,,TTB Spirits Producers and Bottlers List,https://www.ttb.gov/public-information/foia/list-of-permittees,2026-08-21,TTB Spirits Producers and Bottlers List: CA-S-15135,Prepared from unmatched active TTB permit queue; no public GeoJSON change.
ca-ttb-4888fb0abef9,South Bay Spirits,E&F ROBERTS DISTILLERIES INC.,South Bay Spirits,"695 QUINN AVE UNIT 2, SAN JOSE, CA, 95112",SAN JOSE,CA,95112,CA-S-20126,1,needs_review,Pre-research single-permit candidate; requires operating-role verification.,unknown,,,TTB Spirits Producers and Bottlers List,https://www.ttb.gov/public-information/foia/list-of-permittees,2026-08-21,TTB Spirits Producers and Bottlers List: CA-S-20126,Prepared from unmatched active TTB permit queue; no public GeoJSON change.
ca-ttb-4928f20fc35a,JEPSON VINEYARDS,"STONECUSHION, INC.",JEPSON VINEYARDS,"10400 S HIGHWAY 101, HOPLAND, CA, 95449",HOPLAND,CA,95449,CA-S-15077,1,needs_review,Pre-research single-permit candidate; requires operating-role verification.,unknown,,,TTB Spirits Producers and Bottlers List,https://www.ttb.gov/public-information/foia/list-of-permittees,2026-08-21,TTB Spirits Producers and Bottlers List: CA-S-15077,Prepared from unmatched active TTB permit queue; no public GeoJSON change.
ca-ttb-4960e4e98ad8,MARIAN FARMS,"MARIAN TRADING, LTD.",MARIAN FARMS,"2305 N ROLINDA AVE, FRESNO, CA, 93722",FRESNO,CA,93722,CA-S-15009,1,needs_review,Pre-research single-permit candidate; requires operating-role verification.,unknown,,,TTB Spirits Producers and Bottlers List,https://www.ttb.gov/public-information/foia/list-of-permittees,2026-08-21,TTB Spirits Producers and Bottlers List: CA-S-15009,Prepared from unmatched active TTB permit queue; no public GeoJSON change.
ca-ttb-4aa31e21f55c,HALTER WINERY,HALTER WINERY LLC,HALTER WINERY,"8910 ADELAIDA RD, PASO ROBLES, CA, 93446",PASO ROBLES,CA,93446,CA-S-15007,1,needs_review,Pre-research single-permit candidate; requires operating-role verification.,unknown,,,TTB Spirits Producers and Bottlers List,https://www.ttb.gov/public-information/foia/list-of-permittees,2026-08-21,TTB Spirits Producers and Bottlers List: CA-S-15007,Prepared from unmatched active TTB permit queue; no public GeoJSON change.
ca-ttb-4bc0b621f9d1,OLD TAVERN DISTILLERY LLC,OLD TAVERN DISTILLERY LLC,,"3443 RAMONA AVE STE 27A, SACRAMENTO, CA, 95826",SACRAMENTO,CA,95826,CA-S-20118,1,needs_review,Pre-research single-permit candidate; requires operating-role verification.,unknown,,,TTB Spirits Producers and Bottlers List,https://www.ttb.gov/public-information/foia/list-of-permittees,2026-08-21,TTB Spirits Producers and Bottlers List: CA-S-20118,Prepared from unmatched active TTB permit queue; no public GeoJSON change.
ca-ttb-4c116fa91244,Hawk Feather WInery,"HAWK FEATHER WINERY, LLC",Hawk Feather WInery,"22875 MCCOURTNEY RD, GRASS VALLEY, CA, 95949",GRASS VALLEY,CA,95949,CA-S-20280,1,needs_review,Pre-research single-permit candidate; requires operating-role verification.,unknown,,,TTB Spirits Producers and Bottlers List,https://www.ttb.gov/public-information/foia/list-of-permittees,2026-08-21,TTB Spirits Producers and Bottlers List: CA-S-20280,Prepared from unmatched active TTB permit queue; no public GeoJSON change.
ca-ttb-4c1176eb89df,SOLOMON TOURNOUR CO.,CHRISTOPHER G. SOLOMON & GILDO TOURNOUR,SOLOMON TOURNOUR CO.,"5900 CENTRAL AVE, CALPELLA, CA, 95418",CALPELLA,CA,95418,CA-S-355,1,needs_review,Pre-research single-permit candidate; requires operating-role verification.,unknown,,,TTB Spirits Producers and Bottlers List,https://www.ttb.gov/public-information/foia/list-of-permittees,2026-08-21,TTB Spirits Producers and Bottlers List: CA-S-355,Prepared from unmatched active TTB permit queue; no public GeoJSON change.
ca-ttb-4c3546399794,"ANHEUSER-BUSCH, LLC","ANHEUSER-BUSCH, LLC",,"15800 ROSCOE BLVD, LOS ANGELES, CA, 91406",LOS ANGELES,CA,91406,CA-S-20304,1,needs_review,Pre-research single-permit candidate; requires operating-role verification.,unknown,,,TTB Spirits Producers and Bottlers List,https://www.ttb.gov/public-information/foia/list-of-permittees,2026-08-21,TTB Spirits Producers and Bottlers List: CA-S-20304,Prepared from unmatched active TTB permit queue; no public GeoJSON change.
ca-ttb-4c385dfdbabe,Phantom Ales,"OC CUSTOM WINE, INC.",Phantom Ales,"1211 N LAS BRISAS ST, ANAHEIM, CA, 92806",ANAHEIM,CA,92806,CA-S-20405,1,needs_review,Pre-research single-permit candidate; requires operating-role verification.,unknown,,,TTB Spirits Producers and Bottlers List,https://www.ttb.gov/public-information/foia/list-of-permittees,2026-08-21,TTB Spirits Producers and Bottlers List: CA-S-20405,Prepared from unmatched active TTB permit queue; no public GeoJSON change.
ca-ttb-4c508626b4f9,"CONSTELLATION BRANDS U.S. OPERATIONS, INC.","CONSTELLATION BRANDS U.S. OPERATIONS, INC.",,"5950 E WOODBRIDGE RD R&D LAB, ACAMPO, CA, 95220",ACAMPO,CA,95220,CA-S-20375,1,needs_review,Pre-research single-permit candidate; requires operating-role verification.,unknown,,,TTB Spirits Producers and Bottlers List,https://www.ttb.gov/public-information/foia/list-of-permittees,2026-08-21,TTB Spirits Producers and Bottlers List: CA-S-20375,Prepared from unmatched active TTB permit queue; no public GeoJSON change.
ca-ttb-4d873c6282eb,SNR PERFORMANCE LLC,SNR PERFORMANCE LLC,,"647 HIGUERA ST, SAN LUIS OBISPO, CA, 93401",SAN LUIS OBISPO,CA,93401,CA-S-20558,1,needs_review,Pre-research single-permit candidate; requires operating-role verification.,unknown,,,TTB Spirits Producers and Bottlers List,https://www.ttb.gov/public-information/foia/list-of-permittees,2026-08-21,TTB Spirits Producers and Bottlers List: CA-S-20558,Prepared from unmatched active TTB permit queue; no public GeoJSON change.
ca-ttb-4dbff402c768,The Dancing Fox Winery & Brewery,"THE DANCING FOX WINERY & BREWERY, INC.",The Dancing Fox Winery & Brewery,"203 S SCHOOL ST, LODI, CA, 95240",LODI,CA,95240,CA-S-20247,1,needs_review,Pre-research single-permit candidate; requires operating-role verification.,unknown,,,TTB Spirits Producers and Bottlers List,https://www.ttb.gov/public-information/foia/list-of-permittees,2026-08-21,TTB Spirits Producers and Bottlers List: CA-S-20247,Prepared from unmatched active TTB permit queue; no public GeoJSON change.
ca-ttb-4dd0d6f2b1c1,Bear River Distillery,"BEAR RIVER WINERY, LLC",Bear River Distillery,"2751 COMBIE RD, MEADOW VISTA, CA, 95722",MEADOW VISTA,CA,95722,CA-S-20145,1,needs_review,Pre-research single-permit candidate; requires operating-role verification.,unknown,,,TTB Spirits Producers and Bottlers List,https://www.ttb.gov/public-information/foia/list-of-permittees,2026-08-21,TTB Spirits Producers and Bottlers List: CA-S-20145,Prepared from unmatched active TTB permit queue; no public GeoJSON change.
ca-ttb-4e5d9577470e,"BIG BRANDS CA, LLC","BIG BRANDS CA, LLC",,"8250 INDUSTRIAL AVE, ROSEVILLE, CA, 95678",ROSEVILLE,CA,95678,CA-S-20541,1,needs_review,Pre-research single-permit candidate; requires operating-role verification.,unknown,,,TTB Spirits Producers and Bottlers List,https://www.ttb.gov/public-information/foia/list-of-permittees,2026-08-21,TTB Spirits Producers and Bottlers List: CA-S-20541,Prepared from unmatched active TTB permit queue; no public GeoJSON change.
ca-ttb-4e985b1fec1d,LUCANIA LIQUORS LLC,LUCANIA LIQUORS LLC,,"233 E HARRIS AVE UNIT D1, SOUTH SAN FRANCISCO, CA, 94080",SOUTH SAN FRANCISCO,CA,94080,CA-S-20437,1,needs_review,Pre-research single-permit candidate; requires operating-role verification.,unknown,,,TTB Spirits Producers and Bottlers List,https://www.ttb.gov/public-information/foia/list-of-permittees,2026-08-21,TTB Spirits Producers and Bottlers List: CA-S-20437,Prepared from unmatched active TTB permit queue; no public GeoJSON change.
ca-ttb-4f7738e5d7d4,"Quarry Lake Winery, Sonoma","TPWC, INC.","Quarry Lake Winery, Sonoma","26200 ARNOLD DR, SONOMA, CA, 95476",SONOMA,CA,95476,CA-S-15087,1,needs_review,Pre-research single-permit candidate; requires operating-role verification.,unknown,,,TTB Spirits Producers and Bottlers List,https://www.ttb.gov/public-information/foia/list-of-permittees,2026-08-21,TTB Spirits Producers and Bottlers List: CA-S-15087,Prepared from unmatched active TTB permit queue; no public GeoJSON change.
ca-ttb-5007311891bc,TREASURY WINE ESTATES AMERICAS COMPANY,TREASURY WINE ESTATES AMERICAS COMPANY,,"2000 MAIN ST, ST. HELENA, CA, 94574",ST. HELENA,CA,94574,CA-S-20105,1,needs_review,Pre-research single-permit candidate; requires operating-role verification.,unknown,,,TTB Spirits Producers and Bottlers List,https://www.ttb.gov/public-information/foia/list-of-permittees,2026-08-21,TTB Spirits Producers and Bottlers List: CA-S-20105,Prepared from unmatched active TTB permit queue; no public GeoJSON change.
ca-ttb-508dfabe9221,Pacific Coast Spirits,"HAMMOND & CO, LLC",Pacific Coast Spirits,"404 S COAST HWY, OCEANSIDE, CA, 92054",OCEANSIDE,CA,92054,CA-S-20158,1,needs_review,Pre-research single-permit candidate; requires operating-role verification.,unknown,,,TTB Spirits Producers and Bottlers List,https://www.ttb.gov/public-information/foia/list-of-permittees,2026-08-21,TTB Spirits Producers and Bottlers List: CA-S-20158,Prepared from unmatched active TTB permit queue; no public GeoJSON change.
ca-ttb-50acb81071e2,Cantara Distillery,"MCB ENTERPRISES, INC.",Cantara Distillery,"126 N WOOD RD STE 104, CAMARILLO, CA, 93010",CAMARILLO,CA,93010,CA-S-20171,1,needs_review,Pre-research single-permit candidate; requires operating-role verification.,unknown,,,TTB Spirits Producers and Bottlers List,https://www.ttb.gov/public-information/foia/list-of-permittees,2026-08-21,TTB Spirits Producers and Bottlers List: CA-S-20171,Prepared from unmatched active TTB permit queue; no public GeoJSON change.
ca-ttb-52bdb19b0146,"OPOLO WINES, LP, OPOLO MANAGEMENT LLC, GP","OPOLO WINES, LP, OPOLO MANAGEMENT LLC, GP",,"45 N MAIN ST, TEMPLETON, CA, 93465",TEMPLETON,CA,93465,CA-S-20181,1,needs_review,Pre-research single-permit candidate; requires operating-role verification.,unknown,,,TTB Spirits Producers and Bottlers List,https://www.ttb.gov/public-information/foia/list-of-permittees,2026-08-21,TTB Spirits Producers and Bottlers List: CA-S-20181,Prepared from unmatched active TTB permit queue; no public GeoJSON change.
ca-ttb-52ee04ab5da4,GelatoLove,SKYLAR CREATIONS INC,GelatoLove,"5661 PALMER WAY STE C & D, CARLSBAD, CA, 92010",CARLSBAD,CA,92010,CA-S-20303,1,needs_review,Pre-research single-permit candidate; requires operating-role verification.,unknown,,,TTB Spirits Producers and Bottlers List,https://www.ttb.gov/public-information/foia/list-of-permittees,2026-08-21,TTB Spirits Producers and Bottlers List: CA-S-20303,Prepared from unmatched active TTB permit queue; no public GeoJSON change.
ca-ttb-530f599992ee,Seven Days Cocktail Co.,SEVEN DAYS COCKTAIL CO. LLC,Seven Days Cocktail Co.,"1586 SUNLAND LN, COSTA MESA, CA, 92626",COSTA MESA,CA,92626,CA-S-20358,1,needs_review,Pre-research single-permit candidate; requires operating-role verification.,unknown,,,TTB Spirits Producers and Bottlers List,https://www.ttb.gov/public-information/foia/list-of-permittees,2026-08-21,TTB Spirits Producers and Bottlers List: CA-S-20358,Prepared from unmatched active TTB permit queue; no public GeoJSON change.
ca-ttb-534d1b6fde1b,JUNGLE BEVERAGE COMPANY,JUNGLE BEVERAGE COMPANY,,"1440 JASON WAY UNIT 120, SANTA MARIA, CA, 93455",SANTA MARIA,CA,93455,CA-S-20531,1,needs_review,Pre-research single-permit candidate; requires operating-role verification.,unknown,,,TTB Spirits Producers and Bottlers List,https://www.ttb.gov/public-information/foia/list-of-permittees,2026-08-21,TTB Spirits Producers and Bottlers List: CA-S-20531,Prepared from unmatched active TTB permit queue; no public GeoJSON change.
ca-ttb-542f3f5f730f,Calwise Spirits Co.,BERGH CORPORATION,Calwise Spirits Co.,"3340 RAMADA DR STE B, PASO ROBLES, CA, 93446",PASO ROBLES,CA,93446,CA-S-20208,1,needs_review,Pre-research single-permit candidate; requires operating-role verification.,unknown,,,TTB Spirits Producers and Bottlers List,https://www.ttb.gov/public-information/foia/list-of-permittees,2026-08-21,TTB Spirits Producers and Bottlers List: CA-S-20208,Prepared from unmatched active TTB permit queue; no public GeoJSON change.
ca-ttb-54301b3a6fdb,Old Julian Vineyards & Winery,OLD JULIAN VINEYARDS & WINERY LLC,Old Julian Vineyards & Winery,"25352 E OLD JULIAN HWY, RAMONA, CA, 92065",RAMONA,CA,92065,CA-S-20338,1,needs_review,Pre-research single-permit candidate; requires operating-role verification.,unknown,,,TTB Spirits Producers and Bottlers List,https://www.ttb.gov/public-information/foia/list-of-permittees,2026-08-21,TTB Spirits Producers and Bottlers List: CA-S-20338,Prepared from unmatched active TTB permit queue; no public GeoJSON change.
ca-ttb-5431d6de1996,RKR BOTTLING LLC,RKR BOTTLING LLC,,"1554 FAYETTE ST, EL CAJON, CA, 92020",EL CAJON,CA,92020,CA-S-20295,1,needs_review,Pre-research single-permit candidate; requires operating-role verification.,unknown,,,TTB Spirits Producers and Bottlers List,https://www.ttb.gov/public-information/foia/list-of-permittees,2026-08-21,TTB Spirits Producers and Bottlers List: CA-S-20295,Prepared from unmatched active TTB permit queue; no public GeoJSON change.
ca-ttb-544db9e8d387,Woods Beer & Wine Co.,"SURFACE AREA, LLC",Woods Beer & Wine Co.,"751 6TH ST STE A, SAN FRANCISCO, CA, 94130",SAN FRANCISCO,CA,94130,CA-S-20403,1,needs_review,Pre-research single-permit candidate; requires operating-role verification.,unknown,,,TTB Spirits Producers and Bottlers List,https://www.ttb.gov/public-information/foia/list-of-permittees,2026-08-21,TTB Spirits Producers and Bottlers List: CA-S-20403,Prepared from unmatched active TTB permit queue; no public GeoJSON change.
ca-ttb-54627bd1e513,"DOMAINE CHARBAY, LLC","DOMAINE CHARBAY, LLC",,"4001 SPRING MOUNTAIN RD, ST. HELENA, CA, 94574",ST. HELENA,CA,94574,CA-S-20140,1,needs_review,Pre-research single-permit candidate; requires operating-role verification.,unknown,,,TTB Spirits Producers and Bottlers List,https://www.ttb.gov/public-information/foia/list-of-permittees,2026-08-21,TTB Spirits Producers and Bottlers List: CA-S-20140,Prepared from unmatched active TTB permit queue; no public GeoJSON change.
ca-ttb-547ccbc596b3,"CALICRAFT, LLC","CALICRAFT, LLC",,"1501 MT DIABLO BLVD UNIT 200, WALNUT CREEK, CA, 94596",WALNUT CREEK,CA,94596,CA-S-20562,1,needs_review,Pre-research single-permit candidate; requires operating-role verification.,unknown,,,TTB Spirits Producers and Bottlers List,https://www.ttb.gov/public-information/foia/list-of-permittees,2026-08-21,TTB Spirits Producers and Bottlers List: CA-S-20562,Prepared from unmatched active TTB permit queue; no public GeoJSON change.
ca-ttb-55bdd973ad24,VIE-DEL COMPANY,VIE-DEL COMPANY,,"11903 S CHESTNUT AVE, FRESNO, CA, 93725",FRESNO,CA,93725,CA-S-135,1,needs_review,Pre-research single-permit candidate; requires operating-role verification.,unknown,,,TTB Spirits Producers and Bottlers List,https://www.ttb.gov/public-information/foia/list-of-permittees,2026-08-21,TTB Spirits Producers and Bottlers List: CA-S-135,Prepared from unmatched active TTB permit queue; no public GeoJSON change.
ca-ttb-55d198e7f79c,STERLING VINEYARDS,TREASURY WINE ESTATES AMERICAS COMPANY,STERLING VINEYARDS,"1111 DUNAWEAL LN, CALISTOGA, CA, 94515",CALISTOGA,CA,94515,CA-S-20132,1,needs_review,Pre-research single-permit candidate; requires operating-role verification.,unknown,,,TTB Spirits Producers and Bottlers List,https://www.ttb.gov/public-information/foia/list-of-permittees,2026-08-21,TTB Spirits Producers and Bottlers List: CA-S-20132,Prepared from unmatched active TTB permit queue; no public GeoJSON change.
ca-ttb-561b547a0c16,Chuparosa Vineyards,CAROLYN HARRIS AND PAUL HARRIS,Chuparosa Vineyards,"910 GEM LN, RAMONA, CA, 92065",RAMONA,CA,92065,CA-S-20402,1,needs_review,Pre-research single-permit candidate; requires operating-role verification.,unknown,,,TTB Spirits Producers and Bottlers List,https://www.ttb.gov/public-information/foia/list-of-permittees,2026-08-21,TTB Spirits Producers and Bottlers List: CA-S-20402,Prepared from unmatched active TTB permit queue; no public GeoJSON change.
ca-ttb-572b17f5ca1e,Bear and Eagle Products,HERMOZ PARSA,Bear and Eagle Products,"1425 E BORCHARD AVE, SANTA ANA, CA, 92705",SANTA ANA,CA,92705,CA-S-20124,1,needs_review,Pre-research single-permit candidate; requires operating-role verification.,unknown,,,TTB Spirits Producers and Bottlers List,https://www.ttb.gov/public-information/foia/list-of-permittees,2026-08-21,TTB Spirits Producers and Bottlers List: CA-S-20124,Prepared from unmatched active TTB permit queue; no public GeoJSON change.
ca-ttb-576e8bf0b59f,Harbour Farm and Vineyard,DAVID S. HARBOUR,Harbour Farm and Vineyard,"3326 HIGHWAY 67, RAMONA, CA, 92065",RAMONA,CA,92065,CA-S-20035,1,needs_review,Pre-research single-permit candidate; requires operating-role verification.,unknown,,,TTB Spirits Producers and Bottlers List,https://www.ttb.gov/public-information/foia/list-of-permittees,2026-08-21,TTB Spirits Producers and Bottlers List: CA-S-20035,Prepared from unmatched active TTB permit queue; no public GeoJSON change.
ca-ttb-592d361a0529,Riley's Brewing,"THE RILEY'S BREWING COMPANY, INC.",Riley's Brewing,"28777 15 1/2 AVE, MADERA, CA, 93638",MADERA,CA,93638,CA-S-20125,1,needs_review,Pre-research single-permit candidate; requires operating-role verification.,unknown,,,TTB Spirits Producers and Bottlers List,https://www.ttb.gov/public-information/foia/list-of-permittees,2026-08-21,TTB Spirits Producers and Bottlers List: CA-S-20125,Prepared from unmatched active TTB permit queue; no public GeoJSON change.
ca-ttb-596941540315,Home Base Spirits,KIN SPIRITS LLC,Home Base Spirits,"2619 SEVENTH ST STE B, BERKELEY, CA, 94710",BERKELEY,CA,94710,CA-S-20129,1,needs_review,Pre-research single-permit candidate; requires operating-role verification.,unknown,,,TTB Spirits Producers and Bottlers List,https://www.ttb.gov/public-information/foia/list-of-permittees,2026-08-21,TTB Spirits Producers and Bottlers List: CA-S-20129,Prepared from unmatched active TTB permit queue; no public GeoJSON change.
ca-ttb-5a4c340862b8,THE WINE GROUP LLC,THE WINE GROUP LLC,,"17000 E STATE HIGHWAY 120, RIPON, CA, 95366",RIPON,CA,95366,CA-S-347,1,needs_review,Pre-research single-permit candidate; requires operating-role verification.,unknown,,,TTB Spirits Producers and Bottlers List,https://www.ttb.gov/public-information/foia/list-of-permittees,2026-08-21,TTB Spirits Producers and Bottlers List: CA-S-347,Prepared from unmatched active TTB permit queue; no public GeoJSON change.
ca-ttb-5a7480ca7da8,Geneseo Distillers,"GENESEO DISTILLERS, LLC",Geneseo Distillers,"7350 LINNE RD, PASO ROBLES, CA, 93446",PASO ROBLES,CA,93446,CA-S-20560,1,needs_review,Pre-research single-permit candidate; requires operating-role verification.,unknown,,,TTB Spirits Producers and Bottlers List,https://www.ttb.gov/public-information/foia/list-of-permittees,2026-08-21,TTB Spirits Producers and Bottlers List: CA-S-20560,Prepared from unmatched active TTB permit queue; no public GeoJSON change.
ca-ttb-5a8eb5472f4e,"Bushveld, Somerstate, Yacubelli Winery","YACUBELLI, LLC","Bushveld, Somerstate, Yacubelli Winery","2379 LA MIRADA DR, VISTA, CA, 92081",VISTA,CA,92081,CA-S-20432,1,needs_review,Pre-research single-permit candidate; requires operating-role verification.,unknown,,,TTB Spirits Producers and Bottlers List,https://www.ttb.gov/public-information/foia/list-of-permittees,2026-08-21,TTB Spirits Producers and Bottlers List: CA-S-20432,Prepared from unmatched active TTB permit queue; no public GeoJSON change.
ca-ttb-5ac8f664b3d5,BRAND HOUSE WINES & SPIRITS LLC,BRAND HOUSE WINES & SPIRITS LLC,,"137 ANACAPA ST STE D, SANTA BARBARA, CA, 93101",SANTA BARBARA,CA,93101,CA-S-20283,1,needs_review,Pre-research single-permit candidate; requires operating-role verification.,unknown,,,TTB Spirits Producers and Bottlers List,https://www.ttb.gov/public-information/foia/list-of-permittees,2026-08-21,TTB Spirits Producers and Bottlers List: CA-S-20283,Prepared from unmatched active TTB permit queue; no public GeoJSON change.
ca-ttb-5b2e34f1d71c,3 BADGE BEVERAGE CORPORATION,3 BADGE BEVERAGE CORPORATION,,"42625 JACKSON ST STE 111, INDIO, CA, 92203",INDIO,CA,92203,CA-S-20332,1,needs_review,Pre-research single-permit candidate; requires operating-role verification.,unknown,,,TTB Spirits Producers and Bottlers List,https://www.ttb.gov/public-information/foia/list-of-permittees,2026-08-21,TTB Spirits Producers and Bottlers List: CA-S-20332,Prepared from unmatched active TTB permit queue; no public GeoJSON change.
ca-ttb-5b87770bed2c,DOMAINE CARNEROS,"DOMAINE CARNEROS, LTD.",DOMAINE CARNEROS,"1240 DUHIG ROAD, NAPA, CA, 94559",NAPA,CA,94559,CA-S-15088,1,needs_review,Pre-research single-permit candidate; requires operating-role verification.,unknown,,,TTB Spirits Producers and Bottlers List,https://www.ttb.gov/public-information/foia/list-of-permittees,2026-08-21,TTB Spirits Producers and Bottlers List: CA-S-15088,Prepared from unmatched active TTB permit queue; no public GeoJSON change.
ca-ttb-5b9cc0c3134e,FERMCO,THE FERMENTATION COMPANY LLC,FERMCO,"8787 PLATA LN, ATASCADERO, CA, 93422",ATASCADERO,CA,93422,CA-S-20254,1,needs_review,Pre-research single-permit candidate; requires operating-role verification.,unknown,,,TTB Spirits Producers and Bottlers List,https://www.ttb.gov/public-information/foia/list-of-permittees,2026-08-21,TTB Spirits Producers and Bottlers List: CA-S-20254,Prepared from unmatched active TTB permit queue; no public GeoJSON change.
ca-ttb-5be0ab6dde0d,"F. KORBEL & BROS., INC.","F. KORBEL & BROS., INC.",,"13250 RIVER RD, GUERNEVILLE, CA, 95446",GUERNEVILLE,CA,95446,CA-S-222,1,needs_review,Pre-research single-permit candidate; requires operating-role verification.,unknown,,,TTB Spirits Producers and Bottlers List,https://www.ttb.gov/public-information/foia/list-of-permittees,2026-08-21,TTB Spirits Producers and Bottlers List: CA-S-222,Prepared from unmatched active TTB permit queue; no public GeoJSON change.
ca-ttb-5bee776dc0d6,HECK CELLARS,"F. KORBEL & BROS., INC.",HECK CELLARS,"15401 BEAR MOUNTAIN WINERY RD, DI GIORGIO, CA, 93203",DI GIORGIO,CA,93203,CA-S-302,1,needs_review,Pre-research single-permit candidate; requires operating-role verification.,unknown,,,TTB Spirits Producers and Bottlers List,https://www.ttb.gov/public-information/foia/list-of-permittees,2026-08-21,TTB Spirits Producers and Bottlers List: CA-S-302,Prepared from unmatched active TTB permit queue; no public GeoJSON change.
ca-ttb-5c86fafde4ee,McHugh Company,HARRISON MCHUGH,McHugh Company,"760 BRYANT ST, SAN FRANCISCO, CA, 94107",SAN FRANCISCO,CA,94107,CA-S-20339,1,needs_review,Pre-research single-permit candidate; requires operating-role verification.,unknown,,,TTB Spirits Producers and Bottlers List,https://www.ttb.gov/public-information/foia/list-of-permittees,2026-08-21,TTB Spirits Producers and Bottlers List: CA-S-20339,Prepared from unmatched active TTB permit queue; no public GeoJSON change.
ca-ttb-5e80e0947452,"VIGNETTE WINERY, LLC","VIGNETTE WINERY, LLC",,"45 ENTERPRISE CT UNIT 1,2,3,4,7, NAPA, CA, 94558",NAPA,CA,94558,CA-S-20605,1,needs_review,Pre-research single-permit candidate; requires operating-role verification.,unknown,,,TTB Spirits Producers and Bottlers List,https://www.ttb.gov/public-information/foia/list-of-permittees,2026-08-21,TTB Spirits Producers and Bottlers List: CA-S-20605,Prepared from unmatched active TTB permit queue; no public GeoJSON change.
ca-ttb-5ea4f616f75f,"SOLOS TECHNOLOGY USA, INC.","SOLOS TECHNOLOGY USA, INC.",,"385 FELIZ CREEK RD, HOPLAND, CA, 95449",HOPLAND,CA,95449,CA-S-20574,1,needs_review,Pre-research single-permit candidate; requires operating-role verification.,unknown,,,TTB Spirits Producers and Bottlers List,https://www.ttb.gov/public-information/foia/list-of-permittees,2026-08-21,TTB Spirits Producers and Bottlers List: CA-S-20574,Prepared from unmatched active TTB permit queue; no public GeoJSON change.
ca-ttb-5fce6dbfbef8,Pressman Spirits,PRESSMAN WINES LLC.,Pressman Spirits,"5142 COMMERCE AVE UNIT A, MOORPARK, CA, 93021",MOORPARK,CA,93021,CA-S-20578,1,needs_review,Pre-research single-permit candidate; requires operating-role verification.,unknown,,,TTB Spirits Producers and Bottlers List,https://www.ttb.gov/public-information/foia/list-of-permittees,2026-08-21,TTB Spirits Producers and Bottlers List: CA-S-20578,Prepared from unmatched active TTB permit queue; no public GeoJSON change.
ca-ttb-6029ada6ff7a,Waterfowl Wine Company,DUCKHORN WINE COMPANY,Waterfowl Wine Company,"14100 MOUNTAIN HOUSE RD, HOPLAND, CA, 95449",HOPLAND,CA,95449,CA-S-20062,1,needs_review,Pre-research single-permit candidate; requires operating-role verification.,unknown,,,TTB Spirits Producers and Bottlers List,https://www.ttb.gov/public-information/foia/list-of-permittees,2026-08-21,TTB Spirits Producers and Bottlers List: CA-S-20062,Prepared from unmatched active TTB permit queue; no public GeoJSON change.
ca-ttb-604bc9607ef4,TWG Gonzales,THE WINE GROUP LLC,TWG Gonzales,"800 S ALTA ST, GONZALES, CA, 93926",GONZALES,CA,93926,CA-S-20546,1,needs_review,Pre-research single-permit candidate; requires operating-role verification.,unknown,,,TTB Spirits Producers and Bottlers List,https://www.ttb.gov/public-information/foia/list-of-permittees,2026-08-21,TTB Spirits Producers and Bottlers List: CA-S-20546,Prepared from unmatched active TTB permit queue; no public GeoJSON change.
ca-ttb-6118f29aa2bb,Monteverdi Spirits,MONTEVERDI SPIRITS LLC,Monteverdi Spirits,"110 CAMINO ORUGA, NAPA, CA, 94558",NAPA,CA,94558,CA-S-20279,1,needs_review,Pre-research single-permit candidate; requires operating-role verification.,unknown,,,TTB Spirits Producers and Bottlers List,https://www.ttb.gov/public-information/foia/list-of-permittees,2026-08-21,TTB Spirits Producers and Bottlers List: CA-S-20279,Prepared from unmatched active TTB permit queue; no public GeoJSON change.
ca-ttb-6126911576b2,WE ARE WICKED LLC,WE ARE WICKED LLC,,"1735 NATIONAL AVE STE A, SAN DIEGO, CA, 92113",SAN DIEGO,CA,92113,CA-S-20514,1,needs_review,Pre-research single-permit candidate; requires operating-role verification.,unknown,,,TTB Spirits Producers and Bottlers List,https://www.ttb.gov/public-information/foia/list-of-permittees,2026-08-21,TTB Spirits Producers and Bottlers List: CA-S-20514,Prepared from unmatched active TTB permit queue; no public GeoJSON change.
ca-ttb-6179daf6d119,Coastal Spirits LLC,COASTAL SPIRITS LLC,Coastal Spirits LLC,"110 GLENN WAY UNIT 2, SAN CARLOS, CA, 94070",SAN CARLOS,CA,94070,CA-S-20063,1,needs_review,Pre-research single-permit candidate; requires operating-role verification.,unknown,,,TTB Spirits Producers and Bottlers List,https://www.ttb.gov/public-information/foia/list-of-permittees,2026-08-21,TTB Spirits Producers and Bottlers List: CA-S-20063,Prepared from unmatched active TTB permit queue; no public GeoJSON change.
ca-ttb-6199d37c831c,Marsella Family Vineyards,JOHN GREGORY MARSELLA,Marsella Family Vineyards,"13480 ORANGE BLOSSOM RD, OAKDALE, CA, 95361",OAKDALE,CA,95361,CA-S-20351,1,needs_review,Pre-research single-permit candidate; requires operating-role verification.,unknown,,,TTB Spirits Producers and Bottlers List,https://www.ttb.gov/public-information/foia/list-of-permittees,2026-08-21,TTB Spirits Producers and Bottlers List: CA-S-20351,Prepared from unmatched active TTB permit queue; no public GeoJSON change.
ca-ttb-62a2e01f462c,LAKE BOTTOM BREWERY & DISTILLERY  LLC,LAKE BOTTOM BREWERY & DISTILLERY  LLC,,"1017 WHITLEY AVE, CORCORAN, CA, 93212",CORCORAN,CA,93212,CA-S-20229,1,needs_review,Pre-research single-permit candidate; requires operating-role verification.,unknown,,,TTB Spirits Producers and Bottlers List,https://www.ttb.gov/public-information/foia/list-of-permittees,2026-08-21,TTB Spirits Producers and Bottlers List: CA-S-20229,Prepared from unmatched active TTB permit queue; no public GeoJSON change.
ca-ttb-636ac0710b5d,TRINCHERO FAMILY ESTATES,"SUTTER HOME WINERY, INC.",TRINCHERO FAMILY ESTATES,"100 ST. HELENA HWY, SAINT HELENA, CA, 94574",SAINT HELENA,CA,94574,CA-S-310,1,needs_review,Pre-research single-permit candidate; requires operating-role verification.,unknown,,,TTB Spirits Producers and Bottlers List,https://www.ttb.gov/public-information/foia/list-of-permittees,2026-08-21,TTB Spirits Producers and Bottlers List: CA-S-310,Prepared from unmatched active TTB permit queue; no public GeoJSON change.
ca-ttb-636db093c0a5,Oceanside Distillers,"DS PROPERTY DEVELOPMENT, LLC",Oceanside Distillers,"3044 INDUSTRY ST STE 107, OCEANSIDE, CA, 92054",OCEANSIDE,CA,92054,CA-S-20121,1,needs_review,Pre-research single-permit candidate; requires operating-role verification.,unknown,,,TTB Spirits Producers and Bottlers List,https://www.ttb.gov/public-information/foia/list-of-permittees,2026-08-21,TTB Spirits Producers and Bottlers List: CA-S-20121,Prepared from unmatched active TTB permit queue; no public GeoJSON change.
ca-ttb-63dc8c94c221,Drakes Brewing Co.,"ARTISAN BREWERS, LLC",Drakes Brewing Co.,"2325 BROADWAY, OAKLAND, CA, 94612",OAKLAND,CA,94612,CA-S-20552,1,needs_review,Pre-research single-permit candidate; requires operating-role verification.,unknown,,,TTB Spirits Producers and Bottlers List,https://www.ttb.gov/public-information/foia/list-of-permittees,2026-08-21,TTB Spirits Producers and Bottlers List: CA-S-20552,Prepared from unmatched active TTB permit queue; no public GeoJSON change.
ca-ttb-648760fa6cbd,Firelit Spirits,FIRELIT SPIRITS LLC,Firelit Spirits,"453 W GATEWAY RD, NAPA, CA, 94558",NAPA,CA,94558,CA-S-20030,1,needs_review,Pre-research single-permit candidate; requires operating-role verification.,unknown,,,TTB Spirits Producers and Bottlers List,https://www.ttb.gov/public-information/foia/list-of-permittees,2026-08-21,TTB Spirits Producers and Bottlers List: CA-S-20030,Prepared from unmatched active TTB permit queue; no public GeoJSON change.
ca-ttb-6557982f18bd,"BRENNTAG PACIFIC, LLC","BRENNTAG PACIFIC, LLC",,"10747 PATTERSON PL, SANTA FE SPRINGS, CA, 90670",SANTA FE SPRINGS,CA,90670,CA-S-20584,1,needs_review,Pre-research single-permit candidate; requires operating-role verification.,unknown,,,TTB Spirits Producers and Bottlers List,https://www.ttb.gov/public-information/foia/list-of-permittees,2026-08-21,TTB Spirits Producers and Bottlers List: CA-S-20584,Prepared from unmatched active TTB permit queue; no public GeoJSON change.
ca-ttb-65fff4a13fdf,Good Bev Co.,GOOD BEVERAGE COMPANY INCORPORATED,Good Bev Co.,"3010 E CORONADO ST UNIT B, ANAHEIM, CA, 92806",ANAHEIM,CA,92806,CA-S-20412,1,needs_review,Pre-research single-permit candidate; requires operating-role verification.,unknown,,,TTB Spirits Producers and Bottlers List,https://www.ttb.gov/public-information/foia/list-of-permittees,2026-08-21,TTB Spirits Producers and Bottlers List: CA-S-20412,Prepared from unmatched active TTB permit queue; no public GeoJSON change.
ca-ttb-661a11f99476,Birdview Estate & Distillery,BIRDVIEW ESTATE & DISTILLERY LLC,Birdview Estate & Distillery,"167 AVIADOR ST UNIT D, CAMARILLO, CA, 93010",CAMARILLO,CA,93010,CA-S-20034,1,needs_review,Pre-research single-permit candidate; requires operating-role verification.,unknown,,,TTB Spirits Producers and Bottlers List,https://www.ttb.gov/public-information/foia/list-of-permittees,2026-08-21,TTB Spirits Producers and Bottlers List: CA-S-20034,Prepared from unmatched active TTB permit queue; no public GeoJSON change.
ca-ttb-66bf1abce536,Seven Stills Brewery and Distillery,"SEVEN STILLS, LLC",Seven Stills Brewery and Distillery,"1562 N SANTA FE AVE, VISTA, CA, 92083",VISTA,CA,92083,CA-S-20269,1,needs_review,Pre-research single-permit candidate; requires operating-role verification.,unknown,,,TTB Spirits Producers and Bottlers List,https://www.ttb.gov/public-information/foia/list-of-permittees,2026-08-21,TTB Spirits Producers and Bottlers List: CA-S-20269,Prepared from unmatched active TTB permit queue; no public GeoJSON change.
ca-ttb-681f8d74b021,Desert Distilling,DESERT DISTILLING INC.,Desert Distilling,"34300 GATEWAY DR STE 100, PALM DESERT, CA, 92211",PALM DESERT,CA,92211,CA-S-20051,1,needs_review,Pre-research single-permit candidate; requires operating-role verification.,unknown,,,TTB Spirits Producers and Bottlers List,https://www.ttb.gov/public-information/foia/list-of-permittees,2026-08-21,TTB Spirits Producers and Bottlers List: CA-S-20051,Prepared from unmatched active TTB permit queue; no public GeoJSON change.
ca-ttb-68230093b34e,"THE TRIPP DISTILLERY, LLC","THE TRIPP DISTILLERY, LLC",,"1121 PALMETTO AVE, PACIFICA, CA, 94044",PACIFICA,CA,94044,CA-S-20149,1,needs_review,Pre-research single-permit candidate; requires operating-role verification.,unknown,,,TTB Spirits Producers and Bottlers List,https://www.ttb.gov/public-information/foia/list-of-permittees,2026-08-21,TTB Spirits Producers and Bottlers List: CA-S-20149,Prepared from unmatched active TTB permit queue; no public GeoJSON change.
ca-ttb-684fadfab517,AMERICAN CRAFT WHISKEY DISTILLERY,"TAMAR DISTILLERY, INC.",AMERICAN CRAFT WHISKEY DISTILLERY,"1110 BEL ARBRES DR #D, REDWOOD VALLEY, CA, 95470",REDWOOD VALLEY,CA,95470,CA-S-15091,1,needs_review,Pre-research single-permit candidate; requires operating-role verification.,unknown,,,TTB Spirits Producers and Bottlers List,https://www.ttb.gov/public-information/foia/list-of-permittees,2026-08-21,TTB Spirits Producers and Bottlers List: CA-S-15091,Prepared from unmatched active TTB permit queue; no public GeoJSON change.
ca-ttb-685aca517f5e,DENNY BAR COMPANY LLC,DENNY BAR COMPANY LLC,,"511 MAIN ST, ETNA, CA, 96027",ETNA,CA,96027,CA-S-20163,1,needs_review,Pre-research single-permit candidate; requires operating-role verification.,unknown,,,TTB Spirits Producers and Bottlers List,https://www.ttb.gov/public-information/foia/list-of-permittees,2026-08-21,TTB Spirits Producers and Bottlers List: CA-S-20163,Prepared from unmatched active TTB permit queue; no public GeoJSON change.
ca-ttb-689ff3b5e188,SIDDIQUI RUMS CORPORATION,SIDDIQUI RUMS CORPORATION,,"5900 PRUITT AVE UNIT 404, WINDSOR, CA, 95492",WINDSOR,CA,95492,CA-S-20146,1,needs_review,Pre-research single-permit candidate; requires operating-role verification.,unknown,,,TTB Spirits Producers and Bottlers List,https://www.ttb.gov/public-information/foia/list-of-permittees,2026-08-21,TTB Spirits Producers and Bottlers List: CA-S-20146,Prepared from unmatched active TTB permit queue; no public GeoJSON change.
ca-ttb-694de5d0bedc,"JPB ROCKIN RUM, LLC","JPB ROCKIN RUM, LLC",,"2525 PIONEER AVE UNIT 3, VISTA, CA, 92081",VISTA,CA,92081,CA-S-20197,1,needs_review,Pre-research single-permit candidate; requires operating-role verification.,unknown,,,TTB Spirits Producers and Bottlers List,https://www.ttb.gov/public-information/foia/list-of-permittees,2026-08-21,TTB Spirits Producers and Bottlers List: CA-S-20197,Prepared from unmatched active TTB permit queue; no public GeoJSON change.
ca-ttb-698490ec9f93,"BLINKING OWL DISTILLERY, LLC","BLINKING OWL DISTILLERY, LLC",,"802 E WASHINGTON AVE, SANTA ANA, CA, 92701",SANTA ANA,CA,92701,CA-S-20119,1,needs_review,Pre-research single-permit candidate; requires operating-role verification.,unknown,,,TTB Spirits Producers and Bottlers List,https://www.ttb.gov/public-information/foia/list-of-permittees,2026-08-21,TTB Spirits Producers and Bottlers List: CA-S-20119,Prepared from unmatched active TTB permit queue; no public GeoJSON change.
ca-ttb-6a728ec02e4d,STAGLIN FAMILY VINEYARD LLC,STAGLIN FAMILY VINEYARD LLC,,"1570 BELLA OAKS LN, RUTHERFORD, CA, 94573",RUTHERFORD,CA,94573,CA-S-15010,1,needs_review,Pre-research single-permit candidate; requires operating-role verification.,unknown,,,TTB Spirits Producers and Bottlers List,https://www.ttb.gov/public-information/foia/list-of-permittees,2026-08-21,TTB Spirits Producers and Bottlers List: CA-S-15010,Prepared from unmatched active TTB permit queue; no public GeoJSON change.
ca-ttb-6af2032314df,TREFETHEN VINEYARDS,"TREFETHEN FAMILY WINERY, LLC",TREFETHEN VINEYARDS,"1160 OAK KNOLL AVE, NAPA, CA, 94558",NAPA,CA,94558,CA-S-15151,1,needs_review,Pre-research single-permit candidate; requires operating-role verification.,unknown,,,TTB Spirits Producers and Bottlers List,https://www.ttb.gov/public-information/foia/list-of-permittees,2026-08-21,TTB Spirits Producers and Bottlers List: CA-S-15151,Prepared from unmatched active TTB permit queue; no public GeoJSON change.
ca-ttb-6c68b7da25f2,"UBLENDIT, INC.","UBLENDIT, INC.",,"440 KINGS VILLAGE RD BLDG 8 STE 8-2A & 8-2, SCOTTS VALLEY, CA, 95066",SCOTTS VALLEY,CA,95066,CA-S-20386,1,needs_review,Pre-research single-permit candidate; requires operating-role verification.,unknown,,,TTB Spirits Producers and Bottlers List,https://www.ttb.gov/public-information/foia/list-of-permittees,2026-08-21,TTB Spirits Producers and Bottlers List: CA-S-20386,Prepared from unmatched active TTB permit queue; no public GeoJSON change.
ca-ttb-6cfec168596c,Helms Brewing Company,"HELM'S BREWING COMPANY, LLC",Helms Brewing Company,"5640 KEARNY MESA RD STE C, SAN DIEGO, CA, 92111",SAN DIEGO,CA,92111,CA-S-20285,1,needs_review,Pre-research single-permit candidate; requires operating-role verification.,unknown,,,TTB Spirits Producers and Bottlers List,https://www.ttb.gov/public-information/foia/list-of-permittees,2026-08-21,TTB Spirits Producers and Bottlers List: CA-S-20285,Prepared from unmatched active TTB permit queue; no public GeoJSON change.
ca-ttb-6d959a49845c,The St. Barts Spirit Company,ST. BARTS SPIRIT COMPANY,The St. Barts Spirit Company,"201 DEVLIN RD, NAPA, CA, 94558",NAPA,CA,94558,CA-S-20297,1,needs_review,Pre-research single-permit candidate; requires operating-role verification.,unknown,,,TTB Spirits Producers and Bottlers List,https://www.ttb.gov/public-information/foia/list-of-permittees,2026-08-21,TTB Spirits Producers and Bottlers List: CA-S-20297,Prepared from unmatched active TTB permit queue; no public GeoJSON change.
ca-ttb-6dd2e38a1add,OPOLO WINES,"OPOLO WINES, LP, OPOLO MANAGEMENT LLC, GP",OPOLO WINES,"7110 VINEYARD DR, PASO ROBLES, CA, 93446",PASO ROBLES,CA,93446,CA-S-15136,1,needs_review,Pre-research single-permit candidate; requires operating-role verification.,unknown,,,TTB Spirits Producers and Bottlers List,https://www.ttb.gov/public-information/foia/list-of-permittees,2026-08-21,TTB Spirits Producers and Bottlers List: CA-S-15136,Prepared from unmatched active TTB permit queue; no public GeoJSON change.
ca-ttb-6e332d5315a1,THE GOLD BAR SPIRITS COMPANY INC.,THE GOLD BAR SPIRITS COMPANY INC.,,"750 6TH ST STE G, SAN FRANCISCO, CA, 94130",SAN FRANCISCO,CA,94130,CA-S-20277,1,needs_review,Pre-research single-permit candidate; requires operating-role verification.,unknown,,,TTB Spirits Producers and Bottlers List,https://www.ttb.gov/public-information/foia/list-of-permittees,2026-08-21,TTB Spirits Producers and Bottlers List: CA-S-20277,Prepared from unmatched active TTB permit queue; no public GeoJSON change.
ca-ttb-6e40d428aae5,NAPA CRU LLC,NAPA CRU LLC,,"1735 ACTION AVE STE B, NAPA, CA, 94559",NAPA,CA,94559,CA-S-20466,1,needs_review,Pre-research single-permit candidate; requires operating-role verification.,unknown,,,TTB Spirits Producers and Bottlers List,https://www.ttb.gov/public-information/foia/list-of-permittees,2026-08-21,TTB Spirits Producers and Bottlers List: CA-S-20466,Prepared from unmatched active TTB permit queue; no public GeoJSON change.
ca-ttb-6e520dd4cf7f,J. LOHR WINERY CORPORATION,J. LOHR WINERY CORPORATION,,"6169 AIRPORT RD, PASO ROBLES, CA, 93446",PASO ROBLES,CA,93446,CA-S-341,1,needs_review,Pre-research single-permit candidate; requires operating-role verification.,unknown,,,TTB Spirits Producers and Bottlers List,https://www.ttb.gov/public-information/foia/list-of-permittees,2026-08-21,TTB Spirits Producers and Bottlers List: CA-S-341,Prepared from unmatched active TTB permit queue; no public GeoJSON change.
ca-ttb-6fac1ee7cc6c,Goleta Red Distilling Company,REDHEAD SPIRITS LLC,Goleta Red Distilling Company,"93 CASTILIAN DR, GOLETA, CA, 93117",GOLETA,CA,93117,CA-S-20173,1,needs_review,Pre-research single-permit candidate; requires operating-role verification.,unknown,,,TTB Spirits Producers and Bottlers List,https://www.ttb.gov/public-information/foia/list-of-permittees,2026-08-21,TTB Spirits Producers and Bottlers List: CA-S-20173,Prepared from unmatched active TTB permit queue; no public GeoJSON change.
ca-ttb-6fb94c1abed7,Pono Pacific Kitchen,PONO PACIFIC KITCHEN LLC,Pono Pacific Kitchen,"214 W GRAND AVE STE C, GROVER BEACH, CA, 93433",GROVER BEACH,CA,93433,CA-S-20533,1,needs_review,Pre-research single-permit candidate; requires operating-role verification.,unknown,,,TTB Spirits Producers and Bottlers List,https://www.ttb.gov/public-information/foia/list-of-permittees,2026-08-21,TTB Spirits Producers and Bottlers List: CA-S-20533,Prepared from unmatched active TTB permit queue; no public GeoJSON change.
ca-ttb-70c312ca344f,"SPIRIT GUIDES, INC.","SPIRIT GUIDES, INC.",,"1431 TRUMAN ST STE J, SAN FERNANDO, CA, 91340",SAN FERNANDO,CA,91340,CA-S-20488,1,needs_review,Pre-research single-permit candidate; requires operating-role verification.,unknown,,,TTB Spirits Producers and Bottlers List,https://www.ttb.gov/public-information/foia/list-of-permittees,2026-08-21,TTB Spirits Producers and Bottlers List: CA-S-20488,Prepared from unmatched active TTB permit queue; no public GeoJSON change.
ca-ttb-70c70a097491,Fall,"BREWERY AT THE TOP OF THE MOUNTAIN, LLC",Fall,"9550 DISTRIBUTION AVE, SAN DIEGO, CA, 92121",SAN DIEGO,CA,92121,CA-S-20583,1,needs_review,Pre-research single-permit candidate; requires operating-role verification.,unknown,,,TTB Spirits Producers and Bottlers List,https://www.ttb.gov/public-information/foia/list-of-permittees,2026-08-21,TTB Spirits Producers and Bottlers List: CA-S-20583,Prepared from unmatched active TTB permit queue; no public GeoJSON change.
ca-ttb-719c8b6e803e,Heads and Tails Barbecue,HEADS AND TAILS BARBECUE LLC,Heads and Tails Barbecue,"2121 SAN PABLO AVE, BERKELEY, CA, 94702",BERKELEY,CA,94702,CA-S-20497,1,needs_review,Pre-research single-permit candidate; requires operating-role verification.,unknown,,,TTB Spirits Producers and Bottlers List,https://www.ttb.gov/public-information/foia/list-of-permittees,2026-08-21,TTB Spirits Producers and Bottlers List: CA-S-20497,Prepared from unmatched active TTB permit queue; no public GeoJSON change.
ca-ttb-71ec5e4a4c76,THE CRAC BREWERY AND GRUB LLC,THE CRAC BREWERY AND GRUB LLC,,"117 E 162ND ST, GARDENA, CA, 90248",GARDENA,CA,90248,CA-S-20329,1,needs_review,Pre-research single-permit candidate; requires operating-role verification.,unknown,,,TTB Spirits Producers and Bottlers List,https://www.ttb.gov/public-information/foia/list-of-permittees,2026-08-21,TTB Spirits Producers and Bottlers List: CA-S-20329,Prepared from unmatched active TTB permit queue; no public GeoJSON change.
ca-ttb-7298b5621b47,PREVAIL WINERY,"FOLEY FAMILY WINES, INC.",PREVAIL WINERY,"2450 HIGHWAY 128, GEYSERVILLE, CA, 95441",GEYSERVILLE,CA,95441,CA-S-20336,1,needs_review,Pre-research single-permit candidate; requires operating-role verification.,unknown,,,TTB Spirits Producers and Bottlers List,https://www.ttb.gov/public-information/foia/list-of-permittees,2026-08-21,TTB Spirits Producers and Bottlers List: CA-S-20336,Prepared from unmatched active TTB permit queue; no public GeoJSON change.
ca-ttb-729ba44df580,"BIG BRANDS ALCOHOLIC CO PACKING, LLC","BIG BRANDS ALCOHOLIC CO PACKING, LLC",,"490 3RD ST, LAKE ELSINORE, CA, 92530",LAKE ELSINORE,CA,92530,CA-S-20353,1,needs_review,Pre-research single-permit candidate; requires operating-role verification.,unknown,,,TTB Spirits Producers and Bottlers List,https://www.ttb.gov/public-information/foia/list-of-permittees,2026-08-21,TTB Spirits Producers and Bottlers List: CA-S-20353,Prepared from unmatched active TTB permit queue; no public GeoJSON change.
ca-ttb-72b98908e9c8,"BRUTOCAO CELLARS, BRUTOCAO FAMILY ENTERPRISES, LLC, GP, BRUTOCAO","BRUTOCAO CELLARS, BRUTOCAO FAMILY ENTERPRISES, LLC, GP, BRUTOCAO",,"1400 HIGHWAY 175, HOPLAND, CA, 95449",HOPLAND,CA,95449,CA-S-15137,1,needs_review,Pre-research single-permit candidate; requires operating-role verification.,unknown,,,TTB Spirits Producers and Bottlers List,https://www.ttb.gov/public-information/foia/list-of-permittees,2026-08-21,TTB Spirits Producers and Bottlers List: CA-S-15137,Prepared from unmatched active TTB permit queue; no public GeoJSON change.
ca-ttb-741e01caa5e2,COLD COCKED BEVERAGE COMPANY,COLD COCKED BEVERAGES LLC,COLD COCKED BEVERAGE COMPANY,"2020 DENNISON ST STE 11, OAKLAND, CA, 94606",OAKLAND,CA,94606,CA-S-15090,1,needs_review,Pre-research single-permit candidate; requires operating-role verification.,unknown,,,TTB Spirits Producers and Bottlers List,https://www.ttb.gov/public-information/foia/list-of-permittees,2026-08-21,TTB Spirits Producers and Bottlers List: CA-S-15090,Prepared from unmatched active TTB permit queue; no public GeoJSON change.
ca-ttb-745064f61274,Joseph Cellars Winery,"J. CELLARS INVESTMENTS, LLC",Joseph Cellars Winery,"4455 N ST HELENA HWY, CALISTOGA, CA, 94515",CALISTOGA,CA,94515,CA-S-20433,1,needs_review,Pre-research single-permit candidate; requires operating-role verification.,unknown,,,TTB Spirits Producers and Bottlers List,https://www.ttb.gov/public-information/foia/list-of-permittees,2026-08-21,TTB Spirits Producers and Bottlers List: CA-S-20433,Prepared from unmatched active TTB permit queue; no public GeoJSON change.
ca-ttb-7455287e520e,WENTE BROS.,WENTE BROS.,,"5565 TESLA RD, LIVERMORE, CA, 94550",LIVERMORE,CA,94550,CA-S-338,1,needs_review,Pre-research single-permit candidate; requires operating-role verification.,unknown,,,TTB Spirits Producers and Bottlers List,https://www.ttb.gov/public-information/foia/list-of-permittees,2026-08-21,TTB Spirits Producers and Bottlers List: CA-S-338,Prepared from unmatched active TTB permit queue; no public GeoJSON change.
ca-ttb-751abc631f0d,Alamitos Vineyards,"ALAMITOS VINEYARDS, INC.",Alamitos Vineyards,"23505 ALAMITOS RD, SAN JOSE, CA, 95120",SAN JOSE,CA,95120,CA-S-20354,1,needs_review,Pre-research single-permit candidate; requires operating-role verification.,unknown,,,TTB Spirits Producers and Bottlers List,https://www.ttb.gov/public-information/foia/list-of-permittees,2026-08-21,TTB Spirits Producers and Bottlers List: CA-S-20354,Prepared from unmatched active TTB permit queue; no public GeoJSON change.
ca-ttb-770581ba2e0d,"LONGCREAUX DISTILLING CO., LLC","LONGCREAUX DISTILLING CO., LLC",,"12807 LONE STAR RD, AUBURN, CA, 95602",AUBURN,CA,95602,CA-S-20179,1,needs_review,Pre-research single-permit candidate; requires operating-role verification.,unknown,,,TTB Spirits Producers and Bottlers List,https://www.ttb.gov/public-information/foia/list-of-permittees,2026-08-21,TTB Spirits Producers and Bottlers List: CA-S-20179,Prepared from unmatched active TTB permit queue; no public GeoJSON change.
ca-ttb-78801922f7ea,"Barrel Brothers Brewing Company, LLC","BARREL BROTHERS BREWING COMPANY, LLC","Barrel Brothers Brewing Company, LLC","399 BUSINESS PARK CT STE 506, WINDSOR, CA, 95492",WINDSOR,CA,95492,CA-S-20323,1,needs_review,Pre-research single-permit candidate; requires operating-role verification.,unknown,,,TTB Spirits Producers and Bottlers List,https://www.ttb.gov/public-information/foia/list-of-permittees,2026-08-21,TTB Spirits Producers and Bottlers List: CA-S-20323,Prepared from unmatched active TTB permit queue; no public GeoJSON change.
ca-ttb-78c07792eca8,Lompoc Wine Factory,STEPHEN BRIDGE,Lompoc Wine Factory,"321 D ST, LOMPOC, CA, 93436",LOMPOC,CA,93436,CA-S-20271,1,needs_review,Pre-research single-permit candidate; requires operating-role verification.,unknown,,,TTB Spirits Producers and Bottlers List,https://www.ttb.gov/public-information/foia/list-of-permittees,2026-08-21,TTB Spirits Producers and Bottlers List: CA-S-20271,Prepared from unmatched active TTB permit queue; no public GeoJSON change.
ca-ttb-7928f7b95693,"SNOW-LINE ORCHARD, LLC","SNOW-LINE ORCHARD, LLC",,"39400 OAK GLEN RD, YUCAIPA, CA, 92399",YUCAIPA,CA,92399,CA-S-20133,1,needs_review,Pre-research single-permit candidate; requires operating-role verification.,unknown,,,TTB Spirits Producers and Bottlers List,https://www.ttb.gov/public-information/foia/list-of-permittees,2026-08-21,TTB Spirits Producers and Bottlers List: CA-S-20133,Prepared from unmatched active TTB permit queue; no public GeoJSON change.
ca-ttb-7975cbcec5c0,NEW DIRECTION FOODS INC.,NEW DIRECTION FOODS INC.,,"16321 GOTHARD ST STE D, HUNTINGTON BEACH, CA, 92647",HUNTINGTON BEACH,CA,92647,CA-S-20196,1,needs_review,Pre-research single-permit candidate; requires operating-role verification.,unknown,,,TTB Spirits Producers and Bottlers List,https://www.ttb.gov/public-information/foia/list-of-permittees,2026-08-21,TTB Spirits Producers and Bottlers List: CA-S-20196,Prepared from unmatched active TTB permit queue; no public GeoJSON change.
ca-ttb-7a82c09c3631,CALIFORNIA NATURAL PRODUCTS,CALIFORNIA NATURAL PRODUCTS,,"1250 E LATHROP RD, LATHROP, CA, 95330",LATHROP,CA,95330,CA-S-15095,1,needs_review,Pre-research single-permit candidate; requires operating-role verification.,unknown,,,TTB Spirits Producers and Bottlers List,https://www.ttb.gov/public-information/foia/list-of-permittees,2026-08-21,TTB Spirits Producers and Bottlers List: CA-S-15095,Prepared from unmatched active TTB permit queue; no public GeoJSON change.
ca-ttb-7bba5121bef6,"JEWELL DISTILLERY, INC.","JEWELL DISTILLERY, INC.",,"120 MONDA WAY UNIT C, BLUE LAKE, CA, 95525",BLUE LAKE,CA,95525,CA-S-20102,1,needs_review,Pre-research single-permit candidate; requires operating-role verification.,unknown,,,TTB Spirits Producers and Bottlers List,https://www.ttb.gov/public-information/foia/list-of-permittees,2026-08-21,TTB Spirits Producers and Bottlers List: CA-S-20102,Prepared from unmatched active TTB permit queue; no public GeoJSON change.
ca-ttb-7bc94156116c,"SLO GENERAL STORE, LLC","SLO GENERAL STORE, LLC",,"3845 S HIGUERA ST STE 114, SAN LUIS OBISPO, CA, 93401",SAN LUIS OBISPO,CA,93401,CA-S-20536,1,needs_review,Pre-research single-permit candidate; requires operating-role verification.,unknown,,,TTB Spirits Producers and Bottlers List,https://www.ttb.gov/public-information/foia/list-of-permittees,2026-08-21,TTB Spirits Producers and Bottlers List: CA-S-20536,Prepared from unmatched active TTB permit queue; no public GeoJSON change.
ca-ttb-7bcd9718e947,MOSSWOOD DISTILLERS INC.,MOSSWOOD DISTILLERS INC.,,"2619 7TH ST STE A, BERKELEY, CA, 94710",BERKELEY,CA,94710,CA-S-20025,1,needs_review,Pre-research single-permit candidate; requires operating-role verification.,unknown,,,TTB Spirits Producers and Bottlers List,https://www.ttb.gov/public-information/foia/list-of-permittees,2026-08-21,TTB Spirits Producers and Bottlers List: CA-S-20025,Prepared from unmatched active TTB permit queue; no public GeoJSON change.
ca-ttb-7be04b67237e,CHATEAUNEUF-DU-FARGOSONINI LLC,CHATEAUNEUF-DU-FARGOSONINI LLC,,"14480 E ANNADALE AVE, SANGER, CA, 93657",SANGER,CA,93657,CA-S-20444,1,needs_review,Pre-research single-permit candidate; requires operating-role verification.,unknown,,,TTB Spirits Producers and Bottlers List,https://www.ttb.gov/public-information/foia/list-of-permittees,2026-08-21,TTB Spirits Producers and Bottlers List: CA-S-20444,Prepared from unmatched active TTB permit queue; no public GeoJSON change.
ca-ttb-7cd5f79b5d5c,HERETIC BREWING COMPANY,HERETIC BREWING COMPANY,,"1052 HORIZON DR STE A, B, C, FAIRFIELD, CA, 94533",FAIRFIELD,CA,94533,CA-S-20159,1,needs_review,Pre-research single-permit candidate; requires operating-role verification.,unknown,,,TTB Spirits Producers and Bottlers List,https://www.ttb.gov/public-information/foia/list-of-permittees,2026-08-21,TTB Spirits Producers and Bottlers List: CA-S-20159,Prepared from unmatched active TTB permit queue; no public GeoJSON change.
ca-ttb-7d0f43b82198,"ROCKY'S RIDGE VINEYARD,LLC","ROCKY'S RIDGE VINEYARD,LLC",,"22522 STATE HWY 299, BLUE LAKE, CA, 95525",BLUE LAKE,CA,95525,CA-S-20026,1,needs_review,Pre-research single-permit candidate; requires operating-role verification.,unknown,,,TTB Spirits Producers and Bottlers List,https://www.ttb.gov/public-information/foia/list-of-permittees,2026-08-21,TTB Spirits Producers and Bottlers List: CA-S-20026,Prepared from unmatched active TTB permit queue; no public GeoJSON change.
ca-ttb-7d24d0786e13,"MOUNTAIN HOUSE DISTILLERY, LLC","MOUNTAIN HOUSE DISTILLERY, LLC",,"33714 HIGHWAY 128, CLOVERDALE, CA, 95425",CLOVERDALE,CA,95425,CA-S-20573,1,needs_review,Pre-research single-permit candidate; requires operating-role verification.,unknown,,,TTB Spirits Producers and Bottlers List,https://www.ttb.gov/public-information/foia/list-of-permittees,2026-08-21,TTB Spirits Producers and Bottlers List: CA-S-20573,Prepared from unmatched active TTB permit queue; no public GeoJSON change.
ca-ttb-7d578a5dc6e7,JottShots!,"STUPID GOOD BEVERAGE COMPANY, LLC",JottShots!,"2568 CHANNEL DR STE A, VENTURA, CA, 93003",VENTURA,CA,93003,CA-S-20069,1,needs_review,Pre-research single-permit candidate; requires operating-role verification.,unknown,,,TTB Spirits Producers and Bottlers List,https://www.ttb.gov/public-information/foia/list-of-permittees,2026-08-21,TTB Spirits Producers and Bottlers List: CA-S-20069,Prepared from unmatched active TTB permit queue; no public GeoJSON change.
ca-ttb-7d9b744974f7,California Tacos Cantina & Distillery,MICHAEL EDWARDS ENTERPRISE LLC,California Tacos Cantina & Distillery,"110 TANK FARM RD BLDG 6 STE 110 & 120, SAN LUIS OBISPO, CA, 93401",SAN LUIS OBISPO,CA,93401,CA-S-20365,1,needs_review,Pre-research single-permit candidate; requires operating-role verification.,unknown,,,TTB Spirits Producers and Bottlers List,https://www.ttb.gov/public-information/foia/list-of-permittees,2026-08-21,TTB Spirits Producers and Bottlers List: CA-S-20365,Prepared from unmatched active TTB permit queue; no public GeoJSON change.
ca-ttb-7db59095eb0e,Nixtaco Mexican Kitchen & Distillery,NIXTACO,Nixtaco Mexican Kitchen & Distillery,"1805 CIRBY WAY STE 12, ROSEVILLE, CA, 95661",ROSEVILLE,CA,95661,CA-S-20294,1,needs_review,Pre-research single-permit candidate; requires operating-role verification.,unknown,,,TTB Spirits Producers and Bottlers List,https://www.ttb.gov/public-information/foia/list-of-permittees,2026-08-21,TTB Spirits Producers and Bottlers List: CA-S-20294,Prepared from unmatched active TTB permit queue; no public GeoJSON change.
ca-ttb-7e11574d6012,AMERICAN OUTLAW SPIRITS INCORPORATED,AMERICAN OUTLAW SPIRITS INCORPORATED,,"10810 INLAND AVE, MIRA LOMA, CA, 91752",MIRA LOMA,CA,91752,CA-S-20169,1,needs_review,Pre-research single-permit candidate; requires operating-role verification.,unknown,,,TTB Spirits Producers and Bottlers List,https://www.ttb.gov/public-information/foia/list-of-permittees,2026-08-21,TTB Spirits Producers and Bottlers List: CA-S-20169,Prepared from unmatched active TTB permit queue; no public GeoJSON change.
ca-ttb-7eeb7f780be7,ELIQS WEST COAST SPIRITS LLC,ELIQS WEST COAST SPIRITS LLC,,"411 W 157TH ST, GARDENA, CA, 90248",GARDENA,CA,90248,CA-S-20430,1,needs_review,Pre-research single-permit candidate; requires operating-role verification.,unknown,,,TTB Spirits Producers and Bottlers List,https://www.ttb.gov/public-information/foia/list-of-permittees,2026-08-21,TTB Spirits Producers and Bottlers List: CA-S-20430,Prepared from unmatched active TTB permit queue; no public GeoJSON change.
ca-ttb-7f12d3533fe4,Frank Family Vineyards,TREASURY WINE ESTATES AMERICAS COMPANY,Frank Family Vineyards,"1091 LARKMEAD LN, CALISTOGA, CA, 94515",CALISTOGA,CA,94515,CA-S-20532,1,needs_review,Pre-research single-permit candidate; requires operating-role verification.,unknown,,,TTB Spirits Producers and Bottlers List,https://www.ttb.gov/public-information/foia/list-of-permittees,2026-08-21,TTB Spirits Producers and Bottlers List: CA-S-20532,Prepared from unmatched active TTB permit queue; no public GeoJSON change.
ca-ttb-7f7a71c9e372,COHOL LLC,COHOL LLC,,"2823 OFFICE CT, ROSAMOND, CA, 93560",ROSAMOND,CA,93560,CA-S-20076,1,needs_review,Pre-research single-permit candidate; requires operating-role verification.,unknown,,,TTB Spirits Producers and Bottlers List,https://www.ttb.gov/public-information/foia/list-of-permittees,2026-08-21,TTB Spirits Producers and Bottlers List: CA-S-20076,Prepared from unmatched active TTB permit queue; no public GeoJSON change.
ca-ttb-80c2822ed576,HENDO'S BREWING AND SPIRITS LLC,HENDO'S BREWING AND SPIRITS LLC,,"27901 JEFFERSON AVE, TEMECULA, CA, 92590",TEMECULA,CA,92590,CA-S-20506,1,needs_review,Pre-research single-permit candidate; requires operating-role verification.,unknown,,,TTB Spirits Producers and Bottlers List,https://www.ttb.gov/public-information/foia/list-of-permittees,2026-08-21,TTB Spirits Producers and Bottlers List: CA-S-20506,Prepared from unmatched active TTB permit queue; no public GeoJSON change.
ca-ttb-81434a5332f1,"SAVANNAH-CHANELLE VINEYARDS, INC.","SAVANNAH-CHANELLE VINEYARDS, INC.",,"23600 CONGRESS SPRINGS RD, SARATOGA, CA, 95070",SARATOGA,CA,95070,CA-S-15008,1,needs_review,Pre-research single-permit candidate; requires operating-role verification.,unknown,,,TTB Spirits Producers and Bottlers List,https://www.ttb.gov/public-information/foia/list-of-permittees,2026-08-21,TTB Spirits Producers and Bottlers List: CA-S-15008,Prepared from unmatched active TTB permit queue; no public GeoJSON change.
ca-ttb-8226104697b2,"SEPCO DISTRIBUTION, INC.","SEPCO DISTRIBUTION, INC.",,"241 PRADO RD STE B, SAN LUIS OBISPO, CA, 93401",SAN LUIS OBISPO,CA,93401,CA-S-20344,1,needs_review,Pre-research single-permit candidate; requires operating-role verification.,unknown,,,TTB Spirits Producers and Bottlers List,https://www.ttb.gov/public-information/foia/list-of-permittees,2026-08-21,TTB Spirits Producers and Bottlers List: CA-S-20344,Prepared from unmatched active TTB permit queue; no public GeoJSON change.
ca-ttb-823e8b4adc5b,REINSTEIN RANCH LLC,REINSTEIN RANCH LLC,,"8201 HIGHLAND RD, LIVERMORE, CA, 94551",LIVERMORE,CA,94551,CA-S-20223,1,needs_review,Pre-research single-permit candidate; requires operating-role verification.,unknown,,,TTB Spirits Producers and Bottlers List,https://www.ttb.gov/public-information/foia/list-of-permittees,2026-08-21,TTB Spirits Producers and Bottlers List: CA-S-20223,Prepared from unmatched active TTB permit queue; no public GeoJSON change.
ca-ttb-8272fe144e66,G.V. THREE INTERNATIONAL,G. ROTTIE ENTERTAINMENT INC.,G.V. THREE INTERNATIONAL,"3822 W 139TH ST 20, HAWTHORNE, CA, 90250",HAWTHORNE,CA,90250,CA-S-15023,1,needs_review,Pre-research single-permit candidate; requires operating-role verification.,unknown,,,TTB Spirits Producers and Bottlers List,https://www.ttb.gov/public-information/foia/list-of-permittees,2026-08-21,TTB Spirits Producers and Bottlers List: CA-S-15023,Prepared from unmatched active TTB permit queue; no public GeoJSON change.
ca-ttb-82a040657b91,TREANA WINERY,TREANA WINERY LLC,TREANA WINERY,"4280 SECONDWIND WAY, PASO ROBLES, CA, 93447",PASO ROBLES,CA,93447,CA-S-15028,1,needs_review,Pre-research single-permit candidate; requires operating-role verification.,unknown,,,TTB Spirits Producers and Bottlers List,https://www.ttb.gov/public-information/foia/list-of-permittees,2026-08-21,TTB Spirits Producers and Bottlers List: CA-S-15028,Prepared from unmatched active TTB permit queue; no public GeoJSON change.
ca-ttb-836401e8d80b,Hotel Cerro San Luis Obispo,"AZ CONCESSIONS, LLC",Hotel Cerro San Luis Obispo,"1119 GARDEN ST, SAN LUIS OBISPO, CA, 93401",SAN LUIS OBISPO,CA,93401,CA-S-20527,1,needs_review,Pre-research single-permit candidate; requires operating-role verification.,unknown,,,TTB Spirits Producers and Bottlers List,https://www.ttb.gov/public-information/foia/list-of-permittees,2026-08-21,TTB Spirits Producers and Bottlers List: CA-S-20527,Prepared from unmatched active TTB permit queue; no public GeoJSON change.
ca-ttb-839cf81118c6,SYMRISE INC.,SYMRISE INC.,,"332 FOREST AVE STE 5 & 7, LAGUNA BEACH, CA, 92651",LAGUNA BEACH,CA,92651,CA-S-20529,1,needs_review,Pre-research single-permit candidate; requires operating-role verification.,unknown,,,TTB Spirits Producers and Bottlers List,https://www.ttb.gov/public-information/foia/list-of-permittees,2026-08-21,TTB Spirits Producers and Bottlers List: CA-S-20529,Prepared from unmatched active TTB permit queue; no public GeoJSON change.
ca-ttb-83b1c3603211,Ledson Winery & Vineyards,"LEDSON WINERY, LLC",Ledson Winery & Vineyards,"21692 8TH ST E STE 120, SONOMA, CA, 95476",SONOMA,CA,95476,CA-S-20513,1,needs_review,Pre-research single-permit candidate; requires operating-role verification.,unknown,,,TTB Spirits Producers and Bottlers List,https://www.ttb.gov/public-information/foia/list-of-permittees,2026-08-21,TTB Spirits Producers and Bottlers List: CA-S-20513,Prepared from unmatched active TTB permit queue; no public GeoJSON change.
ca-ttb-8522de902d27,"SKYROCKET DISTILLERS, LLC","SKYROCKET DISTILLERS, LLC",,"44075 SANDIA CREEK DR, TEMECULA, CA, 92590",TEMECULA,CA,92590,CA-S-15000,1,needs_review,Pre-research single-permit candidate; requires operating-role verification.,unknown,,,TTB Spirits Producers and Bottlers List,https://www.ttb.gov/public-information/foia/list-of-permittees,2026-08-21,TTB Spirits Producers and Bottlers List: CA-S-15000,Prepared from unmatched active TTB permit queue; no public GeoJSON change.
ca-ttb-856913af57c5,"REDWOOD BEVERAGE GROUP, LLC","REDWOOD BEVERAGE GROUP, LLC",,"2286 STONE BLVD, WEST SACRAMENTO, CA, 95651",WEST SACRAMENTO,CA,95651,CA-S-20579,1,needs_review,Pre-research single-permit candidate; requires operating-role verification.,unknown,,,TTB Spirits Producers and Bottlers List,https://www.ttb.gov/public-information/foia/list-of-permittees,2026-08-21,TTB Spirits Producers and Bottlers List: CA-S-20579,Prepared from unmatched active TTB permit queue; no public GeoJSON change.
ca-ttb-856c9dc8a539,Wier Ventures,BRIAN J WIER,Wier Ventures,"16884 OLD SURVEY RD, ESCONDIDO, CA, 92025",ESCONDIDO,CA,92025,CA-S-20355,1,needs_review,Pre-research single-permit candidate; requires operating-role verification.,unknown,,,TTB Spirits Producers and Bottlers List,https://www.ttb.gov/public-information/foia/list-of-permittees,2026-08-21,TTB Spirits Producers and Bottlers List: CA-S-20355,Prepared from unmatched active TTB permit queue; no public GeoJSON change.
ca-ttb-864eba49dff2,Festif Society,FESTIF SOCIETY,Festif Society,"11725 GOLDRING RD UNIT 4, ARCADIA, CA, 91006",ARCADIA,CA,91006,CA-S-20544,1,needs_review,Pre-research single-permit candidate; requires operating-role verification.,unknown,,,TTB Spirits Producers and Bottlers List,https://www.ttb.gov/public-information/foia/list-of-permittees,2026-08-21,TTB Spirits Producers and Bottlers List: CA-S-20544,Prepared from unmatched active TTB permit queue; no public GeoJSON change.
ca-ttb-866b59e18e28,ASTI WINERY,E. & J. GALLO WINERY,ASTI WINERY,"26150 ASTI RD, ASTI, CA, 95425",ASTI,CA,95425,CA-S-15148,1,needs_review,Pre-research single-permit candidate; requires operating-role verification.,unknown,,,TTB Spirits Producers and Bottlers List,https://www.ttb.gov/public-information/foia/list-of-permittees,2026-08-21,TTB Spirits Producers and Bottlers List: CA-S-15148,Prepared from unmatched active TTB permit queue; no public GeoJSON change.
ca-ttb-880980f27cde,California Tacos,ALEJANDRO URIBE-RICO,California Tacos,"606 ALAMO PINTADO RD STE 5 & 6, SOLVANG, CA, 93463",SOLVANG,CA,93463,CA-S-20414,1,needs_review,Pre-research single-permit candidate; requires operating-role verification.,unknown,,,TTB Spirits Producers and Bottlers List,https://www.ttb.gov/public-information/foia/list-of-permittees,2026-08-21,TTB Spirits Producers and Bottlers List: CA-S-20414,Prepared from unmatched active TTB permit queue; no public GeoJSON change.
ca-ttb-881297ad19f1,GEORGETOWN DISTILLERY LLC,GEORGETOWN DISTILLERY LLC,,"6101 STATE HIGHWAY 193, GEORGETOWN, CA, 95634",GEORGETOWN,CA,95634,CA-S-20321,1,needs_review,Pre-research single-permit candidate; requires operating-role verification.,unknown,,,TTB Spirits Producers and Bottlers List,https://www.ttb.gov/public-information/foia/list-of-permittees,2026-08-21,TTB Spirits Producers and Bottlers List: CA-S-20321,Prepared from unmatched active TTB permit queue; no public GeoJSON change.
ca-ttb-881533aa2da4,"CROWS CRAFT BREWING & DISTILLING CO., LLC","CROWS CRAFT BREWING & DISTILLING CO., LLC",,"111 INDUSTRIAL RD UNIT 2, BELMONT, CA, 94002",BELMONT,CA,94002,CA-S-20235,1,needs_review,Pre-research single-permit candidate; requires operating-role verification.,unknown,,,TTB Spirits Producers and Bottlers List,https://www.ttb.gov/public-information/foia/list-of-permittees,2026-08-21,TTB Spirits Producers and Bottlers List: CA-S-20235,Prepared from unmatched active TTB permit queue; no public GeoJSON change.
ca-ttb-881ea4fb1c83,"RB WINE ASSOCIATES, LLC","RB WINE ASSOCIATES, LLC",,"22280 GEYSERVILLE AVE, GEYSERVILLE, CA, 95441",GEYSERVILLE,CA,95441,CA-S-20507,1,needs_review,Pre-research single-permit candidate; requires operating-role verification.,unknown,,,TTB Spirits Producers and Bottlers List,https://www.ttb.gov/public-information/foia/list-of-permittees,2026-08-21,TTB Spirits Producers and Bottlers List: CA-S-20507,Prepared from unmatched active TTB permit queue; no public GeoJSON change.
ca-ttb-886dda7be666,Doc Pepe's Lab,"DOC PEPE'S LAB, LLC",Doc Pepe's Lab,"212 CYPRESS AVE, MARINA, CA, 93933",MARINA,CA,93933,CA-S-20081,1,needs_review,Pre-research single-permit candidate; requires operating-role verification.,unknown,,,TTB Spirits Producers and Bottlers List,https://www.ttb.gov/public-information/foia/list-of-permittees,2026-08-21,TTB Spirits Producers and Bottlers List: CA-S-20081,Prepared from unmatched active TTB permit queue; no public GeoJSON change.
ca-ttb-886f3130ebba,TAHOE MOONSHINE DISTILLERY,"TAHOE MOONSHINE DISTILLERY, INC.",TAHOE MOONSHINE DISTILLERY,"1611 SHOP ST 4B, SOUTH LAKE TAHOE, CA, 96150",SOUTH LAKE TAHOE,CA,96150,CA-S-15107,1,needs_review,Pre-research single-permit candidate; requires operating-role verification.,unknown,,,TTB Spirits Producers and Bottlers List,https://www.ttb.gov/public-information/foia/list-of-permittees,2026-08-21,TTB Spirits Producers and Bottlers List: CA-S-15107,Prepared from unmatched active TTB permit queue; no public GeoJSON change.
ca-ttb-8870a5963db3,"SUTTER HOME WINERY, INC.","SUTTER HOME WINERY, INC.",,"18667 N JACOB BRACK RD, LODI, CA, 95242",LODI,CA,95242,CA-S-20172,1,needs_review,Pre-research single-permit candidate; requires operating-role verification.,unknown,,,TTB Spirits Producers and Bottlers List,https://www.ttb.gov/public-information/foia/list-of-permittees,2026-08-21,TTB Spirits Producers and Bottlers List: CA-S-20172,Prepared from unmatched active TTB permit queue; no public GeoJSON change.
ca-ttb-88c363a29b5f,"ULTRA PURE, LLC","ULTRA PURE, LLC",,"11903 PIKE ST, SANTA FE SPRINGS, CA, 90670",SANTA FE SPRINGS,CA,90670,CA-S-20186,1,needs_review,Pre-research single-permit candidate; requires operating-role verification.,unknown,,,TTB Spirits Producers and Bottlers List,https://www.ttb.gov/public-information/foia/list-of-permittees,2026-08-21,TTB Spirits Producers and Bottlers List: CA-S-20186,Prepared from unmatched active TTB permit queue; no public GeoJSON change.
ca-ttb-88c5f571faa2,The Barn,"THE BARN, INC",The Barn,"2850 EL CAJON BLVD STE 3, SAN DIEGO, CA, 92104",SAN DIEGO,CA,92104,CA-S-20266,1,needs_review,Pre-research single-permit candidate; requires operating-role verification.,unknown,,,TTB Spirits Producers and Bottlers List,https://www.ttb.gov/public-information/foia/list-of-permittees,2026-08-21,TTB Spirits Producers and Bottlers List: CA-S-20266,Prepared from unmatched active TTB permit queue; no public GeoJSON change.
ca-ttb-89bdfa18b305,Venteux Vineyards,"RAMBERG VINEYARDS, LLC",Venteux Vineyards,"1795 LAS TABLAS RD, TEMPLETON, CA, 93465",TEMPLETON,CA,93465,CA-S-20243,1,needs_review,Pre-research single-permit candidate; requires operating-role verification.,unknown,,,TTB Spirits Producers and Bottlers List,https://www.ttb.gov/public-information/foia/list-of-permittees,2026-08-21,TTB Spirits Producers and Bottlers List: CA-S-20243,Prepared from unmatched active TTB permit queue; no public GeoJSON change.
ca-ttb-8a27e7979e67,HAPY INC.,HAPY INC.,,"821 N OAK PARK BLVD, PISMO BEACH, CA, 93449",PISMO BEACH,CA,93449,CA-S-20427,1,needs_review,Pre-research single-permit candidate; requires operating-role verification.,unknown,,,TTB Spirits Producers and Bottlers List,https://www.ttb.gov/public-information/foia/list-of-permittees,2026-08-21,TTB Spirits Producers and Bottlers List: CA-S-20427,Prepared from unmatched active TTB permit queue; no public GeoJSON change.
ca-ttb-8b35374caca2,Great Women Spirits Ltd.,"THE COUNTESS WALEWSKA, LLC",Great Women Spirits Ltd.,"1320 SCOTT ST STE A, PETALUMA, CA, 94954",PETALUMA,CA,94954,CA-S-20238,1,needs_review,Pre-research single-permit candidate; requires operating-role verification.,unknown,,,TTB Spirits Producers and Bottlers List,https://www.ttb.gov/public-information/foia/list-of-permittees,2026-08-21,TTB Spirits Producers and Bottlers List: CA-S-20238,Prepared from unmatched active TTB permit queue; no public GeoJSON change.
ca-ttb-8b7eb63ead21,Ligtning Spirits,LIGHTNING SPIRITS LLC,Ligtning Spirits,"1340 COMMERCE ST STE F, PETALUMA, CA, 94954",PETALUMA,CA,94954,CA-S-20302,1,needs_review,Pre-research single-permit candidate; requires operating-role verification.,unknown,,,TTB Spirits Producers and Bottlers List,https://www.ttb.gov/public-information/foia/list-of-permittees,2026-08-21,TTB Spirits Producers and Bottlers List: CA-S-20302,Prepared from unmatched active TTB permit queue; no public GeoJSON change.
ca-ttb-8be0c9308273,SWINFORD SPIRITS,"SWINFORD SPIRITS, LLC",SWINFORD SPIRITS,"8680 MIRALANI DR STE 117, SAN DIEGO, CA, 92126",SAN DIEGO,CA,92126,CA-S-20108,1,needs_review,Pre-research single-permit candidate; requires operating-role verification.,unknown,,,TTB Spirits Producers and Bottlers List,https://www.ttb.gov/public-information/foia/list-of-permittees,2026-08-21,TTB Spirits Producers and Bottlers List: CA-S-20108,Prepared from unmatched active TTB permit queue; no public GeoJSON change.
ca-ttb-8be2b9a72885,ELK FENCE DISTILLERY LLC,ELK FENCE DISTILLERY LLC,,"464 KENWOOD CT STE E, SANTA ROSA, CA, 95407",SANTA ROSA,CA,95407,CA-S-20175,1,needs_review,Pre-research single-permit candidate; requires operating-role verification.,unknown,,,TTB Spirits Producers and Bottlers List,https://www.ttb.gov/public-information/foia/list-of-permittees,2026-08-21,TTB Spirits Producers and Bottlers List: CA-S-20175,Prepared from unmatched active TTB permit queue; no public GeoJSON change.
ca-ttb-8c927cea0989,SPIRITS WATER DISTILERY,ARLA JEAN RAMSEY,SPIRITS WATER DISTILERY,"725 RANCHERIA RD, BLUE LAKE, CA, 95525",BLUE LAKE,CA,95525,CA-S-15134,1,needs_review,Pre-research single-permit candidate; requires operating-role verification.,unknown,,,TTB Spirits Producers and Bottlers List,https://www.ttb.gov/public-information/foia/list-of-permittees,2026-08-21,TTB Spirits Producers and Bottlers List: CA-S-15134,Prepared from unmatched active TTB permit queue; no public GeoJSON change.
ca-ttb-8d1499edd92b,LUNA DISTRIBUTING LLC,LUNA DISTRIBUTING LLC,,"2680 POMONA BLVD STE G, POMONA, CA, 91768",POMONA,CA,91768,CA-S-20073,1,needs_review,Pre-research single-permit candidate; requires operating-role verification.,unknown,,,TTB Spirits Producers and Bottlers List,https://www.ttb.gov/public-information/foia/list-of-permittees,2026-08-21,TTB Spirits Producers and Bottlers List: CA-S-20073,Prepared from unmatched active TTB permit queue; no public GeoJSON change.
ca-ttb-8e4a64d75921,Mount Diablo Distillery,"MOUNT DIABLO DISTILLERY, LLC",Mount Diablo Distillery,"729 FULTON SHIPYARD RD UNIT A-3, ANTIOCH, CA, 94509",ANTIOCH,CA,94509,CA-S-20251,1,needs_review,Pre-research single-permit candidate; requires operating-role verification.,unknown,,,TTB Spirits Producers and Bottlers List,https://www.ttb.gov/public-information/foia/list-of-permittees,2026-08-21,TTB Spirits Producers and Bottlers List: CA-S-20251,Prepared from unmatched active TTB permit queue; no public GeoJSON change.
ca-ttb-8ec21e790681,FruitCraft,CALIFORNIA FRUIT WINE CORP.,FruitCraft,"1477 UNIVERSITY AVE, SAN DIEGO, CA, 92103",SAN DIEGO,CA,92103,CA-S-20566,1,needs_review,Pre-research single-permit candidate; requires operating-role verification.,unknown,,,TTB Spirits Producers and Bottlers List,https://www.ttb.gov/public-information/foia/list-of-permittees,2026-08-21,TTB Spirits Producers and Bottlers List: CA-S-20566,Prepared from unmatched active TTB permit queue; no public GeoJSON change.
ca-ttb-8fc2c8c726cc,Wineshine,"WINESHINE, INC.",Wineshine,"3064 LIMESTONE WAY, PASO ROBLES, CA, 93446",PASO ROBLES,CA,93446,CA-S-20086,1,needs_review,Pre-research single-permit candidate; requires operating-role verification.,unknown,,,TTB Spirits Producers and Bottlers List,https://www.ttb.gov/public-information/foia/list-of-permittees,2026-08-21,TTB Spirits Producers and Bottlers List: CA-S-20086,Prepared from unmatched active TTB permit queue; no public GeoJSON change.
ca-ttb-8feb9ea01354,LITCO BEVERAGES,"LITCO LUMBER, INC.",LITCO BEVERAGES,"6601 MERCHANDISE WAY UNIT C, DIAMOND SPRINGS, CA, 95619",DIAMOND SPRINGS,CA,95619,CA-S-15112,1,needs_review,Pre-research single-permit candidate; requires operating-role verification.,unknown,,,TTB Spirits Producers and Bottlers List,https://www.ttb.gov/public-information/foia/list-of-permittees,2026-08-21,TTB Spirits Producers and Bottlers List: CA-S-15112,Prepared from unmatched active TTB permit queue; no public GeoJSON change.
ca-ttb-900caa4928fb,117° West Spirits,GENEROUS SPIRITS LLC,117° West Spirits,"2332 LA MIRADA DR STE 800, VISTA, CA, 92081",VISTA,CA,92081,CA-S-20170,1,needs_review,Pre-research single-permit candidate; requires operating-role verification.,unknown,,,TTB Spirits Producers and Bottlers List,https://www.ttb.gov/public-information/foia/list-of-permittees,2026-08-21,TTB Spirits Producers and Bottlers List: CA-S-20170,Prepared from unmatched active TTB permit queue; no public GeoJSON change.
ca-ttb-9015b486a827,"CHAIM, LLC","CHAIM, LLC",,"1102 6TH ST, BERKELEY, CA, 94710",BERKELEY,CA,94710,CA-S-20522,1,needs_review,Pre-research single-permit candidate; requires operating-role verification.,unknown,,,TTB Spirits Producers and Bottlers List,https://www.ttb.gov/public-information/foia/list-of-permittees,2026-08-21,TTB Spirits Producers and Bottlers List: CA-S-20522,Prepared from unmatched active TTB permit queue; no public GeoJSON change.
ca-ttb-92a2644793f9,MADDIEMAE LLC,MADDIEMAE LLC,,"1334 ROCKY POINT DR, OCEANSIDE, CA, 92056",OCEANSIDE,CA,92056,CA-S-20570,1,needs_review,Pre-research single-permit candidate; requires operating-role verification.,unknown,,,TTB Spirits Producers and Bottlers List,https://www.ttb.gov/public-information/foia/list-of-permittees,2026-08-21,TTB Spirits Producers and Bottlers List: CA-S-20570,Prepared from unmatched active TTB permit queue; no public GeoJSON change.
ca-ttb-939ba36a6c87,"FATHOM SPIRITS, LLC","FATHOM SPIRITS, LLC",,"9 HANGAR WAY STE 1A, WATSONVILLE, CA, 95076",WATSONVILLE,CA,95076,CA-S-20569,1,needs_review,Pre-research single-permit candidate; requires operating-role verification.,unknown,,,TTB Spirits Producers and Bottlers List,https://www.ttb.gov/public-information/foia/list-of-permittees,2026-08-21,TTB Spirits Producers and Bottlers List: CA-S-20569,Prepared from unmatched active TTB permit queue; no public GeoJSON change.
ca-ttb-93a1aea40f49,MAVRIK NORTH AMERICA LLC,MAVRIK NORTH AMERICA LLC,,"105 ZINFANDEL LN, ST HELENA, CA, 94574",ST HELENA,CA,94574,CA-S-20096,1,needs_review,Pre-research single-permit candidate; requires operating-role verification.,unknown,,,TTB Spirits Producers and Bottlers List,https://www.ttb.gov/public-information/foia/list-of-permittees,2026-08-21,TTB Spirits Producers and Bottlers List: CA-S-20096,Prepared from unmatched active TTB permit queue; no public GeoJSON change.
ca-ttb-95206550af11,"KAUTZ VINEYARDS, INC.","KAUTZ VINEYARDS, INC.",,"1894 SIX MILE RD, MURPHYS, CA, 95247",MURPHYS,CA,95247,CA-S-314,1,needs_review,Pre-research single-permit candidate; requires operating-role verification.,unknown,,,TTB Spirits Producers and Bottlers List,https://www.ttb.gov/public-information/foia/list-of-permittees,2026-08-21,TTB Spirits Producers and Bottlers List: CA-S-314,Prepared from unmatched active TTB permit queue; no public GeoJSON change.
ca-ttb-9632268d4328,J. LOHR WINERY CORPORATION,J. LOHR WINERY CORPORATION,,"39502 CYPRESS AVE, GREENFIELD, CA, 93927",GREENFIELD,CA,93927,CA-S-20221,1,needs_review,Pre-research single-permit candidate; requires operating-role verification.,unknown,,,TTB Spirits Producers and Bottlers List,https://www.ttb.gov/public-information/foia/list-of-permittees,2026-08-21,TTB Spirits Producers and Bottlers List: CA-S-20221,Prepared from unmatched active TTB permit queue; no public GeoJSON change.
ca-ttb-965a4a1e54eb,CEDAR RIDGE APPLE RANCH LLC,CEDAR RIDGE APPLE RANCH LLC,,"14679 SUMMERS LN, SONORA, CA, 95370",SONORA,CA,95370,CA-S-15071,1,needs_review,Pre-research single-permit candidate; requires operating-role verification.,unknown,,,TTB Spirits Producers and Bottlers List,https://www.ttb.gov/public-information/foia/list-of-permittees,2026-08-21,TTB Spirits Producers and Bottlers List: CA-S-15071,Prepared from unmatched active TTB permit queue; no public GeoJSON change.
ca-ttb-966ed51b1d2e,1114 Crafthouse,"DELIVERY SB, LLC",1114 Crafthouse,"1114 STATE ST STE 20, SANTA BARBARA, CA, 93101",SANTA BARBARA,CA,93101,CA-S-20502,1,needs_review,Pre-research single-permit candidate; requires operating-role verification.,unknown,,,TTB Spirits Producers and Bottlers List,https://www.ttb.gov/public-information/foia/list-of-permittees,2026-08-21,TTB Spirits Producers and Bottlers List: CA-S-20502,Prepared from unmatched active TTB permit queue; no public GeoJSON change.
ca-ttb-980d9ad217bb,Timber House Brewing,"TIMBER HOUSE, INC.",Timber House Brewing,"501 MAIN ST, CHESTER, CA, 96020",CHESTER,CA,96020,CA-S-20308,1,needs_review,Pre-research single-permit candidate; requires operating-role verification.,unknown,,,TTB Spirits Producers and Bottlers List,https://www.ttb.gov/public-information/foia/list-of-permittees,2026-08-21,TTB Spirits Producers and Bottlers List: CA-S-20308,Prepared from unmatched active TTB permit queue; no public GeoJSON change.
ca-ttb-98b686b667f0,LLOYD SPIRITS,LLOYD SPIRITS LLC,LLOYD SPIRITS,"425 ALTA ST #15, GONZALES, CA, 93926",GONZALES,CA,93926,CA-S-15122,1,needs_review,Pre-research single-permit candidate; requires operating-role verification.,unknown,,,TTB Spirits Producers and Bottlers List,https://www.ttb.gov/public-information/foia/list-of-permittees,2026-08-21,TTB Spirits Producers and Bottlers List: CA-S-15122,Prepared from unmatched active TTB permit queue; no public GeoJSON change.
ca-ttb-9a839d87db72,Sipsong Spirits,SIPSONG SPIRITS LLC,Sipsong Spirits,"7759 BELL RD, WINDSOR, CA, 95492",WINDSOR,CA,95492,CA-S-20213,1,needs_review,Pre-research single-permit candidate; requires operating-role verification.,unknown,,,TTB Spirits Producers and Bottlers List,https://www.ttb.gov/public-information/foia/list-of-permittees,2026-08-21,TTB Spirits Producers and Bottlers List: CA-S-20213,Prepared from unmatched active TTB permit queue; no public GeoJSON change.
ca-ttb-9ab2ab4a3880,"RUSSELL CITY DISTILLERY, INC.","RUSSELL CITY DISTILLERY, INC.",,"22549 FOOTHILL BLVD, HAYWARD, CA, 94541",HAYWARD,CA,94541,CA-S-20072,1,needs_review,Pre-research single-permit candidate; requires operating-role verification.,unknown,,,TTB Spirits Producers and Bottlers List,https://www.ttb.gov/public-information/foia/list-of-permittees,2026-08-21,TTB Spirits Producers and Bottlers List: CA-S-20072,Prepared from unmatched active TTB permit queue; no public GeoJSON change.
ca-ttb-9b15f6747cbf,"DELICATO VINEYARDS, LLC","DELICATO VINEYARDS, LLC",,"12001 S HIGHWAY 99, MANTECA, CA, 95336",MANTECA,CA,95336,CA-S-312,1,needs_review,Pre-research single-permit candidate; requires operating-role verification.,unknown,,,TTB Spirits Producers and Bottlers List,https://www.ttb.gov/public-information/foia/list-of-permittees,2026-08-21,TTB Spirits Producers and Bottlers List: CA-S-312,Prepared from unmatched active TTB permit queue; no public GeoJSON change.
ca-ttb-9beb3d5929d3,Kiko Restaurant,PERUVIAN CONCEPT LLC,Kiko Restaurant,"746 HIGUERA ST STE 6, SAN LUIS OBISPO, CA, 93401",SAN LUIS OBISPO,CA,93401,CA-S-20481,1,needs_review,Pre-research single-permit candidate; requires operating-role verification.,unknown,,,TTB Spirits Producers and Bottlers List,https://www.ttb.gov/public-information/foia/list-of-permittees,2026-08-21,TTB Spirits Producers and Bottlers List: CA-S-20481,Prepared from unmatched active TTB permit queue; no public GeoJSON change.
ca-ttb-9c6600dd4fa8,"SBRAGIA FAMILY VINEYARDS, LLC","SBRAGIA FAMILY VINEYARDS, LLC",,"9990 DRY CREEK RD, GEYSERVILLE, CA, 95441",GEYSERVILLE,CA,95441,CA-S-20215,1,needs_review,Pre-research single-permit candidate; requires operating-role verification.,unknown,,,TTB Spirits Producers and Bottlers List,https://www.ttb.gov/public-information/foia/list-of-permittees,2026-08-21,TTB Spirits Producers and Bottlers List: CA-S-20215,Prepared from unmatched active TTB permit queue; no public GeoJSON change.
ca-ttb-9c8e11865693,"RELENTLESS BREWING AND SPIRITS, LLC","RELENTLESS BREWING AND SPIRITS, LLC",,"2133 COLORADO BLVD, LOS ANGELES, CA, 90041",LOS ANGELES,CA,90041,CA-S-20237,1,needs_review,Pre-research single-permit candidate; requires operating-role verification.,unknown,,,TTB Spirits Producers and Bottlers List,https://www.ttb.gov/public-information/foia/list-of-permittees,2026-08-21,TTB Spirits Producers and Bottlers List: CA-S-20237,Prepared from unmatched active TTB permit queue; no public GeoJSON change.
ca-ttb-9cee740db148,WELL ABOVE WINE AND SPIRITS INC,WELL ABOVE WINE AND SPIRITS INC,,"1302 GARDENA AVE, GLENDALE, CA, 91204",GLENDALE,CA,91204,CA-S-20520,1,needs_review,Pre-research single-permit candidate; requires operating-role verification.,unknown,,,TTB Spirits Producers and Bottlers List,https://www.ttb.gov/public-information/foia/list-of-permittees,2026-08-21,TTB Spirits Producers and Bottlers List: CA-S-20520,Prepared from unmatched active TTB permit queue; no public GeoJSON change.
ca-ttb-9d3306b9bc89,LEVECKE CORPORATION,LEVECKE CORPORATION,,"10810 INLAND AVE, MIRA LOMA, CA, 91752",MIRA LOMA,CA,91752,CA-S-182,1,needs_review,Pre-research single-permit candidate; requires operating-role verification.,unknown,,,TTB Spirits Producers and Bottlers List,https://www.ttb.gov/public-information/foia/list-of-permittees,2026-08-21,TTB Spirits Producers and Bottlers List: CA-S-182,Prepared from unmatched active TTB permit queue; no public GeoJSON change.
ca-ttb-9d673cd4aaed,"LAVA SPRINGS, INC.","LAVA SPRINGS, INC.",,"2221 FRUITRIDGE RD, PLACERVILLE, CA, 95667",PLACERVILLE,CA,95667,CA-S-15020,1,needs_review,Pre-research single-permit candidate; requires operating-role verification.,unknown,,,TTB Spirits Producers and Bottlers List,https://www.ttb.gov/public-information/foia/list-of-permittees,2026-08-21,TTB Spirits Producers and Bottlers List: CA-S-15020,Prepared from unmatched active TTB permit queue; no public GeoJSON change.
ca-ttb-9eb192419e66,TWISTED MANZANITA SPIRITS COMPANY,TWISTED MANZANITA SPIRITS COMPANY,,"10149 PROSPECT AVE BLDG, SANTEE, CA, 92071",SANTEE,CA,92071,CA-S-20013,1,needs_review,Pre-research single-permit candidate; requires operating-role verification.,unknown,,,TTB Spirits Producers and Bottlers List,https://www.ttb.gov/public-information/foia/list-of-permittees,2026-08-21,TTB Spirits Producers and Bottlers List: CA-S-20013,Prepared from unmatched active TTB permit queue; no public GeoJSON change.
ca-ttb-9f36aeb6b77e,GREEN BOTTLE,GREEN BOTTLE,,"3427 ROBERTO CT STE 130, SAN LUIS OBISPO, CA, 93401",SAN LUIS OBISPO,CA,93401,CA-S-20588,1,needs_review,Pre-research single-permit candidate; requires operating-role verification.,unknown,,,TTB Spirits Producers and Bottlers List,https://www.ttb.gov/public-information/foia/list-of-permittees,2026-08-21,TTB Spirits Producers and Bottlers List: CA-S-20588,Prepared from unmatched active TTB permit queue; no public GeoJSON change.
ca-ttb-9f67ab50e4f4,Fog Shots,FOG SHOTS,Fog Shots,"1545 E WASHINGTON BLVD, LOS ANGELES, CA, 90021",LOS ANGELES,CA,90021,CA-S-20136,1,needs_review,Pre-research single-permit candidate; requires operating-role verification.,unknown,,,TTB Spirits Producers and Bottlers List,https://www.ttb.gov/public-information/foia/list-of-permittees,2026-08-21,TTB Spirits Producers and Bottlers List: CA-S-20136,Prepared from unmatched active TTB permit queue; no public GeoJSON change.
ca-ttb-a0a44795deaa,Spirits Daddy,SPIRITSDADDY LLC,Spirits Daddy,"1110 BEL ARBRES DR STE D, REDWOOD VALLEY, CA, 95470",REDWOOD VALLEY,CA,95470,CA-S-20379,1,needs_review,Pre-research single-permit candidate; requires operating-role verification.,unknown,,,TTB Spirits Producers and Bottlers List,https://www.ttb.gov/public-information/foia/list-of-permittees,2026-08-21,TTB Spirits Producers and Bottlers List: CA-S-20379,Prepared from unmatched active TTB permit queue; no public GeoJSON change.
ca-ttb-a13d587228e9,STILLWATER SPIRITS,"SWEETWATER DISTILLERS, INC.",STILLWATER SPIRITS,"611 2ND ST, PETALUMA, CA, 94952",PETALUMA,CA,94952,CA-S-371,1,needs_review,Pre-research single-permit candidate; requires operating-role verification.,unknown,,,TTB Spirits Producers and Bottlers List,https://www.ttb.gov/public-information/foia/list-of-permittees,2026-08-21,TTB Spirits Producers and Bottlers List: CA-S-371,Prepared from unmatched active TTB permit queue; no public GeoJSON change.
ca-ttb-a14658765197,DAOU Vineyards,TREASURY WINE ESTATES AMERICAS COMPANY,DAOU Vineyards,"2777 HIDDEN MOUNTAIN RD, PASO ROBLES, CA, 93446",PASO ROBLES,CA,93446,CA-S-20551,1,needs_review,Pre-research single-permit candidate; requires operating-role verification.,unknown,,,TTB Spirits Producers and Bottlers List,https://www.ttb.gov/public-information/foia/list-of-permittees,2026-08-21,TTB Spirits Producers and Bottlers List: CA-S-20551,Prepared from unmatched active TTB permit queue; no public GeoJSON change.
ca-ttb-a233ae3229d3,URBAN PRESS SPIRITS LLC,URBAN PRESS SPIRITS LLC,,"5220 4TH ST STE 16 & 17, IRWINDALE, CA, 91706",IRWINDALE,CA,91706,CA-S-20180,1,needs_review,Pre-research single-permit candidate; requires operating-role verification.,unknown,,,TTB Spirits Producers and Bottlers List,https://www.ttb.gov/public-information/foia/list-of-permittees,2026-08-21,TTB Spirits Producers and Bottlers List: CA-S-20180,Prepared from unmatched active TTB permit queue; no public GeoJSON change.
ca-ttb-a27d8e7cdc36,Delta Artisan,"DELTA ARTISAN, LLC",Delta Artisan,"927 INDUSTRIAL WAY STE B, LODI, CA, 95240",LODI,CA,95240,CA-S-20284,1,needs_review,Pre-research single-permit candidate; requires operating-role verification.,unknown,,,TTB Spirits Producers and Bottlers List,https://www.ttb.gov/public-information/foia/list-of-permittees,2026-08-21,TTB Spirits Producers and Bottlers List: CA-S-20284,Prepared from unmatched active TTB permit queue; no public GeoJSON change.
ca-ttb-a2eb4b8238df,"SAZERAC DISTILLERS, LLC dba BARTON BRANDS OF CALIFORNIA","SAZERAC DISTILLERS, LLC","SAZERAC DISTILLERS, LLC dba BARTON BRANDS OF CALIFORNIA","2202 E DEL AMO BLVD, CARSON, CA, 90749",CARSON,CA,90749,CA-S-20374,1,needs_review,Pre-research single-permit candidate; requires operating-role verification.,unknown,,,TTB Spirits Producers and Bottlers List,https://www.ttb.gov/public-information/foia/list-of-permittees,2026-08-21,TTB Spirits Producers and Bottlers List: CA-S-20374,Prepared from unmatched active TTB permit queue; no public GeoJSON change.
ca-ttb-a306e292dbc6,Twisted Path Distillery,"SAMMLETON DISTILLING, LLC",Twisted Path Distillery,"8706 PRODUCTION AVE, SAN DIEGO, CA, 92121",SAN DIEGO,CA,92121,CA-S-20597,1,needs_review,Pre-research single-permit candidate; requires operating-role verification.,unknown,,,TTB Spirits Producers and Bottlers List,https://www.ttb.gov/public-information/foia/list-of-permittees,2026-08-21,TTB Spirits Producers and Bottlers List: CA-S-20597,Prepared from unmatched active TTB permit queue; no public GeoJSON change.
ca-ttb-a32c0b0779d3,Drift Distillery,"DRIFT BRANDS, LLC",Drift Distillery,"115 S EL CAMINO REAL, SAN CLEMENTE, CA, 92672",SAN CLEMENTE,CA,92672,CA-S-20512,1,needs_review,Pre-research single-permit candidate; requires operating-role verification.,unknown,,,TTB Spirits Producers and Bottlers List,https://www.ttb.gov/public-information/foia/list-of-permittees,2026-08-21,TTB Spirits Producers and Bottlers List: CA-S-20512,Prepared from unmatched active TTB permit queue; no public GeoJSON change.
ca-ttb-a38ab366c439,DDR Beverages,DDR BEVERAGES LLC,DDR Beverages,"2766 VIA ORANGE WAY STE E, SPRING VALLEY, CA, 91978",SPRING VALLEY,CA,91978,CA-S-20557,1,needs_review,Pre-research single-permit candidate; requires operating-role verification.,unknown,,,TTB Spirits Producers and Bottlers List,https://www.ttb.gov/public-information/foia/list-of-permittees,2026-08-21,TTB Spirits Producers and Bottlers List: CA-S-20557,Prepared from unmatched active TTB permit queue; no public GeoJSON change.
ca-ttb-a426bd71d5b5,THE INFUSERY LLC,THE INFUSERY LLC,,"2332 E 8TH ST, LOS ANGELES, CA, 90021",LOS ANGELES,CA,90021,CA-S-20337,1,needs_review,Pre-research single-permit candidate; requires operating-role verification.,unknown,,,TTB Spirits Producers and Bottlers List,https://www.ttb.gov/public-information/foia/list-of-permittees,2026-08-21,TTB Spirits Producers and Bottlers List: CA-S-20337,Prepared from unmatched active TTB permit queue; no public GeoJSON change.
ca-ttb-a45afd3313b2,AYLA DISTILLERY,AYLA DISTILLERY INC,AYLA DISTILLERY,"21299 OLD SONORA COLUMBIA RD, SONORA, CA, 95370",SONORA,CA,95370,CA-S-20516,1,needs_review,Pre-research single-permit candidate; requires operating-role verification.,unknown,,,TTB Spirits Producers and Bottlers List,https://www.ttb.gov/public-information/foia/list-of-permittees,2026-08-21,TTB Spirits Producers and Bottlers List: CA-S-20516,Prepared from unmatched active TTB permit queue; no public GeoJSON change.
ca-ttb-a4605d6689b6,Taqueria El Guero Distillery,"NEWSTONE, LLC",Taqueria El Guero Distillery,"560 EMBARCADERO, MORRO BAY, CA, 93442",MORRO BAY,CA,93442,CA-S-20530,1,needs_review,Pre-research single-permit candidate; requires operating-role verification.,unknown,,,TTB Spirits Producers and Bottlers List,https://www.ttb.gov/public-information/foia/list-of-permittees,2026-08-21,TTB Spirits Producers and Bottlers List: CA-S-20530,Prepared from unmatched active TTB permit queue; no public GeoJSON change.
ca-ttb-a482042dddc5,Nor-Cal Beverage,"NOR-CAL BEVERAGE CO., INC.",Nor-Cal Beverage,"1226 N OLIVE ST, ANHEIM, CA, 92801",ANHEIM,CA,92801,CA-S-20423,1,needs_review,Pre-research single-permit candidate; requires operating-role verification.,unknown,,,TTB Spirits Producers and Bottlers List,https://www.ttb.gov/public-information/foia/list-of-permittees,2026-08-21,TTB Spirits Producers and Bottlers List: CA-S-20423,Prepared from unmatched active TTB permit queue; no public GeoJSON change.
ca-ttb-a5e6119a0f98,"BITTER JOURNEY, LLC","BITTER JOURNEY, LLC",,"3040 SCOTT BLVD, SANTA CLARA, CA, 95054",SANTA CLARA,CA,95054,CA-S-20276,1,needs_review,Pre-research single-permit candidate; requires operating-role verification.,unknown,,,TTB Spirits Producers and Bottlers List,https://www.ttb.gov/public-information/foia/list-of-permittees,2026-08-21,TTB Spirits Producers and Bottlers List: CA-S-20276,Prepared from unmatched active TTB permit queue; no public GeoJSON change.
ca-ttb-a61e70f03a7d,Lost Republic Distilling Co.,DC BEVERAGE LLC,Lost Republic Distilling Co.,"101 GRANT AVE UNIT A, B, L, HEALDSBURG, CA, 95448",HEALDSBURG,CA,95448,CA-S-20070,1,needs_review,Pre-research single-permit candidate; requires operating-role verification.,unknown,,,TTB Spirits Producers and Bottlers List,https://www.ttb.gov/public-information/foia/list-of-permittees,2026-08-21,TTB Spirits Producers and Bottlers List: CA-S-20070,Prepared from unmatched active TTB permit queue; no public GeoJSON change.
ca-ttb-a995cd36b429,Sierra Nevada Brewing Co,SIERRA NEVADA BREWING CO.,Sierra Nevada Brewing Co,"1075 E 20TH ST, CHICO, CA, 95928",CHICO,CA,95928,CA-S-20317,1,needs_review,Pre-research single-permit candidate; requires operating-role verification.,unknown,,,TTB Spirits Producers and Bottlers List,https://www.ttb.gov/public-information/foia/list-of-permittees,2026-08-21,TTB Spirits Producers and Bottlers List: CA-S-20317,Prepared from unmatched active TTB permit queue; no public GeoJSON change.
ca-ttb-aa05bb7a65cb,Banks & Baugher Craft Distillers,BANKS & BAUGHER LLC,Banks & Baugher Craft Distillers,"4045 VIA PESCADOR STE D, CAMARILLO, CA, 93012",CAMARILLO,CA,93012,CA-S-20446,1,needs_review,Pre-research single-permit candidate; requires operating-role verification.,unknown,,,TTB Spirits Producers and Bottlers List,https://www.ttb.gov/public-information/foia/list-of-permittees,2026-08-21,TTB Spirits Producers and Bottlers List: CA-S-20446,Prepared from unmatched active TTB permit queue; no public GeoJSON change.
ca-ttb-aa3ba27743ee,Riley's Taproom,SANCHA INC.,Riley's Taproom,"2940 MCCALL STE 112, SELMA, CA, 93662",SELMA,CA,93662,CA-S-20599,1,needs_review,Pre-research single-permit candidate; requires operating-role verification.,unknown,,,TTB Spirits Producers and Bottlers List,https://www.ttb.gov/public-information/foia/list-of-permittees,2026-08-21,TTB Spirits Producers and Bottlers List: CA-S-20599,Prepared from unmatched active TTB permit queue; no public GeoJSON change.
ca-ttb-aa9db6991053,PACIFIC COAST BEVERAGE CO LLC,PACIFIC COAST BEVERAGE CO LLC,,"7900 EL CAMINO REAL, ATASCADERO, CA, 93422",ATASCADERO,CA,93422,CA-S-20591,1,needs_review,Pre-research single-permit candidate; requires operating-role verification.,unknown,,,TTB Spirits Producers and Bottlers List,https://www.ttb.gov/public-information/foia/list-of-permittees,2026-08-21,TTB Spirits Producers and Bottlers List: CA-S-20591,Prepared from unmatched active TTB permit queue; no public GeoJSON change.
ca-ttb-ab6defc52c15,CENTRAL COAST DISTILLARY,"CORCORAN CAPITAL GROUP, INC.",CENTRAL COAST DISTILLARY,"1875 EL CAMINO REAL BLDG 5 SUITE A, ATASCADERO, CA, 93422",ATASCADERO,CA,93422,CA-S-20188,1,needs_review,Pre-research single-permit candidate; requires operating-role verification.,unknown,,,TTB Spirits Producers and Bottlers List,https://www.ttb.gov/public-information/foia/list-of-permittees,2026-08-21,TTB Spirits Producers and Bottlers List: CA-S-20188,Prepared from unmatched active TTB permit queue; no public GeoJSON change.
ca-ttb-abc0157fd36e,Temblor Brewing Company,"TEMBLOR BREWING, LLC",Temblor Brewing Company,"3200 BUCK OWENS BLVD BLVD STE 200, BAKERSFIELD, CA, 93308",BAKERSFIELD,CA,93308,CA-S-20422,1,needs_review,Pre-research single-permit candidate; requires operating-role verification.,unknown,,,TTB Spirits Producers and Bottlers List,https://www.ttb.gov/public-information/foia/list-of-permittees,2026-08-21,TTB Spirits Producers and Bottlers List: CA-S-20422,Prepared from unmatched active TTB permit queue; no public GeoJSON change.
ca-ttb-ac7be210fc72,DOMAINE CHANDON,"DOMAINE CHANDON, INC.",DOMAINE CHANDON,"1 CALIFORNIA DR, YOUNTVILLE, CA, 94599",YOUNTVILLE,CA,94599,CA-S-315,1,needs_review,Pre-research single-permit candidate; requires operating-role verification.,unknown,,,TTB Spirits Producers and Bottlers List,https://www.ttb.gov/public-information/foia/list-of-permittees,2026-08-21,TTB Spirits Producers and Bottlers List: CA-S-315,Prepared from unmatched active TTB permit queue; no public GeoJSON change.
ca-ttb-acae2b68a210,"VA FILTRATION USA, LLC","VA FILTRATION USA, LLC",,"125 GATEWAY RD E STE D, NAPA, CA, 94558",NAPA,CA,94558,CA-S-15139,1,needs_review,Pre-research single-permit candidate; requires operating-role verification.,unknown,,,TTB Spirits Producers and Bottlers List,https://www.ttb.gov/public-information/foia/list-of-permittees,2026-08-21,TTB Spirits Producers and Bottlers List: CA-S-15139,Prepared from unmatched active TTB permit queue; no public GeoJSON change.
ca-ttb-acdc08d9f565,Long Beach Spirits Lab,"LONG BEACH SPIRITS LAB, LLC",Long Beach Spirits Lab,"516 W WILLOW ST, LONG BEACH, CA, 90806",LONG BEACH,CA,90806,CA-S-20246,1,needs_review,Pre-research single-permit candidate; requires operating-role verification.,unknown,,,TTB Spirits Producers and Bottlers List,https://www.ttb.gov/public-information/foia/list-of-permittees,2026-08-21,TTB Spirits Producers and Bottlers List: CA-S-20246,Prepared from unmatched active TTB permit queue; no public GeoJSON change.
ca-ttb-acf69346edea,DEBORAH RICHARDSON,DEBORAH RICHARDSON,,"9438 IRONDALE AVE, CHATSWORTH, CA, 91311",CHATSWORTH,CA,91311,CA-S-20429,1,needs_review,Pre-research single-permit candidate; requires operating-role verification.,unknown,,,TTB Spirits Producers and Bottlers List,https://www.ttb.gov/public-information/foia/list-of-permittees,2026-08-21,TTB Spirits Producers and Bottlers List: CA-S-20429,Prepared from unmatched active TTB permit queue; no public GeoJSON change.
ca-ttb-ad86528a10ff,CAPPY SHAKES,CAPPY SHAKES COCKTAIL COMPANY LLC,CAPPY SHAKES,"7806 BELL RD, WINDSOR, CA, 95492",WINDSOR,CA,95492,CA-S-20328,1,needs_review,Pre-research single-permit candidate; requires operating-role verification.,unknown,,,TTB Spirits Producers and Bottlers List,https://www.ttb.gov/public-information/foia/list-of-permittees,2026-08-21,TTB Spirits Producers and Bottlers List: CA-S-20328,Prepared from unmatched active TTB permit queue; no public GeoJSON change.
ca-ttb-ae5dd17eaa7b,Stampede,3-G GROUP LLC,Stampede,"1790 FIRST STREET, LIVERMORE, CA, 94550",LIVERMORE,CA,94550,CA-S-20604,1,needs_review,Pre-research single-permit candidate; requires operating-role verification.,unknown,,,TTB Spirits Producers and Bottlers List,https://www.ttb.gov/public-information/foia/list-of-permittees,2026-08-21,TTB Spirits Producers and Bottlers List: CA-S-20604,Prepared from unmatched active TTB permit queue; no public GeoJSON change.
ca-ttb-ae763a7819c8,"GREENWAY DISTILLERS, INC","GREENWAY DISTILLERS, INC",,"1110 BEL ARBRES DR STE D, REDWOOD VALLEY, CA, 95470",REDWOOD VALLEY,CA,95470,CA-S-15014,1,needs_review,Pre-research single-permit candidate; requires operating-role verification.,unknown,,,TTB Spirits Producers and Bottlers List,https://www.ttb.gov/public-information/foia/list-of-permittees,2026-08-21,TTB Spirits Producers and Bottlers List: CA-S-15014,Prepared from unmatched active TTB permit queue; no public GeoJSON change.
ca-ttb-ae96d1db968c,Seven Caves Spirits,"SEVEN CAVES SPIRITS, LLC",Seven Caves Spirits,"8125 MERCURY CT STE 120, SAN DIEGO, CA, 92111",SAN DIEGO,CA,92111,CA-S-20128,1,needs_review,Pre-research single-permit candidate; requires operating-role verification.,unknown,,,TTB Spirits Producers and Bottlers List,https://www.ttb.gov/public-information/foia/list-of-permittees,2026-08-21,TTB Spirits Producers and Bottlers List: CA-S-20128,Prepared from unmatched active TTB permit queue; no public GeoJSON change.
ca-ttb-aebff82261ec,bay area distilling company,"BAY AREA DISTILLING COMPANY, LLC",bay area distilling company,"2160 ELKINS WAY UNIT A, BRENTWOOD, CA, 94513",BRENTWOOD,CA,94513,CA-S-20094,1,needs_review,Pre-research single-permit candidate; requires operating-role verification.,unknown,,,TTB Spirits Producers and Bottlers List,https://www.ttb.gov/public-information/foia/list-of-permittees,2026-08-21,TTB Spirits Producers and Bottlers List: CA-S-20094,Prepared from unmatched active TTB permit queue; no public GeoJSON change.
ca-ttb-aeee82c911be,Eagles Nest Winery,DENNIS GRIMES & JULIE GRIMES,Eagles Nest Winery,"18259 CHABLIS RD, RAMONA, CA, 92065",RAMONA,CA,92065,CA-S-20100,1,needs_review,Pre-research single-permit candidate; requires operating-role verification.,unknown,,,TTB Spirits Producers and Bottlers List,https://www.ttb.gov/public-information/foia/list-of-permittees,2026-08-21,TTB Spirits Producers and Bottlers List: CA-S-20100,Prepared from unmatched active TTB permit queue; no public GeoJSON change.
ca-ttb-af5b37854c68,OMO SOJU,PK FIRE LLC,OMO SOJU,"13464 BROWNS VALLEY DR, CHICO, CA, 95973",CHICO,CA,95973,CA-S-20501,1,needs_review,Pre-research single-permit candidate; requires operating-role verification.,unknown,,,TTB Spirits Producers and Bottlers List,https://www.ttb.gov/public-information/foia/list-of-permittees,2026-08-21,TTB Spirits Producers and Bottlers List: CA-S-20501,Prepared from unmatched active TTB permit queue; no public GeoJSON change.
ca-ttb-b004041d73c6,Sonoma Coast Spirits,SONOMA COAST SPIRITS LLC,Sonoma Coast Spirits,"1372 N MCDOWELL BLVD STE A, PETALUMA, CA, 94954",PETALUMA,CA,94954,CA-S-20183,1,needs_review,Pre-research single-permit candidate; requires operating-role verification.,unknown,,,TTB Spirits Producers and Bottlers List,https://www.ttb.gov/public-information/foia/list-of-permittees,2026-08-21,TTB Spirits Producers and Bottlers List: CA-S-20183,Prepared from unmatched active TTB permit queue; no public GeoJSON change.
ca-ttb-b0bd8834c283,Bethel Road Distillery,NIELS UDSEN AND BERIT UDSEN,Bethel Road Distillery,"1266 N BETHEL RD, TEMPLETON, CA, 93465",TEMPLETON,CA,93465,CA-S-354,1,needs_review,Pre-research single-permit candidate; requires operating-role verification.,unknown,,,TTB Spirits Producers and Bottlers List,https://www.ttb.gov/public-information/foia/list-of-permittees,2026-08-21,TTB Spirits Producers and Bottlers List: CA-S-354,Prepared from unmatched active TTB permit queue; no public GeoJSON change.
ca-ttb-b16f9cbc80a8,Purple Orchid Wine Country Resort and Spa,"BIG EDDY VENTURES, LLC",Purple Orchid Wine Country Resort and Spa,"4549 CROSS RD, LIVERMORE, CA, 94550",LIVERMORE,CA,94550,CA-S-20582,1,needs_review,Pre-research single-permit candidate; requires operating-role verification.,unknown,,,TTB Spirits Producers and Bottlers List,https://www.ttb.gov/public-information/foia/list-of-permittees,2026-08-21,TTB Spirits Producers and Bottlers List: CA-S-20582,Prepared from unmatched active TTB permit queue; no public GeoJSON change.
ca-ttb-b20ef7d8d565,"BARREL RM, INC.","BARREL RM, INC.",,"2675 SKYPARK DR STE 202, TORRANCE, CA, 90505",TORRANCE,CA,90505,CA-S-20382,1,needs_review,Pre-research single-permit candidate; requires operating-role verification.,unknown,,,TTB Spirits Producers and Bottlers List,https://www.ttb.gov/public-information/foia/list-of-permittees,2026-08-21,TTB Spirits Producers and Bottlers List: CA-S-20382,Prepared from unmatched active TTB permit queue; no public GeoJSON change.
ca-ttb-b24a438626ab,El Camino Real Spirits,"EL CAMINO REAL SPIRITS, LLC",El Camino Real Spirits,"3546 SKYWAY DR STE F8, SANTA MARIA, CA, 93455",SANTA MARIA,CA,93455,CA-S-20567,1,needs_review,Pre-research single-permit candidate; requires operating-role verification.,unknown,,,TTB Spirits Producers and Bottlers List,https://www.ttb.gov/public-information/foia/list-of-permittees,2026-08-21,TTB Spirits Producers and Bottlers List: CA-S-20567,Prepared from unmatched active TTB permit queue; no public GeoJSON change.
ca-ttb-b30f08eb01b0,HAHN ESTATE,HAHN ESTATE,,"37700 FOOTHILL RD, SOLEDAD, CA, 93960",SOLEDAD,CA,93960,CA-S-15039,1,needs_review,Pre-research single-permit candidate; requires operating-role verification.,unknown,,,TTB Spirits Producers and Bottlers List,https://www.ttb.gov/public-information/foia/list-of-permittees,2026-08-21,TTB Spirits Producers and Bottlers List: CA-S-15039,Prepared from unmatched active TTB permit queue; no public GeoJSON change.
ca-ttb-b31a807e7415,Sidewinder Spirits,KINNEY FAMILY VINTNERS LLC,Sidewinder Spirits,"2245 S VASCO RD UNIT B, LIVERMORE, CA, 94550",LIVERMORE,CA,94550,CA-S-20150,1,needs_review,Pre-research single-permit candidate; requires operating-role verification.,unknown,,,TTB Spirits Producers and Bottlers List,https://www.ttb.gov/public-information/foia/list-of-permittees,2026-08-21,TTB Spirits Producers and Bottlers List: CA-S-20150,Prepared from unmatched active TTB permit queue; no public GeoJSON change.
ca-ttb-b322fa9384a4,NA WINE COMPANY INC.,NA WINE COMPANY INC.,,"101 S COOMBS ST UNIT J, NAPA, CA, 94558",NAPA,CA,94558,CA-S-20542,1,needs_review,Pre-research single-permit candidate; requires operating-role verification.,unknown,,,TTB Spirits Producers and Bottlers List,https://www.ttb.gov/public-information/foia/list-of-permittees,2026-08-21,TTB Spirits Producers and Bottlers List: CA-S-20542,Prepared from unmatched active TTB permit queue; no public GeoJSON change.
ca-ttb-b34655fd7495,Purple Spirits,GRATON SPIRITS COMPANY LLC,Purple Spirits,"5535 STATE FARM DR, ROHNERT PARK, CA, 94928",ROHNERT PARK,CA,94928,CA-S-20594,1,needs_review,Pre-research single-permit candidate; requires operating-role verification.,unknown,,,TTB Spirits Producers and Bottlers List,https://www.ttb.gov/public-information/foia/list-of-permittees,2026-08-21,TTB Spirits Producers and Bottlers List: CA-S-20594,Prepared from unmatched active TTB permit queue; no public GeoJSON change.
ca-ttb-b72941f0303f,Two Wolves,"TWO WOLVES WINE, LLC",Two Wolves,"1480 COUNT FLEET ST, SANTA YNEZ, CA, 93460",SANTA YNEZ,CA,93460,CA-S-20465,1,needs_review,Pre-research single-permit candidate; requires operating-role verification.,unknown,,,TTB Spirits Producers and Bottlers List,https://www.ttb.gov/public-information/foia/list-of-permittees,2026-08-21,TTB Spirits Producers and Bottlers List: CA-S-20465,Prepared from unmatched active TTB permit queue; no public GeoJSON change.
ca-ttb-b79c680ae8d6,PURPLE SPIRITS,GRATON SPIRITS COMPANY LLC,PURPLE SPIRITS,"1095 & 1097 RAILROAD AVE, VALLEJO, CA, 94592",VALLEJO,CA,94592,CA-S-20534,1,needs_review,Pre-research single-permit candidate; requires operating-role verification.,unknown,,,TTB Spirits Producers and Bottlers List,https://www.ttb.gov/public-information/foia/list-of-permittees,2026-08-21,TTB Spirits Producers and Bottlers List: CA-S-20534,Prepared from unmatched active TTB permit queue; no public GeoJSON change.
ca-ttb-b7e5e3fb0dba,"JDZ, INC.","JDZ, INC.",,"9990 ALESMITH CT, SAN DIEGO, CA, 92126",SAN DIEGO,CA,92126,CA-S-20504,1,needs_review,Pre-research single-permit candidate; requires operating-role verification.,unknown,,,TTB Spirits Producers and Bottlers List,https://www.ttb.gov/public-information/foia/list-of-permittees,2026-08-21,TTB Spirits Producers and Bottlers List: CA-S-20504,Prepared from unmatched active TTB permit queue; no public GeoJSON change.
ca-ttb-b7f0c146d5cb,"ALAMBIC, INC.","ALAMBIC, INC.",,"5000 LOW GAP RD, UKIAH, CA, 95482",UKIAH,CA,95482,CA-S-266,1,needs_review,Pre-research single-permit candidate; requires operating-role verification.,unknown,,,TTB Spirits Producers and Bottlers List,https://www.ttb.gov/public-information/foia/list-of-permittees,2026-08-21,TTB Spirits Producers and Bottlers List: CA-S-266,Prepared from unmatched active TTB permit queue; no public GeoJSON change.
ca-ttb-b809008f0dcc,Dust Bowl Distillery,"DUST BOWL BREWING CO., LLC",Dust Bowl Distillery,"3000 FULKERTH RD, TURLOCK, CA, 95830",TURLOCK,CA,95830,CA-S-20457,1,needs_review,Pre-research single-permit candidate; requires operating-role verification.,unknown,,,TTB Spirits Producers and Bottlers List,https://www.ttb.gov/public-information/foia/list-of-permittees,2026-08-21,TTB Spirits Producers and Bottlers List: CA-S-20457,Prepared from unmatched active TTB permit queue; no public GeoJSON change.
ca-ttb-b80faa3dbdce,Lincoln Speakeasy Taproom,BOLD HIJINKS CORPORATION,Lincoln Speakeasy Taproom,"436 LINCOLN BLVD STE 202, LINCOLN, CA, 95648",LINCOLN,CA,95648,CA-S-20461,1,needs_review,Pre-research single-permit candidate; requires operating-role verification.,unknown,,,TTB Spirits Producers and Bottlers List,https://www.ttb.gov/public-information/foia/list-of-permittees,2026-08-21,TTB Spirits Producers and Bottlers List: CA-S-20461,Prepared from unmatched active TTB permit queue; no public GeoJSON change.
ca-ttb-b8382d3c1d74,WINESECRETS,"AMERICAN WINESECRETS, LLC",WINESECRETS,"1446 INDUSTRIAL AVE WHSE 2, SEBASTOPOL, CA, 95472",SEBASTOPOL,CA,95472,CA-S-15097,1,needs_review,Pre-research single-permit candidate; requires operating-role verification.,unknown,,,TTB Spirits Producers and Bottlers List,https://www.ttb.gov/public-information/foia/list-of-permittees,2026-08-21,TTB Spirits Producers and Bottlers List: CA-S-15097,Prepared from unmatched active TTB permit queue; no public GeoJSON change.
ca-ttb-b84bb6683496,"DEAD HORSE HOLLER HOLDINGS, LLC","DEAD HORSE HOLLER HOLDINGS, LLC",,"4400 ASHE RD STE 207, BAKERSFIELD, CA, 93313",BAKERSFIELD,CA,93313,CA-S-20220,1,needs_review,Pre-research single-permit candidate; requires operating-role verification.,unknown,,,TTB Spirits Producers and Bottlers List,https://www.ttb.gov/public-information/foia/list-of-permittees,2026-08-21,TTB Spirits Producers and Bottlers List: CA-S-20220,Prepared from unmatched active TTB permit queue; no public GeoJSON change.
ca-ttb-b951a50b13d6,"STRAND BREWING CO., LLC","STRAND BREWING CO., LLC",,"2201 DOMINGUEZ ST, TORRANCE, CA, 90501",TORRANCE,CA,90501,CA-S-20310,1,needs_review,Pre-research single-permit candidate; requires operating-role verification.,unknown,,,TTB Spirits Producers and Bottlers List,https://www.ttb.gov/public-information/foia/list-of-permittees,2026-08-21,TTB Spirits Producers and Bottlers List: CA-S-20310,Prepared from unmatched active TTB permit queue; no public GeoJSON change.
ca-ttb-ba166ea0919b,"Webbs Grainworks, LLC","WEBB'S GRAINWORKS, LLC","Webbs Grainworks, LLC","7 JOURNEY STE B, ALISO VIEJO, CA, 92656",ALISO VIEJO,CA,92656,CA-S-20396,1,needs_review,Pre-research single-permit candidate; requires operating-role verification.,unknown,,,TTB Spirits Producers and Bottlers List,https://www.ttb.gov/public-information/foia/list-of-permittees,2026-08-21,TTB Spirits Producers and Bottlers List: CA-S-20396,Prepared from unmatched active TTB permit queue; no public GeoJSON change.
ca-ttb-ba1a6819981a,Siplo,"SIPLO, LLC",Siplo,"1500 INDUSTRIAL WAY UNIT 100, REDWOOD CITY, CA, 94063",REDWOOD CITY,CA,94063,CA-S-20561,1,needs_review,Pre-research single-permit candidate; requires operating-role verification.,unknown,,,TTB Spirits Producers and Bottlers List,https://www.ttb.gov/public-information/foia/list-of-permittees,2026-08-21,TTB Spirits Producers and Bottlers List: CA-S-20561,Prepared from unmatched active TTB permit queue; no public GeoJSON change.
ca-ttb-bab11e2e5ac2,Patio29 Spirits Company,"PATIO29 SPIRITS COMPANY, LLC",Patio29 Spirits Company,"723 RAILROAD AVE, WINTERS, CA, 95694",WINTERS,CA,95694,CA-S-20538,1,needs_review,Pre-research single-permit candidate; requires operating-role verification.,unknown,,,TTB Spirits Producers and Bottlers List,https://www.ttb.gov/public-information/foia/list-of-permittees,2026-08-21,TTB Spirits Producers and Bottlers List: CA-S-20538,Prepared from unmatched active TTB permit queue; no public GeoJSON change.
ca-ttb-bac8f1646a7f,"COMMON COLLABS, LLC","COMMON COLLABS, LLC",,"1820 E WALNUT AVE, FULLERTON, CA, 92831",FULLERTON,CA,92831,CA-S-20322,1,needs_review,Pre-research single-permit candidate; requires operating-role verification.,unknown,,,TTB Spirits Producers and Bottlers List,https://www.ttb.gov/public-information/foia/list-of-permittees,2026-08-21,TTB Spirits Producers and Bottlers List: CA-S-20322,Prepared from unmatched active TTB permit queue; no public GeoJSON change.
ca-ttb-bb25034da17f,SANTA MARIA BREWING CO. INC.,SANTA MARIA BREWING CO. INC.,,"7935 SAN LUIS AVE, ATASCADERO, CA, 93422",ATASCADERO,CA,93422,CA-S-20262,1,needs_review,Pre-research single-permit candidate; requires operating-role verification.,unknown,,,TTB Spirits Producers and Bottlers List,https://www.ttb.gov/public-information/foia/list-of-permittees,2026-08-21,TTB Spirits Producers and Bottlers List: CA-S-20262,Prepared from unmatched active TTB permit queue; no public GeoJSON change.
ca-ttb-bbab817413a1,"BARBER LEE SPIRITS, LLC","BARBER LEE SPIRITS, LLC",,"120 WASHINGTON ST, PETALUMA, CA, 94952",PETALUMA,CA,94952,CA-S-20239,1,needs_review,Pre-research single-permit candidate; requires operating-role verification.,unknown,,,TTB Spirits Producers and Bottlers List,https://www.ttb.gov/public-information/foia/list-of-permittees,2026-08-21,TTB Spirits Producers and Bottlers List: CA-S-20239,Prepared from unmatched active TTB permit queue; no public GeoJSON change.
ca-ttb-bc7804ceea38,LAKE BOTTOM BREWERY & DISTILLERY  LLC,LAKE BOTTOM BREWERY & DISTILLERY  LLC,,"105 E MAIN ST, VISALIA, CA, 93291",VISALIA,CA,93291,CA-S-20381,1,needs_review,Pre-research single-permit candidate; requires operating-role verification.,unknown,,,TTB Spirits Producers and Bottlers List,https://www.ttb.gov/public-information/foia/list-of-permittees,2026-08-21,TTB Spirits Producers and Bottlers List: CA-S-20381,Prepared from unmatched active TTB permit queue; no public GeoJSON change.
ca-ttb-bd4e675377b4,ABEL KAASE,ABEL KAASE,,"2933 ADAMS AVE, SAN DIEGO, CA, 92116",SAN DIEGO,CA,92116,CA-S-20371,1,needs_review,Pre-research single-permit candidate; requires operating-role verification.,unknown,,,TTB Spirits Producers and Bottlers List,https://www.ttb.gov/public-information/foia/list-of-permittees,2026-08-21,TTB Spirits Producers and Bottlers List: CA-S-20371,Prepared from unmatched active TTB permit queue; no public GeoJSON change.
ca-ttb-bddf3f6cfacf,Spiritsmith Distilling Company,SPIRITSMITH LLC,Spiritsmith Distilling Company,"1446 INDUSTRIAL AVE, SEBASTOPOL, CA, 95472",SEBASTOPOL,CA,95472,CA-S-20054,1,needs_review,Pre-research single-permit candidate; requires operating-role verification.,unknown,,,TTB Spirits Producers and Bottlers List,https://www.ttb.gov/public-information/foia/list-of-permittees,2026-08-21,TTB Spirits Producers and Bottlers List: CA-S-20054,Prepared from unmatched active TTB permit queue; no public GeoJSON change.
ca-ttb-be0ef499408b,Turner Road Vintners,E. & J. GALLO WINERY,Turner Road Vintners,"4614 W TURNER RD, LODI, CA, 95242",LODI,CA,95242,CA-S-20409,1,needs_review,Pre-research single-permit candidate; requires operating-role verification.,unknown,,,TTB Spirits Producers and Bottlers List,https://www.ttb.gov/public-information/foia/list-of-permittees,2026-08-21,TTB Spirits Producers and Bottlers List: CA-S-20409,Prepared from unmatched active TTB permit queue; no public GeoJSON change.
ca-ttb-bea962262382,F-86,F-86,F-86,"42913 CAPITAL DR STE 109, LANCASTER, CA, 93535",LANCASTER,CA,93535,CA-S-20549,1,needs_review,Pre-research single-permit candidate; requires operating-role verification.,unknown,,,TTB Spirits Producers and Bottlers List,https://www.ttb.gov/public-information/foia/list-of-permittees,2026-08-21,TTB Spirits Producers and Bottlers List: CA-S-20549,Prepared from unmatched active TTB permit queue; no public GeoJSON change.
ca-ttb-bf2eb50f7124,ST. ANNE'S CROSSING,"STONECUSHION, INC.",ST. ANNE'S CROSSING,"8450 SONOMA HWY, KENWOOD, CA, 95452",KENWOOD,CA,95452,CA-S-20006,1,needs_review,Pre-research single-permit candidate; requires operating-role verification.,unknown,,,TTB Spirits Producers and Bottlers List,https://www.ttb.gov/public-information/foia/list-of-permittees,2026-08-21,TTB Spirits Producers and Bottlers List: CA-S-20006,Prepared from unmatched active TTB permit queue; no public GeoJSON change.
ca-ttb-bf9ea8ae4cf7,Napa Wine Company,OAKVILLE WINERY ACQUISITION GROUP,Napa Wine Company,"7830 ST. HELENA HWY, OAKVILLE, CA, 94562",OAKVILLE,CA,94562,CA-S-20406,1,needs_review,Pre-research single-permit candidate; requires operating-role verification.,unknown,,,TTB Spirits Producers and Bottlers List,https://www.ttb.gov/public-information/foia/list-of-permittees,2026-08-21,TTB Spirits Producers and Bottlers List: CA-S-20406,Prepared from unmatched active TTB permit queue; no public GeoJSON change.
ca-ttb-c01e4c6f4942,RE:FIND DISTILLERY,VILLICANA WINE & SPIRITS,RE:FIND DISTILLERY,"2725 ADELAIDA RD, PASO ROBLES, CA, 93446",PASO ROBLES,CA,93446,CA-S-20387,1,needs_review,Pre-research single-permit candidate; requires operating-role verification.,unknown,,,TTB Spirits Producers and Bottlers List,https://www.ttb.gov/public-information/foia/list-of-permittees,2026-08-21,TTB Spirits Producers and Bottlers List: CA-S-20387,Prepared from unmatched active TTB permit queue; no public GeoJSON change.
ca-ttb-c18fecdfcd9d,ICM Beverage,ICM BEVERAGE LLC,ICM Beverage,"40880 COUNTY CENTER DR STE P, TEMECULA, CA, 92591",TEMECULA,CA,92591,CA-S-20342,1,needs_review,Pre-research single-permit candidate; requires operating-role verification.,unknown,,,TTB Spirits Producers and Bottlers List,https://www.ttb.gov/public-information/foia/list-of-permittees,2026-08-21,TTB Spirits Producers and Bottlers List: CA-S-20342,Prepared from unmatched active TTB permit queue; no public GeoJSON change.
ca-ttb-c1da93a8c380,Waterbird Spirits,"DRINKPAK, LLC",Waterbird Spirits,"21375 NEEDHAM RANCH PKWY, SANTA CLARITA, CA, 91321",SANTA CLARITA,CA,91321,CA-S-20370,1,needs_review,Pre-research single-permit candidate; requires operating-role verification.,unknown,,,TTB Spirits Producers and Bottlers List,https://www.ttb.gov/public-information/foia/list-of-permittees,2026-08-21,TTB Spirits Producers and Bottlers List: CA-S-20370,Prepared from unmatched active TTB permit queue; no public GeoJSON change.
ca-ttb-c23a622eb4b1,"EAFD, LLC","EAFD, LLC",,"1545 W 134TH ST, GARDENA, CA, 90249",GARDENA,CA,90249,CA-S-15110,1,needs_review,Pre-research single-permit candidate; requires operating-role verification.,unknown,,,TTB Spirits Producers and Bottlers List,https://www.ttb.gov/public-information/foia/list-of-permittees,2026-08-21,TTB Spirits Producers and Bottlers List: CA-S-15110,Prepared from unmatched active TTB permit queue; no public GeoJSON change.
ca-ttb-c29ba9560e65,"SMART CUPS, LLC","SMART CUPS, LLC",,"25732 TALADRO CIR, MISSION VIEJO, CA, 92691",MISSION VIEJO,CA,92691,CA-S-20314,1,needs_review,Pre-research single-permit candidate; requires operating-role verification.,unknown,,,TTB Spirits Producers and Bottlers List,https://www.ttb.gov/public-information/foia/list-of-permittees,2026-08-21,TTB Spirits Producers and Bottlers List: CA-S-20314,Prepared from unmatched active TTB permit queue; no public GeoJSON change.
ca-ttb-c415149e44f4,LIVE VINE INC.,LIVE VINE INC.,,"743 LUDS WAY, OROVILLE, CA, 95965",OROVILLE,CA,95965,CA-S-20548,1,needs_review,Pre-research single-permit candidate; requires operating-role verification.,unknown,,,TTB Spirits Producers and Bottlers List,https://www.ttb.gov/public-information/foia/list-of-permittees,2026-08-21,TTB Spirits Producers and Bottlers List: CA-S-20548,Prepared from unmatched active TTB permit queue; no public GeoJSON change.
ca-ttb-c4d0a63b0532,J. LOHR WINERY CORPORATION,J. LOHR WINERY CORPORATION,,"1000 LENZEN AVE, SAN JOSE, CA, 95126",SAN JOSE,CA,95126,CA-S-318,1,needs_review,Pre-research single-permit candidate; requires operating-role verification.,unknown,,,TTB Spirits Producers and Bottlers List,https://www.ttb.gov/public-information/foia/list-of-permittees,2026-08-21,TTB Spirits Producers and Bottlers List: CA-S-318,Prepared from unmatched active TTB permit queue; no public GeoJSON change.
ca-ttb-c52f4bc488db,"QUALITY WORKS, INC.","QUALITY WORKS, INC.",,"330 CATALPA ST, SAN MATEO, CA, 94401",SAN MATEO,CA,94401,CA-S-20590,1,needs_review,Pre-research single-permit candidate; requires operating-role verification.,unknown,,,TTB Spirits Producers and Bottlers List,https://www.ttb.gov/public-information/foia/list-of-permittees,2026-08-21,TTB Spirits Producers and Bottlers List: CA-S-20590,Prepared from unmatched active TTB permit queue; no public GeoJSON change.
ca-ttb-c5ad4515ec5a,Mission Bell Winery,"CONSTELLATION BRANDS U.S. OPERATIONS, INC.",Mission Bell Winery,"12667 ROAD 24, MADERA, CA, 93637",MADERA,CA,93637,CA-S-64,1,needs_review,Pre-research single-permit candidate; requires operating-role verification.,unknown,,,TTB Spirits Producers and Bottlers List,https://www.ttb.gov/public-information/foia/list-of-permittees,2026-08-21,TTB Spirits Producers and Bottlers List: CA-S-64,Prepared from unmatched active TTB permit queue; no public GeoJSON change.
ca-ttb-c5d6bf883988,ELK FIELD Vineyards,NADIEM HANNA KHOURY,ELK FIELD Vineyards,"7801 HIGHWAY 20, UKIAH, CA, 95482",UKIAH,CA,95482,CA-S-20334,1,needs_review,Pre-research single-permit candidate; requires operating-role verification.,unknown,,,TTB Spirits Producers and Bottlers List,https://www.ttb.gov/public-information/foia/list-of-permittees,2026-08-21,TTB Spirits Producers and Bottlers List: CA-S-20334,Prepared from unmatched active TTB permit queue; no public GeoJSON change.
ca-ttb-c632e3901d35,CAL BEV-GO LLC,CAL BEV-GO LLC,,"1401 GROVE ST UNIT D, HEALDSBURG, CA, 95448",HEALDSBURG,CA,95448,CA-S-20440,1,needs_review,Pre-research single-permit candidate; requires operating-role verification.,unknown,,,TTB Spirits Producers and Bottlers List,https://www.ttb.gov/public-information/foia/list-of-permittees,2026-08-21,TTB Spirits Producers and Bottlers List: CA-S-20440,Prepared from unmatched active TTB permit queue; no public GeoJSON change.
ca-ttb-c712dffaf387,Humboldt Craft Spirits,HCS BRANDS HOLDINGS LLC,Humboldt Craft Spirits,"205 7TH ST STE C, EUREKA, CA, 95501",EUREKA,CA,95501,CA-S-20572,1,needs_review,Pre-research single-permit candidate; requires operating-role verification.,unknown,,,TTB Spirits Producers and Bottlers List,https://www.ttb.gov/public-information/foia/list-of-permittees,2026-08-21,TTB Spirits Producers and Bottlers List: CA-S-20572,Prepared from unmatched active TTB permit queue; no public GeoJSON change.
ca-ttb-c7451fca6f13,"STAG'S LEAP WINE CELLARS, LLC","STAG'S LEAP WINE CELLARS, LLC",,"8711 SILVERADO TRAIL, ST. HELENA, CA, 94574",ST. HELENA,CA,94574,CA-S-20469,1,needs_review,Pre-research single-permit candidate; requires operating-role verification.,unknown,,,TTB Spirits Producers and Bottlers List,https://www.ttb.gov/public-information/foia/list-of-permittees,2026-08-21,TTB Spirits Producers and Bottlers List: CA-S-20469,Prepared from unmatched active TTB permit queue; no public GeoJSON change.
ca-ttb-c7aec4f28a36,Misadventure & Co.,"LOST & FOUND DISTILLERY, INC.",Misadventure & Co.,"2420 GRAND AVE STE C, VISTA, CA, 92081",VISTA,CA,92081,CA-S-20253,1,needs_review,Pre-research single-permit candidate; requires operating-role verification.,unknown,,,TTB Spirits Producers and Bottlers List,https://www.ttb.gov/public-information/foia/list-of-permittees,2026-08-21,TTB Spirits Producers and Bottlers List: CA-S-20253,Prepared from unmatched active TTB permit queue; no public GeoJSON change.
ca-ttb-c83c0cac00dc,"MAKE BEVERAGE GROUP, LLC","MAKE BEVERAGE GROUP, LLC",,"500 S ANAHEIM BLVD UNIT A, ANAHEIM, CA, 92805",ANAHEIM,CA,92805,CA-S-20176,1,needs_review,Pre-research single-permit candidate; requires operating-role verification.,unknown,,,TTB Spirits Producers and Bottlers List,https://www.ttb.gov/public-information/foia/list-of-permittees,2026-08-21,TTB Spirits Producers and Bottlers List: CA-S-20176,Prepared from unmatched active TTB permit queue; no public GeoJSON change.
ca-ttb-c8571450d469,Orelar,"VINSCI, INC.",Orelar,"303 GATEWAY RD W, NAPA, CA, 94558",NAPA,CA,94558,CA-S-20470,1,needs_review,Pre-research single-permit candidate; requires operating-role verification.,unknown,,,TTB Spirits Producers and Bottlers List,https://www.ttb.gov/public-information/foia/list-of-permittees,2026-08-21,TTB Spirits Producers and Bottlers List: CA-S-20470,Prepared from unmatched active TTB permit queue; no public GeoJSON change.
ca-ttb-c879d67554f9,GOLDEN VALLEY GRAPE JUICE & WINE,"GOLDEN VALLEY GRAPE JUICE AND WINE, LLC",GOLDEN VALLEY GRAPE JUICE & WINE,"11770 ROAD 27 1/2, MADERA, CA, 93637",MADERA,CA,93637,CA-S-357,1,needs_review,Pre-research single-permit candidate; requires operating-role verification.,unknown,,,TTB Spirits Producers and Bottlers List,https://www.ttb.gov/public-information/foia/list-of-permittees,2026-08-21,TTB Spirits Producers and Bottlers List: CA-S-357,Prepared from unmatched active TTB permit queue; no public GeoJSON change.
ca-ttb-c92d7ef1809a,THE BLACKSTORM BRAND LLC,"THE BLACKSTORM BRAND, LLC",THE BLACKSTORM BRAND LLC,"1634 W 139TH ST, GARDENA, CA, 90249",GARDENA,CA,90249,CA-S-20459,1,needs_review,Pre-research single-permit candidate; requires operating-role verification.,unknown,,,TTB Spirits Producers and Bottlers List,https://www.ttb.gov/public-information/foia/list-of-permittees,2026-08-21,TTB Spirits Producers and Bottlers List: CA-S-20459,Prepared from unmatched active TTB permit queue; no public GeoJSON change.
ca-ttb-c98dd33f31ad,Olehna,"HOUSE OF THE SUN, LLC",Olehna,"2601 MONARCH ST, ALAMEDA, CA, 94501",ALAMEDA,CA,94501,CA-S-20367,1,needs_review,Pre-research single-permit candidate; requires operating-role verification.,unknown,,,TTB Spirits Producers and Bottlers List,https://www.ttb.gov/public-information/foia/list-of-permittees,2026-08-21,TTB Spirits Producers and Bottlers List: CA-S-20367,Prepared from unmatched active TTB permit queue; no public GeoJSON change.
ca-ttb-c9c2514a3b45,GOLDEN STATE VINTNERS,GOLDEN STATE VINTNERS,,"38558 ROAD 128, CUTLER, CA, 93615",CUTLER,CA,93615,CA-S-219,1,needs_review,Pre-research single-permit candidate; requires operating-role verification.,unknown,,,TTB Spirits Producers and Bottlers List,https://www.ttb.gov/public-information/foia/list-of-permittees,2026-08-21,TTB Spirits Producers and Bottlers List: CA-S-219,Prepared from unmatched active TTB permit queue; no public GeoJSON change.
ca-ttb-ca851c6042a8,Wille's Tin Shop,"ROXANNE'S, INC.",Wille's Tin Shop,"1115 E WARDLOW RD UNIT A, LONG BEACH, CA, 90807",LONG BEACH,CA,90807,CA-S-20267,1,needs_review,Pre-research single-permit candidate; requires operating-role verification.,unknown,,,TTB Spirits Producers and Bottlers List,https://www.ttb.gov/public-information/foia/list-of-permittees,2026-08-21,TTB Spirits Producers and Bottlers List: CA-S-20267,Prepared from unmatched active TTB permit queue; no public GeoJSON change.
ca-ttb-cae2468dc0b3,"MOJO BREWHOUSE, LLC","MOJO BREWHOUSE, LLC",,"221 W MONTECITO ST, SANTA BARBARA, CA, 93101",SANTA BARBARA,CA,93101,CA-S-20595,1,needs_review,Pre-research single-permit candidate; requires operating-role verification.,unknown,,,TTB Spirits Producers and Bottlers List,https://www.ttb.gov/public-information/foia/list-of-permittees,2026-08-21,TTB Spirits Producers and Bottlers List: CA-S-20595,Prepared from unmatched active TTB permit queue; no public GeoJSON change.
ca-ttb-cb8ec01a9595,Venus Spirits LLC,VENUS SPIRITS LLC,Venus Spirits LLC,"200 HIGH RD, SANTA CRUZ, CA, 95060",SANTA CRUZ,CA,95060,CA-S-20049,1,needs_review,Pre-research single-permit candidate; requires operating-role verification.,unknown,,,TTB Spirits Producers and Bottlers List,https://www.ttb.gov/public-information/foia/list-of-permittees,2026-08-21,TTB Spirits Producers and Bottlers List: CA-S-20049,Prepared from unmatched active TTB permit queue; no public GeoJSON change.
ca-ttb-cc39cd3aa6eb,Wildfire Vodka,WILD FIRE VODKA LLC,Wildfire Vodka,"16040 KAPLAN AVE, CITY OF INDUSTRY, CA, 91744",CITY OF INDUSTRY,CA,91744,CA-S-20256,1,needs_review,Pre-research single-permit candidate; requires operating-role verification.,unknown,,,TTB Spirits Producers and Bottlers List,https://www.ttb.gov/public-information/foia/list-of-permittees,2026-08-21,TTB Spirits Producers and Bottlers List: CA-S-20256,Prepared from unmatched active TTB permit queue; no public GeoJSON change.
ca-ttb-cc4ea12fd772,California Distilled Spirits,EDWIN ARNOLD,California Distilled Spirits,"12205 LOCKSLEY LN UNIT 11, AUBURN, CA, 95602",AUBURN,CA,95602,CA-S-20044,1,needs_review,Pre-research single-permit candidate; requires operating-role verification.,unknown,,,TTB Spirits Producers and Bottlers List,https://www.ttb.gov/public-information/foia/list-of-permittees,2026-08-21,TTB Spirits Producers and Bottlers List: CA-S-20044,Prepared from unmatched active TTB permit queue; no public GeoJSON change.
ca-ttb-cc71f1e12154,Martinelli Winery,"MARTINELLI WINERY, INC.",Martinelli Winery,"3360 RIVER RD, WINDSOR, CA, 95492",WINDSOR,CA,95492,CA-S-20080,1,needs_review,Pre-research single-permit candidate; requires operating-role verification.,unknown,,,TTB Spirits Producers and Bottlers List,https://www.ttb.gov/public-information/foia/list-of-permittees,2026-08-21,TTB Spirits Producers and Bottlers List: CA-S-20080,Prepared from unmatched active TTB permit queue; no public GeoJSON change.
ca-ttb-cca29703a354,"SANTA MONICA MOUNTAINS FARMSTEAD, LLC","SANTA MONICA MOUNTAINS FARMSTEAD, LLC",,"853 VIA ALONDRA, CAMARILLO, CA, 93012",CAMARILLO,CA,93012,CA-S-20292,1,needs_review,Pre-research single-permit candidate; requires operating-role verification.,unknown,,,TTB Spirits Producers and Bottlers List,https://www.ttb.gov/public-information/foia/list-of-permittees,2026-08-21,TTB Spirits Producers and Bottlers List: CA-S-20292,Prepared from unmatched active TTB permit queue; no public GeoJSON change.
ca-ttb-ccf7fc32fd72,Distillery Cheval,"HOTEL CHEVAL, LLC",Distillery Cheval,"1021 PINE ST, PASO ROBLES, CA, 93446",PASO ROBLES,CA,93446,CA-S-20395,1,needs_review,Pre-research single-permit candidate; requires operating-role verification.,unknown,,,TTB Spirits Producers and Bottlers List,https://www.ttb.gov/public-information/foia/list-of-permittees,2026-08-21,TTB Spirits Producers and Bottlers List: CA-S-20395,Prepared from unmatched active TTB permit queue; no public GeoJSON change.
ca-ttb-cde82c4391ac,VIE-DEL COMPANY,VIE-DEL COMPANY,,"13363 S INDIANOLA AVE, KINGSBURG, CA, 93631",KINGSBURG,CA,93631,CA-S-164,1,needs_review,Pre-research single-permit candidate; requires operating-role verification.,unknown,,,TTB Spirits Producers and Bottlers List,https://www.ttb.gov/public-information/foia/list-of-permittees,2026-08-21,TTB Spirits Producers and Bottlers List: CA-S-164,Prepared from unmatched active TTB permit queue; no public GeoJSON change.
ca-ttb-ce60bd415e6c,Valley of Nine,EDNA DISTILLERY LLC,Valley of Nine,"2585 BIDDLE RANCH RD, SAN LUIS OBISPO, CA, 93401",SAN LUIS OBISPO,CA,93401,CA-S-20596,1,needs_review,Pre-research single-permit candidate; requires operating-role verification.,unknown,,,TTB Spirits Producers and Bottlers List,https://www.ttb.gov/public-information/foia/list-of-permittees,2026-08-21,TTB Spirits Producers and Bottlers List: CA-S-20596,Prepared from unmatched active TTB permit queue; no public GeoJSON change.
ca-ttb-cf3f4b120fed,Giuseppe's Cucina,"GIUSEPPE'S CUCINA, LLC",Giuseppe's Cucina,"801 PRICE ST, PISMO BEACH, CA, 93449",PISMO BEACH,CA,93449,CA-S-20490,1,needs_review,Pre-research single-permit candidate; requires operating-role verification.,unknown,,,TTB Spirits Producers and Bottlers List,https://www.ttb.gov/public-information/foia/list-of-permittees,2026-08-21,TTB Spirits Producers and Bottlers List: CA-S-20490,Prepared from unmatched active TTB permit queue; no public GeoJSON change.
ca-ttb-cf9496b876be,1850 Spirits,"1850 INDUSTRIES, INC",1850 Spirits,"5176 HIGHWAY 49N G, MARIPOSA, CA, 95338",MARIPOSA,CA,95338,CA-S-20425,1,needs_review,Pre-research single-permit candidate; requires operating-role verification.,unknown,,,TTB Spirits Producers and Bottlers List,https://www.ttb.gov/public-information/foia/list-of-permittees,2026-08-21,TTB Spirits Producers and Bottlers List: CA-S-20425,Prepared from unmatched active TTB permit queue; no public GeoJSON change.
ca-ttb-d05e6d7e2b21,Tank Space,TANK SPACE,Tank Space,"1390 VINCI AVE, SACRAMENTO, CA, 95838",SACRAMENTO,CA,95838,CA-S-20325,1,needs_review,Pre-research single-permit candidate; requires operating-role verification.,unknown,,,TTB Spirits Producers and Bottlers List,https://www.ttb.gov/public-information/foia/list-of-permittees,2026-08-21,TTB Spirits Producers and Bottlers List: CA-S-20325,Prepared from unmatched active TTB permit queue; no public GeoJSON change.
ca-ttb-d07a774bed91,HELLOCELLO LLC,HELLOCELLO LLC,,"21877 EIGHT ST #4, SONOMA, CA, 95476",SONOMA,CA,95476,CA-S-15081,1,needs_review,Pre-research single-permit candidate; requires operating-role verification.,unknown,,,TTB Spirits Producers and Bottlers List,https://www.ttb.gov/public-information/foia/list-of-permittees,2026-08-21,TTB Spirits Producers and Bottlers List: CA-S-15081,Prepared from unmatched active TTB permit queue; no public GeoJSON change.
ca-ttb-d07bd8bfe1dd,St. Rose Winery,FREDERICK J NUNES,St. Rose Winery,"5775 OLD REDWOOD HWY, SANTA ROSA, CA, 95403",SANTA ROSA,CA,95403,CA-S-20037,1,needs_review,Pre-research single-permit candidate; requires operating-role verification.,unknown,,,TTB Spirits Producers and Bottlers List,https://www.ttb.gov/public-information/foia/list-of-permittees,2026-08-21,TTB Spirits Producers and Bottlers List: CA-S-20037,Prepared from unmatched active TTB permit queue; no public GeoJSON change.
ca-ttb-d085532ae0f9,Galway Spirits,"GALWAY SPIRITS, INC.",Galway Spirits,"42065 ZEVO DR UNIT 7, TEMECULA, CA, 92590",TEMECULA,CA,92590,CA-S-20135,1,needs_review,Pre-research single-permit candidate; requires operating-role verification.,unknown,,,TTB Spirits Producers and Bottlers List,https://www.ttb.gov/public-information/foia/list-of-permittees,2026-08-21,TTB Spirits Producers and Bottlers List: CA-S-20135,Prepared from unmatched active TTB permit queue; no public GeoJSON change.
ca-ttb-d1a53e5b9a6b,GIUMARRA VINEYARDS CORPORATION,GIUMARRA VINEYARDS CORPORATION,,"11220 EDISON HWY, EDISON, CA, 93220",EDISON,CA,93220,CA-S-125,1,needs_review,Pre-research single-permit candidate; requires operating-role verification.,unknown,,,TTB Spirits Producers and Bottlers List,https://www.ttb.gov/public-information/foia/list-of-permittees,2026-08-21,TTB Spirits Producers and Bottlers List: CA-S-125,Prepared from unmatched active TTB permit queue; no public GeoJSON change.
ca-ttb-d1cee031b86c,Brucato Spirits,"CHENERY, LLC",Brucato Spirits,"275 S VAN NESS AVE, SAN FRANCISCO, CA, 94103",SAN FRANCISCO,CA,94103,CA-S-20264,1,needs_review,Pre-research single-permit candidate; requires operating-role verification.,unknown,,,TTB Spirits Producers and Bottlers List,https://www.ttb.gov/public-information/foia/list-of-permittees,2026-08-21,TTB Spirits Producers and Bottlers List: CA-S-20264,Prepared from unmatched active TTB permit queue; no public GeoJSON change.
ca-ttb-d3a4ff7c70fc,RTD Specialties,GORDON BIERSCH BREWING COMPANY,RTD Specialties,"357 E TAYLOR ST, SAN JOSE, CA, 95112",SAN JOSE,CA,95112,CA-S-20372,1,needs_review,Pre-research single-permit candidate; requires operating-role verification.,unknown,,,TTB Spirits Producers and Bottlers List,https://www.ttb.gov/public-information/foia/list-of-permittees,2026-08-21,TTB Spirits Producers and Bottlers List: CA-S-20372,Prepared from unmatched active TTB permit queue; no public GeoJSON change.
ca-ttb-d406ef25078a,DIVITTORIO WINERY,ALBERT J. DIVITTORIO AND SALLY DIVITTORIO,DIVITTORIO WINERY,"3961 SEVEN RIDGES RD, CAMINO, CA, 95709",CAMINO,CA,95709,CA-S-359,1,needs_review,Pre-research single-permit candidate; requires operating-role verification.,unknown,,,TTB Spirits Producers and Bottlers List,https://www.ttb.gov/public-information/foia/list-of-permittees,2026-08-21,TTB Spirits Producers and Bottlers List: CA-S-359,Prepared from unmatched active TTB permit queue; no public GeoJSON change.
ca-ttb-d41fdf909621,JORDAN VINEYARD & WINERY,JVW CORPORATION,JORDAN VINEYARD & WINERY,"1474 ALEXANDER VALLEY RD, HEALDSBURG, CA, 95448",HEALDSBURG,CA,95448,CA-S-15050,1,needs_review,Pre-research single-permit candidate; requires operating-role verification.,unknown,,,TTB Spirits Producers and Bottlers List,https://www.ttb.gov/public-information/foia/list-of-permittees,2026-08-21,TTB Spirits Producers and Bottlers List: CA-S-15050,Prepared from unmatched active TTB permit queue; no public GeoJSON change.
ca-ttb-d47977ba8651,THREE KINGS SPIRITS LLC,THREE KINGS SPIRITS LLC,,"1 CERRO GORDO RD, CERRO GORDO, CA, 93530",CERRO GORDO,CA,93530,CA-S-20360,1,needs_review,Pre-research single-permit candidate; requires operating-role verification.,unknown,,,TTB Spirits Producers and Bottlers List,https://www.ttb.gov/public-information/foia/list-of-permittees,2026-08-21,TTB Spirits Producers and Bottlers List: CA-S-20360,Prepared from unmatched active TTB permit queue; no public GeoJSON change.
ca-ttb-d4da357b2ac9,STAGS' LEAP WINERY,/ TREASURY WINE ESTATES AMERICAS COMPANY,STAGS' LEAP WINERY,"6150 SILVERADO TRL, NAPA, CA, 94558",NAPA,CA,94558,CA-S-20539,1,needs_review,Pre-research single-permit candidate; requires operating-role verification.,unknown,,,TTB Spirits Producers and Bottlers List,https://www.ttb.gov/public-information/foia/list-of-permittees,2026-08-21,TTB Spirits Producers and Bottlers List: CA-S-20539,Prepared from unmatched active TTB permit queue; no public GeoJSON change.
ca-ttb-d4f36b59cf5e,Whiskey on Tap,CHRIS AGHAYAN,Whiskey on Tap,"1270 LINCOLN AVE STE 1200, PASADENA, CA, 91103",PASADENA,CA,91103,CA-S-20174,1,needs_review,Pre-research single-permit candidate; requires operating-role verification.,unknown,,,TTB Spirits Producers and Bottlers List,https://www.ttb.gov/public-information/foia/list-of-permittees,2026-08-21,TTB Spirits Producers and Bottlers List: CA-S-20174,Prepared from unmatched active TTB permit queue; no public GeoJSON change.
ca-ttb-d5337521ae8e,"COSTA AZUL WINERY, INC.","COSTA AZUL WINERY, INC.",,"934 N COAST HIGHWAY 101, ENCINITAS, CA, 92024",ENCINITAS,CA,92024,CA-S-20309,1,needs_review,Pre-research single-permit candidate; requires operating-role verification.,unknown,,,TTB Spirits Producers and Bottlers List,https://www.ttb.gov/public-information/foia/list-of-permittees,2026-08-21,TTB Spirits Producers and Bottlers List: CA-S-20309,Prepared from unmatched active TTB permit queue; no public GeoJSON change.
ca-ttb-d6abcefddd06,HOOKER OAK DISTILLERY LLC,HOOKER OAK DISTILLERY LLC,,"2420 PARK AVE, CHICO, CA, 95928",CHICO,CA,95928,CA-S-20143,1,needs_review,Pre-research single-permit candidate; requires operating-role verification.,unknown,,,TTB Spirits Producers and Bottlers List,https://www.ttb.gov/public-information/foia/list-of-permittees,2026-08-21,TTB Spirits Producers and Bottlers List: CA-S-20143,Prepared from unmatched active TTB permit queue; no public GeoJSON change.
ca-ttb-d71c5509b29a,"IBY, LLC","IBY, LLC",,"15801 E 1ST ST, IRWINDALE, CA, 91706",IRWINDALE,CA,91706,CA-S-20364,1,needs_review,Pre-research single-permit candidate; requires operating-role verification.,unknown,,,TTB Spirits Producers and Bottlers List,https://www.ttb.gov/public-information/foia/list-of-permittees,2026-08-21,TTB Spirits Producers and Bottlers List: CA-S-20364,Prepared from unmatched active TTB permit queue; no public GeoJSON change.
ca-ttb-d761ba3357be,"COPPER & MAPLE DISTILLING, LLC","COPPER & MAPLE DISTILLING, LLC",,"1974 E COPPER AVE STE 106, FRESNO, CA, 93730",FRESNO,CA,93730,CA-S-20556,1,needs_review,Pre-research single-permit candidate; requires operating-role verification.,unknown,,,TTB Spirits Producers and Bottlers List,https://www.ttb.gov/public-information/foia/list-of-permittees,2026-08-21,TTB Spirits Producers and Bottlers List: CA-S-20556,Prepared from unmatched active TTB permit queue; no public GeoJSON change.
ca-ttb-d7e33dcffdf0,Hanson Spirits,"HANSON SPIRITS, LLC",Hanson Spirits,"669 BRIDGEWAY, SAUSALITO, CA, 94965",SAUSALITO,CA,94965,CA-S-20248,1,needs_review,Pre-research single-permit candidate; requires operating-role verification.,unknown,,,TTB Spirits Producers and Bottlers List,https://www.ttb.gov/public-information/foia/list-of-permittees,2026-08-21,TTB Spirits Producers and Bottlers List: CA-S-20248,Prepared from unmatched active TTB permit queue; no public GeoJSON change.
ca-ttb-d7ef542d0041,VERANDA COCKTAILS,"CASE BY CASE CANNING, LLC",VERANDA COCKTAILS,"233 E ANAHEIM ST, LONG BEACH, CA, 90813",LONG BEACH,CA,90813,CA-S-20543,1,needs_review,Pre-research single-permit candidate; requires operating-role verification.,unknown,,,TTB Spirits Producers and Bottlers List,https://www.ttb.gov/public-information/foia/list-of-permittees,2026-08-21,TTB Spirits Producers and Bottlers List: CA-S-20543,Prepared from unmatched active TTB permit queue; no public GeoJSON change.
ca-ttb-d99a6d400226,VENTURA SPIRITS COMPANY LLC,VENTURA SPIRITS COMPANY LLC,,"3891 N VENTURA AVE STE B2A, VENTURA, CA, 93001",VENTURA,CA,93001,CA-S-20047,1,needs_review,Pre-research single-permit candidate; requires operating-role verification.,unknown,,,TTB Spirits Producers and Bottlers List,https://www.ttb.gov/public-information/foia/list-of-permittees,2026-08-21,TTB Spirits Producers and Bottlers List: CA-S-20047,Prepared from unmatched active TTB permit queue; no public GeoJSON change.
ca-ttb-d9ad92241bf5,CASTORO CELLARS,CASTORO CELLARS,,"6465 VON DOLLEN RD, SAN MIGUEL, CA, 93451",SAN MIGUEL,CA,93451,CA-S-15031,1,needs_review,Pre-research single-permit candidate; requires operating-role verification.,unknown,,,TTB Spirits Producers and Bottlers List,https://www.ttb.gov/public-information/foia/list-of-permittees,2026-08-21,TTB Spirits Producers and Bottlers List: CA-S-15031,Prepared from unmatched active TTB permit queue; no public GeoJSON change.
ca-ttb-d9b653cdd69f,RUBIN WINES LLC,RUBIN WINES LLC,,"5220 ROSS RD, SEBASTOPOL, CA, 95472",SEBASTOPOL,CA,95472,CA-S-20115,1,needs_review,Pre-research single-permit candidate; requires operating-role verification.,unknown,,,TTB Spirits Producers and Bottlers List,https://www.ttb.gov/public-information/foia/list-of-permittees,2026-08-21,TTB Spirits Producers and Bottlers List: CA-S-20115,Prepared from unmatched active TTB permit queue; no public GeoJSON change.
ca-ttb-d9fdefc88181,Karpe Kanem Winery,ALVIN STUART HASIN,Karpe Kanem Winery,"7380 HIDDEN LAKE RD, FORESTVILLE, CA, 95436",FORESTVILLE,CA,95436,CA-S-20454,1,needs_review,Pre-research single-permit candidate; requires operating-role verification.,unknown,,,TTB Spirits Producers and Bottlers List,https://www.ttb.gov/public-information/foia/list-of-permittees,2026-08-21,TTB Spirits Producers and Bottlers List: CA-S-20454,Prepared from unmatched active TTB permit queue; no public GeoJSON change.
ca-ttb-da191e6332b5,Big Baobab,"LAT RESTAURANT, INC.",Big Baobab,"2243 & 2247 MISSION ST, SAN FRANCISCO, CA, 94110",SAN FRANCISCO,CA,94110,CA-S-20424,1,needs_review,Pre-research single-permit candidate; requires operating-role verification.,unknown,,,TTB Spirits Producers and Bottlers List,https://www.ttb.gov/public-information/foia/list-of-permittees,2026-08-21,TTB Spirits Producers and Bottlers List: CA-S-20424,Prepared from unmatched active TTB permit queue; no public GeoJSON change.
ca-ttb-da195e29a8b6,EFFICIENT INDUSTRIES LLC,EFFICIENT INDUSTRIES LLC,,"41669 DATE ST STE 100B, MURRIETA, CA, 92562",MURRIETA,CA,92562,CA-S-20528,1,needs_review,Pre-research single-permit candidate; requires operating-role verification.,unknown,,,TTB Spirits Producers and Bottlers List,https://www.ttb.gov/public-information/foia/list-of-permittees,2026-08-21,TTB Spirits Producers and Bottlers List: CA-S-20528,Prepared from unmatched active TTB permit queue; no public GeoJSON change.
ca-ttb-db269e51908c,"SADDLESPRINGS BEVERAGE COMPANY, INC.","SADDLESPRINGS BEVERAGE COMPANY, INC.",,"20700 BELSHAW AVE, CARSON, CA, 90746",CARSON,CA,90746,CA-S-20008,1,needs_review,Pre-research single-permit candidate; requires operating-role verification.,unknown,,,TTB Spirits Producers and Bottlers List,https://www.ttb.gov/public-information/foia/list-of-permittees,2026-08-21,TTB Spirits Producers and Bottlers List: CA-S-20008,Prepared from unmatched active TTB permit queue; no public GeoJSON change.
ca-ttb-dba5e5541415,"IN SPIRIT GROUP, INC.","IN SPIRIT GROUP, INC.",,"22625 S WESTERN AVE, TORRANCE, CA, 90501",TORRANCE,CA,90501,CA-S-20202,1,needs_review,Pre-research single-permit candidate; requires operating-role verification.,unknown,,,TTB Spirits Producers and Bottlers List,https://www.ttb.gov/public-information/foia/list-of-permittees,2026-08-21,TTB Spirits Producers and Bottlers List: CA-S-20202,Prepared from unmatched active TTB permit queue; no public GeoJSON change.
ca-ttb-dbb4847838e4,Bally Keal Vineyards,"BALLY KEAL VINEYARDS, LLC",Bally Keal Vineyards,"4286 SUISUN VALLEY RD, FAIRFIELD, CA, 94534",FAIRFIELD,CA,94534,CA-S-20352,1,needs_review,Pre-research single-permit candidate; requires operating-role verification.,unknown,,,TTB Spirits Producers and Bottlers List,https://www.ttb.gov/public-information/foia/list-of-permittees,2026-08-21,TTB Spirits Producers and Bottlers List: CA-S-20352,Prepared from unmatched active TTB permit queue; no public GeoJSON change.
ca-ttb-dc46280345a3,Charron Favreau,CHARRON FAVREAU L.L.C.,Charron Favreau,"4682 CALLE BOLERO RD UNIT B, CAMARILLO, CA, 93012",CAMARILLO,CA,93012,CA-S-20104,1,needs_review,Pre-research single-permit candidate; requires operating-role verification.,unknown,,,TTB Spirits Producers and Bottlers List,https://www.ttb.gov/public-information/foia/list-of-permittees,2026-08-21,TTB Spirits Producers and Bottlers List: CA-S-20104,Prepared from unmatched active TTB permit queue; no public GeoJSON change.
ca-ttb-dcbdeff36055,1865 CRAFT HOUSE & KITCHEN,"1865 CRAFT HOUSE & KITCHEN, LLC",1865 CRAFT HOUSE & KITCHEN,"1865 MONTEREY ST, SAN LUIS OBISPO, CA, 93401",SAN LUIS OBISPO,CA,93401,CA-S-20523,1,needs_review,Pre-research single-permit candidate; requires operating-role verification.,unknown,,,TTB Spirits Producers and Bottlers List,https://www.ttb.gov/public-information/foia/list-of-permittees,2026-08-21,TTB Spirits Producers and Bottlers List: CA-S-20523,Prepared from unmatched active TTB permit queue; no public GeoJSON change.
ca-ttb-deb114ac6563,"GYPPO ALE MILL, INC.","GYPPO ALE MILL, INC.",,"1661 UPPER PACIFIC DR, SHELTER COVE, CA, 95589",SHELTER COVE,CA,95589,CA-S-20500,1,needs_review,Pre-research single-permit candidate; requires operating-role verification.,unknown,,,TTB Spirits Producers and Bottlers List,https://www.ttb.gov/public-information/foia/list-of-permittees,2026-08-21,TTB Spirits Producers and Bottlers List: CA-S-20500,Prepared from unmatched active TTB permit queue; no public GeoJSON change.
ca-ttb-dfb38b04128e,Sukkah Hill Spirits,SUKKAHHILL SPIRITS LLC,Sukkah Hill Spirits,"1545 W 134TH ST UNIT E, GARDENA, CA, 90249",GARDENA,CA,90249,CA-S-20074,1,needs_review,Pre-research single-permit candidate; requires operating-role verification.,unknown,,,TTB Spirits Producers and Bottlers List,https://www.ttb.gov/public-information/foia/list-of-permittees,2026-08-21,TTB Spirits Producers and Bottlers List: CA-S-20074,Prepared from unmatched active TTB permit queue; no public GeoJSON change.
ca-ttb-e01cc9fe8ab8,Brand Proof,BRAND PROOF LLC,Brand Proof,"730 E 139TH ST, COMPTON, CA, 90059",COMPTON,CA,90059,CA-S-20346,1,needs_review,Pre-research single-permit candidate; requires operating-role verification.,unknown,,,TTB Spirits Producers and Bottlers List,https://www.ttb.gov/public-information/foia/list-of-permittees,2026-08-21,TTB Spirits Producers and Bottlers List: CA-S-20346,Prepared from unmatched active TTB permit queue; no public GeoJSON change.
ca-ttb-e0a2f0a158e5,Drinqme,PETER LAI,Drinqme,"2340 STANWELL CIR, CONCORD, CA, 94520",CONCORD,CA,94520,CA-S-20270,1,needs_review,Pre-research single-permit candidate; requires operating-role verification.,unknown,,,TTB Spirits Producers and Bottlers List,https://www.ttb.gov/public-information/foia/list-of-permittees,2026-08-21,TTB Spirits Producers and Bottlers List: CA-S-20270,Prepared from unmatched active TTB permit queue; no public GeoJSON change.
ca-ttb-e0ba6113a712,Kunde Family Winery,"ADAIR KUNDE, LLC",Kunde Family Winery,"9825 HWY 12, KENWOOD, CA, 95452",KENWOOD,CA,95452,CA-S-20510,1,needs_review,Pre-research single-permit candidate; requires operating-role verification.,unknown,,,TTB Spirits Producers and Bottlers List,https://www.ttb.gov/public-information/foia/list-of-permittees,2026-08-21,TTB Spirits Producers and Bottlers List: CA-S-20510,Prepared from unmatched active TTB permit queue; no public GeoJSON change.
ca-ttb-e143d554f238,"D.P. ENTERPRISES, LP, D. PAPAGNI INVESTMENTS, INC., GP","D.P. ENTERPRISES, LP, D. PAPAGNI INVESTMENTS, INC., GP",,"9505 ROAD 30 1/2, MADERA, CA, 93636",MADERA,CA,93636,CA-S-20524,1,needs_review,Pre-research single-permit candidate; requires operating-role verification.,unknown,,,TTB Spirits Producers and Bottlers List,https://www.ttb.gov/public-information/foia/list-of-permittees,2026-08-21,TTB Spirits Producers and Bottlers List: CA-S-20524,Prepared from unmatched active TTB permit queue; no public GeoJSON change.
ca-ttb-e1bec0889a6f,Boochcraft,"THE BOOCHERY, INC.",Boochcraft,"684 ANITA ST STE F1 & F2, CHULA VISTA, CA, 91911",CHULA VISTA,CA,91911,CA-S-20388,1,needs_review,Pre-research single-permit candidate; requires operating-role verification.,unknown,,,TTB Spirits Producers and Bottlers List,https://www.ttb.gov/public-information/foia/list-of-permittees,2026-08-21,TTB Spirits Producers and Bottlers List: CA-S-20388,Prepared from unmatched active TTB permit queue; no public GeoJSON change.
ca-ttb-e21a9c09ed64,Young and Yonder Spirits,"MOUNTAIN HOUSE SPIRITS, LLC",Young and Yonder Spirits,"449 ALLAN CT, HEALDSBURG, CA, 95448",HEALDSBURG,CA,95448,CA-S-20065,1,needs_review,Pre-research single-permit candidate; requires operating-role verification.,unknown,,,TTB Spirits Producers and Bottlers List,https://www.ttb.gov/public-information/foia/list-of-permittees,2026-08-21,TTB Spirits Producers and Bottlers List: CA-S-20065,Prepared from unmatched active TTB permit queue; no public GeoJSON change.
ca-ttb-e27a0ba78473,The Peacock,TALL BROWN AND HANDSOME INC,The Peacock,"1108 BROAD ST, SAN LUIS OBISPO, CA, 93401",SAN LUIS OBISPO,CA,93401,CA-S-20600,1,needs_review,Pre-research single-permit candidate; requires operating-role verification.,unknown,,,TTB Spirits Producers and Bottlers List,https://www.ttb.gov/public-information/foia/list-of-permittees,2026-08-21,TTB Spirits Producers and Bottlers List: CA-S-20600,Prepared from unmatched active TTB permit queue; no public GeoJSON change.
ca-ttb-e27f54666ba0,"Imperial Spirits, LLC","IMPERIAL SPIRITS, LLC","Imperial Spirits, LLC","30 E SHANK RD UNIT B, BRAWLEY, CA, 92227",BRAWLEY,CA,92227,CA-S-20275,1,needs_review,Pre-research single-permit candidate; requires operating-role verification.,unknown,,,TTB Spirits Producers and Bottlers List,https://www.ttb.gov/public-information/foia/list-of-permittees,2026-08-21,TTB Spirits Producers and Bottlers List: CA-S-20275,Prepared from unmatched active TTB permit queue; no public GeoJSON change.
ca-ttb-e304992d1df8,NAPA YARD LP,NAPA YARD LP,,"585 FIRST ST, NAPA, CA, 94559",NAPA,CA,94559,CA-S-20368,1,needs_review,Pre-research single-permit candidate; requires operating-role verification.,unknown,,,TTB Spirits Producers and Bottlers List,https://www.ttb.gov/public-information/foia/list-of-permittees,2026-08-21,TTB Spirits Producers and Bottlers List: CA-S-20368,Prepared from unmatched active TTB permit queue; no public GeoJSON change.
ca-ttb-e33301bee1dd,rum et al.,ET ALIAE SPIRITS LLC,rum et al.,"909 E EL SEGUNDO BLVD, EL SEGUNDO, CA, 90245",EL SEGUNDO,CA,90245,CA-S-20603,1,needs_review,Pre-research single-permit candidate; requires operating-role verification.,unknown,,,TTB Spirits Producers and Bottlers List,https://www.ttb.gov/public-information/foia/list-of-permittees,2026-08-21,TTB Spirits Producers and Bottlers List: CA-S-20603,Prepared from unmatched active TTB permit queue; no public GeoJSON change.
ca-ttb-e349d195bcf5,Whalebird Kombucha,KOMPLETE LLC,Whalebird Kombucha,"3576 EMPLEO ST, STE. 1, 2, 3, 4, 7, SAN LUIS OBISPO, CA, 93401",SAN LUIS OBISPO,CA,93401,CA-S-20300,1,needs_review,Pre-research single-permit candidate; requires operating-role verification.,unknown,,,TTB Spirits Producers and Bottlers List,https://www.ttb.gov/public-information/foia/list-of-permittees,2026-08-21,TTB Spirits Producers and Bottlers List: CA-S-20300,Prepared from unmatched active TTB permit queue; no public GeoJSON change.
ca-ttb-e428f39b6380,"OWENS VALLEY DISTILLING COMPANY, LLC","OWENS VALLEY DISTILLING COMPANY, LLC",,"237 E SOUTH ST UNIT E, BISHOP, CA, 93514",BISHOP,CA,93514,CA-S-20156,1,needs_review,Pre-research single-permit candidate; requires operating-role verification.,unknown,,,TTB Spirits Producers and Bottlers List,https://www.ttb.gov/public-information/foia/list-of-permittees,2026-08-21,TTB Spirits Producers and Bottlers List: CA-S-20156,Prepared from unmatched active TTB permit queue; no public GeoJSON change.
ca-ttb-e46b725b7edc,Portuguese Bend Distilling,"PORTUGUESE BEND DISTILLING, LLC",Portuguese Bend Distilling,"300 THE PROMENADE NORTH UNIT A-106, LONG BEACH, CA, 90802",LONG BEACH,CA,90802,CA-S-20252,1,needs_review,Pre-research single-permit candidate; requires operating-role verification.,unknown,,,TTB Spirits Producers and Bottlers List,https://www.ttb.gov/public-information/foia/list-of-permittees,2026-08-21,TTB Spirits Producers and Bottlers List: CA-S-20252,Prepared from unmatched active TTB permit queue; no public GeoJSON change.
ca-ttb-e479ddf3e840,"SOUTH FORK SPIRITS, LLC","SOUTH FORK SPIRITS, LLC",,"16128 W BROOKSIDE DR, SONORA, CA, 95370",SONORA,CA,95370,CA-S-20084,1,needs_review,Pre-research single-permit candidate; requires operating-role verification.,unknown,,,TTB Spirits Producers and Bottlers List,https://www.ttb.gov/public-information/foia/list-of-permittees,2026-08-21,TTB Spirits Producers and Bottlers List: CA-S-20084,Prepared from unmatched active TTB permit queue; no public GeoJSON change.
ca-ttb-e556aebd7764,MIZZA,"MIZZA, LLC",MIZZA,"1112 STATE ST, SANTA BARBARA, CA, 93101",SANTA BARBARA,CA,93101,CA-S-20496,1,needs_review,Pre-research single-permit candidate; requires operating-role verification.,unknown,,,TTB Spirits Producers and Bottlers List,https://www.ttb.gov/public-information/foia/list-of-permittees,2026-08-21,TTB Spirits Producers and Bottlers List: CA-S-20496,Prepared from unmatched active TTB permit queue; no public GeoJSON change.
ca-ttb-e5884edba35b,Belching Beaver Brewery,"BELCHING BEAVER BREWERY, INC",Belching Beaver Brewery,"1334 ROCKY POINT DR, OCEANSIDE, CA, 92056",OCEANSIDE,CA,92056,CA-S-20486,1,needs_review,Pre-research single-permit candidate; requires operating-role verification.,unknown,,,TTB Spirits Producers and Bottlers List,https://www.ttb.gov/public-information/foia/list-of-permittees,2026-08-21,TTB Spirits Producers and Bottlers List: CA-S-20486,Prepared from unmatched active TTB permit queue; no public GeoJSON change.
ca-ttb-e676abf069cd,Aonair,"GLJR WINE, LLC",Aonair,"201 DEVLIN RD, NAPA, CA, 94558",NAPA,CA,94558,CA-S-20580,1,needs_review,Pre-research single-permit candidate; requires operating-role verification.,unknown,,,TTB Spirits Producers and Bottlers List,https://www.ttb.gov/public-information/foia/list-of-permittees,2026-08-21,TTB Spirits Producers and Bottlers List: CA-S-20580,Prepared from unmatched active TTB permit queue; no public GeoJSON change.
ca-ttb-e6b99343e5bc,Loft & Bear Distillery,Y.SA INC.,Loft & Bear Distillery,"6414 S MCKINLEY AVE, LOS ANGELES, CA, 90001",LOS ANGELES,CA,90001,CA-S-20021,1,needs_review,Pre-research single-permit candidate; requires operating-role verification.,unknown,,,TTB Spirits Producers and Bottlers List,https://www.ttb.gov/public-information/foia/list-of-permittees,2026-08-21,TTB Spirits Producers and Bottlers List: CA-S-20021,Prepared from unmatched active TTB permit queue; no public GeoJSON change.
ca-ttb-e754176a36ef,Lopez Spirits & Beverages Company,"HACIENDA LOPEZ, INC.",Lopez Spirits & Beverages Company,"21170 CENTRE POINTE PKWY STE 230, SANTA CLARITA, CA, 91350",SANTA CLARITA,CA,91350,CA-S-20278,1,needs_review,Pre-research single-permit candidate; requires operating-role verification.,unknown,,,TTB Spirits Producers and Bottlers List,https://www.ttb.gov/public-information/foia/list-of-permittees,2026-08-21,TTB Spirits Producers and Bottlers List: CA-S-20278,Prepared from unmatched active TTB permit queue; no public GeoJSON change.
ca-ttb-e83365734cb1,"MATEVEZA, LLC","MATEVEZA, LLC",,"647 - 649 SAN ANSELMO AVE, SAN ANSELMO, CA, 94960",SAN ANSELMO,CA,94960,CA-S-20568,1,needs_review,Pre-research single-permit candidate; requires operating-role verification.,unknown,,,TTB Spirits Producers and Bottlers List,https://www.ttb.gov/public-information/foia/list-of-permittees,2026-08-21,TTB Spirits Producers and Bottlers List: CA-S-20568,Prepared from unmatched active TTB permit queue; no public GeoJSON change.
ca-ttb-e85ee3ab4c95,Barley and Boar Kitchen and Distillery,BU BREWING LLC,Barley and Boar Kitchen and Distillery,"5925 ENTRADA AVE, ATASCADERO, CA, 93422",ATASCADERO,CA,93422,CA-S-20453,1,needs_review,Pre-research single-permit candidate; requires operating-role verification.,unknown,,,TTB Spirits Producers and Bottlers List,https://www.ttb.gov/public-information/foia/list-of-permittees,2026-08-21,TTB Spirits Producers and Bottlers List: CA-S-20453,Prepared from unmatched active TTB permit queue; no public GeoJSON change.
ca-ttb-e8cc70db4ae4,"FREIXENET SONOMA CAVES, INC.","FREIXENET SONOMA CAVES, INC.",,"23555 ARNOLD DR, SONOMA, CA, 95476",SONOMA,CA,95476,CA-S-377,1,needs_review,Pre-research single-permit candidate; requires operating-role verification.,unknown,,,TTB Spirits Producers and Bottlers List,https://www.ttb.gov/public-information/foia/list-of-permittees,2026-08-21,TTB Spirits Producers and Bottlers List: CA-S-377,Prepared from unmatched active TTB permit queue; no public GeoJSON change.
ca-ttb-e8ecafc63b93,Ashtree Whiskey,L.L. VALLEY GROUP LLC,Ashtree Whiskey,"1100 COLE AVE UNIT E, CLOVIS, CA, 93612",CLOVIS,CA,93612,CA-S-20587,1,needs_review,Pre-research single-permit candidate; requires operating-role verification.,unknown,,,TTB Spirits Producers and Bottlers List,https://www.ttb.gov/public-information/foia/list-of-permittees,2026-08-21,TTB Spirits Producers and Bottlers List: CA-S-20587,Prepared from unmatched active TTB permit queue; no public GeoJSON change.
ca-ttb-e924fcfee9c0,Stark Spirits,"STARK SPIRITS, LLC",Stark Spirits,"1260 LINCOLN AVE STE 1100, PASADENA, CA, 91103",PASADENA,CA,91103,CA-S-20045,1,needs_review,Pre-research single-permit candidate; requires operating-role verification.,unknown,,,TTB Spirits Producers and Bottlers List,https://www.ttb.gov/public-information/foia/list-of-permittees,2026-08-21,TTB Spirits Producers and Bottlers List: CA-S-20045,Prepared from unmatched active TTB permit queue; no public GeoJSON change.
ca-ttb-e93215614bae,Artisan Craft Cocktails,ARTISAN CRAFT COCKTAILS INC.,Artisan Craft Cocktails,"1382 VALENCIA AVE STE A, TUSTIN, CA, 92780",TUSTIN,CA,92780,CA-S-20319,1,needs_review,Pre-research single-permit candidate; requires operating-role verification.,unknown,,,TTB Spirits Producers and Bottlers List,https://www.ttb.gov/public-information/foia/list-of-permittees,2026-08-21,TTB Spirits Producers and Bottlers List: CA-S-20319,Prepared from unmatched active TTB permit queue; no public GeoJSON change.
ca-ttb-e93bfeab26f5,PELLEGRINI FAMILY VINEYARDS,"PELLEGRINI BROS. WINES, INC.",PELLEGRINI FAMILY VINEYARDS,"4055 W OLIVET RD, SANTA ROSA, CA, 95401",SANTA ROSA,CA,95401,CA-S-15059,1,needs_review,Pre-research single-permit candidate; requires operating-role verification.,unknown,,,TTB Spirits Producers and Bottlers List,https://www.ttb.gov/public-information/foia/list-of-permittees,2026-08-21,TTB Spirits Producers and Bottlers List: CA-S-15059,Prepared from unmatched active TTB permit queue; no public GeoJSON change.
ca-ttb-e9ae1731f3c0,Nasung Sool Co,FAULK BREWS AND SPIRITS LLC,Nasung Sool Co,"141 W WILSHIRE AVE STE D, FULLERTON, CA, 92832",FULLERTON,CA,92832,CA-S-20593,1,needs_review,Pre-research single-permit candidate; requires operating-role verification.,unknown,,,TTB Spirits Producers and Bottlers List,https://www.ttb.gov/public-information/foia/list-of-permittees,2026-08-21,TTB Spirits Producers and Bottlers List: CA-S-20593,Prepared from unmatched active TTB permit queue; no public GeoJSON change.
ca-ttb-ea4929f63dbd,"ECOPAS, LLC","ECOPAS, LLC",,"2717 AVIATION WAY, SANTA MARIA, CA, 93455",SANTA MARIA,CA,93455,CA-S-20103,1,needs_review,Pre-research single-permit candidate; requires operating-role verification.,unknown,,,TTB Spirits Producers and Bottlers List,https://www.ttb.gov/public-information/foia/list-of-permittees,2026-08-21,TTB Spirits Producers and Bottlers List: CA-S-20103,Prepared from unmatched active TTB permit queue; no public GeoJSON change.
ca-ttb-ea90db3c0604,SOUTHNORTE BRANDS LLC,SOUTHNORTE BRANDS LLC,,"10810 INLAND AVE, JURUPA VALLEY, CA, 91752",JURUPA VALLEY,CA,91752,CA-S-20476,1,needs_review,Pre-research single-permit candidate; requires operating-role verification.,unknown,,,TTB Spirits Producers and Bottlers List,https://www.ttb.gov/public-information/foia/list-of-permittees,2026-08-21,TTB Spirits Producers and Bottlers List: CA-S-20476,Prepared from unmatched active TTB permit queue; no public GeoJSON change.
ca-ttb-eb7fb64930de,Sierra Court LLC,"SIERRA COURT, LLC",Sierra Court LLC,"8008 EASTSIDE RD BLDG C, HEALDSBURG, CA, 95448",HEALDSBURG,CA,95448,CA-S-20244,1,needs_review,Pre-research single-permit candidate; requires operating-role verification.,unknown,,,TTB Spirits Producers and Bottlers List,https://www.ttb.gov/public-information/foia/list-of-permittees,2026-08-21,TTB Spirits Producers and Bottlers List: CA-S-20244,Prepared from unmatched active TTB permit queue; no public GeoJSON change.
ca-ttb-ebb6c1921969,SLO Stills,"SLO BREWING CO, LLC",SLO Stills,"855 AEROVISTA PL STE 120, SAN LUIS OBISPO, CA, 93401",SAN LUIS OBISPO,CA,93401,CA-S-20218,1,needs_review,Pre-research single-permit candidate; requires operating-role verification.,unknown,,,TTB Spirits Producers and Bottlers List,https://www.ttb.gov/public-information/foia/list-of-permittees,2026-08-21,TTB Spirits Producers and Bottlers List: CA-S-20218,Prepared from unmatched active TTB permit queue; no public GeoJSON change.
ca-ttb-ebd3cd18af85,Valensin Vineyard & Winery,VALENSIN VINEYARD & WINERY,Valensin Vineyard & Winery,"10675 VALENSIN RD, GALT, CA, 95632",GALT,CA,95632,CA-S-20555,1,needs_review,Pre-research single-permit candidate; requires operating-role verification.,unknown,,,TTB Spirits Producers and Bottlers List,https://www.ttb.gov/public-information/foia/list-of-permittees,2026-08-21,TTB Spirits Producers and Bottlers List: CA-S-20555,Prepared from unmatched active TTB permit queue; no public GeoJSON change.
ca-ttb-ecc700d7e1dc,SWAN & FOX LLC,SWAN & FOX LLC,,"3375 MISSION AVE STE J/K, OCEANSIDE, CA, 92058",OCEANSIDE,CA,92058,CA-S-20563,1,needs_review,Pre-research single-permit candidate; requires operating-role verification.,unknown,,,TTB Spirits Producers and Bottlers List,https://www.ttb.gov/public-information/foia/list-of-permittees,2026-08-21,TTB Spirits Producers and Bottlers List: CA-S-20563,Prepared from unmatched active TTB permit queue; no public GeoJSON change.
ca-ttb-ed6f39aa6786,CAKEBREAD CELLARS,CAKEBREAD CELLARS,,"8300 ST HELENA HWY, RUTHERFORD, CA, 94573",RUTHERFORD,CA,94573,CA-S-15055,1,needs_review,Pre-research single-permit candidate; requires operating-role verification.,unknown,,,TTB Spirits Producers and Bottlers List,https://www.ttb.gov/public-information/foia/list-of-permittees,2026-08-21,TTB Spirits Producers and Bottlers List: CA-S-15055,Prepared from unmatched active TTB permit queue; no public GeoJSON change.
ca-ttb-ed7082dfb58e,J.J. Pfister Distilling,"JJ PFISTER DISTILLING COMPANY, LLC",J.J. Pfister Distilling,"9819 BUSINESS PARK DR STE 3&4, SACRAMENTO, CA, 95827",SACRAMENTO,CA,95827,CA-S-20185,1,needs_review,Pre-research single-permit candidate; requires operating-role verification.,unknown,,,TTB Spirits Producers and Bottlers List,https://www.ttb.gov/public-information/foia/list-of-permittees,2026-08-21,TTB Spirits Producers and Bottlers List: CA-S-20185,Prepared from unmatched active TTB permit queue; no public GeoJSON change.
ca-ttb-ee79522e09bc,RUINS DISTILLERY LLC,RUINS DISTILLERY LLC,,"108 DODD CT, AMERICAN CANYON, CA, 94503",AMERICAN CANYON,CA,94503,CA-S-20431,1,needs_review,Pre-research single-permit candidate; requires operating-role verification.,unknown,,,TTB Spirits Producers and Bottlers List,https://www.ttb.gov/public-information/foia/list-of-permittees,2026-08-21,TTB Spirits Producers and Bottlers List: CA-S-20431,Prepared from unmatched active TTB permit queue; no public GeoJSON change.
ca-ttb-eef4a2eb33ad,Knox & Dobson,"EARL'S BIG IDEA, LLC",Knox & Dobson,"2031 E FOOTHILL BLVD, PASADENA, CA, 91107",PASADENA,CA,91107,CA-S-20478,1,needs_review,Pre-research single-permit candidate; requires operating-role verification.,unknown,,,TTB Spirits Producers and Bottlers List,https://www.ttb.gov/public-information/foia/list-of-permittees,2026-08-21,TTB Spirits Producers and Bottlers List: CA-S-20478,Prepared from unmatched active TTB permit queue; no public GeoJSON change.
ca-ttb-ef1e7b22534c,Shedcat Distillery,SHEDCAT LLC,Shedcat Distillery,"3668 LAKE TAHOE BLVD STE A, SOUTH LAKE TAHOE, CA, 96150",SOUTH LAKE TAHOE,CA,96150,CA-S-20417,1,needs_review,Pre-research single-permit candidate; requires operating-role verification.,unknown,,,TTB Spirits Producers and Bottlers List,https://www.ttb.gov/public-information/foia/list-of-permittees,2026-08-21,TTB Spirits Producers and Bottlers List: CA-S-20417,Prepared from unmatched active TTB permit queue; no public GeoJSON change.
ca-ttb-efdf4dbd0ce9,CYPHER WINERY,"Q4X, INC.",CYPHER WINERY,"7300 N RIVER RD, PASO ROBLES, CA, 93446",PASO ROBLES,CA,93446,CA-S-15128,1,needs_review,Pre-research single-permit candidate; requires operating-role verification.,unknown,,,TTB Spirits Producers and Bottlers List,https://www.ttb.gov/public-information/foia/list-of-permittees,2026-08-21,TTB Spirits Producers and Bottlers List: CA-S-15128,Prepared from unmatched active TTB permit queue; no public GeoJSON change.
ca-ttb-f06106ca7dbe,Ambix Spirits,AMBIX SPIRITS LLC,Ambix Spirits,"1944 HIGH SCHOOL RD, SEBASTOPOL, CA, 95472",SEBASTOPOL,CA,95472,CA-S-20426,1,needs_review,Pre-research single-permit candidate; requires operating-role verification.,unknown,,,TTB Spirits Producers and Bottlers List,https://www.ttb.gov/public-information/foia/list-of-permittees,2026-08-21,TTB Spirits Producers and Bottlers List: CA-S-20426,Prepared from unmatched active TTB permit queue; no public GeoJSON change.
ca-ttb-f1678cee36ac,WASTED YOUTH SPIRITS,"HORN ENTERPRISES, INC.",WASTED YOUTH SPIRITS,"3230 RIVERSIDE AVE UNIT # 190, PASO ROBLES, CA, 93446",PASO ROBLES,CA,93446,CA-S-20079,1,needs_review,Pre-research single-permit candidate; requires operating-role verification.,unknown,,,TTB Spirits Producers and Bottlers List,https://www.ttb.gov/public-information/foia/list-of-permittees,2026-08-21,TTB Spirits Producers and Bottlers List: CA-S-20079,Prepared from unmatched active TTB permit queue; no public GeoJSON change.
ca-ttb-f191c69efad3,EPU CELLAR LLC,EPU CELLAR LLC,,"101 GRANT AVE UNIT I, HEALDSBURG, CA, 95448",HEALDSBURG,CA,95448,CA-S-20503,1,needs_review,Pre-research single-permit candidate; requires operating-role verification.,unknown,,,TTB Spirits Producers and Bottlers List,https://www.ttb.gov/public-information/foia/list-of-permittees,2026-08-21,TTB Spirits Producers and Bottlers List: CA-S-20503,Prepared from unmatched active TTB permit queue; no public GeoJSON change.
ca-ttb-f1921143094f,GIBSON WINE COMPANY,GIBSON WINE COMPANY,,"1720 ACADEMY AVE, SANGER, CA, 93657",SANGER,CA,93657,CA-S-928,1,needs_review,Pre-research single-permit candidate; requires operating-role verification.,unknown,,,TTB Spirits Producers and Bottlers List,https://www.ttb.gov/public-information/foia/list-of-permittees,2026-08-21,TTB Spirits Producers and Bottlers List: CA-S-928,Prepared from unmatched active TTB permit queue; no public GeoJSON change.
ca-ttb-f20ce91f017c,Purple Spirits,GRATON SPIRITS COMPANY LLC,Purple Spirits,"9109 GRATON RD BLDG C, GRATON, CA, 95444",GRATON,CA,95444,CA-S-20058,1,needs_review,Pre-research single-permit candidate; requires operating-role verification.,unknown,,,TTB Spirits Producers and Bottlers List,https://www.ttb.gov/public-information/foia/list-of-permittees,2026-08-21,TTB Spirits Producers and Bottlers List: CA-S-20058,Prepared from unmatched active TTB permit queue; no public GeoJSON change.
ca-ttb-f233a8b0a374,Left Coast Brewing Co. Tasting Room Smokehouse Distillery,LEFT COAST BREWING COMPANY,Left Coast Brewing Co. Tasting Room Smokehouse Distillery,"980 N HAVEN AVE STE 100, ONTARIO, CA, 91764",ONTARIO,CA,91764,CA-S-20480,1,needs_review,Pre-research single-permit candidate; requires operating-role verification.,unknown,,,TTB Spirits Producers and Bottlers List,https://www.ttb.gov/public-information/foia/list-of-permittees,2026-08-21,TTB Spirits Producers and Bottlers List: CA-S-20480,Prepared from unmatched active TTB permit queue; no public GeoJSON change.
ca-ttb-f25c0686776f,ALMADEN-MADERA,THE WINE GROUP LLC,ALMADEN-MADERA,"22004 ROAD 24, MADERA, CA, 93638",MADERA,CA,93638,CA-S-15070,1,needs_review,Pre-research single-permit candidate; requires operating-role verification.,unknown,,,TTB Spirits Producers and Bottlers List,https://www.ttb.gov/public-information/foia/list-of-permittees,2026-08-21,TTB Spirits Producers and Bottlers List: CA-S-15070,Prepared from unmatched active TTB permit queue; no public GeoJSON change.
ca-ttb-f3a2c47d4beb,Iron Hub Winery,ANN AINSLEY THOMAS LLC,Iron Hub Winery,"12500 STEINER RD, PLYMOUTH, CA, 95669",PLYMOUTH,CA,95669,CA-S-20245,1,needs_review,Pre-research single-permit candidate; requires operating-role verification.,unknown,,,TTB Spirits Producers and Bottlers List,https://www.ttb.gov/public-information/foia/list-of-permittees,2026-08-21,TTB Spirits Producers and Bottlers List: CA-S-20245,Prepared from unmatched active TTB permit queue; no public GeoJSON change.
ca-ttb-f44e9a964e7d,"SF BEVERAGE AND DISTILLING CO., LLC","SF BEVERAGE AND DISTILLING CO., LLC",,"100 HOOPER ST, SAN FRANCISCO, CA, 94107",SAN FRANCISCO,CA,94107,CA-S-20521,1,needs_review,Pre-research single-permit candidate; requires operating-role verification.,unknown,,,TTB Spirits Producers and Bottlers List,https://www.ttb.gov/public-information/foia/list-of-permittees,2026-08-21,TTB Spirits Producers and Bottlers List: CA-S-20521,Prepared from unmatched active TTB permit queue; no public GeoJSON change.
ca-ttb-f47cef736ed8,The Natoma Distillery,JACKSON SQUARE HOSPITALITY LLC,The Natoma Distillery,"155 12 ST, SAN FRANCISCO, CA, 94103",SAN FRANCISCO,CA,94103,CA-S-20592,1,needs_review,Pre-research single-permit candidate; requires operating-role verification.,unknown,,,TTB Spirits Producers and Bottlers List,https://www.ttb.gov/public-information/foia/list-of-permittees,2026-08-21,TTB Spirits Producers and Bottlers List: CA-S-20592,Prepared from unmatched active TTB permit queue; no public GeoJSON change.
ca-ttb-f4e9b57761a9,WHISKEY RIVER,BRIAN RUNKLE,WHISKEY RIVER,"1128 WESTERN CT STE 11, FAIRFIELD, CA, 94533",FAIRFIELD,CA,94533,CA-S-20112,1,needs_review,Pre-research single-permit candidate; requires operating-role verification.,unknown,,,TTB Spirits Producers and Bottlers List,https://www.ttb.gov/public-information/foia/list-of-permittees,2026-08-21,TTB Spirits Producers and Bottlers List: CA-S-20112,Prepared from unmatched active TTB permit queue; no public GeoJSON change.
ca-ttb-f5a73cadec17,Hotaling & Co.,"HOTALING & CO., LLC",Hotaling & Co.,"PIER 50, SHED B, SAN FRANCISCO, CA, 94158",SAN FRANCISCO,CA,94158,CA-S-20265,1,needs_review,Pre-research single-permit candidate; requires operating-role verification.,unknown,,,TTB Spirits Producers and Bottlers List,https://www.ttb.gov/public-information/foia/list-of-permittees,2026-08-21,TTB Spirits Producers and Bottlers List: CA-S-20265,Prepared from unmatched active TTB permit queue; no public GeoJSON change.
ca-ttb-f5ff73af1467,"PRESTIGE PRODUCTION SOLUTIONS, LLC","PRESTIGE PRODUCTION SOLUTIONS, LLC",,"265 LOMBARD RD STE A, AMERICAN CANYON, CA, 94503",AMERICAN CANYON,CA,94503,CA-S-20515,1,needs_review,Pre-research single-permit candidate; requires operating-role verification.,unknown,,,TTB Spirits Producers and Bottlers List,https://www.ttb.gov/public-information/foia/list-of-permittees,2026-08-21,TTB Spirits Producers and Bottlers List: CA-S-20515,Prepared from unmatched active TTB permit queue; no public GeoJSON change.
ca-ttb-f6ee3c6d3db2,THE SILVERADO VINEYARDS,"FOLEY FAMILY WINES, INC.",THE SILVERADO VINEYARDS,"6121 SILVERADO TRL, NAPA, CA, 94558",NAPA,CA,94558,CA-S-20449,1,needs_review,Pre-research single-permit candidate; requires operating-role verification.,unknown,,,TTB Spirits Producers and Bottlers List,https://www.ttb.gov/public-information/foia/list-of-permittees,2026-08-21,TTB Spirits Producers and Bottlers List: CA-S-20449,Prepared from unmatched active TTB permit queue; no public GeoJSON change.
ca-ttb-f6fba4b49d5c,"FN CELLARS, LLC","FN CELLARS, LLC",,"1350 ACACIA DR, OAKVILLE, CA, 94562",OAKVILLE,CA,94562,CA-S-20565,1,needs_review,Pre-research single-permit candidate; requires operating-role verification.,unknown,,,TTB Spirits Producers and Bottlers List,https://www.ttb.gov/public-information/foia/list-of-permittees,2026-08-21,TTB Spirits Producers and Bottlers List: CA-S-20565,Prepared from unmatched active TTB permit queue; no public GeoJSON change.
ca-ttb-f71af7e312bb,EVANS BREWING COMPANY INC.,EVANS BREWING COMPANY INC.,,"2440 RAILROAD ST STE 101, CORONA, CA, 92880",CORONA,CA,92880,CA-S-20326,1,needs_review,Pre-research single-permit candidate; requires operating-role verification.,unknown,,,TTB Spirits Producers and Bottlers List,https://www.ttb.gov/public-information/foia/list-of-permittees,2026-08-21,TTB Spirits Producers and Bottlers List: CA-S-20326,Prepared from unmatched active TTB permit queue; no public GeoJSON change.
ca-ttb-f7675bf77356,BEAR & THE WREN,SCRAMBLEZ GRILLE & BAR,BEAR & THE WREN,"570 HIGUERA ST STE 2, SAN LUIS OBISPO, CA, 93401",SAN LUIS OBISPO,CA,93401,CA-S-20577,1,needs_review,Pre-research single-permit candidate; requires operating-role verification.,unknown,,,TTB Spirits Producers and Bottlers List,https://www.ttb.gov/public-information/foia/list-of-permittees,2026-08-21,TTB Spirits Producers and Bottlers List: CA-S-20577,Prepared from unmatched active TTB permit queue; no public GeoJSON change.
ca-ttb-f875f508d599,Paskenta Brewing & Distilling Company,"PASKENTA BREWING & DISTILLING COMPANY, LLC",Paskenta Brewing & Distilling Company,"2655 EVERETT FREEMAN WAY, CORNING, CA, 96021",CORNING,CA,96021,CA-S-20350,1,needs_review,Pre-research single-permit candidate; requires operating-role verification.,unknown,,,TTB Spirits Producers and Bottlers List,https://www.ttb.gov/public-information/foia/list-of-permittees,2026-08-21,TTB Spirits Producers and Bottlers List: CA-S-20350,Prepared from unmatched active TTB permit queue; no public GeoJSON change.
ca-ttb-f8b4eb5e992e,Carbon Negative Spirits,CARBON NEGATIVE SPIRITS LLC,Carbon Negative Spirits,"399 BUSINESS PARK CT SUITE 504, 505, 523 CT, WINDSOR, CA, 95492",WINDSOR,CA,95492,CA-S-20477,1,needs_review,Pre-research single-permit candidate; requires operating-role verification.,unknown,,,TTB Spirits Producers and Bottlers List,https://www.ttb.gov/public-information/foia/list-of-permittees,2026-08-21,TTB Spirits Producers and Bottlers List: CA-S-20477,Prepared from unmatched active TTB permit queue; no public GeoJSON change.
ca-ttb-f90a81b69875,SEGHESIO FAMILY VINEYARDS,"PINE RIDGE WINERY, LLC",SEGHESIO FAMILY VINEYARDS,"700 GROVE ST, HEALDSBURG, CA, 95448",HEALDSBURG,CA,95448,CA-S-15121,1,needs_review,Pre-research single-permit candidate; requires operating-role verification.,unknown,,,TTB Spirits Producers and Bottlers List,https://www.ttb.gov/public-information/foia/list-of-permittees,2026-08-21,TTB Spirits Producers and Bottlers List: CA-S-15121,Prepared from unmatched active TTB permit queue; no public GeoJSON change.
ca-ttb-f95547d1cc32,MPL BRANDS NV INC.,MPL BRANDS NV INC.,,"2455 HUNTINGTON DR, FAIRFIELD, CA, 94533",FAIRFIELD,CA,94533,CA-S-20467,1,needs_review,Pre-research single-permit candidate; requires operating-role verification.,unknown,,,TTB Spirits Producers and Bottlers List,https://www.ttb.gov/public-information/foia/list-of-permittees,2026-08-21,TTB Spirits Producers and Bottlers List: CA-S-20467,Prepared from unmatched active TTB permit queue; no public GeoJSON change.
ca-ttb-f963278ab6ac,"NELLA TERRA CELLARS, INC.","NELLA TERRA CELLARS, INC.",,"5003 SHERIDAN RD, SUNOL, CA, 94586",SUNOL,CA,94586,CA-S-20189,1,needs_review,Pre-research single-permit candidate; requires operating-role verification.,unknown,,,TTB Spirits Producers and Bottlers List,https://www.ttb.gov/public-information/foia/list-of-permittees,2026-08-21,TTB Spirits Producers and Bottlers List: CA-S-20189,Prepared from unmatched active TTB permit queue; no public GeoJSON change.
ca-ttb-f97e5b7e5307,Lucca Winery,MARK STEVEN LUCCHESI,Lucca Winery,"16265 E RIVER RD, RIPON, CA, 95366",RIPON,CA,95366,CA-S-20473,1,needs_review,Pre-research single-permit candidate; requires operating-role verification.,unknown,,,TTB Spirits Producers and Bottlers List,https://www.ttb.gov/public-information/foia/list-of-permittees,2026-08-21,TTB Spirits Producers and Bottlers List: CA-S-20473,Prepared from unmatched active TTB permit queue; no public GeoJSON change.
ca-ttb-fa06fcc9c0c1,Aris Vodka Corporation,ARIS VODKA CORPORATION,Aris Vodka Corporation,"759 S STATE COLLEGE BLVD UNIT 18, FULLERTON, CA, 92831",FULLERTON,CA,92831,CA-S-20441,1,needs_review,Pre-research single-permit candidate; requires operating-role verification.,unknown,,,TTB Spirits Producers and Bottlers List,https://www.ttb.gov/public-information/foia/list-of-permittees,2026-08-21,TTB Spirits Producers and Bottlers List: CA-S-20441,Prepared from unmatched active TTB permit queue; no public GeoJSON change.
ca-ttb-fc7721ae207a,SCHEID VINEYARDS CALIFORNIA INC.,SCHEID VINEYARDS CALIFORNIA INC.,,"1972 HOBSON AVE, GREENFIELD, CA, 93927",GREENFIELD,CA,93927,CA-S-15036,1,needs_review,Pre-research single-permit candidate; requires operating-role verification.,unknown,,,TTB Spirits Producers and Bottlers List,https://www.ttb.gov/public-information/foia/list-of-permittees,2026-08-21,TTB Spirits Producers and Bottlers List: CA-S-15036,Prepared from unmatched active TTB permit queue; no public GeoJSON change.
ca-ttb-fd44b29a2ce9,ALTR FLTR,ALTR FLTR INC.,ALTR FLTR,"4326 BIG RANCH RD, NAPA, CA, 94558",NAPA,CA,94558,CA-S-20575,1,needs_review,Pre-research single-permit candidate; requires operating-role verification.,unknown,,,TTB Spirits Producers and Bottlers List,https://www.ttb.gov/public-information/foia/list-of-permittees,2026-08-21,TTB Spirits Producers and Bottlers List: CA-S-20575,Prepared from unmatched active TTB permit queue; no public GeoJSON change.
ca-ttb-fd749481f11c,Six Drops,SAINT VINCENT BRANDS LLC,Six Drops,"30973 SANTANA ST STE 102, HAYWARD, CA, 94544",HAYWARD,CA,94544,CA-S-20383,1,needs_review,Pre-research single-permit candidate; requires operating-role verification.,unknown,,,TTB Spirits Producers and Bottlers List,https://www.ttb.gov/public-information/foia/list-of-permittees,2026-08-21,TTB Spirits Producers and Bottlers List: CA-S-20383,Prepared from unmatched active TTB permit queue; no public GeoJSON change.
ca-ttb-fd95ce4acf61,THE OBSCURE,AD OBSCURA LLC,THE OBSCURE,"3709 MEDFORD ST UNIT 15, LOS ANGELES, CA, 90063",LOS ANGELES,CA,90063,CA-S-20340,1,needs_review,Pre-research single-permit candidate; requires operating-role verification.,unknown,,,TTB Spirits Producers and Bottlers List,https://www.ttb.gov/public-information/foia/list-of-permittees,2026-08-21,TTB Spirits Producers and Bottlers List: CA-S-20340,Prepared from unmatched active TTB permit queue; no public GeoJSON change.
ca-ttb-fdd719763593,19th Hole Spirits,19TH HOLE SPIRITS LLC,19th Hole Spirits,"1231 THIRD STREET PROMENADE, SANTA MONICA, CA, 90401",SANTA MONICA,CA,90401,CA-S-20435,1,needs_review,Pre-research single-permit candidate; requires operating-role verification.,unknown,,,TTB Spirits Producers and Bottlers List,https://www.ttb.gov/public-information/foia/list-of-permittees,2026-08-21,TTB Spirits Producers and Bottlers List: CA-S-20435,Prepared from unmatched active TTB permit queue; no public GeoJSON change.
ca-ttb-fec7621322f1,Kalifornia Distilleries,"KALIFORNIA DISTILLERIES, INC.",Kalifornia Distilleries,"41638 EASTMAN DR STE A, MURRIETA, CA, 92562",MURRIETA,CA,92562,CA-S-20257,1,needs_review,Pre-research single-permit candidate; requires operating-role verification.,unknown,,,TTB Spirits Producers and Bottlers List,https://www.ttb.gov/public-information/foia/list-of-permittees,2026-08-21,TTB Spirits Producers and Bottlers List: CA-S-20257,Prepared from unmatched active TTB permit queue; no public GeoJSON change.
ca-ttb-ffb10079d543,The Rock,SLO5ROCK LLC,The Rock,"855 AEROVISTA PL STE 120, SAN LUIS OBISPO, CA, 93401",SAN LUIS OBISPO,CA,93401,CA-S-20576,1,needs_review,Pre-research single-permit candidate; requires operating-role verification.,unknown,,,TTB Spirits Producers and Bottlers List,https://www.ttb.gov/public-information/foia/list-of-permittees,2026-08-21,TTB Spirits Producers and Bottlers List: CA-S-20576,Prepared from unmatched active TTB permit queue; no public GeoJSON change.
ca-ttb-ffbc3882aa3f,"DEL SOL DISTILLERIES, INC.","DEL SOL DISTILLERIES, INC.",,"2766 VIA ORANGE WAY UNIT O, SPRING VALLEY, CA, 91978",SPRING VALLEY,CA,91978,CA-S-20195,1,needs_review,Pre-research single-permit candidate; requires operating-role verification.,unknown,,,TTB Spirits Producers and Bottlers List,https://www.ttb.gov/public-information/foia/list-of-permittees,2026-08-21,TTB Spirits Producers and Bottlers List: CA-S-20195,Prepared from unmatched active TTB permit queue; no public GeoJSON change.
ca-ttb-fff604e5121f,Cali Shine Distillery Co.,"BRIAN TOEPFER, MICHAEL TOEPFER AND CHRISTOPHER DEAN",Cali Shine Distillery Co.,"5216 ARBOGA ROAD UNIT C, OLIVEHURST, CA, 95961",OLIVEHURST,CA,95961,CA-S-20083,1,needs_review,Pre-research single-permit candidate; requires operating-role verification.,unknown,,,TTB Spirits Producers and Bottlers List,https://www.ttb.gov/public-information/foia/list-of-permittees,2026-08-21,TTB Spirits Producers and Bottlers List: CA-S-20083,Prepared from unmatched active TTB permit queue; no public GeoJSON change.
