candidate_id,name,business_name,dba,full_premise_address,city,state,zip,permit_numbers,permit_count,operator_query,official_registry_query,source_name,source_url,retrieval_date,exact_registry_reference,research_status
ca-ttb-004b4c988b0f,GALLO,E. & J. GALLO WINERY,GALLO,"600 YOSEMITE BLVD, MODESTO, CA, 95354",MODESTO,CA,95354,CA-S-210,1,GALLO MODESTO California,"GALLO 600 YOSEMITE BLVD, MODESTO, CA, 95354",TTB Spirits Producers and Bottlers List,https://www.ttb.gov/public-information/foia/list-of-permittees,2026-08-21,TTB Spirits Producers and Bottlers List: CA-S-210,unreviewed
ca-ttb-015e354edde3,DEVEN WEK,DEVEN WEK,,"815 ALMAR AVE UNIT 14, SANTA CRUZ, CA, 95060",SANTA CRUZ,CA,95060,CA-S-20219,1,DEVEN WEK SANTA CRUZ California,"DEVEN WEK 815 ALMAR AVE UNIT 14, SANTA CRUZ, CA, 95060",TTB Spirits Producers and Bottlers List,https://www.ttb.gov/public-information/foia/list-of-permittees,2026-08-21,TTB Spirits Producers and Bottlers List: CA-S-20219,unreviewed
ca-ttb-0163152b3777,"KEG KRAFT BEVERAGE CO., LP","KEG KRAFT BEVERAGE CO., LP",,"45 N MAIN ST BLDG 1 & 2, TEMPLETON, CA, 93465",TEMPLETON,CA,93465,CA-S-20602,1,"KEG KRAFT BEVERAGE CO., LP TEMPLETON California","KEG KRAFT BEVERAGE CO., LP 45 N MAIN ST BLDG 1 & 2, TEMPLETON, CA, 93465",TTB Spirits Producers and Bottlers List,https://www.ttb.gov/public-information/foia/list-of-permittees,2026-08-21,TTB Spirits Producers and Bottlers List: CA-S-20602,unreviewed
ca-ttb-02765b99ed24,"FN Cellars, LLC","FN CELLARS, LLC","FN Cellars, LLC","1695 ST. HELENA HWY S, ST. HELENA, CA, 94574",ST. HELENA,CA,94574,CA-S-20408,1,"FN Cellars, LLC ST. HELENA California","FN Cellars, LLC 1695 ST. HELENA HWY S, ST. HELENA, CA, 94574",TTB Spirits Producers and Bottlers List,https://www.ttb.gov/public-information/foia/list-of-permittees,2026-08-21,TTB Spirits Producers and Bottlers List: CA-S-20408,unreviewed
ca-ttb-02af558b38b9,INSPIRADA BRANDS LLC,INSPIRADA BRANDS LLC,,"1220 J ST, SAN DIEGO, CA, 92101",SAN DIEGO,CA,92101,CA-S-20581,1,INSPIRADA BRANDS LLC SAN DIEGO California,"INSPIRADA BRANDS LLC 1220 J ST, SAN DIEGO, CA, 92101",TTB Spirits Producers and Bottlers List,https://www.ttb.gov/public-information/foia/list-of-permittees,2026-08-21,TTB Spirits Producers and Bottlers List: CA-S-20581,unreviewed
ca-ttb-02c61338ea2d,ORGANIC CRAFT BREWING,ORGANIC CRAFT BREWING,,"1430 VANTAGE COURT STE 104, VISTA, CA, 92081",VISTA,CA,92081,CA-S-20479,1,ORGANIC CRAFT BREWING VISTA California,"ORGANIC CRAFT BREWING 1430 VANTAGE COURT STE 104, VISTA, CA, 92081",TTB Spirits Producers and Bottlers List,https://www.ttb.gov/public-information/foia/list-of-permittees,2026-08-21,TTB Spirits Producers and Bottlers List: CA-S-20479,unreviewed
ca-ttb-03b3a5b19600,VILLA TOSCANO,"VILLA TOSCANO, INC.",VILLA TOSCANO,"10600 SHENANDOAH RD, PLYMOUTH, CA, 95669",PLYMOUTH,CA,95669,CA-S-15051,1,VILLA TOSCANO PLYMOUTH California,"VILLA TOSCANO 10600 SHENANDOAH RD, PLYMOUTH, CA, 95669",TTB Spirits Producers and Bottlers List,https://www.ttb.gov/public-information/foia/list-of-permittees,2026-08-21,TTB Spirits Producers and Bottlers List: CA-S-15051,unreviewed
ca-ttb-03ec25f10225,"Corning & Company Distillers, LLC","CORNING & COMPANY DISTILLERS, LLC","Corning & Company Distillers, LLC","5535 STATE FARM DR, ROHNERT PARK, CA, 94928",ROHNERT PARK,CA,94928,CA-S-15098,1,"Corning & Company Distillers, LLC ROHNERT PARK California","Corning & Company Distillers, LLC 5535 STATE FARM DR, ROHNERT PARK, CA, 94928",TTB Spirits Producers and Bottlers List,https://www.ttb.gov/public-information/foia/list-of-permittees,2026-08-21,TTB Spirits Producers and Bottlers List: CA-S-15098,unreviewed
ca-ttb-04d1dd2e0466,Prismatic Distilling Company,VINEYARD TO VINTAGE LLC,Prismatic Distilling Company,"10255 OLD PLACERVILLE RD STE 5, SACRAMENTO, CA, 95827",SACRAMENTO,CA,95827,CA-S-20494,1,Prismatic Distilling Company SACRAMENTO California,"Prismatic Distilling Company 10255 OLD PLACERVILLE RD STE 5, SACRAMENTO, CA, 95827",TTB Spirits Producers and Bottlers List,https://www.ttb.gov/public-information/foia/list-of-permittees,2026-08-21,TTB Spirits Producers and Bottlers List: CA-S-20494,unreviewed
ca-ttb-050461e160f2,PEKUT AND CARWICK INDEPENDENT BOTTLERS,PEKUT AND CARWICK LLC,PEKUT AND CARWICK INDEPENDENT BOTTLERS,"2390 FOURTH ST STE D, BERKELEY, CA, 94710",BERKELEY,CA,94710,CA-S-20306,1,PEKUT AND CARWICK INDEPENDENT BOTTLERS BERKELEY California,"PEKUT AND CARWICK INDEPENDENT BOTTLERS 2390 FOURTH ST STE D, BERKELEY, CA, 94710",TTB Spirits Producers and Bottlers List,https://www.ttb.gov/public-information/foia/list-of-permittees,2026-08-21,TTB Spirits Producers and Bottlers List: CA-S-20306,unreviewed
ca-ttb-05c2eb387e7d,ROK Distillery,ROK DISTILLERY LLC,ROK Distillery,"260 SCOTTSVILLE BLVD, JACKSON, CA, 95642",JACKSON,CA,95642,CA-S-20134,1,ROK Distillery JACKSON California,"ROK Distillery 260 SCOTTSVILLE BLVD, JACKSON, CA, 95642",TTB Spirits Producers and Bottlers List,https://www.ttb.gov/public-information/foia/list-of-permittees,2026-08-21,TTB Spirits Producers and Bottlers List: CA-S-20134,unreviewed
ca-ttb-0603b81df61c,Blue-09,GOOD FISHING LLC,Blue-09,"1930 AIRDOME ENTRY, ATWATER, CA, 95340",ATWATER,CA,95340,CA-S-20190,1,Blue-09 ATWATER California,"Blue-09 1930 AIRDOME ENTRY, ATWATER, CA, 95340",TTB Spirits Producers and Bottlers List,https://www.ttb.gov/public-information/foia/list-of-permittees,2026-08-21,TTB Spirits Producers and Bottlers List: CA-S-20190,unreviewed
ca-ttb-0745610c6169,"CALICRAFT, LLC","CALICRAFT, LLC",,"1052 HORIZON DR STE A, FAIRFIELD, CA, 94533",FAIRFIELD,CA,94533,CA-S-20517,1,"CALICRAFT, LLC FAIRFIELD California","CALICRAFT, LLC 1052 HORIZON DR STE A, FAIRFIELD, CA, 94533",TTB Spirits Producers and Bottlers List,https://www.ttb.gov/public-information/foia/list-of-permittees,2026-08-21,TTB Spirits Producers and Bottlers List: CA-S-20517,unreviewed
ca-ttb-07f79a0505fe,TWG Woodbridge,THE WINE GROUP LLC,TWG Woodbridge,"5950 E WOODBRIDGE RD, ACAMPO, CA, 95220",ACAMPO,CA,95220,CA-S-20547,1,TWG Woodbridge ACAMPO California,"TWG Woodbridge 5950 E WOODBRIDGE RD, ACAMPO, CA, 95220",TTB Spirits Producers and Bottlers List,https://www.ttb.gov/public-information/foia/list-of-permittees,2026-08-21,TTB Spirits Producers and Bottlers List: CA-S-20547,unreviewed
ca-ttb-080977987551,"Study Break Beverages, Lua Cocktails, BUJI Spirits, Reyes y Cobardes",JIVE BEVERAGES INC.,"Study Break Beverages, Lua Cocktails, BUJI Spirits, Reyes y Cobardes","14938 S FIGUEROA ST, GARDENA, CA, 90248",GARDENA,CA,90248,CA-S-20373,1,"Study Break Beverages, Lua Cocktails, BUJI Spirits, Reyes y Cobardes GARDENA California","Study Break Beverages, Lua Cocktails, BUJI Spirits, Reyes y Cobardes 14938 S FIGUEROA ST, GARDENA, CA, 90248",TTB Spirits Producers and Bottlers List,https://www.ttb.gov/public-information/foia/list-of-permittees,2026-08-21,TTB Spirits Producers and Bottlers List: CA-S-20373,unreviewed
ca-ttb-08338a2c75a4,LOST SPIRITS,LOST SPIRITS DISTILLERY LLC,LOST SPIRITS,"1235 E 6TH ST, LOS ANGELES, CA, 90021",LOS ANGELES,CA,90021,CA-S-15126,1,LOST SPIRITS LOS ANGELES California,"LOST SPIRITS 1235 E 6TH ST, LOS ANGELES, CA, 90021",TTB Spirits Producers and Bottlers List,https://www.ttb.gov/public-information/foia/list-of-permittees,2026-08-21,TTB Spirits Producers and Bottlers List: CA-S-15126,unreviewed
ca-ttb-08b50b37cd0a,BALLETTO VINEYARDS,"LAGUNA OAKS VINEYARDS & WINERY, INC.",BALLETTO VINEYARDS,"5700 OCCIDENTAL RD, SANTA ROSA, CA, 95401",SANTA ROSA,CA,95401,CA-S-15076,1,BALLETTO VINEYARDS SANTA ROSA California,"BALLETTO VINEYARDS 5700 OCCIDENTAL RD, SANTA ROSA, CA, 95401",TTB Spirits Producers and Bottlers List,https://www.ttb.gov/public-information/foia/list-of-permittees,2026-08-21,TTB Spirits Producers and Bottlers List: CA-S-15076,unreviewed
ca-ttb-092e6a76368c,LERAXA WINERY,E. & J. GALLO WINERY,LERAXA WINERY,"18000 RIVER RD, LIVINGSTON, CA, 95334",LIVINGSTON,CA,95334,CA-S-212,1,LERAXA WINERY LIVINGSTON California,"LERAXA WINERY 18000 RIVER RD, LIVINGSTON, CA, 95334",TTB Spirits Producers and Bottlers List,https://www.ttb.gov/public-information/foia/list-of-permittees,2026-08-21,TTB Spirits Producers and Bottlers List: CA-S-212,unreviewed
ca-ttb-093b2f467154,San Antonio Winery,"SAN ANTONIO WINERY, INC.",San Antonio Winery,"2017 WISTERIA LN, PASO ROBLES, CA, 93446",PASO ROBLES,CA,93446,CA-S-20518,1,San Antonio Winery PASO ROBLES California,"San Antonio Winery 2017 WISTERIA LN, PASO ROBLES, CA, 93446",TTB Spirits Producers and Bottlers List,https://www.ttb.gov/public-information/foia/list-of-permittees,2026-08-21,TTB Spirits Producers and Bottlers List: CA-S-20518,unreviewed
ca-ttb-09467493a23c,E. & J. GALLO WINERY,E. & J. GALLO WINERY,,"5610 E OLIVE AVE, FRESNO, CA, 93727",FRESNO,CA,93727,CA-S-211,1,E. & J. GALLO WINERY FRESNO California,"E. & J. GALLO WINERY 5610 E OLIVE AVE, FRESNO, CA, 93727",TTB Spirits Producers and Bottlers List,https://www.ttb.gov/public-information/foia/list-of-permittees,2026-08-21,TTB Spirits Producers and Bottlers List: CA-S-211,unreviewed
ca-ttb-09f7c3a8a463,BNS Brewing and Distilling Co,SANTEE SALOON LLC,BNS Brewing and Distilling Co,"10960 WHEATLANDS AVE STE 102, SANTEE, CA, 92071",SANTEE,CA,92071,CA-S-20142,1,BNS Brewing and Distilling Co SANTEE California,"BNS Brewing and Distilling Co 10960 WHEATLANDS AVE STE 102, SANTEE, CA, 92071",TTB Spirits Producers and Bottlers List,https://www.ttb.gov/public-information/foia/list-of-permittees,2026-08-21,TTB Spirits Producers and Bottlers List: CA-S-20142,unreviewed
ca-ttb-0aa0332aad79,1848 Distillery,SAMUEL TERESI,1848 Distillery,"3073 NEWTOWN RD, PLACERVILLE, CA, 95667",PLACERVILLE,CA,95667,CA-S-20098,1,1848 Distillery PLACERVILLE California,"1848 Distillery 3073 NEWTOWN RD, PLACERVILLE, CA, 95667",TTB Spirits Producers and Bottlers List,https://www.ttb.gov/public-information/foia/list-of-permittees,2026-08-21,TTB Spirits Producers and Bottlers List: CA-S-20098,unreviewed
ca-ttb-0abbdf5fe342,ETUDE WINES,TREASURY WINE ESTATES AMERICAS COMPANY,ETUDE WINES,"1250 CUTTINGS WHARF RD, NAPA, CA, 94559",NAPA,CA,94559,CA-S-375,1,ETUDE WINES NAPA California,"ETUDE WINES 1250 CUTTINGS WHARF RD, NAPA, CA, 94559",TTB Spirits Producers and Bottlers List,https://www.ttb.gov/public-information/foia/list-of-permittees,2026-08-21,TTB Spirits Producers and Bottlers List: CA-S-375,unreviewed
ca-ttb-0abd429f0be8,P&W Spirits Co.,BRAWL LLC,P&W Spirits Co.,"369 3RD ST, OAKLAND, CA, 94607",OAKLAND,CA,94607,CA-S-20525,1,P&W Spirits Co. OAKLAND California,"P&W Spirits Co. 369 3RD ST, OAKLAND, CA, 94607",TTB Spirits Producers and Bottlers List,https://www.ttb.gov/public-information/foia/list-of-permittees,2026-08-21,TTB Spirits Producers and Bottlers List: CA-S-20525,unreviewed
ca-ttb-0bbf0797f454,The Distillers Club,PUTNER LLC,The Distillers Club,"2400 KETTNER BLVD STE 110, SAN DIEGO, CA, 92101",SAN DIEGO,CA,92101,CA-S-20259,1,The Distillers Club SAN DIEGO California,"The Distillers Club 2400 KETTNER BLVD STE 110, SAN DIEGO, CA, 92101",TTB Spirits Producers and Bottlers List,https://www.ttb.gov/public-information/foia/list-of-permittees,2026-08-21,TTB Spirits Producers and Bottlers List: CA-S-20259,unreviewed
ca-ttb-0bcd5b5ff2aa,Burning Beard,PROMETHEAN BREWING CO. LLC,Burning Beard,"1835 N MARSHALL AVE, EL CAJON, CA, 92020",EL CAJON,CA,92020,CA-S-20589,1,Burning Beard EL CAJON California,"Burning Beard 1835 N MARSHALL AVE, EL CAJON, CA, 92020",TTB Spirits Producers and Bottlers List,https://www.ttb.gov/public-information/foia/list-of-permittees,2026-08-21,TTB Spirits Producers and Bottlers List: CA-S-20589,unreviewed
ca-ttb-0cfd79f9674c,DRIFT DISTILLERY,"DRIFT BRANDS, LLC",DRIFT DISTILLERY,"940 CALLE AMANECER STE K, SAN CLEMENTE, CA, 92673",SAN CLEMENTE,CA,92673,CA-S-20154,1,DRIFT DISTILLERY SAN CLEMENTE California,"DRIFT DISTILLERY 940 CALLE AMANECER STE K, SAN CLEMENTE, CA, 92673",TTB Spirits Producers and Bottlers List,https://www.ttb.gov/public-information/foia/list-of-permittees,2026-08-21,TTB Spirits Producers and Bottlers List: CA-S-20154,unreviewed
ca-ttb-0d104805dcdf,WHISKEY KINGS LLC,WHISKEY KINGS LLC,,"3195 MCMILLIAN DR STE C, SAN LUIS OBISPO, CA, 93401",SAN LUIS OBISPO,CA,93401,CA-S-20166,1,WHISKEY KINGS LLC SAN LUIS OBISPO California,"WHISKEY KINGS LLC 3195 MCMILLIAN DR STE C, SAN LUIS OBISPO, CA, 93401",TTB Spirits Producers and Bottlers List,https://www.ttb.gov/public-information/foia/list-of-permittees,2026-08-21,TTB Spirits Producers and Bottlers List: CA-S-20166,unreviewed
ca-ttb-0d24897eb5a0,Berghold Vineyards,"BERGHOLD WINE SALES, INC",Berghold Vineyards,"17343 N CHERRY RD, LODI, CA, 95240",LODI,CA,95240,CA-S-20378,1,Berghold Vineyards LODI California,"Berghold Vineyards 17343 N CHERRY RD, LODI, CA, 95240",TTB Spirits Producers and Bottlers List,https://www.ttb.gov/public-information/foia/list-of-permittees,2026-08-21,TTB Spirits Producers and Bottlers List: CA-S-20378,unreviewed
ca-ttb-0df3b39e8651,SUN-MAID GROWERS OF CALIFORNIA,SUN-MAID GROWERS OF CALIFORNIA,,"9818 S JACOBS AVE, ORANGE COVE, CA, 93646",ORANGE COVE,CA,93646,CA-S-230,1,SUN-MAID GROWERS OF CALIFORNIA ORANGE COVE California,"SUN-MAID GROWERS OF CALIFORNIA 9818 S JACOBS AVE, ORANGE COVE, CA, 93646",TTB Spirits Producers and Bottlers List,https://www.ttb.gov/public-information/foia/list-of-permittees,2026-08-21,TTB Spirits Producers and Bottlers List: CA-S-230,unreviewed
ca-ttb-0e2abde8a5c0,Validation Ale,VALIDATION ALE LLC,Validation Ale,"102 E YANONALI ST, SANTA BARBARA, CA, 93101",SANTA BARBARA,CA,93101,CA-S-20499,1,Validation Ale SANTA BARBARA California,"Validation Ale 102 E YANONALI ST, SANTA BARBARA, CA, 93101",TTB Spirits Producers and Bottlers List,https://www.ttb.gov/public-information/foia/list-of-permittees,2026-08-21,TTB Spirits Producers and Bottlers List: CA-S-20499,unreviewed
ca-ttb-0e2d081df7b4,Francis Coppola Winery,"DELICATO VINEYARDS, LLC",Francis Coppola Winery,"300 VIA ARCHIMEDES, GEYSERVILLE, CA, 95441",GEYSERVILLE,CA,95441,CA-S-20397,1,Francis Coppola Winery GEYSERVILLE California,"Francis Coppola Winery 300 VIA ARCHIMEDES, GEYSERVILLE, CA, 95441",TTB Spirits Producers and Bottlers List,https://www.ttb.gov/public-information/foia/list-of-permittees,2026-08-21,TTB Spirits Producers and Bottlers List: CA-S-20397,unreviewed
ca-ttb-0ef3b716c12c,HENEBERY SPIRITS INC.,HENEBERY SPIRITS INC.,,"2870 SCOTT ST STE 104 - 106, VISTA, CA, 92081",VISTA,CA,92081,CA-S-20130,1,HENEBERY SPIRITS INC. VISTA California,"HENEBERY SPIRITS INC. 2870 SCOTT ST STE 104 - 106, VISTA, CA, 92081",TTB Spirits Producers and Bottlers List,https://www.ttb.gov/public-information/foia/list-of-permittees,2026-08-21,TTB Spirits Producers and Bottlers List: CA-S-20130,unreviewed
ca-ttb-107986e1ebb2,FLOWER CITY BALLROOM LLC,FLOWER CITY BALLROOM LLC,,"110 W OCEAN AVE, LOMPOC, CA, 93436",LOMPOC,CA,93436,CA-S-20483,1,FLOWER CITY BALLROOM LLC LOMPOC California,"FLOWER CITY BALLROOM LLC 110 W OCEAN AVE, LOMPOC, CA, 93436",TTB Spirits Producers and Bottlers List,https://www.ttb.gov/public-information/foia/list-of-permittees,2026-08-21,TTB Spirits Producers and Bottlers List: CA-S-20483,unreviewed
ca-ttb-1164141bbb72,Back Door Brands,"BACK DOOR BRANDS, LLC",Back Door Brands,"10 S HIGUERA ST BLDG B, SAN LUIS OBISPO, CA, 93401",SAN LUIS OBISPO,CA,93401,CA-S-20472,1,Back Door Brands SAN LUIS OBISPO California,"Back Door Brands 10 S HIGUERA ST BLDG B, SAN LUIS OBISPO, CA, 93401",TTB Spirits Producers and Bottlers List,https://www.ttb.gov/public-information/foia/list-of-permittees,2026-08-21,TTB Spirits Producers and Bottlers List: CA-S-20472,unreviewed
ca-ttb-119df55450d3,SDCA DISTILLING LLC,SDCA DISTILLING LLC,,"8706 PRODUCTION AVE, SAN DIEGO, CA, 92121",SAN DIEGO,CA,92121,CA-S-20029,1,SDCA DISTILLING LLC SAN DIEGO California,"SDCA DISTILLING LLC 8706 PRODUCTION AVE, SAN DIEGO, CA, 92121",TTB Spirits Producers and Bottlers List,https://www.ttb.gov/public-information/foia/list-of-permittees,2026-08-21,TTB Spirits Producers and Bottlers List: CA-S-20029,unreviewed
ca-ttb-11e5503f8747,BRASSFIELD ESTATE WINERY,"BRASSFIELD ESTATE WINERY, LLC",BRASSFIELD ESTATE WINERY,"10915 HIGH VALLEY RD, CLEARLAKE OAKS, CA, 95423",CLEARLAKE OAKS,CA,95423,CA-S-15060,1,BRASSFIELD ESTATE WINERY CLEARLAKE OAKS California,"BRASSFIELD ESTATE WINERY 10915 HIGH VALLEY RD, CLEARLAKE OAKS, CA, 95423",TTB Spirits Producers and Bottlers List,https://www.ttb.gov/public-information/foia/list-of-permittees,2026-08-21,TTB Spirits Producers and Bottlers List: CA-S-15060,unreviewed
ca-ttb-153b128efd85,San Antonio Winery,"SAN ANTONIO WINERY, INC.",San Antonio Winery,"737 LAMAR ST, LOS ANGELES, CA, 90031",LOS ANGELES,CA,90031,CA-S-20511,1,San Antonio Winery LOS ANGELES California,"San Antonio Winery 737 LAMAR ST, LOS ANGELES, CA, 90031",TTB Spirits Producers and Bottlers List,https://www.ttb.gov/public-information/foia/list-of-permittees,2026-08-21,TTB Spirits Producers and Bottlers List: CA-S-20511,unreviewed
ca-ttb-1748becc1371,"ALAMBIC, INC.","ALAMBIC, INC.",,"1110 BEL ARBRES DR STE D, REDWOOD VALLEY, CA, 95470",REDWOOD VALLEY,CA,95470,CA-S-353,1,"ALAMBIC, INC. REDWOOD VALLEY California","ALAMBIC, INC. 1110 BEL ARBRES DR STE D, REDWOOD VALLEY, CA, 95470",TTB Spirits Producers and Bottlers List,https://www.ttb.gov/public-information/foia/list-of-permittees,2026-08-21,TTB Spirits Producers and Bottlers List: CA-S-353,unreviewed
ca-ttb-1841f0ca6fd4,THE 21ST AMENDMENT BREWERY CAFE,"THE 21ST AMENDMENT BREWERY CAFE, LLC",THE 21ST AMENDMENT BREWERY CAFE,"2010 WILLIAMS ST STE A, SAN LEANDRO, CA, 94577",SAN LEANDRO,CA,94577,CA-S-20445,1,THE 21ST AMENDMENT BREWERY CAFE SAN LEANDRO California,"THE 21ST AMENDMENT BREWERY CAFE 2010 WILLIAMS ST STE A, SAN LEANDRO, CA, 94577",TTB Spirits Producers and Bottlers List,https://www.ttb.gov/public-information/foia/list-of-permittees,2026-08-21,TTB Spirits Producers and Bottlers List: CA-S-20445,unreviewed
ca-ttb-1941089cb2ca,THE HESS COLLECTION WINERY,THE HESS COLLECTION WINERY,,"4411 REDWOOD RD, NAPA, CA, 94558",NAPA,CA,94558,CA-S-350,1,THE HESS COLLECTION WINERY NAPA California,"THE HESS COLLECTION WINERY 4411 REDWOOD RD, NAPA, CA, 94558",TTB Spirits Producers and Bottlers List,https://www.ttb.gov/public-information/foia/list-of-permittees,2026-08-21,TTB Spirits Producers and Bottlers List: CA-S-350,unreviewed
ca-ttb-1a34e8c6aeb2,ReBru Spirits,THORN SPIRITS LLC,ReBru Spirits,"1735 NATIONAL AVE STE A, SAN DIEGO, CA, 92113",SAN DIEGO,CA,92113,CA-S-20240,1,ReBru Spirits SAN DIEGO California,"ReBru Spirits 1735 NATIONAL AVE STE A, SAN DIEGO, CA, 92113",TTB Spirits Producers and Bottlers List,https://www.ttb.gov/public-information/foia/list-of-permittees,2026-08-21,TTB Spirits Producers and Bottlers List: CA-S-20240,unreviewed
ca-ttb-1a9dfb2a6297,TREASURY WINE ESTATES AMERICAS COMPANY,TREASURY WINE ESTATES AMERICAS COMPANY,,"7000 HIGHWAY 46 EAST, PASO ROBLES, CA, 93446",PASO ROBLES,CA,93446,CA-S-20050,1,TREASURY WINE ESTATES AMERICAS COMPANY PASO ROBLES California,"TREASURY WINE ESTATES AMERICAS COMPANY 7000 HIGHWAY 46 EAST, PASO ROBLES, CA, 93446",TTB Spirits Producers and Bottlers List,https://www.ttb.gov/public-information/foia/list-of-permittees,2026-08-21,TTB Spirits Producers and Bottlers List: CA-S-20050,unreviewed
ca-ttb-1b43786dd437,"THE JOSEPH COMPANY INTERNATIONAL, INC.","THE JOSEPH COMPANY INTERNATIONAL, INC.",,"1711 LANGLEY AVE, IRVINE, CA, 92614",IRVINE,CA,92614,CA-S-20233,1,"THE JOSEPH COMPANY INTERNATIONAL, INC. IRVINE California","THE JOSEPH COMPANY INTERNATIONAL, INC. 1711 LANGLEY AVE, IRVINE, CA, 92614",TTB Spirits Producers and Bottlers List,https://www.ttb.gov/public-information/foia/list-of-permittees,2026-08-21,TTB Spirits Producers and Bottlers List: CA-S-20233,unreviewed
ca-ttb-1b4d1748522c,Levaus Hye Brandy Distillery,AUSLEV LLC,Levaus Hye Brandy Distillery,"1093 COLE AVE, CLOVIS, CA, 93612",CLOVIS,CA,93612,CA-S-20330,1,Levaus Hye Brandy Distillery CLOVIS California,"Levaus Hye Brandy Distillery 1093 COLE AVE, CLOVIS, CA, 93612",TTB Spirits Producers and Bottlers List,https://www.ttb.gov/public-information/foia/list-of-permittees,2026-08-21,TTB Spirits Producers and Bottlers List: CA-S-20330,unreviewed
ca-ttb-1babe5211902,UNDERGROUND DISTILLING COMPANY,"UNDERGROUND BREWING COMPANY, LLC",UNDERGROUND DISTILLING COMPANY,"1040 BROAD ST, SAN LUIS OBISPO, CA, 93401",SAN LUIS OBISPO,CA,93401,CA-S-20193,1,UNDERGROUND DISTILLING COMPANY SAN LUIS OBISPO California,"UNDERGROUND DISTILLING COMPANY 1040 BROAD ST, SAN LUIS OBISPO, CA, 93401",TTB Spirits Producers and Bottlers List,https://www.ttb.gov/public-information/foia/list-of-permittees,2026-08-21,TTB Spirits Producers and Bottlers List: CA-S-20193,unreviewed
ca-ttb-1cab901f9e9b,ABSENTEE WINERY LLC,ABSENTEE WINERY LLC,,"31720 HWY 20, FORT BRAGG, CA, 95437",FORT BRAGG,CA,95437,CA-S-20400,1,ABSENTEE WINERY LLC FORT BRAGG California,"ABSENTEE WINERY LLC 31720 HWY 20, FORT BRAGG, CA, 95437",TTB Spirits Producers and Bottlers List,https://www.ttb.gov/public-information/foia/list-of-permittees,2026-08-21,TTB Spirits Producers and Bottlers List: CA-S-20400,unreviewed
ca-ttb-1cabf4dd5aa2,San Francisco Distilling Company,"SAN FRANCISCO DISTILLING COMPANY, LLC",San Francisco Distilling Company,"6150 CAMERON RD, ELK, CA, 95432",ELK,CA,95432,CA-S-20161,1,San Francisco Distilling Company ELK California,"San Francisco Distilling Company 6150 CAMERON RD, ELK, CA, 95432",TTB Spirits Producers and Bottlers List,https://www.ttb.gov/public-information/foia/list-of-permittees,2026-08-21,TTB Spirits Producers and Bottlers List: CA-S-20161,unreviewed
ca-ttb-1d143333e455,Midtown Spirits,MIDTOWN SPIRITS LLC,Midtown Spirits,"1717 19TH ST STE B, SACRAMENTO, CA, 95811",SACRAMENTO,CA,95811,CA-S-20287,1,Midtown Spirits SACRAMENTO California,"Midtown Spirits 1717 19TH ST STE B, SACRAMENTO, CA, 95811",TTB Spirits Producers and Bottlers List,https://www.ttb.gov/public-information/foia/list-of-permittees,2026-08-21,TTB Spirits Producers and Bottlers List: CA-S-20287,unreviewed
ca-ttb-1d790fefadb0,FIOR DI SOLE,DA VE WINERY INC.,FIOR DI SOLE,"2515 NAPA VALLEY CORPORATE DR, NAPA, CA, 94558",NAPA,CA,94558,CA-S-15102,1,FIOR DI SOLE NAPA California,"FIOR DI SOLE 2515 NAPA VALLEY CORPORATE DR, NAPA, CA, 94558",TTB Spirits Producers and Bottlers List,https://www.ttb.gov/public-information/foia/list-of-permittees,2026-08-21,TTB Spirits Producers and Bottlers List: CA-S-15102,unreviewed
ca-ttb-1de865325aff,ST. SUPERY VINEYARDS & WINERY,"ST. SUPERY, INC.",ST. SUPERY VINEYARDS & WINERY,"8440 ST HELENA HWY, RUTHERFORD, CA, 94573",RUTHERFORD,CA,94573,CA-S-15019,1,ST. SUPERY VINEYARDS & WINERY RUTHERFORD California,"ST. SUPERY VINEYARDS & WINERY 8440 ST HELENA HWY, RUTHERFORD, CA, 94573",TTB Spirits Producers and Bottlers List,https://www.ttb.gov/public-information/foia/list-of-permittees,2026-08-21,TTB Spirits Producers and Bottlers List: CA-S-15019,unreviewed
ca-ttb-1e1b0b4f3a9d,Southern Pacific,SOUTHERN PACIFIC BREWING LLC,Southern Pacific,"620 TREAT AVE, SAN FRANCISCO, CA, 94110",SAN FRANCISCO,CA,94110,CA-S-20443,1,Southern Pacific SAN FRANCISCO California,"Southern Pacific 620 TREAT AVE, SAN FRANCISCO, CA, 94110",TTB Spirits Producers and Bottlers List,https://www.ttb.gov/public-information/foia/list-of-permittees,2026-08-21,TTB Spirits Producers and Bottlers List: CA-S-20443,unreviewed
ca-ttb-1eded15ec564,Burning Barrel Brewing and Spirits,BURNING BARREL BREWING COMPANY LLC,Burning Barrel Brewing and Spirits,"640 MAIN ST, PLACERVILLE, CA, 95667",PLACERVILLE,CA,95667,CA-S-20487,1,Burning Barrel Brewing and Spirits PLACERVILLE California,"Burning Barrel Brewing and Spirits 640 MAIN ST, PLACERVILLE, CA, 95667",TTB Spirits Producers and Bottlers List,https://www.ttb.gov/public-information/foia/list-of-permittees,2026-08-21,TTB Spirits Producers and Bottlers List: CA-S-20487,unreviewed
ca-ttb-1f3c33e52b87,STANDING JOURNEY LLC,STANDING JOURNEY LLC,,"1429 TUBBS LN, CALISTOGA, CA, 94515",CALISTOGA,CA,94515,CA-S-20199,1,STANDING JOURNEY LLC CALISTOGA California,"STANDING JOURNEY LLC 1429 TUBBS LN, CALISTOGA, CA, 94515",TTB Spirits Producers and Bottlers List,https://www.ttb.gov/public-information/foia/list-of-permittees,2026-08-21,TTB Spirits Producers and Bottlers List: CA-S-20199,unreviewed
ca-ttb-1fa478268a4d,Condesa,CONDESA LLC,Condesa,"1491 MONTEREY ST, SAN LUIS OBISPO, CA, 93401",SAN LUIS OBISPO,CA,93401,CA-S-20535,1,Condesa SAN LUIS OBISPO California,"Condesa 1491 MONTEREY ST, SAN LUIS OBISPO, CA, 93401",TTB Spirits Producers and Bottlers List,https://www.ttb.gov/public-information/foia/list-of-permittees,2026-08-21,TTB Spirits Producers and Bottlers List: CA-S-20535,unreviewed
ca-ttb-214e3354b9d7,Burning Barrel Brewing and Spirits,BURNING BARREL BREWING COMPANY LLC,Burning Barrel Brewing and Spirits,"2933 GOLD PAN CT STE D, RANCHO CORDOVA, CA, 95670",RANCHO CORDOVA,CA,95670,CA-S-20456,1,Burning Barrel Brewing and Spirits RANCHO CORDOVA California,"Burning Barrel Brewing and Spirits 2933 GOLD PAN CT STE D, RANCHO CORDOVA, CA, 95670",TTB Spirits Producers and Bottlers List,https://www.ttb.gov/public-information/foia/list-of-permittees,2026-08-21,TTB Spirits Producers and Bottlers List: CA-S-20456,unreviewed
ca-ttb-21629d5f42df,VJB LLC,VJB LLC,,"11600 DUNBAR RD, GLEN ELLEN, CA, 95442",GLEN ELLEN,CA,95442,CA-S-20586,1,VJB LLC GLEN ELLEN California,"VJB LLC 11600 DUNBAR RD, GLEN ELLEN, CA, 95442",TTB Spirits Producers and Bottlers List,https://www.ttb.gov/public-information/foia/list-of-permittees,2026-08-21,TTB Spirits Producers and Bottlers List: CA-S-20586,unreviewed
ca-ttb-237214d74a08,Calicraft,"CALICRAFT, LLC",Calicraft,"845 RUSSELL BLVD STE 110, DAVIS, CA, 95616",DAVIS,CA,95616,CA-S-20554,1,Calicraft DAVIS California,"Calicraft 845 RUSSELL BLVD STE 110, DAVIS, CA, 95616",TTB Spirits Producers and Bottlers List,https://www.ttb.gov/public-information/foia/list-of-permittees,2026-08-21,TTB Spirits Producers and Bottlers List: CA-S-20554,unreviewed
ca-ttb-2375f5a99071,"CHARRON FAVREAU, S.P.C.","CHARRON FAVREAU, S.P.C.",,"411 E MONTECITO ST STE 2, SANTA BARBARA, CA, 93101",SANTA BARBARA,CA,93101,CA-S-20399,1,"CHARRON FAVREAU, S.P.C. SANTA BARBARA California","CHARRON FAVREAU, S.P.C. 411 E MONTECITO ST STE 2, SANTA BARBARA, CA, 93101",TTB Spirits Producers and Bottlers List,https://www.ttb.gov/public-information/foia/list-of-permittees,2026-08-21,TTB Spirits Producers and Bottlers List: CA-S-20399,unreviewed
ca-ttb-23d1a699f339,"SPOTTSWOODE WINERY, INC.","SPOTTSWOODE WINERY, INC.",,"1902 MADRONA AVE, SAINT HELENA, CA, 94574",SAINT HELENA,CA,94574,CA-S-15022,1,"SPOTTSWOODE WINERY, INC. SAINT HELENA California","SPOTTSWOODE WINERY, INC. 1902 MADRONA AVE, SAINT HELENA, CA, 94574",TTB Spirits Producers and Bottlers List,https://www.ttb.gov/public-information/foia/list-of-permittees,2026-08-21,TTB Spirits Producers and Bottlers List: CA-S-15022,unreviewed
ca-ttb-2424afcb0e7d,Four Sons Brewing,"DFAMLE ENTERPRISES, L.P.",Four Sons Brewing,"18421 GOTHARD ST STE 400, HUNTINGTON BEACH, CA, 92648",HUNTINGTON BEACH,CA,92648,CA-S-20250,1,Four Sons Brewing HUNTINGTON BEACH California,"Four Sons Brewing 18421 GOTHARD ST STE 400, HUNTINGTON BEACH, CA, 92648",TTB Spirits Producers and Bottlers List,https://www.ttb.gov/public-information/foia/list-of-permittees,2026-08-21,TTB Spirits Producers and Bottlers List: CA-S-20250,unreviewed
ca-ttb-2453bd34e873,"TRINITY ALPS GOLF AND COUNTRY CLUB, LLC","TRINITY ALPS GOLF AND COUNTRY CLUB, LLC",,"130 GOLF COURSE DR, WEAVERVILLE, CA, 96093",WEAVERVILLE,CA,96093,CA-S-20165,1,"TRINITY ALPS GOLF AND COUNTRY CLUB, LLC WEAVERVILLE California","TRINITY ALPS GOLF AND COUNTRY CLUB, LLC 130 GOLF COURSE DR, WEAVERVILLE, CA, 96093",TTB Spirits Producers and Bottlers List,https://www.ttb.gov/public-information/foia/list-of-permittees,2026-08-21,TTB Spirits Producers and Bottlers List: CA-S-20165,unreviewed
ca-ttb-24b1a5a09e59,"Aemetis Advanced Fuels Keyes, Inc.","AEMETIS ADVANCED FUELS KEYES, INC.","Aemetis Advanced Fuels Keyes, Inc.","4209 JESSUP RD, KEYES, CA, 95328",KEYES,CA,95328,CA-S-20307,1,"Aemetis Advanced Fuels Keyes, Inc. KEYES California","Aemetis Advanced Fuels Keyes, Inc. 4209 JESSUP RD, KEYES, CA, 95328",TTB Spirits Producers and Bottlers List,https://www.ttb.gov/public-information/foia/list-of-permittees,2026-08-21,TTB Spirits Producers and Bottlers List: CA-S-20307,unreviewed
ca-ttb-250919624b36,Town's End Stillhouse,IT'S A HITT CORP.,Town's End Stillhouse,"22020 HIGHWAY 18, APPLE VALLEY, CA, 92307",APPLE VALLEY,CA,92307,CA-S-20263,1,Town's End Stillhouse APPLE VALLEY California,"Town's End Stillhouse 22020 HIGHWAY 18, APPLE VALLEY, CA, 92307",TTB Spirits Producers and Bottlers List,https://www.ttb.gov/public-information/foia/list-of-permittees,2026-08-21,TTB Spirits Producers and Bottlers List: CA-S-20263,unreviewed
ca-ttb-253b15ada156,CIOPINOT LLC,CIOPINOT LLC,,"1049 & 1051 NIPOMO ST, SAN LUIS OBISPO, CA, 93401",SAN LUIS OBISPO,CA,93401,CA-S-20416,1,CIOPINOT LLC SAN LUIS OBISPO California,"CIOPINOT LLC 1049 & 1051 NIPOMO ST, SAN LUIS OBISPO, CA, 93401",TTB Spirits Producers and Bottlers List,https://www.ttb.gov/public-information/foia/list-of-permittees,2026-08-21,TTB Spirits Producers and Bottlers List: CA-S-20416,unreviewed
ca-ttb-26e858721ea5,FERRARI-CARANO VINEYARDS & WINERY,"FOLEY FAMILY WINES, INC.",FERRARI-CARANO VINEYARDS & WINERY,"8761 DRY CREEK RD, HEALDSBURG, CA, 95448",HEALDSBURG,CA,95448,CA-S-20335,1,FERRARI-CARANO VINEYARDS & WINERY HEALDSBURG California,"FERRARI-CARANO VINEYARDS & WINERY 8761 DRY CREEK RD, HEALDSBURG, CA, 95448",TTB Spirits Producers and Bottlers List,https://www.ttb.gov/public-information/foia/list-of-permittees,2026-08-21,TTB Spirits Producers and Bottlers List: CA-S-20335,unreviewed
ca-ttb-280c62132f0b,SEBASTIANI VINEYARDS,"FOLEY FAMILY WINES, INC.",SEBASTIANI VINEYARDS,"389 E FOURTH ST, SONOMA, CA, 95476",SONOMA,CA,95476,CA-S-20347,1,SEBASTIANI VINEYARDS SONOMA California,"SEBASTIANI VINEYARDS 389 E FOURTH ST, SONOMA, CA, 95476",TTB Spirits Producers and Bottlers List,https://www.ttb.gov/public-information/foia/list-of-permittees,2026-08-21,TTB Spirits Producers and Bottlers List: CA-S-20347,unreviewed
ca-ttb-28390c51d884,Aphotic,JACKSON SQUARE HOSPITALITY LLC,Aphotic,"816 FOLSOM ST STE 2, SAN FRANCISCO, CA, 94107",SAN FRANCISCO,CA,94107,CA-S-20451,1,Aphotic SAN FRANCISCO California,"Aphotic 816 FOLSOM ST STE 2, SAN FRANCISCO, CA, 94107",TTB Spirits Producers and Bottlers List,https://www.ttb.gov/public-information/foia/list-of-permittees,2026-08-21,TTB Spirits Producers and Bottlers List: CA-S-20451,unreviewed
ca-ttb-287ec94fcf5c,Lone Wolf Brewing Co.,"LONE WOLF BREWING CO., LLC",Lone Wolf Brewing Co.,"18210 YORBA LINDA BLVD STE 404, YORBA LINDA, CA, 92886",YORBA LINDA,CA,92886,CA-S-20498,1,Lone Wolf Brewing Co. YORBA LINDA California,"Lone Wolf Brewing Co. 18210 YORBA LINDA BLVD STE 404, YORBA LINDA, CA, 92886",TTB Spirits Producers and Bottlers List,https://www.ttb.gov/public-information/foia/list-of-permittees,2026-08-21,TTB Spirits Producers and Bottlers List: CA-S-20498,unreviewed
ca-ttb-288fd60de564,Capital Liquors Project,GREG MILLER,Capital Liquors Project,"34255 CORCORAN HILL LN, DAVIS, CA, 95616",DAVIS,CA,95616,CA-S-20089,1,Capital Liquors Project DAVIS California,"Capital Liquors Project 34255 CORCORAN HILL LN, DAVIS, CA, 95616",TTB Spirits Producers and Bottlers List,https://www.ttb.gov/public-information/foia/list-of-permittees,2026-08-21,TTB Spirits Producers and Bottlers List: CA-S-20089,unreviewed
ca-ttb-28c69971c027,"Hanson Spirits, LLC","HANSON SPIRITS, LLC","Hanson Spirits, LLC","22020 CARNEROS VINEYARD WAY STE 4, SONOMA, CA, 95476",SONOMA,CA,95476,CA-S-20023,1,"Hanson Spirits, LLC SONOMA California","Hanson Spirits, LLC 22020 CARNEROS VINEYARD WAY STE 4, SONOMA, CA, 95476",TTB Spirits Producers and Bottlers List,https://www.ttb.gov/public-information/foia/list-of-permittees,2026-08-21,TTB Spirits Producers and Bottlers List: CA-S-20023,unreviewed
ca-ttb-2910d635a100,"BevZero Services,  Inc.","BEVZERO SERVICES, INC.","BevZero Services,  Inc.","1450 AIRPORT BLVD STE 180, SANTA ROSA, CA, 95403",SANTA ROSA,CA,95403,CA-S-20203,1,"BevZero Services,  Inc. SANTA ROSA California","BevZero Services,  Inc. 1450 AIRPORT BLVD STE 180, SANTA ROSA, CA, 95403",TTB Spirits Producers and Bottlers List,https://www.ttb.gov/public-information/foia/list-of-permittees,2026-08-21,TTB Spirits Producers and Bottlers List: CA-S-20203,unreviewed
ca-ttb-2920912ad91b,BUZZBOX PREMIUM COCKTAILS INC.,BUZZBOX PREMIUM COCKTAILS INC.,,"42625 JACKSON ST STE 111, INDIO, CA, 92203",INDIO,CA,92203,CA-S-20305,1,BUZZBOX PREMIUM COCKTAILS INC. INDIO California,"BUZZBOX PREMIUM COCKTAILS INC. 42625 JACKSON ST STE 111, INDIO, CA, 92203",TTB Spirits Producers and Bottlers List,https://www.ttb.gov/public-information/foia/list-of-permittees,2026-08-21,TTB Spirits Producers and Bottlers List: CA-S-20305,unreviewed
ca-ttb-2939aa4e66c5,The Carlton Hotel,TRILOGY HOSPITALITY,The Carlton Hotel,"6005 EL CAMINO REAL, ATASCADERO, CA, 93422",ATASCADERO,CA,93422,CA-S-20553,1,The Carlton Hotel ATASCADERO California,"The Carlton Hotel 6005 EL CAMINO REAL, ATASCADERO, CA, 93422",TTB Spirits Producers and Bottlers List,https://www.ttb.gov/public-information/foia/list-of-permittees,2026-08-21,TTB Spirits Producers and Bottlers List: CA-S-20553,unreviewed
ca-ttb-29da17e0e1f6,E. & J. GALLO WINERY,E. & J. GALLO WINERY,,"2425 MISSION ST, SAN MIGUEL, CA, 93451",SAN MIGUEL,CA,93451,CA-S-20168,1,E. & J. GALLO WINERY SAN MIGUEL California,"E. & J. GALLO WINERY 2425 MISSION ST, SAN MIGUEL, CA, 93451",TTB Spirits Producers and Bottlers List,https://www.ttb.gov/public-information/foia/list-of-permittees,2026-08-21,TTB Spirits Producers and Bottlers List: CA-S-20168,unreviewed
ca-ttb-2ae12bf93399,Solamente,SOLAMENTE LLC,Solamente,"3775 ADELAIDA ROAD, PASO ROBLES, CA, 93446",PASO ROBLES,CA,93446,CA-S-20564,1,Solamente PASO ROBLES California,"Solamente 3775 ADELAIDA ROAD, PASO ROBLES, CA, 93446",TTB Spirits Producers and Bottlers List,https://www.ttb.gov/public-information/foia/list-of-permittees,2026-08-21,TTB Spirits Producers and Bottlers List: CA-S-20564,unreviewed
ca-ttb-2c0aed51ddd5,Los Californios Spirits,LOS CALIFORNIOS LLC,Los Californios Spirits,"1935 ORANGE AVE UNIT B, COUNTY OF SAN DIEGO, CA, 92065",COUNTY OF SAN DIEGO,CA,92065,CA-S-20194,1,Los Californios Spirits COUNTY OF SAN DIEGO California,"Los Californios Spirits 1935 ORANGE AVE UNIT B, COUNTY OF SAN DIEGO, CA, 92065",TTB Spirits Producers and Bottlers List,https://www.ttb.gov/public-information/foia/list-of-permittees,2026-08-21,TTB Spirits Producers and Bottlers List: CA-S-20194,unreviewed
ca-ttb-2cc41c862ab5,"PERFECT SOUL WHISKEY, LLC","PERFECT SOUL WHISKEY, LLC",,"215 S PACIFIC ST STE 104, SAN MARCOS, CA, 92078",SAN MARCOS,CA,92078,CA-S-20107,1,"PERFECT SOUL WHISKEY, LLC SAN MARCOS California","PERFECT SOUL WHISKEY, LLC 215 S PACIFIC ST STE 104, SAN MARCOS, CA, 92078",TTB Spirits Producers and Bottlers List,https://www.ttb.gov/public-information/foia/list-of-permittees,2026-08-21,TTB Spirits Producers and Bottlers List: CA-S-20107,unreviewed
ca-ttb-2d069871da2c,BRONCO WINE COMPANY,BRONCO WINE COMPANY,BRONCO WINE COMPANY,"6342 BYSTRUM RD, CERES, CA, 95307",CERES,CA,95307,CA-S-290,1,BRONCO WINE COMPANY CERES California,"BRONCO WINE COMPANY 6342 BYSTRUM RD, CERES, CA, 95307",TTB Spirits Producers and Bottlers List,https://www.ttb.gov/public-information/foia/list-of-permittees,2026-08-21,TTB Spirits Producers and Bottlers List: CA-S-290,unreviewed
ca-ttb-2d0e4c436297,"SAFE HARBOR PARTNERS, LLC","SAFE HARBOR PARTNERS, LLC",,"707 TECHNOLOGY WAY, NAPA, CA, 94558",NAPA,CA,94558,CA-S-20057,1,"SAFE HARBOR PARTNERS, LLC NAPA California","SAFE HARBOR PARTNERS, LLC 707 TECHNOLOGY WAY, NAPA, CA, 94558",TTB Spirits Producers and Bottlers List,https://www.ttb.gov/public-information/foia/list-of-permittees,2026-08-21,TTB Spirits Producers and Bottlers List: CA-S-20057,unreviewed
ca-ttb-2d6cf341effc,San Diego Sunshine Craft Spirits Co,SAN DIEGO SUNSHINE LLC,San Diego Sunshine Craft Spirits Co,"432 MAPLE ST STE 6, RAMONA, CA, 92065",RAMONA,CA,92065,CA-S-20571,1,San Diego Sunshine Craft Spirits Co RAMONA California,"San Diego Sunshine Craft Spirits Co 432 MAPLE ST STE 6, RAMONA, CA, 92065",TTB Spirits Producers and Bottlers List,https://www.ttb.gov/public-information/foia/list-of-permittees,2026-08-21,TTB Spirits Producers and Bottlers List: CA-S-20571,unreviewed
ca-ttb-2e5baa643763,"VELLA GROUP, INC.","VELLA GROUP, INC.",,"1081 HIGHLAND WAY STE E, GROVER BEACH, CA, 93433",GROVER BEACH,CA,93433,CA-S-20357,1,"VELLA GROUP, INC. GROVER BEACH California","VELLA GROUP, INC. 1081 HIGHLAND WAY STE E, GROVER BEACH, CA, 93433",TTB Spirits Producers and Bottlers List,https://www.ttb.gov/public-information/foia/list-of-permittees,2026-08-21,TTB Spirits Producers and Bottlers List: CA-S-20357,unreviewed
ca-ttb-2f9838cf1aca,"FERMENTED SCIENCES II, INC.","FERMENTED SCIENCES II, INC.",,"3200 GOLF COURSE DR, VENTURA, CA, 93003",VENTURA,CA,93003,CA-S-20359,1,"FERMENTED SCIENCES II, INC. VENTURA California","FERMENTED SCIENCES II, INC. 3200 GOLF COURSE DR, VENTURA, CA, 93003",TTB Spirits Producers and Bottlers List,https://www.ttb.gov/public-information/foia/list-of-permittees,2026-08-21,TTB Spirits Producers and Bottlers List: CA-S-20359,unreviewed
ca-ttb-2fc12605a351,"APPLE CART CIDER, LLC","APPLE CART CIDER, LLC",,"2870 DUKE CT, SANTA ROSA, CA, 95407",SANTA ROSA,CA,95407,CA-S-20519,1,"APPLE CART CIDER, LLC SANTA ROSA California","APPLE CART CIDER, LLC 2870 DUKE CT, SANTA ROSA, CA, 95407",TTB Spirits Producers and Bottlers List,https://www.ttb.gov/public-information/foia/list-of-permittees,2026-08-21,TTB Spirits Producers and Bottlers List: CA-S-20519,unreviewed
ca-ttb-304e8ddfb06a,"ALAMBIC, INC.","ALAMBIC, INC.",,"3001 S STATE ST STE 35, UKIAH, CA, 95482",UKIAH,CA,95482,CA-S-280,1,"ALAMBIC, INC. UKIAH California","ALAMBIC, INC. 3001 S STATE ST STE 35, UKIAH, CA, 95482",TTB Spirits Producers and Bottlers List,https://www.ttb.gov/public-information/foia/list-of-permittees,2026-08-21,TTB Spirits Producers and Bottlers List: CA-S-280,unreviewed
ca-ttb-311aa2b223ad,"MADBEV, INC.","MADBEV, INC.","MADBEV, INC.","2205 FIRST ST UNIT 107, SIMI VALLEY, CA, 93065",SIMI VALLEY,CA,93065,CA-S-20492,1,"MADBEV, INC. SIMI VALLEY California","MADBEV, INC. 2205 FIRST ST UNIT 107, SIMI VALLEY, CA, 93065",TTB Spirits Producers and Bottlers List,https://www.ttb.gov/public-information/foia/list-of-permittees,2026-08-21,TTB Spirits Producers and Bottlers List: CA-S-20492,unreviewed
ca-ttb-31545502c1c6,AUTRY CELLARS,STEPHEN P. AUTRY,AUTRY CELLARS,"5450 EDNA RD UNIT B, SAN LUIS OBISPO, CA, 93401",SAN LUIS OBISPO,CA,93401,CA-S-15129,1,AUTRY CELLARS SAN LUIS OBISPO California,"AUTRY CELLARS 5450 EDNA RD UNIT B, SAN LUIS OBISPO, CA, 93401",TTB Spirits Producers and Bottlers List,https://www.ttb.gov/public-information/foia/list-of-permittees,2026-08-21,TTB Spirits Producers and Bottlers List: CA-S-15129,unreviewed
ca-ttb-31849f8ff922,"NEW ALCHEMY DISTILLING, LLC.","NEW ALCHEMY DISTILLING, LLC.",,"5050 ROBERT J MATHEWS PKWY STE 250, EL DORADO HILLS, CA, 95762",EL DORADO HILLS,CA,95762,CA-S-20111,1,"NEW ALCHEMY DISTILLING, LLC. EL DORADO HILLS California","NEW ALCHEMY DISTILLING, LLC. 5050 ROBERT J MATHEWS PKWY STE 250, EL DORADO HILLS, CA, 95762",TTB Spirits Producers and Bottlers List,https://www.ttb.gov/public-information/foia/list-of-permittees,2026-08-21,TTB Spirits Producers and Bottlers List: CA-S-20111,unreviewed
ca-ttb-32594eff9d3e,THE GOLD BAR SPIRITS COMPANY INC.,THE GOLD BAR SPIRITS COMPANY INC.,,"2505 MONARCH ST BLDG 22, ALAMEDA, CA, 94501",ALAMEDA,CA,94501,CA-S-20508,1,THE GOLD BAR SPIRITS COMPANY INC. ALAMEDA California,"THE GOLD BAR SPIRITS COMPANY INC. 2505 MONARCH ST BLDG 22, ALAMEDA, CA, 94501",TTB Spirits Producers and Bottlers List,https://www.ttb.gov/public-information/foia/list-of-permittees,2026-08-21,TTB Spirits Producers and Bottlers List: CA-S-20508,unreviewed
ca-ttb-342e2f11efa1,"Satellite Spirits, Inc.","SATELLITE SPIRITS, INCORPORATED","Satellite Spirits, Inc.","13346 E GRASS VALLEY AVE UNIT E, GRASS VALLEY, CA, 95945",GRASS VALLEY,CA,95945,CA-S-20227,1,"Satellite Spirits, Inc. GRASS VALLEY California","Satellite Spirits, Inc. 13346 E GRASS VALLEY AVE UNIT E, GRASS VALLEY, CA, 95945",TTB Spirits Producers and Bottlers List,https://www.ttb.gov/public-information/foia/list-of-permittees,2026-08-21,TTB Spirits Producers and Bottlers List: CA-S-20227,unreviewed
ca-ttb-3566d39778e4,"ASCENDANT SPIRITS, INC.","ASCENDANT SPIRITS, INC.",,"37 INDUSTRIAL WAY, BUELLTON, CA, 94327",BUELLTON,CA,94327,CA-S-20004,1,"ASCENDANT SPIRITS, INC. BUELLTON California","ASCENDANT SPIRITS, INC. 37 INDUSTRIAL WAY, BUELLTON, CA, 94327",TTB Spirits Producers and Bottlers List,https://www.ttb.gov/public-information/foia/list-of-permittees,2026-08-21,TTB Spirits Producers and Bottlers List: CA-S-20004,unreviewed
ca-ttb-364f6c7e5684,Sabbatical Labs,"SABBATICAL LABS, LLC",Sabbatical Labs,"16021 W HIGHWAY 4, STOCKTON, CA, 95206",STOCKTON,CA,95206,CA-S-20290,1,Sabbatical Labs STOCKTON California,"Sabbatical Labs 16021 W HIGHWAY 4, STOCKTON, CA, 95206",TTB Spirits Producers and Bottlers List,https://www.ttb.gov/public-information/foia/list-of-permittees,2026-08-21,TTB Spirits Producers and Bottlers List: CA-S-20290,unreviewed
ca-ttb-3654e30cc0ca,"LUCKY29 LIQUORS, LLC","LUCKY29 LIQUORS, LLC",,"12424 GOLD FLAKE CT, RANCHO CORDOVA, CA, 95742",RANCHO CORDOVA,CA,95742,CA-S-20460,1,"LUCKY29 LIQUORS, LLC RANCHO CORDOVA California","LUCKY29 LIQUORS, LLC 12424 GOLD FLAKE CT, RANCHO CORDOVA, CA, 95742",TTB Spirits Producers and Bottlers List,https://www.ttb.gov/public-information/foia/list-of-permittees,2026-08-21,TTB Spirits Producers and Bottlers List: CA-S-20460,unreviewed
ca-ttb-36ff3e7ef6af,Healdsburg Distillers,"HEALDSBURG DISTILLERS, INC.",Healdsburg Distillers,"1229 GROVE ST UNIT 8, HEALDSBURG, CA, 95448",HEALDSBURG,CA,95448,CA-S-20231,1,Healdsburg Distillers HEALDSBURG California,"Healdsburg Distillers 1229 GROVE ST UNIT 8, HEALDSBURG, CA, 95448",TTB Spirits Producers and Bottlers List,https://www.ttb.gov/public-information/foia/list-of-permittees,2026-08-21,TTB Spirits Producers and Bottlers List: CA-S-20231,unreviewed
ca-ttb-3714ef43168f,Building 43 Distillery,STEELTOWN WINERY LLC,Building 43 Distillery,"2440 MONARCH ST STE 100, ALAMEDA, CA, 94501",ALAMEDA,CA,94501,CA-S-20471,1,Building 43 Distillery ALAMEDA California,"Building 43 Distillery 2440 MONARCH ST STE 100, ALAMEDA, CA, 94501",TTB Spirits Producers and Bottlers List,https://www.ttb.gov/public-information/foia/list-of-permittees,2026-08-21,TTB Spirits Producers and Bottlers List: CA-S-20471,unreviewed
ca-ttb-373e1f532f20,FRESNO STATE VINEYARDS,"THE AGRICULTURAL FOUNDATION OF CALIFORNIA STATE UNIVERSITY, FRESNO",FRESNO STATE VINEYARDS,"2360 E BARSTOW AVE, FRESNO, CA, 93740",FRESNO,CA,93740,CA-S-15064,1,FRESNO STATE VINEYARDS FRESNO California,"FRESNO STATE VINEYARDS 2360 E BARSTOW AVE, FRESNO, CA, 93740",TTB Spirits Producers and Bottlers List,https://www.ttb.gov/public-information/foia/list-of-permittees,2026-08-21,TTB Spirits Producers and Bottlers List: CA-S-15064,unreviewed
ca-ttb-38364f3e8fe6,"APEX GLOBAL IMPORTS, INC.","APEX GLOBAL IMPORTS, INC.",,"1250 PIONEER WAY STE F, EL CAJON, CA, 92020",EL CAJON,CA,92020,CA-S-20458,1,"APEX GLOBAL IMPORTS, INC. EL CAJON California","APEX GLOBAL IMPORTS, INC. 1250 PIONEER WAY STE F, EL CAJON, CA, 92020",TTB Spirits Producers and Bottlers List,https://www.ttb.gov/public-information/foia/list-of-permittees,2026-08-21,TTB Spirits Producers and Bottlers List: CA-S-20458,unreviewed
ca-ttb-385f2fda3186,Third Avenue Distillery,CAREN ANN FRIEDMAN,Third Avenue Distillery,"1235 3RD AVE, NAPA, CA, 94558",NAPA,CA,94558,CA-S-20214,1,Third Avenue Distillery NAPA California,"Third Avenue Distillery 1235 3RD AVE, NAPA, CA, 94558",TTB Spirits Producers and Bottlers List,https://www.ttb.gov/public-information/foia/list-of-permittees,2026-08-21,TTB Spirits Producers and Bottlers List: CA-S-20214,unreviewed
ca-ttb-38edeadafcfa,Cedar Crest Brewery and Winery,CEDAR CREST BREWERY AND WINERY LLC,Cedar Crest Brewery and Winery,"1475 PLACER ST BLDG B, REDDING, CA, 96001",REDDING,CA,96001,CA-S-20442,1,Cedar Crest Brewery and Winery REDDING California,"Cedar Crest Brewery and Winery 1475 PLACER ST BLDG B, REDDING, CA, 96001",TTB Spirits Producers and Bottlers List,https://www.ttb.gov/public-information/foia/list-of-permittees,2026-08-21,TTB Spirits Producers and Bottlers List: CA-S-20442,unreviewed
ca-ttb-3903a449d389,"CUTWATER SPIRITS, LLC","CUTWATER SPIRITS, LLC",,"9750 DISTRIBUTION AVE, SAN DIEGO, CA, 92121",SAN DIEGO,CA,92121,CA-S-20148,1,"CUTWATER SPIRITS, LLC SAN DIEGO California","CUTWATER SPIRITS, LLC 9750 DISTRIBUTION AVE, SAN DIEGO, CA, 92121",TTB Spirits Producers and Bottlers List,https://www.ttb.gov/public-information/foia/list-of-permittees,2026-08-21,TTB Spirits Producers and Bottlers List: CA-S-20148,unreviewed
ca-ttb-39621c36c078,Drovers Distillery,AGIM NERGUTI,Drovers Distillery,"934 S MAIN ST UNIT Q, WILLITS, CA, 95490",WILLITS,CA,95490,CA-S-20392,1,Drovers Distillery WILLITS California,"Drovers Distillery 934 S MAIN ST UNIT Q, WILLITS, CA, 95490",TTB Spirits Producers and Bottlers List,https://www.ttb.gov/public-information/foia/list-of-permittees,2026-08-21,TTB Spirits Producers and Bottlers List: CA-S-20392,unreviewed
ca-ttb-39ff08e2ac7e,BLUME DISTILLATION LLC,BLUME DISTILLATION LLC,,"371 CALABASAS RD, WATSONVILLE, CA, 95076",WATSONVILLE,CA,95076,CA-S-20327,1,BLUME DISTILLATION LLC WATSONVILLE California,"BLUME DISTILLATION LLC 371 CALABASAS RD, WATSONVILLE, CA, 95076",TTB Spirits Producers and Bottlers List,https://www.ttb.gov/public-information/foia/list-of-permittees,2026-08-21,TTB Spirits Producers and Bottlers List: CA-S-20327,unreviewed
ca-ttb-3a4713f8781e,BEAULIEU VINEYARD,TREASURY WINE ESTATES AMERICAS COMPANY,BEAULIEU VINEYARD,"1960 ST HELENA HWY, RUTHERFORD, CA, 94574",RUTHERFORD,CA,94574,CA-S-20361,1,BEAULIEU VINEYARD RUTHERFORD California,"BEAULIEU VINEYARD 1960 ST HELENA HWY, RUTHERFORD, CA, 94574",TTB Spirits Producers and Bottlers List,https://www.ttb.gov/public-information/foia/list-of-permittees,2026-08-21,TTB Spirits Producers and Bottlers List: CA-S-20361,unreviewed
ca-ttb-3b32ae3bc18f,Old Possum Brewing Co.,"OLD POSSUM, LLC",Old Possum Brewing Co.,"357 SUTTON PL, SANTA ROSA, CA, 95407",SANTA ROSA,CA,95407,CA-S-20540,1,Old Possum Brewing Co. SANTA ROSA California,"Old Possum Brewing Co. 357 SUTTON PL, SANTA ROSA, CA, 95407",TTB Spirits Producers and Bottlers List,https://www.ttb.gov/public-information/foia/list-of-permittees,2026-08-21,TTB Spirits Producers and Bottlers List: CA-S-20540,unreviewed
ca-ttb-3b495c8a9709,Alamere Spirits,"AZLIA, INC.",Alamere Spirits,"24 GALLI DR UNIT 2, NOVATO, CA, 94949",NOVATO,CA,94949,CA-S-20272,1,Alamere Spirits NOVATO California,"Alamere Spirits 24 GALLI DR UNIT 2, NOVATO, CA, 94949",TTB Spirits Producers and Bottlers List,https://www.ttb.gov/public-information/foia/list-of-permittees,2026-08-21,TTB Spirits Producers and Bottlers List: CA-S-20272,unreviewed
ca-ttb-3bc8aeeebdc9,Bin to Bottle,B2B NAPA LLC,Bin to Bottle,"110-122 CAMINO ORUGA, NAPA, CA, 94558",NAPA,CA,94558,CA-S-20585,1,Bin to Bottle NAPA California,"Bin to Bottle 110-122 CAMINO ORUGA, NAPA, CA, 94558",TTB Spirits Producers and Bottlers List,https://www.ttb.gov/public-information/foia/list-of-permittees,2026-08-21,TTB Spirits Producers and Bottlers List: CA-S-20585,unreviewed
ca-ttb-3c76683a7e05,"DONATI FAMILY VINEYARD, INC.","DONATI FAMILY VINEYARD, INC.",,"2720 OAK VIEW RD, TEMPLETON, CA, 93465",TEMPLETON,CA,93465,CA-S-20260,1,"DONATI FAMILY VINEYARD, INC. TEMPLETON California","DONATI FAMILY VINEYARD, INC. 2720 OAK VIEW RD, TEMPLETON, CA, 93465",TTB Spirits Producers and Bottlers List,https://www.ttb.gov/public-information/foia/list-of-permittees,2026-08-21,TTB Spirits Producers and Bottlers List: CA-S-20260,unreviewed
ca-ttb-3d96bb2f9ac3,619 SPIRITS,619 SPIRITS,,"3019 LINCOLN AVE, SAN DIEGO, CA, 92104",SAN DIEGO,CA,92104,CA-S-20157,1,619 SPIRITS SAN DIEGO California,"619 SPIRITS 3019 LINCOLN AVE, SAN DIEGO, CA, 92104",TTB Spirits Producers and Bottlers List,https://www.ttb.gov/public-information/foia/list-of-permittees,2026-08-21,TTB Spirits Producers and Bottlers List: CA-S-20157,unreviewed
ca-ttb-3da5e244e1c9,Wise Caldwell Distillers,"WISE-CALDWELL DISTILLERS, LLC",Wise Caldwell Distillers,"68 COOMBS ST STE L6, NAPA, CA, 94559",NAPA,CA,94559,CA-S-20216,1,Wise Caldwell Distillers NAPA California,"Wise Caldwell Distillers 68 COOMBS ST STE L6, NAPA, CA, 94559",TTB Spirits Producers and Bottlers List,https://www.ttb.gov/public-information/foia/list-of-permittees,2026-08-21,TTB Spirits Producers and Bottlers List: CA-S-20216,unreviewed
ca-ttb-3daf27f07c06,"KLEIN FOODS, INC.","KLEIN FOODS, INC.",,"11455 OLD REDWOOD HWY, HEALDSBURG, CA, 95448",HEALDSBURG,CA,95448,CA-S-15142,1,"KLEIN FOODS, INC. HEALDSBURG California","KLEIN FOODS, INC. 11455 OLD REDWOOD HWY, HEALDSBURG, CA, 95448",TTB Spirits Producers and Bottlers List,https://www.ttb.gov/public-information/foia/list-of-permittees,2026-08-21,TTB Spirits Producers and Bottlers List: CA-S-15142,unreviewed
ca-ttb-3e287fb3755b,Old World Spirits,OLD WORLD SPIRITS L.L.C.,Old World Spirits,"12595 WATSONVILLE RD, MORGAN HILL, CA, 95037",MORGAN HILL,CA,95037,CA-S-15082,1,Old World Spirits MORGAN HILL California,"Old World Spirits 12595 WATSONVILLE RD, MORGAN HILL, CA, 95037",TTB Spirits Producers and Bottlers List,https://www.ttb.gov/public-information/foia/list-of-permittees,2026-08-21,TTB Spirits Producers and Bottlers List: CA-S-15082,unreviewed
ca-ttb-3e61656d6a45,JuneShine,"JUNESHINE, INC.",JuneShine,"10051 OLD GROVE RD, SAN DIEGO, CA, 92131",SAN DIEGO,CA,92131,CA-S-20393,1,JuneShine SAN DIEGO California,"JuneShine 10051 OLD GROVE RD, SAN DIEGO, CA, 92131",TTB Spirits Producers and Bottlers List,https://www.ttb.gov/public-information/foia/list-of-permittees,2026-08-21,TTB Spirits Producers and Bottlers List: CA-S-20393,unreviewed
ca-ttb-3eebbe6cffc3,"MONTEREY WINE COMPANY, LLC","MONTEREY WINE COMPANY, LLC",,"1010 INDUSTRIAL WAY, KING CITY, CA, 93930",KING CITY,CA,93930,CA-S-372,1,"MONTEREY WINE COMPANY, LLC KING CITY California","MONTEREY WINE COMPANY, LLC 1010 INDUSTRIAL WAY, KING CITY, CA, 93930",TTB Spirits Producers and Bottlers List,https://www.ttb.gov/public-information/foia/list-of-permittees,2026-08-21,TTB Spirits Producers and Bottlers List: CA-S-372,unreviewed
ca-ttb-3f7dda7f3af2,Mistura/Nicola's Restaurant,NICOLA ALLEGRETTA & JACKELINE ORTIZ DE ZEVALLOS-ALLEGRETTA,Mistura/Nicola's Restaurant,"570 HIGUERA ST STE 105, SAN LUIS OBISPO, CA, 93401",SAN LUIS OBISPO,CA,93401,CA-S-20298,1,Mistura/Nicola's Restaurant SAN LUIS OBISPO California,"Mistura/Nicola's Restaurant 570 HIGUERA ST STE 105, SAN LUIS OBISPO, CA, 93401",TTB Spirits Producers and Bottlers List,https://www.ttb.gov/public-information/foia/list-of-permittees,2026-08-21,TTB Spirits Producers and Bottlers List: CA-S-20298,unreviewed
ca-ttb-3ff25862830e,SMOOCH BEVERAGES USA INC,SMOOCH BEVERAGES USA INC,,"31220 LA BAYA DR UNIT 114, WESTLAKE VILLAGE, CA, 91362",WESTLAKE VILLAGE,CA,91362,CA-S-20160,1,SMOOCH BEVERAGES USA INC WESTLAKE VILLAGE California,"SMOOCH BEVERAGES USA INC 31220 LA BAYA DR UNIT 114, WESTLAKE VILLAGE, CA, 91362",TTB Spirits Producers and Bottlers List,https://www.ttb.gov/public-information/foia/list-of-permittees,2026-08-21,TTB Spirits Producers and Bottlers List: CA-S-20160,unreviewed
ca-ttb-4042f85fc4c0,Loyd Locvich and Elisa Swanson,LOYD LOCVICH AND ELISA SWANSON,Loyd Locvich and Elisa Swanson,"3133 BUTTE SLOUGH RD, COLUSA, CA, 95932",COLUSA,CA,95932,CA-S-20141,1,Loyd Locvich and Elisa Swanson COLUSA California,"Loyd Locvich and Elisa Swanson 3133 BUTTE SLOUGH RD, COLUSA, CA, 95932",TTB Spirits Producers and Bottlers List,https://www.ttb.gov/public-information/foia/list-of-permittees,2026-08-21,TTB Spirits Producers and Bottlers List: CA-S-20141,unreviewed
ca-ttb-4117287abae4,Mosby Spirits,GARY RAY MOSBY,Mosby Spirits,"745 W BETTERAVIA RD, SANTA MARIA, CA, 93455",SANTA MARIA,CA,93455,CA-S-20385,1,Mosby Spirits SANTA MARIA California,"Mosby Spirits 745 W BETTERAVIA RD, SANTA MARIA, CA, 93455",TTB Spirits Producers and Bottlers List,https://www.ttb.gov/public-information/foia/list-of-permittees,2026-08-21,TTB Spirits Producers and Bottlers List: CA-S-20385,unreviewed
ca-ttb-419cbd87c62b,Sideways Spirits,"SIDEWAYS SPIRITS, INC.",Sideways Spirits,"41110 SANDALWOOD CIR UNIT 116, MURRIETA, CA, 92562",MURRIETA,CA,92562,CA-S-20060,1,Sideways Spirits MURRIETA California,"Sideways Spirits 41110 SANDALWOOD CIR UNIT 116, MURRIETA, CA, 92562",TTB Spirits Producers and Bottlers List,https://www.ttb.gov/public-information/foia/list-of-permittees,2026-08-21,TTB Spirits Producers and Bottlers List: CA-S-20060,unreviewed
ca-ttb-42bfa786bc4b,Copper Cane Spirits,ISLA DE CALIFA LLC,Copper Cane Spirits,"819 MARIPOSA RD, MODESTO, CA, 95354",MODESTO,CA,95354,CA-S-20313,1,Copper Cane Spirits MODESTO California,"Copper Cane Spirits 819 MARIPOSA RD, MODESTO, CA, 95354",TTB Spirits Producers and Bottlers List,https://www.ttb.gov/public-information/foia/list-of-permittees,2026-08-21,TTB Spirits Producers and Bottlers List: CA-S-20313,unreviewed
ca-ttb-42da81d110a3,GEYSERVILLE WINERY,DUCKHORN WINE COMPANY,GEYSERVILLE WINERY,"19410 GEYSERVILLE AVE, GEYSERVILLE, CA, 95441",GEYSERVILLE,CA,95441,CA-S-20482,1,GEYSERVILLE WINERY GEYSERVILLE California,"GEYSERVILLE WINERY 19410 GEYSERVILLE AVE, GEYSERVILLE, CA, 95441",TTB Spirits Producers and Bottlers List,https://www.ttb.gov/public-information/foia/list-of-permittees,2026-08-21,TTB Spirits Producers and Bottlers List: CA-S-20482,unreviewed
ca-ttb-43efdf38350f,LOS AMIGOS RESTAURANT,"RODRIGUEZ RAMIREZ, INC.",LOS AMIGOS RESTAURANT,"530 VALENCIA ST, SAN FRANCISCO, CA, 94110",SAN FRANCISCO,CA,94110,CA-S-20384,1,LOS AMIGOS RESTAURANT SAN FRANCISCO California,"LOS AMIGOS RESTAURANT 530 VALENCIA ST, SAN FRANCISCO, CA, 94110",TTB Spirits Producers and Bottlers List,https://www.ttb.gov/public-information/foia/list-of-permittees,2026-08-21,TTB Spirits Producers and Bottlers List: CA-S-20384,unreviewed
ca-ttb-440028051f93,The Palm Spirings Spirits Company,MIMIDEX LLC,The Palm Spirings Spirits Company,"1130 N VALDIVA WAY STE B, PALM SPRINGS, CA, 92262",PALM SPRINGS,CA,92262,CA-S-20296,1,The Palm Spirings Spirits Company PALM SPRINGS California,"The Palm Spirings Spirits Company 1130 N VALDIVA WAY STE B, PALM SPRINGS, CA, 92262",TTB Spirits Producers and Bottlers List,https://www.ttb.gov/public-information/foia/list-of-permittees,2026-08-21,TTB Spirits Producers and Bottlers List: CA-S-20296,unreviewed
ca-ttb-44fb58b8442f,STAG'S LEAP WINE CELLARS,"STAG'S LEAP WINE CELLARS, LLC",STAG'S LEAP WINE CELLARS,"5766 SILVERADO TRL, NAPA, CA, 94558",NAPA,CA,94558,CA-S-15042,1,STAG'S LEAP WINE CELLARS NAPA California,"STAG'S LEAP WINE CELLARS 5766 SILVERADO TRL, NAPA, CA, 94558",TTB Spirits Producers and Bottlers List,https://www.ttb.gov/public-information/foia/list-of-permittees,2026-08-21,TTB Spirits Producers and Bottlers List: CA-S-15042,unreviewed
ca-ttb-452357a9b4bd,MCCALL WINERIES & DISTILLERIES,E. & J. GALLO WINERY,MCCALL WINERIES & DISTILLERIES,"1042 S MCCALL AVE, SANGER, CA, 93657",SANGER,CA,93657,CA-S-379,1,MCCALL WINERIES & DISTILLERIES SANGER California,"MCCALL WINERIES & DISTILLERIES 1042 S MCCALL AVE, SANGER, CA, 93657",TTB Spirits Producers and Bottlers List,https://www.ttb.gov/public-information/foia/list-of-permittees,2026-08-21,TTB Spirits Producers and Bottlers List: CA-S-379,unreviewed
ca-ttb-457969b6068d,Old State Bourbon,OLD STATE DISTILLING LLC,Old State Bourbon,"4400 ASHE RD STE 207, BAKERSFIELD, CA, 93313",BAKERSFIELD,CA,93313,CA-S-20463,1,Old State Bourbon BAKERSFIELD California,"Old State Bourbon 4400 ASHE RD STE 207, BAKERSFIELD, CA, 93313",TTB Spirits Producers and Bottlers List,https://www.ttb.gov/public-information/foia/list-of-permittees,2026-08-21,TTB Spirits Producers and Bottlers List: CA-S-20463,unreviewed
ca-ttb-45de727ce462,You & Yours Distilling Co,"YOU & YOURS DISTILLING COMPANY, LLC",You & Yours Distilling Co,"1495 G ST, SAN DIEGO, CA, 92101",SAN DIEGO,CA,92101,CA-S-20151,1,You & Yours Distilling Co SAN DIEGO California,"You & Yours Distilling Co 1495 G ST, SAN DIEGO, CA, 92101",TTB Spirits Producers and Bottlers List,https://www.ttb.gov/public-information/foia/list-of-permittees,2026-08-21,TTB Spirits Producers and Bottlers List: CA-S-20151,unreviewed
ca-ttb-4681b2f3d9e5,Dovecote Estate Winery,DOVECOTE LLC,Dovecote Estate Winery,"9229 ALISOS CANYON RD, LOS ALAMOS, CA, 93440",LOS ALAMOS,CA,93440,CA-S-20598,1,Dovecote Estate Winery LOS ALAMOS California,"Dovecote Estate Winery 9229 ALISOS CANYON RD, LOS ALAMOS, CA, 93440",TTB Spirits Producers and Bottlers List,https://www.ttb.gov/public-information/foia/list-of-permittees,2026-08-21,TTB Spirits Producers and Bottlers List: CA-S-20598,unreviewed
ca-ttb-4740c89c7381,MAVRIK NORTH AMERICA LLC,MAVRIK NORTH AMERICA LLC,,"345 TESCONI CIR, SANTA ROSA, CA, 95401",SANTA ROSA,CA,95401,CA-S-15106,1,MAVRIK NORTH AMERICA LLC SANTA ROSA California,"MAVRIK NORTH AMERICA LLC 345 TESCONI CIR, SANTA ROSA, CA, 95401",TTB Spirits Producers and Bottlers List,https://www.ttb.gov/public-information/foia/list-of-permittees,2026-08-21,TTB Spirits Producers and Bottlers List: CA-S-15106,unreviewed
ca-ttb-478ada75fc60,Raven Ranch Distillery,KMH ENTERPRISES LLC,Raven Ranch Distillery,"20111 306 AVE, EXETER, CA, 93221",EXETER,CA,93221,CA-S-20545,1,Raven Ranch Distillery EXETER California,"Raven Ranch Distillery 20111 306 AVE, EXETER, CA, 93221",TTB Spirits Producers and Bottlers List,https://www.ttb.gov/public-information/foia/list-of-permittees,2026-08-21,TTB Spirits Producers and Bottlers List: CA-S-20545,unreviewed
ca-ttb-481b55cc674b,Sons & Dotters,SONS & DOTTERS LLC,Sons & Dotters,"4122 SORRENTO VALLEY BLVD STE 107, SAN DIEGO, CA, 92121",SAN DIEGO,CA,92121,CA-S-20485,1,Sons & Dotters SAN DIEGO California,"Sons & Dotters 4122 SORRENTO VALLEY BLVD STE 107, SAN DIEGO, CA, 92121",TTB Spirits Producers and Bottlers List,https://www.ttb.gov/public-information/foia/list-of-permittees,2026-08-21,TTB Spirits Producers and Bottlers List: CA-S-20485,unreviewed
ca-ttb-4872ae6f1107,LA BORGATA,GERARDO DONATO IULIANO,LA BORGATA,"7539 PLEASANTS VALLEY RD, VACAVILLE, CA, 95688",VACAVILLE,CA,95688,CA-S-15086,1,LA BORGATA VACAVILLE California,"LA BORGATA 7539 PLEASANTS VALLEY RD, VACAVILLE, CA, 95688",TTB Spirits Producers and Bottlers List,https://www.ttb.gov/public-information/foia/list-of-permittees,2026-08-21,TTB Spirits Producers and Bottlers List: CA-S-15086,unreviewed
ca-ttb-48744a7b4561,"HALL WINES, LLC","HALL WINES, LLC",,"401 ST. HELENA HWY, SAINT HELENA, CA, 94574",SAINT HELENA,CA,94574,CA-S-15135,1,"HALL WINES, LLC SAINT HELENA California","HALL WINES, LLC 401 ST. HELENA HWY, SAINT HELENA, CA, 94574",TTB Spirits Producers and Bottlers List,https://www.ttb.gov/public-information/foia/list-of-permittees,2026-08-21,TTB Spirits Producers and Bottlers List: CA-S-15135,unreviewed
ca-ttb-4888fb0abef9,South Bay Spirits,E&F ROBERTS DISTILLERIES INC.,South Bay Spirits,"695 QUINN AVE UNIT 2, SAN JOSE, CA, 95112",SAN JOSE,CA,95112,CA-S-20126,1,South Bay Spirits SAN JOSE California,"South Bay Spirits 695 QUINN AVE UNIT 2, SAN JOSE, CA, 95112",TTB Spirits Producers and Bottlers List,https://www.ttb.gov/public-information/foia/list-of-permittees,2026-08-21,TTB Spirits Producers and Bottlers List: CA-S-20126,unreviewed
ca-ttb-4928f20fc35a,JEPSON VINEYARDS,"STONECUSHION, INC.",JEPSON VINEYARDS,"10400 S HIGHWAY 101, HOPLAND, CA, 95449",HOPLAND,CA,95449,CA-S-15077,1,JEPSON VINEYARDS HOPLAND California,"JEPSON VINEYARDS 10400 S HIGHWAY 101, HOPLAND, CA, 95449",TTB Spirits Producers and Bottlers List,https://www.ttb.gov/public-information/foia/list-of-permittees,2026-08-21,TTB Spirits Producers and Bottlers List: CA-S-15077,unreviewed
ca-ttb-4960e4e98ad8,MARIAN FARMS,"MARIAN TRADING, LTD.",MARIAN FARMS,"2305 N ROLINDA AVE, FRESNO, CA, 93722",FRESNO,CA,93722,CA-S-15009,1,MARIAN FARMS FRESNO California,"MARIAN FARMS 2305 N ROLINDA AVE, FRESNO, CA, 93722",TTB Spirits Producers and Bottlers List,https://www.ttb.gov/public-information/foia/list-of-permittees,2026-08-21,TTB Spirits Producers and Bottlers List: CA-S-15009,unreviewed
ca-ttb-4aa31e21f55c,HALTER WINERY,HALTER WINERY LLC,HALTER WINERY,"8910 ADELAIDA RD, PASO ROBLES, CA, 93446",PASO ROBLES,CA,93446,CA-S-15007,1,HALTER WINERY PASO ROBLES California,"HALTER WINERY 8910 ADELAIDA RD, PASO ROBLES, CA, 93446",TTB Spirits Producers and Bottlers List,https://www.ttb.gov/public-information/foia/list-of-permittees,2026-08-21,TTB Spirits Producers and Bottlers List: CA-S-15007,unreviewed
ca-ttb-4bc0b621f9d1,OLD TAVERN DISTILLERY LLC,OLD TAVERN DISTILLERY LLC,,"3443 RAMONA AVE STE 27A, SACRAMENTO, CA, 95826",SACRAMENTO,CA,95826,CA-S-20118,1,OLD TAVERN DISTILLERY LLC SACRAMENTO California,"OLD TAVERN DISTILLERY LLC 3443 RAMONA AVE STE 27A, SACRAMENTO, CA, 95826",TTB Spirits Producers and Bottlers List,https://www.ttb.gov/public-information/foia/list-of-permittees,2026-08-21,TTB Spirits Producers and Bottlers List: CA-S-20118,unreviewed
ca-ttb-4c116fa91244,Hawk Feather WInery,"HAWK FEATHER WINERY, LLC",Hawk Feather WInery,"22875 MCCOURTNEY RD, GRASS VALLEY, CA, 95949",GRASS VALLEY,CA,95949,CA-S-20280,1,Hawk Feather WInery GRASS VALLEY California,"Hawk Feather WInery 22875 MCCOURTNEY RD, GRASS VALLEY, CA, 95949",TTB Spirits Producers and Bottlers List,https://www.ttb.gov/public-information/foia/list-of-permittees,2026-08-21,TTB Spirits Producers and Bottlers List: CA-S-20280,unreviewed
ca-ttb-4c1176eb89df,SOLOMON TOURNOUR CO.,CHRISTOPHER G. SOLOMON & GILDO TOURNOUR,SOLOMON TOURNOUR CO.,"5900 CENTRAL AVE, CALPELLA, CA, 95418",CALPELLA,CA,95418,CA-S-355,1,SOLOMON TOURNOUR CO. CALPELLA California,"SOLOMON TOURNOUR CO. 5900 CENTRAL AVE, CALPELLA, CA, 95418",TTB Spirits Producers and Bottlers List,https://www.ttb.gov/public-information/foia/list-of-permittees,2026-08-21,TTB Spirits Producers and Bottlers List: CA-S-355,unreviewed
ca-ttb-4c3546399794,"ANHEUSER-BUSCH, LLC","ANHEUSER-BUSCH, LLC",,"15800 ROSCOE BLVD, LOS ANGELES, CA, 91406",LOS ANGELES,CA,91406,CA-S-20304,1,"ANHEUSER-BUSCH, LLC LOS ANGELES California","ANHEUSER-BUSCH, LLC 15800 ROSCOE BLVD, LOS ANGELES, CA, 91406",TTB Spirits Producers and Bottlers List,https://www.ttb.gov/public-information/foia/list-of-permittees,2026-08-21,TTB Spirits Producers and Bottlers List: CA-S-20304,unreviewed
ca-ttb-4c385dfdbabe,Phantom Ales,"OC CUSTOM WINE, INC.",Phantom Ales,"1211 N LAS BRISAS ST, ANAHEIM, CA, 92806",ANAHEIM,CA,92806,CA-S-20405,1,Phantom Ales ANAHEIM California,"Phantom Ales 1211 N LAS BRISAS ST, ANAHEIM, CA, 92806",TTB Spirits Producers and Bottlers List,https://www.ttb.gov/public-information/foia/list-of-permittees,2026-08-21,TTB Spirits Producers and Bottlers List: CA-S-20405,unreviewed
ca-ttb-4c508626b4f9,"CONSTELLATION BRANDS U.S. OPERATIONS, INC.","CONSTELLATION BRANDS U.S. OPERATIONS, INC.",,"5950 E WOODBRIDGE RD R&D LAB, ACAMPO, CA, 95220",ACAMPO,CA,95220,CA-S-20375,1,"CONSTELLATION BRANDS U.S. OPERATIONS, INC. ACAMPO California","CONSTELLATION BRANDS U.S. OPERATIONS, INC. 5950 E WOODBRIDGE RD R&D LAB, ACAMPO, CA, 95220",TTB Spirits Producers and Bottlers List,https://www.ttb.gov/public-information/foia/list-of-permittees,2026-08-21,TTB Spirits Producers and Bottlers List: CA-S-20375,unreviewed
ca-ttb-4d873c6282eb,SNR PERFORMANCE LLC,SNR PERFORMANCE LLC,,"647 HIGUERA ST, SAN LUIS OBISPO, CA, 93401",SAN LUIS OBISPO,CA,93401,CA-S-20558,1,SNR PERFORMANCE LLC SAN LUIS OBISPO California,"SNR PERFORMANCE LLC 647 HIGUERA ST, SAN LUIS OBISPO, CA, 93401",TTB Spirits Producers and Bottlers List,https://www.ttb.gov/public-information/foia/list-of-permittees,2026-08-21,TTB Spirits Producers and Bottlers List: CA-S-20558,unreviewed
ca-ttb-4dbff402c768,The Dancing Fox Winery & Brewery,"THE DANCING FOX WINERY & BREWERY, INC.",The Dancing Fox Winery & Brewery,"203 S SCHOOL ST, LODI, CA, 95240",LODI,CA,95240,CA-S-20247,1,The Dancing Fox Winery & Brewery LODI California,"The Dancing Fox Winery & Brewery 203 S SCHOOL ST, LODI, CA, 95240",TTB Spirits Producers and Bottlers List,https://www.ttb.gov/public-information/foia/list-of-permittees,2026-08-21,TTB Spirits Producers and Bottlers List: CA-S-20247,unreviewed
ca-ttb-4dd0d6f2b1c1,Bear River Distillery,"BEAR RIVER WINERY, LLC",Bear River Distillery,"2751 COMBIE RD, MEADOW VISTA, CA, 95722",MEADOW VISTA,CA,95722,CA-S-20145,1,Bear River Distillery MEADOW VISTA California,"Bear River Distillery 2751 COMBIE RD, MEADOW VISTA, CA, 95722",TTB Spirits Producers and Bottlers List,https://www.ttb.gov/public-information/foia/list-of-permittees,2026-08-21,TTB Spirits Producers and Bottlers List: CA-S-20145,unreviewed
ca-ttb-4e5d9577470e,"BIG BRANDS CA, LLC","BIG BRANDS CA, LLC",,"8250 INDUSTRIAL AVE, ROSEVILLE, CA, 95678",ROSEVILLE,CA,95678,CA-S-20541,1,"BIG BRANDS CA, LLC ROSEVILLE California","BIG BRANDS CA, LLC 8250 INDUSTRIAL AVE, ROSEVILLE, CA, 95678",TTB Spirits Producers and Bottlers List,https://www.ttb.gov/public-information/foia/list-of-permittees,2026-08-21,TTB Spirits Producers and Bottlers List: CA-S-20541,unreviewed
ca-ttb-4e985b1fec1d,LUCANIA LIQUORS LLC,LUCANIA LIQUORS LLC,,"233 E HARRIS AVE UNIT D1, SOUTH SAN FRANCISCO, CA, 94080",SOUTH SAN FRANCISCO,CA,94080,CA-S-20437,1,LUCANIA LIQUORS LLC SOUTH SAN FRANCISCO California,"LUCANIA LIQUORS LLC 233 E HARRIS AVE UNIT D1, SOUTH SAN FRANCISCO, CA, 94080",TTB Spirits Producers and Bottlers List,https://www.ttb.gov/public-information/foia/list-of-permittees,2026-08-21,TTB Spirits Producers and Bottlers List: CA-S-20437,unreviewed
ca-ttb-4f7738e5d7d4,"Quarry Lake Winery, Sonoma","TPWC, INC.","Quarry Lake Winery, Sonoma","26200 ARNOLD DR, SONOMA, CA, 95476",SONOMA,CA,95476,CA-S-15087,1,"Quarry Lake Winery, Sonoma SONOMA California","Quarry Lake Winery, Sonoma 26200 ARNOLD DR, SONOMA, CA, 95476",TTB Spirits Producers and Bottlers List,https://www.ttb.gov/public-information/foia/list-of-permittees,2026-08-21,TTB Spirits Producers and Bottlers List: CA-S-15087,unreviewed
ca-ttb-5007311891bc,TREASURY WINE ESTATES AMERICAS COMPANY,TREASURY WINE ESTATES AMERICAS COMPANY,,"2000 MAIN ST, ST. HELENA, CA, 94574",ST. HELENA,CA,94574,CA-S-20105,1,TREASURY WINE ESTATES AMERICAS COMPANY ST. HELENA California,"TREASURY WINE ESTATES AMERICAS COMPANY 2000 MAIN ST, ST. HELENA, CA, 94574",TTB Spirits Producers and Bottlers List,https://www.ttb.gov/public-information/foia/list-of-permittees,2026-08-21,TTB Spirits Producers and Bottlers List: CA-S-20105,unreviewed
ca-ttb-508dfabe9221,Pacific Coast Spirits,"HAMMOND & CO, LLC",Pacific Coast Spirits,"404 S COAST HWY, OCEANSIDE, CA, 92054",OCEANSIDE,CA,92054,CA-S-20158,1,Pacific Coast Spirits OCEANSIDE California,"Pacific Coast Spirits 404 S COAST HWY, OCEANSIDE, CA, 92054",TTB Spirits Producers and Bottlers List,https://www.ttb.gov/public-information/foia/list-of-permittees,2026-08-21,TTB Spirits Producers and Bottlers List: CA-S-20158,unreviewed
ca-ttb-50acb81071e2,Cantara Distillery,"MCB ENTERPRISES, INC.",Cantara Distillery,"126 N WOOD RD STE 104, CAMARILLO, CA, 93010",CAMARILLO,CA,93010,CA-S-20171,1,Cantara Distillery CAMARILLO California,"Cantara Distillery 126 N WOOD RD STE 104, CAMARILLO, CA, 93010",TTB Spirits Producers and Bottlers List,https://www.ttb.gov/public-information/foia/list-of-permittees,2026-08-21,TTB Spirits Producers and Bottlers List: CA-S-20171,unreviewed
ca-ttb-52bdb19b0146,"OPOLO WINES, LP, OPOLO MANAGEMENT LLC, GP","OPOLO WINES, LP, OPOLO MANAGEMENT LLC, GP",,"45 N MAIN ST, TEMPLETON, CA, 93465",TEMPLETON,CA,93465,CA-S-20181,1,"OPOLO WINES, LP, OPOLO MANAGEMENT LLC, GP TEMPLETON California","OPOLO WINES, LP, OPOLO MANAGEMENT LLC, GP 45 N MAIN ST, TEMPLETON, CA, 93465",TTB Spirits Producers and Bottlers List,https://www.ttb.gov/public-information/foia/list-of-permittees,2026-08-21,TTB Spirits Producers and Bottlers List: CA-S-20181,unreviewed
ca-ttb-52ee04ab5da4,GelatoLove,SKYLAR CREATIONS INC,GelatoLove,"5661 PALMER WAY STE C & D, CARLSBAD, CA, 92010",CARLSBAD,CA,92010,CA-S-20303,1,GelatoLove CARLSBAD California,"GelatoLove 5661 PALMER WAY STE C & D, CARLSBAD, CA, 92010",TTB Spirits Producers and Bottlers List,https://www.ttb.gov/public-information/foia/list-of-permittees,2026-08-21,TTB Spirits Producers and Bottlers List: CA-S-20303,unreviewed
ca-ttb-530f599992ee,Seven Days Cocktail Co.,SEVEN DAYS COCKTAIL CO. LLC,Seven Days Cocktail Co.,"1586 SUNLAND LN, COSTA MESA, CA, 92626",COSTA MESA,CA,92626,CA-S-20358,1,Seven Days Cocktail Co. COSTA MESA California,"Seven Days Cocktail Co. 1586 SUNLAND LN, COSTA MESA, CA, 92626",TTB Spirits Producers and Bottlers List,https://www.ttb.gov/public-information/foia/list-of-permittees,2026-08-21,TTB Spirits Producers and Bottlers List: CA-S-20358,unreviewed
ca-ttb-534d1b6fde1b,JUNGLE BEVERAGE COMPANY,JUNGLE BEVERAGE COMPANY,,"1440 JASON WAY UNIT 120, SANTA MARIA, CA, 93455",SANTA MARIA,CA,93455,CA-S-20531,1,JUNGLE BEVERAGE COMPANY SANTA MARIA California,"JUNGLE BEVERAGE COMPANY 1440 JASON WAY UNIT 120, SANTA MARIA, CA, 93455",TTB Spirits Producers and Bottlers List,https://www.ttb.gov/public-information/foia/list-of-permittees,2026-08-21,TTB Spirits Producers and Bottlers List: CA-S-20531,unreviewed
ca-ttb-542f3f5f730f,Calwise Spirits Co.,BERGH CORPORATION,Calwise Spirits Co.,"3340 RAMADA DR STE B, PASO ROBLES, CA, 93446",PASO ROBLES,CA,93446,CA-S-20208,1,Calwise Spirits Co. PASO ROBLES California,"Calwise Spirits Co. 3340 RAMADA DR STE B, PASO ROBLES, CA, 93446",TTB Spirits Producers and Bottlers List,https://www.ttb.gov/public-information/foia/list-of-permittees,2026-08-21,TTB Spirits Producers and Bottlers List: CA-S-20208,unreviewed
ca-ttb-54301b3a6fdb,Old Julian Vineyards & Winery,OLD JULIAN VINEYARDS & WINERY LLC,Old Julian Vineyards & Winery,"25352 E OLD JULIAN HWY, RAMONA, CA, 92065",RAMONA,CA,92065,CA-S-20338,1,Old Julian Vineyards & Winery RAMONA California,"Old Julian Vineyards & Winery 25352 E OLD JULIAN HWY, RAMONA, CA, 92065",TTB Spirits Producers and Bottlers List,https://www.ttb.gov/public-information/foia/list-of-permittees,2026-08-21,TTB Spirits Producers and Bottlers List: CA-S-20338,unreviewed
ca-ttb-5431d6de1996,RKR BOTTLING LLC,RKR BOTTLING LLC,,"1554 FAYETTE ST, EL CAJON, CA, 92020",EL CAJON,CA,92020,CA-S-20295,1,RKR BOTTLING LLC EL CAJON California,"RKR BOTTLING LLC 1554 FAYETTE ST, EL CAJON, CA, 92020",TTB Spirits Producers and Bottlers List,https://www.ttb.gov/public-information/foia/list-of-permittees,2026-08-21,TTB Spirits Producers and Bottlers List: CA-S-20295,unreviewed
ca-ttb-544db9e8d387,Woods Beer & Wine Co.,"SURFACE AREA, LLC",Woods Beer & Wine Co.,"751 6TH ST STE A, SAN FRANCISCO, CA, 94130",SAN FRANCISCO,CA,94130,CA-S-20403,1,Woods Beer & Wine Co. SAN FRANCISCO California,"Woods Beer & Wine Co. 751 6TH ST STE A, SAN FRANCISCO, CA, 94130",TTB Spirits Producers and Bottlers List,https://www.ttb.gov/public-information/foia/list-of-permittees,2026-08-21,TTB Spirits Producers and Bottlers List: CA-S-20403,unreviewed
ca-ttb-54627bd1e513,"DOMAINE CHARBAY, LLC","DOMAINE CHARBAY, LLC",,"4001 SPRING MOUNTAIN RD, ST. HELENA, CA, 94574",ST. HELENA,CA,94574,CA-S-20140,1,"DOMAINE CHARBAY, LLC ST. HELENA California","DOMAINE CHARBAY, LLC 4001 SPRING MOUNTAIN RD, ST. HELENA, CA, 94574",TTB Spirits Producers and Bottlers List,https://www.ttb.gov/public-information/foia/list-of-permittees,2026-08-21,TTB Spirits Producers and Bottlers List: CA-S-20140,unreviewed
ca-ttb-547ccbc596b3,"CALICRAFT, LLC","CALICRAFT, LLC",,"1501 MT DIABLO BLVD UNIT 200, WALNUT CREEK, CA, 94596",WALNUT CREEK,CA,94596,CA-S-20562,1,"CALICRAFT, LLC WALNUT CREEK California","CALICRAFT, LLC 1501 MT DIABLO BLVD UNIT 200, WALNUT CREEK, CA, 94596",TTB Spirits Producers and Bottlers List,https://www.ttb.gov/public-information/foia/list-of-permittees,2026-08-21,TTB Spirits Producers and Bottlers List: CA-S-20562,unreviewed
ca-ttb-55bdd973ad24,VIE-DEL COMPANY,VIE-DEL COMPANY,,"11903 S CHESTNUT AVE, FRESNO, CA, 93725",FRESNO,CA,93725,CA-S-135,1,VIE-DEL COMPANY FRESNO California,"VIE-DEL COMPANY 11903 S CHESTNUT AVE, FRESNO, CA, 93725",TTB Spirits Producers and Bottlers List,https://www.ttb.gov/public-information/foia/list-of-permittees,2026-08-21,TTB Spirits Producers and Bottlers List: CA-S-135,unreviewed
ca-ttb-55d198e7f79c,STERLING VINEYARDS,TREASURY WINE ESTATES AMERICAS COMPANY,STERLING VINEYARDS,"1111 DUNAWEAL LN, CALISTOGA, CA, 94515",CALISTOGA,CA,94515,CA-S-20132,1,STERLING VINEYARDS CALISTOGA California,"STERLING VINEYARDS 1111 DUNAWEAL LN, CALISTOGA, CA, 94515",TTB Spirits Producers and Bottlers List,https://www.ttb.gov/public-information/foia/list-of-permittees,2026-08-21,TTB Spirits Producers and Bottlers List: CA-S-20132,unreviewed
ca-ttb-561b547a0c16,Chuparosa Vineyards,CAROLYN HARRIS AND PAUL HARRIS,Chuparosa Vineyards,"910 GEM LN, RAMONA, CA, 92065",RAMONA,CA,92065,CA-S-20402,1,Chuparosa Vineyards RAMONA California,"Chuparosa Vineyards 910 GEM LN, RAMONA, CA, 92065",TTB Spirits Producers and Bottlers List,https://www.ttb.gov/public-information/foia/list-of-permittees,2026-08-21,TTB Spirits Producers and Bottlers List: CA-S-20402,unreviewed
ca-ttb-572b17f5ca1e,Bear and Eagle Products,HERMOZ PARSA,Bear and Eagle Products,"1425 E BORCHARD AVE, SANTA ANA, CA, 92705",SANTA ANA,CA,92705,CA-S-20124,1,Bear and Eagle Products SANTA ANA California,"Bear and Eagle Products 1425 E BORCHARD AVE, SANTA ANA, CA, 92705",TTB Spirits Producers and Bottlers List,https://www.ttb.gov/public-information/foia/list-of-permittees,2026-08-21,TTB Spirits Producers and Bottlers List: CA-S-20124,unreviewed
ca-ttb-576e8bf0b59f,Harbour Farm and Vineyard,DAVID S. HARBOUR,Harbour Farm and Vineyard,"3326 HIGHWAY 67, RAMONA, CA, 92065",RAMONA,CA,92065,CA-S-20035,1,Harbour Farm and Vineyard RAMONA California,"Harbour Farm and Vineyard 3326 HIGHWAY 67, RAMONA, CA, 92065",TTB Spirits Producers and Bottlers List,https://www.ttb.gov/public-information/foia/list-of-permittees,2026-08-21,TTB Spirits Producers and Bottlers List: CA-S-20035,unreviewed
ca-ttb-592d361a0529,Riley's Brewing,"THE RILEY'S BREWING COMPANY, INC.",Riley's Brewing,"28777 15 1/2 AVE, MADERA, CA, 93638",MADERA,CA,93638,CA-S-20125,1,Riley's Brewing MADERA California,"Riley's Brewing 28777 15 1/2 AVE, MADERA, CA, 93638",TTB Spirits Producers and Bottlers List,https://www.ttb.gov/public-information/foia/list-of-permittees,2026-08-21,TTB Spirits Producers and Bottlers List: CA-S-20125,unreviewed
ca-ttb-596941540315,Home Base Spirits,KIN SPIRITS LLC,Home Base Spirits,"2619 SEVENTH ST STE B, BERKELEY, CA, 94710",BERKELEY,CA,94710,CA-S-20129,1,Home Base Spirits BERKELEY California,"Home Base Spirits 2619 SEVENTH ST STE B, BERKELEY, CA, 94710",TTB Spirits Producers and Bottlers List,https://www.ttb.gov/public-information/foia/list-of-permittees,2026-08-21,TTB Spirits Producers and Bottlers List: CA-S-20129,unreviewed
ca-ttb-5a4c340862b8,THE WINE GROUP LLC,THE WINE GROUP LLC,,"17000 E STATE HIGHWAY 120, RIPON, CA, 95366",RIPON,CA,95366,CA-S-347,1,THE WINE GROUP LLC RIPON California,"THE WINE GROUP LLC 17000 E STATE HIGHWAY 120, RIPON, CA, 95366",TTB Spirits Producers and Bottlers List,https://www.ttb.gov/public-information/foia/list-of-permittees,2026-08-21,TTB Spirits Producers and Bottlers List: CA-S-347,unreviewed
ca-ttb-5a7480ca7da8,Geneseo Distillers,"GENESEO DISTILLERS, LLC",Geneseo Distillers,"7350 LINNE RD, PASO ROBLES, CA, 93446",PASO ROBLES,CA,93446,CA-S-20560,1,Geneseo Distillers PASO ROBLES California,"Geneseo Distillers 7350 LINNE RD, PASO ROBLES, CA, 93446",TTB Spirits Producers and Bottlers List,https://www.ttb.gov/public-information/foia/list-of-permittees,2026-08-21,TTB Spirits Producers and Bottlers List: CA-S-20560,unreviewed
ca-ttb-5a8eb5472f4e,"Bushveld, Somerstate, Yacubelli Winery","YACUBELLI, LLC","Bushveld, Somerstate, Yacubelli Winery","2379 LA MIRADA DR, VISTA, CA, 92081",VISTA,CA,92081,CA-S-20432,1,"Bushveld, Somerstate, Yacubelli Winery VISTA California","Bushveld, Somerstate, Yacubelli Winery 2379 LA MIRADA DR, VISTA, CA, 92081",TTB Spirits Producers and Bottlers List,https://www.ttb.gov/public-information/foia/list-of-permittees,2026-08-21,TTB Spirits Producers and Bottlers List: CA-S-20432,unreviewed
ca-ttb-5ac8f664b3d5,BRAND HOUSE WINES & SPIRITS LLC,BRAND HOUSE WINES & SPIRITS LLC,,"137 ANACAPA ST STE D, SANTA BARBARA, CA, 93101",SANTA BARBARA,CA,93101,CA-S-20283,1,BRAND HOUSE WINES & SPIRITS LLC SANTA BARBARA California,"BRAND HOUSE WINES & SPIRITS LLC 137 ANACAPA ST STE D, SANTA BARBARA, CA, 93101",TTB Spirits Producers and Bottlers List,https://www.ttb.gov/public-information/foia/list-of-permittees,2026-08-21,TTB Spirits Producers and Bottlers List: CA-S-20283,unreviewed
ca-ttb-5b2e34f1d71c,3 BADGE BEVERAGE CORPORATION,3 BADGE BEVERAGE CORPORATION,,"42625 JACKSON ST STE 111, INDIO, CA, 92203",INDIO,CA,92203,CA-S-20332,1,3 BADGE BEVERAGE CORPORATION INDIO California,"3 BADGE BEVERAGE CORPORATION 42625 JACKSON ST STE 111, INDIO, CA, 92203",TTB Spirits Producers and Bottlers List,https://www.ttb.gov/public-information/foia/list-of-permittees,2026-08-21,TTB Spirits Producers and Bottlers List: CA-S-20332,unreviewed
ca-ttb-5b87770bed2c,DOMAINE CARNEROS,"DOMAINE CARNEROS, LTD.",DOMAINE CARNEROS,"1240 DUHIG ROAD, NAPA, CA, 94559",NAPA,CA,94559,CA-S-15088,1,DOMAINE CARNEROS NAPA California,"DOMAINE CARNEROS 1240 DUHIG ROAD, NAPA, CA, 94559",TTB Spirits Producers and Bottlers List,https://www.ttb.gov/public-information/foia/list-of-permittees,2026-08-21,TTB Spirits Producers and Bottlers List: CA-S-15088,unreviewed
ca-ttb-5b9cc0c3134e,FERMCO,THE FERMENTATION COMPANY LLC,FERMCO,"8787 PLATA LN, ATASCADERO, CA, 93422",ATASCADERO,CA,93422,CA-S-20254,1,FERMCO ATASCADERO California,"FERMCO 8787 PLATA LN, ATASCADERO, CA, 93422",TTB Spirits Producers and Bottlers List,https://www.ttb.gov/public-information/foia/list-of-permittees,2026-08-21,TTB Spirits Producers and Bottlers List: CA-S-20254,unreviewed
ca-ttb-5be0ab6dde0d,"F. KORBEL & BROS., INC.","F. KORBEL & BROS., INC.",,"13250 RIVER RD, GUERNEVILLE, CA, 95446",GUERNEVILLE,CA,95446,CA-S-222,1,"F. KORBEL & BROS., INC. GUERNEVILLE California","F. KORBEL & BROS., INC. 13250 RIVER RD, GUERNEVILLE, CA, 95446",TTB Spirits Producers and Bottlers List,https://www.ttb.gov/public-information/foia/list-of-permittees,2026-08-21,TTB Spirits Producers and Bottlers List: CA-S-222,unreviewed
ca-ttb-5bee776dc0d6,HECK CELLARS,"F. KORBEL & BROS., INC.",HECK CELLARS,"15401 BEAR MOUNTAIN WINERY RD, DI GIORGIO, CA, 93203",DI GIORGIO,CA,93203,CA-S-302,1,HECK CELLARS DI GIORGIO California,"HECK CELLARS 15401 BEAR MOUNTAIN WINERY RD, DI GIORGIO, CA, 93203",TTB Spirits Producers and Bottlers List,https://www.ttb.gov/public-information/foia/list-of-permittees,2026-08-21,TTB Spirits Producers and Bottlers List: CA-S-302,unreviewed
ca-ttb-5c86fafde4ee,McHugh Company,HARRISON MCHUGH,McHugh Company,"760 BRYANT ST, SAN FRANCISCO, CA, 94107",SAN FRANCISCO,CA,94107,CA-S-20339,1,McHugh Company SAN FRANCISCO California,"McHugh Company 760 BRYANT ST, SAN FRANCISCO, CA, 94107",TTB Spirits Producers and Bottlers List,https://www.ttb.gov/public-information/foia/list-of-permittees,2026-08-21,TTB Spirits Producers and Bottlers List: CA-S-20339,unreviewed
ca-ttb-5e80e0947452,"VIGNETTE WINERY, LLC","VIGNETTE WINERY, LLC",,"45 ENTERPRISE CT UNIT 1,2,3,4,7, NAPA, CA, 94558",NAPA,CA,94558,CA-S-20605,1,"VIGNETTE WINERY, LLC NAPA California","VIGNETTE WINERY, LLC 45 ENTERPRISE CT UNIT 1,2,3,4,7, NAPA, CA, 94558",TTB Spirits Producers and Bottlers List,https://www.ttb.gov/public-information/foia/list-of-permittees,2026-08-21,TTB Spirits Producers and Bottlers List: CA-S-20605,unreviewed
ca-ttb-5ea4f616f75f,"SOLOS TECHNOLOGY USA, INC.","SOLOS TECHNOLOGY USA, INC.",,"385 FELIZ CREEK RD, HOPLAND, CA, 95449",HOPLAND,CA,95449,CA-S-20574,1,"SOLOS TECHNOLOGY USA, INC. HOPLAND California","SOLOS TECHNOLOGY USA, INC. 385 FELIZ CREEK RD, HOPLAND, CA, 95449",TTB Spirits Producers and Bottlers List,https://www.ttb.gov/public-information/foia/list-of-permittees,2026-08-21,TTB Spirits Producers and Bottlers List: CA-S-20574,unreviewed
ca-ttb-5fce6dbfbef8,Pressman Spirits,PRESSMAN WINES LLC.,Pressman Spirits,"5142 COMMERCE AVE UNIT A, MOORPARK, CA, 93021",MOORPARK,CA,93021,CA-S-20578,1,Pressman Spirits MOORPARK California,"Pressman Spirits 5142 COMMERCE AVE UNIT A, MOORPARK, CA, 93021",TTB Spirits Producers and Bottlers List,https://www.ttb.gov/public-information/foia/list-of-permittees,2026-08-21,TTB Spirits Producers and Bottlers List: CA-S-20578,unreviewed
ca-ttb-6029ada6ff7a,Waterfowl Wine Company,DUCKHORN WINE COMPANY,Waterfowl Wine Company,"14100 MOUNTAIN HOUSE RD, HOPLAND, CA, 95449",HOPLAND,CA,95449,CA-S-20062,1,Waterfowl Wine Company HOPLAND California,"Waterfowl Wine Company 14100 MOUNTAIN HOUSE RD, HOPLAND, CA, 95449",TTB Spirits Producers and Bottlers List,https://www.ttb.gov/public-information/foia/list-of-permittees,2026-08-21,TTB Spirits Producers and Bottlers List: CA-S-20062,unreviewed
ca-ttb-604bc9607ef4,TWG Gonzales,THE WINE GROUP LLC,TWG Gonzales,"800 S ALTA ST, GONZALES, CA, 93926",GONZALES,CA,93926,CA-S-20546,1,TWG Gonzales GONZALES California,"TWG Gonzales 800 S ALTA ST, GONZALES, CA, 93926",TTB Spirits Producers and Bottlers List,https://www.ttb.gov/public-information/foia/list-of-permittees,2026-08-21,TTB Spirits Producers and Bottlers List: CA-S-20546,unreviewed
ca-ttb-6118f29aa2bb,Monteverdi Spirits,MONTEVERDI SPIRITS LLC,Monteverdi Spirits,"110 CAMINO ORUGA, NAPA, CA, 94558",NAPA,CA,94558,CA-S-20279,1,Monteverdi Spirits NAPA California,"Monteverdi Spirits 110 CAMINO ORUGA, NAPA, CA, 94558",TTB Spirits Producers and Bottlers List,https://www.ttb.gov/public-information/foia/list-of-permittees,2026-08-21,TTB Spirits Producers and Bottlers List: CA-S-20279,unreviewed
ca-ttb-6126911576b2,WE ARE WICKED LLC,WE ARE WICKED LLC,,"1735 NATIONAL AVE STE A, SAN DIEGO, CA, 92113",SAN DIEGO,CA,92113,CA-S-20514,1,WE ARE WICKED LLC SAN DIEGO California,"WE ARE WICKED LLC 1735 NATIONAL AVE STE A, SAN DIEGO, CA, 92113",TTB Spirits Producers and Bottlers List,https://www.ttb.gov/public-information/foia/list-of-permittees,2026-08-21,TTB Spirits Producers and Bottlers List: CA-S-20514,unreviewed
ca-ttb-6179daf6d119,Coastal Spirits LLC,COASTAL SPIRITS LLC,Coastal Spirits LLC,"110 GLENN WAY UNIT 2, SAN CARLOS, CA, 94070",SAN CARLOS,CA,94070,CA-S-20063,1,Coastal Spirits LLC SAN CARLOS California,"Coastal Spirits LLC 110 GLENN WAY UNIT 2, SAN CARLOS, CA, 94070",TTB Spirits Producers and Bottlers List,https://www.ttb.gov/public-information/foia/list-of-permittees,2026-08-21,TTB Spirits Producers and Bottlers List: CA-S-20063,unreviewed
ca-ttb-6199d37c831c,Marsella Family Vineyards,JOHN GREGORY MARSELLA,Marsella Family Vineyards,"13480 ORANGE BLOSSOM RD, OAKDALE, CA, 95361",OAKDALE,CA,95361,CA-S-20351,1,Marsella Family Vineyards OAKDALE California,"Marsella Family Vineyards 13480 ORANGE BLOSSOM RD, OAKDALE, CA, 95361",TTB Spirits Producers and Bottlers List,https://www.ttb.gov/public-information/foia/list-of-permittees,2026-08-21,TTB Spirits Producers and Bottlers List: CA-S-20351,unreviewed
ca-ttb-62a2e01f462c,LAKE BOTTOM BREWERY & DISTILLERY  LLC,LAKE BOTTOM BREWERY & DISTILLERY  LLC,,"1017 WHITLEY AVE, CORCORAN, CA, 93212",CORCORAN,CA,93212,CA-S-20229,1,LAKE BOTTOM BREWERY & DISTILLERY  LLC CORCORAN California,"LAKE BOTTOM BREWERY & DISTILLERY  LLC 1017 WHITLEY AVE, CORCORAN, CA, 93212",TTB Spirits Producers and Bottlers List,https://www.ttb.gov/public-information/foia/list-of-permittees,2026-08-21,TTB Spirits Producers and Bottlers List: CA-S-20229,unreviewed
ca-ttb-636ac0710b5d,TRINCHERO FAMILY ESTATES,"SUTTER HOME WINERY, INC.",TRINCHERO FAMILY ESTATES,"100 ST. HELENA HWY, SAINT HELENA, CA, 94574",SAINT HELENA,CA,94574,CA-S-310,1,TRINCHERO FAMILY ESTATES SAINT HELENA California,"TRINCHERO FAMILY ESTATES 100 ST. HELENA HWY, SAINT HELENA, CA, 94574",TTB Spirits Producers and Bottlers List,https://www.ttb.gov/public-information/foia/list-of-permittees,2026-08-21,TTB Spirits Producers and Bottlers List: CA-S-310,unreviewed
ca-ttb-636db093c0a5,Oceanside Distillers,"DS PROPERTY DEVELOPMENT, LLC",Oceanside Distillers,"3044 INDUSTRY ST STE 107, OCEANSIDE, CA, 92054",OCEANSIDE,CA,92054,CA-S-20121,1,Oceanside Distillers OCEANSIDE California,"Oceanside Distillers 3044 INDUSTRY ST STE 107, OCEANSIDE, CA, 92054",TTB Spirits Producers and Bottlers List,https://www.ttb.gov/public-information/foia/list-of-permittees,2026-08-21,TTB Spirits Producers and Bottlers List: CA-S-20121,unreviewed
ca-ttb-63dc8c94c221,Drakes Brewing Co.,"ARTISAN BREWERS, LLC",Drakes Brewing Co.,"2325 BROADWAY, OAKLAND, CA, 94612",OAKLAND,CA,94612,CA-S-20552,1,Drakes Brewing Co. OAKLAND California,"Drakes Brewing Co. 2325 BROADWAY, OAKLAND, CA, 94612",TTB Spirits Producers and Bottlers List,https://www.ttb.gov/public-information/foia/list-of-permittees,2026-08-21,TTB Spirits Producers and Bottlers List: CA-S-20552,unreviewed
ca-ttb-648760fa6cbd,Firelit Spirits,FIRELIT SPIRITS LLC,Firelit Spirits,"453 W GATEWAY RD, NAPA, CA, 94558",NAPA,CA,94558,CA-S-20030,1,Firelit Spirits NAPA California,"Firelit Spirits 453 W GATEWAY RD, NAPA, CA, 94558",TTB Spirits Producers and Bottlers List,https://www.ttb.gov/public-information/foia/list-of-permittees,2026-08-21,TTB Spirits Producers and Bottlers List: CA-S-20030,unreviewed
ca-ttb-6557982f18bd,"BRENNTAG PACIFIC, LLC","BRENNTAG PACIFIC, LLC",,"10747 PATTERSON PL, SANTA FE SPRINGS, CA, 90670",SANTA FE SPRINGS,CA,90670,CA-S-20584,1,"BRENNTAG PACIFIC, LLC SANTA FE SPRINGS California","BRENNTAG PACIFIC, LLC 10747 PATTERSON PL, SANTA FE SPRINGS, CA, 90670",TTB Spirits Producers and Bottlers List,https://www.ttb.gov/public-information/foia/list-of-permittees,2026-08-21,TTB Spirits Producers and Bottlers List: CA-S-20584,unreviewed
ca-ttb-65fff4a13fdf,Good Bev Co.,GOOD BEVERAGE COMPANY INCORPORATED,Good Bev Co.,"3010 E CORONADO ST UNIT B, ANAHEIM, CA, 92806",ANAHEIM,CA,92806,CA-S-20412,1,Good Bev Co. ANAHEIM California,"Good Bev Co. 3010 E CORONADO ST UNIT B, ANAHEIM, CA, 92806",TTB Spirits Producers and Bottlers List,https://www.ttb.gov/public-information/foia/list-of-permittees,2026-08-21,TTB Spirits Producers and Bottlers List: CA-S-20412,unreviewed
ca-ttb-661a11f99476,Birdview Estate & Distillery,BIRDVIEW ESTATE & DISTILLERY LLC,Birdview Estate & Distillery,"167 AVIADOR ST UNIT D, CAMARILLO, CA, 93010",CAMARILLO,CA,93010,CA-S-20034,1,Birdview Estate & Distillery CAMARILLO California,"Birdview Estate & Distillery 167 AVIADOR ST UNIT D, CAMARILLO, CA, 93010",TTB Spirits Producers and Bottlers List,https://www.ttb.gov/public-information/foia/list-of-permittees,2026-08-21,TTB Spirits Producers and Bottlers List: CA-S-20034,unreviewed
ca-ttb-66bf1abce536,Seven Stills Brewery and Distillery,"SEVEN STILLS, LLC",Seven Stills Brewery and Distillery,"1562 N SANTA FE AVE, VISTA, CA, 92083",VISTA,CA,92083,CA-S-20269,1,Seven Stills Brewery and Distillery VISTA California,"Seven Stills Brewery and Distillery 1562 N SANTA FE AVE, VISTA, CA, 92083",TTB Spirits Producers and Bottlers List,https://www.ttb.gov/public-information/foia/list-of-permittees,2026-08-21,TTB Spirits Producers and Bottlers List: CA-S-20269,unreviewed
ca-ttb-681f8d74b021,Desert Distilling,DESERT DISTILLING INC.,Desert Distilling,"34300 GATEWAY DR STE 100, PALM DESERT, CA, 92211",PALM DESERT,CA,92211,CA-S-20051,1,Desert Distilling PALM DESERT California,"Desert Distilling 34300 GATEWAY DR STE 100, PALM DESERT, CA, 92211",TTB Spirits Producers and Bottlers List,https://www.ttb.gov/public-information/foia/list-of-permittees,2026-08-21,TTB Spirits Producers and Bottlers List: CA-S-20051,unreviewed
ca-ttb-68230093b34e,"THE TRIPP DISTILLERY, LLC","THE TRIPP DISTILLERY, LLC",,"1121 PALMETTO AVE, PACIFICA, CA, 94044",PACIFICA,CA,94044,CA-S-20149,1,"THE TRIPP DISTILLERY, LLC PACIFICA California","THE TRIPP DISTILLERY, LLC 1121 PALMETTO AVE, PACIFICA, CA, 94044",TTB Spirits Producers and Bottlers List,https://www.ttb.gov/public-information/foia/list-of-permittees,2026-08-21,TTB Spirits Producers and Bottlers List: CA-S-20149,unreviewed
ca-ttb-684fadfab517,AMERICAN CRAFT WHISKEY DISTILLERY,"TAMAR DISTILLERY, INC.",AMERICAN CRAFT WHISKEY DISTILLERY,"1110 BEL ARBRES DR #D, REDWOOD VALLEY, CA, 95470",REDWOOD VALLEY,CA,95470,CA-S-15091,1,AMERICAN CRAFT WHISKEY DISTILLERY REDWOOD VALLEY California,"AMERICAN CRAFT WHISKEY DISTILLERY 1110 BEL ARBRES DR #D, REDWOOD VALLEY, CA, 95470",TTB Spirits Producers and Bottlers List,https://www.ttb.gov/public-information/foia/list-of-permittees,2026-08-21,TTB Spirits Producers and Bottlers List: CA-S-15091,unreviewed
ca-ttb-685aca517f5e,DENNY BAR COMPANY LLC,DENNY BAR COMPANY LLC,,"511 MAIN ST, ETNA, CA, 96027",ETNA,CA,96027,CA-S-20163,1,DENNY BAR COMPANY LLC ETNA California,"DENNY BAR COMPANY LLC 511 MAIN ST, ETNA, CA, 96027",TTB Spirits Producers and Bottlers List,https://www.ttb.gov/public-information/foia/list-of-permittees,2026-08-21,TTB Spirits Producers and Bottlers List: CA-S-20163,unreviewed
ca-ttb-689ff3b5e188,SIDDIQUI RUMS CORPORATION,SIDDIQUI RUMS CORPORATION,,"5900 PRUITT AVE UNIT 404, WINDSOR, CA, 95492",WINDSOR,CA,95492,CA-S-20146,1,SIDDIQUI RUMS CORPORATION WINDSOR California,"SIDDIQUI RUMS CORPORATION 5900 PRUITT AVE UNIT 404, WINDSOR, CA, 95492",TTB Spirits Producers and Bottlers List,https://www.ttb.gov/public-information/foia/list-of-permittees,2026-08-21,TTB Spirits Producers and Bottlers List: CA-S-20146,unreviewed
ca-ttb-694de5d0bedc,"JPB ROCKIN RUM, LLC","JPB ROCKIN RUM, LLC",,"2525 PIONEER AVE UNIT 3, VISTA, CA, 92081",VISTA,CA,92081,CA-S-20197,1,"JPB ROCKIN RUM, LLC VISTA California","JPB ROCKIN RUM, LLC 2525 PIONEER AVE UNIT 3, VISTA, CA, 92081",TTB Spirits Producers and Bottlers List,https://www.ttb.gov/public-information/foia/list-of-permittees,2026-08-21,TTB Spirits Producers and Bottlers List: CA-S-20197,unreviewed
ca-ttb-698490ec9f93,"BLINKING OWL DISTILLERY, LLC","BLINKING OWL DISTILLERY, LLC",,"802 E WASHINGTON AVE, SANTA ANA, CA, 92701",SANTA ANA,CA,92701,CA-S-20119,1,"BLINKING OWL DISTILLERY, LLC SANTA ANA California","BLINKING OWL DISTILLERY, LLC 802 E WASHINGTON AVE, SANTA ANA, CA, 92701",TTB Spirits Producers and Bottlers List,https://www.ttb.gov/public-information/foia/list-of-permittees,2026-08-21,TTB Spirits Producers and Bottlers List: CA-S-20119,unreviewed
ca-ttb-6a728ec02e4d,STAGLIN FAMILY VINEYARD LLC,STAGLIN FAMILY VINEYARD LLC,,"1570 BELLA OAKS LN, RUTHERFORD, CA, 94573",RUTHERFORD,CA,94573,CA-S-15010,1,STAGLIN FAMILY VINEYARD LLC RUTHERFORD California,"STAGLIN FAMILY VINEYARD LLC 1570 BELLA OAKS LN, RUTHERFORD, CA, 94573",TTB Spirits Producers and Bottlers List,https://www.ttb.gov/public-information/foia/list-of-permittees,2026-08-21,TTB Spirits Producers and Bottlers List: CA-S-15010,unreviewed
ca-ttb-6af2032314df,TREFETHEN VINEYARDS,"TREFETHEN FAMILY WINERY, LLC",TREFETHEN VINEYARDS,"1160 OAK KNOLL AVE, NAPA, CA, 94558",NAPA,CA,94558,CA-S-15151,1,TREFETHEN VINEYARDS NAPA California,"TREFETHEN VINEYARDS 1160 OAK KNOLL AVE, NAPA, CA, 94558",TTB Spirits Producers and Bottlers List,https://www.ttb.gov/public-information/foia/list-of-permittees,2026-08-21,TTB Spirits Producers and Bottlers List: CA-S-15151,unreviewed
ca-ttb-6c68b7da25f2,"UBLENDIT, INC.","UBLENDIT, INC.",,"440 KINGS VILLAGE RD BLDG 8 STE 8-2A & 8-2, SCOTTS VALLEY, CA, 95066",SCOTTS VALLEY,CA,95066,CA-S-20386,1,"UBLENDIT, INC. SCOTTS VALLEY California","UBLENDIT, INC. 440 KINGS VILLAGE RD BLDG 8 STE 8-2A & 8-2, SCOTTS VALLEY, CA, 95066",TTB Spirits Producers and Bottlers List,https://www.ttb.gov/public-information/foia/list-of-permittees,2026-08-21,TTB Spirits Producers and Bottlers List: CA-S-20386,unreviewed
ca-ttb-6cfec168596c,Helms Brewing Company,"HELM'S BREWING COMPANY, LLC",Helms Brewing Company,"5640 KEARNY MESA RD STE C, SAN DIEGO, CA, 92111",SAN DIEGO,CA,92111,CA-S-20285,1,Helms Brewing Company SAN DIEGO California,"Helms Brewing Company 5640 KEARNY MESA RD STE C, SAN DIEGO, CA, 92111",TTB Spirits Producers and Bottlers List,https://www.ttb.gov/public-information/foia/list-of-permittees,2026-08-21,TTB Spirits Producers and Bottlers List: CA-S-20285,unreviewed
ca-ttb-6d959a49845c,The St. Barts Spirit Company,ST. BARTS SPIRIT COMPANY,The St. Barts Spirit Company,"201 DEVLIN RD, NAPA, CA, 94558",NAPA,CA,94558,CA-S-20297,1,The St. Barts Spirit Company NAPA California,"The St. Barts Spirit Company 201 DEVLIN RD, NAPA, CA, 94558",TTB Spirits Producers and Bottlers List,https://www.ttb.gov/public-information/foia/list-of-permittees,2026-08-21,TTB Spirits Producers and Bottlers List: CA-S-20297,unreviewed
ca-ttb-6dd2e38a1add,OPOLO WINES,"OPOLO WINES, LP, OPOLO MANAGEMENT LLC, GP",OPOLO WINES,"7110 VINEYARD DR, PASO ROBLES, CA, 93446",PASO ROBLES,CA,93446,CA-S-15136,1,OPOLO WINES PASO ROBLES California,"OPOLO WINES 7110 VINEYARD DR, PASO ROBLES, CA, 93446",TTB Spirits Producers and Bottlers List,https://www.ttb.gov/public-information/foia/list-of-permittees,2026-08-21,TTB Spirits Producers and Bottlers List: CA-S-15136,unreviewed
ca-ttb-6e332d5315a1,THE GOLD BAR SPIRITS COMPANY INC.,THE GOLD BAR SPIRITS COMPANY INC.,,"750 6TH ST STE G, SAN FRANCISCO, CA, 94130",SAN FRANCISCO,CA,94130,CA-S-20277,1,THE GOLD BAR SPIRITS COMPANY INC. SAN FRANCISCO California,"THE GOLD BAR SPIRITS COMPANY INC. 750 6TH ST STE G, SAN FRANCISCO, CA, 94130",TTB Spirits Producers and Bottlers List,https://www.ttb.gov/public-information/foia/list-of-permittees,2026-08-21,TTB Spirits Producers and Bottlers List: CA-S-20277,unreviewed
ca-ttb-6e40d428aae5,NAPA CRU LLC,NAPA CRU LLC,,"1735 ACTION AVE STE B, NAPA, CA, 94559",NAPA,CA,94559,CA-S-20466,1,NAPA CRU LLC NAPA California,"NAPA CRU LLC 1735 ACTION AVE STE B, NAPA, CA, 94559",TTB Spirits Producers and Bottlers List,https://www.ttb.gov/public-information/foia/list-of-permittees,2026-08-21,TTB Spirits Producers and Bottlers List: CA-S-20466,unreviewed
ca-ttb-6e520dd4cf7f,J. LOHR WINERY CORPORATION,J. LOHR WINERY CORPORATION,,"6169 AIRPORT RD, PASO ROBLES, CA, 93446",PASO ROBLES,CA,93446,CA-S-341,1,J. LOHR WINERY CORPORATION PASO ROBLES California,"J. LOHR WINERY CORPORATION 6169 AIRPORT RD, PASO ROBLES, CA, 93446",TTB Spirits Producers and Bottlers List,https://www.ttb.gov/public-information/foia/list-of-permittees,2026-08-21,TTB Spirits Producers and Bottlers List: CA-S-341,unreviewed
ca-ttb-6fac1ee7cc6c,Goleta Red Distilling Company,REDHEAD SPIRITS LLC,Goleta Red Distilling Company,"93 CASTILIAN DR, GOLETA, CA, 93117",GOLETA,CA,93117,CA-S-20173,1,Goleta Red Distilling Company GOLETA California,"Goleta Red Distilling Company 93 CASTILIAN DR, GOLETA, CA, 93117",TTB Spirits Producers and Bottlers List,https://www.ttb.gov/public-information/foia/list-of-permittees,2026-08-21,TTB Spirits Producers and Bottlers List: CA-S-20173,unreviewed
ca-ttb-6fb94c1abed7,Pono Pacific Kitchen,PONO PACIFIC KITCHEN LLC,Pono Pacific Kitchen,"214 W GRAND AVE STE C, GROVER BEACH, CA, 93433",GROVER BEACH,CA,93433,CA-S-20533,1,Pono Pacific Kitchen GROVER BEACH California,"Pono Pacific Kitchen 214 W GRAND AVE STE C, GROVER BEACH, CA, 93433",TTB Spirits Producers and Bottlers List,https://www.ttb.gov/public-information/foia/list-of-permittees,2026-08-21,TTB Spirits Producers and Bottlers List: CA-S-20533,unreviewed
ca-ttb-70c312ca344f,"SPIRIT GUIDES, INC.","SPIRIT GUIDES, INC.",,"1431 TRUMAN ST STE J, SAN FERNANDO, CA, 91340",SAN FERNANDO,CA,91340,CA-S-20488,1,"SPIRIT GUIDES, INC. SAN FERNANDO California","SPIRIT GUIDES, INC. 1431 TRUMAN ST STE J, SAN FERNANDO, CA, 91340",TTB Spirits Producers and Bottlers List,https://www.ttb.gov/public-information/foia/list-of-permittees,2026-08-21,TTB Spirits Producers and Bottlers List: CA-S-20488,unreviewed
ca-ttb-70c70a097491,Fall,"BREWERY AT THE TOP OF THE MOUNTAIN, LLC",Fall,"9550 DISTRIBUTION AVE, SAN DIEGO, CA, 92121",SAN DIEGO,CA,92121,CA-S-20583,1,Fall SAN DIEGO California,"Fall 9550 DISTRIBUTION AVE, SAN DIEGO, CA, 92121",TTB Spirits Producers and Bottlers List,https://www.ttb.gov/public-information/foia/list-of-permittees,2026-08-21,TTB Spirits Producers and Bottlers List: CA-S-20583,unreviewed
ca-ttb-719c8b6e803e,Heads and Tails Barbecue,HEADS AND TAILS BARBECUE LLC,Heads and Tails Barbecue,"2121 SAN PABLO AVE, BERKELEY, CA, 94702",BERKELEY,CA,94702,CA-S-20497,1,Heads and Tails Barbecue BERKELEY California,"Heads and Tails Barbecue 2121 SAN PABLO AVE, BERKELEY, CA, 94702",TTB Spirits Producers and Bottlers List,https://www.ttb.gov/public-information/foia/list-of-permittees,2026-08-21,TTB Spirits Producers and Bottlers List: CA-S-20497,unreviewed
ca-ttb-71ec5e4a4c76,THE CRAC BREWERY AND GRUB LLC,THE CRAC BREWERY AND GRUB LLC,,"117 E 162ND ST, GARDENA, CA, 90248",GARDENA,CA,90248,CA-S-20329,1,THE CRAC BREWERY AND GRUB LLC GARDENA California,"THE CRAC BREWERY AND GRUB LLC 117 E 162ND ST, GARDENA, CA, 90248",TTB Spirits Producers and Bottlers List,https://www.ttb.gov/public-information/foia/list-of-permittees,2026-08-21,TTB Spirits Producers and Bottlers List: CA-S-20329,unreviewed
ca-ttb-7298b5621b47,PREVAIL WINERY,"FOLEY FAMILY WINES, INC.",PREVAIL WINERY,"2450 HIGHWAY 128, GEYSERVILLE, CA, 95441",GEYSERVILLE,CA,95441,CA-S-20336,1,PREVAIL WINERY GEYSERVILLE California,"PREVAIL WINERY 2450 HIGHWAY 128, GEYSERVILLE, CA, 95441",TTB Spirits Producers and Bottlers List,https://www.ttb.gov/public-information/foia/list-of-permittees,2026-08-21,TTB Spirits Producers and Bottlers List: CA-S-20336,unreviewed
ca-ttb-729ba44df580,"BIG BRANDS ALCOHOLIC CO PACKING, LLC","BIG BRANDS ALCOHOLIC CO PACKING, LLC",,"490 3RD ST, LAKE ELSINORE, CA, 92530",LAKE ELSINORE,CA,92530,CA-S-20353,1,"BIG BRANDS ALCOHOLIC CO PACKING, LLC LAKE ELSINORE California","BIG BRANDS ALCOHOLIC CO PACKING, LLC 490 3RD ST, LAKE ELSINORE, CA, 92530",TTB Spirits Producers and Bottlers List,https://www.ttb.gov/public-information/foia/list-of-permittees,2026-08-21,TTB Spirits Producers and Bottlers List: CA-S-20353,unreviewed
ca-ttb-72b98908e9c8,"BRUTOCAO CELLARS, BRUTOCAO FAMILY ENTERPRISES, LLC, GP, BRUTOCAO","BRUTOCAO CELLARS, BRUTOCAO FAMILY ENTERPRISES, LLC, GP, BRUTOCAO",,"1400 HIGHWAY 175, HOPLAND, CA, 95449",HOPLAND,CA,95449,CA-S-15137,1,"BRUTOCAO CELLARS, BRUTOCAO FAMILY ENTERPRISES, LLC, GP, BRUTOCAO HOPLAND California","BRUTOCAO CELLARS, BRUTOCAO FAMILY ENTERPRISES, LLC, GP, BRUTOCAO 1400 HIGHWAY 175, HOPLAND, CA, 95449",TTB Spirits Producers and Bottlers List,https://www.ttb.gov/public-information/foia/list-of-permittees,2026-08-21,TTB Spirits Producers and Bottlers List: CA-S-15137,unreviewed
ca-ttb-741e01caa5e2,COLD COCKED BEVERAGE COMPANY,COLD COCKED BEVERAGES LLC,COLD COCKED BEVERAGE COMPANY,"2020 DENNISON ST STE 11, OAKLAND, CA, 94606",OAKLAND,CA,94606,CA-S-15090,1,COLD COCKED BEVERAGE COMPANY OAKLAND California,"COLD COCKED BEVERAGE COMPANY 2020 DENNISON ST STE 11, OAKLAND, CA, 94606",TTB Spirits Producers and Bottlers List,https://www.ttb.gov/public-information/foia/list-of-permittees,2026-08-21,TTB Spirits Producers and Bottlers List: CA-S-15090,unreviewed
ca-ttb-745064f61274,Joseph Cellars Winery,"J. CELLARS INVESTMENTS, LLC",Joseph Cellars Winery,"4455 N ST HELENA HWY, CALISTOGA, CA, 94515",CALISTOGA,CA,94515,CA-S-20433,1,Joseph Cellars Winery CALISTOGA California,"Joseph Cellars Winery 4455 N ST HELENA HWY, CALISTOGA, CA, 94515",TTB Spirits Producers and Bottlers List,https://www.ttb.gov/public-information/foia/list-of-permittees,2026-08-21,TTB Spirits Producers and Bottlers List: CA-S-20433,unreviewed
ca-ttb-7455287e520e,WENTE BROS.,WENTE BROS.,,"5565 TESLA RD, LIVERMORE, CA, 94550",LIVERMORE,CA,94550,CA-S-338,1,WENTE BROS. LIVERMORE California,"WENTE BROS. 5565 TESLA RD, LIVERMORE, CA, 94550",TTB Spirits Producers and Bottlers List,https://www.ttb.gov/public-information/foia/list-of-permittees,2026-08-21,TTB Spirits Producers and Bottlers List: CA-S-338,unreviewed
ca-ttb-751abc631f0d,Alamitos Vineyards,"ALAMITOS VINEYARDS, INC.",Alamitos Vineyards,"23505 ALAMITOS RD, SAN JOSE, CA, 95120",SAN JOSE,CA,95120,CA-S-20354,1,Alamitos Vineyards SAN JOSE California,"Alamitos Vineyards 23505 ALAMITOS RD, SAN JOSE, CA, 95120",TTB Spirits Producers and Bottlers List,https://www.ttb.gov/public-information/foia/list-of-permittees,2026-08-21,TTB Spirits Producers and Bottlers List: CA-S-20354,unreviewed
ca-ttb-770581ba2e0d,"LONGCREAUX DISTILLING CO., LLC","LONGCREAUX DISTILLING CO., LLC",,"12807 LONE STAR RD, AUBURN, CA, 95602",AUBURN,CA,95602,CA-S-20179,1,"LONGCREAUX DISTILLING CO., LLC AUBURN California","LONGCREAUX DISTILLING CO., LLC 12807 LONE STAR RD, AUBURN, CA, 95602",TTB Spirits Producers and Bottlers List,https://www.ttb.gov/public-information/foia/list-of-permittees,2026-08-21,TTB Spirits Producers and Bottlers List: CA-S-20179,unreviewed
ca-ttb-78801922f7ea,"Barrel Brothers Brewing Company, LLC","BARREL BROTHERS BREWING COMPANY, LLC","Barrel Brothers Brewing Company, LLC","399 BUSINESS PARK CT STE 506, WINDSOR, CA, 95492",WINDSOR,CA,95492,CA-S-20323,1,"Barrel Brothers Brewing Company, LLC WINDSOR California","Barrel Brothers Brewing Company, LLC 399 BUSINESS PARK CT STE 506, WINDSOR, CA, 95492",TTB Spirits Producers and Bottlers List,https://www.ttb.gov/public-information/foia/list-of-permittees,2026-08-21,TTB Spirits Producers and Bottlers List: CA-S-20323,unreviewed
ca-ttb-78c07792eca8,Lompoc Wine Factory,STEPHEN BRIDGE,Lompoc Wine Factory,"321 D ST, LOMPOC, CA, 93436",LOMPOC,CA,93436,CA-S-20271,1,Lompoc Wine Factory LOMPOC California,"Lompoc Wine Factory 321 D ST, LOMPOC, CA, 93436",TTB Spirits Producers and Bottlers List,https://www.ttb.gov/public-information/foia/list-of-permittees,2026-08-21,TTB Spirits Producers and Bottlers List: CA-S-20271,unreviewed
ca-ttb-7928f7b95693,"SNOW-LINE ORCHARD, LLC","SNOW-LINE ORCHARD, LLC",,"39400 OAK GLEN RD, YUCAIPA, CA, 92399",YUCAIPA,CA,92399,CA-S-20133,1,"SNOW-LINE ORCHARD, LLC YUCAIPA California","SNOW-LINE ORCHARD, LLC 39400 OAK GLEN RD, YUCAIPA, CA, 92399",TTB Spirits Producers and Bottlers List,https://www.ttb.gov/public-information/foia/list-of-permittees,2026-08-21,TTB Spirits Producers and Bottlers List: CA-S-20133,unreviewed
ca-ttb-7975cbcec5c0,NEW DIRECTION FOODS INC.,NEW DIRECTION FOODS INC.,,"16321 GOTHARD ST STE D, HUNTINGTON BEACH, CA, 92647",HUNTINGTON BEACH,CA,92647,CA-S-20196,1,NEW DIRECTION FOODS INC. HUNTINGTON BEACH California,"NEW DIRECTION FOODS INC. 16321 GOTHARD ST STE D, HUNTINGTON BEACH, CA, 92647",TTB Spirits Producers and Bottlers List,https://www.ttb.gov/public-information/foia/list-of-permittees,2026-08-21,TTB Spirits Producers and Bottlers List: CA-S-20196,unreviewed
ca-ttb-7a82c09c3631,CALIFORNIA NATURAL PRODUCTS,CALIFORNIA NATURAL PRODUCTS,,"1250 E LATHROP RD, LATHROP, CA, 95330",LATHROP,CA,95330,CA-S-15095,1,CALIFORNIA NATURAL PRODUCTS LATHROP California,"CALIFORNIA NATURAL PRODUCTS 1250 E LATHROP RD, LATHROP, CA, 95330",TTB Spirits Producers and Bottlers List,https://www.ttb.gov/public-information/foia/list-of-permittees,2026-08-21,TTB Spirits Producers and Bottlers List: CA-S-15095,unreviewed
ca-ttb-7bba5121bef6,"JEWELL DISTILLERY, INC.","JEWELL DISTILLERY, INC.",,"120 MONDA WAY UNIT C, BLUE LAKE, CA, 95525",BLUE LAKE,CA,95525,CA-S-20102,1,"JEWELL DISTILLERY, INC. BLUE LAKE California","JEWELL DISTILLERY, INC. 120 MONDA WAY UNIT C, BLUE LAKE, CA, 95525",TTB Spirits Producers and Bottlers List,https://www.ttb.gov/public-information/foia/list-of-permittees,2026-08-21,TTB Spirits Producers and Bottlers List: CA-S-20102,unreviewed
ca-ttb-7bc94156116c,"SLO GENERAL STORE, LLC","SLO GENERAL STORE, LLC",,"3845 S HIGUERA ST STE 114, SAN LUIS OBISPO, CA, 93401",SAN LUIS OBISPO,CA,93401,CA-S-20536,1,"SLO GENERAL STORE, LLC SAN LUIS OBISPO California","SLO GENERAL STORE, LLC 3845 S HIGUERA ST STE 114, SAN LUIS OBISPO, CA, 93401",TTB Spirits Producers and Bottlers List,https://www.ttb.gov/public-information/foia/list-of-permittees,2026-08-21,TTB Spirits Producers and Bottlers List: CA-S-20536,unreviewed
ca-ttb-7bcd9718e947,MOSSWOOD DISTILLERS INC.,MOSSWOOD DISTILLERS INC.,,"2619 7TH ST STE A, BERKELEY, CA, 94710",BERKELEY,CA,94710,CA-S-20025,1,MOSSWOOD DISTILLERS INC. BERKELEY California,"MOSSWOOD DISTILLERS INC. 2619 7TH ST STE A, BERKELEY, CA, 94710",TTB Spirits Producers and Bottlers List,https://www.ttb.gov/public-information/foia/list-of-permittees,2026-08-21,TTB Spirits Producers and Bottlers List: CA-S-20025,unreviewed
ca-ttb-7be04b67237e,CHATEAUNEUF-DU-FARGOSONINI LLC,CHATEAUNEUF-DU-FARGOSONINI LLC,,"14480 E ANNADALE AVE, SANGER, CA, 93657",SANGER,CA,93657,CA-S-20444,1,CHATEAUNEUF-DU-FARGOSONINI LLC SANGER California,"CHATEAUNEUF-DU-FARGOSONINI LLC 14480 E ANNADALE AVE, SANGER, CA, 93657",TTB Spirits Producers and Bottlers List,https://www.ttb.gov/public-information/foia/list-of-permittees,2026-08-21,TTB Spirits Producers and Bottlers List: CA-S-20444,unreviewed
ca-ttb-7cd5f79b5d5c,HERETIC BREWING COMPANY,HERETIC BREWING COMPANY,,"1052 HORIZON DR STE A, B, C, FAIRFIELD, CA, 94533",FAIRFIELD,CA,94533,CA-S-20159,1,HERETIC BREWING COMPANY FAIRFIELD California,"HERETIC BREWING COMPANY 1052 HORIZON DR STE A, B, C, FAIRFIELD, CA, 94533",TTB Spirits Producers and Bottlers List,https://www.ttb.gov/public-information/foia/list-of-permittees,2026-08-21,TTB Spirits Producers and Bottlers List: CA-S-20159,unreviewed
ca-ttb-7d0f43b82198,"ROCKY'S RIDGE VINEYARD,LLC","ROCKY'S RIDGE VINEYARD,LLC",,"22522 STATE HWY 299, BLUE LAKE, CA, 95525",BLUE LAKE,CA,95525,CA-S-20026,1,"ROCKY'S RIDGE VINEYARD,LLC BLUE LAKE California","ROCKY'S RIDGE VINEYARD,LLC 22522 STATE HWY 299, BLUE LAKE, CA, 95525",TTB Spirits Producers and Bottlers List,https://www.ttb.gov/public-information/foia/list-of-permittees,2026-08-21,TTB Spirits Producers and Bottlers List: CA-S-20026,unreviewed
ca-ttb-7d24d0786e13,"MOUNTAIN HOUSE DISTILLERY, LLC","MOUNTAIN HOUSE DISTILLERY, LLC",,"33714 HIGHWAY 128, CLOVERDALE, CA, 95425",CLOVERDALE,CA,95425,CA-S-20573,1,"MOUNTAIN HOUSE DISTILLERY, LLC CLOVERDALE California","MOUNTAIN HOUSE DISTILLERY, LLC 33714 HIGHWAY 128, CLOVERDALE, CA, 95425",TTB Spirits Producers and Bottlers List,https://www.ttb.gov/public-information/foia/list-of-permittees,2026-08-21,TTB Spirits Producers and Bottlers List: CA-S-20573,unreviewed
ca-ttb-7d578a5dc6e7,JottShots!,"STUPID GOOD BEVERAGE COMPANY, LLC",JottShots!,"2568 CHANNEL DR STE A, VENTURA, CA, 93003",VENTURA,CA,93003,CA-S-20069,1,JottShots! VENTURA California,"JottShots! 2568 CHANNEL DR STE A, VENTURA, CA, 93003",TTB Spirits Producers and Bottlers List,https://www.ttb.gov/public-information/foia/list-of-permittees,2026-08-21,TTB Spirits Producers and Bottlers List: CA-S-20069,unreviewed
ca-ttb-7d9b744974f7,California Tacos Cantina & Distillery,MICHAEL EDWARDS ENTERPRISE LLC,California Tacos Cantina & Distillery,"110 TANK FARM RD BLDG 6 STE 110 & 120, SAN LUIS OBISPO, CA, 93401",SAN LUIS OBISPO,CA,93401,CA-S-20365,1,California Tacos Cantina & Distillery SAN LUIS OBISPO California,"California Tacos Cantina & Distillery 110 TANK FARM RD BLDG 6 STE 110 & 120, SAN LUIS OBISPO, CA, 93401",TTB Spirits Producers and Bottlers List,https://www.ttb.gov/public-information/foia/list-of-permittees,2026-08-21,TTB Spirits Producers and Bottlers List: CA-S-20365,unreviewed
ca-ttb-7db59095eb0e,Nixtaco Mexican Kitchen & Distillery,NIXTACO,Nixtaco Mexican Kitchen & Distillery,"1805 CIRBY WAY STE 12, ROSEVILLE, CA, 95661",ROSEVILLE,CA,95661,CA-S-20294,1,Nixtaco Mexican Kitchen & Distillery ROSEVILLE California,"Nixtaco Mexican Kitchen & Distillery 1805 CIRBY WAY STE 12, ROSEVILLE, CA, 95661",TTB Spirits Producers and Bottlers List,https://www.ttb.gov/public-information/foia/list-of-permittees,2026-08-21,TTB Spirits Producers and Bottlers List: CA-S-20294,unreviewed
ca-ttb-7e11574d6012,AMERICAN OUTLAW SPIRITS INCORPORATED,AMERICAN OUTLAW SPIRITS INCORPORATED,,"10810 INLAND AVE, MIRA LOMA, CA, 91752",MIRA LOMA,CA,91752,CA-S-20169,1,AMERICAN OUTLAW SPIRITS INCORPORATED MIRA LOMA California,"AMERICAN OUTLAW SPIRITS INCORPORATED 10810 INLAND AVE, MIRA LOMA, CA, 91752",TTB Spirits Producers and Bottlers List,https://www.ttb.gov/public-information/foia/list-of-permittees,2026-08-21,TTB Spirits Producers and Bottlers List: CA-S-20169,unreviewed
ca-ttb-7eeb7f780be7,ELIQS WEST COAST SPIRITS LLC,ELIQS WEST COAST SPIRITS LLC,,"411 W 157TH ST, GARDENA, CA, 90248",GARDENA,CA,90248,CA-S-20430,1,ELIQS WEST COAST SPIRITS LLC GARDENA California,"ELIQS WEST COAST SPIRITS LLC 411 W 157TH ST, GARDENA, CA, 90248",TTB Spirits Producers and Bottlers List,https://www.ttb.gov/public-information/foia/list-of-permittees,2026-08-21,TTB Spirits Producers and Bottlers List: CA-S-20430,unreviewed
ca-ttb-7f12d3533fe4,Frank Family Vineyards,TREASURY WINE ESTATES AMERICAS COMPANY,Frank Family Vineyards,"1091 LARKMEAD LN, CALISTOGA, CA, 94515",CALISTOGA,CA,94515,CA-S-20532,1,Frank Family Vineyards CALISTOGA California,"Frank Family Vineyards 1091 LARKMEAD LN, CALISTOGA, CA, 94515",TTB Spirits Producers and Bottlers List,https://www.ttb.gov/public-information/foia/list-of-permittees,2026-08-21,TTB Spirits Producers and Bottlers List: CA-S-20532,unreviewed
ca-ttb-7f7a71c9e372,COHOL LLC,COHOL LLC,,"2823 OFFICE CT, ROSAMOND, CA, 93560",ROSAMOND,CA,93560,CA-S-20076,1,COHOL LLC ROSAMOND California,"COHOL LLC 2823 OFFICE CT, ROSAMOND, CA, 93560",TTB Spirits Producers and Bottlers List,https://www.ttb.gov/public-information/foia/list-of-permittees,2026-08-21,TTB Spirits Producers and Bottlers List: CA-S-20076,unreviewed
ca-ttb-80c2822ed576,HENDO'S BREWING AND SPIRITS LLC,HENDO'S BREWING AND SPIRITS LLC,,"27901 JEFFERSON AVE, TEMECULA, CA, 92590",TEMECULA,CA,92590,CA-S-20506,1,HENDO'S BREWING AND SPIRITS LLC TEMECULA California,"HENDO'S BREWING AND SPIRITS LLC 27901 JEFFERSON AVE, TEMECULA, CA, 92590",TTB Spirits Producers and Bottlers List,https://www.ttb.gov/public-information/foia/list-of-permittees,2026-08-21,TTB Spirits Producers and Bottlers List: CA-S-20506,unreviewed
ca-ttb-81434a5332f1,"SAVANNAH-CHANELLE VINEYARDS, INC.","SAVANNAH-CHANELLE VINEYARDS, INC.",,"23600 CONGRESS SPRINGS RD, SARATOGA, CA, 95070",SARATOGA,CA,95070,CA-S-15008,1,"SAVANNAH-CHANELLE VINEYARDS, INC. SARATOGA California","SAVANNAH-CHANELLE VINEYARDS, INC. 23600 CONGRESS SPRINGS RD, SARATOGA, CA, 95070",TTB Spirits Producers and Bottlers List,https://www.ttb.gov/public-information/foia/list-of-permittees,2026-08-21,TTB Spirits Producers and Bottlers List: CA-S-15008,unreviewed
ca-ttb-8226104697b2,"SEPCO DISTRIBUTION, INC.","SEPCO DISTRIBUTION, INC.",,"241 PRADO RD STE B, SAN LUIS OBISPO, CA, 93401",SAN LUIS OBISPO,CA,93401,CA-S-20344,1,"SEPCO DISTRIBUTION, INC. SAN LUIS OBISPO California","SEPCO DISTRIBUTION, INC. 241 PRADO RD STE B, SAN LUIS OBISPO, CA, 93401",TTB Spirits Producers and Bottlers List,https://www.ttb.gov/public-information/foia/list-of-permittees,2026-08-21,TTB Spirits Producers and Bottlers List: CA-S-20344,unreviewed
ca-ttb-823e8b4adc5b,REINSTEIN RANCH LLC,REINSTEIN RANCH LLC,,"8201 HIGHLAND RD, LIVERMORE, CA, 94551",LIVERMORE,CA,94551,CA-S-20223,1,REINSTEIN RANCH LLC LIVERMORE California,"REINSTEIN RANCH LLC 8201 HIGHLAND RD, LIVERMORE, CA, 94551",TTB Spirits Producers and Bottlers List,https://www.ttb.gov/public-information/foia/list-of-permittees,2026-08-21,TTB Spirits Producers and Bottlers List: CA-S-20223,unreviewed
ca-ttb-8272fe144e66,G.V. THREE INTERNATIONAL,G. ROTTIE ENTERTAINMENT INC.,G.V. THREE INTERNATIONAL,"3822 W 139TH ST 20, HAWTHORNE, CA, 90250",HAWTHORNE,CA,90250,CA-S-15023,1,G.V. THREE INTERNATIONAL HAWTHORNE California,"G.V. THREE INTERNATIONAL 3822 W 139TH ST 20, HAWTHORNE, CA, 90250",TTB Spirits Producers and Bottlers List,https://www.ttb.gov/public-information/foia/list-of-permittees,2026-08-21,TTB Spirits Producers and Bottlers List: CA-S-15023,unreviewed
ca-ttb-82a040657b91,TREANA WINERY,TREANA WINERY LLC,TREANA WINERY,"4280 SECONDWIND WAY, PASO ROBLES, CA, 93447",PASO ROBLES,CA,93447,CA-S-15028,1,TREANA WINERY PASO ROBLES California,"TREANA WINERY 4280 SECONDWIND WAY, PASO ROBLES, CA, 93447",TTB Spirits Producers and Bottlers List,https://www.ttb.gov/public-information/foia/list-of-permittees,2026-08-21,TTB Spirits Producers and Bottlers List: CA-S-15028,unreviewed
ca-ttb-836401e8d80b,Hotel Cerro San Luis Obispo,"AZ CONCESSIONS, LLC",Hotel Cerro San Luis Obispo,"1119 GARDEN ST, SAN LUIS OBISPO, CA, 93401",SAN LUIS OBISPO,CA,93401,CA-S-20527,1,Hotel Cerro San Luis Obispo SAN LUIS OBISPO California,"Hotel Cerro San Luis Obispo 1119 GARDEN ST, SAN LUIS OBISPO, CA, 93401",TTB Spirits Producers and Bottlers List,https://www.ttb.gov/public-information/foia/list-of-permittees,2026-08-21,TTB Spirits Producers and Bottlers List: CA-S-20527,unreviewed
ca-ttb-839cf81118c6,SYMRISE INC.,SYMRISE INC.,,"332 FOREST AVE STE 5 & 7, LAGUNA BEACH, CA, 92651",LAGUNA BEACH,CA,92651,CA-S-20529,1,SYMRISE INC. LAGUNA BEACH California,"SYMRISE INC. 332 FOREST AVE STE 5 & 7, LAGUNA BEACH, CA, 92651",TTB Spirits Producers and Bottlers List,https://www.ttb.gov/public-information/foia/list-of-permittees,2026-08-21,TTB Spirits Producers and Bottlers List: CA-S-20529,unreviewed
ca-ttb-83b1c3603211,Ledson Winery & Vineyards,"LEDSON WINERY, LLC",Ledson Winery & Vineyards,"21692 8TH ST E STE 120, SONOMA, CA, 95476",SONOMA,CA,95476,CA-S-20513,1,Ledson Winery & Vineyards SONOMA California,"Ledson Winery & Vineyards 21692 8TH ST E STE 120, SONOMA, CA, 95476",TTB Spirits Producers and Bottlers List,https://www.ttb.gov/public-information/foia/list-of-permittees,2026-08-21,TTB Spirits Producers and Bottlers List: CA-S-20513,unreviewed
ca-ttb-8522de902d27,"SKYROCKET DISTILLERS, LLC","SKYROCKET DISTILLERS, LLC",,"44075 SANDIA CREEK DR, TEMECULA, CA, 92590",TEMECULA,CA,92590,CA-S-15000,1,"SKYROCKET DISTILLERS, LLC TEMECULA California","SKYROCKET DISTILLERS, LLC 44075 SANDIA CREEK DR, TEMECULA, CA, 92590",TTB Spirits Producers and Bottlers List,https://www.ttb.gov/public-information/foia/list-of-permittees,2026-08-21,TTB Spirits Producers and Bottlers List: CA-S-15000,unreviewed
ca-ttb-856913af57c5,"REDWOOD BEVERAGE GROUP, LLC","REDWOOD BEVERAGE GROUP, LLC",,"2286 STONE BLVD, WEST SACRAMENTO, CA, 95651",WEST SACRAMENTO,CA,95651,CA-S-20579,1,"REDWOOD BEVERAGE GROUP, LLC WEST SACRAMENTO California","REDWOOD BEVERAGE GROUP, LLC 2286 STONE BLVD, WEST SACRAMENTO, CA, 95651",TTB Spirits Producers and Bottlers List,https://www.ttb.gov/public-information/foia/list-of-permittees,2026-08-21,TTB Spirits Producers and Bottlers List: CA-S-20579,unreviewed
ca-ttb-856c9dc8a539,Wier Ventures,BRIAN J WIER,Wier Ventures,"16884 OLD SURVEY RD, ESCONDIDO, CA, 92025",ESCONDIDO,CA,92025,CA-S-20355,1,Wier Ventures ESCONDIDO California,"Wier Ventures 16884 OLD SURVEY RD, ESCONDIDO, CA, 92025",TTB Spirits Producers and Bottlers List,https://www.ttb.gov/public-information/foia/list-of-permittees,2026-08-21,TTB Spirits Producers and Bottlers List: CA-S-20355,unreviewed
ca-ttb-864eba49dff2,Festif Society,FESTIF SOCIETY,Festif Society,"11725 GOLDRING RD UNIT 4, ARCADIA, CA, 91006",ARCADIA,CA,91006,CA-S-20544,1,Festif Society ARCADIA California,"Festif Society 11725 GOLDRING RD UNIT 4, ARCADIA, CA, 91006",TTB Spirits Producers and Bottlers List,https://www.ttb.gov/public-information/foia/list-of-permittees,2026-08-21,TTB Spirits Producers and Bottlers List: CA-S-20544,unreviewed
ca-ttb-866b59e18e28,ASTI WINERY,E. & J. GALLO WINERY,ASTI WINERY,"26150 ASTI RD, ASTI, CA, 95425",ASTI,CA,95425,CA-S-15148,1,ASTI WINERY ASTI California,"ASTI WINERY 26150 ASTI RD, ASTI, CA, 95425",TTB Spirits Producers and Bottlers List,https://www.ttb.gov/public-information/foia/list-of-permittees,2026-08-21,TTB Spirits Producers and Bottlers List: CA-S-15148,unreviewed
ca-ttb-880980f27cde,California Tacos,ALEJANDRO URIBE-RICO,California Tacos,"606 ALAMO PINTADO RD STE 5 & 6, SOLVANG, CA, 93463",SOLVANG,CA,93463,CA-S-20414,1,California Tacos SOLVANG California,"California Tacos 606 ALAMO PINTADO RD STE 5 & 6, SOLVANG, CA, 93463",TTB Spirits Producers and Bottlers List,https://www.ttb.gov/public-information/foia/list-of-permittees,2026-08-21,TTB Spirits Producers and Bottlers List: CA-S-20414,unreviewed
ca-ttb-881297ad19f1,GEORGETOWN DISTILLERY LLC,GEORGETOWN DISTILLERY LLC,,"6101 STATE HIGHWAY 193, GEORGETOWN, CA, 95634",GEORGETOWN,CA,95634,CA-S-20321,1,GEORGETOWN DISTILLERY LLC GEORGETOWN California,"GEORGETOWN DISTILLERY LLC 6101 STATE HIGHWAY 193, GEORGETOWN, CA, 95634",TTB Spirits Producers and Bottlers List,https://www.ttb.gov/public-information/foia/list-of-permittees,2026-08-21,TTB Spirits Producers and Bottlers List: CA-S-20321,unreviewed
ca-ttb-881533aa2da4,"CROWS CRAFT BREWING & DISTILLING CO., LLC","CROWS CRAFT BREWING & DISTILLING CO., LLC",,"111 INDUSTRIAL RD UNIT 2, BELMONT, CA, 94002",BELMONT,CA,94002,CA-S-20235,1,"CROWS CRAFT BREWING & DISTILLING CO., LLC BELMONT California","CROWS CRAFT BREWING & DISTILLING CO., LLC 111 INDUSTRIAL RD UNIT 2, BELMONT, CA, 94002",TTB Spirits Producers and Bottlers List,https://www.ttb.gov/public-information/foia/list-of-permittees,2026-08-21,TTB Spirits Producers and Bottlers List: CA-S-20235,unreviewed
ca-ttb-881ea4fb1c83,"RB WINE ASSOCIATES, LLC","RB WINE ASSOCIATES, LLC",,"22280 GEYSERVILLE AVE, GEYSERVILLE, CA, 95441",GEYSERVILLE,CA,95441,CA-S-20507,1,"RB WINE ASSOCIATES, LLC GEYSERVILLE California","RB WINE ASSOCIATES, LLC 22280 GEYSERVILLE AVE, GEYSERVILLE, CA, 95441",TTB Spirits Producers and Bottlers List,https://www.ttb.gov/public-information/foia/list-of-permittees,2026-08-21,TTB Spirits Producers and Bottlers List: CA-S-20507,unreviewed
ca-ttb-886dda7be666,Doc Pepe's Lab,"DOC PEPE'S LAB, LLC",Doc Pepe's Lab,"212 CYPRESS AVE, MARINA, CA, 93933",MARINA,CA,93933,CA-S-20081,1,Doc Pepe's Lab MARINA California,"Doc Pepe's Lab 212 CYPRESS AVE, MARINA, CA, 93933",TTB Spirits Producers and Bottlers List,https://www.ttb.gov/public-information/foia/list-of-permittees,2026-08-21,TTB Spirits Producers and Bottlers List: CA-S-20081,unreviewed
ca-ttb-886f3130ebba,TAHOE MOONSHINE DISTILLERY,"TAHOE MOONSHINE DISTILLERY, INC.",TAHOE MOONSHINE DISTILLERY,"1611 SHOP ST 4B, SOUTH LAKE TAHOE, CA, 96150",SOUTH LAKE TAHOE,CA,96150,CA-S-15107,1,TAHOE MOONSHINE DISTILLERY SOUTH LAKE TAHOE California,"TAHOE MOONSHINE DISTILLERY 1611 SHOP ST 4B, SOUTH LAKE TAHOE, CA, 96150",TTB Spirits Producers and Bottlers List,https://www.ttb.gov/public-information/foia/list-of-permittees,2026-08-21,TTB Spirits Producers and Bottlers List: CA-S-15107,unreviewed
ca-ttb-8870a5963db3,"SUTTER HOME WINERY, INC.","SUTTER HOME WINERY, INC.",,"18667 N JACOB BRACK RD, LODI, CA, 95242",LODI,CA,95242,CA-S-20172,1,"SUTTER HOME WINERY, INC. LODI California","SUTTER HOME WINERY, INC. 18667 N JACOB BRACK RD, LODI, CA, 95242",TTB Spirits Producers and Bottlers List,https://www.ttb.gov/public-information/foia/list-of-permittees,2026-08-21,TTB Spirits Producers and Bottlers List: CA-S-20172,unreviewed
ca-ttb-88c363a29b5f,"ULTRA PURE, LLC","ULTRA PURE, LLC",,"11903 PIKE ST, SANTA FE SPRINGS, CA, 90670",SANTA FE SPRINGS,CA,90670,CA-S-20186,1,"ULTRA PURE, LLC SANTA FE SPRINGS California","ULTRA PURE, LLC 11903 PIKE ST, SANTA FE SPRINGS, CA, 90670",TTB Spirits Producers and Bottlers List,https://www.ttb.gov/public-information/foia/list-of-permittees,2026-08-21,TTB Spirits Producers and Bottlers List: CA-S-20186,unreviewed
ca-ttb-88c5f571faa2,The Barn,"THE BARN, INC",The Barn,"2850 EL CAJON BLVD STE 3, SAN DIEGO, CA, 92104",SAN DIEGO,CA,92104,CA-S-20266,1,The Barn SAN DIEGO California,"The Barn 2850 EL CAJON BLVD STE 3, SAN DIEGO, CA, 92104",TTB Spirits Producers and Bottlers List,https://www.ttb.gov/public-information/foia/list-of-permittees,2026-08-21,TTB Spirits Producers and Bottlers List: CA-S-20266,unreviewed
ca-ttb-89bdfa18b305,Venteux Vineyards,"RAMBERG VINEYARDS, LLC",Venteux Vineyards,"1795 LAS TABLAS RD, TEMPLETON, CA, 93465",TEMPLETON,CA,93465,CA-S-20243,1,Venteux Vineyards TEMPLETON California,"Venteux Vineyards 1795 LAS TABLAS RD, TEMPLETON, CA, 93465",TTB Spirits Producers and Bottlers List,https://www.ttb.gov/public-information/foia/list-of-permittees,2026-08-21,TTB Spirits Producers and Bottlers List: CA-S-20243,unreviewed
ca-ttb-8a27e7979e67,HAPY INC.,HAPY INC.,,"821 N OAK PARK BLVD, PISMO BEACH, CA, 93449",PISMO BEACH,CA,93449,CA-S-20427,1,HAPY INC. PISMO BEACH California,"HAPY INC. 821 N OAK PARK BLVD, PISMO BEACH, CA, 93449",TTB Spirits Producers and Bottlers List,https://www.ttb.gov/public-information/foia/list-of-permittees,2026-08-21,TTB Spirits Producers and Bottlers List: CA-S-20427,unreviewed
ca-ttb-8b35374caca2,Great Women Spirits Ltd.,"THE COUNTESS WALEWSKA, LLC",Great Women Spirits Ltd.,"1320 SCOTT ST STE A, PETALUMA, CA, 94954",PETALUMA,CA,94954,CA-S-20238,1,Great Women Spirits Ltd. PETALUMA California,"Great Women Spirits Ltd. 1320 SCOTT ST STE A, PETALUMA, CA, 94954",TTB Spirits Producers and Bottlers List,https://www.ttb.gov/public-information/foia/list-of-permittees,2026-08-21,TTB Spirits Producers and Bottlers List: CA-S-20238,unreviewed
ca-ttb-8b7eb63ead21,Ligtning Spirits,LIGHTNING SPIRITS LLC,Ligtning Spirits,"1340 COMMERCE ST STE F, PETALUMA, CA, 94954",PETALUMA,CA,94954,CA-S-20302,1,Ligtning Spirits PETALUMA California,"Ligtning Spirits 1340 COMMERCE ST STE F, PETALUMA, CA, 94954",TTB Spirits Producers and Bottlers List,https://www.ttb.gov/public-information/foia/list-of-permittees,2026-08-21,TTB Spirits Producers and Bottlers List: CA-S-20302,unreviewed
ca-ttb-8be0c9308273,SWINFORD SPIRITS,"SWINFORD SPIRITS, LLC",SWINFORD SPIRITS,"8680 MIRALANI DR STE 117, SAN DIEGO, CA, 92126",SAN DIEGO,CA,92126,CA-S-20108,1,SWINFORD SPIRITS SAN DIEGO California,"SWINFORD SPIRITS 8680 MIRALANI DR STE 117, SAN DIEGO, CA, 92126",TTB Spirits Producers and Bottlers List,https://www.ttb.gov/public-information/foia/list-of-permittees,2026-08-21,TTB Spirits Producers and Bottlers List: CA-S-20108,unreviewed
ca-ttb-8be2b9a72885,ELK FENCE DISTILLERY LLC,ELK FENCE DISTILLERY LLC,,"464 KENWOOD CT STE E, SANTA ROSA, CA, 95407",SANTA ROSA,CA,95407,CA-S-20175,1,ELK FENCE DISTILLERY LLC SANTA ROSA California,"ELK FENCE DISTILLERY LLC 464 KENWOOD CT STE E, SANTA ROSA, CA, 95407",TTB Spirits Producers and Bottlers List,https://www.ttb.gov/public-information/foia/list-of-permittees,2026-08-21,TTB Spirits Producers and Bottlers List: CA-S-20175,unreviewed
ca-ttb-8c927cea0989,SPIRITS WATER DISTILERY,ARLA JEAN RAMSEY,SPIRITS WATER DISTILERY,"725 RANCHERIA RD, BLUE LAKE, CA, 95525",BLUE LAKE,CA,95525,CA-S-15134,1,SPIRITS WATER DISTILERY BLUE LAKE California,"SPIRITS WATER DISTILERY 725 RANCHERIA RD, BLUE LAKE, CA, 95525",TTB Spirits Producers and Bottlers List,https://www.ttb.gov/public-information/foia/list-of-permittees,2026-08-21,TTB Spirits Producers and Bottlers List: CA-S-15134,unreviewed
ca-ttb-8d1499edd92b,LUNA DISTRIBUTING LLC,LUNA DISTRIBUTING LLC,,"2680 POMONA BLVD STE G, POMONA, CA, 91768",POMONA,CA,91768,CA-S-20073,1,LUNA DISTRIBUTING LLC POMONA California,"LUNA DISTRIBUTING LLC 2680 POMONA BLVD STE G, POMONA, CA, 91768",TTB Spirits Producers and Bottlers List,https://www.ttb.gov/public-information/foia/list-of-permittees,2026-08-21,TTB Spirits Producers and Bottlers List: CA-S-20073,unreviewed
ca-ttb-8e4a64d75921,Mount Diablo Distillery,"MOUNT DIABLO DISTILLERY, LLC",Mount Diablo Distillery,"729 FULTON SHIPYARD RD UNIT A-3, ANTIOCH, CA, 94509",ANTIOCH,CA,94509,CA-S-20251,1,Mount Diablo Distillery ANTIOCH California,"Mount Diablo Distillery 729 FULTON SHIPYARD RD UNIT A-3, ANTIOCH, CA, 94509",TTB Spirits Producers and Bottlers List,https://www.ttb.gov/public-information/foia/list-of-permittees,2026-08-21,TTB Spirits Producers and Bottlers List: CA-S-20251,unreviewed
ca-ttb-8ec21e790681,FruitCraft,CALIFORNIA FRUIT WINE CORP.,FruitCraft,"1477 UNIVERSITY AVE, SAN DIEGO, CA, 92103",SAN DIEGO,CA,92103,CA-S-20566,1,FruitCraft SAN DIEGO California,"FruitCraft 1477 UNIVERSITY AVE, SAN DIEGO, CA, 92103",TTB Spirits Producers and Bottlers List,https://www.ttb.gov/public-information/foia/list-of-permittees,2026-08-21,TTB Spirits Producers and Bottlers List: CA-S-20566,unreviewed
ca-ttb-8fc2c8c726cc,Wineshine,"WINESHINE, INC.",Wineshine,"3064 LIMESTONE WAY, PASO ROBLES, CA, 93446",PASO ROBLES,CA,93446,CA-S-20086,1,Wineshine PASO ROBLES California,"Wineshine 3064 LIMESTONE WAY, PASO ROBLES, CA, 93446",TTB Spirits Producers and Bottlers List,https://www.ttb.gov/public-information/foia/list-of-permittees,2026-08-21,TTB Spirits Producers and Bottlers List: CA-S-20086,unreviewed
ca-ttb-8feb9ea01354,LITCO BEVERAGES,"LITCO LUMBER, INC.",LITCO BEVERAGES,"6601 MERCHANDISE WAY UNIT C, DIAMOND SPRINGS, CA, 95619",DIAMOND SPRINGS,CA,95619,CA-S-15112,1,LITCO BEVERAGES DIAMOND SPRINGS California,"LITCO BEVERAGES 6601 MERCHANDISE WAY UNIT C, DIAMOND SPRINGS, CA, 95619",TTB Spirits Producers and Bottlers List,https://www.ttb.gov/public-information/foia/list-of-permittees,2026-08-21,TTB Spirits Producers and Bottlers List: CA-S-15112,unreviewed
ca-ttb-900caa4928fb,117° West Spirits,GENEROUS SPIRITS LLC,117° West Spirits,"2332 LA MIRADA DR STE 800, VISTA, CA, 92081",VISTA,CA,92081,CA-S-20170,1,117° West Spirits VISTA California,"117° West Spirits 2332 LA MIRADA DR STE 800, VISTA, CA, 92081",TTB Spirits Producers and Bottlers List,https://www.ttb.gov/public-information/foia/list-of-permittees,2026-08-21,TTB Spirits Producers and Bottlers List: CA-S-20170,unreviewed
ca-ttb-9015b486a827,"CHAIM, LLC","CHAIM, LLC",,"1102 6TH ST, BERKELEY, CA, 94710",BERKELEY,CA,94710,CA-S-20522,1,"CHAIM, LLC BERKELEY California","CHAIM, LLC 1102 6TH ST, BERKELEY, CA, 94710",TTB Spirits Producers and Bottlers List,https://www.ttb.gov/public-information/foia/list-of-permittees,2026-08-21,TTB Spirits Producers and Bottlers List: CA-S-20522,unreviewed
ca-ttb-92a2644793f9,MADDIEMAE LLC,MADDIEMAE LLC,,"1334 ROCKY POINT DR, OCEANSIDE, CA, 92056",OCEANSIDE,CA,92056,CA-S-20570,1,MADDIEMAE LLC OCEANSIDE California,"MADDIEMAE LLC 1334 ROCKY POINT DR, OCEANSIDE, CA, 92056",TTB Spirits Producers and Bottlers List,https://www.ttb.gov/public-information/foia/list-of-permittees,2026-08-21,TTB Spirits Producers and Bottlers List: CA-S-20570,unreviewed
ca-ttb-939ba36a6c87,"FATHOM SPIRITS, LLC","FATHOM SPIRITS, LLC",,"9 HANGAR WAY STE 1A, WATSONVILLE, CA, 95076",WATSONVILLE,CA,95076,CA-S-20569,1,"FATHOM SPIRITS, LLC WATSONVILLE California","FATHOM SPIRITS, LLC 9 HANGAR WAY STE 1A, WATSONVILLE, CA, 95076",TTB Spirits Producers and Bottlers List,https://www.ttb.gov/public-information/foia/list-of-permittees,2026-08-21,TTB Spirits Producers and Bottlers List: CA-S-20569,unreviewed
ca-ttb-93a1aea40f49,MAVRIK NORTH AMERICA LLC,MAVRIK NORTH AMERICA LLC,,"105 ZINFANDEL LN, ST HELENA, CA, 94574",ST HELENA,CA,94574,CA-S-20096,1,MAVRIK NORTH AMERICA LLC ST HELENA California,"MAVRIK NORTH AMERICA LLC 105 ZINFANDEL LN, ST HELENA, CA, 94574",TTB Spirits Producers and Bottlers List,https://www.ttb.gov/public-information/foia/list-of-permittees,2026-08-21,TTB Spirits Producers and Bottlers List: CA-S-20096,unreviewed
ca-ttb-95206550af11,"KAUTZ VINEYARDS, INC.","KAUTZ VINEYARDS, INC.",,"1894 SIX MILE RD, MURPHYS, CA, 95247",MURPHYS,CA,95247,CA-S-314,1,"KAUTZ VINEYARDS, INC. MURPHYS California","KAUTZ VINEYARDS, INC. 1894 SIX MILE RD, MURPHYS, CA, 95247",TTB Spirits Producers and Bottlers List,https://www.ttb.gov/public-information/foia/list-of-permittees,2026-08-21,TTB Spirits Producers and Bottlers List: CA-S-314,unreviewed
ca-ttb-9632268d4328,J. LOHR WINERY CORPORATION,J. LOHR WINERY CORPORATION,,"39502 CYPRESS AVE, GREENFIELD, CA, 93927",GREENFIELD,CA,93927,CA-S-20221,1,J. LOHR WINERY CORPORATION GREENFIELD California,"J. LOHR WINERY CORPORATION 39502 CYPRESS AVE, GREENFIELD, CA, 93927",TTB Spirits Producers and Bottlers List,https://www.ttb.gov/public-information/foia/list-of-permittees,2026-08-21,TTB Spirits Producers and Bottlers List: CA-S-20221,unreviewed
ca-ttb-965a4a1e54eb,CEDAR RIDGE APPLE RANCH LLC,CEDAR RIDGE APPLE RANCH LLC,,"14679 SUMMERS LN, SONORA, CA, 95370",SONORA,CA,95370,CA-S-15071,1,CEDAR RIDGE APPLE RANCH LLC SONORA California,"CEDAR RIDGE APPLE RANCH LLC 14679 SUMMERS LN, SONORA, CA, 95370",TTB Spirits Producers and Bottlers List,https://www.ttb.gov/public-information/foia/list-of-permittees,2026-08-21,TTB Spirits Producers and Bottlers List: CA-S-15071,unreviewed
ca-ttb-966ed51b1d2e,1114 Crafthouse,"DELIVERY SB, LLC",1114 Crafthouse,"1114 STATE ST STE 20, SANTA BARBARA, CA, 93101",SANTA BARBARA,CA,93101,CA-S-20502,1,1114 Crafthouse SANTA BARBARA California,"1114 Crafthouse 1114 STATE ST STE 20, SANTA BARBARA, CA, 93101",TTB Spirits Producers and Bottlers List,https://www.ttb.gov/public-information/foia/list-of-permittees,2026-08-21,TTB Spirits Producers and Bottlers List: CA-S-20502,unreviewed
ca-ttb-980d9ad217bb,Timber House Brewing,"TIMBER HOUSE, INC.",Timber House Brewing,"501 MAIN ST, CHESTER, CA, 96020",CHESTER,CA,96020,CA-S-20308,1,Timber House Brewing CHESTER California,"Timber House Brewing 501 MAIN ST, CHESTER, CA, 96020",TTB Spirits Producers and Bottlers List,https://www.ttb.gov/public-information/foia/list-of-permittees,2026-08-21,TTB Spirits Producers and Bottlers List: CA-S-20308,unreviewed
ca-ttb-98b686b667f0,LLOYD SPIRITS,LLOYD SPIRITS LLC,LLOYD SPIRITS,"425 ALTA ST #15, GONZALES, CA, 93926",GONZALES,CA,93926,CA-S-15122,1,LLOYD SPIRITS GONZALES California,"LLOYD SPIRITS 425 ALTA ST #15, GONZALES, CA, 93926",TTB Spirits Producers and Bottlers List,https://www.ttb.gov/public-information/foia/list-of-permittees,2026-08-21,TTB Spirits Producers and Bottlers List: CA-S-15122,unreviewed
ca-ttb-9a839d87db72,Sipsong Spirits,SIPSONG SPIRITS LLC,Sipsong Spirits,"7759 BELL RD, WINDSOR, CA, 95492",WINDSOR,CA,95492,CA-S-20213,1,Sipsong Spirits WINDSOR California,"Sipsong Spirits 7759 BELL RD, WINDSOR, CA, 95492",TTB Spirits Producers and Bottlers List,https://www.ttb.gov/public-information/foia/list-of-permittees,2026-08-21,TTB Spirits Producers and Bottlers List: CA-S-20213,unreviewed
ca-ttb-9ab2ab4a3880,"RUSSELL CITY DISTILLERY, INC.","RUSSELL CITY DISTILLERY, INC.",,"22549 FOOTHILL BLVD, HAYWARD, CA, 94541",HAYWARD,CA,94541,CA-S-20072,1,"RUSSELL CITY DISTILLERY, INC. HAYWARD California","RUSSELL CITY DISTILLERY, INC. 22549 FOOTHILL BLVD, HAYWARD, CA, 94541",TTB Spirits Producers and Bottlers List,https://www.ttb.gov/public-information/foia/list-of-permittees,2026-08-21,TTB Spirits Producers and Bottlers List: CA-S-20072,unreviewed
ca-ttb-9b15f6747cbf,"DELICATO VINEYARDS, LLC","DELICATO VINEYARDS, LLC",,"12001 S HIGHWAY 99, MANTECA, CA, 95336",MANTECA,CA,95336,CA-S-312,1,"DELICATO VINEYARDS, LLC MANTECA California","DELICATO VINEYARDS, LLC 12001 S HIGHWAY 99, MANTECA, CA, 95336",TTB Spirits Producers and Bottlers List,https://www.ttb.gov/public-information/foia/list-of-permittees,2026-08-21,TTB Spirits Producers and Bottlers List: CA-S-312,unreviewed
ca-ttb-9beb3d5929d3,Kiko Restaurant,PERUVIAN CONCEPT LLC,Kiko Restaurant,"746 HIGUERA ST STE 6, SAN LUIS OBISPO, CA, 93401",SAN LUIS OBISPO,CA,93401,CA-S-20481,1,Kiko Restaurant SAN LUIS OBISPO California,"Kiko Restaurant 746 HIGUERA ST STE 6, SAN LUIS OBISPO, CA, 93401",TTB Spirits Producers and Bottlers List,https://www.ttb.gov/public-information/foia/list-of-permittees,2026-08-21,TTB Spirits Producers and Bottlers List: CA-S-20481,unreviewed
ca-ttb-9c6600dd4fa8,"SBRAGIA FAMILY VINEYARDS, LLC","SBRAGIA FAMILY VINEYARDS, LLC",,"9990 DRY CREEK RD, GEYSERVILLE, CA, 95441",GEYSERVILLE,CA,95441,CA-S-20215,1,"SBRAGIA FAMILY VINEYARDS, LLC GEYSERVILLE California","SBRAGIA FAMILY VINEYARDS, LLC 9990 DRY CREEK RD, GEYSERVILLE, CA, 95441",TTB Spirits Producers and Bottlers List,https://www.ttb.gov/public-information/foia/list-of-permittees,2026-08-21,TTB Spirits Producers and Bottlers List: CA-S-20215,unreviewed
ca-ttb-9c8e11865693,"RELENTLESS BREWING AND SPIRITS, LLC","RELENTLESS BREWING AND SPIRITS, LLC",,"2133 COLORADO BLVD, LOS ANGELES, CA, 90041",LOS ANGELES,CA,90041,CA-S-20237,1,"RELENTLESS BREWING AND SPIRITS, LLC LOS ANGELES California","RELENTLESS BREWING AND SPIRITS, LLC 2133 COLORADO BLVD, LOS ANGELES, CA, 90041",TTB Spirits Producers and Bottlers List,https://www.ttb.gov/public-information/foia/list-of-permittees,2026-08-21,TTB Spirits Producers and Bottlers List: CA-S-20237,unreviewed
ca-ttb-9cee740db148,WELL ABOVE WINE AND SPIRITS INC,WELL ABOVE WINE AND SPIRITS INC,,"1302 GARDENA AVE, GLENDALE, CA, 91204",GLENDALE,CA,91204,CA-S-20520,1,WELL ABOVE WINE AND SPIRITS INC GLENDALE California,"WELL ABOVE WINE AND SPIRITS INC 1302 GARDENA AVE, GLENDALE, CA, 91204",TTB Spirits Producers and Bottlers List,https://www.ttb.gov/public-information/foia/list-of-permittees,2026-08-21,TTB Spirits Producers and Bottlers List: CA-S-20520,unreviewed
ca-ttb-9d3306b9bc89,LEVECKE CORPORATION,LEVECKE CORPORATION,,"10810 INLAND AVE, MIRA LOMA, CA, 91752",MIRA LOMA,CA,91752,CA-S-182,1,LEVECKE CORPORATION MIRA LOMA California,"LEVECKE CORPORATION 10810 INLAND AVE, MIRA LOMA, CA, 91752",TTB Spirits Producers and Bottlers List,https://www.ttb.gov/public-information/foia/list-of-permittees,2026-08-21,TTB Spirits Producers and Bottlers List: CA-S-182,unreviewed
ca-ttb-9d673cd4aaed,"LAVA SPRINGS, INC.","LAVA SPRINGS, INC.",,"2221 FRUITRIDGE RD, PLACERVILLE, CA, 95667",PLACERVILLE,CA,95667,CA-S-15020,1,"LAVA SPRINGS, INC. PLACERVILLE California","LAVA SPRINGS, INC. 2221 FRUITRIDGE RD, PLACERVILLE, CA, 95667",TTB Spirits Producers and Bottlers List,https://www.ttb.gov/public-information/foia/list-of-permittees,2026-08-21,TTB Spirits Producers and Bottlers List: CA-S-15020,unreviewed
ca-ttb-9eb192419e66,TWISTED MANZANITA SPIRITS COMPANY,TWISTED MANZANITA SPIRITS COMPANY,,"10149 PROSPECT AVE BLDG, SANTEE, CA, 92071",SANTEE,CA,92071,CA-S-20013,1,TWISTED MANZANITA SPIRITS COMPANY SANTEE California,"TWISTED MANZANITA SPIRITS COMPANY 10149 PROSPECT AVE BLDG, SANTEE, CA, 92071",TTB Spirits Producers and Bottlers List,https://www.ttb.gov/public-information/foia/list-of-permittees,2026-08-21,TTB Spirits Producers and Bottlers List: CA-S-20013,unreviewed
ca-ttb-9f36aeb6b77e,GREEN BOTTLE,GREEN BOTTLE,,"3427 ROBERTO CT STE 130, SAN LUIS OBISPO, CA, 93401",SAN LUIS OBISPO,CA,93401,CA-S-20588,1,GREEN BOTTLE SAN LUIS OBISPO California,"GREEN BOTTLE 3427 ROBERTO CT STE 130, SAN LUIS OBISPO, CA, 93401",TTB Spirits Producers and Bottlers List,https://www.ttb.gov/public-information/foia/list-of-permittees,2026-08-21,TTB Spirits Producers and Bottlers List: CA-S-20588,unreviewed
ca-ttb-9f67ab50e4f4,Fog Shots,FOG SHOTS,Fog Shots,"1545 E WASHINGTON BLVD, LOS ANGELES, CA, 90021",LOS ANGELES,CA,90021,CA-S-20136,1,Fog Shots LOS ANGELES California,"Fog Shots 1545 E WASHINGTON BLVD, LOS ANGELES, CA, 90021",TTB Spirits Producers and Bottlers List,https://www.ttb.gov/public-information/foia/list-of-permittees,2026-08-21,TTB Spirits Producers and Bottlers List: CA-S-20136,unreviewed
ca-ttb-a0a44795deaa,Spirits Daddy,SPIRITSDADDY LLC,Spirits Daddy,"1110 BEL ARBRES DR STE D, REDWOOD VALLEY, CA, 95470",REDWOOD VALLEY,CA,95470,CA-S-20379,1,Spirits Daddy REDWOOD VALLEY California,"Spirits Daddy 1110 BEL ARBRES DR STE D, REDWOOD VALLEY, CA, 95470",TTB Spirits Producers and Bottlers List,https://www.ttb.gov/public-information/foia/list-of-permittees,2026-08-21,TTB Spirits Producers and Bottlers List: CA-S-20379,unreviewed
ca-ttb-a13d587228e9,STILLWATER SPIRITS,"SWEETWATER DISTILLERS, INC.",STILLWATER SPIRITS,"611 2ND ST, PETALUMA, CA, 94952",PETALUMA,CA,94952,CA-S-371,1,STILLWATER SPIRITS PETALUMA California,"STILLWATER SPIRITS 611 2ND ST, PETALUMA, CA, 94952",TTB Spirits Producers and Bottlers List,https://www.ttb.gov/public-information/foia/list-of-permittees,2026-08-21,TTB Spirits Producers and Bottlers List: CA-S-371,unreviewed
ca-ttb-a14658765197,DAOU Vineyards,TREASURY WINE ESTATES AMERICAS COMPANY,DAOU Vineyards,"2777 HIDDEN MOUNTAIN RD, PASO ROBLES, CA, 93446",PASO ROBLES,CA,93446,CA-S-20551,1,DAOU Vineyards PASO ROBLES California,"DAOU Vineyards 2777 HIDDEN MOUNTAIN RD, PASO ROBLES, CA, 93446",TTB Spirits Producers and Bottlers List,https://www.ttb.gov/public-information/foia/list-of-permittees,2026-08-21,TTB Spirits Producers and Bottlers List: CA-S-20551,unreviewed
ca-ttb-a233ae3229d3,URBAN PRESS SPIRITS LLC,URBAN PRESS SPIRITS LLC,,"5220 4TH ST STE 16 & 17, IRWINDALE, CA, 91706",IRWINDALE,CA,91706,CA-S-20180,1,URBAN PRESS SPIRITS LLC IRWINDALE California,"URBAN PRESS SPIRITS LLC 5220 4TH ST STE 16 & 17, IRWINDALE, CA, 91706",TTB Spirits Producers and Bottlers List,https://www.ttb.gov/public-information/foia/list-of-permittees,2026-08-21,TTB Spirits Producers and Bottlers List: CA-S-20180,unreviewed
ca-ttb-a27d8e7cdc36,Delta Artisan,"DELTA ARTISAN, LLC",Delta Artisan,"927 INDUSTRIAL WAY STE B, LODI, CA, 95240",LODI,CA,95240,CA-S-20284,1,Delta Artisan LODI California,"Delta Artisan 927 INDUSTRIAL WAY STE B, LODI, CA, 95240",TTB Spirits Producers and Bottlers List,https://www.ttb.gov/public-information/foia/list-of-permittees,2026-08-21,TTB Spirits Producers and Bottlers List: CA-S-20284,unreviewed
ca-ttb-a2eb4b8238df,"SAZERAC DISTILLERS, LLC dba BARTON BRANDS OF CALIFORNIA","SAZERAC DISTILLERS, LLC","SAZERAC DISTILLERS, LLC dba BARTON BRANDS OF CALIFORNIA","2202 E DEL AMO BLVD, CARSON, CA, 90749",CARSON,CA,90749,CA-S-20374,1,"SAZERAC DISTILLERS, LLC dba BARTON BRANDS OF CALIFORNIA CARSON California","SAZERAC DISTILLERS, LLC dba BARTON BRANDS OF CALIFORNIA 2202 E DEL AMO BLVD, CARSON, CA, 90749",TTB Spirits Producers and Bottlers List,https://www.ttb.gov/public-information/foia/list-of-permittees,2026-08-21,TTB Spirits Producers and Bottlers List: CA-S-20374,unreviewed
ca-ttb-a306e292dbc6,Twisted Path Distillery,"SAMMLETON DISTILLING, LLC",Twisted Path Distillery,"8706 PRODUCTION AVE, SAN DIEGO, CA, 92121",SAN DIEGO,CA,92121,CA-S-20597,1,Twisted Path Distillery SAN DIEGO California,"Twisted Path Distillery 8706 PRODUCTION AVE, SAN DIEGO, CA, 92121",TTB Spirits Producers and Bottlers List,https://www.ttb.gov/public-information/foia/list-of-permittees,2026-08-21,TTB Spirits Producers and Bottlers List: CA-S-20597,unreviewed
ca-ttb-a32c0b0779d3,Drift Distillery,"DRIFT BRANDS, LLC",Drift Distillery,"115 S EL CAMINO REAL, SAN CLEMENTE, CA, 92672",SAN CLEMENTE,CA,92672,CA-S-20512,1,Drift Distillery SAN CLEMENTE California,"Drift Distillery 115 S EL CAMINO REAL, SAN CLEMENTE, CA, 92672",TTB Spirits Producers and Bottlers List,https://www.ttb.gov/public-information/foia/list-of-permittees,2026-08-21,TTB Spirits Producers and Bottlers List: CA-S-20512,unreviewed
ca-ttb-a38ab366c439,DDR Beverages,DDR BEVERAGES LLC,DDR Beverages,"2766 VIA ORANGE WAY STE E, SPRING VALLEY, CA, 91978",SPRING VALLEY,CA,91978,CA-S-20557,1,DDR Beverages SPRING VALLEY California,"DDR Beverages 2766 VIA ORANGE WAY STE E, SPRING VALLEY, CA, 91978",TTB Spirits Producers and Bottlers List,https://www.ttb.gov/public-information/foia/list-of-permittees,2026-08-21,TTB Spirits Producers and Bottlers List: CA-S-20557,unreviewed
ca-ttb-a426bd71d5b5,THE INFUSERY LLC,THE INFUSERY LLC,,"2332 E 8TH ST, LOS ANGELES, CA, 90021",LOS ANGELES,CA,90021,CA-S-20337,1,THE INFUSERY LLC LOS ANGELES California,"THE INFUSERY LLC 2332 E 8TH ST, LOS ANGELES, CA, 90021",TTB Spirits Producers and Bottlers List,https://www.ttb.gov/public-information/foia/list-of-permittees,2026-08-21,TTB Spirits Producers and Bottlers List: CA-S-20337,unreviewed
ca-ttb-a45afd3313b2,AYLA DISTILLERY,AYLA DISTILLERY INC,AYLA DISTILLERY,"21299 OLD SONORA COLUMBIA RD, SONORA, CA, 95370",SONORA,CA,95370,CA-S-20516,1,AYLA DISTILLERY SONORA California,"AYLA DISTILLERY 21299 OLD SONORA COLUMBIA RD, SONORA, CA, 95370",TTB Spirits Producers and Bottlers List,https://www.ttb.gov/public-information/foia/list-of-permittees,2026-08-21,TTB Spirits Producers and Bottlers List: CA-S-20516,unreviewed
ca-ttb-a4605d6689b6,Taqueria El Guero Distillery,"NEWSTONE, LLC",Taqueria El Guero Distillery,"560 EMBARCADERO, MORRO BAY, CA, 93442",MORRO BAY,CA,93442,CA-S-20530,1,Taqueria El Guero Distillery MORRO BAY California,"Taqueria El Guero Distillery 560 EMBARCADERO, MORRO BAY, CA, 93442",TTB Spirits Producers and Bottlers List,https://www.ttb.gov/public-information/foia/list-of-permittees,2026-08-21,TTB Spirits Producers and Bottlers List: CA-S-20530,unreviewed
ca-ttb-a482042dddc5,Nor-Cal Beverage,"NOR-CAL BEVERAGE CO., INC.",Nor-Cal Beverage,"1226 N OLIVE ST, ANHEIM, CA, 92801",ANHEIM,CA,92801,CA-S-20423,1,Nor-Cal Beverage ANHEIM California,"Nor-Cal Beverage 1226 N OLIVE ST, ANHEIM, CA, 92801",TTB Spirits Producers and Bottlers List,https://www.ttb.gov/public-information/foia/list-of-permittees,2026-08-21,TTB Spirits Producers and Bottlers List: CA-S-20423,unreviewed
ca-ttb-a5e6119a0f98,"BITTER JOURNEY, LLC","BITTER JOURNEY, LLC",,"3040 SCOTT BLVD, SANTA CLARA, CA, 95054",SANTA CLARA,CA,95054,CA-S-20276,1,"BITTER JOURNEY, LLC SANTA CLARA California","BITTER JOURNEY, LLC 3040 SCOTT BLVD, SANTA CLARA, CA, 95054",TTB Spirits Producers and Bottlers List,https://www.ttb.gov/public-information/foia/list-of-permittees,2026-08-21,TTB Spirits Producers and Bottlers List: CA-S-20276,unreviewed
ca-ttb-a61e70f03a7d,Lost Republic Distilling Co.,DC BEVERAGE LLC,Lost Republic Distilling Co.,"101 GRANT AVE UNIT A, B, L, HEALDSBURG, CA, 95448",HEALDSBURG,CA,95448,CA-S-20070,1,Lost Republic Distilling Co. HEALDSBURG California,"Lost Republic Distilling Co. 101 GRANT AVE UNIT A, B, L, HEALDSBURG, CA, 95448",TTB Spirits Producers and Bottlers List,https://www.ttb.gov/public-information/foia/list-of-permittees,2026-08-21,TTB Spirits Producers and Bottlers List: CA-S-20070,unreviewed
ca-ttb-a995cd36b429,Sierra Nevada Brewing Co,SIERRA NEVADA BREWING CO.,Sierra Nevada Brewing Co,"1075 E 20TH ST, CHICO, CA, 95928",CHICO,CA,95928,CA-S-20317,1,Sierra Nevada Brewing Co CHICO California,"Sierra Nevada Brewing Co 1075 E 20TH ST, CHICO, CA, 95928",TTB Spirits Producers and Bottlers List,https://www.ttb.gov/public-information/foia/list-of-permittees,2026-08-21,TTB Spirits Producers and Bottlers List: CA-S-20317,unreviewed
ca-ttb-aa05bb7a65cb,Banks & Baugher Craft Distillers,BANKS & BAUGHER LLC,Banks & Baugher Craft Distillers,"4045 VIA PESCADOR STE D, CAMARILLO, CA, 93012",CAMARILLO,CA,93012,CA-S-20446,1,Banks & Baugher Craft Distillers CAMARILLO California,"Banks & Baugher Craft Distillers 4045 VIA PESCADOR STE D, CAMARILLO, CA, 93012",TTB Spirits Producers and Bottlers List,https://www.ttb.gov/public-information/foia/list-of-permittees,2026-08-21,TTB Spirits Producers and Bottlers List: CA-S-20446,unreviewed
ca-ttb-aa3ba27743ee,Riley's Taproom,SANCHA INC.,Riley's Taproom,"2940 MCCALL STE 112, SELMA, CA, 93662",SELMA,CA,93662,CA-S-20599,1,Riley's Taproom SELMA California,"Riley's Taproom 2940 MCCALL STE 112, SELMA, CA, 93662",TTB Spirits Producers and Bottlers List,https://www.ttb.gov/public-information/foia/list-of-permittees,2026-08-21,TTB Spirits Producers and Bottlers List: CA-S-20599,unreviewed
ca-ttb-aa9db6991053,PACIFIC COAST BEVERAGE CO LLC,PACIFIC COAST BEVERAGE CO LLC,,"7900 EL CAMINO REAL, ATASCADERO, CA, 93422",ATASCADERO,CA,93422,CA-S-20591,1,PACIFIC COAST BEVERAGE CO LLC ATASCADERO California,"PACIFIC COAST BEVERAGE CO LLC 7900 EL CAMINO REAL, ATASCADERO, CA, 93422",TTB Spirits Producers and Bottlers List,https://www.ttb.gov/public-information/foia/list-of-permittees,2026-08-21,TTB Spirits Producers and Bottlers List: CA-S-20591,unreviewed
ca-ttb-ab6defc52c15,CENTRAL COAST DISTILLARY,"CORCORAN CAPITAL GROUP, INC.",CENTRAL COAST DISTILLARY,"1875 EL CAMINO REAL BLDG 5 SUITE A, ATASCADERO, CA, 93422",ATASCADERO,CA,93422,CA-S-20188,1,CENTRAL COAST DISTILLARY ATASCADERO California,"CENTRAL COAST DISTILLARY 1875 EL CAMINO REAL BLDG 5 SUITE A, ATASCADERO, CA, 93422",TTB Spirits Producers and Bottlers List,https://www.ttb.gov/public-information/foia/list-of-permittees,2026-08-21,TTB Spirits Producers and Bottlers List: CA-S-20188,unreviewed
ca-ttb-abc0157fd36e,Temblor Brewing Company,"TEMBLOR BREWING, LLC",Temblor Brewing Company,"3200 BUCK OWENS BLVD BLVD STE 200, BAKERSFIELD, CA, 93308",BAKERSFIELD,CA,93308,CA-S-20422,1,Temblor Brewing Company BAKERSFIELD California,"Temblor Brewing Company 3200 BUCK OWENS BLVD BLVD STE 200, BAKERSFIELD, CA, 93308",TTB Spirits Producers and Bottlers List,https://www.ttb.gov/public-information/foia/list-of-permittees,2026-08-21,TTB Spirits Producers and Bottlers List: CA-S-20422,unreviewed
ca-ttb-ac7be210fc72,DOMAINE CHANDON,"DOMAINE CHANDON, INC.",DOMAINE CHANDON,"1 CALIFORNIA DR, YOUNTVILLE, CA, 94599",YOUNTVILLE,CA,94599,CA-S-315,1,DOMAINE CHANDON YOUNTVILLE California,"DOMAINE CHANDON 1 CALIFORNIA DR, YOUNTVILLE, CA, 94599",TTB Spirits Producers and Bottlers List,https://www.ttb.gov/public-information/foia/list-of-permittees,2026-08-21,TTB Spirits Producers and Bottlers List: CA-S-315,unreviewed
ca-ttb-acae2b68a210,"VA FILTRATION USA, LLC","VA FILTRATION USA, LLC",,"125 GATEWAY RD E STE D, NAPA, CA, 94558",NAPA,CA,94558,CA-S-15139,1,"VA FILTRATION USA, LLC NAPA California","VA FILTRATION USA, LLC 125 GATEWAY RD E STE D, NAPA, CA, 94558",TTB Spirits Producers and Bottlers List,https://www.ttb.gov/public-information/foia/list-of-permittees,2026-08-21,TTB Spirits Producers and Bottlers List: CA-S-15139,unreviewed
ca-ttb-acdc08d9f565,Long Beach Spirits Lab,"LONG BEACH SPIRITS LAB, LLC",Long Beach Spirits Lab,"516 W WILLOW ST, LONG BEACH, CA, 90806",LONG BEACH,CA,90806,CA-S-20246,1,Long Beach Spirits Lab LONG BEACH California,"Long Beach Spirits Lab 516 W WILLOW ST, LONG BEACH, CA, 90806",TTB Spirits Producers and Bottlers List,https://www.ttb.gov/public-information/foia/list-of-permittees,2026-08-21,TTB Spirits Producers and Bottlers List: CA-S-20246,unreviewed
ca-ttb-acf69346edea,DEBORAH RICHARDSON,DEBORAH RICHARDSON,,"9438 IRONDALE AVE, CHATSWORTH, CA, 91311",CHATSWORTH,CA,91311,CA-S-20429,1,DEBORAH RICHARDSON CHATSWORTH California,"DEBORAH RICHARDSON 9438 IRONDALE AVE, CHATSWORTH, CA, 91311",TTB Spirits Producers and Bottlers List,https://www.ttb.gov/public-information/foia/list-of-permittees,2026-08-21,TTB Spirits Producers and Bottlers List: CA-S-20429,unreviewed
ca-ttb-ad86528a10ff,CAPPY SHAKES,CAPPY SHAKES COCKTAIL COMPANY LLC,CAPPY SHAKES,"7806 BELL RD, WINDSOR, CA, 95492",WINDSOR,CA,95492,CA-S-20328,1,CAPPY SHAKES WINDSOR California,"CAPPY SHAKES 7806 BELL RD, WINDSOR, CA, 95492",TTB Spirits Producers and Bottlers List,https://www.ttb.gov/public-information/foia/list-of-permittees,2026-08-21,TTB Spirits Producers and Bottlers List: CA-S-20328,unreviewed
ca-ttb-ae5dd17eaa7b,Stampede,3-G GROUP LLC,Stampede,"1790 FIRST STREET, LIVERMORE, CA, 94550",LIVERMORE,CA,94550,CA-S-20604,1,Stampede LIVERMORE California,"Stampede 1790 FIRST STREET, LIVERMORE, CA, 94550",TTB Spirits Producers and Bottlers List,https://www.ttb.gov/public-information/foia/list-of-permittees,2026-08-21,TTB Spirits Producers and Bottlers List: CA-S-20604,unreviewed
ca-ttb-ae763a7819c8,"GREENWAY DISTILLERS, INC","GREENWAY DISTILLERS, INC",,"1110 BEL ARBRES DR STE D, REDWOOD VALLEY, CA, 95470",REDWOOD VALLEY,CA,95470,CA-S-15014,1,"GREENWAY DISTILLERS, INC REDWOOD VALLEY California","GREENWAY DISTILLERS, INC 1110 BEL ARBRES DR STE D, REDWOOD VALLEY, CA, 95470",TTB Spirits Producers and Bottlers List,https://www.ttb.gov/public-information/foia/list-of-permittees,2026-08-21,TTB Spirits Producers and Bottlers List: CA-S-15014,unreviewed
ca-ttb-ae96d1db968c,Seven Caves Spirits,"SEVEN CAVES SPIRITS, LLC",Seven Caves Spirits,"8125 MERCURY CT STE 120, SAN DIEGO, CA, 92111",SAN DIEGO,CA,92111,CA-S-20128,1,Seven Caves Spirits SAN DIEGO California,"Seven Caves Spirits 8125 MERCURY CT STE 120, SAN DIEGO, CA, 92111",TTB Spirits Producers and Bottlers List,https://www.ttb.gov/public-information/foia/list-of-permittees,2026-08-21,TTB Spirits Producers and Bottlers List: CA-S-20128,unreviewed
ca-ttb-aebff82261ec,bay area distilling company,"BAY AREA DISTILLING COMPANY, LLC",bay area distilling company,"2160 ELKINS WAY UNIT A, BRENTWOOD, CA, 94513",BRENTWOOD,CA,94513,CA-S-20094,1,bay area distilling company BRENTWOOD California,"bay area distilling company 2160 ELKINS WAY UNIT A, BRENTWOOD, CA, 94513",TTB Spirits Producers and Bottlers List,https://www.ttb.gov/public-information/foia/list-of-permittees,2026-08-21,TTB Spirits Producers and Bottlers List: CA-S-20094,unreviewed
ca-ttb-aeee82c911be,Eagles Nest Winery,DENNIS GRIMES & JULIE GRIMES,Eagles Nest Winery,"18259 CHABLIS RD, RAMONA, CA, 92065",RAMONA,CA,92065,CA-S-20100,1,Eagles Nest Winery RAMONA California,"Eagles Nest Winery 18259 CHABLIS RD, RAMONA, CA, 92065",TTB Spirits Producers and Bottlers List,https://www.ttb.gov/public-information/foia/list-of-permittees,2026-08-21,TTB Spirits Producers and Bottlers List: CA-S-20100,unreviewed
ca-ttb-af5b37854c68,OMO SOJU,PK FIRE LLC,OMO SOJU,"13464 BROWNS VALLEY DR, CHICO, CA, 95973",CHICO,CA,95973,CA-S-20501,1,OMO SOJU CHICO California,"OMO SOJU 13464 BROWNS VALLEY DR, CHICO, CA, 95973",TTB Spirits Producers and Bottlers List,https://www.ttb.gov/public-information/foia/list-of-permittees,2026-08-21,TTB Spirits Producers and Bottlers List: CA-S-20501,unreviewed
ca-ttb-b004041d73c6,Sonoma Coast Spirits,SONOMA COAST SPIRITS LLC,Sonoma Coast Spirits,"1372 N MCDOWELL BLVD STE A, PETALUMA, CA, 94954",PETALUMA,CA,94954,CA-S-20183,1,Sonoma Coast Spirits PETALUMA California,"Sonoma Coast Spirits 1372 N MCDOWELL BLVD STE A, PETALUMA, CA, 94954",TTB Spirits Producers and Bottlers List,https://www.ttb.gov/public-information/foia/list-of-permittees,2026-08-21,TTB Spirits Producers and Bottlers List: CA-S-20183,unreviewed
ca-ttb-b0bd8834c283,Bethel Road Distillery,NIELS UDSEN AND BERIT UDSEN,Bethel Road Distillery,"1266 N BETHEL RD, TEMPLETON, CA, 93465",TEMPLETON,CA,93465,CA-S-354,1,Bethel Road Distillery TEMPLETON California,"Bethel Road Distillery 1266 N BETHEL RD, TEMPLETON, CA, 93465",TTB Spirits Producers and Bottlers List,https://www.ttb.gov/public-information/foia/list-of-permittees,2026-08-21,TTB Spirits Producers and Bottlers List: CA-S-354,unreviewed
ca-ttb-b16f9cbc80a8,Purple Orchid Wine Country Resort and Spa,"BIG EDDY VENTURES, LLC",Purple Orchid Wine Country Resort and Spa,"4549 CROSS RD, LIVERMORE, CA, 94550",LIVERMORE,CA,94550,CA-S-20582,1,Purple Orchid Wine Country Resort and Spa LIVERMORE California,"Purple Orchid Wine Country Resort and Spa 4549 CROSS RD, LIVERMORE, CA, 94550",TTB Spirits Producers and Bottlers List,https://www.ttb.gov/public-information/foia/list-of-permittees,2026-08-21,TTB Spirits Producers and Bottlers List: CA-S-20582,unreviewed
ca-ttb-b20ef7d8d565,"BARREL RM, INC.","BARREL RM, INC.",,"2675 SKYPARK DR STE 202, TORRANCE, CA, 90505",TORRANCE,CA,90505,CA-S-20382,1,"BARREL RM, INC. TORRANCE California","BARREL RM, INC. 2675 SKYPARK DR STE 202, TORRANCE, CA, 90505",TTB Spirits Producers and Bottlers List,https://www.ttb.gov/public-information/foia/list-of-permittees,2026-08-21,TTB Spirits Producers and Bottlers List: CA-S-20382,unreviewed
ca-ttb-b24a438626ab,El Camino Real Spirits,"EL CAMINO REAL SPIRITS, LLC",El Camino Real Spirits,"3546 SKYWAY DR STE F8, SANTA MARIA, CA, 93455",SANTA MARIA,CA,93455,CA-S-20567,1,El Camino Real Spirits SANTA MARIA California,"El Camino Real Spirits 3546 SKYWAY DR STE F8, SANTA MARIA, CA, 93455",TTB Spirits Producers and Bottlers List,https://www.ttb.gov/public-information/foia/list-of-permittees,2026-08-21,TTB Spirits Producers and Bottlers List: CA-S-20567,unreviewed
ca-ttb-b30f08eb01b0,HAHN ESTATE,HAHN ESTATE,,"37700 FOOTHILL RD, SOLEDAD, CA, 93960",SOLEDAD,CA,93960,CA-S-15039,1,HAHN ESTATE SOLEDAD California,"HAHN ESTATE 37700 FOOTHILL RD, SOLEDAD, CA, 93960",TTB Spirits Producers and Bottlers List,https://www.ttb.gov/public-information/foia/list-of-permittees,2026-08-21,TTB Spirits Producers and Bottlers List: CA-S-15039,unreviewed
ca-ttb-b31a807e7415,Sidewinder Spirits,KINNEY FAMILY VINTNERS LLC,Sidewinder Spirits,"2245 S VASCO RD UNIT B, LIVERMORE, CA, 94550",LIVERMORE,CA,94550,CA-S-20150,1,Sidewinder Spirits LIVERMORE California,"Sidewinder Spirits 2245 S VASCO RD UNIT B, LIVERMORE, CA, 94550",TTB Spirits Producers and Bottlers List,https://www.ttb.gov/public-information/foia/list-of-permittees,2026-08-21,TTB Spirits Producers and Bottlers List: CA-S-20150,unreviewed
ca-ttb-b322fa9384a4,NA WINE COMPANY INC.,NA WINE COMPANY INC.,,"101 S COOMBS ST UNIT J, NAPA, CA, 94558",NAPA,CA,94558,CA-S-20542,1,NA WINE COMPANY INC. NAPA California,"NA WINE COMPANY INC. 101 S COOMBS ST UNIT J, NAPA, CA, 94558",TTB Spirits Producers and Bottlers List,https://www.ttb.gov/public-information/foia/list-of-permittees,2026-08-21,TTB Spirits Producers and Bottlers List: CA-S-20542,unreviewed
ca-ttb-b34655fd7495,Purple Spirits,GRATON SPIRITS COMPANY LLC,Purple Spirits,"5535 STATE FARM DR, ROHNERT PARK, CA, 94928",ROHNERT PARK,CA,94928,CA-S-20594,1,Purple Spirits ROHNERT PARK California,"Purple Spirits 5535 STATE FARM DR, ROHNERT PARK, CA, 94928",TTB Spirits Producers and Bottlers List,https://www.ttb.gov/public-information/foia/list-of-permittees,2026-08-21,TTB Spirits Producers and Bottlers List: CA-S-20594,unreviewed
ca-ttb-b72941f0303f,Two Wolves,"TWO WOLVES WINE, LLC",Two Wolves,"1480 COUNT FLEET ST, SANTA YNEZ, CA, 93460",SANTA YNEZ,CA,93460,CA-S-20465,1,Two Wolves SANTA YNEZ California,"Two Wolves 1480 COUNT FLEET ST, SANTA YNEZ, CA, 93460",TTB Spirits Producers and Bottlers List,https://www.ttb.gov/public-information/foia/list-of-permittees,2026-08-21,TTB Spirits Producers and Bottlers List: CA-S-20465,unreviewed
ca-ttb-b79c680ae8d6,PURPLE SPIRITS,GRATON SPIRITS COMPANY LLC,PURPLE SPIRITS,"1095 & 1097 RAILROAD AVE, VALLEJO, CA, 94592",VALLEJO,CA,94592,CA-S-20534,1,PURPLE SPIRITS VALLEJO California,"PURPLE SPIRITS 1095 & 1097 RAILROAD AVE, VALLEJO, CA, 94592",TTB Spirits Producers and Bottlers List,https://www.ttb.gov/public-information/foia/list-of-permittees,2026-08-21,TTB Spirits Producers and Bottlers List: CA-S-20534,unreviewed
ca-ttb-b7e5e3fb0dba,"JDZ, INC.","JDZ, INC.",,"9990 ALESMITH CT, SAN DIEGO, CA, 92126",SAN DIEGO,CA,92126,CA-S-20504,1,"JDZ, INC. SAN DIEGO California","JDZ, INC. 9990 ALESMITH CT, SAN DIEGO, CA, 92126",TTB Spirits Producers and Bottlers List,https://www.ttb.gov/public-information/foia/list-of-permittees,2026-08-21,TTB Spirits Producers and Bottlers List: CA-S-20504,unreviewed
ca-ttb-b7f0c146d5cb,"ALAMBIC, INC.","ALAMBIC, INC.",,"5000 LOW GAP RD, UKIAH, CA, 95482",UKIAH,CA,95482,CA-S-266,1,"ALAMBIC, INC. UKIAH California","ALAMBIC, INC. 5000 LOW GAP RD, UKIAH, CA, 95482",TTB Spirits Producers and Bottlers List,https://www.ttb.gov/public-information/foia/list-of-permittees,2026-08-21,TTB Spirits Producers and Bottlers List: CA-S-266,unreviewed
ca-ttb-b809008f0dcc,Dust Bowl Distillery,"DUST BOWL BREWING CO., LLC",Dust Bowl Distillery,"3000 FULKERTH RD, TURLOCK, CA, 95830",TURLOCK,CA,95830,CA-S-20457,1,Dust Bowl Distillery TURLOCK California,"Dust Bowl Distillery 3000 FULKERTH RD, TURLOCK, CA, 95830",TTB Spirits Producers and Bottlers List,https://www.ttb.gov/public-information/foia/list-of-permittees,2026-08-21,TTB Spirits Producers and Bottlers List: CA-S-20457,unreviewed
ca-ttb-b80faa3dbdce,Lincoln Speakeasy Taproom,BOLD HIJINKS CORPORATION,Lincoln Speakeasy Taproom,"436 LINCOLN BLVD STE 202, LINCOLN, CA, 95648",LINCOLN,CA,95648,CA-S-20461,1,Lincoln Speakeasy Taproom LINCOLN California,"Lincoln Speakeasy Taproom 436 LINCOLN BLVD STE 202, LINCOLN, CA, 95648",TTB Spirits Producers and Bottlers List,https://www.ttb.gov/public-information/foia/list-of-permittees,2026-08-21,TTB Spirits Producers and Bottlers List: CA-S-20461,unreviewed
ca-ttb-b8382d3c1d74,WINESECRETS,"AMERICAN WINESECRETS, LLC",WINESECRETS,"1446 INDUSTRIAL AVE WHSE 2, SEBASTOPOL, CA, 95472",SEBASTOPOL,CA,95472,CA-S-15097,1,WINESECRETS SEBASTOPOL California,"WINESECRETS 1446 INDUSTRIAL AVE WHSE 2, SEBASTOPOL, CA, 95472",TTB Spirits Producers and Bottlers List,https://www.ttb.gov/public-information/foia/list-of-permittees,2026-08-21,TTB Spirits Producers and Bottlers List: CA-S-15097,unreviewed
ca-ttb-b84bb6683496,"DEAD HORSE HOLLER HOLDINGS, LLC","DEAD HORSE HOLLER HOLDINGS, LLC",,"4400 ASHE RD STE 207, BAKERSFIELD, CA, 93313",BAKERSFIELD,CA,93313,CA-S-20220,1,"DEAD HORSE HOLLER HOLDINGS, LLC BAKERSFIELD California","DEAD HORSE HOLLER HOLDINGS, LLC 4400 ASHE RD STE 207, BAKERSFIELD, CA, 93313",TTB Spirits Producers and Bottlers List,https://www.ttb.gov/public-information/foia/list-of-permittees,2026-08-21,TTB Spirits Producers and Bottlers List: CA-S-20220,unreviewed
ca-ttb-b951a50b13d6,"STRAND BREWING CO., LLC","STRAND BREWING CO., LLC",,"2201 DOMINGUEZ ST, TORRANCE, CA, 90501",TORRANCE,CA,90501,CA-S-20310,1,"STRAND BREWING CO., LLC TORRANCE California","STRAND BREWING CO., LLC 2201 DOMINGUEZ ST, TORRANCE, CA, 90501",TTB Spirits Producers and Bottlers List,https://www.ttb.gov/public-information/foia/list-of-permittees,2026-08-21,TTB Spirits Producers and Bottlers List: CA-S-20310,unreviewed
ca-ttb-ba166ea0919b,"Webbs Grainworks, LLC","WEBB'S GRAINWORKS, LLC","Webbs Grainworks, LLC","7 JOURNEY STE B, ALISO VIEJO, CA, 92656",ALISO VIEJO,CA,92656,CA-S-20396,1,"Webbs Grainworks, LLC ALISO VIEJO California","Webbs Grainworks, LLC 7 JOURNEY STE B, ALISO VIEJO, CA, 92656",TTB Spirits Producers and Bottlers List,https://www.ttb.gov/public-information/foia/list-of-permittees,2026-08-21,TTB Spirits Producers and Bottlers List: CA-S-20396,unreviewed
ca-ttb-ba1a6819981a,Siplo,"SIPLO, LLC",Siplo,"1500 INDUSTRIAL WAY UNIT 100, REDWOOD CITY, CA, 94063",REDWOOD CITY,CA,94063,CA-S-20561,1,Siplo REDWOOD CITY California,"Siplo 1500 INDUSTRIAL WAY UNIT 100, REDWOOD CITY, CA, 94063",TTB Spirits Producers and Bottlers List,https://www.ttb.gov/public-information/foia/list-of-permittees,2026-08-21,TTB Spirits Producers and Bottlers List: CA-S-20561,unreviewed
ca-ttb-bab11e2e5ac2,Patio29 Spirits Company,"PATIO29 SPIRITS COMPANY, LLC",Patio29 Spirits Company,"723 RAILROAD AVE, WINTERS, CA, 95694",WINTERS,CA,95694,CA-S-20538,1,Patio29 Spirits Company WINTERS California,"Patio29 Spirits Company 723 RAILROAD AVE, WINTERS, CA, 95694",TTB Spirits Producers and Bottlers List,https://www.ttb.gov/public-information/foia/list-of-permittees,2026-08-21,TTB Spirits Producers and Bottlers List: CA-S-20538,unreviewed
ca-ttb-bac8f1646a7f,"COMMON COLLABS, LLC","COMMON COLLABS, LLC",,"1820 E WALNUT AVE, FULLERTON, CA, 92831",FULLERTON,CA,92831,CA-S-20322,1,"COMMON COLLABS, LLC FULLERTON California","COMMON COLLABS, LLC 1820 E WALNUT AVE, FULLERTON, CA, 92831",TTB Spirits Producers and Bottlers List,https://www.ttb.gov/public-information/foia/list-of-permittees,2026-08-21,TTB Spirits Producers and Bottlers List: CA-S-20322,unreviewed
ca-ttb-bb25034da17f,SANTA MARIA BREWING CO. INC.,SANTA MARIA BREWING CO. INC.,,"7935 SAN LUIS AVE, ATASCADERO, CA, 93422",ATASCADERO,CA,93422,CA-S-20262,1,SANTA MARIA BREWING CO. INC. ATASCADERO California,"SANTA MARIA BREWING CO. INC. 7935 SAN LUIS AVE, ATASCADERO, CA, 93422",TTB Spirits Producers and Bottlers List,https://www.ttb.gov/public-information/foia/list-of-permittees,2026-08-21,TTB Spirits Producers and Bottlers List: CA-S-20262,unreviewed
ca-ttb-bbab817413a1,"BARBER LEE SPIRITS, LLC","BARBER LEE SPIRITS, LLC",,"120 WASHINGTON ST, PETALUMA, CA, 94952",PETALUMA,CA,94952,CA-S-20239,1,"BARBER LEE SPIRITS, LLC PETALUMA California","BARBER LEE SPIRITS, LLC 120 WASHINGTON ST, PETALUMA, CA, 94952",TTB Spirits Producers and Bottlers List,https://www.ttb.gov/public-information/foia/list-of-permittees,2026-08-21,TTB Spirits Producers and Bottlers List: CA-S-20239,unreviewed
ca-ttb-bc7804ceea38,LAKE BOTTOM BREWERY & DISTILLERY  LLC,LAKE BOTTOM BREWERY & DISTILLERY  LLC,,"105 E MAIN ST, VISALIA, CA, 93291",VISALIA,CA,93291,CA-S-20381,1,LAKE BOTTOM BREWERY & DISTILLERY  LLC VISALIA California,"LAKE BOTTOM BREWERY & DISTILLERY  LLC 105 E MAIN ST, VISALIA, CA, 93291",TTB Spirits Producers and Bottlers List,https://www.ttb.gov/public-information/foia/list-of-permittees,2026-08-21,TTB Spirits Producers and Bottlers List: CA-S-20381,unreviewed
ca-ttb-bd4e675377b4,ABEL KAASE,ABEL KAASE,,"2933 ADAMS AVE, SAN DIEGO, CA, 92116",SAN DIEGO,CA,92116,CA-S-20371,1,ABEL KAASE SAN DIEGO California,"ABEL KAASE 2933 ADAMS AVE, SAN DIEGO, CA, 92116",TTB Spirits Producers and Bottlers List,https://www.ttb.gov/public-information/foia/list-of-permittees,2026-08-21,TTB Spirits Producers and Bottlers List: CA-S-20371,unreviewed
ca-ttb-bddf3f6cfacf,Spiritsmith Distilling Company,SPIRITSMITH LLC,Spiritsmith Distilling Company,"1446 INDUSTRIAL AVE, SEBASTOPOL, CA, 95472",SEBASTOPOL,CA,95472,CA-S-20054,1,Spiritsmith Distilling Company SEBASTOPOL California,"Spiritsmith Distilling Company 1446 INDUSTRIAL AVE, SEBASTOPOL, CA, 95472",TTB Spirits Producers and Bottlers List,https://www.ttb.gov/public-information/foia/list-of-permittees,2026-08-21,TTB Spirits Producers and Bottlers List: CA-S-20054,unreviewed
ca-ttb-be0ef499408b,Turner Road Vintners,E. & J. GALLO WINERY,Turner Road Vintners,"4614 W TURNER RD, LODI, CA, 95242",LODI,CA,95242,CA-S-20409,1,Turner Road Vintners LODI California,"Turner Road Vintners 4614 W TURNER RD, LODI, CA, 95242",TTB Spirits Producers and Bottlers List,https://www.ttb.gov/public-information/foia/list-of-permittees,2026-08-21,TTB Spirits Producers and Bottlers List: CA-S-20409,unreviewed
ca-ttb-bea962262382,F-86,F-86,F-86,"42913 CAPITAL DR STE 109, LANCASTER, CA, 93535",LANCASTER,CA,93535,CA-S-20549,1,F-86 LANCASTER California,"F-86 42913 CAPITAL DR STE 109, LANCASTER, CA, 93535",TTB Spirits Producers and Bottlers List,https://www.ttb.gov/public-information/foia/list-of-permittees,2026-08-21,TTB Spirits Producers and Bottlers List: CA-S-20549,unreviewed
ca-ttb-bf2eb50f7124,ST. ANNE'S CROSSING,"STONECUSHION, INC.",ST. ANNE'S CROSSING,"8450 SONOMA HWY, KENWOOD, CA, 95452",KENWOOD,CA,95452,CA-S-20006,1,ST. ANNE'S CROSSING KENWOOD California,"ST. ANNE'S CROSSING 8450 SONOMA HWY, KENWOOD, CA, 95452",TTB Spirits Producers and Bottlers List,https://www.ttb.gov/public-information/foia/list-of-permittees,2026-08-21,TTB Spirits Producers and Bottlers List: CA-S-20006,unreviewed
ca-ttb-bf9ea8ae4cf7,Napa Wine Company,OAKVILLE WINERY ACQUISITION GROUP,Napa Wine Company,"7830 ST. HELENA HWY, OAKVILLE, CA, 94562",OAKVILLE,CA,94562,CA-S-20406,1,Napa Wine Company OAKVILLE California,"Napa Wine Company 7830 ST. HELENA HWY, OAKVILLE, CA, 94562",TTB Spirits Producers and Bottlers List,https://www.ttb.gov/public-information/foia/list-of-permittees,2026-08-21,TTB Spirits Producers and Bottlers List: CA-S-20406,unreviewed
ca-ttb-c01e4c6f4942,RE:FIND DISTILLERY,VILLICANA WINE & SPIRITS,RE:FIND DISTILLERY,"2725 ADELAIDA RD, PASO ROBLES, CA, 93446",PASO ROBLES,CA,93446,CA-S-20387,1,RE:FIND DISTILLERY PASO ROBLES California,"RE:FIND DISTILLERY 2725 ADELAIDA RD, PASO ROBLES, CA, 93446",TTB Spirits Producers and Bottlers List,https://www.ttb.gov/public-information/foia/list-of-permittees,2026-08-21,TTB Spirits Producers and Bottlers List: CA-S-20387,unreviewed
ca-ttb-c18fecdfcd9d,ICM Beverage,ICM BEVERAGE LLC,ICM Beverage,"40880 COUNTY CENTER DR STE P, TEMECULA, CA, 92591",TEMECULA,CA,92591,CA-S-20342,1,ICM Beverage TEMECULA California,"ICM Beverage 40880 COUNTY CENTER DR STE P, TEMECULA, CA, 92591",TTB Spirits Producers and Bottlers List,https://www.ttb.gov/public-information/foia/list-of-permittees,2026-08-21,TTB Spirits Producers and Bottlers List: CA-S-20342,unreviewed
ca-ttb-c1da93a8c380,Waterbird Spirits,"DRINKPAK, LLC",Waterbird Spirits,"21375 NEEDHAM RANCH PKWY, SANTA CLARITA, CA, 91321",SANTA CLARITA,CA,91321,CA-S-20370,1,Waterbird Spirits SANTA CLARITA California,"Waterbird Spirits 21375 NEEDHAM RANCH PKWY, SANTA CLARITA, CA, 91321",TTB Spirits Producers and Bottlers List,https://www.ttb.gov/public-information/foia/list-of-permittees,2026-08-21,TTB Spirits Producers and Bottlers List: CA-S-20370,unreviewed
ca-ttb-c23a622eb4b1,"EAFD, LLC","EAFD, LLC",,"1545 W 134TH ST, GARDENA, CA, 90249",GARDENA,CA,90249,CA-S-15110,1,"EAFD, LLC GARDENA California","EAFD, LLC 1545 W 134TH ST, GARDENA, CA, 90249",TTB Spirits Producers and Bottlers List,https://www.ttb.gov/public-information/foia/list-of-permittees,2026-08-21,TTB Spirits Producers and Bottlers List: CA-S-15110,unreviewed
ca-ttb-c29ba9560e65,"SMART CUPS, LLC","SMART CUPS, LLC",,"25732 TALADRO CIR, MISSION VIEJO, CA, 92691",MISSION VIEJO,CA,92691,CA-S-20314,1,"SMART CUPS, LLC MISSION VIEJO California","SMART CUPS, LLC 25732 TALADRO CIR, MISSION VIEJO, CA, 92691",TTB Spirits Producers and Bottlers List,https://www.ttb.gov/public-information/foia/list-of-permittees,2026-08-21,TTB Spirits Producers and Bottlers List: CA-S-20314,unreviewed
ca-ttb-c415149e44f4,LIVE VINE INC.,LIVE VINE INC.,,"743 LUDS WAY, OROVILLE, CA, 95965",OROVILLE,CA,95965,CA-S-20548,1,LIVE VINE INC. OROVILLE California,"LIVE VINE INC. 743 LUDS WAY, OROVILLE, CA, 95965",TTB Spirits Producers and Bottlers List,https://www.ttb.gov/public-information/foia/list-of-permittees,2026-08-21,TTB Spirits Producers and Bottlers List: CA-S-20548,unreviewed
ca-ttb-c4d0a63b0532,J. LOHR WINERY CORPORATION,J. LOHR WINERY CORPORATION,,"1000 LENZEN AVE, SAN JOSE, CA, 95126",SAN JOSE,CA,95126,CA-S-318,1,J. LOHR WINERY CORPORATION SAN JOSE California,"J. LOHR WINERY CORPORATION 1000 LENZEN AVE, SAN JOSE, CA, 95126",TTB Spirits Producers and Bottlers List,https://www.ttb.gov/public-information/foia/list-of-permittees,2026-08-21,TTB Spirits Producers and Bottlers List: CA-S-318,unreviewed
ca-ttb-c52f4bc488db,"QUALITY WORKS, INC.","QUALITY WORKS, INC.",,"330 CATALPA ST, SAN MATEO, CA, 94401",SAN MATEO,CA,94401,CA-S-20590,1,"QUALITY WORKS, INC. SAN MATEO California","QUALITY WORKS, INC. 330 CATALPA ST, SAN MATEO, CA, 94401",TTB Spirits Producers and Bottlers List,https://www.ttb.gov/public-information/foia/list-of-permittees,2026-08-21,TTB Spirits Producers and Bottlers List: CA-S-20590,unreviewed
ca-ttb-c5ad4515ec5a,Mission Bell Winery,"CONSTELLATION BRANDS U.S. OPERATIONS, INC.",Mission Bell Winery,"12667 ROAD 24, MADERA, CA, 93637",MADERA,CA,93637,CA-S-64,1,Mission Bell Winery MADERA California,"Mission Bell Winery 12667 ROAD 24, MADERA, CA, 93637",TTB Spirits Producers and Bottlers List,https://www.ttb.gov/public-information/foia/list-of-permittees,2026-08-21,TTB Spirits Producers and Bottlers List: CA-S-64,unreviewed
ca-ttb-c5d6bf883988,ELK FIELD Vineyards,NADIEM HANNA KHOURY,ELK FIELD Vineyards,"7801 HIGHWAY 20, UKIAH, CA, 95482",UKIAH,CA,95482,CA-S-20334,1,ELK FIELD Vineyards UKIAH California,"ELK FIELD Vineyards 7801 HIGHWAY 20, UKIAH, CA, 95482",TTB Spirits Producers and Bottlers List,https://www.ttb.gov/public-information/foia/list-of-permittees,2026-08-21,TTB Spirits Producers and Bottlers List: CA-S-20334,unreviewed
ca-ttb-c632e3901d35,CAL BEV-GO LLC,CAL BEV-GO LLC,,"1401 GROVE ST UNIT D, HEALDSBURG, CA, 95448",HEALDSBURG,CA,95448,CA-S-20440,1,CAL BEV-GO LLC HEALDSBURG California,"CAL BEV-GO LLC 1401 GROVE ST UNIT D, HEALDSBURG, CA, 95448",TTB Spirits Producers and Bottlers List,https://www.ttb.gov/public-information/foia/list-of-permittees,2026-08-21,TTB Spirits Producers and Bottlers List: CA-S-20440,unreviewed
ca-ttb-c712dffaf387,Humboldt Craft Spirits,HCS BRANDS HOLDINGS LLC,Humboldt Craft Spirits,"205 7TH ST STE C, EUREKA, CA, 95501",EUREKA,CA,95501,CA-S-20572,1,Humboldt Craft Spirits EUREKA California,"Humboldt Craft Spirits 205 7TH ST STE C, EUREKA, CA, 95501",TTB Spirits Producers and Bottlers List,https://www.ttb.gov/public-information/foia/list-of-permittees,2026-08-21,TTB Spirits Producers and Bottlers List: CA-S-20572,unreviewed
ca-ttb-c7451fca6f13,"STAG'S LEAP WINE CELLARS, LLC","STAG'S LEAP WINE CELLARS, LLC",,"8711 SILVERADO TRAIL, ST. HELENA, CA, 94574",ST. HELENA,CA,94574,CA-S-20469,1,"STAG'S LEAP WINE CELLARS, LLC ST. HELENA California","STAG'S LEAP WINE CELLARS, LLC 8711 SILVERADO TRAIL, ST. HELENA, CA, 94574",TTB Spirits Producers and Bottlers List,https://www.ttb.gov/public-information/foia/list-of-permittees,2026-08-21,TTB Spirits Producers and Bottlers List: CA-S-20469,unreviewed
ca-ttb-c7aec4f28a36,Misadventure & Co.,"LOST & FOUND DISTILLERY, INC.",Misadventure & Co.,"2420 GRAND AVE STE C, VISTA, CA, 92081",VISTA,CA,92081,CA-S-20253,1,Misadventure & Co. VISTA California,"Misadventure & Co. 2420 GRAND AVE STE C, VISTA, CA, 92081",TTB Spirits Producers and Bottlers List,https://www.ttb.gov/public-information/foia/list-of-permittees,2026-08-21,TTB Spirits Producers and Bottlers List: CA-S-20253,unreviewed
ca-ttb-c83c0cac00dc,"MAKE BEVERAGE GROUP, LLC","MAKE BEVERAGE GROUP, LLC",,"500 S ANAHEIM BLVD UNIT A, ANAHEIM, CA, 92805",ANAHEIM,CA,92805,CA-S-20176,1,"MAKE BEVERAGE GROUP, LLC ANAHEIM California","MAKE BEVERAGE GROUP, LLC 500 S ANAHEIM BLVD UNIT A, ANAHEIM, CA, 92805",TTB Spirits Producers and Bottlers List,https://www.ttb.gov/public-information/foia/list-of-permittees,2026-08-21,TTB Spirits Producers and Bottlers List: CA-S-20176,unreviewed
ca-ttb-c8571450d469,Orelar,"VINSCI, INC.",Orelar,"303 GATEWAY RD W, NAPA, CA, 94558",NAPA,CA,94558,CA-S-20470,1,Orelar NAPA California,"Orelar 303 GATEWAY RD W, NAPA, CA, 94558",TTB Spirits Producers and Bottlers List,https://www.ttb.gov/public-information/foia/list-of-permittees,2026-08-21,TTB Spirits Producers and Bottlers List: CA-S-20470,unreviewed
ca-ttb-c879d67554f9,GOLDEN VALLEY GRAPE JUICE & WINE,"GOLDEN VALLEY GRAPE JUICE AND WINE, LLC",GOLDEN VALLEY GRAPE JUICE & WINE,"11770 ROAD 27 1/2, MADERA, CA, 93637",MADERA,CA,93637,CA-S-357,1,GOLDEN VALLEY GRAPE JUICE & WINE MADERA California,"GOLDEN VALLEY GRAPE JUICE & WINE 11770 ROAD 27 1/2, MADERA, CA, 93637",TTB Spirits Producers and Bottlers List,https://www.ttb.gov/public-information/foia/list-of-permittees,2026-08-21,TTB Spirits Producers and Bottlers List: CA-S-357,unreviewed
ca-ttb-c92d7ef1809a,THE BLACKSTORM BRAND LLC,"THE BLACKSTORM BRAND, LLC",THE BLACKSTORM BRAND LLC,"1634 W 139TH ST, GARDENA, CA, 90249",GARDENA,CA,90249,CA-S-20459,1,THE BLACKSTORM BRAND LLC GARDENA California,"THE BLACKSTORM BRAND LLC 1634 W 139TH ST, GARDENA, CA, 90249",TTB Spirits Producers and Bottlers List,https://www.ttb.gov/public-information/foia/list-of-permittees,2026-08-21,TTB Spirits Producers and Bottlers List: CA-S-20459,unreviewed
ca-ttb-c98dd33f31ad,Olehna,"HOUSE OF THE SUN, LLC",Olehna,"2601 MONARCH ST, ALAMEDA, CA, 94501",ALAMEDA,CA,94501,CA-S-20367,1,Olehna ALAMEDA California,"Olehna 2601 MONARCH ST, ALAMEDA, CA, 94501",TTB Spirits Producers and Bottlers List,https://www.ttb.gov/public-information/foia/list-of-permittees,2026-08-21,TTB Spirits Producers and Bottlers List: CA-S-20367,unreviewed
ca-ttb-c9c2514a3b45,GOLDEN STATE VINTNERS,GOLDEN STATE VINTNERS,,"38558 ROAD 128, CUTLER, CA, 93615",CUTLER,CA,93615,CA-S-219,1,GOLDEN STATE VINTNERS CUTLER California,"GOLDEN STATE VINTNERS 38558 ROAD 128, CUTLER, CA, 93615",TTB Spirits Producers and Bottlers List,https://www.ttb.gov/public-information/foia/list-of-permittees,2026-08-21,TTB Spirits Producers and Bottlers List: CA-S-219,unreviewed
ca-ttb-ca851c6042a8,Wille's Tin Shop,"ROXANNE'S, INC.",Wille's Tin Shop,"1115 E WARDLOW RD UNIT A, LONG BEACH, CA, 90807",LONG BEACH,CA,90807,CA-S-20267,1,Wille's Tin Shop LONG BEACH California,"Wille's Tin Shop 1115 E WARDLOW RD UNIT A, LONG BEACH, CA, 90807",TTB Spirits Producers and Bottlers List,https://www.ttb.gov/public-information/foia/list-of-permittees,2026-08-21,TTB Spirits Producers and Bottlers List: CA-S-20267,unreviewed
ca-ttb-cae2468dc0b3,"MOJO BREWHOUSE, LLC","MOJO BREWHOUSE, LLC",,"221 W MONTECITO ST, SANTA BARBARA, CA, 93101",SANTA BARBARA,CA,93101,CA-S-20595,1,"MOJO BREWHOUSE, LLC SANTA BARBARA California","MOJO BREWHOUSE, LLC 221 W MONTECITO ST, SANTA BARBARA, CA, 93101",TTB Spirits Producers and Bottlers List,https://www.ttb.gov/public-information/foia/list-of-permittees,2026-08-21,TTB Spirits Producers and Bottlers List: CA-S-20595,unreviewed
ca-ttb-cb8ec01a9595,Venus Spirits LLC,VENUS SPIRITS LLC,Venus Spirits LLC,"200 HIGH RD, SANTA CRUZ, CA, 95060",SANTA CRUZ,CA,95060,CA-S-20049,1,Venus Spirits LLC SANTA CRUZ California,"Venus Spirits LLC 200 HIGH RD, SANTA CRUZ, CA, 95060",TTB Spirits Producers and Bottlers List,https://www.ttb.gov/public-information/foia/list-of-permittees,2026-08-21,TTB Spirits Producers and Bottlers List: CA-S-20049,unreviewed
ca-ttb-cc39cd3aa6eb,Wildfire Vodka,WILD FIRE VODKA LLC,Wildfire Vodka,"16040 KAPLAN AVE, CITY OF INDUSTRY, CA, 91744",CITY OF INDUSTRY,CA,91744,CA-S-20256,1,Wildfire Vodka CITY OF INDUSTRY California,"Wildfire Vodka 16040 KAPLAN AVE, CITY OF INDUSTRY, CA, 91744",TTB Spirits Producers and Bottlers List,https://www.ttb.gov/public-information/foia/list-of-permittees,2026-08-21,TTB Spirits Producers and Bottlers List: CA-S-20256,unreviewed
ca-ttb-cc4ea12fd772,California Distilled Spirits,EDWIN ARNOLD,California Distilled Spirits,"12205 LOCKSLEY LN UNIT 11, AUBURN, CA, 95602",AUBURN,CA,95602,CA-S-20044,1,California Distilled Spirits AUBURN California,"California Distilled Spirits 12205 LOCKSLEY LN UNIT 11, AUBURN, CA, 95602",TTB Spirits Producers and Bottlers List,https://www.ttb.gov/public-information/foia/list-of-permittees,2026-08-21,TTB Spirits Producers and Bottlers List: CA-S-20044,unreviewed
ca-ttb-cc71f1e12154,Martinelli Winery,"MARTINELLI WINERY, INC.",Martinelli Winery,"3360 RIVER RD, WINDSOR, CA, 95492",WINDSOR,CA,95492,CA-S-20080,1,Martinelli Winery WINDSOR California,"Martinelli Winery 3360 RIVER RD, WINDSOR, CA, 95492",TTB Spirits Producers and Bottlers List,https://www.ttb.gov/public-information/foia/list-of-permittees,2026-08-21,TTB Spirits Producers and Bottlers List: CA-S-20080,unreviewed
ca-ttb-cca29703a354,"SANTA MONICA MOUNTAINS FARMSTEAD, LLC","SANTA MONICA MOUNTAINS FARMSTEAD, LLC",,"853 VIA ALONDRA, CAMARILLO, CA, 93012",CAMARILLO,CA,93012,CA-S-20292,1,"SANTA MONICA MOUNTAINS FARMSTEAD, LLC CAMARILLO California","SANTA MONICA MOUNTAINS FARMSTEAD, LLC 853 VIA ALONDRA, CAMARILLO, CA, 93012",TTB Spirits Producers and Bottlers List,https://www.ttb.gov/public-information/foia/list-of-permittees,2026-08-21,TTB Spirits Producers and Bottlers List: CA-S-20292,unreviewed
ca-ttb-ccf7fc32fd72,Distillery Cheval,"HOTEL CHEVAL, LLC",Distillery Cheval,"1021 PINE ST, PASO ROBLES, CA, 93446",PASO ROBLES,CA,93446,CA-S-20395,1,Distillery Cheval PASO ROBLES California,"Distillery Cheval 1021 PINE ST, PASO ROBLES, CA, 93446",TTB Spirits Producers and Bottlers List,https://www.ttb.gov/public-information/foia/list-of-permittees,2026-08-21,TTB Spirits Producers and Bottlers List: CA-S-20395,unreviewed
ca-ttb-cde82c4391ac,VIE-DEL COMPANY,VIE-DEL COMPANY,,"13363 S INDIANOLA AVE, KINGSBURG, CA, 93631",KINGSBURG,CA,93631,CA-S-164,1,VIE-DEL COMPANY KINGSBURG California,"VIE-DEL COMPANY 13363 S INDIANOLA AVE, KINGSBURG, CA, 93631",TTB Spirits Producers and Bottlers List,https://www.ttb.gov/public-information/foia/list-of-permittees,2026-08-21,TTB Spirits Producers and Bottlers List: CA-S-164,unreviewed
ca-ttb-ce60bd415e6c,Valley of Nine,EDNA DISTILLERY LLC,Valley of Nine,"2585 BIDDLE RANCH RD, SAN LUIS OBISPO, CA, 93401",SAN LUIS OBISPO,CA,93401,CA-S-20596,1,Valley of Nine SAN LUIS OBISPO California,"Valley of Nine 2585 BIDDLE RANCH RD, SAN LUIS OBISPO, CA, 93401",TTB Spirits Producers and Bottlers List,https://www.ttb.gov/public-information/foia/list-of-permittees,2026-08-21,TTB Spirits Producers and Bottlers List: CA-S-20596,unreviewed
ca-ttb-cf3f4b120fed,Giuseppe's Cucina,"GIUSEPPE'S CUCINA, LLC",Giuseppe's Cucina,"801 PRICE ST, PISMO BEACH, CA, 93449",PISMO BEACH,CA,93449,CA-S-20490,1,Giuseppe's Cucina PISMO BEACH California,"Giuseppe's Cucina 801 PRICE ST, PISMO BEACH, CA, 93449",TTB Spirits Producers and Bottlers List,https://www.ttb.gov/public-information/foia/list-of-permittees,2026-08-21,TTB Spirits Producers and Bottlers List: CA-S-20490,unreviewed
ca-ttb-cf9496b876be,1850 Spirits,"1850 INDUSTRIES, INC",1850 Spirits,"5176 HIGHWAY 49N G, MARIPOSA, CA, 95338",MARIPOSA,CA,95338,CA-S-20425,1,1850 Spirits MARIPOSA California,"1850 Spirits 5176 HIGHWAY 49N G, MARIPOSA, CA, 95338",TTB Spirits Producers and Bottlers List,https://www.ttb.gov/public-information/foia/list-of-permittees,2026-08-21,TTB Spirits Producers and Bottlers List: CA-S-20425,unreviewed
ca-ttb-d05e6d7e2b21,Tank Space,TANK SPACE,Tank Space,"1390 VINCI AVE, SACRAMENTO, CA, 95838",SACRAMENTO,CA,95838,CA-S-20325,1,Tank Space SACRAMENTO California,"Tank Space 1390 VINCI AVE, SACRAMENTO, CA, 95838",TTB Spirits Producers and Bottlers List,https://www.ttb.gov/public-information/foia/list-of-permittees,2026-08-21,TTB Spirits Producers and Bottlers List: CA-S-20325,unreviewed
ca-ttb-d07a774bed91,HELLOCELLO LLC,HELLOCELLO LLC,,"21877 EIGHT ST #4, SONOMA, CA, 95476",SONOMA,CA,95476,CA-S-15081,1,HELLOCELLO LLC SONOMA California,"HELLOCELLO LLC 21877 EIGHT ST #4, SONOMA, CA, 95476",TTB Spirits Producers and Bottlers List,https://www.ttb.gov/public-information/foia/list-of-permittees,2026-08-21,TTB Spirits Producers and Bottlers List: CA-S-15081,unreviewed
ca-ttb-d07bd8bfe1dd,St. Rose Winery,FREDERICK J NUNES,St. Rose Winery,"5775 OLD REDWOOD HWY, SANTA ROSA, CA, 95403",SANTA ROSA,CA,95403,CA-S-20037,1,St. Rose Winery SANTA ROSA California,"St. Rose Winery 5775 OLD REDWOOD HWY, SANTA ROSA, CA, 95403",TTB Spirits Producers and Bottlers List,https://www.ttb.gov/public-information/foia/list-of-permittees,2026-08-21,TTB Spirits Producers and Bottlers List: CA-S-20037,unreviewed
ca-ttb-d085532ae0f9,Galway Spirits,"GALWAY SPIRITS, INC.",Galway Spirits,"42065 ZEVO DR UNIT 7, TEMECULA, CA, 92590",TEMECULA,CA,92590,CA-S-20135,1,Galway Spirits TEMECULA California,"Galway Spirits 42065 ZEVO DR UNIT 7, TEMECULA, CA, 92590",TTB Spirits Producers and Bottlers List,https://www.ttb.gov/public-information/foia/list-of-permittees,2026-08-21,TTB Spirits Producers and Bottlers List: CA-S-20135,unreviewed
ca-ttb-d1a53e5b9a6b,GIUMARRA VINEYARDS CORPORATION,GIUMARRA VINEYARDS CORPORATION,,"11220 EDISON HWY, EDISON, CA, 93220",EDISON,CA,93220,CA-S-125,1,GIUMARRA VINEYARDS CORPORATION EDISON California,"GIUMARRA VINEYARDS CORPORATION 11220 EDISON HWY, EDISON, CA, 93220",TTB Spirits Producers and Bottlers List,https://www.ttb.gov/public-information/foia/list-of-permittees,2026-08-21,TTB Spirits Producers and Bottlers List: CA-S-125,unreviewed
ca-ttb-d1cee031b86c,Brucato Spirits,"CHENERY, LLC",Brucato Spirits,"275 S VAN NESS AVE, SAN FRANCISCO, CA, 94103",SAN FRANCISCO,CA,94103,CA-S-20264,1,Brucato Spirits SAN FRANCISCO California,"Brucato Spirits 275 S VAN NESS AVE, SAN FRANCISCO, CA, 94103",TTB Spirits Producers and Bottlers List,https://www.ttb.gov/public-information/foia/list-of-permittees,2026-08-21,TTB Spirits Producers and Bottlers List: CA-S-20264,unreviewed
ca-ttb-d3a4ff7c70fc,RTD Specialties,GORDON BIERSCH BREWING COMPANY,RTD Specialties,"357 E TAYLOR ST, SAN JOSE, CA, 95112",SAN JOSE,CA,95112,CA-S-20372,1,RTD Specialties SAN JOSE California,"RTD Specialties 357 E TAYLOR ST, SAN JOSE, CA, 95112",TTB Spirits Producers and Bottlers List,https://www.ttb.gov/public-information/foia/list-of-permittees,2026-08-21,TTB Spirits Producers and Bottlers List: CA-S-20372,unreviewed
ca-ttb-d406ef25078a,DIVITTORIO WINERY,ALBERT J. DIVITTORIO AND SALLY DIVITTORIO,DIVITTORIO WINERY,"3961 SEVEN RIDGES RD, CAMINO, CA, 95709",CAMINO,CA,95709,CA-S-359,1,DIVITTORIO WINERY CAMINO California,"DIVITTORIO WINERY 3961 SEVEN RIDGES RD, CAMINO, CA, 95709",TTB Spirits Producers and Bottlers List,https://www.ttb.gov/public-information/foia/list-of-permittees,2026-08-21,TTB Spirits Producers and Bottlers List: CA-S-359,unreviewed
ca-ttb-d41fdf909621,JORDAN VINEYARD & WINERY,JVW CORPORATION,JORDAN VINEYARD & WINERY,"1474 ALEXANDER VALLEY RD, HEALDSBURG, CA, 95448",HEALDSBURG,CA,95448,CA-S-15050,1,JORDAN VINEYARD & WINERY HEALDSBURG California,"JORDAN VINEYARD & WINERY 1474 ALEXANDER VALLEY RD, HEALDSBURG, CA, 95448",TTB Spirits Producers and Bottlers List,https://www.ttb.gov/public-information/foia/list-of-permittees,2026-08-21,TTB Spirits Producers and Bottlers List: CA-S-15050,unreviewed
ca-ttb-d47977ba8651,THREE KINGS SPIRITS LLC,THREE KINGS SPIRITS LLC,,"1 CERRO GORDO RD, CERRO GORDO, CA, 93530",CERRO GORDO,CA,93530,CA-S-20360,1,THREE KINGS SPIRITS LLC CERRO GORDO California,"THREE KINGS SPIRITS LLC 1 CERRO GORDO RD, CERRO GORDO, CA, 93530",TTB Spirits Producers and Bottlers List,https://www.ttb.gov/public-information/foia/list-of-permittees,2026-08-21,TTB Spirits Producers and Bottlers List: CA-S-20360,unreviewed
ca-ttb-d4da357b2ac9,STAGS' LEAP WINERY,/ TREASURY WINE ESTATES AMERICAS COMPANY,STAGS' LEAP WINERY,"6150 SILVERADO TRL, NAPA, CA, 94558",NAPA,CA,94558,CA-S-20539,1,STAGS' LEAP WINERY NAPA California,"STAGS' LEAP WINERY 6150 SILVERADO TRL, NAPA, CA, 94558",TTB Spirits Producers and Bottlers List,https://www.ttb.gov/public-information/foia/list-of-permittees,2026-08-21,TTB Spirits Producers and Bottlers List: CA-S-20539,unreviewed
ca-ttb-d4f36b59cf5e,Whiskey on Tap,CHRIS AGHAYAN,Whiskey on Tap,"1270 LINCOLN AVE STE 1200, PASADENA, CA, 91103",PASADENA,CA,91103,CA-S-20174,1,Whiskey on Tap PASADENA California,"Whiskey on Tap 1270 LINCOLN AVE STE 1200, PASADENA, CA, 91103",TTB Spirits Producers and Bottlers List,https://www.ttb.gov/public-information/foia/list-of-permittees,2026-08-21,TTB Spirits Producers and Bottlers List: CA-S-20174,unreviewed
ca-ttb-d5337521ae8e,"COSTA AZUL WINERY, INC.","COSTA AZUL WINERY, INC.",,"934 N COAST HIGHWAY 101, ENCINITAS, CA, 92024",ENCINITAS,CA,92024,CA-S-20309,1,"COSTA AZUL WINERY, INC. ENCINITAS California","COSTA AZUL WINERY, INC. 934 N COAST HIGHWAY 101, ENCINITAS, CA, 92024",TTB Spirits Producers and Bottlers List,https://www.ttb.gov/public-information/foia/list-of-permittees,2026-08-21,TTB Spirits Producers and Bottlers List: CA-S-20309,unreviewed
ca-ttb-d6abcefddd06,HOOKER OAK DISTILLERY LLC,HOOKER OAK DISTILLERY LLC,,"2420 PARK AVE, CHICO, CA, 95928",CHICO,CA,95928,CA-S-20143,1,HOOKER OAK DISTILLERY LLC CHICO California,"HOOKER OAK DISTILLERY LLC 2420 PARK AVE, CHICO, CA, 95928",TTB Spirits Producers and Bottlers List,https://www.ttb.gov/public-information/foia/list-of-permittees,2026-08-21,TTB Spirits Producers and Bottlers List: CA-S-20143,unreviewed
ca-ttb-d71c5509b29a,"IBY, LLC","IBY, LLC",,"15801 E 1ST ST, IRWINDALE, CA, 91706",IRWINDALE,CA,91706,CA-S-20364,1,"IBY, LLC IRWINDALE California","IBY, LLC 15801 E 1ST ST, IRWINDALE, CA, 91706",TTB Spirits Producers and Bottlers List,https://www.ttb.gov/public-information/foia/list-of-permittees,2026-08-21,TTB Spirits Producers and Bottlers List: CA-S-20364,unreviewed
ca-ttb-d761ba3357be,"COPPER & MAPLE DISTILLING, LLC","COPPER & MAPLE DISTILLING, LLC",,"1974 E COPPER AVE STE 106, FRESNO, CA, 93730",FRESNO,CA,93730,CA-S-20556,1,"COPPER & MAPLE DISTILLING, LLC FRESNO California","COPPER & MAPLE DISTILLING, LLC 1974 E COPPER AVE STE 106, FRESNO, CA, 93730",TTB Spirits Producers and Bottlers List,https://www.ttb.gov/public-information/foia/list-of-permittees,2026-08-21,TTB Spirits Producers and Bottlers List: CA-S-20556,unreviewed
ca-ttb-d7e33dcffdf0,Hanson Spirits,"HANSON SPIRITS, LLC",Hanson Spirits,"669 BRIDGEWAY, SAUSALITO, CA, 94965",SAUSALITO,CA,94965,CA-S-20248,1,Hanson Spirits SAUSALITO California,"Hanson Spirits 669 BRIDGEWAY, SAUSALITO, CA, 94965",TTB Spirits Producers and Bottlers List,https://www.ttb.gov/public-information/foia/list-of-permittees,2026-08-21,TTB Spirits Producers and Bottlers List: CA-S-20248,unreviewed
ca-ttb-d7ef542d0041,VERANDA COCKTAILS,"CASE BY CASE CANNING, LLC",VERANDA COCKTAILS,"233 E ANAHEIM ST, LONG BEACH, CA, 90813",LONG BEACH,CA,90813,CA-S-20543,1,VERANDA COCKTAILS LONG BEACH California,"VERANDA COCKTAILS 233 E ANAHEIM ST, LONG BEACH, CA, 90813",TTB Spirits Producers and Bottlers List,https://www.ttb.gov/public-information/foia/list-of-permittees,2026-08-21,TTB Spirits Producers and Bottlers List: CA-S-20543,unreviewed
ca-ttb-d99a6d400226,VENTURA SPIRITS COMPANY LLC,VENTURA SPIRITS COMPANY LLC,,"3891 N VENTURA AVE STE B2A, VENTURA, CA, 93001",VENTURA,CA,93001,CA-S-20047,1,VENTURA SPIRITS COMPANY LLC VENTURA California,"VENTURA SPIRITS COMPANY LLC 3891 N VENTURA AVE STE B2A, VENTURA, CA, 93001",TTB Spirits Producers and Bottlers List,https://www.ttb.gov/public-information/foia/list-of-permittees,2026-08-21,TTB Spirits Producers and Bottlers List: CA-S-20047,unreviewed
ca-ttb-d9ad92241bf5,CASTORO CELLARS,CASTORO CELLARS,,"6465 VON DOLLEN RD, SAN MIGUEL, CA, 93451",SAN MIGUEL,CA,93451,CA-S-15031,1,CASTORO CELLARS SAN MIGUEL California,"CASTORO CELLARS 6465 VON DOLLEN RD, SAN MIGUEL, CA, 93451",TTB Spirits Producers and Bottlers List,https://www.ttb.gov/public-information/foia/list-of-permittees,2026-08-21,TTB Spirits Producers and Bottlers List: CA-S-15031,unreviewed
ca-ttb-d9b653cdd69f,RUBIN WINES LLC,RUBIN WINES LLC,,"5220 ROSS RD, SEBASTOPOL, CA, 95472",SEBASTOPOL,CA,95472,CA-S-20115,1,RUBIN WINES LLC SEBASTOPOL California,"RUBIN WINES LLC 5220 ROSS RD, SEBASTOPOL, CA, 95472",TTB Spirits Producers and Bottlers List,https://www.ttb.gov/public-information/foia/list-of-permittees,2026-08-21,TTB Spirits Producers and Bottlers List: CA-S-20115,unreviewed
ca-ttb-d9fdefc88181,Karpe Kanem Winery,ALVIN STUART HASIN,Karpe Kanem Winery,"7380 HIDDEN LAKE RD, FORESTVILLE, CA, 95436",FORESTVILLE,CA,95436,CA-S-20454,1,Karpe Kanem Winery FORESTVILLE California,"Karpe Kanem Winery 7380 HIDDEN LAKE RD, FORESTVILLE, CA, 95436",TTB Spirits Producers and Bottlers List,https://www.ttb.gov/public-information/foia/list-of-permittees,2026-08-21,TTB Spirits Producers and Bottlers List: CA-S-20454,unreviewed
ca-ttb-da191e6332b5,Big Baobab,"LAT RESTAURANT, INC.",Big Baobab,"2243 & 2247 MISSION ST, SAN FRANCISCO, CA, 94110",SAN FRANCISCO,CA,94110,CA-S-20424,1,Big Baobab SAN FRANCISCO California,"Big Baobab 2243 & 2247 MISSION ST, SAN FRANCISCO, CA, 94110",TTB Spirits Producers and Bottlers List,https://www.ttb.gov/public-information/foia/list-of-permittees,2026-08-21,TTB Spirits Producers and Bottlers List: CA-S-20424,unreviewed
ca-ttb-da195e29a8b6,EFFICIENT INDUSTRIES LLC,EFFICIENT INDUSTRIES LLC,,"41669 DATE ST STE 100B, MURRIETA, CA, 92562",MURRIETA,CA,92562,CA-S-20528,1,EFFICIENT INDUSTRIES LLC MURRIETA California,"EFFICIENT INDUSTRIES LLC 41669 DATE ST STE 100B, MURRIETA, CA, 92562",TTB Spirits Producers and Bottlers List,https://www.ttb.gov/public-information/foia/list-of-permittees,2026-08-21,TTB Spirits Producers and Bottlers List: CA-S-20528,unreviewed
ca-ttb-db269e51908c,"SADDLESPRINGS BEVERAGE COMPANY, INC.","SADDLESPRINGS BEVERAGE COMPANY, INC.",,"20700 BELSHAW AVE, CARSON, CA, 90746",CARSON,CA,90746,CA-S-20008,1,"SADDLESPRINGS BEVERAGE COMPANY, INC. CARSON California","SADDLESPRINGS BEVERAGE COMPANY, INC. 20700 BELSHAW AVE, CARSON, CA, 90746",TTB Spirits Producers and Bottlers List,https://www.ttb.gov/public-information/foia/list-of-permittees,2026-08-21,TTB Spirits Producers and Bottlers List: CA-S-20008,unreviewed
ca-ttb-dba5e5541415,"IN SPIRIT GROUP, INC.","IN SPIRIT GROUP, INC.",,"22625 S WESTERN AVE, TORRANCE, CA, 90501",TORRANCE,CA,90501,CA-S-20202,1,"IN SPIRIT GROUP, INC. TORRANCE California","IN SPIRIT GROUP, INC. 22625 S WESTERN AVE, TORRANCE, CA, 90501",TTB Spirits Producers and Bottlers List,https://www.ttb.gov/public-information/foia/list-of-permittees,2026-08-21,TTB Spirits Producers and Bottlers List: CA-S-20202,unreviewed
ca-ttb-dbb4847838e4,Bally Keal Vineyards,"BALLY KEAL VINEYARDS, LLC",Bally Keal Vineyards,"4286 SUISUN VALLEY RD, FAIRFIELD, CA, 94534",FAIRFIELD,CA,94534,CA-S-20352,1,Bally Keal Vineyards FAIRFIELD California,"Bally Keal Vineyards 4286 SUISUN VALLEY RD, FAIRFIELD, CA, 94534",TTB Spirits Producers and Bottlers List,https://www.ttb.gov/public-information/foia/list-of-permittees,2026-08-21,TTB Spirits Producers and Bottlers List: CA-S-20352,unreviewed
ca-ttb-dc46280345a3,Charron Favreau,CHARRON FAVREAU L.L.C.,Charron Favreau,"4682 CALLE BOLERO RD UNIT B, CAMARILLO, CA, 93012",CAMARILLO,CA,93012,CA-S-20104,1,Charron Favreau CAMARILLO California,"Charron Favreau 4682 CALLE BOLERO RD UNIT B, CAMARILLO, CA, 93012",TTB Spirits Producers and Bottlers List,https://www.ttb.gov/public-information/foia/list-of-permittees,2026-08-21,TTB Spirits Producers and Bottlers List: CA-S-20104,unreviewed
ca-ttb-dcbdeff36055,1865 CRAFT HOUSE & KITCHEN,"1865 CRAFT HOUSE & KITCHEN, LLC",1865 CRAFT HOUSE & KITCHEN,"1865 MONTEREY ST, SAN LUIS OBISPO, CA, 93401",SAN LUIS OBISPO,CA,93401,CA-S-20523,1,1865 CRAFT HOUSE & KITCHEN SAN LUIS OBISPO California,"1865 CRAFT HOUSE & KITCHEN 1865 MONTEREY ST, SAN LUIS OBISPO, CA, 93401",TTB Spirits Producers and Bottlers List,https://www.ttb.gov/public-information/foia/list-of-permittees,2026-08-21,TTB Spirits Producers and Bottlers List: CA-S-20523,unreviewed
ca-ttb-deb114ac6563,"GYPPO ALE MILL, INC.","GYPPO ALE MILL, INC.",,"1661 UPPER PACIFIC DR, SHELTER COVE, CA, 95589",SHELTER COVE,CA,95589,CA-S-20500,1,"GYPPO ALE MILL, INC. SHELTER COVE California","GYPPO ALE MILL, INC. 1661 UPPER PACIFIC DR, SHELTER COVE, CA, 95589",TTB Spirits Producers and Bottlers List,https://www.ttb.gov/public-information/foia/list-of-permittees,2026-08-21,TTB Spirits Producers and Bottlers List: CA-S-20500,unreviewed
ca-ttb-dfb38b04128e,Sukkah Hill Spirits,SUKKAHHILL SPIRITS LLC,Sukkah Hill Spirits,"1545 W 134TH ST UNIT E, GARDENA, CA, 90249",GARDENA,CA,90249,CA-S-20074,1,Sukkah Hill Spirits GARDENA California,"Sukkah Hill Spirits 1545 W 134TH ST UNIT E, GARDENA, CA, 90249",TTB Spirits Producers and Bottlers List,https://www.ttb.gov/public-information/foia/list-of-permittees,2026-08-21,TTB Spirits Producers and Bottlers List: CA-S-20074,unreviewed
ca-ttb-e01cc9fe8ab8,Brand Proof,BRAND PROOF LLC,Brand Proof,"730 E 139TH ST, COMPTON, CA, 90059",COMPTON,CA,90059,CA-S-20346,1,Brand Proof COMPTON California,"Brand Proof 730 E 139TH ST, COMPTON, CA, 90059",TTB Spirits Producers and Bottlers List,https://www.ttb.gov/public-information/foia/list-of-permittees,2026-08-21,TTB Spirits Producers and Bottlers List: CA-S-20346,unreviewed
ca-ttb-e0a2f0a158e5,Drinqme,PETER LAI,Drinqme,"2340 STANWELL CIR, CONCORD, CA, 94520",CONCORD,CA,94520,CA-S-20270,1,Drinqme CONCORD California,"Drinqme 2340 STANWELL CIR, CONCORD, CA, 94520",TTB Spirits Producers and Bottlers List,https://www.ttb.gov/public-information/foia/list-of-permittees,2026-08-21,TTB Spirits Producers and Bottlers List: CA-S-20270,unreviewed
ca-ttb-e0ba6113a712,Kunde Family Winery,"ADAIR KUNDE, LLC",Kunde Family Winery,"9825 HWY 12, KENWOOD, CA, 95452",KENWOOD,CA,95452,CA-S-20510,1,Kunde Family Winery KENWOOD California,"Kunde Family Winery 9825 HWY 12, KENWOOD, CA, 95452",TTB Spirits Producers and Bottlers List,https://www.ttb.gov/public-information/foia/list-of-permittees,2026-08-21,TTB Spirits Producers and Bottlers List: CA-S-20510,unreviewed
ca-ttb-e143d554f238,"D.P. ENTERPRISES, LP, D. PAPAGNI INVESTMENTS, INC., GP","D.P. ENTERPRISES, LP, D. PAPAGNI INVESTMENTS, INC., GP",,"9505 ROAD 30 1/2, MADERA, CA, 93636",MADERA,CA,93636,CA-S-20524,1,"D.P. ENTERPRISES, LP, D. PAPAGNI INVESTMENTS, INC., GP MADERA California","D.P. ENTERPRISES, LP, D. PAPAGNI INVESTMENTS, INC., GP 9505 ROAD 30 1/2, MADERA, CA, 93636",TTB Spirits Producers and Bottlers List,https://www.ttb.gov/public-information/foia/list-of-permittees,2026-08-21,TTB Spirits Producers and Bottlers List: CA-S-20524,unreviewed
ca-ttb-e1bec0889a6f,Boochcraft,"THE BOOCHERY, INC.",Boochcraft,"684 ANITA ST STE F1 & F2, CHULA VISTA, CA, 91911",CHULA VISTA,CA,91911,CA-S-20388,1,Boochcraft CHULA VISTA California,"Boochcraft 684 ANITA ST STE F1 & F2, CHULA VISTA, CA, 91911",TTB Spirits Producers and Bottlers List,https://www.ttb.gov/public-information/foia/list-of-permittees,2026-08-21,TTB Spirits Producers and Bottlers List: CA-S-20388,unreviewed
ca-ttb-e21a9c09ed64,Young and Yonder Spirits,"MOUNTAIN HOUSE SPIRITS, LLC",Young and Yonder Spirits,"449 ALLAN CT, HEALDSBURG, CA, 95448",HEALDSBURG,CA,95448,CA-S-20065,1,Young and Yonder Spirits HEALDSBURG California,"Young and Yonder Spirits 449 ALLAN CT, HEALDSBURG, CA, 95448",TTB Spirits Producers and Bottlers List,https://www.ttb.gov/public-information/foia/list-of-permittees,2026-08-21,TTB Spirits Producers and Bottlers List: CA-S-20065,unreviewed
ca-ttb-e27a0ba78473,The Peacock,TALL BROWN AND HANDSOME INC,The Peacock,"1108 BROAD ST, SAN LUIS OBISPO, CA, 93401",SAN LUIS OBISPO,CA,93401,CA-S-20600,1,The Peacock SAN LUIS OBISPO California,"The Peacock 1108 BROAD ST, SAN LUIS OBISPO, CA, 93401",TTB Spirits Producers and Bottlers List,https://www.ttb.gov/public-information/foia/list-of-permittees,2026-08-21,TTB Spirits Producers and Bottlers List: CA-S-20600,unreviewed
ca-ttb-e27f54666ba0,"Imperial Spirits, LLC","IMPERIAL SPIRITS, LLC","Imperial Spirits, LLC","30 E SHANK RD UNIT B, BRAWLEY, CA, 92227",BRAWLEY,CA,92227,CA-S-20275,1,"Imperial Spirits, LLC BRAWLEY California","Imperial Spirits, LLC 30 E SHANK RD UNIT B, BRAWLEY, CA, 92227",TTB Spirits Producers and Bottlers List,https://www.ttb.gov/public-information/foia/list-of-permittees,2026-08-21,TTB Spirits Producers and Bottlers List: CA-S-20275,unreviewed
ca-ttb-e304992d1df8,NAPA YARD LP,NAPA YARD LP,,"585 FIRST ST, NAPA, CA, 94559",NAPA,CA,94559,CA-S-20368,1,NAPA YARD LP NAPA California,"NAPA YARD LP 585 FIRST ST, NAPA, CA, 94559",TTB Spirits Producers and Bottlers List,https://www.ttb.gov/public-information/foia/list-of-permittees,2026-08-21,TTB Spirits Producers and Bottlers List: CA-S-20368,unreviewed
ca-ttb-e33301bee1dd,rum et al.,ET ALIAE SPIRITS LLC,rum et al.,"909 E EL SEGUNDO BLVD, EL SEGUNDO, CA, 90245",EL SEGUNDO,CA,90245,CA-S-20603,1,rum et al. EL SEGUNDO California,"rum et al. 909 E EL SEGUNDO BLVD, EL SEGUNDO, CA, 90245",TTB Spirits Producers and Bottlers List,https://www.ttb.gov/public-information/foia/list-of-permittees,2026-08-21,TTB Spirits Producers and Bottlers List: CA-S-20603,unreviewed
ca-ttb-e349d195bcf5,Whalebird Kombucha,KOMPLETE LLC,Whalebird Kombucha,"3576 EMPLEO ST, STE. 1, 2, 3, 4, 7, SAN LUIS OBISPO, CA, 93401",SAN LUIS OBISPO,CA,93401,CA-S-20300,1,Whalebird Kombucha SAN LUIS OBISPO California,"Whalebird Kombucha 3576 EMPLEO ST, STE. 1, 2, 3, 4, 7, SAN LUIS OBISPO, CA, 93401",TTB Spirits Producers and Bottlers List,https://www.ttb.gov/public-information/foia/list-of-permittees,2026-08-21,TTB Spirits Producers and Bottlers List: CA-S-20300,unreviewed
ca-ttb-e428f39b6380,"OWENS VALLEY DISTILLING COMPANY, LLC","OWENS VALLEY DISTILLING COMPANY, LLC",,"237 E SOUTH ST UNIT E, BISHOP, CA, 93514",BISHOP,CA,93514,CA-S-20156,1,"OWENS VALLEY DISTILLING COMPANY, LLC BISHOP California","OWENS VALLEY DISTILLING COMPANY, LLC 237 E SOUTH ST UNIT E, BISHOP, CA, 93514",TTB Spirits Producers and Bottlers List,https://www.ttb.gov/public-information/foia/list-of-permittees,2026-08-21,TTB Spirits Producers and Bottlers List: CA-S-20156,unreviewed
ca-ttb-e46b725b7edc,Portuguese Bend Distilling,"PORTUGUESE BEND DISTILLING, LLC",Portuguese Bend Distilling,"300 THE PROMENADE NORTH UNIT A-106, LONG BEACH, CA, 90802",LONG BEACH,CA,90802,CA-S-20252,1,Portuguese Bend Distilling LONG BEACH California,"Portuguese Bend Distilling 300 THE PROMENADE NORTH UNIT A-106, LONG BEACH, CA, 90802",TTB Spirits Producers and Bottlers List,https://www.ttb.gov/public-information/foia/list-of-permittees,2026-08-21,TTB Spirits Producers and Bottlers List: CA-S-20252,unreviewed
ca-ttb-e479ddf3e840,"SOUTH FORK SPIRITS, LLC","SOUTH FORK SPIRITS, LLC",,"16128 W BROOKSIDE DR, SONORA, CA, 95370",SONORA,CA,95370,CA-S-20084,1,"SOUTH FORK SPIRITS, LLC SONORA California","SOUTH FORK SPIRITS, LLC 16128 W BROOKSIDE DR, SONORA, CA, 95370",TTB Spirits Producers and Bottlers List,https://www.ttb.gov/public-information/foia/list-of-permittees,2026-08-21,TTB Spirits Producers and Bottlers List: CA-S-20084,unreviewed
ca-ttb-e556aebd7764,MIZZA,"MIZZA, LLC",MIZZA,"1112 STATE ST, SANTA BARBARA, CA, 93101",SANTA BARBARA,CA,93101,CA-S-20496,1,MIZZA SANTA BARBARA California,"MIZZA 1112 STATE ST, SANTA BARBARA, CA, 93101",TTB Spirits Producers and Bottlers List,https://www.ttb.gov/public-information/foia/list-of-permittees,2026-08-21,TTB Spirits Producers and Bottlers List: CA-S-20496,unreviewed
ca-ttb-e5884edba35b,Belching Beaver Brewery,"BELCHING BEAVER BREWERY, INC",Belching Beaver Brewery,"1334 ROCKY POINT DR, OCEANSIDE, CA, 92056",OCEANSIDE,CA,92056,CA-S-20486,1,Belching Beaver Brewery OCEANSIDE California,"Belching Beaver Brewery 1334 ROCKY POINT DR, OCEANSIDE, CA, 92056",TTB Spirits Producers and Bottlers List,https://www.ttb.gov/public-information/foia/list-of-permittees,2026-08-21,TTB Spirits Producers and Bottlers List: CA-S-20486,unreviewed
ca-ttb-e676abf069cd,Aonair,"GLJR WINE, LLC",Aonair,"201 DEVLIN RD, NAPA, CA, 94558",NAPA,CA,94558,CA-S-20580,1,Aonair NAPA California,"Aonair 201 DEVLIN RD, NAPA, CA, 94558",TTB Spirits Producers and Bottlers List,https://www.ttb.gov/public-information/foia/list-of-permittees,2026-08-21,TTB Spirits Producers and Bottlers List: CA-S-20580,unreviewed
ca-ttb-e6b99343e5bc,Loft & Bear Distillery,Y.SA INC.,Loft & Bear Distillery,"6414 S MCKINLEY AVE, LOS ANGELES, CA, 90001",LOS ANGELES,CA,90001,CA-S-20021,1,Loft & Bear Distillery LOS ANGELES California,"Loft & Bear Distillery 6414 S MCKINLEY AVE, LOS ANGELES, CA, 90001",TTB Spirits Producers and Bottlers List,https://www.ttb.gov/public-information/foia/list-of-permittees,2026-08-21,TTB Spirits Producers and Bottlers List: CA-S-20021,unreviewed
ca-ttb-e754176a36ef,Lopez Spirits & Beverages Company,"HACIENDA LOPEZ, INC.",Lopez Spirits & Beverages Company,"21170 CENTRE POINTE PKWY STE 230, SANTA CLARITA, CA, 91350",SANTA CLARITA,CA,91350,CA-S-20278,1,Lopez Spirits & Beverages Company SANTA CLARITA California,"Lopez Spirits & Beverages Company 21170 CENTRE POINTE PKWY STE 230, SANTA CLARITA, CA, 91350",TTB Spirits Producers and Bottlers List,https://www.ttb.gov/public-information/foia/list-of-permittees,2026-08-21,TTB Spirits Producers and Bottlers List: CA-S-20278,unreviewed
ca-ttb-e83365734cb1,"MATEVEZA, LLC","MATEVEZA, LLC",,"647 - 649 SAN ANSELMO AVE, SAN ANSELMO, CA, 94960",SAN ANSELMO,CA,94960,CA-S-20568,1,"MATEVEZA, LLC SAN ANSELMO California","MATEVEZA, LLC 647 - 649 SAN ANSELMO AVE, SAN ANSELMO, CA, 94960",TTB Spirits Producers and Bottlers List,https://www.ttb.gov/public-information/foia/list-of-permittees,2026-08-21,TTB Spirits Producers and Bottlers List: CA-S-20568,unreviewed
ca-ttb-e85ee3ab4c95,Barley and Boar Kitchen and Distillery,BU BREWING LLC,Barley and Boar Kitchen and Distillery,"5925 ENTRADA AVE, ATASCADERO, CA, 93422",ATASCADERO,CA,93422,CA-S-20453,1,Barley and Boar Kitchen and Distillery ATASCADERO California,"Barley and Boar Kitchen and Distillery 5925 ENTRADA AVE, ATASCADERO, CA, 93422",TTB Spirits Producers and Bottlers List,https://www.ttb.gov/public-information/foia/list-of-permittees,2026-08-21,TTB Spirits Producers and Bottlers List: CA-S-20453,unreviewed
ca-ttb-e8cc70db4ae4,"FREIXENET SONOMA CAVES, INC.","FREIXENET SONOMA CAVES, INC.",,"23555 ARNOLD DR, SONOMA, CA, 95476",SONOMA,CA,95476,CA-S-377,1,"FREIXENET SONOMA CAVES, INC. SONOMA California","FREIXENET SONOMA CAVES, INC. 23555 ARNOLD DR, SONOMA, CA, 95476",TTB Spirits Producers and Bottlers List,https://www.ttb.gov/public-information/foia/list-of-permittees,2026-08-21,TTB Spirits Producers and Bottlers List: CA-S-377,unreviewed
ca-ttb-e8ecafc63b93,Ashtree Whiskey,L.L. VALLEY GROUP LLC,Ashtree Whiskey,"1100 COLE AVE UNIT E, CLOVIS, CA, 93612",CLOVIS,CA,93612,CA-S-20587,1,Ashtree Whiskey CLOVIS California,"Ashtree Whiskey 1100 COLE AVE UNIT E, CLOVIS, CA, 93612",TTB Spirits Producers and Bottlers List,https://www.ttb.gov/public-information/foia/list-of-permittees,2026-08-21,TTB Spirits Producers and Bottlers List: CA-S-20587,unreviewed
ca-ttb-e924fcfee9c0,Stark Spirits,"STARK SPIRITS, LLC",Stark Spirits,"1260 LINCOLN AVE STE 1100, PASADENA, CA, 91103",PASADENA,CA,91103,CA-S-20045,1,Stark Spirits PASADENA California,"Stark Spirits 1260 LINCOLN AVE STE 1100, PASADENA, CA, 91103",TTB Spirits Producers and Bottlers List,https://www.ttb.gov/public-information/foia/list-of-permittees,2026-08-21,TTB Spirits Producers and Bottlers List: CA-S-20045,unreviewed
ca-ttb-e93215614bae,Artisan Craft Cocktails,ARTISAN CRAFT COCKTAILS INC.,Artisan Craft Cocktails,"1382 VALENCIA AVE STE A, TUSTIN, CA, 92780",TUSTIN,CA,92780,CA-S-20319,1,Artisan Craft Cocktails TUSTIN California,"Artisan Craft Cocktails 1382 VALENCIA AVE STE A, TUSTIN, CA, 92780",TTB Spirits Producers and Bottlers List,https://www.ttb.gov/public-information/foia/list-of-permittees,2026-08-21,TTB Spirits Producers and Bottlers List: CA-S-20319,unreviewed
ca-ttb-e93bfeab26f5,PELLEGRINI FAMILY VINEYARDS,"PELLEGRINI BROS. WINES, INC.",PELLEGRINI FAMILY VINEYARDS,"4055 W OLIVET RD, SANTA ROSA, CA, 95401",SANTA ROSA,CA,95401,CA-S-15059,1,PELLEGRINI FAMILY VINEYARDS SANTA ROSA California,"PELLEGRINI FAMILY VINEYARDS 4055 W OLIVET RD, SANTA ROSA, CA, 95401",TTB Spirits Producers and Bottlers List,https://www.ttb.gov/public-information/foia/list-of-permittees,2026-08-21,TTB Spirits Producers and Bottlers List: CA-S-15059,unreviewed
ca-ttb-e9ae1731f3c0,Nasung Sool Co,FAULK BREWS AND SPIRITS LLC,Nasung Sool Co,"141 W WILSHIRE AVE STE D, FULLERTON, CA, 92832",FULLERTON,CA,92832,CA-S-20593,1,Nasung Sool Co FULLERTON California,"Nasung Sool Co 141 W WILSHIRE AVE STE D, FULLERTON, CA, 92832",TTB Spirits Producers and Bottlers List,https://www.ttb.gov/public-information/foia/list-of-permittees,2026-08-21,TTB Spirits Producers and Bottlers List: CA-S-20593,unreviewed
ca-ttb-ea4929f63dbd,"ECOPAS, LLC","ECOPAS, LLC",,"2717 AVIATION WAY, SANTA MARIA, CA, 93455",SANTA MARIA,CA,93455,CA-S-20103,1,"ECOPAS, LLC SANTA MARIA California","ECOPAS, LLC 2717 AVIATION WAY, SANTA MARIA, CA, 93455",TTB Spirits Producers and Bottlers List,https://www.ttb.gov/public-information/foia/list-of-permittees,2026-08-21,TTB Spirits Producers and Bottlers List: CA-S-20103,unreviewed
ca-ttb-ea90db3c0604,SOUTHNORTE BRANDS LLC,SOUTHNORTE BRANDS LLC,,"10810 INLAND AVE, JURUPA VALLEY, CA, 91752",JURUPA VALLEY,CA,91752,CA-S-20476,1,SOUTHNORTE BRANDS LLC JURUPA VALLEY California,"SOUTHNORTE BRANDS LLC 10810 INLAND AVE, JURUPA VALLEY, CA, 91752",TTB Spirits Producers and Bottlers List,https://www.ttb.gov/public-information/foia/list-of-permittees,2026-08-21,TTB Spirits Producers and Bottlers List: CA-S-20476,unreviewed
ca-ttb-eb7fb64930de,Sierra Court LLC,"SIERRA COURT, LLC",Sierra Court LLC,"8008 EASTSIDE RD BLDG C, HEALDSBURG, CA, 95448",HEALDSBURG,CA,95448,CA-S-20244,1,Sierra Court LLC HEALDSBURG California,"Sierra Court LLC 8008 EASTSIDE RD BLDG C, HEALDSBURG, CA, 95448",TTB Spirits Producers and Bottlers List,https://www.ttb.gov/public-information/foia/list-of-permittees,2026-08-21,TTB Spirits Producers and Bottlers List: CA-S-20244,unreviewed
ca-ttb-ebb6c1921969,SLO Stills,"SLO BREWING CO, LLC",SLO Stills,"855 AEROVISTA PL STE 120, SAN LUIS OBISPO, CA, 93401",SAN LUIS OBISPO,CA,93401,CA-S-20218,1,SLO Stills SAN LUIS OBISPO California,"SLO Stills 855 AEROVISTA PL STE 120, SAN LUIS OBISPO, CA, 93401",TTB Spirits Producers and Bottlers List,https://www.ttb.gov/public-information/foia/list-of-permittees,2026-08-21,TTB Spirits Producers and Bottlers List: CA-S-20218,unreviewed
ca-ttb-ebd3cd18af85,Valensin Vineyard & Winery,VALENSIN VINEYARD & WINERY,Valensin Vineyard & Winery,"10675 VALENSIN RD, GALT, CA, 95632",GALT,CA,95632,CA-S-20555,1,Valensin Vineyard & Winery GALT California,"Valensin Vineyard & Winery 10675 VALENSIN RD, GALT, CA, 95632",TTB Spirits Producers and Bottlers List,https://www.ttb.gov/public-information/foia/list-of-permittees,2026-08-21,TTB Spirits Producers and Bottlers List: CA-S-20555,unreviewed
ca-ttb-ecc700d7e1dc,SWAN & FOX LLC,SWAN & FOX LLC,,"3375 MISSION AVE STE J/K, OCEANSIDE, CA, 92058",OCEANSIDE,CA,92058,CA-S-20563,1,SWAN & FOX LLC OCEANSIDE California,"SWAN & FOX LLC 3375 MISSION AVE STE J/K, OCEANSIDE, CA, 92058",TTB Spirits Producers and Bottlers List,https://www.ttb.gov/public-information/foia/list-of-permittees,2026-08-21,TTB Spirits Producers and Bottlers List: CA-S-20563,unreviewed
ca-ttb-ed6f39aa6786,CAKEBREAD CELLARS,CAKEBREAD CELLARS,,"8300 ST HELENA HWY, RUTHERFORD, CA, 94573",RUTHERFORD,CA,94573,CA-S-15055,1,CAKEBREAD CELLARS RUTHERFORD California,"CAKEBREAD CELLARS 8300 ST HELENA HWY, RUTHERFORD, CA, 94573",TTB Spirits Producers and Bottlers List,https://www.ttb.gov/public-information/foia/list-of-permittees,2026-08-21,TTB Spirits Producers and Bottlers List: CA-S-15055,unreviewed
ca-ttb-ed7082dfb58e,J.J. Pfister Distilling,"JJ PFISTER DISTILLING COMPANY, LLC",J.J. Pfister Distilling,"9819 BUSINESS PARK DR STE 3&4, SACRAMENTO, CA, 95827",SACRAMENTO,CA,95827,CA-S-20185,1,J.J. Pfister Distilling SACRAMENTO California,"J.J. Pfister Distilling 9819 BUSINESS PARK DR STE 3&4, SACRAMENTO, CA, 95827",TTB Spirits Producers and Bottlers List,https://www.ttb.gov/public-information/foia/list-of-permittees,2026-08-21,TTB Spirits Producers and Bottlers List: CA-S-20185,unreviewed
ca-ttb-ee79522e09bc,RUINS DISTILLERY LLC,RUINS DISTILLERY LLC,,"108 DODD CT, AMERICAN CANYON, CA, 94503",AMERICAN CANYON,CA,94503,CA-S-20431,1,RUINS DISTILLERY LLC AMERICAN CANYON California,"RUINS DISTILLERY LLC 108 DODD CT, AMERICAN CANYON, CA, 94503",TTB Spirits Producers and Bottlers List,https://www.ttb.gov/public-information/foia/list-of-permittees,2026-08-21,TTB Spirits Producers and Bottlers List: CA-S-20431,unreviewed
ca-ttb-eef4a2eb33ad,Knox & Dobson,"EARL'S BIG IDEA, LLC",Knox & Dobson,"2031 E FOOTHILL BLVD, PASADENA, CA, 91107",PASADENA,CA,91107,CA-S-20478,1,Knox & Dobson PASADENA California,"Knox & Dobson 2031 E FOOTHILL BLVD, PASADENA, CA, 91107",TTB Spirits Producers and Bottlers List,https://www.ttb.gov/public-information/foia/list-of-permittees,2026-08-21,TTB Spirits Producers and Bottlers List: CA-S-20478,unreviewed
ca-ttb-ef1e7b22534c,Shedcat Distillery,SHEDCAT LLC,Shedcat Distillery,"3668 LAKE TAHOE BLVD STE A, SOUTH LAKE TAHOE, CA, 96150",SOUTH LAKE TAHOE,CA,96150,CA-S-20417,1,Shedcat Distillery SOUTH LAKE TAHOE California,"Shedcat Distillery 3668 LAKE TAHOE BLVD STE A, SOUTH LAKE TAHOE, CA, 96150",TTB Spirits Producers and Bottlers List,https://www.ttb.gov/public-information/foia/list-of-permittees,2026-08-21,TTB Spirits Producers and Bottlers List: CA-S-20417,unreviewed
ca-ttb-efdf4dbd0ce9,CYPHER WINERY,"Q4X, INC.",CYPHER WINERY,"7300 N RIVER RD, PASO ROBLES, CA, 93446",PASO ROBLES,CA,93446,CA-S-15128,1,CYPHER WINERY PASO ROBLES California,"CYPHER WINERY 7300 N RIVER RD, PASO ROBLES, CA, 93446",TTB Spirits Producers and Bottlers List,https://www.ttb.gov/public-information/foia/list-of-permittees,2026-08-21,TTB Spirits Producers and Bottlers List: CA-S-15128,unreviewed
ca-ttb-f06106ca7dbe,Ambix Spirits,AMBIX SPIRITS LLC,Ambix Spirits,"1944 HIGH SCHOOL RD, SEBASTOPOL, CA, 95472",SEBASTOPOL,CA,95472,CA-S-20426,1,Ambix Spirits SEBASTOPOL California,"Ambix Spirits 1944 HIGH SCHOOL RD, SEBASTOPOL, CA, 95472",TTB Spirits Producers and Bottlers List,https://www.ttb.gov/public-information/foia/list-of-permittees,2026-08-21,TTB Spirits Producers and Bottlers List: CA-S-20426,unreviewed
ca-ttb-f1678cee36ac,WASTED YOUTH SPIRITS,"HORN ENTERPRISES, INC.",WASTED YOUTH SPIRITS,"3230 RIVERSIDE AVE UNIT # 190, PASO ROBLES, CA, 93446",PASO ROBLES,CA,93446,CA-S-20079,1,WASTED YOUTH SPIRITS PASO ROBLES California,"WASTED YOUTH SPIRITS 3230 RIVERSIDE AVE UNIT # 190, PASO ROBLES, CA, 93446",TTB Spirits Producers and Bottlers List,https://www.ttb.gov/public-information/foia/list-of-permittees,2026-08-21,TTB Spirits Producers and Bottlers List: CA-S-20079,unreviewed
ca-ttb-f191c69efad3,EPU CELLAR LLC,EPU CELLAR LLC,,"101 GRANT AVE UNIT I, HEALDSBURG, CA, 95448",HEALDSBURG,CA,95448,CA-S-20503,1,EPU CELLAR LLC HEALDSBURG California,"EPU CELLAR LLC 101 GRANT AVE UNIT I, HEALDSBURG, CA, 95448",TTB Spirits Producers and Bottlers List,https://www.ttb.gov/public-information/foia/list-of-permittees,2026-08-21,TTB Spirits Producers and Bottlers List: CA-S-20503,unreviewed
ca-ttb-f1921143094f,GIBSON WINE COMPANY,GIBSON WINE COMPANY,,"1720 ACADEMY AVE, SANGER, CA, 93657",SANGER,CA,93657,CA-S-928,1,GIBSON WINE COMPANY SANGER California,"GIBSON WINE COMPANY 1720 ACADEMY AVE, SANGER, CA, 93657",TTB Spirits Producers and Bottlers List,https://www.ttb.gov/public-information/foia/list-of-permittees,2026-08-21,TTB Spirits Producers and Bottlers List: CA-S-928,unreviewed
ca-ttb-f20ce91f017c,Purple Spirits,GRATON SPIRITS COMPANY LLC,Purple Spirits,"9109 GRATON RD BLDG C, GRATON, CA, 95444",GRATON,CA,95444,CA-S-20058,1,Purple Spirits GRATON California,"Purple Spirits 9109 GRATON RD BLDG C, GRATON, CA, 95444",TTB Spirits Producers and Bottlers List,https://www.ttb.gov/public-information/foia/list-of-permittees,2026-08-21,TTB Spirits Producers and Bottlers List: CA-S-20058,unreviewed
ca-ttb-f233a8b0a374,Left Coast Brewing Co. Tasting Room Smokehouse Distillery,LEFT COAST BREWING COMPANY,Left Coast Brewing Co. Tasting Room Smokehouse Distillery,"980 N HAVEN AVE STE 100, ONTARIO, CA, 91764",ONTARIO,CA,91764,CA-S-20480,1,Left Coast Brewing Co. Tasting Room Smokehouse Distillery ONTARIO California,"Left Coast Brewing Co. Tasting Room Smokehouse Distillery 980 N HAVEN AVE STE 100, ONTARIO, CA, 91764",TTB Spirits Producers and Bottlers List,https://www.ttb.gov/public-information/foia/list-of-permittees,2026-08-21,TTB Spirits Producers and Bottlers List: CA-S-20480,unreviewed
ca-ttb-f25c0686776f,ALMADEN-MADERA,THE WINE GROUP LLC,ALMADEN-MADERA,"22004 ROAD 24, MADERA, CA, 93638",MADERA,CA,93638,CA-S-15070,1,ALMADEN-MADERA MADERA California,"ALMADEN-MADERA 22004 ROAD 24, MADERA, CA, 93638",TTB Spirits Producers and Bottlers List,https://www.ttb.gov/public-information/foia/list-of-permittees,2026-08-21,TTB Spirits Producers and Bottlers List: CA-S-15070,unreviewed
ca-ttb-f3a2c47d4beb,Iron Hub Winery,ANN AINSLEY THOMAS LLC,Iron Hub Winery,"12500 STEINER RD, PLYMOUTH, CA, 95669",PLYMOUTH,CA,95669,CA-S-20245,1,Iron Hub Winery PLYMOUTH California,"Iron Hub Winery 12500 STEINER RD, PLYMOUTH, CA, 95669",TTB Spirits Producers and Bottlers List,https://www.ttb.gov/public-information/foia/list-of-permittees,2026-08-21,TTB Spirits Producers and Bottlers List: CA-S-20245,unreviewed
ca-ttb-f44e9a964e7d,"SF BEVERAGE AND DISTILLING CO., LLC","SF BEVERAGE AND DISTILLING CO., LLC",,"100 HOOPER ST, SAN FRANCISCO, CA, 94107",SAN FRANCISCO,CA,94107,CA-S-20521,1,"SF BEVERAGE AND DISTILLING CO., LLC SAN FRANCISCO California","SF BEVERAGE AND DISTILLING CO., LLC 100 HOOPER ST, SAN FRANCISCO, CA, 94107",TTB Spirits Producers and Bottlers List,https://www.ttb.gov/public-information/foia/list-of-permittees,2026-08-21,TTB Spirits Producers and Bottlers List: CA-S-20521,unreviewed
ca-ttb-f47cef736ed8,The Natoma Distillery,JACKSON SQUARE HOSPITALITY LLC,The Natoma Distillery,"155 12 ST, SAN FRANCISCO, CA, 94103",SAN FRANCISCO,CA,94103,CA-S-20592,1,The Natoma Distillery SAN FRANCISCO California,"The Natoma Distillery 155 12 ST, SAN FRANCISCO, CA, 94103",TTB Spirits Producers and Bottlers List,https://www.ttb.gov/public-information/foia/list-of-permittees,2026-08-21,TTB Spirits Producers and Bottlers List: CA-S-20592,unreviewed
ca-ttb-f4e9b57761a9,WHISKEY RIVER,BRIAN RUNKLE,WHISKEY RIVER,"1128 WESTERN CT STE 11, FAIRFIELD, CA, 94533",FAIRFIELD,CA,94533,CA-S-20112,1,WHISKEY RIVER FAIRFIELD California,"WHISKEY RIVER 1128 WESTERN CT STE 11, FAIRFIELD, CA, 94533",TTB Spirits Producers and Bottlers List,https://www.ttb.gov/public-information/foia/list-of-permittees,2026-08-21,TTB Spirits Producers and Bottlers List: CA-S-20112,unreviewed
ca-ttb-f5a73cadec17,Hotaling & Co.,"HOTALING & CO., LLC",Hotaling & Co.,"PIER 50, SHED B, SAN FRANCISCO, CA, 94158",SAN FRANCISCO,CA,94158,CA-S-20265,1,Hotaling & Co. SAN FRANCISCO California,"Hotaling & Co. PIER 50, SHED B, SAN FRANCISCO, CA, 94158",TTB Spirits Producers and Bottlers List,https://www.ttb.gov/public-information/foia/list-of-permittees,2026-08-21,TTB Spirits Producers and Bottlers List: CA-S-20265,unreviewed
ca-ttb-f5ff73af1467,"PRESTIGE PRODUCTION SOLUTIONS, LLC","PRESTIGE PRODUCTION SOLUTIONS, LLC",,"265 LOMBARD RD STE A, AMERICAN CANYON, CA, 94503",AMERICAN CANYON,CA,94503,CA-S-20515,1,"PRESTIGE PRODUCTION SOLUTIONS, LLC AMERICAN CANYON California","PRESTIGE PRODUCTION SOLUTIONS, LLC 265 LOMBARD RD STE A, AMERICAN CANYON, CA, 94503",TTB Spirits Producers and Bottlers List,https://www.ttb.gov/public-information/foia/list-of-permittees,2026-08-21,TTB Spirits Producers and Bottlers List: CA-S-20515,unreviewed
ca-ttb-f6ee3c6d3db2,THE SILVERADO VINEYARDS,"FOLEY FAMILY WINES, INC.",THE SILVERADO VINEYARDS,"6121 SILVERADO TRL, NAPA, CA, 94558",NAPA,CA,94558,CA-S-20449,1,THE SILVERADO VINEYARDS NAPA California,"THE SILVERADO VINEYARDS 6121 SILVERADO TRL, NAPA, CA, 94558",TTB Spirits Producers and Bottlers List,https://www.ttb.gov/public-information/foia/list-of-permittees,2026-08-21,TTB Spirits Producers and Bottlers List: CA-S-20449,unreviewed
ca-ttb-f6fba4b49d5c,"FN CELLARS, LLC","FN CELLARS, LLC",,"1350 ACACIA DR, OAKVILLE, CA, 94562",OAKVILLE,CA,94562,CA-S-20565,1,"FN CELLARS, LLC OAKVILLE California","FN CELLARS, LLC 1350 ACACIA DR, OAKVILLE, CA, 94562",TTB Spirits Producers and Bottlers List,https://www.ttb.gov/public-information/foia/list-of-permittees,2026-08-21,TTB Spirits Producers and Bottlers List: CA-S-20565,unreviewed
ca-ttb-f71af7e312bb,EVANS BREWING COMPANY INC.,EVANS BREWING COMPANY INC.,,"2440 RAILROAD ST STE 101, CORONA, CA, 92880",CORONA,CA,92880,CA-S-20326,1,EVANS BREWING COMPANY INC. CORONA California,"EVANS BREWING COMPANY INC. 2440 RAILROAD ST STE 101, CORONA, CA, 92880",TTB Spirits Producers and Bottlers List,https://www.ttb.gov/public-information/foia/list-of-permittees,2026-08-21,TTB Spirits Producers and Bottlers List: CA-S-20326,unreviewed
ca-ttb-f7675bf77356,BEAR & THE WREN,SCRAMBLEZ GRILLE & BAR,BEAR & THE WREN,"570 HIGUERA ST STE 2, SAN LUIS OBISPO, CA, 93401",SAN LUIS OBISPO,CA,93401,CA-S-20577,1,BEAR & THE WREN SAN LUIS OBISPO California,"BEAR & THE WREN 570 HIGUERA ST STE 2, SAN LUIS OBISPO, CA, 93401",TTB Spirits Producers and Bottlers List,https://www.ttb.gov/public-information/foia/list-of-permittees,2026-08-21,TTB Spirits Producers and Bottlers List: CA-S-20577,unreviewed
ca-ttb-f875f508d599,Paskenta Brewing & Distilling Company,"PASKENTA BREWING & DISTILLING COMPANY, LLC",Paskenta Brewing & Distilling Company,"2655 EVERETT FREEMAN WAY, CORNING, CA, 96021",CORNING,CA,96021,CA-S-20350,1,Paskenta Brewing & Distilling Company CORNING California,"Paskenta Brewing & Distilling Company 2655 EVERETT FREEMAN WAY, CORNING, CA, 96021",TTB Spirits Producers and Bottlers List,https://www.ttb.gov/public-information/foia/list-of-permittees,2026-08-21,TTB Spirits Producers and Bottlers List: CA-S-20350,unreviewed
ca-ttb-f8b4eb5e992e,Carbon Negative Spirits,CARBON NEGATIVE SPIRITS LLC,Carbon Negative Spirits,"399 BUSINESS PARK CT SUITE 504, 505, 523 CT, WINDSOR, CA, 95492",WINDSOR,CA,95492,CA-S-20477,1,Carbon Negative Spirits WINDSOR California,"Carbon Negative Spirits 399 BUSINESS PARK CT SUITE 504, 505, 523 CT, WINDSOR, CA, 95492",TTB Spirits Producers and Bottlers List,https://www.ttb.gov/public-information/foia/list-of-permittees,2026-08-21,TTB Spirits Producers and Bottlers List: CA-S-20477,unreviewed
ca-ttb-f90a81b69875,SEGHESIO FAMILY VINEYARDS,"PINE RIDGE WINERY, LLC",SEGHESIO FAMILY VINEYARDS,"700 GROVE ST, HEALDSBURG, CA, 95448",HEALDSBURG,CA,95448,CA-S-15121,1,SEGHESIO FAMILY VINEYARDS HEALDSBURG California,"SEGHESIO FAMILY VINEYARDS 700 GROVE ST, HEALDSBURG, CA, 95448",TTB Spirits Producers and Bottlers List,https://www.ttb.gov/public-information/foia/list-of-permittees,2026-08-21,TTB Spirits Producers and Bottlers List: CA-S-15121,unreviewed
ca-ttb-f95547d1cc32,MPL BRANDS NV INC.,MPL BRANDS NV INC.,,"2455 HUNTINGTON DR, FAIRFIELD, CA, 94533",FAIRFIELD,CA,94533,CA-S-20467,1,MPL BRANDS NV INC. FAIRFIELD California,"MPL BRANDS NV INC. 2455 HUNTINGTON DR, FAIRFIELD, CA, 94533",TTB Spirits Producers and Bottlers List,https://www.ttb.gov/public-information/foia/list-of-permittees,2026-08-21,TTB Spirits Producers and Bottlers List: CA-S-20467,unreviewed
ca-ttb-f963278ab6ac,"NELLA TERRA CELLARS, INC.","NELLA TERRA CELLARS, INC.",,"5003 SHERIDAN RD, SUNOL, CA, 94586",SUNOL,CA,94586,CA-S-20189,1,"NELLA TERRA CELLARS, INC. SUNOL California","NELLA TERRA CELLARS, INC. 5003 SHERIDAN RD, SUNOL, CA, 94586",TTB Spirits Producers and Bottlers List,https://www.ttb.gov/public-information/foia/list-of-permittees,2026-08-21,TTB Spirits Producers and Bottlers List: CA-S-20189,unreviewed
ca-ttb-f97e5b7e5307,Lucca Winery,MARK STEVEN LUCCHESI,Lucca Winery,"16265 E RIVER RD, RIPON, CA, 95366",RIPON,CA,95366,CA-S-20473,1,Lucca Winery RIPON California,"Lucca Winery 16265 E RIVER RD, RIPON, CA, 95366",TTB Spirits Producers and Bottlers List,https://www.ttb.gov/public-information/foia/list-of-permittees,2026-08-21,TTB Spirits Producers and Bottlers List: CA-S-20473,unreviewed
ca-ttb-fa06fcc9c0c1,Aris Vodka Corporation,ARIS VODKA CORPORATION,Aris Vodka Corporation,"759 S STATE COLLEGE BLVD UNIT 18, FULLERTON, CA, 92831",FULLERTON,CA,92831,CA-S-20441,1,Aris Vodka Corporation FULLERTON California,"Aris Vodka Corporation 759 S STATE COLLEGE BLVD UNIT 18, FULLERTON, CA, 92831",TTB Spirits Producers and Bottlers List,https://www.ttb.gov/public-information/foia/list-of-permittees,2026-08-21,TTB Spirits Producers and Bottlers List: CA-S-20441,unreviewed
ca-ttb-fc7721ae207a,SCHEID VINEYARDS CALIFORNIA INC.,SCHEID VINEYARDS CALIFORNIA INC.,,"1972 HOBSON AVE, GREENFIELD, CA, 93927",GREENFIELD,CA,93927,CA-S-15036,1,SCHEID VINEYARDS CALIFORNIA INC. GREENFIELD California,"SCHEID VINEYARDS CALIFORNIA INC. 1972 HOBSON AVE, GREENFIELD, CA, 93927",TTB Spirits Producers and Bottlers List,https://www.ttb.gov/public-information/foia/list-of-permittees,2026-08-21,TTB Spirits Producers and Bottlers List: CA-S-15036,unreviewed
ca-ttb-fd44b29a2ce9,ALTR FLTR,ALTR FLTR INC.,ALTR FLTR,"4326 BIG RANCH RD, NAPA, CA, 94558",NAPA,CA,94558,CA-S-20575,1,ALTR FLTR NAPA California,"ALTR FLTR 4326 BIG RANCH RD, NAPA, CA, 94558",TTB Spirits Producers and Bottlers List,https://www.ttb.gov/public-information/foia/list-of-permittees,2026-08-21,TTB Spirits Producers and Bottlers List: CA-S-20575,unreviewed
ca-ttb-fd749481f11c,Six Drops,SAINT VINCENT BRANDS LLC,Six Drops,"30973 SANTANA ST STE 102, HAYWARD, CA, 94544",HAYWARD,CA,94544,CA-S-20383,1,Six Drops HAYWARD California,"Six Drops 30973 SANTANA ST STE 102, HAYWARD, CA, 94544",TTB Spirits Producers and Bottlers List,https://www.ttb.gov/public-information/foia/list-of-permittees,2026-08-21,TTB Spirits Producers and Bottlers List: CA-S-20383,unreviewed
ca-ttb-fd95ce4acf61,THE OBSCURE,AD OBSCURA LLC,THE OBSCURE,"3709 MEDFORD ST UNIT 15, LOS ANGELES, CA, 90063",LOS ANGELES,CA,90063,CA-S-20340,1,THE OBSCURE LOS ANGELES California,"THE OBSCURE 3709 MEDFORD ST UNIT 15, LOS ANGELES, CA, 90063",TTB Spirits Producers and Bottlers List,https://www.ttb.gov/public-information/foia/list-of-permittees,2026-08-21,TTB Spirits Producers and Bottlers List: CA-S-20340,unreviewed
ca-ttb-fdd719763593,19th Hole Spirits,19TH HOLE SPIRITS LLC,19th Hole Spirits,"1231 THIRD STREET PROMENADE, SANTA MONICA, CA, 90401",SANTA MONICA,CA,90401,CA-S-20435,1,19th Hole Spirits SANTA MONICA California,"19th Hole Spirits 1231 THIRD STREET PROMENADE, SANTA MONICA, CA, 90401",TTB Spirits Producers and Bottlers List,https://www.ttb.gov/public-information/foia/list-of-permittees,2026-08-21,TTB Spirits Producers and Bottlers List: CA-S-20435,unreviewed
ca-ttb-fec7621322f1,Kalifornia Distilleries,"KALIFORNIA DISTILLERIES, INC.",Kalifornia Distilleries,"41638 EASTMAN DR STE A, MURRIETA, CA, 92562",MURRIETA,CA,92562,CA-S-20257,1,Kalifornia Distilleries MURRIETA California,"Kalifornia Distilleries 41638 EASTMAN DR STE A, MURRIETA, CA, 92562",TTB Spirits Producers and Bottlers List,https://www.ttb.gov/public-information/foia/list-of-permittees,2026-08-21,TTB Spirits Producers and Bottlers List: CA-S-20257,unreviewed
ca-ttb-ffb10079d543,The Rock,SLO5ROCK LLC,The Rock,"855 AEROVISTA PL STE 120, SAN LUIS OBISPO, CA, 93401",SAN LUIS OBISPO,CA,93401,CA-S-20576,1,The Rock SAN LUIS OBISPO California,"The Rock 855 AEROVISTA PL STE 120, SAN LUIS OBISPO, CA, 93401",TTB Spirits Producers and Bottlers List,https://www.ttb.gov/public-information/foia/list-of-permittees,2026-08-21,TTB Spirits Producers and Bottlers List: CA-S-20576,unreviewed
ca-ttb-ffbc3882aa3f,"DEL SOL DISTILLERIES, INC.","DEL SOL DISTILLERIES, INC.",,"2766 VIA ORANGE WAY UNIT O, SPRING VALLEY, CA, 91978",SPRING VALLEY,CA,91978,CA-S-20195,1,"DEL SOL DISTILLERIES, INC. SPRING VALLEY California","DEL SOL DISTILLERIES, INC. 2766 VIA ORANGE WAY UNIT O, SPRING VALLEY, CA, 91978",TTB Spirits Producers and Bottlers List,https://www.ttb.gov/public-information/foia/list-of-permittees,2026-08-21,TTB Spirits Producers and Bottlers List: CA-S-20195,unreviewed
ca-ttb-fff604e5121f,Cali Shine Distillery Co.,"BRIAN TOEPFER, MICHAEL TOEPFER AND CHRISTOPHER DEAN",Cali Shine Distillery Co.,"5216 ARBOGA ROAD UNIT C, OLIVEHURST, CA, 95961",OLIVEHURST,CA,95961,CA-S-20083,1,Cali Shine Distillery Co. OLIVEHURST California,"Cali Shine Distillery Co. 5216 ARBOGA ROAD UNIT C, OLIVEHURST, CA, 95961",TTB Spirits Producers and Bottlers List,https://www.ttb.gov/public-information/foia/list-of-permittees,2026-08-21,TTB Spirits Producers and Bottlers List: CA-S-20083,unreviewed
