registry,company_number,company_name,country,read_on,status,status_detail,incorporated,last_accounts_date,last_accounts_type,next_due,accounts_overdue,confirmation_overdue,charges_total,charges_outstanding,charges_latest,sic,source,note
at-firmenbuch,FN 186541 A,Brennerei Rochelt GmbH,Austria,2026-09-20,unknown,,,,,,,,,,,,,no health reader for at-firmenbuch yet
at-firmenbuch,FN 192613 F,NUSSBACH DISTILLERY GmbH,Austria,2026-09-20,unknown,,,,,,,,,,,,,no health reader for at-firmenbuch yet
at-firmenbuch,FN 238822 I,Destillerie Hochstrasser GmbH & Co KG,Austria,2026-09-20,unknown,,,,,,,,,,,,,no health reader for at-firmenbuch yet
at-firmenbuch,FN 383289 K,Destillerie Weidenauer e.U.,Austria,2026-09-20,unknown,,,,,,,,,,,,,no health reader for at-firmenbuch yet
at-firmenbuch,FN 447945 V,Destillerie Puchas GmbH,Austria,2026-09-20,unknown,,,,,,,,,,,,,no health reader for at-firmenbuch yet
at-firmenbuch,FN 506382 F,Destillerie Jesche GmbH,Austria,2026-09-20,unknown,,,,,,,,,,,,,no health reader for at-firmenbuch yet
au-abr,11076232981,BIMBADGEN ESTATE PTY LIMITED,Australia,2026-09-20,unknown,,,,,,,,,,,,,no health reader for au-abr yet
au-abr,11601222682,SOUTHERN WILD DISTILLERY PTY LTD,Australia,2026-09-20,unknown,,,,,,,,,,,,,no health reader for au-abr yet
au-abr,11608583697,CEDAR FOX DISTILLING CO. PTY. LTD.,Australia,2026-09-20,unknown,,,,,,,,,,,,,no health reader for au-abr yet
au-abr,11617085382,BARKING OWL DISTILLING CO. PTY. LTD.,Australia,2026-09-20,unknown,,,,,,,,,,,,,no health reader for au-abr yet
au-abr,11632806672,THE AISLING DISTILLERY PTY LTD,Australia,2026-09-20,unknown,,,,,,,,,,,,,no health reader for au-abr yet
au-abr,12646008488,SUNNYSIDE PARK PTY LTD,Australia,2026-09-20,unknown,,,,,,,,,,,,,no health reader for au-abr yet
au-abr,12648476591,CUT SNAKE DISTILLERY PTY LTD,Australia,2026-09-20,unknown,,,,,,,,,,,,,no health reader for au-abr yet
au-abr,13008596370,"LION-BEER,SPIRITS & WINE PTY LTD",Australia,2026-09-20,unknown,,,,,,,,,,,,,no health reader for au-abr yet
au-abr,13152602198,VARIATIONS DISTILLERY PTY LTD,Australia,2026-09-20,unknown,,,,,,,,,,,,,no health reader for au-abr yet
au-abr,13609724932,POISON CREEK DISTILLING PTY LTD,Australia,2026-09-20,unknown,,,,,,,,,,,,,no health reader for au-abr yet
au-abr,13668034839,EIGHTH DAY DISTILLERY PTY LTD,Australia,2026-09-20,unknown,,,,,,,,,,,,,no health reader for au-abr yet
au-abr,14007873476,ST. AGNES DISTILLERY PTY LTD,Australia,2026-09-20,unknown,,,,,,,,,,,,,no health reader for au-abr yet
au-abr,14611249702,LORD BYRON PTY LTD,Australia,2026-09-20,unknown,,,,,,,,,,,,,no health reader for au-abr yet
au-abr,14625825738,DEVIL'S THUMB DISTILLERY PTY LTD,Australia,2026-09-20,unknown,,,,,,,,,,,,,no health reader for au-abr yet
au-abr,16609042024,CHIEFS SON DISTILLERY PTY LTD,Australia,2026-09-20,unknown,,,,,,,,,,,,,no health reader for au-abr yet
au-abr,16911570538,The Trustee for Steer Family Trust,Australia,2026-09-20,unknown,,,,,,,,,,,,,no health reader for au-abr yet
au-abr,17136524537,TNP Holdings Pty. Ltd.,Australia,2026-09-20,unknown,,,,,,,,,,,,,no health reader for au-abr yet
au-abr,17632014049,ARD OPERATION PTY LIMITED,Australia,2026-09-20,unknown,,,,,,,,,,,,,no health reader for au-abr yet
au-abr,17650200169,SKULDUGGERY DISTILLING PTY LTD,Australia,2026-09-20,unknown,,,,,,,,,,,,,no health reader for au-abr yet
au-abr,18306318405,The Trustee for the Whisky Down Under Trust,Australia,2026-09-20,unknown,,,,,,,,,,,,,no health reader for au-abr yet
au-abr,18440467214,The Trustee for JABS Trust,Australia,2026-09-20,unknown,,,,,,,,,,,,,no health reader for au-abr yet
au-abr,18644790670,THE HUB DINNER PLAIN PTY LTD,Australia,2026-09-20,unknown,,,,,,,,,,,,,no health reader for au-abr yet
au-abr,18649514590,CENTRAL COAST DISTILLERY PTY LTD,Australia,2026-09-20,unknown,,,,,,,,,,,,,no health reader for au-abr yet
au-abr,18660583666,AGIN VENTURES PTY LTD,Australia,2026-09-20,unknown,,,,,,,,,,,,,no health reader for au-abr yet
au-abr,19652729916,THORNY DEVIL DISTILLERS PTY LTD,Australia,2026-09-20,unknown,,,,,,,,,,,,,no health reader for au-abr yet
au-abr,19664570496,SIP & BANTER DISTILLERY PTY LTD,Australia,2026-09-20,unknown,,,,,,,,,,,,,no health reader for au-abr yet
au-abr,19680227721,FOR GOOD SPIRITS PTY LTD,Australia,2026-09-20,unknown,,,,,,,,,,,,,no health reader for au-abr yet
au-abr,19696634741,THAT SPIRITED LOT GROUP PTY LTD,Australia,2026-09-20,unknown,,,,,,,,,,,,,no health reader for au-abr yet
au-abr,20159345507,TIN SHED DISTILLING COMPANY PTY LTD,Australia,2026-09-20,unknown,,,,,,,,,,,,,no health reader for au-abr yet
au-abr,20635321309,PROJECT WILLOUGHBY PTY LTD,Australia,2026-09-20,unknown,,,,,,,,,,,,,no health reader for au-abr yet
au-abr,20662421490,DACELO DISTILLING PTY LTD,Australia,2026-09-20,unknown,,,,,,,,,,,,,no health reader for au-abr yet
au-abr,21689741277,THE QUIRKY DISTILLING CO PTY LTD,Australia,2026-09-20,unknown,,,,,,,,,,,,,no health reader for au-abr yet
au-abr,22743385286,The Trustee for Loaded Barrel Distillery Trust,Australia,2026-09-20,unknown,,,,,,,,,,,,,no health reader for au-abr yet
au-abr,23145031983,THE TAILOR MADE SPIRITS COMPANY LIMITED,Australia,2026-09-20,unknown,,,,,,,,,,,,,no health reader for au-abr yet
au-abr,23615779354,THE FARMERS WIFE DISTILLERY PTY LTD,Australia,2026-09-20,unknown,,,,,,,,,,,,,no health reader for au-abr yet
au-abr,23634121270,JMH DISTILLING PTY LTD,Australia,2026-09-20,unknown,,,,,,,,,,,,,no health reader for au-abr yet
au-abr,23638755889,PUSS & MEW PTY LTD,Australia,2026-09-20,unknown,,,,,,,,,,,,,no health reader for au-abr yet
au-abr,23656902617,LILY FIELDS DISTILLING CO PTY LTD,Australia,2026-09-20,unknown,,,,,,,,,,,,,no health reader for au-abr yet
au-abr,24607392165,THAT LITTLE BREWERY PTY. LTD.,Australia,2026-09-20,unknown,,,,,,,,,,,,,no health reader for au-abr yet
au-abr,24615294525,SUNNY HILL DISTILLERY PTY LTD,Australia,2026-09-20,unknown,,,,,,,,,,,,,no health reader for au-abr yet
au-abr,25476877895,The trustee for Pannan Family Trust,Australia,2026-09-20,unknown,,,,,,,,,,,,,no health reader for au-abr yet
au-abr,25622196598,EWENIQUE ENTERPRISES PTY LTD,Australia,2026-09-20,unknown,,,,,,,,,,,,,no health reader for au-abr yet
au-abr,25668085934,MOPANE RESOURCES PTY LTD,Australia,2026-09-20,unknown,,,,,,,,,,,,,no health reader for au-abr yet
au-abr,27160506614,RILAJAGA PTY LTD,Australia,2026-09-20,unknown,,,,,,,,,,,,,no health reader for au-abr yet
au-abr,28271079637,The Trustee for Naught Distilling Unit Trust,Australia,2026-09-20,unknown,,,,,,,,,,,,,no health reader for au-abr yet
au-abr,28620204293,WINDING ROAD DISTILLING CO. PTY LTD,Australia,2026-09-20,unknown,,,,,,,,,,,,,no health reader for au-abr yet
au-abr,29102738670,INNER CIRCLE DISTILLERY PTY LIMITED,Australia,2026-09-20,unknown,,,,,,,,,,,,,no health reader for au-abr yet
au-abr,29160037249,AUSTRALIAN DISTILLING LTD,Australia,2026-09-20,unknown,,,,,,,,,,,,,no health reader for au-abr yet
au-abr,29630338224,GRAND MATRIARCH DISTILLING COMPANY PTY LTD,Australia,2026-09-20,unknown,,,,,,,,,,,,,no health reader for au-abr yet
au-abr,29805663313,The trustee for The Lewis Trust,Australia,2026-09-20,unknown,,,,,,,,,,,,,no health reader for au-abr yet
au-abr,30669789851,INFINITY DISTILLING PTY LTD,Australia,2026-09-20,unknown,,,,,,,,,,,,,no health reader for au-abr yet
au-abr,31620205996,BOMBAK DISTILLERY PTY LTD,Australia,2026-09-20,unknown,,,,,,,,,,,,,no health reader for au-abr yet
au-abr,31633014025,LINGIARI PTY LTD,Australia,2026-09-20,unknown,,,,,,,,,,,,,no health reader for au-abr yet
au-abr,31645160434,MR NOVEMBER PTY LTD,Australia,2026-09-20,unknown,,,,,,,,,,,,,no health reader for au-abr yet
au-abr,32620386647,CLARE VALLEY DISTILLERY PTY LIMITED,Australia,2026-09-20,unknown,,,,,,,,,,,,,no health reader for au-abr yet
au-abr,33125858621,The Trustee for Heart's Distillery (AUS) Trust,Australia,2026-09-20,unknown,,,,,,,,,,,,,no health reader for au-abr yet
au-abr,33491665934,The Trustee for Gilligan Trust,Australia,2026-09-20,unknown,,,,,,,,,,,,,no health reader for au-abr yet
au-abr,33624857058,JUMBO PROPERTIES PTY LTD,Australia,2026-09-20,unknown,,,,,,,,,,,,,no health reader for au-abr yet
au-abr,34620833712,KING ISLAND DISTILLING COMPANY PTY LTD,Australia,2026-09-20,unknown,,,,,,,,,,,,,no health reader for au-abr yet
au-abr,34625480757,BAKER WILLIAMS DISTILLERY PTY LIMITED,Australia,2026-09-20,unknown,,,,,,,,,,,,,no health reader for au-abr yet
au-abr,34631168566,ZENITH DISTILLERY PTY LTD,Australia,2026-09-20,unknown,,,,,,,,,,,,,no health reader for au-abr yet
au-abr,34643397531,TALL TALE DISTILLERS PTY LTD,Australia,2026-09-20,unknown,,,,,,,,,,,,,no health reader for au-abr yet
au-abr,34651672043,MATES GIN DISTILLERY PTY LTD,Australia,2026-09-20,unknown,,,,,,,,,,,,,no health reader for au-abr yet
au-abr,35109800213,BICKFORDS TRADING PTY LTD,Australia,2026-09-20,unknown,,,,,,,,,,,,,no health reader for au-abr yet
au-abr,35600271029,STILLWORKS TAS PTY LTD,Australia,2026-09-20,unknown,,,,,,,,,,,,,no health reader for au-abr yet
au-abr,35644446917,SUNARI GROUP PTY LTD,Australia,2026-09-20,unknown,,,,,,,,,,,,,no health reader for au-abr yet
au-abr,36629784318,WESTERN TIERS DISTILLERY COMPANY PTY LTD,Australia,2026-09-20,unknown,,,,,,,,,,,,,no health reader for au-abr yet
au-abr,36639116242,ALCHYMIA DISTILLERY PTY LTD,Australia,2026-09-20,unknown,,,,,,,,,,,,,no health reader for au-abr yet
au-abr,36645965251,WOLF AND WOMAN DISTILLERY PTY LTD,Australia,2026-09-20,unknown,,,,,,,,,,,,,no health reader for au-abr yet
au-abr,36654635917,A.C.N. 654 635 917 PTY LTD,Australia,2026-09-20,unknown,,,,,,,,,,,,,no health reader for au-abr yet
au-abr,37600399040,PARROT DISTILLING CO. PTY. LTD,Australia,2026-09-20,unknown,,,,,,,,,,,,,no health reader for au-abr yet
au-abr,37629680637,WOODLANDS DISTILLERY PTY LTD,Australia,2026-09-20,unknown,,,,,,,,,,,,,no health reader for au-abr yet
au-abr,37631933161,MAD MONKEY DISTILLERY PTY LTD,Australia,2026-09-20,unknown,,,,,,,,,,,,,no health reader for au-abr yet
au-abr,38100001170,BIOCONTROL AUSTRALIA PTY LTD,Australia,2026-09-20,unknown,,,,,,,,,,,,,no health reader for au-abr yet
au-abr,38165945095,OCHRE NATION PTY LTD,Australia,2026-09-20,unknown,,,,,,,,,,,,,no health reader for au-abr yet
au-abr,38463172365,The Trustee for 1689 Family Trust,Australia,2026-09-20,unknown,,,,,,,,,,,,,no health reader for au-abr yet
au-abr,38625804775,POLMEAR & SONS PTY LTD,Australia,2026-09-20,unknown,,,,,,,,,,,,,no health reader for au-abr yet
au-abr,38633047784,BROKEN HILL DISTILLERY PTY LTD,Australia,2026-09-20,unknown,,,,,,,,,,,,,no health reader for au-abr yet
au-abr,38649032708,ELIT WINES & SPIRITS PTY LTD,Australia,2026-09-20,unknown,,,,,,,,,,,,,no health reader for au-abr yet
au-abr,38725260226,The Trustee for Hunchy Hills Distillery Trust,Australia,2026-09-20,unknown,,,,,,,,,,,,,no health reader for au-abr yet
au-abr,39645180347,EAGLESHAM GROUP PTY LTD,Australia,2026-09-20,unknown,,,,,,,,,,,,,no health reader for au-abr yet
au-abr,39677695411,WILD LOT DISTILLERY PTY LTD,Australia,2026-09-20,unknown,,,,,,,,,,,,,no health reader for au-abr yet
au-abr,40647308227,SILK ROAD DISTILLING COMPANY PTY LTD,Australia,2026-09-20,unknown,,,,,,,,,,,,,no health reader for au-abr yet
au-abr,41617532626,MCROBERT DISTILLERY PTY LTD,Australia,2026-09-20,unknown,,,,,,,,,,,,,no health reader for au-abr yet
au-abr,41686597384,MCMULLEN DISTILLERY PTY LTD,Australia,2026-09-20,unknown,,,,,,,,,,,,,no health reader for au-abr yet
au-abr,42638094998,CAULDRON DISTILLERY PTY LTD,Australia,2026-09-20,unknown,,,,,,,,,,,,,no health reader for au-abr yet
au-abr,42658352160,ROYLANCER & SONS PTY LTD,Australia,2026-09-20,unknown,,,,,,,,,,,,,no health reader for au-abr yet
au-abr,42676361327,BUDSTILL GROUP PTY LTD,Australia,2026-09-20,unknown,,,,,,,,,,,,,no health reader for au-abr yet
au-abr,43615768093,ORD RIVER DISTILLERY PTY LTD,Australia,2026-09-20,unknown,,,,,,,,,,,,,no health reader for au-abr yet
au-abr,43650135934,LOCH DISTILLING CO PTY LTD,Australia,2026-09-20,unknown,,,,,,,,,,,,,no health reader for au-abr yet
au-abr,45152026858,CRITICAL PATH PTY. LTD.,Australia,2026-09-20,unknown,,,,,,,,,,,,,no health reader for au-abr yet
au-abr,45657639891,BLACKWATTLE DISTILLING COMPANY PTY LTD,Australia,2026-09-20,unknown,,,,,,,,,,,,,no health reader for au-abr yet
au-abr,45679124693,PLATT INDUSTRIES PTY LTD,Australia,2026-09-20,unknown,,,,,,,,,,,,,no health reader for au-abr yet
au-abr,46009577039,M.D. & J.A. COOPER PROPRIETARY LIMITED,Australia,2026-09-20,unknown,,,,,,,,,,,,,no health reader for au-abr yet
au-abr,46644444968,DRIFTER'S END DISTILLING COMPANY PTY LTD,Australia,2026-09-20,unknown,,,,,,,,,,,,,no health reader for au-abr yet
au-abr,47613763787,SALEYARDS DISTILLERY PTY. LTD.,Australia,2026-09-20,unknown,,,,,,,,,,,,,no health reader for au-abr yet
au-abr,47619554488,FURNEAUX DISTILLERY CO. PTY LTD,Australia,2026-09-20,unknown,,,,,,,,,,,,,no health reader for au-abr yet
au-abr,48210139107,The Trustee for Inn the Hills,Australia,2026-09-20,unknown,,,,,,,,,,,,,no health reader for au-abr yet
au-abr,48650404498,BROADNET COMMUNICATION SYSTEMS (AUSTRALIA) PTY LTD,Australia,2026-09-20,unknown,,,,,,,,,,,,,no health reader for au-abr yet
au-abr,49630399512,NOODLEDOOF BREWING COMPANY PTY LTD,Australia,2026-09-20,unknown,,,,,,,,,,,,,no health reader for au-abr yet
au-abr,50162571413,ABLE ELEVEN PTY LTD,Australia,2026-09-20,unknown,,,,,,,,,,,,,no health reader for au-abr yet
au-abr,50628374970,THE SEPARATIST PTY LTD,Australia,2026-09-20,unknown,,,,,,,,,,,,,no health reader for au-abr yet
au-abr,50647617703,THE OLD HONEY SHED PTY LTD,Australia,2026-09-20,unknown,,,,,,,,,,,,,no health reader for au-abr yet
au-abr,50664081752,TINY BEAR BEVERAGE COMPANY PTY LTD,Australia,2026-09-20,unknown,,,,,,,,,,,,,no health reader for au-abr yet
au-abr,51147336570,BASS & FLINDERS DISTILLERY PTY LTD,Australia,2026-09-20,unknown,,,,,,,,,,,,,no health reader for au-abr yet
au-abr,52670588502,DANNY BOY PTY LTD,Australia,2026-09-20,unknown,,,,,,,,,,,,,no health reader for au-abr yet
au-abr,53127698140,Grace Strategic Pty Ltd,Australia,2026-09-20,unknown,,,,,,,,,,,,,no health reader for au-abr yet
au-abr,53614765347,KALKI MOON DISTILLING AND BREWING COMPANY PTY LTD,Australia,2026-09-20,unknown,,,,,,,,,,,,,no health reader for au-abr yet
au-abr,53615431902,SWIFTCREST DISTILLERY PTY. LTD.,Australia,2026-09-20,unknown,,,,,,,,,,,,,no health reader for au-abr yet
au-abr,53658287042,FALLS CREEK DISTILLERY PTY LTD,Australia,2026-09-20,unknown,,,,,,,,,,,,,no health reader for au-abr yet
au-abr,53784826711,The Trustee for The Mana Family Trust,Australia,2026-09-20,unknown,,,,,,,,,,,,,no health reader for au-abr yet
au-abr,54101563910,The Trustee for D & F DE VRIES DISCRETIONARY TRUST,Australia,2026-09-20,unknown,,,,,,,,,,,,,no health reader for au-abr yet
au-abr,55609476440,BAYSIDE DISTILLING COMPANY PTY LTD,Australia,2026-09-20,unknown,,,,,,,,,,,,,no health reader for au-abr yet
au-abr,55640010966,REFORM DISTILLING PTY LTD,Australia,2026-09-20,unknown,,,,,,,,,,,,,no health reader for au-abr yet
au-abr,55640479616,STORYTELLERS DISTILLERY PTY LTD,Australia,2026-09-20,unknown,,,,,,,,,,,,,no health reader for au-abr yet
au-abr,55641296906,BELGROVE DISTILLERY PTY LTD,Australia,2026-09-20,unknown,,,,,,,,,,,,,no health reader for au-abr yet
au-abr,56057051546,DISTILLERY BOTANICA PTY LTD,Australia,2026-09-20,unknown,,,,,,,,,,,,,no health reader for au-abr yet
au-abr,56618331721,HAPPENSTANCE DISTILLERY PTY LTD,Australia,2026-09-20,unknown,,,,,,,,,,,,,no health reader for au-abr yet
au-abr,56629622322,THE CANBERRA DISTILLERY PTY LTD,Australia,2026-09-20,unknown,,,,,,,,,,,,,no health reader for au-abr yet
au-abr,57100738074,LARK DISTILLERY PTY LTD,Australia,2026-09-20,unknown,,,,,,,,,,,,,no health reader for au-abr yet
au-abr,57140247892,Flying Foam Pty Ltd,Australia,2026-09-20,unknown,,,,,,,,,,,,,no health reader for au-abr yet
au-abr,57614284150,JIMMYRUM PTY LTD,Australia,2026-09-20,unknown,,,,,,,,,,,,,no health reader for au-abr yet
au-abr,57621475330,B & B NETWORK PTY LTD,Australia,2026-09-20,unknown,,,,,,,,,,,,,no health reader for au-abr yet
au-abr,58169409992,DAY TOURS TASMANIA PTY LTD,Australia,2026-09-20,unknown,,,,,,,,,,,,,no health reader for au-abr yet
au-abr,59618309998,JONES & SMITH DISTILLERY PTY LTD,Australia,2026-09-20,unknown,,,,,,,,,,,,,no health reader for au-abr yet
au-abr,60162142136,WHIPPER SNAPPER DISTILLERY LTD,Australia,2026-09-20,unknown,,,,,,,,,,,,,no health reader for au-abr yet
au-abr,60634968415,ROWE DISTILLING PTY LTD,Australia,2026-09-20,unknown,,,,,,,,,,,,,no health reader for au-abr yet
au-abr,60638836101,TWISTED SNAKE PTY LTD,Australia,2026-09-20,unknown,,,,,,,,,,,,,no health reader for au-abr yet
au-abr,60642960610,TAN LINES DISTILLING PTY LTD,Australia,2026-09-20,unknown,,,,,,,,,,,,,no health reader for au-abr yet
au-abr,61151794919,BOZKDSA PTY LTD,Australia,2026-09-20,unknown,,,,,,,,,,,,,no health reader for au-abr yet
au-abr,61159326235,MAXONLINE ASIA PACIFIC PTY LTD,Australia,2026-09-20,unknown,,,,,,,,,,,,,no health reader for au-abr yet
au-abr,61667099569,3 EMILIOS PTY LTD,Australia,2026-09-20,unknown,,,,,,,,,,,,,no health reader for au-abr yet
au-abr,62072093273,UNITED BEVERAGE CO-PACKERS PTY LTD,Australia,2026-09-20,unknown,,,,,,,,,,,,,no health reader for au-abr yet
au-abr,62104600544,LARK DISTILLING CO. LTD,Australia,2026-09-20,unknown,,,,,,,,,,,,,no health reader for au-abr yet
au-abr,62137248938,MCHENRY DISTILLERY PTY LTD,Australia,2026-09-20,unknown,,,,,,,,,,,,,no health reader for au-abr yet
au-abr,62156575549,OLD KEMPTON DISTILLERY PTY LTD,Australia,2026-09-20,unknown,,,,,,,,,,,,,no health reader for au-abr yet
au-abr,62630569729,IMPRESSION BAY DISTILLERY PTY LTD,Australia,2026-09-20,unknown,,,,,,,,,,,,,no health reader for au-abr yet
au-abr,62641736325,SOUTHERN DRINKS PTY LTD,Australia,2026-09-20,unknown,,,,,,,,,,,,,no health reader for au-abr yet
au-abr,62672368106,PORT JACKSON DISTILLING CO PTY LTD,Australia,2026-09-20,unknown,,,,,,,,,,,,,no health reader for au-abr yet
au-abr,62712052565,The Trustee for DAVID HUNN FAMILY TRUST,Australia,2026-09-20,unknown,,,,,,,,,,,,,no health reader for au-abr yet
au-abr,63459822528,The Trustee for BILL MCTOOSH CLAN TRUST,Australia,2026-09-20,unknown,,,,,,,,,,,,,no health reader for au-abr yet
au-abr,63652543792,WHARF STREET FORSTER PTY LTD,Australia,2026-09-20,unknown,,,,,,,,,,,,,no health reader for au-abr yet
au-abr,63674084943,NIGHT HAWK DISTILLERY PTY LTD,Australia,2026-09-20,unknown,,,,,,,,,,,,,no health reader for au-abr yet
au-abr,64622794932,BRUNSWICK ACES PTY LTD,Australia,2026-09-20,unknown,,,,,,,,,,,,,no health reader for au-abr yet
au-abr,65634979847,POKOLBIN DISTILLERY PTY LTD,Australia,2026-09-20,unknown,,,,,,,,,,,,,no health reader for au-abr yet
au-abr,65762338135,THE TRUSTEE FOR THE DAVIES FAMILY TRUST,Australia,2026-09-20,unknown,,,,,,,,,,,,,no health reader for au-abr yet
au-abr,66123409647,BLACK BOTTLE DISTILLING PTY LTD,Australia,2026-09-20,unknown,,,,,,,,,,,,,no health reader for au-abr yet
au-abr,67606509442,SYDNEY RUM DISTILLERY PTY LIMITED,Australia,2026-09-20,unknown,,,,,,,,,,,,,no health reader for au-abr yet
au-abr,69080932467,THE DISTILLERY PTY LIMITED,Australia,2026-09-20,unknown,,,,,,,,,,,,,no health reader for au-abr yet
au-abr,69649275043,BEELU FOREST DISTILLING COMPANY PTY LTD,Australia,2026-09-20,unknown,,,,,,,,,,,,,no health reader for au-abr yet
au-abr,70132050670,NEW WORLD WHISKY PTY LTD,Australia,2026-09-20,unknown,,,,,,,,,,,,,no health reader for au-abr yet
au-abr,70293532945,The Trustee for GJ Family Trust,Australia,2026-09-20,unknown,,,,,,,,,,,,,no health reader for au-abr yet
au-abr,70623116432,GRANDDAD JACKS CRAFT DISTILLERY PTY LTD,Australia,2026-09-20,unknown,,,,,,,,,,,,,no health reader for au-abr yet
au-abr,70628748907,BRIDGES BROTHERS PTY LTD,Australia,2026-09-20,unknown,,,,,,,,,,,,,no health reader for au-abr yet
au-abr,70660394338,SIX TRICKS DISTILLING CO. PTY LTD,Australia,2026-09-20,unknown,,,,,,,,,,,,,no health reader for au-abr yet
au-abr,70687642771,ANDERSON DISTILLING PTY LTD,Australia,2026-09-20,unknown,,,,,,,,,,,,,no health reader for au-abr yet
au-abr,71595859396,The Trustee for CNS Trust,Australia,2026-09-20,unknown,,,,,,,,,,,,,no health reader for au-abr yet
au-abr,71650528537,SUNDAYS DISTILLING PTY LTD,Australia,2026-09-20,unknown,,,,,,,,,,,,,no health reader for au-abr yet
au-abr,71697995850,WILD BRUMBY DISTILLERY PTY LTD,Australia,2026-09-20,unknown,,,,,,,,,,,,,no health reader for au-abr yet
au-abr,72637620387,THREE FOXES PTY LTD,Australia,2026-09-20,unknown,,,,,,,,,,,,,no health reader for au-abr yet
au-abr,72661177617,LAKE MERAN FARM PTY LTD,Australia,2026-09-20,unknown,,,,,,,,,,,,,no health reader for au-abr yet
au-abr,73602238317,NOSFERATU DISTILLERY PTY LTD,Australia,2026-09-20,unknown,,,,,,,,,,,,,no health reader for au-abr yet
au-abr,73625457874,RIVERBOURNE DISTILLERY PTY LTD,Australia,2026-09-20,unknown,,,,,,,,,,,,,no health reader for au-abr yet
au-abr,74612677693,HEADLANDS DISTILLING COMPANY PTY LTD,Australia,2026-09-20,unknown,,,,,,,,,,,,,no health reader for au-abr yet
au-abr,74646214048,RED DUCK DISTILLERY PTY LTD,Australia,2026-09-20,unknown,,,,,,,,,,,,,no health reader for au-abr yet
au-abr,74829989429,THE TRUSTEE FOR NEWPUB FAMILY HOLDINGS TRUST,Australia,2026-09-20,unknown,,,,,,,,,,,,,no health reader for au-abr yet
au-abr,75611696345,SARRANT GROUP PTY LTD,Australia,2026-09-20,unknown,,,,,,,,,,,,,no health reader for au-abr yet
au-abr,75633966944,MCGREGOR & YOUNG PTY LTD,Australia,2026-09-20,unknown,,,,,,,,,,,,,no health reader for au-abr yet
au-abr,75650295211,ROUTE 9 DISTILLERY PTY LTD,Australia,2026-09-20,unknown,,,,,,,,,,,,,no health reader for au-abr yet
au-abr,76619036127,BEVCO SBB PTY LTD,Australia,2026-09-20,unknown,,,,,,,,,,,,,no health reader for au-abr yet
au-abr,78110857504,LATRO SOUTHERN PTY LTD,Australia,2026-09-20,unknown,,,,,,,,,,,,,no health reader for au-abr yet
au-abr,78603892888,NEW WORLD WHISKY DISTILLERY PTY LTD,Australia,2026-09-20,unknown,,,,,,,,,,,,,no health reader for au-abr yet
au-abr,78608799453,AUSTRALIAN LIQUOR COMPANY PTY LTD,Australia,2026-09-20,unknown,,,,,,,,,,,,,no health reader for au-abr yet
au-abr,78658993992,PECHEY DISTILLING CO. PTY LTD,Australia,2026-09-20,unknown,,,,,,,,,,,,,no health reader for au-abr yet
au-abr,79618005815,CLIFTON ESTATE GROUP PTY LTD,Australia,2026-09-20,unknown,,,,,,,,,,,,,no health reader for au-abr yet
au-abr,79641059225,LE GRAND DISTILLERY PTY LTD,Australia,2026-09-20,unknown,,,,,,,,,,,,,no health reader for au-abr yet
au-abr,79660933844,DAMAGED GOODS DISTILLING CO PTY LTD,Australia,2026-09-20,unknown,,,,,,,,,,,,,no health reader for au-abr yet
au-abr,79675474101,ITINERANT SPIRITS PTY LTD,Australia,2026-09-20,unknown,,,,,,,,,,,,,no health reader for au-abr yet
au-abr,80657176264,HOPSCOTCH DISTILLERS PTY LTD,Australia,2026-09-20,unknown,,,,,,,,,,,,,no health reader for au-abr yet
au-abr,81080055269,HELLYERS ROAD DISTILLERY PTY LTD,Australia,2026-09-20,unknown,,,,,,,,,,,,,no health reader for au-abr yet
au-abr,81630271206,KIMBERLEY SPIRITS DISTILLERY PTY LTD,Australia,2026-09-20,unknown,,,,,,,,,,,,,no health reader for au-abr yet
au-abr,81647454206,BLACK ADLER DISTILLERY PTY LTD,Australia,2026-09-20,unknown,,,,,,,,,,,,,no health reader for au-abr yet
au-abr,81810432135,The Trustee for Beech Mountain Distillery Unit Trust,Australia,2026-09-20,unknown,,,,,,,,,,,,,no health reader for au-abr yet
au-abr,82607760592,ILLEGAL TENDER RUM CO. PTY LTD,Australia,2026-09-20,unknown,,,,,,,,,,,,,no health reader for au-abr yet
au-abr,83373256843,The Trustee for Beech Discretionary Trust,Australia,2026-09-20,unknown,,,,,,,,,,,,,no health reader for au-abr yet
au-abr,83625956069,PATIENT WOLF DISTILLING CO. PTY LTD,Australia,2026-09-20,unknown,,,,,,,,,,,,,no health reader for au-abr yet
au-abr,83628302116,WEE JASPER DISTILLERY PTY LTD,Australia,2026-09-20,unknown,,,,,,,,,,,,,no health reader for au-abr yet
au-abr,83690987378,EAST GIPPSLAND DISTILLERY PTY LTD,Australia,2026-09-20,unknown,,,,,,,,,,,,,no health reader for au-abr yet
au-abr,84130214452,SACRED TEMPTATIONS PTY. LTD.,Australia,2026-09-20,unknown,,,,,,,,,,,,,no health reader for au-abr yet
au-abr,84629711100,BEAU N ARROW PTY LTD,Australia,2026-09-20,unknown,,,,,,,,,,,,,no health reader for au-abr yet
au-abr,84637465742,THE NULLAKI DISTILLING COMPANY PTY LTD,Australia,2026-09-20,unknown,,,,,,,,,,,,,no health reader for au-abr yet
au-abr,85219101524,The Trustee for NEW NORFOLK DISTILLERY TRUST,Australia,2026-09-20,unknown,,,,,,,,,,,,,no health reader for au-abr yet
au-abr,85637393214,HIGH COUNTRY SPIRIT PTY LTD,Australia,2026-09-20,unknown,,,,,,,,,,,,,no health reader for au-abr yet
au-abr,85649782687,PENINSULA DISTILLING PTY LTD,Australia,2026-09-20,unknown,,,,,,,,,,,,,no health reader for au-abr yet
au-abr,86651452809,BLACK RABBIT DISTILLING CO. PTY LTD,Australia,2026-09-20,unknown,,,,,,,,,,,,,no health reader for au-abr yet
au-abr,87089623049,FRISKY CORP PTY. LTD.,Australia,2026-09-20,unknown,,,,,,,,,,,,,no health reader for au-abr yet
au-abr,87612937756,LAWRENNY ESTATE DISTILLING PTY LTD,Australia,2026-09-20,unknown,,,,,,,,,,,,,no health reader for au-abr yet
au-abr,87621767485,The Trustee for The Casterton Distilling Unit Trust,Australia,2026-09-20,unknown,,,,,,,,,,,,,no health reader for au-abr yet
au-abr,88652961870,GINNY PIG DISTILLERY PTY LTD,Australia,2026-09-20,unknown,,,,,,,,,,,,,no health reader for au-abr yet
au-abr,89606461367,HEALESVILLE DISTILLING PTY LTD,Australia,2026-09-20,unknown,,,,,,,,,,,,,no health reader for au-abr yet
au-abr,89644088308,ENVY RISE PTY LTD,Australia,2026-09-20,unknown,,,,,,,,,,,,,no health reader for au-abr yet
au-abr,90623190296,WANDERING DISTILLERY PTY LTD,Australia,2026-09-20,unknown,,,,,,,,,,,,,no health reader for au-abr yet
au-abr,90883644706,The Trustee for Seam Family Trust,Australia,2026-09-20,unknown,,,,,,,,,,,,,no health reader for au-abr yet
au-abr,91000343117,EARP BROTHERS HARDWARE PTY. LIMITED,Australia,2026-09-20,unknown,,,,,,,,,,,,,no health reader for au-abr yet
au-abr,91605940930,TAYZAR PTY LTD,Australia,2026-09-20,unknown,,,,,,,,,,,,,no health reader for au-abr yet
au-abr,91614780460,SULLIVANS COVE DISTILLERY PTY LTD,Australia,2026-09-20,unknown,,,,,,,,,,,,,no health reader for au-abr yet
au-abr,92605058455,DANDAH DISTILLERY PTY. LTD.,Australia,2026-09-20,unknown,,,,,,,,,,,,,no health reader for au-abr yet
au-abr,93906358949,The Trustee for MEIGOR TMD TRUST,Australia,2026-09-20,unknown,,,,,,,,,,,,,no health reader for au-abr yet
au-abr,94294866405,The Trustee for Reid Park Trading Trust,Australia,2026-09-20,unknown,,,,,,,,,,,,,no health reader for au-abr yet
au-abr,94617507365,KINGLAKE DISTILLERY PTY. LTD.,Australia,2026-09-20,unknown,,,,,,,,,,,,,no health reader for au-abr yet
au-abr,95163141455,COROWA DISTILLING CO PTY LTD,Australia,2026-09-20,unknown,,,,,,,,,,,,,no health reader for au-abr yet
au-abr,95619584226,BIG RIVER DISTILLING CO. PTY LTD,Australia,2026-09-20,unknown,,,,,,,,,,,,,no health reader for au-abr yet
au-abr,95638019815,PENNI AVE GROUP PTY LTD,Australia,2026-09-20,unknown,,,,,,,,,,,,,no health reader for au-abr yet
au-abr,96649173973,THE PRINTERS SON PTY LTD,Australia,2026-09-20,unknown,,,,,,,,,,,,,no health reader for au-abr yet
au-abr,97009657069,BUNDABERG DISTILLING COMPANY PTY. LIMITED,Australia,2026-09-20,unknown,,,,,,,,,,,,,no health reader for au-abr yet
au-abr,97607720516,FALECKI PROJECTS PTY LTD,Australia,2026-09-20,unknown,,,,,,,,,,,,,no health reader for au-abr yet
au-abr,97618387929,ALCHEMY DISTILLERS PTY. LTD.,Australia,2026-09-20,unknown,,,,,,,,,,,,,no health reader for au-abr yet
au-abr,98625442953,CRITTERS DISTILLERY PTY LTD,Australia,2026-09-20,unknown,,,,,,,,,,,,,no health reader for au-abr yet
au-abr,98683815689,MENGLER'S PEAK DISTILLERY PTY LTD,Australia,2026-09-20,unknown,,,,,,,,,,,,,no health reader for au-abr yet
au-abr,99109149783,The trustee for The Hanrone Trust,Australia,2026-09-20,unknown,,,,,,,,,,,,,no health reader for au-abr yet
au-asic,000343117,EARP BROTHERS HARDWARE PTY. LIMITED,Australia,2026-09-20,unknown,,,,,,,,,,,,,no health reader for au-asic yet
au-asic,007873476,ST. AGNES DISTILLERY PTY LTD,Australia,2026-09-20,unknown,,,,,,,,,,,,,no health reader for au-asic yet
au-asic,009577039,M.D. & J.A. COOPER PROPRIETARY LIMITED,Australia,2026-09-20,unknown,,,,,,,,,,,,,no health reader for au-asic yet
au-asic,057051546,DISTILLERY BOTANICA PTY LTD,Australia,2026-09-20,unknown,,,,,,,,,,,,,no health reader for au-asic yet
au-asic,072093273,UNITED BEVERAGE CO-PACKERS PTY LTD,Australia,2026-09-20,unknown,,,,,,,,,,,,,no health reader for au-asic yet
au-asic,076232981,BIMBADGEN ESTATE PTY LIMITED,Australia,2026-09-20,unknown,,,,,,,,,,,,,no health reader for au-asic yet
au-asic,080055269,HELLYERS ROAD DISTILLERY PTY LTD,Australia,2026-09-20,unknown,,,,,,,,,,,,,no health reader for au-asic yet
au-asic,080932467,THE DISTILLERY PTY LIMITED,Australia,2026-09-20,unknown,,,,,,,,,,,,,no health reader for au-asic yet
au-asic,089623049,FRISKY CORP PTY. LTD.,Australia,2026-09-20,unknown,,,,,,,,,,,,,no health reader for au-asic yet
au-asic,100001170,BIOCONTROL AUSTRALIA PTY LTD,Australia,2026-09-20,unknown,,,,,,,,,,,,,no health reader for au-asic yet
au-asic,100199111,MT UNCLE DISTILLERY PTY. LTD.,Australia,2026-09-20,unknown,,,,,,,,,,,,,no health reader for au-asic yet
au-asic,110857504,LATRO SOUTHERN PTY LTD,Australia,2026-09-20,unknown,,,,,,,,,,,,,no health reader for au-asic yet
au-asic,111434916,SOUTHERN FRONTIER PTY LTD,Australia,2026-09-20,unknown,,,,,,,,,,,,,no health reader for au-asic yet
au-asic,112893240,TRSD PTY LTD,Australia,2026-09-20,unknown,,,,,,,,,,,,,no health reader for au-asic yet
au-asic,123409647,BLACK BOTTLE DISTILLING PTY LTD,Australia,2026-09-20,unknown,,,,,,,,,,,,,no health reader for au-asic yet
au-asic,127698140,GRACE STRATEGIC PTY LTD,Australia,2026-09-20,unknown,,,,,,,,,,,,,no health reader for au-asic yet
au-asic,130214452,SACRED TEMPTATIONS PTY. LTD.,Australia,2026-09-20,unknown,,,,,,,,,,,,,no health reader for au-asic yet
au-asic,137248938,MCHENRY DISTILLERY PTY LTD,Australia,2026-09-20,unknown,,,,,,,,,,,,,no health reader for au-asic yet
au-asic,140247892,FLYING FOAM PTY LTD,Australia,2026-09-20,unknown,,,,,,,,,,,,,no health reader for au-asic yet
au-asic,145031983,THE TAILOR MADE SPIRITS COMPANY LIMITED,Australia,2026-09-20,unknown,,,,,,,,,,,,,no health reader for au-asic yet
au-asic,147309653,SOUTHERN HIGHLANDS DISTILLERY PTY LTD,Australia,2026-09-20,unknown,,,,,,,,,,,,,no health reader for au-asic yet
au-asic,147336570,BASS & FLINDERS DISTILLERY PTY LTD,Australia,2026-09-20,unknown,,,,,,,,,,,,,no health reader for au-asic yet
au-asic,151794919,BOZKDSA PTY LTD,Australia,2026-09-20,unknown,,,,,,,,,,,,,no health reader for au-asic yet
au-asic,152602198,VARIATIONS DISTILLERY PTY LTD,Australia,2026-09-20,unknown,,,,,,,,,,,,,no health reader for au-asic yet
au-asic,156575549,OLD KEMPTON DISTILLERY PTY LTD,Australia,2026-09-20,unknown,,,,,,,,,,,,,no health reader for au-asic yet
au-asic,159326235,MAXONLINE ASIA PACIFIC PTY LTD,Australia,2026-09-20,unknown,,,,,,,,,,,,,no health reader for au-asic yet
au-asic,159345507,TIN SHED DISTILLING COMPANY PTY LTD,Australia,2026-09-20,unknown,,,,,,,,,,,,,no health reader for au-asic yet
au-asic,160037249,AUSTRALIAN DISTILLING LTD,Australia,2026-09-20,unknown,,,,,,,,,,,,,no health reader for au-asic yet
au-asic,160506614,RILAJAGA PTY LTD,Australia,2026-09-20,unknown,,,,,,,,,,,,,no health reader for au-asic yet
au-asic,162142136,WHIPPER SNAPPER DISTILLERY LTD,Australia,2026-09-20,unknown,,,,,,,,,,,,,no health reader for au-asic yet
au-asic,162571413,ABLE ELEVEN PTY LTD,Australia,2026-09-20,unknown,,,,,,,,,,,,,no health reader for au-asic yet
au-asic,163141455,COROWA DISTILLING CO PTY LTD,Australia,2026-09-20,unknown,,,,,,,,,,,,,no health reader for au-asic yet
au-asic,165945095,OCHRE NATION PTY LTD,Australia,2026-09-20,unknown,,,,,,,,,,,,,no health reader for au-asic yet
au-asic,167029227,LAUNCESTON DISTILLERY PTY LTD,Australia,2026-09-20,unknown,,,,,,,,,,,,,no health reader for au-asic yet
au-asic,169409992,DAY TOURS TASMANIA PTY LTD,Australia,2026-09-20,unknown,,,,,,,,,,,,,no health reader for au-asic yet
au-asic,600271029,STILLWORKS TAS PTY LTD,Australia,2026-09-20,unknown,,,,,,,,,,,,,no health reader for au-asic yet
au-asic,600399040,PARROT DISTILLING CO. PTY. LTD,Australia,2026-09-20,unknown,,,,,,,,,,,,,no health reader for au-asic yet
au-asic,601222682,SOUTHERN WILD DISTILLERY PTY LTD,Australia,2026-09-20,unknown,,,,,,,,,,,,,no health reader for au-asic yet
au-asic,602126072,KING ISLAND DISTILLERY PTY LTD,Australia,2026-09-20,unknown,,,,,,,,,,,,,no health reader for au-asic yet
au-asic,602238317,NOSFERATU DISTILLERY PTY LTD,Australia,2026-09-20,unknown,,,,,,,,,,,,,no health reader for au-asic yet
au-asic,605058455,DANDAH DISTILLERY PTY. LTD.,Australia,2026-09-20,unknown,,,,,,,,,,,,,no health reader for au-asic yet
au-asic,605940930,TAYZAR PTY LTD,Australia,2026-09-20,unknown,,,,,,,,,,,,,no health reader for au-asic yet
au-asic,607377631,THE KILDERKIN DISTILLERY PTY LTD,Australia,2026-09-20,unknown,,,,,,,,,,,,,no health reader for au-asic yet
au-asic,607392165,THAT LITTLE BREWERY PTY. LTD.,Australia,2026-09-20,unknown,,,,,,,,,,,,,no health reader for au-asic yet
au-asic,607720516,FALECKI PROJECTS PTY LTD,Australia,2026-09-20,unknown,,,,,,,,,,,,,no health reader for au-asic yet
au-asic,607760592,ILLEGAL TENDER RUM CO. PTY LTD,Australia,2026-09-20,unknown,,,,,,,,,,,,,no health reader for au-asic yet
au-asic,608583697,CEDAR FOX DISTILLING CO. PTY. LTD.,Australia,2026-09-20,unknown,,,,,,,,,,,,,no health reader for au-asic yet
au-asic,608799453,AUSTRALIAN LIQUOR COMPANY PTY LTD,Australia,2026-09-20,unknown,,,,,,,,,,,,,no health reader for au-asic yet
au-asic,608999720,BAROSSA DISTILLING COMPANY PTY LTD,Australia,2026-09-20,unknown,,,,,,,,,,,,,no health reader for au-asic yet
au-asic,609042024,CHIEFS SON DISTILLERY PTY LTD,Australia,2026-09-20,unknown,,,,,,,,,,,,,no health reader for au-asic yet
au-asic,609476440,BAYSIDE DISTILLING COMPANY PTY LTD,Australia,2026-09-20,unknown,,,,,,,,,,,,,no health reader for au-asic yet
au-asic,609724932,POISON CREEK DISTILLING PTY LTD,Australia,2026-09-20,unknown,,,,,,,,,,,,,no health reader for au-asic yet
au-asic,611249702,LORD BYRON PTY LTD,Australia,2026-09-20,unknown,,,,,,,,,,,,,no health reader for au-asic yet
au-asic,611696345,SARRANT GROUP PTY LTD,Australia,2026-09-20,unknown,,,,,,,,,,,,,no health reader for au-asic yet
au-asic,612677693,HEADLANDS DISTILLING COMPANY PTY LTD,Australia,2026-09-20,unknown,,,,,,,,,,,,,no health reader for au-asic yet
au-asic,612937756,LAWRENNY ESTATE DISTILLING PTY LTD,Australia,2026-09-20,unknown,,,,,,,,,,,,,no health reader for au-asic yet
au-asic,613268929,BATTERY POINT HOLDINGS PTY LTD,Australia,2026-09-20,unknown,,,,,,,,,,,,,no health reader for au-asic yet
au-asic,613763787,SALEYARDS DISTILLERY PTY. LTD.,Australia,2026-09-20,unknown,,,,,,,,,,,,,no health reader for au-asic yet
au-asic,614008132,OPERATIX PTY LTD,Australia,2026-09-20,unknown,,,,,,,,,,,,,no health reader for au-asic yet
au-asic,614284150,JIMMYRUM PTY LTD,Australia,2026-09-20,unknown,,,,,,,,,,,,,no health reader for au-asic yet
au-asic,614765347,KALKI MOON DISTILLING AND BREWING COMPANY PTY LTD,Australia,2026-09-20,unknown,,,,,,,,,,,,,no health reader for au-asic yet
au-asic,614780460,SULLIVANS COVE DISTILLERY PTY LTD,Australia,2026-09-20,unknown,,,,,,,,,,,,,no health reader for au-asic yet
au-asic,615294525,SUNNY HILL DISTILLERY PTY LTD,Australia,2026-09-20,unknown,,,,,,,,,,,,,no health reader for au-asic yet
au-asic,615431902,SWIFTCREST DISTILLERY PTY. LTD.,Australia,2026-09-20,unknown,,,,,,,,,,,,,no health reader for au-asic yet
au-asic,615768093,ORD RIVER DISTILLERY PTY LTD,Australia,2026-09-20,unknown,,,,,,,,,,,,,no health reader for au-asic yet
au-asic,615779354,THE FARMERS WIFE DISTILLERY PTY LTD,Australia,2026-09-20,unknown,,,,,,,,,,,,,no health reader for au-asic yet
au-asic,617085382,BARKING OWL DISTILLING CO. PTY. LTD.,Australia,2026-09-20,unknown,,,,,,,,,,,,,no health reader for au-asic yet
au-asic,617507365,KINGLAKE DISTILLERY PTY. LTD.,Australia,2026-09-20,unknown,,,,,,,,,,,,,no health reader for au-asic yet
au-asic,617532626,MCROBERT DISTILLERY PTY LTD,Australia,2026-09-20,unknown,,,,,,,,,,,,,no health reader for au-asic yet
au-asic,618005815,CLIFTON ESTATE GROUP PTY LTD,Australia,2026-09-20,unknown,,,,,,,,,,,,,no health reader for au-asic yet
au-asic,618309998,JONES & SMITH DISTILLERY PTY LTD,Australia,2026-09-20,unknown,,,,,,,,,,,,,no health reader for au-asic yet
au-asic,618331721,HAPPENSTANCE DISTILLERY PTY LTD,Australia,2026-09-20,unknown,,,,,,,,,,,,,no health reader for au-asic yet
au-asic,618387929,ALCHEMY DISTILLERS PTY. LTD.,Australia,2026-09-20,unknown,,,,,,,,,,,,,no health reader for au-asic yet
au-asic,618869588,DUSTY BARREL DISTILLERY PTY LTD,Australia,2026-09-20,unknown,,,,,,,,,,,,,no health reader for au-asic yet
au-asic,619036127,BEVCO SBB PTY LTD,Australia,2026-09-20,unknown,,,,,,,,,,,,,no health reader for au-asic yet
au-asic,619554488,FURNEAUX DISTILLERY CO. PTY LTD,Australia,2026-09-20,unknown,,,,,,,,,,,,,no health reader for au-asic yet
au-asic,619584226,BIG RIVER DISTILLING CO. PTY LTD,Australia,2026-09-20,unknown,,,,,,,,,,,,,no health reader for au-asic yet
au-asic,620204293,WINDING ROAD DISTILLING CO. PTY LTD,Australia,2026-09-20,unknown,,,,,,,,,,,,,no health reader for au-asic yet
au-asic,620205996,BOMBAK DISTILLERY PTY LTD,Australia,2026-09-20,unknown,,,,,,,,,,,,,no health reader for au-asic yet
au-asic,620386647,CLARE VALLEY DISTILLERY PTY LIMITED,Australia,2026-09-20,unknown,,,,,,,,,,,,,no health reader for au-asic yet
au-asic,620756247,AMBER LANE DISTILLERY PTY LIMITED,Australia,2026-09-20,unknown,,,,,,,,,,,,,no health reader for au-asic yet
au-asic,620833712,KING ISLAND DISTILLING COMPANY PTY LTD,Australia,2026-09-20,unknown,,,,,,,,,,,,,no health reader for au-asic yet
au-asic,621475330,B & B NETWORK PTY LTD,Australia,2026-09-20,unknown,,,,,,,,,,,,,no health reader for au-asic yet
au-asic,622196598,EWENIQUE ENTERPRISES PTY LTD,Australia,2026-09-20,unknown,,,,,,,,,,,,,no health reader for au-asic yet
au-asic,622794932,BRUNSWICK ACES PTY LTD,Australia,2026-09-20,unknown,,,,,,,,,,,,,no health reader for au-asic yet
au-asic,622818366,KITTY HAWK SPIRITS PTY LTD,Australia,2026-09-20,unknown,,,,,,,,,,,,,no health reader for au-asic yet
au-asic,623116432,GRANDDAD JACKS CRAFT DISTILLERY PTY LTD,Australia,2026-09-20,unknown,,,,,,,,,,,,,no health reader for au-asic yet
au-asic,623190296,WANDERING DISTILLERY PTY LTD,Australia,2026-09-20,unknown,,,,,,,,,,,,,no health reader for au-asic yet
au-asic,624321026,AUTONOMY DISTILLERS PTY LTD,Australia,2026-09-20,unknown,,,,,,,,,,,,,no health reader for au-asic yet
au-asic,624857058,JUMBO PROPERTIES PTY LTD,Australia,2026-09-20,unknown,,,,,,,,,,,,,no health reader for au-asic yet
au-asic,625442953,CRITTERS DISTILLERY PTY LTD,Australia,2026-09-20,unknown,,,,,,,,,,,,,no health reader for au-asic yet
au-asic,625457874,RIVERBOURNE DISTILLERY PTY LTD,Australia,2026-09-20,unknown,,,,,,,,,,,,,no health reader for au-asic yet
au-asic,625480757,BAKER WILLIAMS DISTILLERY PTY LIMITED,Australia,2026-09-20,unknown,,,,,,,,,,,,,no health reader for au-asic yet
au-asic,625804775,POLMEAR & SONS PTY LTD,Australia,2026-09-20,unknown,,,,,,,,,,,,,no health reader for au-asic yet
au-asic,625825738,DEVIL'S THUMB DISTILLERY PTY LTD,Australia,2026-09-20,unknown,,,,,,,,,,,,,no health reader for au-asic yet
au-asic,625956069,PATIENT WOLF DISTILLING CO. PTY LTD,Australia,2026-09-20,unknown,,,,,,,,,,,,,no health reader for au-asic yet
au-asic,628302116,WEE JASPER DISTILLERY PTY LTD,Australia,2026-09-20,unknown,,,,,,,,,,,,,no health reader for au-asic yet
au-asic,628374970,THE SEPARATIST PTY LTD,Australia,2026-09-20,unknown,,,,,,,,,,,,,no health reader for au-asic yet
au-asic,628546163,SEABOURNE DISTILLING PTY LTD,Australia,2026-09-20,unknown,,,,,,,,,,,,,no health reader for au-asic yet
au-asic,628748907,BRIDGES BROTHERS PTY LTD,Australia,2026-09-20,unknown,,,,,,,,,,,,,no health reader for au-asic yet
au-asic,629302398,LOADED BARREL DISTILLERY PTY LTD,Australia,2026-09-20,unknown,,,,,,,,,,,,,no health reader for au-asic yet
au-asic,629622322,THE CANBERRA DISTILLERY PTY LTD,Australia,2026-09-20,unknown,,,,,,,,,,,,,no health reader for au-asic yet
au-asic,629680637,WOODLANDS DISTILLERY PTY LTD,Australia,2026-09-20,unknown,,,,,,,,,,,,,no health reader for au-asic yet
au-asic,629711100,BEAU N ARROW PTY LTD,Australia,2026-09-20,unknown,,,,,,,,,,,,,no health reader for au-asic yet
au-asic,629784318,WESTERN TIERS DISTILLERY COMPANY PTY LTD,Australia,2026-09-20,unknown,,,,,,,,,,,,,no health reader for au-asic yet
au-asic,630271206,KIMBERLEY SPIRITS DISTILLERY PTY LTD,Australia,2026-09-20,unknown,,,,,,,,,,,,,no health reader for au-asic yet
au-asic,630338224,GRAND MATRIARCH DISTILLING COMPANY PTY LTD,Australia,2026-09-20,unknown,,,,,,,,,,,,,no health reader for au-asic yet
au-asic,630399512,NOODLEDOOF BREWING COMPANY PTY LTD,Australia,2026-09-20,unknown,,,,,,,,,,,,,no health reader for au-asic yet
au-asic,630569729,IMPRESSION BAY DISTILLERY PTY LTD,Australia,2026-09-20,unknown,,,,,,,,,,,,,no health reader for au-asic yet
au-asic,631168566,ZENITH DISTILLERY PTY LTD,Australia,2026-09-20,unknown,,,,,,,,,,,,,no health reader for au-asic yet
au-asic,631524260,NAUGHT DISTILLING PTY LTD,Australia,2026-09-20,unknown,,,,,,,,,,,,,no health reader for au-asic yet
au-asic,631933161,MAD MONKEY DISTILLERY PTY LTD,Australia,2026-09-20,unknown,,,,,,,,,,,,,no health reader for au-asic yet
au-asic,632014049,ARD OPERATION PTY LIMITED,Australia,2026-09-20,unknown,,,,,,,,,,,,,no health reader for au-asic yet
au-asic,632806672,THE AISLING DISTILLERY PTY LTD,Australia,2026-09-20,unknown,,,,,,,,,,,,,no health reader for au-asic yet
au-asic,633014025,LINGIARI PTY LTD,Australia,2026-09-20,unknown,,,,,,,,,,,,,no health reader for au-asic yet
au-asic,633047784,BROKEN HILL DISTILLERY PTY LTD,Australia,2026-09-20,unknown,,,,,,,,,,,,,no health reader for au-asic yet
au-asic,633346353,APOLLO BAY DISTILLERY PTY LTD,Australia,2026-09-20,unknown,,,,,,,,,,,,,no health reader for au-asic yet
au-asic,633966944,MCGREGOR & YOUNG PTY LTD,Australia,2026-09-20,unknown,,,,,,,,,,,,,no health reader for au-asic yet
au-asic,634121270,JMH DISTILLING PTY LTD,Australia,2026-09-20,unknown,,,,,,,,,,,,,no health reader for au-asic yet
au-asic,634968415,ROWE DISTILLING PTY LTD,Australia,2026-09-20,unknown,,,,,,,,,,,,,no health reader for au-asic yet
au-asic,634979847,POKOLBIN DISTILLERY PTY LTD,Australia,2026-09-20,unknown,,,,,,,,,,,,,no health reader for au-asic yet
au-asic,635321309,PROJECT WILLOUGHBY PTY LTD,Australia,2026-09-20,unknown,,,,,,,,,,,,,no health reader for au-asic yet
au-asic,637465742,THE NULLAKI DISTILLING COMPANY PTY LTD,Australia,2026-09-20,unknown,,,,,,,,,,,,,no health reader for au-asic yet
au-asic,637620387,THREE FOXES PTY LTD,Australia,2026-09-20,unknown,,,,,,,,,,,,,no health reader for au-asic yet
au-asic,638019815,PENNI AVE GROUP PTY LTD,Australia,2026-09-20,unknown,,,,,,,,,,,,,no health reader for au-asic yet
au-asic,638094998,CAULDRON DISTILLERY PTY LTD,Australia,2026-09-20,unknown,,,,,,,,,,,,,no health reader for au-asic yet
au-asic,638755889,PUSS & MEW PTY LTD,Australia,2026-09-20,unknown,,,,,,,,,,,,,no health reader for au-asic yet
au-asic,638836101,TWISTED SNAKE PTY LTD,Australia,2026-09-20,unknown,,,,,,,,,,,,,no health reader for au-asic yet
au-asic,639116242,ALCHYMIA DISTILLERY PTY LTD,Australia,2026-09-20,unknown,,,,,,,,,,,,,no health reader for au-asic yet
au-asic,640010966,REFORM DISTILLING PTY LTD,Australia,2026-09-20,unknown,,,,,,,,,,,,,no health reader for au-asic yet
au-asic,640101524,BEECH MOUNTAIN DISTILLERY PTY LTD,Australia,2026-09-20,unknown,,,,,,,,,,,,,no health reader for au-asic yet
au-asic,640479616,STORYTELLERS DISTILLERY PTY LTD,Australia,2026-09-20,unknown,,,,,,,,,,,,,no health reader for au-asic yet
au-asic,641059225,LE GRAND DISTILLERY PTY LTD,Australia,2026-09-20,unknown,,,,,,,,,,,,,no health reader for au-asic yet
au-asic,641296906,BELGROVE DISTILLERY PTY LTD,Australia,2026-09-20,unknown,,,,,,,,,,,,,no health reader for au-asic yet
au-asic,641736325,SOUTHERN DRINKS PTY LTD,Australia,2026-09-20,unknown,,,,,,,,,,,,,no health reader for au-asic yet
au-asic,642960610,TAN LINES DISTILLING PTY LTD,Australia,2026-09-20,unknown,,,,,,,,,,,,,no health reader for au-asic yet
au-asic,643204684,CASTERTON DISTILLING CO. PTY LTD,Australia,2026-09-20,unknown,,,,,,,,,,,,,no health reader for au-asic yet
au-asic,643397531,TALL TALE DISTILLERS PTY LTD,Australia,2026-09-20,unknown,,,,,,,,,,,,,no health reader for au-asic yet
au-asic,644088308,ENVY RISE PTY LTD,Australia,2026-09-20,unknown,,,,,,,,,,,,,no health reader for au-asic yet
au-asic,644444968,DRIFTER'S END DISTILLING COMPANY PTY LTD,Australia,2026-09-20,unknown,,,,,,,,,,,,,no health reader for au-asic yet
au-asic,644446917,SUNARI GROUP PTY LTD,Australia,2026-09-20,unknown,,,,,,,,,,,,,no health reader for au-asic yet
au-asic,644790670,THE HUB DINNER PLAIN PTY LTD,Australia,2026-09-20,unknown,,,,,,,,,,,,,no health reader for au-asic yet
au-asic,645160434,MR NOVEMBER PTY LTD,Australia,2026-09-20,unknown,,,,,,,,,,,,,no health reader for au-asic yet
au-asic,645180347,EAGLESHAM GROUP PTY LTD,Australia,2026-09-20,unknown,,,,,,,,,,,,,no health reader for au-asic yet
au-asic,645965251,WOLF AND WOMAN DISTILLERY PTY LTD,Australia,2026-09-20,unknown,,,,,,,,,,,,,no health reader for au-asic yet
au-asic,646008488,SUNNYSIDE PARK PTY LTD,Australia,2026-09-20,unknown,,,,,,,,,,,,,no health reader for au-asic yet
au-asic,646214048,RED DUCK DISTILLERY PTY LTD,Australia,2026-09-20,unknown,,,,,,,,,,,,,no health reader for au-asic yet
au-asic,647308227,SILK ROAD DISTILLING COMPANY PTY LTD,Australia,2026-09-20,unknown,,,,,,,,,,,,,no health reader for au-asic yet
au-asic,647454206,BLACK ADLER DISTILLERY PTY LTD,Australia,2026-09-20,unknown,,,,,,,,,,,,,no health reader for au-asic yet
au-asic,647617703,THE OLD HONEY SHED PTY LTD,Australia,2026-09-20,unknown,,,,,,,,,,,,,no health reader for au-asic yet
au-asic,648476591,CUT SNAKE DISTILLERY PTY LTD,Australia,2026-09-20,unknown,,,,,,,,,,,,,no health reader for au-asic yet
au-asic,649032708,ELIT WINES & SPIRITS PTY LTD,Australia,2026-09-20,unknown,,,,,,,,,,,,,no health reader for au-asic yet
au-asic,649173973,THE PRINTERS SON PTY LTD,Australia,2026-09-20,unknown,,,,,,,,,,,,,no health reader for au-asic yet
au-asic,649275043,BEELU FOREST DISTILLING COMPANY PTY LTD,Australia,2026-09-20,unknown,,,,,,,,,,,,,no health reader for au-asic yet
au-asic,649514590,CENTRAL COAST DISTILLERY PTY LTD,Australia,2026-09-20,unknown,,,,,,,,,,,,,no health reader for au-asic yet
au-asic,649782687,PENINSULA DISTILLING PTY LTD,Australia,2026-09-20,unknown,,,,,,,,,,,,,no health reader for au-asic yet
au-asic,650135934,LOCH DISTILLING CO PTY LTD,Australia,2026-09-20,unknown,,,,,,,,,,,,,no health reader for au-asic yet
au-asic,650200169,SKULDUGGERY DISTILLING PTY LTD,Australia,2026-09-20,unknown,,,,,,,,,,,,,no health reader for au-asic yet
au-asic,650295211,ROUTE 9 DISTILLERY PTY LTD,Australia,2026-09-20,unknown,,,,,,,,,,,,,no health reader for au-asic yet
au-asic,650404498,BROADNET COMMUNICATION SYSTEMS (AUSTRALIA) PTY LTD,Australia,2026-09-20,unknown,,,,,,,,,,,,,no health reader for au-asic yet
au-asic,650893815,NEART TIDE DISTILLERY PTY LTD,Australia,2026-09-20,unknown,,,,,,,,,,,,,no health reader for au-asic yet
au-asic,651452809,BLACK RABBIT DISTILLING CO. PTY LTD,Australia,2026-09-20,unknown,,,,,,,,,,,,,no health reader for au-asic yet
au-asic,651672043,MATES GIN DISTILLERY PTY LTD,Australia,2026-09-20,unknown,,,,,,,,,,,,,no health reader for au-asic yet
au-asic,652543792,WHARF STREET FORSTER PTY LTD,Australia,2026-09-20,unknown,,,,,,,,,,,,,no health reader for au-asic yet
au-asic,652729916,THORNY DEVIL DISTILLERS PTY LTD,Australia,2026-09-20,unknown,,,,,,,,,,,,,no health reader for au-asic yet
au-asic,652961870,GINNY PIG DISTILLERY PTY LTD,Australia,2026-09-20,unknown,,,,,,,,,,,,,no health reader for au-asic yet
au-asic,654635917,A.C.N. 654 635 917 PTY LTD,Australia,2026-09-20,unknown,,,,,,,,,,,,,no health reader for au-asic yet
au-asic,656902617,LILY FIELDS DISTILLING CO PTY LTD,Australia,2026-09-20,unknown,,,,,,,,,,,,,no health reader for au-asic yet
au-asic,657176264,HOPSCOTCH DISTILLERS PTY LTD,Australia,2026-09-20,unknown,,,,,,,,,,,,,no health reader for au-asic yet
au-asic,657639891,BLACKWATTLE DISTILLING COMPANY PTY LTD,Australia,2026-09-20,unknown,,,,,,,,,,,,,no health reader for au-asic yet
au-asic,658287042,FALLS CREEK DISTILLERY PTY LTD,Australia,2026-09-20,unknown,,,,,,,,,,,,,no health reader for au-asic yet
au-asic,658352160,ROYLANCER & SONS PTY LTD,Australia,2026-09-20,unknown,,,,,,,,,,,,,no health reader for au-asic yet
au-asic,658993992,PECHEY DISTILLING CO. PTY LTD,Australia,2026-09-20,unknown,,,,,,,,,,,,,no health reader for au-asic yet
au-asic,660394338,SIX TRICKS DISTILLING CO. PTY LTD,Australia,2026-09-20,unknown,,,,,,,,,,,,,no health reader for au-asic yet
au-asic,660583666,AGIN VENTURES PTY LTD,Australia,2026-09-20,unknown,,,,,,,,,,,,,no health reader for au-asic yet
au-asic,660933844,DAMAGED GOODS DISTILLING CO PTY LTD,Australia,2026-09-20,unknown,,,,,,,,,,,,,no health reader for au-asic yet
au-asic,661177617,LAKE MERAN FARM PTY LTD,Australia,2026-09-20,unknown,,,,,,,,,,,,,no health reader for au-asic yet
au-asic,662421490,DACELO DISTILLING PTY LTD,Australia,2026-09-20,unknown,,,,,,,,,,,,,no health reader for au-asic yet
au-asic,663998007,HUNCHY HILLS DISTILLERY PTY LTD,Australia,2026-09-20,unknown,,,,,,,,,,,,,no health reader for au-asic yet
au-asic,664081752,TINY BEAR BEVERAGE COMPANY PTY LTD,Australia,2026-09-20,unknown,,,,,,,,,,,,,no health reader for au-asic yet
au-asic,664570496,SIP & BANTER DISTILLERY PTY LTD,Australia,2026-09-20,unknown,,,,,,,,,,,,,no health reader for au-asic yet
au-asic,667099569,3 EMILIOS PTY LTD,Australia,2026-09-20,unknown,,,,,,,,,,,,,no health reader for au-asic yet
au-asic,668034839,EIGHTH DAY DISTILLERY PTY LTD,Australia,2026-09-20,unknown,,,,,,,,,,,,,no health reader for au-asic yet
au-asic,668085934,MOPANE RESOURCES PTY LTD,Australia,2026-09-20,unknown,,,,,,,,,,,,,no health reader for au-asic yet
au-asic,669789851,INFINITY DISTILLING PTY LTD,Australia,2026-09-20,unknown,,,,,,,,,,,,,no health reader for au-asic yet
au-asic,670588502,DANNY BOY PTY LTD,Australia,2026-09-20,unknown,,,,,,,,,,,,,no health reader for au-asic yet
au-asic,672368106,PORT JACKSON DISTILLING CO PTY LTD,Australia,2026-09-20,unknown,,,,,,,,,,,,,no health reader for au-asic yet
au-asic,674084943,NIGHT HAWK DISTILLERY PTY LTD,Australia,2026-09-20,unknown,,,,,,,,,,,,,no health reader for au-asic yet
au-asic,675474101,ITINERANT SPIRITS PTY LTD,Australia,2026-09-20,unknown,,,,,,,,,,,,,no health reader for au-asic yet
au-asic,676361327,BUDSTILL GROUP PTY LTD,Australia,2026-09-20,unknown,,,,,,,,,,,,,no health reader for au-asic yet
au-asic,677695411,WILD LOT DISTILLERY PTY LTD,Australia,2026-09-20,unknown,,,,,,,,,,,,,no health reader for au-asic yet
au-asic,679124693,PLATT INDUSTRIES PTY LTD,Australia,2026-09-20,unknown,,,,,,,,,,,,,no health reader for au-asic yet
au-asic,680227721,FOR GOOD SPIRITS PTY LTD,Australia,2026-09-20,unknown,,,,,,,,,,,,,no health reader for au-asic yet
au-asic,681755439,LYNDEN BARNES PTY LTD,Australia,2026-09-20,unknown,,,,,,,,,,,,,no health reader for au-asic yet
au-asic,683815689,MENGLER'S PEAK DISTILLERY PTY LTD,Australia,2026-09-20,unknown,,,,,,,,,,,,,no health reader for au-asic yet
au-asic,686597384,MCMULLEN DISTILLERY PTY LTD,Australia,2026-09-20,unknown,,,,,,,,,,,,,no health reader for au-asic yet
au-asic,687642771,ANDERSON DISTILLING PTY LTD,Australia,2026-09-20,unknown,,,,,,,,,,,,,no health reader for au-asic yet
au-asic,689741277,THE QUIRKY DISTILLING CO PTY LTD,Australia,2026-09-20,unknown,,,,,,,,,,,,,no health reader for au-asic yet
au-asic,690987378,EAST GIPPSLAND DISTILLERY PTY LTD,Australia,2026-09-20,unknown,,,,,,,,,,,,,no health reader for au-asic yet
au-asic,696634741,THAT SPIRITED LOT GROUP PTY LTD,Australia,2026-09-20,unknown,,,,,,,,,,,,,no health reader for au-asic yet
au-asic,697995850,WILD BRUMBY DISTILLERY PTY LTD,Australia,2026-09-20,unknown,,,,,,,,,,,,,no health reader for au-asic yet
bc-orgbook,A0087167,ARBUTUS DISTILLERIES INC.,Canada,2026-09-20,unknown,,,,,,,,,,,,,no health reader for bc-orgbook yet
bc-orgbook,A0104371,CANADA ASIA-PACIFIC AGRICULTURAL TRADE INC.,Canada,2026-09-20,unknown,,,,,,,,,,,,,no health reader for bc-orgbook yet
bc-orgbook,A0108864,ANDERSON DISTILLERIES INC.,Canada,2026-09-20,unknown,,,,,,,,,,,,,no health reader for bc-orgbook yet
bc-orgbook,BC0158155,TONIK DISTILLING LTD.,Canada,2026-09-20,unknown,,,,,,,,,,,,,no health reader for bc-orgbook yet
bc-orgbook,BC0330962,LIBERTY MERCHANT COMPANY INC.,Canada,2026-09-20,unknown,,,,,,,,,,,,,no health reader for bc-orgbook yet
bc-orgbook,BC0535579,MERRIDALE CIDERWORKS CORP.,Canada,2026-09-20,unknown,,,,,,,,,,,,,no health reader for bc-orgbook yet
bc-orgbook,BC0885743,THE DUBH GLAS DISTILLERY INC.,Canada,2026-09-20,unknown,,,,,,,,,,,,,no health reader for bc-orgbook yet
bc-orgbook,BC0901414,LONG TABLE DISTILLERY LTD.,Canada,2026-09-20,unknown,,,,,,,,,,,,,no health reader for bc-orgbook yet
bc-orgbook,BC0904667,JOE HENDRIE HOLDINGS INC.,Canada,2026-09-20,unknown,,,,,,,,,,,,,no health reader for bc-orgbook yet
bc-orgbook,BC0914260,OKANAGAN SPIRITS INC.,Canada,2026-09-20,unknown,,,,,,,,,,,,,no health reader for bc-orgbook yet
bc-orgbook,BC0923916,BRUINWOOD ESTATE DISTILLERY INC.,Canada,2026-09-20,unknown,,,,,,,,,,,,,no health reader for bc-orgbook yet
bc-orgbook,BC0927363,0927363 B.C. LTD.,Canada,2026-09-20,unknown,,,,,,,,,,,,,no health reader for bc-orgbook yet
bc-orgbook,BC0945935,DRAGON MIST DISTILLERY LTD.,Canada,2026-09-20,unknown,,,,,,,,,,,,,no health reader for bc-orgbook yet
bc-orgbook,BC0948246,SALISH SEA DISTILLERY INC.,Canada,2026-09-20,unknown,,,,,,,,,,,,,no health reader for bc-orgbook yet
bc-orgbook,BC0969174,SONS OF VANCOUVER DISTILLERY LTD.,Canada,2026-09-20,unknown,,,,,,,,,,,,,no health reader for bc-orgbook yet
bc-orgbook,BC0974785,MAD LABORATORY DISTILLING LTD.,Canada,2026-09-20,unknown,,,,,,,,,,,,,no health reader for bc-orgbook yet
bc-orgbook,BC0992499,SALT SPRING SHINE CRAFT DISTILLERY LTD.,Canada,2026-09-20,unknown,,,,,,,,,,,,,no health reader for bc-orgbook yet
bc-orgbook,BC1013536,HERITAGE ACRES DISTILLING INC.,Canada,2026-09-20,unknown,,,,,,,,,,,,,no health reader for bc-orgbook yet
bc-orgbook,BC1037525,COAST DISTILLERY LTD.,Canada,2026-09-20,unknown,,,,,,,,,,,,,no health reader for bc-orgbook yet
bc-orgbook,BC1041769,ROOTS AND WINGS DISTILLERY INC.,Canada,2026-09-20,unknown,,,,,,,,,,,,,no health reader for bc-orgbook yet
bc-orgbook,BC1065644,STILLHEAD DISTILLERY INC.,Canada,2026-09-20,unknown,,,,,,,,,,,,,no health reader for bc-orgbook yet
bc-orgbook,BC1067201,COPPER SPIRIT DISTILLERY LTD.,Canada,2026-09-20,unknown,,,,,,,,,,,,,no health reader for bc-orgbook yet
bc-orgbook,BC1070930,AFTER DARK DISTILLERY LTD.,Canada,2026-09-20,unknown,,,,,,,,,,,,,no health reader for bc-orgbook yet
bc-orgbook,BC1071319,MONASHEE SPIRITS CRAFT DISTILLERY LTD.,Canada,2026-09-20,unknown,,,,,,,,,,,,,no health reader for bc-orgbook yet
bc-orgbook,BC1079802,FERNIE DISTILLERS INC.,Canada,2026-09-20,unknown,,,,,,,,,,,,,no health reader for bc-orgbook yet
bc-orgbook,BC1085189,MONTIS DISTILLING LTD.,Canada,2026-09-20,unknown,,,,,,,,,,,,,no health reader for bc-orgbook yet
bc-orgbook,BC1088525,TRUE NORTH DISTILLERIES LTD.,Canada,2026-09-20,unknown,,,,,,,,,,,,,no health reader for bc-orgbook yet
bc-orgbook,BC1108034,DEEP BLUE DISTILLERIES LTD.,Canada,2026-09-20,unknown,,,,,,,,,,,,,no health reader for bc-orgbook yet
bc-orgbook,BC1108157,TOFINO DISTILLERY LTD.,Canada,2026-09-20,unknown,,,,,,,,,,,,,no health reader for bc-orgbook yet
bc-orgbook,BC1119148,HOLOCENE DISTILLING PROJECT LTD.,Canada,2026-09-20,unknown,,,,,,,,,,,,,no health reader for bc-orgbook yet
bc-orgbook,BC1138652,SHERINGHAM DISTILLERY LTD.,Canada,2026-09-20,unknown,,,,,,,,,,,,,no health reader for bc-orgbook yet
bc-orgbook,BC1167069,STEALTH CRAFT DISTILLERS CORPORATION,Canada,2026-09-20,unknown,,,,,,,,,,,,,no health reader for bc-orgbook yet
bc-orgbook,BC1206409,RED BRIDGE DISTILLING LTD.,Canada,2026-09-20,unknown,,,,,,,,,,,,,no health reader for bc-orgbook yet
bc-orgbook,BC1217252,COPPERPENNY DISTILLING LIMITED,Canada,2026-09-20,unknown,,,,,,,,,,,,,no health reader for bc-orgbook yet
bc-orgbook,BC1284133,ANTIDOTE DISTILLING CO LTD.,Canada,2026-09-20,unknown,,,,,,,,,,,,,no health reader for bc-orgbook yet
bc-orgbook,BC1285191,SHARPE DISTILLERY INC.,Canada,2026-09-20,unknown,,,,,,,,,,,,,no health reader for bc-orgbook yet
bc-orgbook,BC1302104,BEST COAST DISTILLERS INC.,Canada,2026-09-20,unknown,,,,,,,,,,,,,no health reader for bc-orgbook yet
bc-orgbook,BC1306226,ROUTE 1 DISTILLERY LTD.,Canada,2026-09-20,unknown,,,,,,,,,,,,,no health reader for bc-orgbook yet
bc-orgbook,BC1344037,THE STOLEN BELL DISTILLERY LTD.,Canada,2026-09-20,unknown,,,,,,,,,,,,,no health reader for bc-orgbook yet
bc-orgbook,BC1363042,BEE WILD DISTILLERY LTD.,Canada,2026-09-20,unknown,,,,,,,,,,,,,no health reader for bc-orgbook yet
bc-orgbook,BC1368005,VICTORIA DISTILLERS INC.,Canada,2026-09-20,unknown,,,,,,,,,,,,,no health reader for bc-orgbook yet
bc-orgbook,BC1492213,1492213 B.C. LTD.,Canada,2026-09-20,unknown,,,,,,,,,,,,,no health reader for bc-orgbook yet
ch-zefix,CHE-101.086.803,S. Fassbind AG,Switzerland,2026-09-20,unknown,,,,,,,,,,,,,no health reader for ch-zefix yet
ch-zefix,CHE-101.250.882,Brauerei Locher Aktiengesellschaft,Switzerland,2026-09-20,unknown,,,,,,,,,,,,,no health reader for ch-zefix yet
ch-zefix,CHE-101.329.845,Käsers Schloss AG,Switzerland,2026-09-20,unknown,,,,,,,,,,,,,no health reader for ch-zefix yet
ch-zefix,CHE-101.803.195,DIWISA AG,Switzerland,2026-09-20,unknown,,,,,,,,,,,,,no health reader for ch-zefix yet
ch-zefix,CHE-101.948.712,Distillerie de Bassins Sàrl,Switzerland,2026-09-20,unknown,,,,,,,,,,,,,no health reader for ch-zefix yet
ch-zefix,CHE-102.452.023,Distillerie Studer & Co AG,Switzerland,2026-09-20,unknown,,,,,,,,,,,,,no health reader for ch-zefix yet
ch-zefix,CHE-102.559.170,Sonnenbräu AG,Switzerland,2026-09-20,unknown,,,,,,,,,,,,,no health reader for ch-zefix yet
ch-zefix,CHE-105.428.802,Brennerei Marchon GmbH,Switzerland,2026-09-20,unknown,,,,,,,,,,,,,no health reader for ch-zefix yet
ch-zefix,CHE-105.597.965,"Cave et Distillerie de la Ruelle, Daniel Beyeler",Switzerland,2026-09-20,unknown,,,,,,,,,,,,,no health reader for ch-zefix yet
ch-zefix,CHE-106.966.278,Brennerei zum Tröpfli GmbH,Switzerland,2026-09-20,unknown,,,,,,,,,,,,,no health reader for ch-zefix yet
ch-zefix,CHE-107.135.854,Humbel Spezialitätenbrennerei AG,Switzerland,2026-09-20,unknown,,,,,,,,,,,,,no health reader for ch-zefix yet
ch-zefix,CHE-107.297.008,Zogg Mosterei-Brennerei AG,Switzerland,2026-09-20,unknown,,,,,,,,,,,,,no health reader for ch-zefix yet
ch-zefix,CHE-107.435.078,Louis Morand & Cie S.A.,Switzerland,2026-09-20,unknown,,,,,,,,,,,,,no health reader for ch-zefix yet
ch-zefix,CHE-110.338.895,Distillerie Pellet Sàrl,Switzerland,2026-09-20,unknown,,,,,,,,,,,,,no health reader for ch-zefix yet
ch-zefix,CHE-111.746.653,Zürcher Spezialitäten-Brennerei,Switzerland,2026-09-20,unknown,,,,,,,,,,,,,no health reader for ch-zefix yet
ch-zefix,CHE-113.968.845,Langatun Distillery AG,Switzerland,2026-09-20,unknown,,,,,,,,,,,,,no health reader for ch-zefix yet
ch-zefix,CHE-113.993.671,Brennerei Kramer AG,Switzerland,2026-09-20,unknown,,,,,,,,,,,,,no health reader for ch-zefix yet
ch-zefix,CHE-115.389.115,Lohnbrennerei Keiser GmbH,Switzerland,2026-09-20,unknown,,,,,,,,,,,,,no health reader for ch-zefix yet
ch-zefix,CHE-130.578.669,Kohler Weingut & Brennerei,Switzerland,2026-09-20,unknown,,,,,,,,,,,,,no health reader for ch-zefix yet
ch-zefix,CHE-233.966.979,Absinthe La Valote Martin Sàrl,Switzerland,2026-09-20,unknown,,,,,,,,,,,,,no health reader for ch-zefix yet
ch-zefix,CHE-256.709.241,DISTILLERIE LES FRANGINS Sàrl,Switzerland,2026-09-20,unknown,,,,,,,,,,,,,no health reader for ch-zefix yet
ch-zefix,CHE-263.631.319,Distilleria Valera Sagl,Switzerland,2026-09-20,unknown,,,,,,,,,,,,,no health reader for ch-zefix yet
ch-zefix,CHE-275.383.625,See-Distillerie Beckenried AG,Switzerland,2026-09-20,unknown,,,,,,,,,,,,,no health reader for ch-zefix yet
ch-zefix,CHE-299.158.007,Gagygnole SA,Switzerland,2026-09-20,unknown,,,,,,,,,,,,,no health reader for ch-zefix yet
ch-zefix,CHE-327.033.301,Ernst Zuber AG,Switzerland,2026-09-20,unknown,,,,,,,,,,,,,no health reader for ch-zefix yet
ch-zefix,CHE-358.961.042,Toggenburg Distillery GmbH,Switzerland,2026-09-20,unknown,,,,,,,,,,,,,no health reader for ch-zefix yet
ch-zefix,CHE-391.267.679,Brennerei Gubser GmbH,Switzerland,2026-09-20,unknown,,,,,,,,,,,,,no health reader for ch-zefix yet
ch-zefix,CHE-395.122.034,Brennerei und Weinbau Hazeraj GmbH,Switzerland,2026-09-20,unknown,,,,,,,,,,,,,no health reader for ch-zefix yet
ch-zefix,CHE-399.817.945,Maygreen GmbH,Switzerland,2026-09-20,unknown,,,,,,,,,,,,,no health reader for ch-zefix yet
ch-zefix,CHE-403.974.811,Brennerei Stadelmann GmbH,Switzerland,2026-09-20,unknown,,,,,,,,,,,,,no health reader for ch-zefix yet
ch-zefix,CHE-421.543.567,Larusée Sàrl,Switzerland,2026-09-20,unknown,,,,,,,,,,,,,no health reader for ch-zefix yet
ch-zefix,CHE-444.146.013,Brennerei Schwab GmbH,Switzerland,2026-09-20,unknown,,,,,,,,,,,,,no health reader for ch-zefix yet
ch-zefix,CHE-454.960.541,Distillerie Mount RIGI AG,Switzerland,2026-09-20,unknown,,,,,,,,,,,,,no health reader for ch-zefix yet
companies-house,00023307,DIAGEO PLC,United Kingdom,2026-09-20,live,,1886-10-21,2025-06-30,group,2026-12-31,false,false,0,0,,70100,https://find-and-update.company-information.service.gov.uk/company/00023307,
companies-house,00031114,ADNAMS PLC,United Kingdom,2026-09-20,live,,1890-03-24,2025-12-31,full,2027-06-30,false,false,15,6,2026-07-03,11010 11050 46342 47250,https://find-and-update.company-information.service.gov.uk/company/00031114,
companies-house,00074809,GLENBURGIE DISTILLERY LIMITED,United Kingdom,2026-09-20,dormant,,1902-09-08,2025-06-30,dormant,2027-03-31,false,false,0,0,,74990,https://find-and-update.company-information.service.gov.uk/company/00074809,
companies-house,00547325,ALCOHOLS LIMITED,United Kingdom,2026-09-20,live,,1955-04-05,2024-12-31,group,2026-09-30,false,false,7,6,2023-01-18,11010 20590,https://find-and-update.company-information.service.gov.uk/company/00547325,
companies-house,00613551,JOHN DEWAR AND SONS LIMITED,United Kingdom,2026-09-20,live,,1958-10-24,2025-03-31,full,2026-12-31,false,false,1,1,2019-01-22,11010 46342,https://find-and-update.company-information.service.gov.uk/company/00613551,
companies-house,01545184,ENGLISH WHISKY CO. LIMITED,United Kingdom,2026-09-20,live,,1981-02-12,2025-03-31,total-exemption-full,2026-12-31,false,false,2,1,2008-06-11,11010 11040 47110 79901,https://find-and-update.company-information.service.gov.uk/company/01545184,
companies-house,01595703,GLEN TURNER COMPANY LIMITED,United Kingdom,2026-09-20,live,,1981-11-04,2025-12-31,group,2027-09-30,false,false,2,1,2020-06-19,46342,https://find-and-update.company-information.service.gov.uk/company/01595703,
companies-house,02202176,CAPTAIN COOK LIMITED,United Kingdom,2026-09-20,dormant,,1987-12-03,2025-03-31,dormant,2026-12-31,false,false,0,0,,96090,https://find-and-update.company-information.service.gov.uk/company/02202176,
companies-house,03289012,THAMES DISTILLERS LIMITED,United Kingdom,2026-09-20,live,,1996-12-06,2025-06-30,total-exemption-full,2027-03-31,false,false,3,3,2010-03-23,11010 11040 46342,https://find-and-update.company-information.service.gov.uk/company/03289012,
companies-house,03620949,THE WELSH WHISKY COMPANY LIMITED,United Kingdom,2026-09-20,live,,1998-08-24,2025-08-31,full,2027-05-31,false,false,27,17,2023-11-20,11010,https://find-and-update.company-information.service.gov.uk/company/03620949,
companies-house,05512270,CASTLETOWN LIMITED,United Kingdom,2026-09-20,live,,2005-07-19,2025-03-31,total-exemption-full,2026-12-31,false,false,0,0,,64209,https://find-and-update.company-information.service.gov.uk/company/05512270,
companies-house,05586226,BANKHALL LIMITED,United Kingdom,2026-09-20,live,,2005-10-07,2025-10-31,micro-entity,2027-07-28,false,false,4,4,2008-06-27,68209,https://find-and-update.company-information.service.gov.uk/company/05586226,
companies-house,05591988,BEAM SUNTORY UK LIMITED,United Kingdom,2026-09-20,live,,2005-10-13,2024-12-31,full,2026-12-31,false,false,0,0,,11010,https://find-and-update.company-information.service.gov.uk/company/05591988,
companies-house,05752521,COPPER POT LTD,United Kingdom,2026-09-20,live,,2006-03-22,2025-03-31,total-exemption-full,2026-12-31,false,false,0,0,,56101,https://find-and-update.company-information.service.gov.uk/company/05752521,
companies-house,05997034,WINCHESTER DISTILLERY LIMITED,United Kingdom,2026-09-20,live,,2006-11-13,2025-11-30,total-exemption-full,2027-08-31,false,false,0,0,,11010,https://find-and-update.company-information.service.gov.uk/company/05997034,
companies-house,06373864,SIPSMITH LIMITED,United Kingdom,2026-09-20,live,,2007-09-18,2024-12-31,full,2026-12-31,false,false,3,3,2015-05-21,11010,https://find-and-update.company-information.service.gov.uk/company/06373864,
companies-house,06736350,BLACK FRIARS DISTILLERY LIMITED,United Kingdom,2026-09-20,dormant,,2008-10-29,2025-06-30,dormant,2027-03-31,false,false,0,0,,82990,https://find-and-update.company-information.service.gov.uk/company/06736350,
companies-house,06775395,LUDLOW DISTILLERY LIMITED,United Kingdom,2026-09-20,live,,2008-12-17,2025-09-30,micro-entity,2027-06-28,false,false,0,0,,11010,https://find-and-update.company-information.service.gov.uk/company/06775395,
companies-house,07131024,STONE HOUSE BREWERY LIMITED,United Kingdom,2026-09-20,live,,2010-01-20,2025-03-31,total-exemption-full,2026-12-31,false,false,0,0,,11050,https://find-and-update.company-information.service.gov.uk/company/07131024,
companies-house,07515908,BIMBER DISTILLERY LTD,United Kingdom,2026-09-20,live,,2011-02-03,2025-02-28,total-exemption-full,2026-11-30,false,false,0,0,,11010,https://find-and-update.company-information.service.gov.uk/company/07515908,
companies-house,07604280,G&J DISTILLERS LTD.,United Kingdom,2026-09-20,live,,2011-04-14,2024-12-31,full,2026-09-30,false,false,10,7,2026-01-22,11010,https://find-and-update.company-information.service.gov.uk/company/07604280,
companies-house,07688037,CAMBRIDGE DISTILLERY LTD,United Kingdom,2026-09-20,live,,2011-06-30,2025-06-30,total-exemption-full,2027-03-31,false,false,0,0,,11010,https://find-and-update.company-information.service.gov.uk/company/07688037,
companies-house,07769363,THE LAKES DISTILLERY COMPANY LIMITED,United Kingdom,2026-09-20,live,,2011-09-12,2025-12-31,full,2027-09-30,false,false,15,0,2023-12-07,11010,https://find-and-update.company-information.service.gov.uk/company/07769363,
companies-house,07837036,BATCH BREW LTD,United Kingdom,2026-09-20,live,,2011-11-07,2025-11-30,total-exemption-full,2027-08-31,false,false,0,0,,11010 11050,https://find-and-update.company-information.service.gov.uk/company/07837036,
companies-house,07881791,AURORA BREWING LIMITED,United Kingdom,2026-09-20,live,,2011-12-14,2024-12-31,unaudited-abridged,2026-09-30,false,false,0,0,,11010 82990,https://find-and-update.company-information.service.gov.uk/company/07881791,
companies-house,08021995,RAER SCOTCH WHISKY LTD,United Kingdom,2026-09-20,live,,2012-04-05,2024-12-31,total-exemption-full,2026-09-30,false,false,1,1,2026-02-16,11010 41100 46342,https://find-and-update.company-information.service.gov.uk/company/08021995,
companies-house,08039849,THE FUZZY DUCK DISTILLERY LTD,United Kingdom,2026-09-20,live,,2012-04-20,2025-03-31,total-exemption-full,2026-12-31,false,false,0,0,,11010,https://find-and-update.company-information.service.gov.uk/company/08039849,
companies-house,08073174,WARNER'S DISTILLERY LIMITED,United Kingdom,2026-09-20,live,,2012-05-17,2025-12-31,small,2027-09-30,false,false,7,1,2025-07-11,11010,https://find-and-update.company-information.service.gov.uk/company/08073174,
companies-house,08182937,SPIRIT OF YORKSHIRE LIMITED,United Kingdom,2026-09-20,live,,2012-08-16,2025-04-30,total-exemption-full,2027-01-31,false,false,3,3,2025-09-16,11010,https://find-and-update.company-information.service.gov.uk/company/08182937,
companies-house,08230959,SOUTHWESTERN DISTILLERY LIMITED,United Kingdom,2026-09-20,live,,2012-09-27,2025-03-31,total-exemption-full,2026-12-26,false,false,1,1,2021-05-10,11010,https://find-and-update.company-information.service.gov.uk/company/08230959,
companies-house,08300207,OXFORD ARTISAN DISTILLERY LIMITED,United Kingdom,2026-09-20,dormant,,2012-11-20,2025-03-31,dormant,2026-12-31,false,false,0,0,,99999,https://find-and-update.company-information.service.gov.uk/company/08300207,
companies-house,08303103,MASONS OF YORKSHIRE LTD,United Kingdom,2026-09-20,live,,2012-11-22,2025-12-31,total-exemption-full,2027-09-30,false,false,2,2,2017-07-06,11010,https://find-and-update.company-information.service.gov.uk/company/08303103,
companies-house,08338383,DEVON DISTILLERY LIMITED,United Kingdom,2026-09-20,live,,2012-12-20,2026-03-31,total-exemption-full,2027-12-31,false,false,0,0,,11010,https://find-and-update.company-information.service.gov.uk/company/08338383,
companies-house,08428983,THE RAMSBURY BREWING AND DISTILLING COMPANY LIMITED,United Kingdom,2026-09-20,live,,2013-03-04,2025-12-31,small,2027-09-30,false,false,1,1,2024-04-26,11010 11050,https://find-and-update.company-information.service.gov.uk/company/08428983,
companies-house,08443976,LOCKSLEY DISTILLING COMPANY LIMITED,United Kingdom,2026-09-20,live,,2013-03-14,2025-06-30,total-exemption-full,2027-03-31,false,false,0,0,,11010,https://find-and-update.company-information.service.gov.uk/company/08443976,
companies-house,08573236,THE BOATYARD DISTILLERY LTD,United Kingdom,2026-09-20,live,,2013-06-18,2025-12-31,total-exemption-full,2027-09-30,false,false,5,3,2026-04-30,11010,https://find-and-update.company-information.service.gov.uk/company/08573236,
companies-house,08617161,LOCH LOMOND DISTILLERY COMPANY LIMITED,United Kingdom,2026-09-20,live,,2013-07-19,2024-12-31,audit-exemption-subsidiary,2026-09-30,false,false,0,0,,11010 46342,https://find-and-update.company-information.service.gov.uk/company/08617161,
companies-house,08617165,GLEN SCOTIA DISTILLERY COMPANY LIMITED,United Kingdom,2026-09-20,live,,2013-07-19,2024-12-31,full,2026-09-30,false,false,2,2,2025-04-02,11010 46342,https://find-and-update.company-information.service.gov.uk/company/08617165,
companies-house,08724654,DRAGON SLAYER DISTILLERY LIMITED,United Kingdom,2026-09-20,live,,2013-10-09,2024-10-31,unaudited-abridged,2026-10-31,false,false,0,0,,11010,https://find-and-update.company-information.service.gov.uk/company/08724654,
companies-house,08745923,DARTMOOR DISTILLERY LIMITED,United Kingdom,2026-09-20,live,,2013-10-24,2026-01-31,total-exemption-full,2027-10-31,false,false,0,0,,11010,https://find-and-update.company-information.service.gov.uk/company/08745923,
companies-house,08762472,SIBLING DISTILLERY LIMITED,United Kingdom,2026-09-20,live,,2013-11-05,2025-01-31,total-exemption-full,2026-10-31,false,false,1,1,2019-04-16,11010,https://find-and-update.company-information.service.gov.uk/company/08762472,
companies-house,08785558,TREVETHAN DISTILLERY LTD,United Kingdom,2026-09-20,live,,2013-11-21,2025-03-31,micro-entity,2026-12-31,false,false,3,3,2021-12-06,11010,https://find-and-update.company-information.service.gov.uk/company/08785558,
companies-house,08909751,CONKER SPIRIT LIMITED,United Kingdom,2026-09-20,live,,2014-02-25,2025-02-28,total-exemption-full,2026-11-30,false,false,3,3,2026-01-30,11010,https://find-and-update.company-information.service.gov.uk/company/08909751,
companies-house,08979640,PSYCHOPOMP LTD,United Kingdom,2026-09-20,live,,2014-04-04,2026-05-01,micro-entity,2028-01-31,false,false,0,0,,11010 46342,https://find-and-update.company-information.service.gov.uk/company/08979640,
companies-house,08983113,NETHERGATE BREWERY CO LTD,United Kingdom,2026-09-20,live,,2014-04-07,2025-03-31,total-exemption-full,2026-12-31,false,false,2,2,2025-12-23,11010 11050,https://find-and-update.company-information.service.gov.uk/company/08983113,
companies-house,09040283,ISLE OF WIGHT DISTILLERY LTD,United Kingdom,2026-09-20,live,,2014-05-14,2025-03-31,total-exemption-full,2026-12-31,false,false,3,3,2026-07-31,11010,https://find-and-update.company-information.service.gov.uk/company/09040283,
companies-house,09347341,BLADNOCH DISTILLERY LIMITED,United Kingdom,2026-09-20,live,,2014-12-09,2025-06-30,group,2027-03-31,false,false,9,6,2023-12-07,11010,https://find-and-update.company-information.service.gov.uk/company/09347341,
companies-house,09440491,DARTMOOR WHISKY DISTILLERY LTD,United Kingdom,2026-09-20,live,,2015-02-16,2025-03-31,total-exemption-full,2026-12-31,false,false,0,0,,11010,https://find-and-update.company-information.service.gov.uk/company/09440491,
companies-house,09544884,FOREST DISTILLERY LTD,United Kingdom,2026-09-20,live,,2015-04-16,2025-04-30,total-exemption-full,2027-01-31,false,false,1,1,2020-10-02,11010,https://find-and-update.company-information.service.gov.uk/company/09544884,
companies-house,09584544,TORS DISTILLERY LIMITED,United Kingdom,2026-09-20,live,,2015-05-11,2025-03-31,micro-entity,2026-12-31,false,false,0,0,,11010,https://find-and-update.company-information.service.gov.uk/company/09584544,
companies-house,09609813,DISTILLERS DIRECT LTD,United Kingdom,2026-09-20,live,,2015-05-27,2026-03-31,total-exemption-full,2027-12-31,false,false,0,0,,46342 46390,https://find-and-update.company-information.service.gov.uk/company/09609813,
companies-house,09658841,SHAKESPEARE DISTILLERY LIMITED,United Kingdom,2026-09-20,live,,2015-06-26,2025-06-30,total-exemption-full,2027-03-31,false,false,0,0,,11010,https://find-and-update.company-information.service.gov.uk/company/09658841,
companies-house,09676373,HENSTONE DISTILLERY LIMITED,United Kingdom,2026-09-20,live,,2015-07-08,2025-03-31,micro-entity,2026-12-31,false,false,0,0,,11010,https://find-and-update.company-information.service.gov.uk/company/09676373,
companies-house,09688773,GREENSAND RIDGE LIMITED,United Kingdom,2026-09-20,live,,2015-07-16,2025-12-31,micro-entity,2027-09-30,false,false,0,0,,82990,https://find-and-update.company-information.service.gov.uk/company/09688773,
companies-house,09718673,DYFI DISTILLERY LTD,United Kingdom,2026-09-20,live,,2015-08-05,2025-08-31,total-exemption-full,2027-05-31,false,false,1,0,2022-03-01,11010,https://find-and-update.company-information.service.gov.uk/company/09718673,
companies-house,09882249,COLWITH FARM DISTILLERY LIMITED,United Kingdom,2026-09-20,live,,2015-11-20,2025-12-31,total-exemption-full,2027-09-30,false,false,1,0,2020-03-16,11010,https://find-and-update.company-information.service.gov.uk/company/09882249,
companies-house,09894852,THE BIG HILL DISTILLERY LIMITED,United Kingdom,2026-09-20,live,,2015-11-30,2025-11-30,micro-entity,2027-08-31,false,false,0,0,,11010,https://find-and-update.company-information.service.gov.uk/company/09894852,
companies-house,09909352,DOGHOUSE DISTILLERY LIMITED,United Kingdom,2026-09-20,live,,2015-12-09,2024-12-31,micro-entity,2026-09-30,false,false,0,0,,11010,https://find-and-update.company-information.service.gov.uk/company/09909352,
companies-house,09934327,THE SUFFOLK DISTILLERY LIMITED,United Kingdom,2026-09-20,live,,2016-01-04,2025-01-31,total-exemption-full,2026-10-31,false,false,0,0,,11010,https://find-and-update.company-information.service.gov.uk/company/09934327,
companies-house,09951593,THE CORNISH DISTILLING COMPANY LTD,United Kingdom,2026-09-20,live,,2016-01-14,2024-12-31,total-exemption-full,2026-09-30,false,false,1,1,2018-03-27,11010,https://find-and-update.company-information.service.gov.uk/company/09951593,
companies-house,09951878,SZICSEK PALINKA LTD,United Kingdom,2026-09-20,live,,2016-01-14,2025-01-31,micro-entity,2026-10-31,false,false,0,0,,46342,https://find-and-update.company-information.service.gov.uk/company/09951878,
companies-house,09965396,SCOUT AND SAGE LIMITED,United Kingdom,2026-09-20,live,,2016-01-22,2025-01-31,micro-entity,2026-10-31,false,false,0,0,,11010,https://find-and-update.company-information.service.gov.uk/company/09965396,
companies-house,10037294,ARCHANGEL DISTILLERIES LTD,United Kingdom,2026-09-20,live,,2016-03-02,2025-02-28,total-exemption-full,2026-11-30,false,false,0,0,,11010 91030,https://find-and-update.company-information.service.gov.uk/company/10037294,
companies-house,10088389,CROSSBILL LTD,United Kingdom,2026-09-20,live,,2016-03-29,2026-03-31,micro-entity,2027-12-31,false,false,0,0,,62020,https://find-and-update.company-information.service.gov.uk/company/10088389,
companies-house,10098181,WHITE PEAK DISTILLERY LIMITED,United Kingdom,2026-09-20,live,,2016-04-01,2025-06-30,micro-entity,2027-03-31,false,false,1,0,2018-03-19,11010,https://find-and-update.company-information.service.gov.uk/company/10098181,
companies-house,10111242,YORKSHIRE DALES DISTILLERY LTD,United Kingdom,2026-09-20,live,,2016-04-07,2025-04-30,unaudited-abridged,2027-01-31,false,false,1,1,2023-04-04,11010,https://find-and-update.company-information.service.gov.uk/company/10111242,
companies-house,10135055,COOPER KING DISTILLERY LTD,United Kingdom,2026-09-20,live,,2016-04-20,2024-12-31,total-exemption-full,2026-09-30,false,false,3,3,2022-05-25,11010,https://find-and-update.company-information.service.gov.uk/company/10135055,
companies-house,10205077,SHED 1 DISTILLERY ULVERSTON. LIMITED,United Kingdom,2026-09-20,live,,2016-05-28,2025-05-31,micro-entity,2027-02-28,false,false,0,0,,11010,https://find-and-update.company-information.service.gov.uk/company/10205077,
companies-house,10324904,TWISTED ROOTS DISTILLERY LTD,United Kingdom,2026-09-20,live,,2016-08-11,2025-08-31,micro-entity,2027-05-31,false,false,0,0,,11010,https://find-and-update.company-information.service.gov.uk/company/10324904,
companies-house,10330594,DEVIL'S BOTANY LTD,United Kingdom,2026-09-20,live,,2016-08-15,2024-12-31,total-exemption-full,2026-09-30,false,false,0,0,,11010,https://find-and-update.company-information.service.gov.uk/company/10330594,
companies-house,10337975,THE CAT & FIDDLE LIMITED,United Kingdom,2026-09-20,live,,2016-08-19,2025-06-30,small,2027-03-31,false,false,0,0,,41100,https://find-and-update.company-information.service.gov.uk/company/10337975,
companies-house,10339626,OLD BAKERY DISTILLERY LIMITED,United Kingdom,2026-09-20,live,,2016-08-22,2025-08-31,micro-entity,2027-05-31,false,false,0,0,,11010,https://find-and-update.company-information.service.gov.uk/company/10339626,
companies-house,10389603,DISTILLERS OF SURREY LIMITED,United Kingdom,2026-09-20,live,,2016-09-22,2025-09-30,total-exemption-full,2027-06-30,false,false,0,0,,11010,https://find-and-update.company-information.service.gov.uk/company/10389603,
companies-house,10420949,SECOND SON DISTILLERY LIMITED,United Kingdom,2026-09-20,live,,2016-10-11,2025-10-31,micro-entity,2027-07-31,false,false,0,0,,11010 56290 56302,https://find-and-update.company-information.service.gov.uk/company/10420949,
companies-house,10453120,KETTLESING DISTILLING COMPANY LIMITED,United Kingdom,2026-09-20,live,,2016-10-31,2024-12-31,total-exemption-full,2026-09-30,false,false,0,0,,11010,https://find-and-update.company-information.service.gov.uk/company/10453120,
companies-house,10638119,THE CRAFT DISTILLING BUSINESS LIMITED,United Kingdom,2026-09-20,live,,2017-02-24,2026-02-28,total-exemption-full,2027-11-30,false,false,0,0,,47990,https://find-and-update.company-information.service.gov.uk/company/10638119,
companies-house,10638872,THE BRISTOL DISTILLING COMPANY LTD,United Kingdom,2026-09-20,live,,2017-02-24,2025-12-31,total-exemption-full,2027-09-30,false,false,0,0,,82990,https://find-and-update.company-information.service.gov.uk/company/10638872,
companies-house,10647576,LIVERPOOL GIN DISTILLERY LIMITED,United Kingdom,2026-09-20,live,,2017-03-02,2025-06-30,audit-exemption-subsidiary,2027-03-31,false,false,1,1,2019-11-20,11010,https://find-and-update.company-information.service.gov.uk/company/10647576,
companies-house,10658449,SHEFFIELD DISTILLERY LIMITED,United Kingdom,2026-09-20,live,,2017-03-08,2026-03-31,total-exemption-full,2027-12-29,false,false,0,0,,11010,https://find-and-update.company-information.service.gov.uk/company/10658449,
companies-house,10688895,THE DARTMOUTH DISTILLERY COMPANY LIMITED,United Kingdom,2026-09-20,dormant,,2017-03-24,2025-03-31,dormant,2026-12-31,false,false,0,0,,11010,https://find-and-update.company-information.service.gov.uk/company/10688895,
companies-house,10692126,MADAME JENNIFER DISTILLERY LIMITED,United Kingdom,2026-09-20,live,,2017-03-27,2026-03-31,micro-entity,2027-12-31,false,false,0,0,,11010,https://find-and-update.company-information.service.gov.uk/company/10692126,
companies-house,10714499,BOND STREET DISTILLERY LTD.,United Kingdom,2026-09-20,live,active-proposal-to-strike-off,2017-04-07,2024-03-31,micro-entity,2025-12-31,true,false,0,0,,11010,https://find-and-update.company-information.service.gov.uk/company/10714499,
companies-house,10723643,WOOD BROTHERS DISTILLING COMPANY LIMITED,United Kingdom,2026-09-20,live,,2017-04-13,2025-04-30,total-exemption-full,2027-01-31,false,false,0,0,,11010,https://find-and-update.company-information.service.gov.uk/company/10723643,
companies-house,10743593,COASTAL DISTILLERY LIMITED,United Kingdom,2026-09-20,live,,2017-04-27,2025-05-31,micro-entity,2027-02-28,false,false,0,0,,11010,https://find-and-update.company-information.service.gov.uk/company/10743593,
companies-house,10750007,THE LINCOLN DISTILLERY LIMITED,United Kingdom,2026-09-20,live,,2017-05-02,2025-04-30,total-exemption-full,2027-01-31,false,false,0,0,,11010,https://find-and-update.company-information.service.gov.uk/company/10750007,
companies-house,10842166,ABER FALLS DISTILLERY LIMITED,United Kingdom,2026-09-20,live,,2017-06-29,2025-06-30,audit-exemption-subsidiary,2027-03-31,false,false,1,1,2018-11-29,11010,https://find-and-update.company-information.service.gov.uk/company/10842166,
companies-house,10847062,SPIRIT OF MANCHESTER DISTILLERY LIMITED,United Kingdom,2026-09-20,live,,2017-07-03,2026-03-31,total-exemption-full,2027-12-31,false,false,1,0,2021-12-20,11010,https://find-and-update.company-information.service.gov.uk/company/10847062,
companies-house,10871366,HARLEY HOUSE DISTILLERY LTD,United Kingdom,2026-09-20,live,,2017-07-18,2025-07-31,micro-entity,2027-04-30,false,false,0,0,,11010,https://find-and-update.company-information.service.gov.uk/company/10871366,
companies-house,10904773,CHALGROVE ARTISAN DISTILLERY LIMITED,United Kingdom,2026-09-20,live,,2017-08-08,2024-12-31,micro-entity,2026-09-30,false,false,0,0,,11010,https://find-and-update.company-information.service.gov.uk/company/10904773,
companies-house,10946189,DOWNTON DISTILLERY LIMITED,United Kingdom,2026-09-20,live,,2017-09-05,2025-09-30,total-exemption-full,2027-06-30,false,false,0,0,,11010,https://find-and-update.company-information.service.gov.uk/company/10946189,
companies-house,10963818,SACRED SPIRITS HOLDINGS LTD,United Kingdom,2026-09-20,live,,2017-09-14,2025-12-31,micro-entity,2027-09-30,false,false,1,0,2019-08-23,11010 46342 47250,https://find-and-update.company-information.service.gov.uk/company/10963818,
companies-house,10989129,WHITBY DISTILLERY LIMITED,United Kingdom,2026-09-20,live,,2017-09-29,2026-02-28,total-exemption-full,2027-11-30,false,false,1,0,2022-09-16,11010,https://find-and-update.company-information.service.gov.uk/company/10989129,
companies-house,11010815,NEW FOREST SPIRITS LTD,United Kingdom,2026-09-20,live,,2017-10-12,2025-10-31,micro-entity,2027-07-31,false,false,0,0,,11010 74909,https://find-and-update.company-information.service.gov.uk/company/11010815,
companies-house,11012871,HEART OF SUFFOLK DISTILLERY LIMITED,United Kingdom,2026-09-20,live,,2017-10-13,2026-03-31,micro-entity,2027-12-31,false,true,0,0,,11010,https://find-and-update.company-information.service.gov.uk/company/11012871,
companies-house,11022607,PISTON DISTILLERY LIMITED,United Kingdom,2026-09-20,live,,2017-10-19,2026-03-31,total-exemption-full,2027-12-31,false,false,0,0,,11010,https://find-and-update.company-information.service.gov.uk/company/11022607,
companies-house,11032164,BRINDLE DISTILLERY LIMITED,United Kingdom,2026-09-20,live,,2017-10-25,2025-03-31,total-exemption-full,2026-12-31,false,false,0,0,,01500 11010 46342 56302,https://find-and-update.company-information.service.gov.uk/company/11032164,
companies-house,11092489,EXMOOR DISTILLERY LTD,United Kingdom,2026-09-20,live,,2017-12-01,2025-12-31,total-exemption-full,2027-09-30,false,false,0,0,,96090,https://find-and-update.company-information.service.gov.uk/company/11092489,
companies-house,11115857,THE RIVER TEST DISTILLERY LIMITED,United Kingdom,2026-09-20,live,,2017-12-18,2025-03-31,micro-entity,2026-12-31,false,false,0,0,,11010,https://find-and-update.company-information.service.gov.uk/company/11115857,
companies-house,11118720,WHATAHOOT LTD,United Kingdom,2026-09-20,live,,2017-12-20,2024-12-31,micro-entity,2026-09-30,false,false,0,0,,11010,https://find-and-update.company-information.service.gov.uk/company/11118720,
companies-house,11136564,AM DISTILLING LTD,United Kingdom,2026-09-20,live,,2018-01-08,2025-01-31,micro-entity,2026-10-31,false,false,0,0,,11010,https://find-and-update.company-information.service.gov.uk/company/11136564,
companies-house,11141959,MOUSEHALL ESTATE LTD,United Kingdom,2026-09-20,live,,2018-01-10,2025-01-31,total-exemption-full,2026-10-31,false,false,0,0,,01210 11010 11020,https://find-and-update.company-information.service.gov.uk/company/11141959,
companies-house,11142768,THE SHROPSHIRE DISTILLERY LIMITED,United Kingdom,2026-09-20,live,,2018-01-10,2025-03-31,micro-entity,2026-12-31,false,false,0,0,,11010,https://find-and-update.company-information.service.gov.uk/company/11142768,
companies-house,11148352,BLACK MOUNTAINS BOTANICALS LTD,United Kingdom,2026-09-20,live,,2018-01-15,2025-01-31,micro-entity,2026-10-31,false,false,0,0,,56290,https://find-and-update.company-information.service.gov.uk/company/11148352,
companies-house,11166962,IN THE WELSH WIND DISTILLERY LTD,United Kingdom,2026-09-20,live,,2018-01-24,2025-01-31,total-exemption-full,2026-10-31,false,false,4,4,2026-08-05,11010,https://find-and-update.company-information.service.gov.uk/company/11166962,
companies-house,11194548,WREKIN SPIRIT LIMITED,United Kingdom,2026-09-20,live,,2018-02-08,2025-02-28,total-exemption-full,2026-11-30,false,false,0,0,,11010,https://find-and-update.company-information.service.gov.uk/company/11194548,
companies-house,11216010,THE SALFORD RUM COMPANY LIMITED,United Kingdom,2026-09-20,live,,2018-02-20,2025-02-28,total-exemption-full,2026-11-10,false,false,0,0,,46342,https://find-and-update.company-information.service.gov.uk/company/11216010,
companies-house,11243220,THE RUTLAND DISTILLERY COMPANY LTD,United Kingdom,2026-09-20,dormant,,2018-03-08,2025-03-31,dormant,2026-12-31,false,false,0,0,,11010,https://find-and-update.company-information.service.gov.uk/company/11243220,
companies-house,11292451,THE HOOTING OWL DISTILLERY LTD,United Kingdom,2026-09-20,live,,2018-04-05,2025-04-27,total-exemption-full,2027-01-27,false,false,1,1,2019-09-16,11010 47190 47810,https://find-and-update.company-information.service.gov.uk/company/11292451,
companies-house,11333421,HAWKRIDGE DISTILLERS LTD,United Kingdom,2026-09-20,live,,2018-04-27,2024-12-31,micro-entity,2026-09-30,false,false,0,0,,11010,https://find-and-update.company-information.service.gov.uk/company/11333421,
companies-house,11357680,TWO DRIFTERS DISTILLERY LTD,United Kingdom,2026-09-20,live,,2018-05-11,2025-05-31,total-exemption-full,2027-02-28,false,false,3,3,2025-11-25,11010,https://find-and-update.company-information.service.gov.uk/company/11357680,
companies-house,11408756,LLANFAIRPWLL DISTILLERY LTD,United Kingdom,2026-09-20,live,,2018-06-11,2025-06-30,total-exemption-full,2027-03-31,false,false,0,0,,11010,https://find-and-update.company-information.service.gov.uk/company/11408756,
companies-house,11447469,THE PORTSMOUTH DISTILLERY COMPANY LIMITED,United Kingdom,2026-09-20,dormant,,2018-07-04,2025-07-31,dormant,2027-04-30,false,false,0,0,,11010 11030,https://find-and-update.company-information.service.gov.uk/company/11447469,
companies-house,11465337,THE VILLAGE SPIRIT COLLECTIVE LTD,United Kingdom,2026-09-20,live,,2018-07-16,2025-07-31,micro-entity,2027-04-30,false,false,0,0,,11010,https://find-and-update.company-information.service.gov.uk/company/11465337,
companies-house,11498761,THE MAIDSTONE DISTILLERY LTD,United Kingdom,2026-09-20,live,,2018-08-03,2025-08-31,total-exemption-full,2027-05-31,false,false,0,0,,11010,https://find-and-update.company-information.service.gov.uk/company/11498761,
companies-house,11520689,MOTHER'S RUIN 1751 DISTILLING COMPANY LTD,United Kingdom,2026-09-20,dormant,,2018-08-16,2025-08-31,dormant,2027-05-31,false,false,0,0,,99999,https://find-and-update.company-information.service.gov.uk/company/11520689,
companies-house,11549522,WALNUT TREE DISTILLERY LTD,United Kingdom,2026-09-20,live,,2018-09-03,2025-09-30,total-exemption-full,2027-06-30,false,false,0,0,,46342,https://find-and-update.company-information.service.gov.uk/company/11549522,
companies-house,11565326,THE BOUTIQUE DISTILLERY LTD,United Kingdom,2026-09-20,live,,2018-09-12,2025-09-30,total-exemption-full,2027-06-30,false,false,0,0,,11010,https://find-and-update.company-information.service.gov.uk/company/11565326,
companies-house,11588936,YARM DISTILLERY LTD,United Kingdom,2026-09-20,live,,2018-09-26,2025-03-31,micro-entity,2026-12-31,false,false,0,0,,11010,https://find-and-update.company-information.service.gov.uk/company/11588936,
companies-house,11597200,DAISY DISTILLERY LIMITED,United Kingdom,2026-09-20,live,,2018-10-01,2025-10-31,micro-entity,2027-07-31,false,false,0,0,,11010,https://find-and-update.company-information.service.gov.uk/company/11597200,
companies-house,11608515,EALING DISTILLERY LTD,United Kingdom,2026-09-20,live,,2018-10-08,2025-10-31,total-exemption-full,2027-07-31,false,false,0,0,,11010,https://find-and-update.company-information.service.gov.uk/company/11608515,
companies-house,11634068,HAY DISTILLERY LTD,United Kingdom,2026-09-20,live,,2018-10-22,2025-10-31,micro-entity,2027-07-31,false,false,0,0,,11010 46342 47250,https://find-and-update.company-information.service.gov.uk/company/11634068,
companies-house,11660543,STOCKPORT GIN LTD,United Kingdom,2026-09-20,live,,2018-11-05,2024-11-30,total-exemption-full,2026-11-30,false,false,0,0,,11010 46342,https://find-and-update.company-information.service.gov.uk/company/11660543,
companies-house,11672665,SKYLARK DISTILLERY LTD,United Kingdom,2026-09-20,live,,2018-11-12,2025-11-30,micro-entity,2027-08-31,false,false,0,0,,11010,https://find-and-update.company-information.service.gov.uk/company/11672665,
companies-house,11700852,SILVER CIRCLE DISTILLERY LIMITED,United Kingdom,2026-09-20,live,,2018-11-28,2024-12-31,micro-entity,2026-09-30,false,false,0,0,,11010,https://find-and-update.company-information.service.gov.uk/company/11700852,
companies-house,11703487,INVOKE DISTILLERY LTD,United Kingdom,2026-09-20,live,,2018-11-29,2024-11-30,total-exemption-full,2026-11-30,false,false,0,0,,11010,https://find-and-update.company-information.service.gov.uk/company/11703487,
companies-house,11729137,AD GEFRIN DISTILLERY LIMITED,United Kingdom,2026-09-20,live,,2018-12-17,2025-03-31,total-exemption-full,2026-12-31,false,false,1,1,2022-12-06,11010,https://find-and-update.company-information.service.gov.uk/company/11729137,
companies-house,11739432,HOME FARM GIN LIMITED,United Kingdom,2026-09-20,dormant,,2018-12-21,2025-12-31,dormant,2027-09-30,false,false,0,0,,46342,https://find-and-update.company-information.service.gov.uk/company/11739432,
companies-house,11755094,SOMERSET DISTILLERY LIMITED,United Kingdom,2026-09-20,live,,2019-01-08,2025-03-31,micro-entity,2026-12-31,false,false,0,0,,11010,https://find-and-update.company-information.service.gov.uk/company/11755094,
companies-house,11766925,PORTHILLY SPIRIT DISTILLERY LIMITED,United Kingdom,2026-09-20,live,active-proposal-to-strike-off,2019-01-15,2021-03-31,total-exemption-full,2023-03-31,true,true,0,0,,11010,https://find-and-update.company-information.service.gov.uk/company/11766925,
companies-house,11774118,RED DISTILLERY LIMITED,United Kingdom,2026-09-20,live,,2019-01-17,2025-01-31,total-exemption-full,2026-10-31,false,false,4,3,2026-08-28,11010,https://find-and-update.company-information.service.gov.uk/company/11774118,
companies-house,11780136,ABINGDON DISTILLERY LIMITED,United Kingdom,2026-09-20,live,,2019-01-22,2026-03-31,micro-entity,2027-12-31,false,false,0,0,,11010,https://find-and-update.company-information.service.gov.uk/company/11780136,
companies-house,11785381,WL DISTILLERY LTD,United Kingdom,2026-09-20,live,,2019-01-24,2025-01-31,total-exemption-full,2026-10-31,false,false,0,0,,11010,https://find-and-update.company-information.service.gov.uk/company/11785381,
companies-house,11800943,WEST MIDLANDS DISTILLERY LIMITED,United Kingdom,2026-09-20,dormant,,2019-02-01,2025-02-28,dormant,2026-11-30,false,false,0,0,,11010,https://find-and-update.company-information.service.gov.uk/company/11800943,
companies-house,11808836,THREE WRENS GIN LIMITED,United Kingdom,2026-09-20,live,,2019-02-06,2025-03-31,total-exemption-full,2026-12-31,false,false,1,1,2021-10-08,11010,https://find-and-update.company-information.service.gov.uk/company/11808836,
companies-house,11896006,CARDIFF DISTILLERY LTD,United Kingdom,2026-09-20,live,,2019-03-21,2026-03-31,total-exemption-full,2027-12-31,false,false,0,0,,11010 11050 11070 82920,https://find-and-update.company-information.service.gov.uk/company/11896006,
companies-house,11978714,EAST COAST DISTILLERY LTD,United Kingdom,2026-09-20,live,,2019-05-03,2025-05-31,micro-entity,2027-02-28,false,false,0,0,,11010,https://find-and-update.company-information.service.gov.uk/company/11978714,
companies-house,12018725,HOGMOOR DISTILLERY LTD,United Kingdom,2026-09-20,live,,2019-05-28,2025-05-31,micro-entity,2027-02-28,false,false,0,0,,46342,https://find-and-update.company-information.service.gov.uk/company/12018725,
companies-house,12026956,WHITE HARE DISTILLERY LTD,United Kingdom,2026-09-20,live,,2019-05-31,2025-05-31,total-exemption-full,2027-02-28,false,false,0,0,,11010,https://find-and-update.company-information.service.gov.uk/company/12026956,
companies-house,12030242,THREE WHEEL GIN COMPANY LTD,United Kingdom,2026-09-20,live,,2019-06-03,2025-09-30,micro-entity,2027-06-30,false,false,0,0,,11010,https://find-and-update.company-information.service.gov.uk/company/12030242,
companies-house,12045127,RETRIBUTION DISTILLING COMPANY LIMITED,United Kingdom,2026-09-20,live,,2019-06-11,2026-06-30,micro-entity,2028-03-31,false,false,0,0,,11010,https://find-and-update.company-information.service.gov.uk/company/12045127,
companies-house,12135676,THE DISTILLERY BOX LTD,United Kingdom,2026-09-20,live,,2019-08-02,2025-08-31,micro-entity,2027-05-31,false,false,0,0,,56103 56302,https://find-and-update.company-information.service.gov.uk/company/12135676,
companies-house,12141079,WORTHING GIN LIMITED,United Kingdom,2026-09-20,live,,2019-08-06,2025-08-31,micro-entity,2027-05-31,false,false,0,0,,56210,https://find-and-update.company-information.service.gov.uk/company/12141079,
companies-house,12147226,VINTERSOL DISTILLERY LTD,United Kingdom,2026-09-20,live,,2019-08-09,2025-08-31,total-exemption-full,2027-05-31,false,false,0,0,,11010,https://find-and-update.company-information.service.gov.uk/company/12147226,
companies-house,12155938,STABLE YARD DISTILLERY LTD,United Kingdom,2026-09-20,live,,2019-08-14,2025-08-31,micro-entity,2027-05-31,false,false,0,0,,11010,https://find-and-update.company-information.service.gov.uk/company/12155938,
companies-house,12259043,THE ELSHAM WOLD DISTILLERY LTD,United Kingdom,2026-09-20,dormant,,2019-10-12,2025-10-31,dormant,2027-07-31,false,false,0,0,,11010,https://find-and-update.company-information.service.gov.uk/company/12259043,
companies-house,12259550,CURIOUS LIBATIONS LIMITED,United Kingdom,2026-09-20,live,,2019-10-14,2025-03-31,total-exemption-full,2026-12-31,false,false,0,0,,46342,https://find-and-update.company-information.service.gov.uk/company/12259550,
companies-house,12323483,SPIRIT OF BIRMINGHAM LIMITED,United Kingdom,2026-09-20,live,,2019-11-20,2025-10-31,micro-entity,2027-07-31,false,false,0,0,,11010 11050,https://find-and-update.company-information.service.gov.uk/company/12323483,
companies-house,12346887,LAZYDOG DISTILLERY LTD,United Kingdom,2026-09-20,live,,2019-12-03,2024-12-31,total-exemption-full,2026-09-30,false,false,0,0,,11010,https://find-and-update.company-information.service.gov.uk/company/12346887,
companies-house,12381925,HAWKINS DISTILLERY LTD,United Kingdom,2026-09-20,live,,2019-12-31,2025-11-30,total-exemption-full,2027-08-31,false,false,0,0,,11010,https://find-and-update.company-information.service.gov.uk/company/12381925,
companies-house,12385157,THE HENLEY DISTILLERY LIMITED,United Kingdom,2026-09-20,live,,2020-01-03,2025-03-31,micro-entity,2026-12-31,false,false,0,0,,11010,https://find-and-update.company-information.service.gov.uk/company/12385157,
companies-house,12440068,EAST CHASE DISTILLERIES LTD,United Kingdom,2026-09-20,live,,2020-02-03,2025-02-28,micro-entity,2026-11-30,false,false,0,0,,11010,https://find-and-update.company-information.service.gov.uk/company/12440068,
companies-house,12442737,MOONSHINE & FUGGLES LTD,United Kingdom,2026-09-20,live,,2020-02-04,2025-02-28,total-exemption-full,2026-11-30,false,false,0,0,,47250,https://find-and-update.company-information.service.gov.uk/company/12442737,
companies-house,12444037,THE RUDDY FINE DISTILLERY LTD,United Kingdom,2026-09-20,live,,2020-02-05,2026-02-28,total-exemption-full,2027-11-30,false,false,0,0,,11010,https://find-and-update.company-information.service.gov.uk/company/12444037,
companies-house,12468146,TEN HIDES DISTILLERY LTD,United Kingdom,2026-09-20,live,,2020-02-18,2025-02-28,micro-entity,2026-11-30,false,false,0,0,,11010,https://find-and-update.company-information.service.gov.uk/company/12468146,
companies-house,12512156,CHEW VALLEY DISTILLERY LTD,United Kingdom,2026-09-20,live,,2020-03-11,2025-03-31,micro-entity,2026-12-31,false,false,0,0,,11010,https://find-and-update.company-information.service.gov.uk/company/12512156,
companies-house,12646736,BATTS HILL DISTILLERS LTD,United Kingdom,2026-09-20,live,,2020-06-04,2025-08-31,micro-entity,2027-05-31,false,false,0,0,,11010 46342 47810 47910,https://find-and-update.company-information.service.gov.uk/company/12646736,
companies-house,12678812,STEEPLECHASE DISTILLERY LIMITED,United Kingdom,2026-09-20,live,,2020-06-18,2025-06-30,micro-entity,2027-03-31,false,false,0,0,,11010,https://find-and-update.company-information.service.gov.uk/company/12678812,
companies-house,12778931,MYRDDINS BREWERY AND DISTILLERY LTD,United Kingdom,2026-09-20,live,,2020-07-29,2025-03-31,micro-entity,2026-12-31,false,false,0,0,,46342 47250,https://find-and-update.company-information.service.gov.uk/company/12778931,
companies-house,12787796,CANE RAT SPIRITS LIMITED,United Kingdom,2026-09-20,live,,2020-08-03,2025-08-31,total-exemption-full,2027-05-31,false,false,0,0,,11010,https://find-and-update.company-information.service.gov.uk/company/12787796,
companies-house,12819461,MOUNTS BAY DISTILLERY LIMITED,United Kingdom,2026-09-20,live,,2020-08-17,2025-08-31,total-exemption-full,2027-05-31,false,false,0,0,,11010,https://find-and-update.company-information.service.gov.uk/company/12819461,
companies-house,12821918,TREGUDDICK LIMITED,United Kingdom,2026-09-20,live,,2020-08-18,2025-08-31,micro-entity,2027-05-31,false,false,0,0,,11010,https://find-and-update.company-information.service.gov.uk/company/12821918,
companies-house,12827963,KODOKO GURKHA DISTILLERY LIMITED,United Kingdom,2026-09-20,live,,2020-08-20,2025-08-31,micro-entity,2027-05-31,false,false,0,0,,11010 46342,https://find-and-update.company-information.service.gov.uk/company/12827963,
companies-house,12937552,ELLERS FARM DISTILLERY LIMITED,United Kingdom,2026-09-20,live,,2020-10-08,2025-06-30,total-exemption-full,2027-03-31,false,false,2,2,2022-10-06,11010,https://find-and-update.company-information.service.gov.uk/company/12937552,
companies-house,12986165,SPIRIT OF WALES LTD,United Kingdom,2026-09-20,live,,2020-10-30,2024-10-31,micro-entity,2026-09-30,false,false,1,1,2021-06-25,11010,https://find-and-update.company-information.service.gov.uk/company/12986165,
companies-house,13037118,TACK ROOM DISTILLERY LTD,United Kingdom,2026-09-20,live,,2020-11-23,2025-12-31,unaudited-abridged,2027-09-30,false,false,0,0,,11010 46342,https://find-and-update.company-information.service.gov.uk/company/13037118,
companies-house,13064049,FAIRHAM LTD,United Kingdom,2026-09-20,live,,2020-12-06,2025-12-31,total-exemption-full,2027-09-30,false,false,3,3,2022-08-08,68209,https://find-and-update.company-information.service.gov.uk/company/13064049,
companies-house,13080875,PINKHOUSE DISTILLERY LTD,United Kingdom,2026-09-20,live,,2020-12-14,2025-12-31,micro-entity,2027-09-30,false,false,0,0,,11010,https://find-and-update.company-information.service.gov.uk/company/13080875,
companies-house,13094918,MALLARD POINT LIMITED,United Kingdom,2026-09-20,live,,2020-12-22,2024-12-31,micro-entity,2026-12-31,false,false,0,0,,01210 11010 11020 46342,https://find-and-update.company-information.service.gov.uk/company/13094918,
companies-house,13113085,TIPPLEMILL DISTILLERY LIMITED,United Kingdom,2026-09-20,live,,2021-01-05,2025-01-31,micro-entity,2026-10-31,false,false,0,0,,11010,https://find-and-update.company-information.service.gov.uk/company/13113085,
companies-house,13140486,THE CLEVEDON DISTILLERY LTD,United Kingdom,2026-09-20,live,,2021-01-18,2025-01-31,micro-entity,2026-10-31,false,false,0,0,,11010,https://find-and-update.company-information.service.gov.uk/company/13140486,
companies-house,13204340,THE GLOBAL DISTILLERY COMPANY LIMITED,United Kingdom,2026-09-20,live,,2021-02-16,2026-02-28,micro-entity,2027-11-30,false,false,0,0,,11010,https://find-and-update.company-information.service.gov.uk/company/13204340,
companies-house,13265079,WYLYE DISTILLERY LTD,United Kingdom,2026-09-20,live,,2021-03-15,2025-03-31,micro-entity,2026-12-31,false,false,0,0,,11010,https://find-and-update.company-information.service.gov.uk/company/13265079,
companies-house,13402532,VB DISTILLERY LTD,United Kingdom,2026-09-20,live,,2021-05-17,2025-05-31,total-exemption-full,2027-02-28,false,false,0,0,,11010,https://find-and-update.company-information.service.gov.uk/company/13402532,
companies-house,13412102,PLEASANT LAND DISTILLERY LIMITED,United Kingdom,2026-09-20,live,,2021-05-20,2025-03-31,unaudited-abridged,2026-12-31,false,false,0,0,,11010 70229,https://find-and-update.company-information.service.gov.uk/company/13412102,
companies-house,13420485,DEDBEST DISTILLERY CO. LTD,United Kingdom,2026-09-20,live,,2021-05-26,2025-05-31,micro-entity,2027-02-28,false,false,0,0,,11010 46342,https://find-and-update.company-information.service.gov.uk/company/13420485,
companies-house,13453999,NIGHTINGALE DISTILLERIES LTD,United Kingdom,2026-09-20,live,,2021-06-14,2025-06-30,micro-entity,2027-03-31,false,false,0,0,,46342,https://find-and-update.company-information.service.gov.uk/company/13453999,
companies-house,13466178,MEADOW OAK DISTILLERY LTD,United Kingdom,2026-09-20,live,,2021-06-19,2025-05-31,micro-entity,2027-02-28,false,false,0,0,,11010 46342 47810 47910,https://find-and-update.company-information.service.gov.uk/company/13466178,
companies-house,13503745,FILEY DISTILLERY LTD,United Kingdom,2026-09-20,live,,2021-07-09,2025-10-31,micro-entity,2027-07-31,false,false,0,0,,11010,https://find-and-update.company-information.service.gov.uk/company/13503745,
companies-house,13777471,THE WICSTUN DISTILLERY LTD,United Kingdom,2026-09-20,live,,2021-12-02,2024-12-31,total-exemption-full,2026-09-30,false,false,0,0,,11010 46342,https://find-and-update.company-information.service.gov.uk/company/13777471,
companies-house,13791049,THE FOLKESTONE DISTILLERY LTD,United Kingdom,2026-09-20,live,,2021-12-09,2024-12-31,micro-entity,2026-09-30,false,false,0,0,,11010,https://find-and-update.company-information.service.gov.uk/company/13791049,
companies-house,13852713,DEVILS DYKE GIN LTD,United Kingdom,2026-09-20,live,,2022-01-17,2026-01-31,micro-entity,2027-10-31,false,false,0,0,,11010,https://find-and-update.company-information.service.gov.uk/company/13852713,
companies-house,13887739,ELEVENSES DISTILLERY LTD,United Kingdom,2026-09-20,live,,2022-02-02,2026-02-28,total-exemption-full,2027-11-30,false,false,0,0,,11010,https://find-and-update.company-information.service.gov.uk/company/13887739,
companies-house,13911206,GYRE & GIMBLE ACADEMY LTD,United Kingdom,2026-09-20,live,,2022-02-11,2025-05-31,micro-entity,2027-02-28,false,false,0,0,,11010 47250,https://find-and-update.company-information.service.gov.uk/company/13911206,
companies-house,13987586,BLACK CAT DISTILLERY LTD,United Kingdom,2026-09-20,live,,2022-03-18,2025-03-31,total-exemption-full,2026-12-31,false,false,0,0,,11010,https://find-and-update.company-information.service.gov.uk/company/13987586,
companies-house,14094115,SPIRIT OF THE DOWNS LTD,United Kingdom,2026-09-20,live,,2022-05-09,2025-05-31,micro-entity,2027-02-28,false,false,0,0,,11010,https://find-and-update.company-information.service.gov.uk/company/14094115,
companies-house,14310355,PORTHCAWL DISTILLERY LIMITED,United Kingdom,2026-09-20,live,,2022-08-22,2025-08-31,micro-entity,2027-05-31,false,false,0,0,,11010,https://find-and-update.company-information.service.gov.uk/company/14310355,
companies-house,14718530,SC DOGS LTD,United Kingdom,2026-09-20,live,,2023-03-09,2025-03-31,micro-entity,2026-12-31,false,false,0,0,,11010 46342,https://find-and-update.company-information.service.gov.uk/company/14718530,
companies-house,NI000601,THE OLD BUSHMILLS DISTILLERY COMPANY LIMITED,United Kingdom,2026-09-20,live,,1930-04-03,2024-12-31,full,2026-09-30,false,true,6,0,2001-12-21,11010,https://find-and-update.company-information.service.gov.uk/company/NI000601,
companies-house,NI053151,ECHLINVILLE DISTILLERY LIMITED,United Kingdom,2026-09-20,live,,2004-12-02,2024-12-31,total-exemption-full,2026-09-30,false,false,5,5,2024-09-12,11010,https://find-and-update.company-information.service.gov.uk/company/NI053151,
companies-house,NI635249,COPELAND SPIRITS LTD,United Kingdom,2026-09-20,live,,2015-12-07,2025-12-31,total-exemption-full,2027-09-30,false,false,4,4,2026-05-28,11010,https://find-and-update.company-information.service.gov.uk/company/NI635249,
companies-house,NI640001,HINCH DISTILLERY LIMITED,United Kingdom,2026-09-20,live,,2016-08-04,2025-06-30,full,2027-03-31,false,false,3,3,2022-09-07,11010 68209,https://find-and-update.company-information.service.gov.uk/company/NI640001,
companies-house,NI644169,MOURNE DEW DISTILLERY LTD,United Kingdom,2026-09-20,live,,2017-02-27,2025-02-28,micro-entity,2026-11-30,false,false,0,0,,11010,https://find-and-update.company-information.service.gov.uk/company/NI644169,
companies-house,NI646707,KILLOWEN DISTILLERY LTD,United Kingdom,2026-09-20,live,,2017-07-03,2025-07-31,micro-entity,2027-04-30,false,false,0,0,,11010,https://find-and-update.company-information.service.gov.uk/company/NI646707,
companies-house,NI649234,WOODLAB DISTILLERY LIMITED,United Kingdom,2026-09-20,live,,2017-11-13,2025-11-30,unaudited-abridged,2027-08-31,false,false,0,0,,11010,https://find-and-update.company-information.service.gov.uk/company/NI649234,
companies-house,NI656035,R&R DISTILLERY IRELAND LTD,United Kingdom,2026-09-20,live,active-proposal-to-strike-off,2018-10-01,2024-10-31,total-exemption-full,2026-07-31,true,true,2,2,2023-01-26,11010,https://find-and-update.company-information.service.gov.uk/company/NI656035,
companies-house,NI658872,WILD ATLANTIC DISTILLERY LTD,United Kingdom,2026-09-20,live,,2019-02-08,2025-02-28,micro-entity,2026-11-30,false,false,0,0,,11010,https://find-and-update.company-information.service.gov.uk/company/NI658872,
companies-house,NI674444,GLENWINNY LIMITED,United Kingdom,2026-09-20,live,,2020-11-23,2025-11-30,unaudited-abridged,2027-08-29,false,false,0,0,,11010 11050 56302,https://find-and-update.company-information.service.gov.uk/company/NI674444,
companies-house,NI679519,DUNLUCE DISTILLERY LIMITED,United Kingdom,2026-09-20,live,,2021-05-24,2025-05-31,micro-entity,2027-02-28,false,false,0,0,,11010,https://find-and-update.company-information.service.gov.uk/company/NI679519,
companies-house,NI680778,AN CARN DISTILLERY LTD,United Kingdom,2026-09-20,live,,2021-07-13,2025-07-31,total-exemption-full,2027-04-30,false,false,0,0,,11010,https://find-and-update.company-information.service.gov.uk/company/NI680778,
companies-house,SC000750,DIAGEO SCOTLAND LIMITED,United Kingdom,2026-09-20,live,,1877-04-24,2025-06-30,full,2027-03-31,false,false,0,0,,11010,https://find-and-update.company-information.service.gov.uk/company/SC000750,
companies-house,SC001491,THE NORTH BRITISH DISTILLERY COMPANY LIMITED,United Kingdom,2026-09-20,live,,1885-10-24,2025-12-31,full,2027-09-30,false,false,5,3,2023-12-08,11010,https://find-and-update.company-information.service.gov.uk/company/SC001491,
companies-house,SC003582,"J. & A. MITCHELL AND COMPANY, LIMITED",United Kingdom,2026-09-20,live,,1897-08-10,2025-07-31,group,2027-04-30,false,false,5,1,2010-06-12,11010,https://find-and-update.company-information.service.gov.uk/company/SC003582,
companies-house,SC014477,GLENDRONACH DISTILLERY COMPANY LIMITED,United Kingdom,2026-09-20,dormant,,1927-02-07,2025-04-30,dormant,2027-01-31,false,false,0,0,,11010,https://find-and-update.company-information.service.gov.uk/company/SC014477,
companies-house,SC019038,MACDONALD & MUIR LIMITED,United Kingdom,2026-09-20,live,,1936-04-03,2025-12-31,full,2027-09-30,false,true,1,1,2020-03-20,11010,https://find-and-update.company-information.service.gov.uk/company/SC019038,
companies-house,SC022667,BEN NEVIS DISTILLERY (FORT WILLIAM) LIMITED,United Kingdom,2026-09-20,live,,1944-02-05,2025-12-31,small,2027-09-30,false,false,0,0,,11010,https://find-and-update.company-information.service.gov.uk/company/SC022667,
companies-house,SC025459,J. & G. GRANT,United Kingdom,2026-09-20,live,,1947-05-30,,,,false,false,0,0,,11010,https://find-and-update.company-information.service.gov.uk/company/SC025459,
companies-house,SC031095,SPEYSIDE DISTILLERY COMPANY LIMITED,United Kingdom,2026-09-20,dormant,,1955-10-18,2025-12-31,dormant,2027-09-30,false,false,6,0,2000-05-08,74990,https://find-and-update.company-information.service.gov.uk/company/SC031095,
companies-house,SC032696,IAN MACLEOD DISTILLERS LIMITED,United Kingdom,2026-09-20,live,,1957-11-26,2025-09-30,group,2027-06-30,false,false,16,4,2026-07-29,11010 46342,https://find-and-update.company-information.service.gov.uk/company/SC032696,
companies-house,SC036374,THE EDRINGTON GROUP LIMITED,United Kingdom,2026-09-20,live,,1961-04-25,2026-03-31,group,2027-12-31,false,false,10,0,2019-12-12,11010,https://find-and-update.company-information.service.gov.uk/company/SC036374,
companies-house,SC040036,INVER HOUSE DISTILLERS LIMITED,United Kingdom,2026-09-20,live,,1964-03-12,2025-09-30,full,2027-06-30,false,false,11,0,2017-01-19,11010,https://find-and-update.company-information.service.gov.uk/company/SC040036,
companies-house,SC043917,STRATHCLYDE DISTILLERY LIMITED,United Kingdom,2026-09-20,dormant,,1966-09-28,2025-06-30,dormant,2027-03-31,false,false,0,0,,74990,https://find-and-update.company-information.service.gov.uk/company/SC043917,
companies-house,SC045679,GLEN KEITH DISTILLERY COMPANY LIMITED,United Kingdom,2026-09-20,dormant,,1968-05-16,2025-06-30,dormant,2027-03-31,false,false,0,0,,74990,https://find-and-update.company-information.service.gov.uk/company/SC045679,
companies-house,SC052114,THE GLENROTHES DISTILLERY COMPANY LIMITED,United Kingdom,2026-09-20,dormant,,1972-12-28,2025-03-31,dormant,2026-12-31,false,false,0,0,,99999,https://find-and-update.company-information.service.gov.uk/company/SC052114,
companies-house,SC060347,PRABAN NA LINNE LIMITED,United Kingdom,2026-09-20,live,,1976-07-12,2025-03-31,micro-entity,2026-12-31,false,false,5,2,2017-09-19,46342,https://find-and-update.company-information.service.gov.uk/company/SC060347,
companies-house,SC095810,"TOMATIN DISTILLERY COMPANY LIMITED,(THE)",United Kingdom,2026-09-20,live,,1985-11-01,2024-12-31,full,2026-09-30,false,false,2,0,2012-01-09,11010,https://find-and-update.company-information.service.gov.uk/company/SC095810,
companies-house,SC109881,CVH SPIRITS LIMITED,United Kingdom,2026-09-20,live,,1988-03-16,2025-06-30,group,2027-03-31,false,false,33,15,2022-04-11,11010 46342 82920,https://find-and-update.company-information.service.gov.uk/company/SC109881,
companies-house,SC126375,DEANSTON DISTILLERY COMPANY LIMITED,United Kingdom,2026-09-20,dormant,,1990-07-19,2025-06-30,dormant,2027-03-31,false,false,2,2,1990-12-27,74990 99999,https://find-and-update.company-information.service.gov.uk/company/SC126375,
companies-house,SC131772,WILLIAM GRANT & SONS LIMITED,United Kingdom,2026-09-20,live,,1991-05-13,2024-12-31,full,2026-09-30,false,false,1,0,1991-10-31,11010,https://find-and-update.company-information.service.gov.uk/company/SC131772,
companies-house,SC132929,INCHDAIRNIE DISTILLERY LIMITED,United Kingdom,2026-09-20,live,,1991-07-16,2025-04-30,small,2027-01-31,false,false,2,0,1992-02-27,11010,https://find-and-update.company-information.service.gov.uk/company/SC132929,
companies-house,SC134963,ISLE OF ARRAN DISTILLERS LIMITED,United Kingdom,2026-09-20,live,,1991-11-11,2025-12-31,full,2027-09-30,false,false,15,4,2018-08-03,11060,https://find-and-update.company-information.service.gov.uk/company/SC134963,
companies-house,SC141800,ADELPHI DISTILLERY LIMITED,United Kingdom,2026-09-20,live,,1992-12-18,2025-03-31,total-exemption-full,2026-12-31,false,false,5,2,2017-01-23,11010,https://find-and-update.company-information.service.gov.uk/company/SC141800,
companies-house,SC156412,THE PULTENEY DISTILLERY COMPANY LIMITED,United Kingdom,2026-09-20,live,,1995-03-06,2025-09-30,micro-entity,2027-06-30,false,false,1,1,1995-06-30,11010,https://find-and-update.company-information.service.gov.uk/company/SC156412,
companies-house,SC163039,THE BALBLAIR DISTILLERY COMPANY LIMITED,United Kingdom,2026-09-20,live,,1996-02-01,2025-09-30,micro-entity,2027-06-30,false,false,1,1,1996-08-20,11010,https://find-and-update.company-information.service.gov.uk/company/SC163039,
companies-house,SC209196,BRUICHLADDICH DISTILLERY COMPANY LIMITED,United Kingdom,2026-09-20,live,,2000-07-18,2025-03-31,full,2026-12-31,false,false,9,0,2015-12-09,11060,https://find-and-update.company-information.service.gov.uk/company/SC209196,
companies-house,SC210027,TULLIBARDINE LIMITED,United Kingdom,2026-09-20,live,,2000-08-15,2025-12-31,group,2027-09-30,false,false,5,0,2007-09-26,11010,https://find-and-update.company-information.service.gov.uk/company/SC210027,
companies-house,SC221954,WHYTE AND MACKAY GROUP LIMITED,United Kingdom,2026-09-20,live,,2001-08-07,2024-12-31,group,2026-09-30,false,false,11,0,2014-03-19,82990,https://find-and-update.company-information.service.gov.uk/company/SC221954,
companies-house,SC222298,DALMUNACH DISTILLERY LIMITED,United Kingdom,2026-09-20,dormant,,2001-08-17,2025-06-30,dormant,2027-03-31,false,false,1,0,2002-02-01,46342,https://find-and-update.company-information.service.gov.uk/company/SC222298,
companies-house,SC225220,KILCHOMAN DISTILLERY COMPANY LTD.,United Kingdom,2026-09-20,live,,2001-11-12,2025-12-31,small,2027-09-30,false,false,15,5,2021-12-10,11010,https://find-and-update.company-information.service.gov.uk/company/SC225220,
companies-house,SC232984,EDRADOUR DISTILLERY COMPANY LIMITED,United Kingdom,2026-09-20,live,,2002-06-19,2025-03-31,small,2026-12-31,false,false,4,2,2008-08-05,11010,https://find-and-update.company-information.service.gov.uk/company/SC232984,
companies-house,SC240804,BRAEVAL DISTILLERY LIMITED,United Kingdom,2026-09-20,dormant,,2002-12-06,2025-06-30,dormant,2027-03-31,false,false,0,0,,70229,https://find-and-update.company-information.service.gov.uk/company/SC240804,
companies-house,SC241885,THE BUNNAHABHAIN DISTILLERY COMPANY LIMITED,United Kingdom,2026-09-20,dormant,,2003-01-07,2025-06-30,dormant,2027-03-31,false,false,0,0,,11010 46342 74990,https://find-and-update.company-information.service.gov.uk/company/SC241885,
companies-house,SC248732,THE GLENCADAM DISTILLERY COMPANY LIMITED,United Kingdom,2026-09-20,dormant,,2003-05-01,2026-05-31,dormant,2028-02-29,false,false,0,0,,99999,https://find-and-update.company-information.service.gov.uk/company/SC248732,
companies-house,SC258480,THE BENRIACH DISTILLERY COMPANY LIMITED,United Kingdom,2026-09-20,live,,2003-10-30,2025-04-30,full,2027-01-31,false,false,8,0,2012-01-16,11010,https://find-and-update.company-information.service.gov.uk/company/SC258480,
companies-house,SC265103,GLENGYLE LIMITED,United Kingdom,2026-09-20,live,,2004-03-18,2025-03-31,total-exemption-full,2026-12-31,false,false,1,1,2021-06-01,45200,https://find-and-update.company-information.service.gov.uk/company/SC265103,
companies-house,SC268758,CHIVAS BROTHERS LIMITED,United Kingdom,2026-09-20,live,,2004-06-03,2025-06-30,full,2027-03-31,false,false,1,0,2009-08-06,11010,https://find-and-update.company-information.service.gov.uk/company/SC268758,
companies-house,SC292101,GLEN GRANT LIMITED,United Kingdom,2026-09-20,live,,2005-10-21,2025-12-31,full,2027-09-30,false,false,0,0,,11010 46342 82990,https://find-and-update.company-information.service.gov.uk/company/SC292101,
companies-house,SC306164,SAXA VORD LIMITED,United Kingdom,2026-09-20,live,active-proposal-to-strike-off,2006-08-01,2023-12-30,unaudited-abridged,2025-12-30,true,false,1,0,2015-03-13,55209,https://find-and-update.company-information.service.gov.uk/company/SC306164,
companies-house,SC310871,THE GLENGLASSAUGH DISTILLERY COMPANY LIMITED,United Kingdom,2026-09-20,live,,2006-10-24,2025-04-30,micro-entity,2027-01-31,false,false,3,0,2013-03-22,11010,https://find-and-update.company-information.service.gov.uk/company/SC310871,
companies-house,SC316346,ANNANDALE DISTILLERY COMPANY LIMITED,United Kingdom,2026-09-20,live,,2007-02-12,2025-03-31,full,2026-12-30,false,false,11,3,2023-05-16,11010,https://find-and-update.company-information.service.gov.uk/company/SC316346,
companies-house,SC334836,ISLE OF HARRIS DISTILLERS LIMITED,United Kingdom,2026-09-20,live,,2007-12-04,2024-12-31,small,2026-09-30,false,false,5,5,2022-08-08,11010,https://find-and-update.company-information.service.gov.uk/company/SC334836,
companies-house,SC348842,GLEN MORAY DISTILLERY LIMITED,United Kingdom,2026-09-20,live,,2008-09-19,2025-12-31,full,2027-09-30,false,false,0,0,,11010,https://find-and-update.company-information.service.gov.uk/company/SC348842,
companies-house,SC359078,THE KINGSBARNS COMPANY OF DISTILLERS LTD,United Kingdom,2026-09-20,live,,2009-05-05,2025-03-31,small,2026-12-31,false,false,3,1,2022-03-01,11010,https://find-and-update.company-information.service.gov.uk/company/SC359078,
companies-house,SC421934,TIREE WHISKY COMPANY LIMITED,United Kingdom,2026-09-20,live,,2012-04-16,2025-04-30,total-exemption-full,2027-01-31,false,false,0,0,,11010,https://find-and-update.company-information.service.gov.uk/company/SC421934,
companies-house,SC425362,THE TOMINTOUL DISTILLERY COMPANY LIMITED,United Kingdom,2026-09-20,dormant,,2012-05-31,2026-05-31,dormant,2028-02-29,false,false,0,0,,99999,https://find-and-update.company-information.service.gov.uk/company/SC425362,
companies-house,SC437374,THE BENROMACH DISTILLERY CO LTD,United Kingdom,2026-09-20,live,,2012-11-22,2025-02-28,micro-entity,2026-11-30,false,false,0,0,,11010,https://find-and-update.company-information.service.gov.uk/company/SC437374,
companies-house,SC439174,GLASGOW DISTILLERY COMPANY LIMITED,United Kingdom,2026-09-20,live,,2012-12-20,2025-03-31,small,2026-12-31,false,false,6,1,2026-06-03,11010,https://find-and-update.company-information.service.gov.uk/company/SC439174,
companies-house,SC440650,STRATHEARN DISTILLERY LTD.,United Kingdom,2026-09-20,live,,2013-01-18,2024-12-31,audit-exemption-subsidiary,2026-09-30,false,false,2,1,2018-10-30,11010,https://find-and-update.company-information.service.gov.uk/company/SC440650,
companies-house,SC441811,CRAIGELLACHIE LIMITED,United Kingdom,2026-09-20,live,,2013-02-04,2025-03-31,micro-entity,2026-12-31,false,false,16,3,2026-06-24,55100,https://find-and-update.company-information.service.gov.uk/company/SC441811,
companies-house,SC442379,THE LINDORES DISTILLING CO. LTD,United Kingdom,2026-09-20,live,,2013-02-11,2025-02-28,total-exemption-full,2026-11-30,false,false,1,0,2022-11-04,11010,https://find-and-update.company-information.service.gov.uk/company/SC442379,
companies-house,SC442507,DORNOCH DISTILLERY COMPANY LIMITED,United Kingdom,2026-09-20,live,,2013-02-11,2025-02-28,total-exemption-full,2026-11-30,false,false,5,2,2026-02-13,11010 47250,https://find-and-update.company-information.service.gov.uk/company/SC442507,
companies-house,SC445020,THE BORDERS DISTILLERY COMPANY LIMITED,United Kingdom,2026-09-20,live,,2013-03-13,2025-03-31,total-exemption-full,2026-12-31,false,false,8,1,2024-02-20,11010 46342,https://find-and-update.company-information.service.gov.uk/company/SC445020,
companies-house,SC445789,NC'NEAN DISTILLERY LIMITED,United Kingdom,2026-09-20,live,,2013-03-22,2025-03-31,total-exemption-full,2026-12-31,false,false,4,3,2020-05-05,11010,https://find-and-update.company-information.service.gov.uk/company/SC445789,
companies-house,SC454474,DUNNET BAY DISTILLERS LTD.,United Kingdom,2026-09-20,live,,2013-07-15,2024-12-31,total-exemption-full,2026-09-30,false,false,7,6,2026-05-05,11010 11060,https://find-and-update.company-information.service.gov.uk/company/SC454474,
companies-house,SC455172,OGILVY SPIRITS LIMITED,United Kingdom,2026-09-20,live,,2013-07-24,2025-03-31,micro-entity,2026-12-31,false,false,0,0,,11010,https://find-and-update.company-information.service.gov.uk/company/SC455172,
companies-house,SC457568,THE LOST DISTILLERY COMPANY LIMITED,United Kingdom,2026-09-20,dormant,,2013-08-27,2025-12-31,dormant,2027-09-30,false,false,1,1,2015-05-15,46342,https://find-and-update.company-information.service.gov.uk/company/SC457568,
companies-house,SC457756,TORABHAIG DISTILLERY LIMITED,United Kingdom,2026-09-20,live,,2013-08-28,2025-12-31,small,2027-09-30,false,false,2,1,2024-08-09,11010,https://find-and-update.company-information.service.gov.uk/company/SC457756,
companies-house,SC460214,EDINBURGH GIN LIMITED,United Kingdom,2026-09-20,dormant,,2013-09-26,2025-09-30,dormant,2027-06-30,false,false,0,0,,11010,https://find-and-update.company-information.service.gov.uk/company/SC460214,
companies-house,SC464028,ARBIKIE DISTILLING LIMITED,United Kingdom,2026-09-20,live,,2013-11-19,2025-08-31,total-exemption-full,2027-05-31,false,false,7,4,2025-10-17,11010,https://find-and-update.company-information.service.gov.uk/company/SC464028,
companies-house,SC464734,LANGHOLM DISTILLERY LIMITED,United Kingdom,2026-09-20,live,,2013-11-28,2025-03-31,total-exemption-full,2026-12-31,false,false,0,0,,11010,https://find-and-update.company-information.service.gov.uk/company/SC464734,
companies-house,SC483145,R&B DISTILLERS LIMITED,United Kingdom,2026-09-20,live,,2014-07-29,2025-03-31,total-exemption-full,2026-12-31,false,true,2,1,2020-06-12,11010,https://find-and-update.company-information.service.gov.uk/company/SC483145,
companies-house,SC497797,COLONSAY BEVERAGES LTD.,United Kingdom,2026-09-20,live,,2015-02-13,2025-03-31,total-exemption-full,2026-12-31,false,false,1,0,2019-02-13,11010,https://find-and-update.company-information.service.gov.uk/company/SC497797,
companies-house,SC501575,GIN BOTHY LIMITED,United Kingdom,2026-09-20,live,,2015-03-26,2024-12-31,total-exemption-full,2026-09-30,false,false,1,1,2018-06-14,11010,https://find-and-update.company-information.service.gov.uk/company/SC501575,
companies-house,SC507595,ARDNAHOE DISTILLERY COMPANY LIMITED,United Kingdom,2026-09-20,live,,2015-06-04,2025-04-30,small,2027-03-31,false,false,5,5,2024-03-07,11010,https://find-and-update.company-information.service.gov.uk/company/SC507595,
companies-house,SC511856,AUCHENTOSHAN LIMITED,United Kingdom,2026-09-20,live,,2015-07-29,2024-12-31,micro-entity,2026-09-30,false,false,0,0,,01500,https://find-and-update.company-information.service.gov.uk/company/SC511856,
companies-house,SC514748,CLYDESIDE DISTILLERY LIMITED,United Kingdom,2026-09-20,dormant,,2015-09-03,2025-09-30,dormant,2027-06-30,false,false,0,0,,11010,https://find-and-update.company-information.service.gov.uk/company/SC514748,
companies-house,SC521441,TOULVADDIE DISTILLERY LIMITED,United Kingdom,2026-09-20,live,,2015-11-30,2025-11-30,micro-entity,2027-08-31,false,false,0,0,,11010,https://find-and-update.company-information.service.gov.uk/company/SC521441,
companies-house,SC525210,HIGHLAND BOUNDARY LTD,United Kingdom,2026-09-20,live,,2016-01-26,2025-03-31,micro-entity,2026-12-31,false,false,0,0,,11010,https://find-and-update.company-information.service.gov.uk/company/SC525210,
companies-house,SC525595,ORKNEY DISTILLING LIMITED,United Kingdom,2026-09-20,live,,2016-02-01,2025-02-28,total-exemption-full,2026-11-30,false,false,2,2,2018-09-05,11010,https://find-and-update.company-information.service.gov.uk/company/SC525595,
companies-house,SC526654,BEINN AN TUIRC DISTILLERS LIMITED,United Kingdom,2026-09-20,live,,2016-02-11,2026-02-28,micro-entity,2027-11-30,false,false,0,0,,11010,https://find-and-update.company-information.service.gov.uk/company/SC526654,
companies-house,SC530080,SELKIRK DISTILLERS LTD,United Kingdom,2026-09-20,live,,2016-03-18,2026-03-31,micro-entity,2027-12-31,false,false,0,0,,56210,https://find-and-update.company-information.service.gov.uk/company/SC530080,
companies-house,SC530264,ISLE OF SKYE DISTILLERS LTD,United Kingdom,2026-09-20,live,,2016-03-21,2025-03-31,total-exemption-full,2026-12-31,false,false,3,3,2025-06-02,11010,https://find-and-update.company-information.service.gov.uk/company/SC530264,
companies-house,SC531337,THE HOLYROOD DISTILLERY LTD,United Kingdom,2026-09-20,live,,2016-04-01,2024-12-31,total-exemption-full,2026-09-30,false,false,2,2,2023-10-31,11010,https://find-and-update.company-information.service.gov.uk/company/SC531337,
companies-house,SC531754,DEERNESS DISTILLERY LTD,United Kingdom,2026-09-20,live,,2016-04-06,2025-04-30,unaudited-abridged,2027-01-31,false,false,2,2,2025-11-03,11010,https://find-and-update.company-information.service.gov.uk/company/SC531754,
companies-house,SC536046,EDEN MILL ST ANDREWS LTD,United Kingdom,2026-09-20,dormant,active-proposal-to-strike-off,2016-05-24,2024-05-31,dormant,2026-02-28,true,true,0,0,,99999,https://find-and-update.company-information.service.gov.uk/company/SC536046,
companies-house,SC536494,VS DISTILLERS LIMITED,United Kingdom,2026-09-20,live,,2016-05-26,2025-05-31,micro-entity,2027-02-28,false,false,1,1,2016-11-18,11010,https://find-and-update.company-information.service.gov.uk/company/SC536494,
companies-house,SC537030,ARDGOWAN DISTILLERY COMPANY LIMITED,United Kingdom,2026-09-20,live,,2016-06-02,2025-06-30,total-exemption-full,2027-03-31,false,false,4,2,2025-06-26,82990,https://find-and-update.company-information.service.gov.uk/company/SC537030,
companies-house,SC538952,THE CABRACH DISTILLERY CIC,United Kingdom,2026-09-20,live,,2016-06-27,2025-03-31,total-exemption-full,2026-12-31,false,false,0,0,,11010,https://find-and-update.company-information.service.gov.uk/company/SC538952,
companies-house,SC543737,GLENRINNES DISTILLERY LIMITED,United Kingdom,2026-09-20,live,,2016-08-25,2025-06-30,total-exemption-full,2027-03-31,false,false,0,0,,11010,https://find-and-update.company-information.service.gov.uk/company/SC543737,
companies-house,SC547189,CITY OF ABERDEEN DISTILLERY LTD,United Kingdom,2026-09-20,live,,2016-10-07,2025-10-31,micro-entity,2027-07-31,false,false,0,0,,11010,https://find-and-update.company-information.service.gov.uk/company/SC547189,
companies-house,SC547970,BLACKFORD CRAFT DISTILLERY LTD,United Kingdom,2026-09-20,live,,2016-10-18,2025-10-31,micro-entity,2027-07-31,false,false,0,0,,11010,https://find-and-update.company-information.service.gov.uk/company/SC547970,
companies-house,SC552120,THE PERTH DISTILLERY COMPANY SCOTLAND LIMITED,United Kingdom,2026-09-20,live,,2016-12-08,2024-12-31,micro-entity,2026-09-30,false,false,0,0,,11010 46342,https://find-and-update.company-information.service.gov.uk/company/SC552120,
companies-house,SC553952,ISLE OF BARRA DISTILLERS LTD,United Kingdom,2026-09-20,live,,2017-01-09,2025-01-31,total-exemption-full,2026-10-31,false,false,2,2,2022-03-01,11010,https://find-and-update.company-information.service.gov.uk/company/SC553952,
companies-house,SC554793,LOST LOCH SPIRITS LTD,United Kingdom,2026-09-20,live,,2017-01-17,2026-03-31,micro-entity,2027-12-31,false,false,0,0,,11010,https://find-and-update.company-information.service.gov.uk/company/SC554793,
companies-house,SC556955,KINRARA DISTILLERY LIMITED,United Kingdom,2026-09-20,live,,2017-02-08,2025-03-31,total-exemption-full,2026-12-31,false,false,0,0,,11010,https://find-and-update.company-information.service.gov.uk/company/SC556955,
companies-house,SC557862,GORDON & MACPHAIL LIMITED,United Kingdom,2026-09-20,live,,2017-02-16,2025-02-28,micro-entity,2026-11-30,false,false,0,0,,11010 46342 47250,https://find-and-update.company-information.service.gov.uk/company/SC557862,
companies-house,SC559073,THE GLENALLACHIE DISTILLERS CO LIMITED,United Kingdom,2026-09-20,live,,2017-03-01,2025-12-31,full,2027-09-30,false,false,2,1,2017-11-27,11010,https://find-and-update.company-information.service.gov.uk/company/SC559073,
companies-house,SC559347,DORMONT DISTILLING LIMITED,United Kingdom,2026-09-20,live,,2017-03-03,2026-03-31,total-exemption-full,2027-12-31,false,false,0,0,,11010,https://find-and-update.company-information.service.gov.uk/company/SC559347,
companies-house,SC560549,NORTH UIST DISTILLERY LTD,United Kingdom,2026-09-20,live,,2017-03-15,2025-03-31,total-exemption-full,2026-12-31,false,false,0,0,,11010,https://find-and-update.company-information.service.gov.uk/company/SC560549,
companies-house,SC560623,LINLITHGOW DISTILLERY LIMITED,United Kingdom,2026-09-20,live,,2017-03-16,2025-03-31,micro-entity,2026-12-31,false,false,0,0,,11010,https://find-and-update.company-information.service.gov.uk/company/SC560623,
companies-house,SC580228,DISTILLERS MARKET LTD,United Kingdom,2026-09-20,dormant,,2017-10-30,2025-10-31,dormant,2027-07-31,false,false,0,0,,47250,https://find-and-update.company-information.service.gov.uk/company/SC580228,
companies-house,SC586268,BADACHRO DISTILLERY LTD,United Kingdom,2026-09-20,live,,2018-01-19,2026-01-31,micro-entity,2027-10-31,false,false,0,0,,11010,https://find-and-update.company-information.service.gov.uk/company/SC586268,
companies-house,SC593513,STIRLING DISTILLERY COMPANY LTD,United Kingdom,2026-09-20,live,,2018-04-05,2025-04-30,total-exemption-full,2027-01-31,false,false,0,0,,11010,https://find-and-update.company-information.service.gov.uk/company/SC593513,
companies-house,SC615050,FALKIRK WHISKY LTD,United Kingdom,2026-09-20,dormant,,2018-11-29,2025-11-30,dormant,2027-08-31,false,false,0,0,,11010,https://find-and-update.company-information.service.gov.uk/company/SC615050,
companies-house,SC616414,GLENTURRET LIMITED,United Kingdom,2026-09-20,live,,2018-12-17,2025-12-31,full,2027-09-30,false,false,2,2,2025-04-10,11010 46342,https://find-and-update.company-information.service.gov.uk/company/SC616414,
companies-house,SC635101,RHIDORROCH DISTILLERY LIMITED,United Kingdom,2026-09-20,live,,2019-07-03,2025-10-31,micro-entity,2027-07-31,false,false,0,0,,11010 46342 56302,https://find-and-update.company-information.service.gov.uk/company/SC635101,
companies-house,SC641322,ISLE OF CUMBRAE DISTILLERS LTD,United Kingdom,2026-09-20,live,,2019-09-11,2025-09-30,unaudited-abridged,2027-06-30,false,false,0,0,,11010 47250,https://find-and-update.company-information.service.gov.uk/company/SC641322,
companies-house,SC645313,BURNOBENNIE DISTILLERY LIMITED,United Kingdom,2026-09-20,live,,2019-10-24,2024-07-31,total-exemption-full,2026-07-31,true,false,0,0,,46342,https://find-and-update.company-information.service.gov.uk/company/SC645313,
companies-house,SC645834,LOCHLEA LIMITED,United Kingdom,2026-09-20,live,,2019-10-31,2025-04-28,micro-entity,2027-01-28,false,false,1,1,2020-08-18,01110,https://find-and-update.company-information.service.gov.uk/company/SC645834,
companies-house,SC663710,BALMAUD DISTILLERY COMPANY LIMITED,United Kingdom,2026-09-20,live,,2020-06-10,2025-03-31,total-exemption-full,2026-12-31,false,false,1,1,2022-09-26,11010,https://find-and-update.company-information.service.gov.uk/company/SC663710,
companies-house,SC665594,GREAT GLEN DISTILLERY LIMITED,United Kingdom,2026-09-20,live,,2020-06-29,2025-06-30,micro-entity,2027-03-31,false,false,1,1,2023-04-20,11010 47250 56302,https://find-and-update.company-information.service.gov.uk/company/SC665594,
companies-house,SC666772,ROEHILL SPRINGS DISTILLERY LTD,United Kingdom,2026-09-20,live,,2020-07-08,2025-07-31,micro-entity,2027-04-30,false,false,0,0,,11010,https://find-and-update.company-information.service.gov.uk/company/SC666772,
companies-house,SC671927,HEART OF CALEDONIA DISTILLERY LTD,United Kingdom,2026-09-20,live,,2020-08-24,2025-09-30,micro-entity,2027-06-30,false,false,0,0,,11010,https://find-and-update.company-information.service.gov.uk/company/SC671927,
companies-house,SC672775,TITAN SPIRITS LTD,United Kingdom,2026-09-20,live,,2020-09-02,2025-09-30,micro-entity,2027-06-30,false,false,1,1,2026-06-26,46342 47250 47810,https://find-and-update.company-information.service.gov.uk/company/SC672775,
companies-house,SC675349,ISLE OF BUTE DISTILLERY LIMITED,United Kingdom,2026-09-20,dormant,,2020-09-23,2025-01-31,dormant,2026-10-31,false,false,0,0,,99999,https://find-and-update.company-information.service.gov.uk/company/SC675349,
companies-house,SC686960,DUNKELD DISTILLERY LIMITED,United Kingdom,2026-09-20,dormant,,2021-01-25,2025-01-31,dormant,2026-10-31,false,false,0,0,,11010,https://find-and-update.company-information.service.gov.uk/company/SC686960,
companies-house,SC688989,TORMORE DISTILLERY LIMITED,United Kingdom,2026-09-20,live,,2021-02-12,2025-06-30,small,2027-03-31,false,false,0,0,,11010 46342,https://find-and-update.company-information.service.gov.uk/company/SC688989,
companies-house,SC690435,THE CAIRN DISTILLERY CO LTD,United Kingdom,2026-09-20,live,,2021-02-25,2025-02-28,micro-entity,2026-11-30,false,false,0,0,,11010 91030,https://find-and-update.company-information.service.gov.uk/company/SC690435,
companies-house,SC692764,ANGUS ALCHEMY LIMITED,United Kingdom,2026-09-20,live,,2021-03-18,2025-03-31,micro-entity,2026-12-31,false,false,0,0,,96090,https://find-and-update.company-information.service.gov.uk/company/SC692764,
companies-house,SC698680,THE MOFFAT DISTILLERY LTD,United Kingdom,2026-09-20,dormant,,2021-05-13,2025-05-31,dormant,2027-02-28,false,false,0,0,,11010,https://find-and-update.company-information.service.gov.uk/company/SC698680,
companies-house,SC712327,DUNPHAIL DISTILLERY LTD,United Kingdom,2026-09-20,live,,2021-10-15,2024-10-31,total-exemption-full,2026-10-31,false,false,0,0,,11010,https://find-and-update.company-information.service.gov.uk/company/SC712327,
companies-house,SC733276,KYTHE DISTILLERY CO LTD,United Kingdom,2026-09-20,live,,2022-05-23,2025-05-31,total-exemption-full,2027-02-28,false,false,0,0,,11010,https://find-and-update.company-information.service.gov.uk/company/SC733276,
companies-house,SC738215,LERWICK DISTILLERY LIMITED,United Kingdom,2026-09-20,live,,2022-07-13,2025-07-31,micro-entity,2027-04-30,false,false,0,0,,11010,https://find-and-update.company-information.service.gov.uk/company/SC738215,
companies-house,SO304181,BALLINDALLOCH DISTILLERY LLP,United Kingdom,2026-09-20,live,,2012-12-03,2024-12-31,total-exemption-full,2026-12-31,false,false,5,5,2014-08-21,,https://find-and-update.company-information.service.gov.uk/company/SO304181,
corporations-canada,10059277,NICKEL 9 DISTILLERY INC.,Canada,2026-09-20,unknown,,,,,,,,,,,,,no health reader for corporations-canada yet
corporations-canada,10077054,Heretic Spirits Inc.,Canada,2026-09-20,unknown,,,,,,,,,,,,,no health reader for corporations-canada yet
corporations-canada,10147753,Distillerie BluePearl Inc.,Canada,2026-09-20,unknown,,,,,,,,,,,,,no health reader for corporations-canada yet
corporations-canada,10289647,Reid's Distillery Inc.,Canada,2026-09-20,unknown,,,,,,,,,,,,,no health reader for corporations-canada yet
corporations-canada,10334359,Distillerie la manufacture inc.,Canada,2026-09-20,unknown,,,,,,,,,,,,,no health reader for corporations-canada yet
corporations-canada,107611,CORBY SPIRIT AND WINE LIMITED,Canada,2026-09-20,unknown,,,,,,,,,,,,,no health reader for corporations-canada yet
corporations-canada,10866512,Diageo Canada Inc.,Canada,2026-09-20,unknown,,,,,,,,,,,,,no health reader for corporations-canada yet
corporations-canada,11102729,Distillerie Stadaconé inc.,Canada,2026-09-20,unknown,,,,,,,,,,,,,no health reader for corporations-canada yet
corporations-canada,11120115,SILVER FOX DISTILLERY INC.,Canada,2026-09-20,unknown,,,,,,,,,,,,,no health reader for corporations-canada yet
corporations-canada,11305727,DISTILLERIE DES MARIGOTS INC.,Canada,2026-09-20,unknown,,,,,,,,,,,,,no health reader for corporations-canada yet
corporations-canada,11313452,First Light Distillery Inc.,Canada,2026-09-20,unknown,,,,,,,,,,,,,no health reader for corporations-canada yet
corporations-canada,11741292,LA DISTILLERIE QUÉBEC NORTH SHORE DISTILLERY INC.,Canada,2026-09-20,unknown,,,,,,,,,,,,,no health reader for corporations-canada yet
corporations-canada,11793284,Hamilton Distillery Company Ltd.,Canada,2026-09-20,unknown,,,,,,,,,,,,,no health reader for corporations-canada yet
corporations-canada,11982303,11982303 Canada Ltd.,Canada,2026-09-20,unknown,,,,,,,,,,,,,no health reader for corporations-canada yet
corporations-canada,13099059,DISTILLERIE DES CANTONS DE L'EST INC.,Canada,2026-09-20,unknown,,,,,,,,,,,,,no health reader for corporations-canada yet
corporations-canada,14105826,Bare Bones Distillery Inc.,Canada,2026-09-20,unknown,,,,,,,,,,,,,no health reader for corporations-canada yet
corporations-canada,14146298,Ironworks Distillery Inc.,Canada,2026-09-20,unknown,,,,,,,,,,,,,no health reader for corporations-canada yet
corporations-canada,14449398,COPPER ROSE DISTILLERS INC.,Canada,2026-09-20,unknown,,,,,,,,,,,,,no health reader for corporations-canada yet
corporations-canada,17580886,Sazerac Distillers of Canada Inc.,Canada,2026-09-20,unknown,,,,,,,,,,,,,no health reader for corporations-canada yet
corporations-canada,17751052,DistillerSR Inc.,Canada,2026-09-20,unknown,,,,,,,,,,,,,no health reader for corporations-canada yet
corporations-canada,3254381,PERNOD RICARD CANADA LTÉE,Canada,2026-09-20,unknown,,,,,,,,,,,,,no health reader for corporations-canada yet
corporations-canada,8145644,Chateau de Niagara Winery LTD.,Canada,2026-09-20,unknown,,,,,,,,,,,,,no health reader for corporations-canada yet
corporations-canada,8217084,AUTHENTIC SEACOAST DISTILLING COMPANY LTD.,Canada,2026-09-20,unknown,,,,,,,,,,,,,no health reader for corporations-canada yet
corporations-canada,8289255,Arbutus Distilleries Inc.,Canada,2026-09-20,unknown,,,,,,,,,,,,,no health reader for corporations-canada yet
corporations-canada,8492212,CANADA ASIA-PACIFIC AGRICULTURAL TRADE Inc.,Canada,2026-09-20,unknown,,,,,,,,,,,,,no health reader for corporations-canada yet
corporations-canada,8671591,North of 7 Distillery Corporation,Canada,2026-09-20,unknown,,,,,,,,,,,,,no health reader for corporations-canada yet
corporations-canada,8806896,CIRKA DISTILLERIES INC.,Canada,2026-09-20,unknown,,,,,,,,,,,,,no health reader for corporations-canada yet
corporations-canada,8850631,Top Shelf Distillers Inc.,Canada,2026-09-20,unknown,,,,,,,,,,,,,no health reader for corporations-canada yet
corporations-canada,9031642,JUNCTION 56 DISTILLERY LTD.,Canada,2026-09-20,unknown,,,,,,,,,,,,,no health reader for corporations-canada yet
corporations-canada,9130403,FORTY CREEK DISTILLERY LTD.,Canada,2026-09-20,unknown,,,,,,,,,,,,,no health reader for corporations-canada yet
corporations-canada,9153489,Willibald Farm Distillery Limited,Canada,2026-09-20,unknown,,,,,,,,,,,,,no health reader for corporations-canada yet
corporations-canada,9293485,King’s Lock Craft Distillery Inc.,Canada,2026-09-20,unknown,,,,,,,,,,,,,no health reader for corporations-canada yet
corporations-canada,9549994,POLONÉE DISTILLERY INC.,Canada,2026-09-20,unknown,,,,,,,,,,,,,no health reader for corporations-canada yet
corporations-canada,9622179,O'DWYER MICRO-DISTILLERIE GASPÉSIENNE INC.,Canada,2026-09-20,unknown,,,,,,,,,,,,,no health reader for corporations-canada yet
corporations-canada,9770399,CROSSCUT DISTILLERY LTD.,Canada,2026-09-20,unknown,,,,,,,,,,,,,no health reader for corporations-canada yet
corporations-canada,9909575,Liquor Labs Incorporated,Canada,2026-09-20,unknown,,,,,,,,,,,,,no health reader for corporations-canada yet
cro,125363,COOLEY DISTILLERY UNLIMITED COMPANY,Ireland,2026-09-18,live,,1987-09-30,2024-12-31,,2026-09-30,false,,,,,,https://core.cro.ie/company/125363,CRO open data; charges are a paid document; overdue = next annual return date has passed
cro,23732,IRISH DISTILLERS LIMITED,Ireland,2026-09-18,live,,1966-05-05,2025-06-30,,2027-03-25,false,,,,,,https://core.cro.ie/company/23732,CRO open data; charges are a paid document; overdue = next annual return date has passed
cro,240181,GREAT NORTHERN DISTILLERY LIMITED,Ireland,2026-09-18,live,,1995-10-31,2025-04-30,,2026-12-01,false,,,,,,https://core.cro.ie/company/240181,CRO open data; charges are a paid document; overdue = next annual return date has passed
cro,308613,ROYAL OAK DISTILLERY LIMITED,Ireland,2026-09-18,live,,1999-06-24,2022-12-31,,2024-09-30,true,,,,,,https://core.cro.ie/company/308613,CRO open data; charges are a paid document; overdue = next annual return date has passed
cro,354071,1601 RED HUGH DISTILLERY LIMITED,Ireland,2026-09-18,live,,2002-03-04,2024-12-31,,2026-09-30,false,,,,,,https://core.cro.ie/company/354071,CRO open data; charges are a paid document; overdue = next annual return date has passed
cro,452466,WEST CORK DISTILLERS LIMITED,Ireland,2026-09-18,live,,2008-01-25,2024-12-31,,2026-09-30,false,,,,,,https://core.cro.ie/company/452466,CRO open data; charges are a paid document; overdue = next annual return date has passed
cro,468206,SLANE CASTLE IRISH WHISKEY LIMITED,Ireland,2026-09-18,live,,2009-03-05,2025-04-30,,2027-01-31,false,,,,,,https://core.cro.ie/company/468206,CRO open data; charges are a paid document; overdue = next annual return date has passed
cro,485520,WILLIAM GRANT & SONS IRISH BRANDS LIMITED,Ireland,2026-09-18,live,,2010-06-11,2024-12-31,,2026-09-30,false,,,,,,https://core.cro.ie/company/485520,CRO open data; charges are a paid document; overdue = next annual return date has passed
cro,493451,GLENDALOUGH IRISH WHISKEY LIMITED,Ireland,2026-09-18,live,,2011-01-10,2025-03-31,,2026-12-31,false,,,,,,https://core.cro.ie/company/493451,CRO open data; charges are a paid document; overdue = next annual return date has passed
cro,510875,TEELING WHISKEY COMPANY LIMITED,Ireland,2026-09-18,live,,2012-03-16,2025-03-31,,2026-12-31,false,,,,,,https://core.cro.ie/company/510875,CRO open data; charges are a paid document; overdue = next annual return date has passed
cro,517350,P.J. RIGNEY DISTILLERY AND INTERNATIONAL BRANDS LIMITED,Ireland,2026-09-18,live,,2012-09-06,2025-09-30,,2027-03-06,false,,,,,,https://core.cro.ie/company/517350,CRO open data; charges are a paid document; overdue = next annual return date has passed
cro,519122,THE DUBLIN LIBERTIES WHISKEY COMPANY LIMITED,Ireland,2026-09-18,live,,2012-10-22,2024-12-31,,2026-09-30,false,,,,,,https://core.cro.ie/company/519122,CRO open data; charges are a paid document; overdue = next annual return date has passed
cro,527647,BURREN DISTILLERS LIMITED,Ireland,2026-09-18,live,,2013-05-16,2024-12-31,,2026-09-29,false,,,,,,https://core.cro.ie/company/527647,CRO open data; charges are a paid document; overdue = next annual return date has passed
cro,532495,THE CONNACHT WHISKEY COMPANY LIMITED,Ireland,2026-09-18,live,,2013-09-09,2025-12-31,,2027-09-09,false,,,,,,https://core.cro.ie/company/532495,CRO open data; charges are a paid document; overdue = next annual return date has passed
cro,540129,Boann Distillery LIMITED,Ireland,2026-09-18,live,,2014-02-25,2025-06-30,,2026-12-02,false,,,,,,https://core.cro.ie/company/540129,CRO open data; charges are a paid document; overdue = next annual return date has passed
cro,543070,BLACKWATER DISTILLERY LIMITED,Ireland,2026-09-18,live,,2014-04-28,2024-12-31,,2026-10-28,false,,,,,,https://core.cro.ie/company/543070,CRO open data; charges are a paid document; overdue = next annual return date has passed
cro,549257,TIPPERARY BOUTIQUE DISTILLERY LIMITED,Ireland,2026-09-18,live,,2014-09-08,2024-12-31,,2026-09-08,true,,,,,,https://core.cro.ie/company/549257,CRO open data; charges are a paid document; overdue = next annual return date has passed
cro,550243,DUNDALK BAY BREWERY AND DISTILLERY CO. LIMITED,Ireland,2026-09-18,live,,2014-09-26,2025-12-31,,2027-09-26,false,,,,,,https://core.cro.ie/company/550243,CRO open data; charges are a paid document; overdue = next annual return date has passed
cro,563718,BALLYKEEFE DISTILLERY LIMITED,Ireland,2026-09-18,live,,2015-06-26,2024-12-31,,2026-09-30,false,,,,,1101,https://core.cro.ie/company/563718,CRO open data; charges are a paid document; overdue = next annual return date has passed
cro,567516,THE CHAPEL GATE IRISH WHISKEY COMPANY LIMITED,Ireland,2026-09-18,live,,2015-09-04,2024-12-31,,2026-09-30,false,,,,,1101,https://core.cro.ie/company/567516,CRO open data; charges are a paid document; overdue = next annual return date has passed
cro,574822,CLONAKILTY DISTILLERY LIMITED,Ireland,2026-09-18,live,,2016-01-08,2024-12-31,,2026-09-30,false,,,,,1101,https://core.cro.ie/company/574822,CRO open data; charges are a paid document; overdue = next annual return date has passed
cro,575316,LISTOKE DISTILLERY LIMITED,Ireland,2026-09-18,live,,2016-01-18,2022-12-31,,2024-09-30,true,,,,,1101,https://core.cro.ie/company/575316,CRO open data; charges are a paid document; overdue = next annual return date has passed
cro,587065,POWERSCOURT DISTILLERY LIMITED,Ireland,2026-09-18,live,2025-07-15,2016-08-04,2023-12-31,,2025-09-30,true,,,,,1105,https://core.cro.ie/company/587065,CRO open data; charges are a paid document; overdue = next annual return date has passed
cro,589603,SKELLIG DISTILLERS LIMITED,Ireland,2026-09-18,live,,2016-09-19,2024-12-31,,2026-09-19,true,,,,,5629,https://core.cro.ie/company/589603,CRO open data; charges are a paid document; overdue = next annual return date has passed
cro,596732,PORTMAGEE DISTILLING AND BREWING COMPANY LIMITED,Ireland,2026-09-18,live,,2017-01-18,2025-12-31,,2027-07-18,false,,,,,3299,https://core.cro.ie/company/596732,CRO open data; charges are a paid document; overdue = next annual return date has passed
cro,597890,LAMBAY IRISH WHISKEY DESIGNATED ACTIVITY COMPANY,Ireland,2026-09-18,live,,2017-02-08,2024-12-31,,2026-09-30,false,,,,,1101,https://core.cro.ie/company/597890,CRO open data; charges are a paid document; overdue = next annual return date has passed
cro,600439,J ROE WHISKEY LIMITED,Ireland,2026-09-18,live,,2017-03-15,2024-12-31,,2026-09-15,true,,,,,1101,https://core.cro.ie/company/600439,CRO open data; charges are a paid document; overdue = next annual return date has passed
cro,603421,BEARA DISTILLERY LIMITED,Ireland,2026-09-18,live,,2017-05-02,2025-12-31,,2027-09-30,false,,,,,1101,https://core.cro.ie/company/603421,CRO open data; charges are a paid document; overdue = next annual return date has passed
cro,605220,REBEL CITY DISTILLERY LIMITED,Ireland,2026-09-18,live,,2017-05-30,2026-05-31,,2027-11-30,false,,,,,1101,https://core.cro.ie/company/605220,CRO open data; charges are a paid document; overdue = next annual return date has passed
cro,621121,TULLAMAINE DISTILLERY LIMITED,Ireland,2026-09-18,live,,2018-02-16,2026-03-31,,2027-08-16,false,,,,,1101,https://core.cro.ie/company/621121,CRO open data; charges are a paid document; overdue = next annual return date has passed
cro,630257,AHASCRAGH DISTILLERS  LIMITED,Ireland,2026-09-18,live,,2018-07-13,2024-12-31,,2026-09-30,false,,,,,4618,https://core.cro.ie/company/630257,CRO open data; charges are a paid document; overdue = next annual return date has passed
cro,644205,BAOILLEACH TEORANTA,Ireland,2026-09-18,live,,2019-02-21,2025-12-31,,2027-08-21,false,,,,,1101,https://core.cro.ie/company/644205,CRO open data; charges are a paid document; overdue = next annual return date has passed
cro,720627,FORE DISTILLERY LIMITED,Ireland,2026-09-18,live,,2022-06-07,2025-08-31,,2027-05-31,false,,,,,1101,https://core.cro.ie/company/720627,CRO open data; charges are a paid document; overdue = next annual return date has passed
cro,809063,WATERFORD DISTILLING GROUP LIMITED,Ireland,2026-09-18,live,,2026-02-19,,,2027-08-19,false,,,,,1101,https://core.cro.ie/company/809063,CRO open data; charges are a paid document; overdue = next annual return date has passed
de-offeneregister,ARNSBERG HRB 4441,Sauerländer Edelbrand GmbH,Germany,2026-09-20,unknown,,,,,,,,,,,,,no health reader for de-offeneregister yet
de-offeneregister,ASCHAFFENBURG HRB 12206,St. Kilian Distillers GmbH,Germany,2026-09-20,unknown,,,,,,,,,,,,,no health reader for de-offeneregister yet
de-offeneregister,BOCHUM HRA 5535,Eicker & Callen KG,Germany,2026-09-20,unknown,,,,,,,,,,,,,no health reader for de-offeneregister yet
de-offeneregister,COESFELD FRÜHER BOCHOLT HRA 4552,Joh.B. Geuting e. K.,Germany,2026-09-20,unknown,,,,,,,,,,,,,no health reader for de-offeneregister yet
de-offeneregister,COTTBUS HRB 5688,Brennerei-Sellendorf GmbH,Germany,2026-09-20,unknown,,,,,,,,,,,,,no health reader for de-offeneregister yet
de-offeneregister,DRESDEN HRA 5980,Meissener Spezialitätenbrennerei Prinz zur Lippe GmbH & Co.KG,Germany,2026-09-20,unknown,,,,,,,,,,,,,no health reader for de-offeneregister yet
de-offeneregister,FRANKFURT/ODER HRB 17041,Feinbrennerei am Hebewerk GmbH,Germany,2026-09-20,unknown,,,,,,,,,,,,,no health reader for de-offeneregister yet
de-offeneregister,FREIBURG HRA 490146,"Karl Walter, Höllberg-Brennerei  Inhaber: Daniel Walter e. K.",Germany,2026-09-20,unknown,,,,,,,,,,,,,no health reader for de-offeneregister yet
de-offeneregister,FREIBURG HRB 280132,Elztalbrennerei Georg Weis GmbH,Germany,2026-09-20,unknown,,,,,,,,,,,,,no health reader for de-offeneregister yet
de-offeneregister,FULDA HRA 902,Rhön-Hessische Weinbrennerei A. u. W. Dworzak GmbH & Co Kommanditgesellschaft,Germany,2026-09-20,unknown,,,,,,,,,,,,,no health reader for de-offeneregister yet
de-offeneregister,GÖTTINGEN FRÜHER NORTHEIM HRB 130424,Hardenberg-Wilthen Aktiengesellschaft,Germany,2026-09-20,unknown,,,,,,,,,,,,,no health reader for de-offeneregister yet
de-offeneregister,HAGEN HRA 5785,Märkische Spezialitätenbrennerei KG,Germany,2026-09-20,unknown,,,,,,,,,,,,,no health reader for de-offeneregister yet
de-offeneregister,HAMBURG HRA 118437,E.F. Elmendorf GmbH & Co.KG,Germany,2026-09-20,unknown,,,,,,,,,,,,,no health reader for de-offeneregister yet
de-offeneregister,HAMBURG HRB 91533,Gin Sul GmbH,Germany,2026-09-20,unknown,,,,,,,,,,,,,no health reader for de-offeneregister yet
de-offeneregister,HANNOVER HRB 217144,Moonshine & More GmbH,Germany,2026-09-20,unknown,,,,,,,,,,,,,no health reader for de-offeneregister yet
de-offeneregister,INGOLSTADT HRA 360,Gustav Mayer,Germany,2026-09-20,unknown,,,,,,,,,,,,,no health reader for de-offeneregister yet
de-offeneregister,JENA HRA 100702,Fahner Landbrennerei GmbH & Co. KG,Germany,2026-09-20,unknown,,,,,,,,,,,,,no health reader for de-offeneregister yet
de-offeneregister,JENA HRB 514534,Brennerei Wartburgblick GmbH,Germany,2026-09-20,unknown,,,,,,,,,,,,,no health reader for de-offeneregister yet
de-offeneregister,KEMPTEN (ALLGÄU) HRB 10825,Allgäu-Brennerei Günther GmbH,Germany,2026-09-20,unknown,,,,,,,,,,,,,no health reader for de-offeneregister yet
de-offeneregister,KOBLENZ HRA 20661,Brennerei Hubertus Vallendar GmbH & Co. KG,Germany,2026-09-20,unknown,,,,,,,,,,,,,no health reader for de-offeneregister yet
de-offeneregister,MAINZ HRA 42396,Deheck Destillerie- und Likörmanufaktur e.K.,Germany,2026-09-20,unknown,,,,,,,,,,,,,no health reader for de-offeneregister yet
de-offeneregister,MANNHEIM HRA 220540,Scheibel Mühle OHG,Germany,2026-09-20,unknown,,,,,,,,,,,,,no health reader for de-offeneregister yet
de-offeneregister,MARBURG HRB 5339,Hessische Spezialitätenbrennerei Behlen GmbH,Germany,2026-09-20,unknown,,,,,,,,,,,,,no health reader for de-offeneregister yet
de-offeneregister,MEMMINGEN HRB 15881,Bavarian Mountain Distillery GmbH,Germany,2026-09-20,unknown,,,,,,,,,,,,,no health reader for de-offeneregister yet
de-offeneregister,MONTABAUR HRB 20629,Birkenhof-Brennerei GmbH,Germany,2026-09-20,unknown,,,,,,,,,,,,,no health reader for de-offeneregister yet
de-offeneregister,MÖNCHENGLADBACH HRA 5012,Hartges Kornbrennerei GmbH & Co. KG,Germany,2026-09-20,unknown,,,,,,,,,,,,,no health reader for de-offeneregister yet
de-offeneregister,MÜNCHEN HRA 82320,SLYRS Destillerie GmbH & Co. KG,Germany,2026-09-20,unknown,,,,,,,,,,,,,no health reader for de-offeneregister yet
de-offeneregister,MÜNCHEN HRB 155682,LANTENHAMMER Destillerie GmbH,Germany,2026-09-20,unknown,,,,,,,,,,,,,no health reader for de-offeneregister yet
de-offeneregister,MÜNCHEN HRB 216664,Bavarian Moonshine GmbH,Germany,2026-09-20,unknown,,,,,,,,,,,,,no health reader for de-offeneregister yet
de-offeneregister,MÜNSTER HRA 6380,Erlebnisbrennereien Sendenhorst Jochen Horstmann KG,Germany,2026-09-20,unknown,,,,,,,,,,,,,no health reader for de-offeneregister yet
de-offeneregister,MÜNSTER HRA 6419,A. Eckmann,Germany,2026-09-20,unknown,,,,,,,,,,,,,no health reader for de-offeneregister yet
de-offeneregister,MÜNSTER HRB 12037,Schwarze und Schlichte GmbH,Germany,2026-09-20,unknown,,,,,,,,,,,,,no health reader for de-offeneregister yet
de-offeneregister,OSNABRÜCK HRA 7109,"Kornbrennerei Philipp Becker, Inhaber Ludger Sandhaus e.K.",Germany,2026-09-20,unknown,,,,,,,,,,,,,no health reader for de-offeneregister yet
de-offeneregister,PADERBORN HRA 3932,Cosacks Brennerei GmbH & Co. KG,Germany,2026-09-20,unknown,,,,,,,,,,,,,no health reader for de-offeneregister yet
de-offeneregister,RECKLINGHAUSEN HRB 8250,Dörlemann GmbH,Germany,2026-09-20,unknown,,,,,,,,,,,,,no health reader for de-offeneregister yet
de-offeneregister,REGENSBURG HRB 14288,Spezialitäten-Brennerei & Whisky Destillerie Liebl GmbH,Germany,2026-09-20,unknown,,,,,,,,,,,,,no health reader for de-offeneregister yet
de-offeneregister,SAARBRÜCKEN HRB 102468,Brennerei Mühlenthal UG (haftungsbeschränkt),Germany,2026-09-20,unknown,,,,,,,,,,,,,no health reader for de-offeneregister yet
de-offeneregister,SIEGEN HRA 9340,Kornbrennerei J. J. Kemper GmbH & Co. KG,Germany,2026-09-20,unknown,,,,,,,,,,,,,no health reader for de-offeneregister yet
de-offeneregister,STRALSUND FRÜHER NEUBRANDENBURG HRA 12356,Hafendestillerie und Brauerei GmbH & Co. KG,Germany,2026-09-20,unknown,,,,,,,,,,,,,no health reader for de-offeneregister yet
de-offeneregister,STRALSUND HRB 3946,Erste Edeldestillerie auf Rügen GmbH,Germany,2026-09-20,unknown,,,,,,,,,,,,,no health reader for de-offeneregister yet
de-offeneregister,STRALSUND HRB 8528,Baltic Distillery GmbH,Germany,2026-09-20,unknown,,,,,,,,,,,,,no health reader for de-offeneregister yet
de-offeneregister,STUTTGART HRB 730817,Black Forest Distillers GmbH,Germany,2026-09-20,unknown,,,,,,,,,,,,,no health reader for de-offeneregister yet
de-offeneregister,TOSTEDT FRÜHER STADE HRA 100741,Brennerei Rockstedt GmbH & Co. KG,Germany,2026-09-20,unknown,,,,,,,,,,,,,no health reader for de-offeneregister yet
de-offeneregister,TRAUNSTEIN HRB 22229,Brennerei Schnitzer GmbH,Germany,2026-09-20,unknown,,,,,,,,,,,,,no health reader for de-offeneregister yet
de-offeneregister,ULM HRA 721524,Feller KG,Germany,2026-09-20,unknown,,,,,,,,,,,,,no health reader for de-offeneregister yet
de-offeneregister,ULM HRB 533733,Manufaktur Jörg Geiger GmbH,Germany,2026-09-20,unknown,,,,,,,,,,,,,no health reader for de-offeneregister yet
de-offeneregister,ULM HRB 731086,Organic Distillery GmbH,Germany,2026-09-20,unknown,,,,,,,,,,,,,no health reader for de-offeneregister yet
de-offeneregister,ULM HRB 732521,Kultschnaps GmbH,Germany,2026-09-20,unknown,,,,,,,,,,,,,no health reader for de-offeneregister yet
de-offeneregister,WÜRZBURG HRA 7102,Destillerie Gößwein GmbH & Co. KG,Germany,2026-09-20,unknown,,,,,,,,,,,,,no health reader for de-offeneregister yet
de-offeneregister,WÜRZBURG HRB 9870,Schwane-Wein GmbH,Germany,2026-09-20,unknown,,,,,,,,,,,,,no health reader for de-offeneregister yet
es-rmc,16555317D,Destilería Virgen del Cisne,Spain,2026-09-20,unknown,,,,,,,,,,,,,no health reader for es-rmc yet
es-rmc,A11013018,RIVES DISTILLERY COMERCIAL S.A,Spain,2026-09-20,unknown,,,,,,,,,,,,,no health reader for es-rmc yet
es-rmc,A27045632,Denominación Social: Adegas Moure S.A,Spain,2026-09-20,unknown,,,,,,,,,,,,,no health reader for es-rmc yet
es-rmc,A28904779,"Denominación Social: DINSA WORLD WIDE DISTILLERS, S.A",Spain,2026-09-20,unknown,,,,,,,,,,,,,no health reader for es-rmc yet
es-rmc,A32100828,Denominación social: DESTILERIAS DE GALICIA SA,Spain,2026-09-20,unknown,,,,,,,,,,,,,no health reader for es-rmc yet
es-rmc,B16529216,Mallorca Distillery SL,Spain,2026-09-20,unknown,,,,,,,,,,,,,no health reader for es-rmc yet
es-rmc,B16611667,Gin Eva,Spain,2026-09-20,unknown,,,,,,,,,,,,,no health reader for es-rmc yet
es-rmc,B40617730,Propietario de la web: LA CLANDESTILERIA THE MEDITERRANEAN CRAFT DISTILLERY S.L,Spain,2026-09-20,unknown,,,,,,,,,,,,,no health reader for es-rmc yet
es-rmc,B70412820,"Vanagandr Destilerias, S.L",Spain,2026-09-20,unknown,,,,,,,,,,,,,no health reader for es-rmc yet
es-rmc,B71352355,GRUPO DE BEBIDAS PICUEZO S.L,Spain,2026-09-20,unknown,,,,,,,,,,,,,no health reader for es-rmc yet
es-rmc,B72433717,Bunker Distillery,Spain,2026-09-20,unknown,,,,,,,,,,,,,no health reader for es-rmc yet
es-rmc,B90196866,Denominación Social: Andalusí Beverages Sociedad Limitada,Spain,2026-09-20,unknown,,,,,,,,,,,,,no health reader for es-rmc yet
fr-sirene,015650039,LEJAY LAGOUTE,France,2026-09-20,unknown,,,,,,,,,,,,,no health reader for fr-sirene yet
fr-sirene,054502356,CIE FRANC GRANDE CHARTREUSE,France,2026-09-20,unknown,,,,,,,,,,,,,no health reader for fr-sirene yet
fr-sirene,059500843,A MEUNIER MERE ET FILS,France,2026-09-20,unknown,,,,,,,,,,,,,no health reader for fr-sirene yet
fr-sirene,106517279,MEMOIRE & PATRIMOINE DE COIN-LES-CUVRY,France,2026-09-20,unknown,,,,,,,,,,,,,no health reader for fr-sirene yet
fr-sirene,301312930,DISTILLERIE MERLET ET FILS SARL,France,2026-09-20,unknown,,,,,,,,,,,,,no health reader for fr-sirene yet
fr-sirene,303152250,SAINT JAMES INTERNATIONAL,France,2026-09-20,unknown,,,,,,,,,,,,,no health reader for fr-sirene yet
fr-sirene,303709141,MAISON CLOVIS REYMOND,France,2026-09-20,unknown,,,,,,,,,,,,,no health reader for fr-sirene yet
fr-sirene,304350333,CHERRY ROCHER NEYRET CHAVIN,France,2026-09-20,unknown,,,,,,,,,,,,,no health reader for fr-sirene yet
fr-sirene,304877657,SOCIETE D'EXPLOITATION DE LA DISTILLERIE BIELLE,France,2026-09-20,unknown,,,,,,,,,,,,,no health reader for fr-sirene yet
fr-sirene,304993033,MONTEBELLO,France,2026-09-20,unknown,,,,,,,,,,,,,no health reader for fr-sirene yet
fr-sirene,305728859,BRASSERIE MILLES,France,2026-09-20,unknown,,,,,,,,,,,,,no health reader for fr-sirene yet
fr-sirene,310850391,DISTILLERIE DE SAVANNA,France,2026-09-20,unknown,,,,,,,,,,,,,no health reader for fr-sirene yet
fr-sirene,313088841,SOC AGRICOLE DE BOLOGNE SA,France,2026-09-20,unknown,,,,,,,,,,,,,no health reader for fr-sirene yet
fr-sirene,315411991,ETABLISSEMENTS COUPRIE SARL,France,2026-09-20,unknown,,,,,,,,,,,,,no health reader for fr-sirene yet
fr-sirene,318476611,GAYRAL SARL,France,2026-09-20,unknown,,,,,,,,,,,,,no health reader for fr-sirene yet
fr-sirene,320015225,DISTILLERIE JEAN GAUTHIER,France,2026-09-20,unknown,,,,,,,,,,,,,no health reader for fr-sirene yet
fr-sirene,325034106,DISTILLERIE A. BLACHERE,France,2026-09-20,unknown,,,,,,,,,,,,,no health reader for fr-sirene yet
fr-sirene,327764437,VASCONIA,France,2026-09-20,unknown,,,,,,,,,,,,,no health reader for fr-sirene yet
fr-sirene,328046487,DISTILLERIE ARTISANALE HAGMEYER,France,2026-09-20,unknown,,,,,,,,,,,,,no health reader for fr-sirene yet
fr-sirene,328498290,SAS DISTILLERIE DOUENCE,France,2026-09-20,unknown,,,,,,,,,,,,,no health reader for fr-sirene yet
fr-sirene,334374865,PASCAL NALIN,France,2026-09-20,unknown,,,,,,,,,,,,,no health reader for fr-sirene yet
fr-sirene,335481040,DISTILLERIE JEAN GOYARD,France,2026-09-20,unknown,,,,,,,,,,,,,no health reader for fr-sirene yet
fr-sirene,337868863,TOQUES ET DISTILLERIE DU PERIGORD,France,2026-09-20,unknown,,,,,,,,,,,,,no health reader for fr-sirene yet
fr-sirene,338729726,TERROIRS DISTILLERS INGREDIENTS,France,2026-09-20,unknown,,,,,,,,,,,,,no health reader for fr-sirene yet
fr-sirene,347975096,HUILES ESSEN LIVRA PHARM AROMA COSMO,France,2026-09-20,unknown,,,,,,,,,,,,,no health reader for fr-sirene yet
fr-sirene,350981379,LE GRAND RUBREN,France,2026-09-20,unknown,,,,,,,,,,,,,no health reader for fr-sirene yet
fr-sirene,352920276,DENOIX - MAITRES LIQUORISTES A BRIVE DEPUIS 1839,France,2026-09-20,unknown,,,,,,,,,,,,,no health reader for fr-sirene yet
fr-sirene,353725732,DISTILLERIES ET DOMAINES DE PROVENCE,France,2026-09-20,unknown,,,,,,,,,,,,,no health reader for fr-sirene yet
fr-sirene,370500753,DISTILLERIE HAUGUEL SA,France,2026-09-20,unknown,,,,,,,,,,,,,no health reader for fr-sirene yet
fr-sirene,379315294,DISTILLERIE ARTISANALE JOS NUSBAUMER,France,2026-09-20,unknown,,,,,,,,,,,,,no health reader for fr-sirene yet
fr-sirene,379591605,THIERRY CONRARD,France,2026-09-20,unknown,,,,,,,,,,,,,no health reader for fr-sirene yet
fr-sirene,380154039,DISTILLERIE DE FONTAGARD,France,2026-09-20,unknown,,,,,,,,,,,,,no health reader for fr-sirene yet
fr-sirene,383437696,DISTILLERIE DU PLESSIS,France,2026-09-20,unknown,,,,,,,,,,,,,no health reader for fr-sirene yet
fr-sirene,383887783,CHATEAU DE BEAULON,France,2026-09-20,unknown,,,,,,,,,,,,,no health reader for fr-sirene yet
fr-sirene,384140976,DISTILLERIE DU PEYRAT,France,2026-09-20,unknown,,,,,,,,,,,,,no health reader for fr-sirene yet
fr-sirene,385174164,DISTILLERIE DES MENHIRS,France,2026-09-20,unknown,,,,,,,,,,,,,no health reader for fr-sirene yet
fr-sirene,389831413,DISTILLERIE DU HOULEY,France,2026-09-20,unknown,,,,,,,,,,,,,no health reader for fr-sirene yet
fr-sirene,391517265,GERARD WINDHOLTZ,France,2026-09-20,unknown,,,,,,,,,,,,,no health reader for fr-sirene yet
fr-sirene,392815650,MARC PENCHE,France,2026-09-20,unknown,,,,,,,,,,,,,no health reader for fr-sirene yet
fr-sirene,393114541,SARL DU GRAND FIEF,France,2026-09-20,unknown,,,,,,,,,,,,,no health reader for fr-sirene yet
fr-sirene,394428171,EARL FERRE,France,2026-09-20,unknown,,,,,,,,,,,,,no health reader for fr-sirene yet
fr-sirene,396520017,ETABLISSEMENTS DELORD FRERES,France,2026-09-20,unknown,,,,,,,,,,,,,no health reader for fr-sirene yet
fr-sirene,396920464,H. DARTIGALONGUE ET FILS,France,2026-09-20,unknown,,,,,,,,,,,,,no health reader for fr-sirene yet
fr-sirene,397870940,DISTILLERIE BLEU PROVENCE,France,2026-09-20,unknown,,,,,,,,,,,,,no health reader for fr-sirene yet
fr-sirene,401416326,DISTILLERIE DE LA DENT D'OCHE,France,2026-09-20,unknown,,,,,,,,,,,,,no health reader for fr-sirene yet
fr-sirene,401484183,JACOULOT,France,2026-09-20,unknown,,,,,,,,,,,,,no health reader for fr-sirene yet
fr-sirene,408528578,DOMAINE DU COQUEREL,France,2026-09-20,unknown,,,,,,,,,,,,,no health reader for fr-sirene yet
fr-sirene,408684157,SCEA DU DOMAINE DES CHAILLIS,France,2026-09-20,unknown,,,,,,,,,,,,,no health reader for fr-sirene yet
fr-sirene,409299328,COGNAC CHOLLET DISTILLERIE DU PLANTY,France,2026-09-20,unknown,,,,,,,,,,,,,no health reader for fr-sirene yet
fr-sirene,410151526,HERITIERS CRASSOUS DE MEDEUIL,France,2026-09-20,unknown,,,,,,,,,,,,,no health reader for fr-sirene yet
fr-sirene,410292684,COMBIER,France,2026-09-20,unknown,,,,,,,,,,,,,no health reader for fr-sirene yet
fr-sirene,412036139,CELTIC WHISKY DISTILLERIE,France,2026-09-20,unknown,,,,,,,,,,,,,no health reader for fr-sirene yet
fr-sirene,413729138,DISTILLERIE RAOUL DUFFEZ,France,2026-09-20,unknown,,,,,,,,,,,,,no health reader for fr-sirene yet
fr-sirene,423111376,DISTILLERIE LES FILS D'EMILE PERNOT,France,2026-09-20,unknown,,,,,,,,,,,,,no health reader for fr-sirene yet
fr-sirene,429741648,DISTILLERIE FLORIHANA,France,2026-09-20,unknown,,,,,,,,,,,,,no health reader for fr-sirene yet
fr-sirene,432514586,DISTILLERIE LA FAVORITE,France,2026-09-20,unknown,,,,,,,,,,,,,no health reader for fr-sirene yet
fr-sirene,434242822,DISTILLERIE DE MONSIEUR BALTHAZAR,France,2026-09-20,unknown,,,,,,,,,,,,,no health reader for fr-sirene yet
fr-sirene,438214280,SOCIETE ARTISANALE DE LA DISTILLERIE DE LA TRAPPE,France,2026-09-20,unknown,,,,,,,,,,,,,no health reader for fr-sirene yet
fr-sirene,440002285,DISTILLERIE BUSNEL SAS,France,2026-09-20,unknown,,,,,,,,,,,,,no health reader for fr-sirene yet
fr-sirene,442051751,JOUFFE EXPORT DEVELOPPEMENT INT IMPORT,France,2026-09-20,unknown,,,,,,,,,,,,,no health reader for fr-sirene yet
fr-sirene,444348130,DISTILLERIE DE RICHERENCHES,France,2026-09-20,unknown,,,,,,,,,,,,,no health reader for fr-sirene yet
fr-sirene,450390414,DISTILLERIE LOUIS COUDERC,France,2026-09-20,unknown,,,,,,,,,,,,,no health reader for fr-sirene yet
fr-sirene,453448557,CAZOTTES LIQUIDES,France,2026-09-20,unknown,,,,,,,,,,,,,no health reader for fr-sirene yet
fr-sirene,466203338,DISTILLERIE DILLON,France,2026-09-20,unknown,,,,,,,,,,,,,no health reader for fr-sirene yet
fr-sirene,475450227,CHATEAU DU BREUIL,France,2026-09-20,unknown,,,,,,,,,,,,,no health reader for fr-sirene yet
fr-sirene,484324090,SARL DISTILLERIE JURASSIENNE,France,2026-09-20,unknown,,,,,,,,,,,,,no health reader for fr-sirene yet
fr-sirene,484352059,YANN CHARLIER,France,2026-09-20,unknown,,,,,,,,,,,,,no health reader for fr-sirene yet
fr-sirene,489241398,CHATEAU LE COURREJOT,France,2026-09-20,unknown,,,,,,,,,,,,,no health reader for fr-sirene yet
fr-sirene,490364247,GRAP'SUD,France,2026-09-20,unknown,,,,,,,,,,,,,no health reader for fr-sirene yet
fr-sirene,492913835,KAERILIS,France,2026-09-20,unknown,,,,,,,,,,,,,no health reader for fr-sirene yet
fr-sirene,497549675,G.W.,France,2026-09-20,unknown,,,,,,,,,,,,,no health reader for fr-sirene yet
fr-sirene,498235316,RHUM DAMOISEAU,France,2026-09-20,unknown,,,,,,,,,,,,,no health reader for fr-sirene yet
fr-sirene,503155194,LE GAIGNE,France,2026-09-20,unknown,,,,,,,,,,,,,no health reader for fr-sirene yet
fr-sirene,504560376,DISTILLERIE DU PETIT GRAIN,France,2026-09-20,unknown,,,,,,,,,,,,,no health reader for fr-sirene yet
fr-sirene,505343004,OLIVIER CILLIERES,France,2026-09-20,unknown,,,,,,,,,,,,,no health reader for fr-sirene yet
fr-sirene,514053271,DOMAINE DES HAUTES GLACES,France,2026-09-20,unknown,,,,,,,,,,,,,no health reader for fr-sirene yet
fr-sirene,514304450,LA DISTILLERIE DES CEVENNES,France,2026-09-20,unknown,,,,,,,,,,,,,no health reader for fr-sirene yet
fr-sirene,520130048,JEAN JACQUES MAGDELEINE,France,2026-09-20,unknown,,,,,,,,,,,,,no health reader for fr-sirene yet
fr-sirene,525206553,DISTILLERIE DU CASTOR,France,2026-09-20,unknown,,,,,,,,,,,,,no health reader for fr-sirene yet
fr-sirene,526950068,SOCIETE DES VINS ET EAUX DE VIE,France,2026-09-20,unknown,,,,,,,,,,,,,no health reader for fr-sirene yet
fr-sirene,527250138,MAXIME TRIJOL,France,2026-09-20,unknown,,,,,,,,,,,,,no health reader for fr-sirene yet
fr-sirene,537959934,DISTILLERIE DE GAYANT,France,2026-09-20,unknown,,,,,,,,,,,,,no health reader for fr-sirene yet
fr-sirene,538356395,BLACK MOUNTAIN COMPAGNIE,France,2026-09-20,unknown,,,,,,,,,,,,,no health reader for fr-sirene yet
fr-sirene,538495789,DISTILLERIE DU GORVELLO,France,2026-09-20,unknown,,,,,,,,,,,,,no health reader for fr-sirene yet
fr-sirene,539534602,L'ETOILE,France,2026-09-20,unknown,,,,,,,,,,,,,no health reader for fr-sirene yet
fr-sirene,546650375,S.A. H. VRIGNAUD ET FILS,France,2026-09-20,unknown,,,,,,,,,,,,,no health reader for fr-sirene yet
fr-sirene,575880711,DISTILLERIE PERSYN,France,2026-09-20,unknown,,,,,,,,,,,,,no health reader for fr-sirene yet
fr-sirene,595620329,DISTILLERIE GIRARDOT,France,2026-09-20,unknown,,,,,,,,,,,,,no health reader for fr-sirene yet
fr-sirene,631820057,DISTILLERIE DES MOISANS,France,2026-09-20,unknown,,,,,,,,,,,,,no health reader for fr-sirene yet
fr-sirene,652820960,DISTILLERIE PIERRE GUY,France,2026-09-20,unknown,,,,,,,,,,,,,no health reader for fr-sirene yet
fr-sirene,675680219,LES EAUX DE VIE J. ET M. LEHMANN,France,2026-09-20,unknown,,,,,,,,,,,,,no health reader for fr-sirene yet
fr-sirene,691650030,MAISON LOUIS ROQUE,France,2026-09-20,unknown,,,,,,,,,,,,,no health reader for fr-sirene yet
fr-sirene,725580153,ETABLISSEMENTS CROZET FRERES,France,2026-09-20,unknown,,,,,,,,,,,,,no health reader for fr-sirene yet
fr-sirene,736550146,CALVADOS PREAUX,France,2026-09-20,unknown,,,,,,,,,,,,,no health reader for fr-sirene yet
fr-sirene,749816302,LE THEATRE,France,2026-09-20,unknown,,,,,,,,,,,,,no health reader for fr-sirene yet
fr-sirene,750633869,DISTILLERIE DE LA HAUTE LOUE,France,2026-09-20,unknown,,,,,,,,,,,,,no health reader for fr-sirene yet
fr-sirene,755500196,DISTILLERIE DU CENTRE,France,2026-09-20,unknown,,,,,,,,,,,,,no health reader for fr-sirene yet
fr-sirene,775765977,DISTILLERIE COOPERATIVE D'ARZENS,France,2026-09-20,unknown,,,,,,,,,,,,,no health reader for fr-sirene yet
fr-sirene,790056436,DISTILLERIE DU VERCORS,France,2026-09-20,unknown,,,,,,,,,,,,,no health reader for fr-sirene yet
fr-sirene,791920994,AWEN NATURE,France,2026-09-20,unknown,,,,,,,,,,,,,no health reader for fr-sirene yet
fr-sirene,800499063,OSSAU VINS & SPIRITUEUX,France,2026-09-20,unknown,,,,,,,,,,,,,no health reader for fr-sirene yet
fr-sirene,801353178,HELENE PEREZ,France,2026-09-20,unknown,,,,,,,,,,,,,no health reader for fr-sirene yet
fr-sirene,801787185,FRANCK NICOLEAU,France,2026-09-20,unknown,,,,,,,,,,,,,no health reader for fr-sirene yet
fr-sirene,803102771,MARQUESTAU & CO,France,2026-09-20,unknown,,,,,,,,,,,,,no health reader for fr-sirene yet
fr-sirene,803116136,EGIAZKI PATXARANA,France,2026-09-20,unknown,,,,,,,,,,,,,no health reader for fr-sirene yet
fr-sirene,803187723,C.D.C.,France,2026-09-20,unknown,,,,,,,,,,,,,no health reader for fr-sirene yet
fr-sirene,807606959,LES PLANTEURS DE LA MAUNY,France,2026-09-20,unknown,,,,,,,,,,,,,no health reader for fr-sirene yet
fr-sirene,808961700,DISTILLERIE MARGUET CHAMPREUX,France,2026-09-20,unknown,,,,,,,,,,,,,no health reader for fr-sirene yet
fr-sirene,811806124,AVELENN,France,2026-09-20,unknown,,,,,,,,,,,,,no health reader for fr-sirene yet
fr-sirene,811841782,LES VERGERS DE TITOY,France,2026-09-20,unknown,,,,,,,,,,,,,no health reader for fr-sirene yet
fr-sirene,812981710,DISTILLERIE ERGASTER,France,2026-09-20,unknown,,,,,,,,,,,,,no health reader for fr-sirene yet
fr-sirene,817670797,DISTILLERIE D'HAUTEFEUILLE,France,2026-09-20,unknown,,,,,,,,,,,,,no health reader for fr-sirene yet
fr-sirene,818314247,LA MINE D'OR DISTILLERIE,France,2026-09-20,unknown,,,,,,,,,,,,,no health reader for fr-sirene yet
fr-sirene,818753923,SUGAAR,France,2026-09-20,unknown,,,,,,,,,,,,,no health reader for fr-sirene yet
fr-sirene,820936706,OLIVIER CONAN,France,2026-09-20,unknown,,,,,,,,,,,,,no health reader for fr-sirene yet
fr-sirene,821357779,C'EST NOUS,France,2026-09-20,unknown,,,,,,,,,,,,,no health reader for fr-sirene yet
fr-sirene,822845582,LA DISTILLERIE D'OUESSANT,France,2026-09-20,unknown,,,,,,,,,,,,,no health reader for fr-sirene yet
fr-sirene,823860259,MAISON BENJAMIN KUENTZ,France,2026-09-20,unknown,,,,,,,,,,,,,no health reader for fr-sirene yet
fr-sirene,828419903,SAMUEL PRADES,France,2026-09-20,unknown,,,,,,,,,,,,,no health reader for fr-sirene yet
fr-sirene,829315183,DISTILLERIE SAINT-VERAN,France,2026-09-20,unknown,,,,,,,,,,,,,no health reader for fr-sirene yet
fr-sirene,830447900,DISTILLERIE SAINT-GERVAIS MONT-BLANC,France,2026-09-20,unknown,,,,,,,,,,,,,no health reader for fr-sirene yet
fr-sirene,830476339,DISTILOIRE,France,2026-09-20,unknown,,,,,,,,,,,,,no health reader for fr-sirene yet
fr-sirene,831954953,LES EKRINS,France,2026-09-20,unknown,,,,,,,,,,,,,no health reader for fr-sirene yet
fr-sirene,833482540,GENTIAN'AIR,France,2026-09-20,unknown,,,,,,,,,,,,,no health reader for fr-sirene yet
fr-sirene,838370500,DISTILLERIE GESSIENNE,France,2026-09-20,unknown,,,,,,,,,,,,,no health reader for fr-sirene yet
fr-sirene,839664786,SARL DISTILLERIE LA GRANGE,France,2026-09-20,unknown,,,,,,,,,,,,,no health reader for fr-sirene yet
fr-sirene,840398168,LANDA'S DISTILLERIE,France,2026-09-20,unknown,,,,,,,,,,,,,no health reader for fr-sirene yet
fr-sirene,840747752,ALAMBIC BOURGUIGNON,France,2026-09-20,unknown,,,,,,,,,,,,,no health reader for fr-sirene yet
fr-sirene,841699739,BREIZH'COOL,France,2026-09-20,unknown,,,,,,,,,,,,,no health reader for fr-sirene yet
fr-sirene,842581423,ANNE-MARIA NACKAERTS,France,2026-09-20,unknown,,,,,,,,,,,,,no health reader for fr-sirene yet
fr-sirene,848860953,DISTILLERIE DE SOLIGNY,France,2026-09-20,unknown,,,,,,,,,,,,,no health reader for fr-sirene yet
fr-sirene,849952221,BIGOURDAN,France,2026-09-20,unknown,,,,,,,,,,,,,no health reader for fr-sirene yet
fr-sirene,850112830,LE COMPTOIR DE L'ALCHIMISTE,France,2026-09-20,unknown,,,,,,,,,,,,,no health reader for fr-sirene yet
fr-sirene,850169921,DISTILLERIE DES PYRENEES,France,2026-09-20,unknown,,,,,,,,,,,,,no health reader for fr-sirene yet
fr-sirene,850778697,DISTILLERIE D'ISLE DE FRANCE,France,2026-09-20,unknown,,,,,,,,,,,,,no health reader for fr-sirene yet
fr-sirene,850895962,MAISON 16,France,2026-09-20,unknown,,,,,,,,,,,,,no health reader for fr-sirene yet
fr-sirene,850993007,LOUP BLEU CONNEXION,France,2026-09-20,unknown,,,,,,,,,,,,,no health reader for fr-sirene yet
fr-sirene,851457101,COQLICORNE,France,2026-09-20,unknown,,,,,,,,,,,,,no health reader for fr-sirene yet
fr-sirene,851838524,DISTILLERIE RIONDE,France,2026-09-20,unknown,,,,,,,,,,,,,no health reader for fr-sirene yet
fr-sirene,852030956,SOCIETE CIVILE D'EXPLOITATION AGRICOLE DISTILLERIE DE MELANIE,France,2026-09-20,unknown,,,,,,,,,,,,,no health reader for fr-sirene yet
fr-sirene,853491389,DISTILLERIE DE STRASBOURG,France,2026-09-20,unknown,,,,,,,,,,,,,no health reader for fr-sirene yet
fr-sirene,877487884,JS ADN,France,2026-09-20,unknown,,,,,,,,,,,,,no health reader for fr-sirene yet
fr-sirene,877804021,LA DISTILLERIE DU VERMOIS,France,2026-09-20,unknown,,,,,,,,,,,,,no health reader for fr-sirene yet
fr-sirene,879091528,DISTILLERIE AR ROC'H,France,2026-09-20,unknown,,,,,,,,,,,,,no health reader for fr-sirene yet
fr-sirene,880804158,DISTILLERIE D'ESCAGNAN,France,2026-09-20,unknown,,,,,,,,,,,,,no health reader for fr-sirene yet
fr-sirene,881316319,GROUPEMENT AGRICOLE D'EXPLOITATION EN COMMUN AGREE DE LA SEMILLA,France,2026-09-20,unknown,,,,,,,,,,,,,no health reader for fr-sirene yet
fr-sirene,881373310,DISTILLERIE DES ARAVIS,France,2026-09-20,unknown,,,,,,,,,,,,,no health reader for fr-sirene yet
fr-sirene,881478077,COSTIERES WINE & SPIRITS,France,2026-09-20,unknown,,,,,,,,,,,,,no health reader for fr-sirene yet
fr-sirene,881990006,BDM,France,2026-09-20,unknown,,,,,,,,,,,,,no health reader for fr-sirene yet
fr-sirene,885235143,PAPA ROUYO,France,2026-09-20,unknown,,,,,,,,,,,,,no health reader for fr-sirene yet
fr-sirene,888206430,DISTILLERIE D'OCCITANIE,France,2026-09-20,unknown,,,,,,,,,,,,,no health reader for fr-sirene yet
fr-sirene,889535639,PEGASUS SPIRITS,France,2026-09-20,unknown,,,,,,,,,,,,,no health reader for fr-sirene yet
fr-sirene,891653750,MARINA NOURY,France,2026-09-20,unknown,,,,,,,,,,,,,no health reader for fr-sirene yet
fr-sirene,892264573,TERROIRS DISTILLERS ARTISANAL BRANDS,France,2026-09-20,unknown,,,,,,,,,,,,,no health reader for fr-sirene yet
fr-sirene,893075424,DISTILLERIE L'ORIENT,France,2026-09-20,unknown,,,,,,,,,,,,,no health reader for fr-sirene yet
fr-sirene,893127308,MOBY DICK,France,2026-09-20,unknown,,,,,,,,,,,,,no health reader for fr-sirene yet
fr-sirene,895242659,SARL L'HERBIER,France,2026-09-20,unknown,,,,,,,,,,,,,no health reader for fr-sirene yet
fr-sirene,897804167,SVEN GIELKENS,France,2026-09-20,unknown,,,,,,,,,,,,,no health reader for fr-sirene yet
fr-sirene,897944294,AURELIEN KRIER,France,2026-09-20,unknown,,,,,,,,,,,,,no health reader for fr-sirene yet
fr-sirene,898118864,LIQUEURS GENESTINE,France,2026-09-20,unknown,,,,,,,,,,,,,no health reader for fr-sirene yet
fr-sirene,898884226,DISTILLERIE DU MOULIN DE PERSAS,France,2026-09-20,unknown,,,,,,,,,,,,,no health reader for fr-sirene yet
fr-sirene,899796965,DISTILLERIE VOLCANIQUE,France,2026-09-20,unknown,,,,,,,,,,,,,no health reader for fr-sirene yet
fr-sirene,900062340,SARL DES DAMES BLANCHES,France,2026-09-20,unknown,,,,,,,,,,,,,no health reader for fr-sirene yet
fr-sirene,900092933,ESPRIT DES GAVES,France,2026-09-20,unknown,,,,,,,,,,,,,no health reader for fr-sirene yet
fr-sirene,900576992,BRUMENN,France,2026-09-20,unknown,,,,,,,,,,,,,no health reader for fr-sirene yet
fr-sirene,901614438,SAS TRIPLE DOUBLE,France,2026-09-20,unknown,,,,,,,,,,,,,no health reader for fr-sirene yet
fr-sirene,902571751,LA DISTILLERIE DU SAINT-ESPRIT,France,2026-09-20,unknown,,,,,,,,,,,,,no health reader for fr-sirene yet
fr-sirene,903072411,LA DISTILLERIE DES INITIATIVES,France,2026-09-20,unknown,,,,,,,,,,,,,no health reader for fr-sirene yet
fr-sirene,904676582,RESTENCOURT SPIRITS,France,2026-09-20,unknown,,,,,,,,,,,,,no health reader for fr-sirene yet
fr-sirene,904798055,L'EAU FOLLE,France,2026-09-20,unknown,,,,,,,,,,,,,no health reader for fr-sirene yet
fr-sirene,905420295,DISTILLERIE TESSENDIER ET FILS,France,2026-09-20,unknown,,,,,,,,,,,,,no health reader for fr-sirene yet
fr-sirene,905520490,TESSERON COGNAC,France,2026-09-20,unknown,,,,,,,,,,,,,no health reader for fr-sirene yet
fr-sirene,907220321,DISTILLERIE DE BOIS ROCHE,France,2026-09-20,unknown,,,,,,,,,,,,,no health reader for fr-sirene yet
fr-sirene,907220495,DISTILLERIE DE SAINT DENIS,France,2026-09-20,unknown,,,,,,,,,,,,,no health reader for fr-sirene yet
fr-sirene,907471783,BENOIT SERRES LIQUEURS & SPIRITUEUX,France,2026-09-20,unknown,,,,,,,,,,,,,no health reader for fr-sirene yet
fr-sirene,908347826,L'ALAMBIC PARISIEN,France,2026-09-20,unknown,,,,,,,,,,,,,no health reader for fr-sirene yet
fr-sirene,908428881,SARL LES RHODES BASSES,France,2026-09-20,unknown,,,,,,,,,,,,,no health reader for fr-sirene yet
fr-sirene,908565625,DISTILLERIE CHARBON,France,2026-09-20,unknown,,,,,,,,,,,,,no health reader for fr-sirene yet
fr-sirene,909072076,DISTILLERIE MAGNENET,France,2026-09-20,unknown,,,,,,,,,,,,,no health reader for fr-sirene yet
fr-sirene,909089740,LOIC LE GUHENNEC,France,2026-09-20,unknown,,,,,,,,,,,,,no health reader for fr-sirene yet
fr-sirene,909322596,DISENT-ELLES,France,2026-09-20,unknown,,,,,,,,,,,,,no health reader for fr-sirene yet
fr-sirene,909500563,LA DISTILLERIE DE L'ARBRE SEC,France,2026-09-20,unknown,,,,,,,,,,,,,no health reader for fr-sirene yet
fr-sirene,909639262,DISTILLERIE CRUSOL,France,2026-09-20,unknown,,,,,,,,,,,,,no health reader for fr-sirene yet
fr-sirene,910477678,DISTILLERIE DE CHAVANAY,France,2026-09-20,unknown,,,,,,,,,,,,,no health reader for fr-sirene yet
fr-sirene,911416691,MAT PELL ZO,France,2026-09-20,unknown,,,,,,,,,,,,,no health reader for fr-sirene yet
fr-sirene,913445037,DISTILLERIE DES HAUTES TERRES,France,2026-09-20,unknown,,,,,,,,,,,,,no health reader for fr-sirene yet
fr-sirene,914222724,LDSM,France,2026-09-20,unknown,,,,,,,,,,,,,no health reader for fr-sirene yet
fr-sirene,914546650,DISTILLERIE SAINTE BARBE,France,2026-09-20,unknown,,,,,,,,,,,,,no health reader for fr-sirene yet
fr-sirene,915111397,RG DOMAINE DE LETAYE,France,2026-09-20,unknown,,,,,,,,,,,,,no health reader for fr-sirene yet
fr-sirene,917689028,FLORIAN GODINEAU,France,2026-09-20,unknown,,,,,,,,,,,,,no health reader for fr-sirene yet
fr-sirene,918198979,MEZENK,France,2026-09-20,unknown,,,,,,,,,,,,,no health reader for fr-sirene yet
fr-sirene,919143289,DISTILLERIE APRILIS,France,2026-09-20,unknown,,,,,,,,,,,,,no health reader for fr-sirene yet
fr-sirene,919377341,DISTILLERIE LES FEUX DE SAINT JEAN,France,2026-09-20,unknown,,,,,,,,,,,,,no health reader for fr-sirene yet
fr-sirene,919438507,MARCEL PALMERS,France,2026-09-20,unknown,,,,,,,,,,,,,no health reader for fr-sirene yet
fr-sirene,919599241,DISTILLERIE ALARYK,France,2026-09-20,unknown,,,,,,,,,,,,,no health reader for fr-sirene yet
fr-sirene,920387099,DISTILLERIE DU MORBIHAN,France,2026-09-20,unknown,,,,,,,,,,,,,no health reader for fr-sirene yet
fr-sirene,921474235,DISTILLERIE DE PARGADE DOMAINE DU TOURNAU,France,2026-09-20,unknown,,,,,,,,,,,,,no health reader for fr-sirene yet
fr-sirene,922704887,RAFFMAN DISTILLERIE,France,2026-09-20,unknown,,,,,,,,,,,,,no health reader for fr-sirene yet
fr-sirene,924946981,DISTILLERIE DE LA COTE DES LEGENDES,France,2026-09-20,unknown,,,,,,,,,,,,,no health reader for fr-sirene yet
fr-sirene,925155970,FREDERIC RAGOY,France,2026-09-20,unknown,,,,,,,,,,,,,no health reader for fr-sirene yet
fr-sirene,927471821,MARK STAPLETON,France,2026-09-20,unknown,,,,,,,,,,,,,no health reader for fr-sirene yet
fr-sirene,928575547,DISTILLERIE LETORT,France,2026-09-20,unknown,,,,,,,,,,,,,no health reader for fr-sirene yet
fr-sirene,928686419,DISTILLERIE OCTAVIE MONT-BLANC,France,2026-09-20,unknown,,,,,,,,,,,,,no health reader for fr-sirene yet
fr-sirene,930482641,DISTILLERIE DE LA CHOUETTE CUIVREE,France,2026-09-20,unknown,,,,,,,,,,,,,no health reader for fr-sirene yet
fr-sirene,931136311,DISTILLERIE HELVIA,France,2026-09-20,unknown,,,,,,,,,,,,,no health reader for fr-sirene yet
fr-sirene,931246474,SENTEMA,France,2026-09-20,unknown,,,,,,,,,,,,,no health reader for fr-sirene yet
fr-sirene,931345615,DISTILLERIE CHALAMBIQUEE,France,2026-09-20,unknown,,,,,,,,,,,,,no health reader for fr-sirene yet
fr-sirene,931882054,DISTILLERIE KER MARSON,France,2026-09-20,unknown,,,,,,,,,,,,,no health reader for fr-sirene yet
fr-sirene,934006214,DISTILLERIE BELLADONE,France,2026-09-20,unknown,,,,,,,,,,,,,no health reader for fr-sirene yet
fr-sirene,939230918,"LA SAUVAGE, DISTILLERIE DE VEZELAY",France,2026-09-20,unknown,,,,,,,,,,,,,no health reader for fr-sirene yet
fr-sirene,940937758,MAMMENN,France,2026-09-20,unknown,,,,,,,,,,,,,no health reader for fr-sirene yet
fr-sirene,942255639,CLASSE DEFENSE HAUTE AZERGUES,France,2026-09-20,unknown,,,,,,,,,,,,,no health reader for fr-sirene yet
fr-sirene,943148718,DISTILLERIE DES ALPILLES,France,2026-09-20,unknown,,,,,,,,,,,,,no health reader for fr-sirene yet
fr-sirene,948040738,LEOSTILLERIE,France,2026-09-20,unknown,,,,,,,,,,,,,no health reader for fr-sirene yet
fr-sirene,949219380,DISTILLERIE PALANDRE,France,2026-09-20,unknown,,,,,,,,,,,,,no health reader for fr-sirene yet
fr-sirene,951087352,BRASSERIE ARTISANALE ET DISTILLERIE ASTUCIEUSE DE SCHLAG,France,2026-09-20,unknown,,,,,,,,,,,,,no health reader for fr-sirene yet
fr-sirene,951164599,BALBEC,France,2026-09-20,unknown,,,,,,,,,,,,,no health reader for fr-sirene yet
fr-sirene,951293877,DKF,France,2026-09-20,unknown,,,,,,,,,,,,,no health reader for fr-sirene yet
fr-sirene,951496934,LA FORESIENNE DE DISTILLATION,France,2026-09-20,unknown,,,,,,,,,,,,,no health reader for fr-sirene yet
fr-sirene,977854090,DAVID PAGNIER,France,2026-09-20,unknown,,,,,,,,,,,,,no health reader for fr-sirene yet
fr-sirene,978799757,LA DISTILLERIE ALBIGEOISE,France,2026-09-20,unknown,,,,,,,,,,,,,no health reader for fr-sirene yet
fr-sirene,979621281,TERRE FROIDE,France,2026-09-20,unknown,,,,,,,,,,,,,no health reader for fr-sirene yet
fr-sirene,979763364,COBS,France,2026-09-20,unknown,,,,,,,,,,,,,no health reader for fr-sirene yet
fr-sirene,982754897,DISTILLERIE MARALPA,France,2026-09-20,unknown,,,,,,,,,,,,,no health reader for fr-sirene yet
fr-sirene,984514430,BOURGEOIS MONNET,France,2026-09-20,unknown,,,,,,,,,,,,,no health reader for fr-sirene yet
fr-sirene,984881342,400 COUPS,France,2026-09-20,unknown,,,,,,,,,,,,,no health reader for fr-sirene yet
fr-sirene,985006063,DISTILLERIE HOEFFLER,France,2026-09-20,unknown,,,,,,,,,,,,,no health reader for fr-sirene yet
fr-sirene,991866484,MAISON SALETTINA,France,2026-09-20,unknown,,,,,,,,,,,,,no health reader for fr-sirene yet
fr-sirene,991948423,L'OFFICINE,France,2026-09-20,unknown,,,,,,,,,,,,,no health reader for fr-sirene yet
fr-sirene,993388495,ALTITUDE DISTILLERIE,France,2026-09-20,unknown,,,,,,,,,,,,,no health reader for fr-sirene yet
in-mca,L15421TZ1983PLC001358,BANNARI AMMAN SUGARS LIMITED,India,2026-09-20,unknown,,,,,,,,,,,,,no health reader for in-mca yet
in-mca,L26941UP1983PLC027278,RADICO KHAITAN LIMITED,India,2026-09-20,unknown,,,,,,,,,,,,,no health reader for in-mca yet
in-mca,L74899DL1989PLC034923,DCM SHRIRAM LIMITED,India,2026-09-20,unknown,,,,,,,,,,,,,no health reader for in-mca yet
in-mca,U15122MH2013PTC239296,FULLARTON DISTILLERIES PRIVATE LIMITED,India,2026-09-20,unknown,,,,,,,,,,,,,no health reader for in-mca yet
in-mca,U15122UP2011PLC044210,SIMBHAOLI SPIRITS LIMITED,India,2026-09-20,unknown,,,,,,,,,,,,,no health reader for in-mca yet
in-mca,U15400PN2013PLC148620,NEW PHALTAN SUGAR WORKS DISTILLERY DIVISION LIMITED,India,2026-09-20,unknown,,,,,,,,,,,,,no health reader for in-mca yet
in-mca,U15421KA1995PLC019340,NIRANI SUGARS LIMITED,India,2026-09-20,unknown,,,,,,,,,,,,,no health reader for in-mca yet
in-mca,U15421PN1985PLC037450,NEW PHALTAN SUGAR WORKS LTD,India,2026-09-20,unknown,,,,,,,,,,,,,no health reader for in-mca yet
in-mca,U15429MH2000PLC193208,RADICO NV DISTILLERIES MAHARASHTRA LIMITED,India,2026-09-20,unknown,,,,,,,,,,,,,no health reader for in-mca yet
in-mca,U15500GA2012PTC007006,ADINCO DISTILLERIES PRIVATE LIMITED,India,2026-09-20,unknown,,,,,,,,,,,,,no health reader for in-mca yet
in-mca,U15510KA1991PTC011544,SPR DISTILLERIES PRIVATE LIMITED,India,2026-09-20,unknown,,,,,,,,,,,,,no health reader for in-mca yet
in-mca,U15510MH1988PTC045769,GARDEN COURT DISTILLERIES PRIVATE LIMITED,India,2026-09-20,unknown,,,,,,,,,,,,,no health reader for in-mca yet
in-mca,U15511GA2002PTC003076,SHAIV DISTILLERIES PRIVATE LIMITED,India,2026-09-20,unknown,,,,,,,,,,,,,no health reader for in-mca yet
in-mca,U15511KA1986PLC007432,KBD SUGARS & DISTILLERIES LIMITED,India,2026-09-20,unknown,,,,,,,,,,,,,no health reader for in-mca yet
in-mca,U15511MH2008PTC187368,ALLIED BLENDERS AND DISTILLERS PRIVATE LIMITED,India,2026-09-20,unknown,,,,,,,,,,,,,no health reader for in-mca yet
in-mca,U15520DL2002PTC117974,ALCOBREW DISTILLERIES INDIA PRIVATE LIMITED,India,2026-09-20,unknown,,,,,,,,,,,,,no health reader for in-mca yet
in-mca,U15520PB1986PLC006814,CHANDIGARH DISTILLERS AND BOTTLERS LIMITED,India,2026-09-20,unknown,,,,,,,,,,,,,no health reader for in-mca yet
in-mca,U15549CH2013PTC034409,ROCK AND STORM LIQUORS PRIVATE LIMITED,India,2026-09-20,unknown,,,,,,,,,,,,,no health reader for in-mca yet
in-mca,U24119HR1985PTC022672,ASHOKA DISTILLERS AND CHEMICALS PVT LTD,India,2026-09-20,unknown,,,,,,,,,,,,,no health reader for in-mca yet
in-mca,U51101KA1972PLC002246,AMRUT DISTILLERIES LIMITED,India,2026-09-20,unknown,,,,,,,,,,,,,no health reader for in-mca yet
in-mca,U51228GA1996PTC003395,GEMINI DISTILLERIES (GOA) PRIVATE LIMITED,India,2026-09-20,unknown,,,,,,,,,,,,,no health reader for in-mca yet
in-mca,U51228KA1996PTC021158,JOHN DISTILLERIES PRIVATE LIMITED,India,2026-09-20,unknown,,,,,,,,,,,,,no health reader for in-mca yet
it-registro-imprese,00019510221,Distilleria Paolazzi Vittorio,Italy,2026-09-20,unknown,,,,,,,,,,,,,no health reader for it-registro-imprese yet
it-registro-imprese,00052220381,Distillerie Moccia Srl,Italy,2026-09-20,unknown,,,,,,,,,,,,,no health reader for it-registro-imprese yet
it-registro-imprese,00093050433,Distilleria Varnelli Spa,Italy,2026-09-20,unknown,,,,,,,,,,,,,no health reader for it-registro-imprese yet
it-registro-imprese,00110120227,Azienda Vitivinicola e Distilleria Pisoni,Italy,2026-09-20,unknown,,,,,,,,,,,,,no health reader for it-registro-imprese yet
it-registro-imprese,00119730828,Distilleria Bertolino S.p.A.,Italy,2026-09-20,unknown,,,,,,,,,,,,,no health reader for it-registro-imprese yet
it-registro-imprese,00121600035,Fratelli Francoli SpA,Italy,2026-09-20,unknown,,,,,,,,,,,,,no health reader for it-registro-imprese yet
it-registro-imprese,00155960362,Distillerie Bonollo S.p.A,Italy,2026-09-20,unknown,,,,,,,,,,,,,no health reader for it-registro-imprese yet
it-registro-imprese,00187650221,Distillerie Trentine SAS,Italy,2026-09-20,unknown,,,,,,,,,,,,,no health reader for it-registro-imprese yet
it-registro-imprese,00192240240,Distilleria Fratelli Brunello Srl,Italy,2026-09-20,unknown,,,,,,,,,,,,,no health reader for it-registro-imprese yet
it-registro-imprese,00197830011,Bernard & C. snc,Italy,2026-09-20,unknown,,,,,,,,,,,,,no health reader for it-registro-imprese yet
it-registro-imprese,00276600236,Distilleria Franceschini,Italy,2026-09-20,unknown,,,,,,,,,,,,,no health reader for it-registro-imprese yet
it-registro-imprese,00314480369,Distilleria Galdino Caselli s.r.l,Italy,2026-09-20,unknown,,,,,,,,,,,,,no health reader for it-registro-imprese yet
it-registro-imprese,00326400231,Distilleria Scaramellini Antonio snc,Italy,2026-09-20,unknown,,,,,,,,,,,,,no health reader for it-registro-imprese yet
it-registro-imprese,00433450269,BROTTO DISTILLERIE S.R.L,Italy,2026-09-20,unknown,,,,,,,,,,,,,no health reader for it-registro-imprese yet
it-registro-imprese,00454950395,Distillerie Mazzari S.p.A,Italy,2026-09-20,unknown,,,,,,,,,,,,,no health reader for it-registro-imprese yet
it-registro-imprese,00477250013,Distilleria Revel Chion Srl,Italy,2026-09-20,unknown,,,,,,,,,,,,,no health reader for it-registro-imprese yet
it-registro-imprese,00575680228,Distilleria Pilzer s.r.l,Italy,2026-09-20,unknown,,,,,,,,,,,,,no health reader for it-registro-imprese yet
it-registro-imprese,00649110145,Distillerie Schenatti & Della Morte 1923 s.r.l,Italy,2026-09-20,unknown,,,,,,,,,,,,,no health reader for it-registro-imprese yet
it-registro-imprese,00689370229,Distilleria Fedrizzi,Italy,2026-09-20,unknown,,,,,,,,,,,,,no health reader for it-registro-imprese yet
it-registro-imprese,00701720260,Andrea Da Ponte - Distillery,Italy,2026-09-20,unknown,,,,,,,,,,,,,no health reader for it-registro-imprese yet
it-registro-imprese,00720670157,Il titolare del trattamento è la società Fratelli Branca Distillerie S.p.A,Italy,2026-09-20,unknown,,,,,,,,,,,,,no health reader for it-registro-imprese yet
it-registro-imprese,00772280244,DISTILLERIA MONTE GRAPPA Srl,Italy,2026-09-20,unknown,,,,,,,,,,,,,no health reader for it-registro-imprese yet
it-registro-imprese,00859790222,Distilleria Rossi D'Anaunia,Italy,2026-09-20,unknown,,,,,,,,,,,,,no health reader for it-registro-imprese yet
it-registro-imprese,00983640145,INVITTI GRAPPA S.R.L,Italy,2026-09-20,unknown,,,,,,,,,,,,,no health reader for it-registro-imprese yet
it-registro-imprese,01180270215,Distilleria Walcher Srl,Italy,2026-09-20,unknown,,,,,,,,,,,,,no health reader for it-registro-imprese yet
it-registro-imprese,01249110071,SAINT BERNARD DISTILLERY SRL,Italy,2026-09-20,unknown,,,,,,,,,,,,,no health reader for it-registro-imprese yet
it-registro-imprese,01255970863,NYSURA DISTILLERY SRLS,Italy,2026-09-20,unknown,,,,,,,,,,,,,no health reader for it-registro-imprese yet
it-registro-imprese,01385340227,Paolazzi Distillerie SRL,Italy,2026-09-20,unknown,,,,,,,,,,,,,no health reader for it-registro-imprese yet
it-registro-imprese,01480430212,Brennerei St. Urban,Italy,2026-09-20,unknown,,,,,,,,,,,,,no health reader for it-registro-imprese yet
it-registro-imprese,01508530480,Distilleria Deta S.r.l,Italy,2026-09-20,unknown,,,,,,,,,,,,,no health reader for it-registro-imprese yet
it-registro-imprese,01512120229,Cavalin Distillerie,Italy,2026-09-20,unknown,,,,,,,,,,,,,no health reader for it-registro-imprese yet
it-registro-imprese,01595860212,Brennerei Jürgen Theiner,Italy,2026-09-20,unknown,,,,,,,,,,,,,no health reader for it-registro-imprese yet
it-registro-imprese,01620850923,Distillerie Mario Pacini Srl,Italy,2026-09-20,unknown,,,,,,,,,,,,,no health reader for it-registro-imprese yet
it-registro-imprese,01646210219,Bio Brennerei Steiner,Italy,2026-09-20,unknown,,,,,,,,,,,,,no health reader for it-registro-imprese yet
it-registro-imprese,01786991008,Pallini S.p.A,Italy,2026-09-20,unknown,,,,,,,,,,,,,no health reader for it-registro-imprese yet
it-registro-imprese,01787580339,ChezMoonshine S.S,Italy,2026-09-20,unknown,,,,,,,,,,,,,no health reader for it-registro-imprese yet
it-registro-imprese,01800140483,Distillerie Ruffini srl,Italy,2026-09-20,unknown,,,,,,,,,,,,,no health reader for it-registro-imprese yet
it-registro-imprese,01827890995,Distilleria Cristiani Luca srl,Italy,2026-09-20,unknown,,,,,,,,,,,,,no health reader for it-registro-imprese yet
it-registro-imprese,01905820047,Fratelli Marolo s.r.l,Italy,2026-09-20,unknown,,,,,,,,,,,,,no health reader for it-registro-imprese yet
it-registro-imprese,02002230247,Capovilla Distillati,Italy,2026-09-20,unknown,,,,,,,,,,,,,no health reader for it-registro-imprese yet
it-registro-imprese,02031770387,Distilleria Zeltico,Italy,2026-09-20,unknown,,,,,,,,,,,,,no health reader for it-registro-imprese yet
it-registro-imprese,02050050380,LUX Gin Bar & Distillery,Italy,2026-09-20,unknown,,,,,,,,,,,,,no health reader for it-registro-imprese yet
it-registro-imprese,02057960300,Distilleria Casato dei Capitani,Italy,2026-09-20,unknown,,,,,,,,,,,,,no health reader for it-registro-imprese yet
it-registro-imprese,02218290217,VILLA LAVIOSA SAS,Italy,2026-09-20,unknown,,,,,,,,,,,,,no health reader for it-registro-imprese yet
it-registro-imprese,02235310220,Distilleria Genziana Boroni,Italy,2026-09-20,unknown,,,,,,,,,,,,,no health reader for it-registro-imprese yet
it-registro-imprese,02461220804,Buiese Distillerie Srl,Italy,2026-09-20,unknown,,,,,,,,,,,,,no health reader for it-registro-imprese yet
it-registro-imprese,02465030696,D'Auria distillerie & energia S.p.A,Italy,2026-09-20,unknown,,,,,,,,,,,,,no health reader for it-registro-imprese yet
it-registro-imprese,02466760697,Kursaal Distillerie Geoessence Azienda Agricola,Italy,2026-09-20,unknown,,,,,,,,,,,,,no health reader for it-registro-imprese yet
it-registro-imprese,02468600644,Distilleria Antonellis,Italy,2026-09-20,unknown,,,,,,,,,,,,,no health reader for it-registro-imprese yet
it-registro-imprese,02656790223,Ginificio Microdistillery,Italy,2026-09-20,unknown,,,,,,,,,,,,,no health reader for it-registro-imprese yet
it-registro-imprese,02689380224,Borgo Vecchio Distilleria,Italy,2026-09-20,unknown,,,,,,,,,,,,,no health reader for it-registro-imprese yet
it-registro-imprese,02712450226,Distilleria Leonardelli SRL,Italy,2026-09-20,unknown,,,,,,,,,,,,,no health reader for it-registro-imprese yet
it-registro-imprese,02718990217,Distilleria (Bergila),Italy,2026-09-20,unknown,,,,,,,,,,,,,no health reader for it-registro-imprese yet
it-registro-imprese,02745870218,Privatbrennerei Wezl in Riffian,Italy,2026-09-20,unknown,,,,,,,,,,,,,no health reader for it-registro-imprese yet
it-registro-imprese,02833620301,DOMENIS1898 SRL,Italy,2026-09-20,unknown,,,,,,,,,,,,,no health reader for it-registro-imprese yet
it-registro-imprese,03212630218,GEBRÜDER SCHWARZ GMBH,Italy,2026-09-20,unknown,,,,,,,,,,,,,no health reader for it-registro-imprese yet
it-registro-imprese,03347140612,Antica Distilleria Petrone,Italy,2026-09-20,unknown,,,,,,,,,,,,,no health reader for it-registro-imprese yet
it-registro-imprese,03606810368,Art Distillery Studios,Italy,2026-09-20,unknown,,,,,,,,,,,,,no health reader for it-registro-imprese yet
it-registro-imprese,03923980795,GinHera - Mediterranea Distillery SRL,Italy,2026-09-20,unknown,,,,,,,,,,,,,no health reader for it-registro-imprese yet
it-registro-imprese,04069160929,Distilleria LOGA di Valeria Spiga,Italy,2026-09-20,unknown,,,,,,,,,,,,,no health reader for it-registro-imprese yet
it-registro-imprese,04126801200,Distillering s.r.l,Italy,2026-09-20,unknown,,,,,,,,,,,,,no health reader for it-registro-imprese yet
it-registro-imprese,04226430983,25ZERO14 Distillery,Italy,2026-09-20,unknown,,,,,,,,,,,,,no health reader for it-registro-imprese yet
it-registro-imprese,04454160989,Distillerie Peroni Maddalena,Italy,2026-09-20,unknown,,,,,,,,,,,,,no health reader for it-registro-imprese yet
it-registro-imprese,04821310234,Zona B Distilleria Artigianale,Italy,2026-09-20,unknown,,,,,,,,,,,,,no health reader for it-registro-imprese yet
it-registro-imprese,05147350754,Altamura Distilleries srl,Italy,2026-09-20,unknown,,,,,,,,,,,,,no health reader for it-registro-imprese yet
it-registro-imprese,05150690757,"Distilleria Greco Caroppo - Produzione, Degustazione e Vendita",Italy,2026-09-20,unknown,,,,,,,,,,,,,no health reader for it-registro-imprese yet
it-registro-imprese,05266180875,Distilleria Belfiore srl,Italy,2026-09-20,unknown,,,,,,,,,,,,,no health reader for it-registro-imprese yet
it-registro-imprese,05392730262,Distilleria Dissegna,Italy,2026-09-20,unknown,,,,,,,,,,,,,no health reader for it-registro-imprese yet
it-registro-imprese,07092420483,Selvapura Distillery,Italy,2026-09-20,unknown,,,,,,,,,,,,,no health reader for it-registro-imprese yet
it-registro-imprese,08501270725,Panegos & co. Srl,Italy,2026-09-20,unknown,,,,,,,,,,,,,no health reader for it-registro-imprese yet
it-registro-imprese,10100820967,Borgo Nonino Srl,Italy,2026-09-20,unknown,,,,,,,,,,,,,no health reader for it-registro-imprese yet
it-registro-imprese,17518071000,L'Ardente Microdistilleria Artigiana,Italy,2026-09-20,unknown,,,,,,,,,,,,,no health reader for it-registro-imprese yet
jp-houjin-bangou,1010901037502,光ディスティラリー株式会社,Japan,2026-09-20,unknown,,,,,,,,,,,,,no health reader for jp-houjin-bangou yet
jp-houjin-bangou,1011001130073,株式会社虎ノ門蒸留所,Japan,2026-09-20,unknown,,,,,,,,,,,,,no health reader for jp-houjin-bangou yet
jp-houjin-bangou,1050001004647,木内酒造株式会社,Japan,2026-09-20,unknown,,,,,,,,,,,,,no health reader for jp-houjin-bangou yet
jp-houjin-bangou,1120001133100,サントリー株式会社,Japan,2026-09-20,unknown,,,,,,,,,,,,,no health reader for jp-houjin-bangou yet
jp-houjin-bangou,1180302017731,奥三河蒸留研究所有限会社,Japan,2026-09-20,unknown,,,,,,,,,,,,,no health reader for jp-houjin-bangou yet
jp-houjin-bangou,1310001017597,株式会社五島つばき蒸溜所,Japan,2026-09-20,unknown,,,,,,,,,,,,,no health reader for jp-houjin-bangou yet
jp-houjin-bangou,1330001016226,深野酒造株式会社,Japan,2026-09-20,unknown,,,,,,,,,,,,,no health reader for jp-houjin-bangou yet
jp-houjin-bangou,1360003015933,合同会社石垣酒店,Japan,2026-09-20,unknown,,,,,,,,,,,,,no health reader for jp-houjin-bangou yet
jp-houjin-bangou,2010401021550,ニッカウヰスキー株式会社,Japan,2026-09-20,unknown,,,,,,,,,,,,,no health reader for jp-houjin-bangou yet
jp-houjin-bangou,2030001091463,株式会社ベンチャーウイスキー,Japan,2026-09-20,unknown,,,,,,,,,,,,,no health reader for jp-houjin-bangou yet
jp-houjin-bangou,2080001018230,ガイアフロー株式会社,Japan,2026-09-20,unknown,,,,,,,,,,,,,no health reader for jp-houjin-bangou yet
jp-houjin-bangou,2130001054294,株式会社京都蒸溜所,Japan,2026-09-20,unknown,,,,,,,,,,,,,no health reader for jp-houjin-bangou yet
jp-houjin-bangou,2180301039643,相生ユニビオ株式会社,Japan,2026-09-20,unknown,,,,,,,,,,,,,no health reader for jp-houjin-bangou yet
jp-houjin-bangou,2240001026613,株式会社三宅本店,Japan,2026-09-20,unknown,,,,,,,,,,,,,no health reader for jp-houjin-bangou yet
jp-houjin-bangou,2340001000062,小正醸造株式会社,Japan,2026-09-20,unknown,,,,,,,,,,,,,no health reader for jp-houjin-bangou yet
jp-houjin-bangou,2340001012537,株式会社杜氏の里笠沙,Japan,2026-09-20,unknown,,,,,,,,,,,,,no health reader for jp-houjin-bangou yet
jp-houjin-bangou,2340001015192,大隅酒造株式会社,Japan,2026-09-20,unknown,,,,,,,,,,,,,no health reader for jp-houjin-bangou yet
jp-houjin-bangou,2340002026627,有限会社森伊蔵酒造,Japan,2026-09-20,unknown,,,,,,,,,,,,,no health reader for jp-houjin-bangou yet
jp-houjin-bangou,2350001005705,株式会社黒木本店,Japan,2026-09-20,unknown,,,,,,,,,,,,,no health reader for jp-houjin-bangou yet
jp-houjin-bangou,3010601060901,株式会社深川蒸留所,Japan,2026-09-20,unknown,,,,,,,,,,,,,no health reader for jp-houjin-bangou yet
jp-houjin-bangou,3080001023493,十山株式会社,Japan,2026-09-20,unknown,,,,,,,,,,,,,no health reader for jp-houjin-bangou yet
jp-houjin-bangou,3120001136159,サントリーホールディングス株式会社,Japan,2026-09-20,unknown,,,,,,,,,,,,,no health reader for jp-houjin-bangou yet
jp-houjin-bangou,3130001065118,京都酒造株式会社,Japan,2026-09-20,unknown,,,,,,,,,,,,,no health reader for jp-houjin-bangou yet
jp-houjin-bangou,3310001011128,株式会社五島列島酒造,Japan,2026-09-20,unknown,,,,,,,,,,,,,no health reader for jp-houjin-bangou yet
jp-houjin-bangou,3340001001910,さつま無双株式会社,Japan,2026-09-20,unknown,,,,,,,,,,,,,no health reader for jp-houjin-bangou yet
jp-houjin-bangou,3350001012675,霧島酒造株式会社,Japan,2026-09-20,unknown,,,,,,,,,,,,,no health reader for jp-houjin-bangou yet
jp-houjin-bangou,3360003000537,咲元酒造株式会社,Japan,2026-09-20,unknown,,,,,,,,,,,,,no health reader for jp-houjin-bangou yet
jp-houjin-bangou,3420003002188,株式会社BEHIND THE CASK,Japan,2026-09-20,unknown,,,,,,,,,,,,,no health reader for jp-houjin-bangou yet
jp-houjin-bangou,3430002057125,有限会社二世古酒造,Japan,2026-09-20,unknown,,,,,,,,,,,,,no health reader for jp-houjin-bangou yet
jp-houjin-bangou,4010001211946,丹丘蒸留所株式会社,Japan,2026-09-20,unknown,,,,,,,,,,,,,no health reader for jp-houjin-bangou yet
jp-houjin-bangou,4010401158845,SASAKAWA WHISKY株式会社,Japan,2026-09-20,unknown,,,,,,,,,,,,,no health reader for jp-houjin-bangou yet
jp-houjin-bangou,4011001132364,エシカル・スピリッツ株式会社,Japan,2026-09-20,unknown,,,,,,,,,,,,,no health reader for jp-houjin-bangou yet
jp-houjin-bangou,4020001102541,横浜ベイブルーイング株式会社,Japan,2026-09-20,unknown,,,,,,,,,,,,,no health reader for jp-houjin-bangou yet
jp-houjin-bangou,4130001014981,宝ホールディングス株式会社,Japan,2026-09-20,unknown,,,,,,,,,,,,,no health reader for jp-houjin-bangou yet
jp-houjin-bangou,4340001009011,濵田酒造株式会社,Japan,2026-09-20,unknown,,,,,,,,,,,,,no health reader for jp-houjin-bangou yet
jp-houjin-bangou,4340001010737,町田酒造株式会社,Japan,2026-09-20,unknown,,,,,,,,,,,,,no health reader for jp-houjin-bangou yet
jp-houjin-bangou,4340003001040,杉本酒造株式会社,Japan,2026-09-20,unknown,,,,,,,,,,,,,no health reader for jp-houjin-bangou yet
jp-houjin-bangou,4360001001172,瑞泉酒造株式会社,Japan,2026-09-20,unknown,,,,,,,,,,,,,no health reader for jp-houjin-bangou yet
jp-houjin-bangou,4360002017481,有限会社比嘉酒造,Japan,2026-09-20,unknown,,,,,,,,,,,,,no health reader for jp-houjin-bangou yet
jp-houjin-bangou,4380001033338,株式会社Kokage,Japan,2026-09-20,unknown,,,,,,,,,,,,,no health reader for jp-houjin-bangou yet
jp-houjin-bangou,4430001092857,株式会社Whisky Student,Japan,2026-09-20,unknown,,,,,,,,,,,,,no health reader for jp-houjin-bangou yet
jp-houjin-bangou,5010001195635,軽井沢蒸留酒製造株式会社,Japan,2026-09-20,unknown,,,,,,,,,,,,,no health reader for jp-houjin-bangou yet
jp-houjin-bangou,5020001117349,きよかわ株式会社,Japan,2026-09-20,unknown,,,,,,,,,,,,,no health reader for jp-houjin-bangou yet
jp-houjin-bangou,5040001098232,mitosaya株式会社,Japan,2026-09-20,unknown,,,,,,,,,,,,,no health reader for jp-houjin-bangou yet
jp-houjin-bangou,5130001024146,宝酒造株式会社,Japan,2026-09-20,unknown,,,,,,,,,,,,,no health reader for jp-houjin-bangou yet
jp-houjin-bangou,5140001034581,江井ケ嶋酒造株式会社,Japan,2026-09-20,unknown,,,,,,,,,,,,,no health reader for jp-houjin-bangou yet
jp-houjin-bangou,5220001022974,株式会社Alembic,Japan,2026-09-20,unknown,,,,,,,,,,,,,no health reader for jp-houjin-bangou yet
jp-houjin-bangou,5340001010471,奄美大島酒造株式会社,Japan,2026-09-20,unknown,,,,,,,,,,,,,no health reader for jp-houjin-bangou yet
jp-houjin-bangou,5350001005553,株式会社尾鈴山蒸留所,Japan,2026-09-20,unknown,,,,,,,,,,,,,no health reader for jp-houjin-bangou yet
jp-houjin-bangou,5380003003676,合同会社ねっか,Japan,2026-09-20,unknown,,,,,,,,,,,,,no health reader for jp-houjin-bangou yet
jp-houjin-bangou,5390001006168,株式会社金龍,Japan,2026-09-20,unknown,,,,,,,,,,,,,no health reader for jp-houjin-bangou yet
jp-houjin-bangou,5430001075258,紅櫻蒸溜所株式会社,Japan,2026-09-20,unknown,,,,,,,,,,,,,no health reader for jp-houjin-bangou yet
jp-houjin-bangou,6010501014285,吉田電材工業株式会社,Japan,2026-09-20,unknown,,,,,,,,,,,,,no health reader for jp-houjin-bangou yet
jp-houjin-bangou,6010601036386,アサヒグループホールディングス株式会社,Japan,2026-09-20,unknown,,,,,,,,,,,,,no health reader for jp-houjin-bangou yet
jp-houjin-bangou,6040001113262,TL Enterprises株式会社,Japan,2026-09-20,unknown,,,,,,,,,,,,,no health reader for jp-houjin-bangou yet
jp-houjin-bangou,6080001019910,ガイアフローディスティリング株式会社,Japan,2026-09-20,unknown,,,,,,,,,,,,,no health reader for jp-houjin-bangou yet
jp-houjin-bangou,6110003003883,株式会社新潟小規模蒸溜所,Japan,2026-09-20,unknown,,,,,,,,,,,,,no health reader for jp-houjin-bangou yet
jp-houjin-bangou,6120001117949,サングレイン株式会社,Japan,2026-09-20,unknown,,,,,,,,,,,,,no health reader for jp-houjin-bangou yet
jp-houjin-bangou,6310001010093,天の川酒造株式会社,Japan,2026-09-20,unknown,,,,,,,,,,,,,no health reader for jp-houjin-bangou yet
jp-houjin-bangou,6310001010283,壱岐の蔵酒造株式会社,Japan,2026-09-20,unknown,,,,,,,,,,,,,no health reader for jp-houjin-bangou yet
jp-houjin-bangou,6340001003887,本坊酒造株式会社,Japan,2026-09-20,unknown,,,,,,,,,,,,,no health reader for jp-houjin-bangou yet
jp-houjin-bangou,6340001012590,薩摩酒造株式会社,Japan,2026-09-20,unknown,,,,,,,,,,,,,no health reader for jp-houjin-bangou yet
jp-houjin-bangou,7010803003530,合同会社Blue Rabbit Distillery,Japan,2026-09-20,unknown,,,,,,,,,,,,,no health reader for jp-houjin-bangou yet
jp-houjin-bangou,7013201012145,株式会社HUGE,Japan,2026-09-20,unknown,,,,,,,,,,,,,no health reader for jp-houjin-bangou yet
jp-houjin-bangou,7030001032867,株式会社東亜酒造,Japan,2026-09-20,unknown,,,,,,,,,,,,,no health reader for jp-houjin-bangou yet
jp-houjin-bangou,7160001006882,長浜浪漫ビール株式会社,Japan,2026-09-20,unknown,,,,,,,,,,,,,no health reader for jp-houjin-bangou yet
jp-houjin-bangou,7230001008450,若鶴酒造株式会社,Japan,2026-09-20,unknown,,,,,,,,,,,,,no health reader for jp-houjin-bangou yet
jp-houjin-bangou,7330001016039,高橋酒造株式会社,Japan,2026-09-20,unknown,,,,,,,,,,,,,no health reader for jp-houjin-bangou yet
jp-houjin-bangou,7340001005536,西酒造株式会社,Japan,2026-09-20,unknown,,,,,,,,,,,,,no health reader for jp-houjin-bangou yet
jp-houjin-bangou,7340001007953,白金酒造株式会社,Japan,2026-09-20,unknown,,,,,,,,,,,,,no health reader for jp-houjin-bangou yet
jp-houjin-bangou,7340002024584,有限会社佐多宗二商店,Japan,2026-09-20,unknown,,,,,,,,,,,,,no health reader for jp-houjin-bangou yet
jp-houjin-bangou,7360003005094,株式会社どなん酒造,Japan,2026-09-20,unknown,,,,,,,,,,,,,no health reader for jp-houjin-bangou yet
jp-houjin-bangou,7390001006769,楯の川酒造株式会社,Japan,2026-09-20,unknown,,,,,,,,,,,,,no health reader for jp-houjin-bangou yet
jp-houjin-bangou,7430001078374,株式会社ニセコ蒸溜所,Japan,2026-09-20,unknown,,,,,,,,,,,,,no health reader for jp-houjin-bangou yet
jp-houjin-bangou,8110001026471,八海醸造株式会社,Japan,2026-09-20,unknown,,,,,,,,,,,,,no health reader for jp-houjin-bangou yet
jp-houjin-bangou,8270001005088,中井酒造株式会社,Japan,2026-09-20,unknown,,,,,,,,,,,,,no health reader for jp-houjin-bangou yet
jp-houjin-bangou,8310001005001,霧氷酒造株式会社,Japan,2026-09-20,unknown,,,,,,,,,,,,,no health reader for jp-houjin-bangou yet
jp-houjin-bangou,8340001010691,西平酒造株式会社,Japan,2026-09-20,unknown,,,,,,,,,,,,,no health reader for jp-houjin-bangou yet
jp-houjin-bangou,8360003004673,やんばる酒造株式会社,Japan,2026-09-20,unknown,,,,,,,,,,,,,no health reader for jp-houjin-bangou yet
jp-houjin-bangou,8390001016635,出羽蒸留所株式会社,Japan,2026-09-20,unknown,,,,,,,,,,,,,no health reader for jp-houjin-bangou yet
jp-houjin-bangou,8400001007847,株式会社南部美人,Japan,2026-09-20,unknown,,,,,,,,,,,,,no health reader for jp-houjin-bangou yet
jp-houjin-bangou,9021001070724,株式会社伊勢屋酒造,Japan,2026-09-20,unknown,,,,,,,,,,,,,no health reader for jp-houjin-bangou yet
jp-houjin-bangou,9080101021243,株式会社FLAVOUR,Japan,2026-09-20,unknown,,,,,,,,,,,,,no health reader for jp-houjin-bangou yet
jp-houjin-bangou,9100002004006,有限会社野澤酒店,Japan,2026-09-20,unknown,,,,,,,,,,,,,no health reader for jp-houjin-bangou yet
jp-houjin-bangou,9110001018864,株式会社越後薬草,Japan,2026-09-20,unknown,,,,,,,,,,,,,no health reader for jp-houjin-bangou yet
jp-houjin-bangou,9250001017704,株式会社Neo Blue Distillery,Japan,2026-09-20,unknown,,,,,,,,,,,,,no health reader for jp-houjin-bangou yet
jp-houjin-bangou,9320001007648,三和酒類株式会社,Japan,2026-09-20,unknown,,,,,,,,,,,,,no health reader for jp-houjin-bangou yet
jp-houjin-bangou,9330001019287,株式会社山鹿蒸溜所,Japan,2026-09-20,unknown,,,,,,,,,,,,,no health reader for jp-houjin-bangou yet
jp-houjin-bangou,9340001009106,小牧醸造株式会社,Japan,2026-09-20,unknown,,,,,,,,,,,,,no health reader for jp-houjin-bangou yet
jp-houjin-bangou,9340001009881,三岳酒造株式会社,Japan,2026-09-20,unknown,,,,,,,,,,,,,no health reader for jp-houjin-bangou yet
jp-houjin-bangou,9340001023759,小正嘉之助蒸溜所株式会社,Japan,2026-09-20,unknown,,,,,,,,,,,,,no health reader for jp-houjin-bangou yet
jp-houjin-bangou,9350001008817,株式会社都城酒造,Japan,2026-09-20,unknown,,,,,,,,,,,,,no health reader for jp-houjin-bangou yet
jp-houjin-bangou,9360001012140,ヘリオス酒造株式会社,Japan,2026-09-20,unknown,,,,,,,,,,,,,no health reader for jp-houjin-bangou yet
nz-companies,7875736,AURORA DISTILLERY LIMITED,New Zealand,2026-09-20,unknown,,,,,,,,,,,,,no health reader for nz-companies yet
nz-companies,8960748,RUAPEHU DISTILLERY LIMITED,New Zealand,2026-09-20,unknown,,,,,,,,,,,,,no health reader for nz-companies yet
on-obr,1490290,1490290 Ontario Inc.,Canada,2026-09-20,unknown,,,,,,,,,,,,,no health reader for on-obr yet
on-obr,1498855,1498855 Ontario Inc.,Canada,2026-09-20,unknown,,,,,,,,,,,,,no health reader for on-obr yet
on-obr,2234685,2234685 Ontario Inc.,Canada,2026-09-20,unknown,,,,,,,,,,,,,no health reader for on-obr yet
on-obr,2371589,2371589 Ontario Inc.,Canada,2026-09-20,unknown,,,,,,,,,,,,,no health reader for on-obr yet
opencorporates:be,0400951577,Hougardia,Belgium,2026-09-20,unknown,,,,,,,,,,,,,no health reader for opencorporates:be yet
opencorporates:be,0401021457,Filliers,Belgium,2026-09-20,unknown,,,,,,,,,,,,,no health reader for opencorporates:be yet
opencorporates:be,0401286525,Notermans,Belgium,2026-09-20,unknown,,,,,,,,,,,,,no health reader for opencorporates:be yet
opencorporates:be,0401299094,Fryns,Belgium,2026-09-20,unknown,,,,,,,,,,,,,no health reader for opencorporates:be yet
opencorporates:be,0401320474,De Korhaan,Belgium,2026-09-20,unknown,,,,,,,,,,,,,no health reader for opencorporates:be yet
opencorporates:be,0401630775,Biercée Distillery,Belgium,2026-09-20,unknown,,,,,,,,,,,,,no health reader for opencorporates:be yet
opencorporates:be,0401635131,Grandes Distilleries de Charleroi,Belgium,2026-09-20,unknown,,,,,,,,,,,,,no health reader for opencorporates:be yet
opencorporates:be,0403790610,Simkens,Belgium,2026-09-20,unknown,,,,,,,,,,,,,no health reader for opencorporates:be yet
opencorporates:be,0404844049,Neefs,Belgium,2026-09-20,unknown,,,,,,,,,,,,,no health reader for opencorporates:be yet
opencorporates:be,0405071307,Van Goethem,Belgium,2026-09-20,unknown,,,,,,,,,,,,,no health reader for opencorporates:be yet
opencorporates:be,0405086846,Likeurstokerij 't Zwaantje,Belgium,2026-09-20,unknown,,,,,,,,,,,,,no health reader for opencorporates:be yet
opencorporates:be,0414893447,De L'Auvre,Belgium,2026-09-20,unknown,,,,,,,,,,,,,no health reader for opencorporates:be yet
opencorporates:be,0415054882,Cosemans,Belgium,2026-09-20,unknown,,,,,,,,,,,,,no health reader for opencorporates:be yet
opencorporates:be,0418306758,Rubbens,Belgium,2026-09-20,unknown,,,,,,,,,,,,,no health reader for opencorporates:be yet
opencorporates:be,0418977147,"De Bruyn, J.",Belgium,2026-09-20,unknown,,,,,,,,,,,,,no health reader for opencorporates:be yet
opencorporates:be,0428760190,Distillery De Beukelaer,Belgium,2026-09-20,unknown,,,,,,,,,,,,,no health reader for opencorporates:be yet
opencorporates:be,0434680160,Konings,Belgium,2026-09-20,unknown,,,,,,,,,,,,,no health reader for opencorporates:be yet
opencorporates:be,0434965222,Bruggeman,Belgium,2026-09-20,unknown,,,,,,,,,,,,,no health reader for opencorporates:be yet
opencorporates:be,0435685002,Distillery De Stoop,Belgium,2026-09-20,unknown,,,,,,,,,,,,,no health reader for opencorporates:be yet
opencorporates:be,0442041569,De Moor,Belgium,2026-09-20,unknown,,,,,,,,,,,,,no health reader for opencorporates:be yet
opencorporates:be,0452468772,Massy,Belgium,2026-09-20,unknown,,,,,,,,,,,,,no health reader for opencorporates:be yet
opencorporates:be,0454083625,Braeckman,Belgium,2026-09-20,unknown,,,,,,,,,,,,,no health reader for opencorporates:be yet
opencorporates:be,0472170660,Distillerie Radermacher,Belgium,2026-09-20,unknown,,,,,,,,,,,,,no health reader for opencorporates:be yet
opencorporates:be,0558867280,Cockney's Distillery,Belgium,2026-09-20,unknown,,,,,,,,,,,,,no health reader for opencorporates:be yet
opencorporates:be,0574521496,Van Leemput,Belgium,2026-09-20,unknown,,,,,,,,,,,,,no health reader for opencorporates:be yet
opencorporates:be,0675457817,Vanderlinden,Belgium,2026-09-20,unknown,,,,,,,,,,,,,no health reader for opencorporates:be yet
opencorporates:be,0832597025,Verhofstede,Belgium,2026-09-20,unknown,,,,,,,,,,,,,no health reader for opencorporates:be yet
opencorporates:be,0867330745,Belgian Owl Distillery,Belgium,2026-09-20,unknown,,,,,,,,,,,,,no health reader for opencorporates:be yet
opencorporates:be,0873089575,De Cort,Belgium,2026-09-20,unknown,,,,,,,,,,,,,no health reader for opencorporates:be yet
opencorporates:be,0890455842,Brouwerij Wilderen,Belgium,2026-09-20,unknown,,,,,,,,,,,,,no health reader for opencorporates:be yet
opencorporates:dk,30900529,Stauning Whisky,Denmark,2026-09-20,unknown,,,,,,,,,,,,,no health reader for opencorporates:dk yet
opencorporates:fi,0170318-9,Olvi,Finland,2026-09-20,unknown,,,,,,,,,,,,,no health reader for opencorporates:fi yet
opencorporates:fr,436150049,Distillerie Warenghem,France,2026-09-20,unknown,,,,,,,,,,,,,no health reader for opencorporates:fr yet
opencorporates:fr,775670417,LVMH,France,2026-09-20,unknown,,,,,,,,,,,,,no health reader for opencorporates:fr yet
opencorporates:jp,2010001015762,Kenten,Japan,2026-09-20,unknown,,,,,,,,,,,,,no health reader for opencorporates:jp yet
opencorporates:jp,2010401021550,Nikka Whisky Distilling,Japan,2026-09-20,unknown,,,,,,,,,,,,,no health reader for opencorporates:jp yet
opencorporates:jp,4380001005337,Sasanokawa Shuzo,Japan,2026-09-20,unknown,,,,,,,,,,,,,no health reader for opencorporates:jp yet
opencorporates:jp,6260003000981,Tagohinke Brewery Products,Japan,2026-09-20,unknown,,,,,,,,,,,,,no health reader for opencorporates:jp yet
opencorporates:jp,6340001003887,Hombo Shuzo,Japan,2026-09-20,unknown,,,,,,,,,,,,,no health reader for opencorporates:jp yet
opencorporates:no,911284669,Berentsens Brygghus,Norway,2026-09-20,unknown,,,,,,,,,,,,,no health reader for opencorporates:no yet
opencorporates:no,913072308,Myken destilleri,Norway,2026-09-20,unknown,,,,,,,,,,,,,no health reader for opencorporates:no yet
opencorporates:nz,7617296,Humdinger Gin Distillery,New Zealand,2026-09-20,unknown,,,,,,,,,,,,,no health reader for opencorporates:nz yet
qc-req,1168714294,CIDRERIE ET DISTILLERIE C.E.PETCH,Canada,2026-09-20,unknown,,,,,,,,,,,,,no health reader for qc-req yet
qc-req,1170420062,DISTILLERIE CÔTE DES SAINTS INC.,Canada,2026-09-20,unknown,,,,,,,,,,,,,no health reader for qc-req yet
qc-req,1170874664,DISTILLERIE TÉMISCOUATA,Canada,2026-09-20,unknown,,,,,,,,,,,,,no health reader for qc-req yet
qc-req,1171157788,DISTILLERIE DE QUÉBEC,Canada,2026-09-20,unknown,,,,,,,,,,,,,no health reader for qc-req yet
qc-req,1171601264,O'DWYER MICRO-DISTILLERIE GASPÉSIENNE,Canada,2026-09-20,unknown,,,,,,,,,,,,,no health reader for qc-req yet
qc-req,1171625693,VICE & VERTU DISTILLERIES,Canada,2026-09-20,unknown,,,,,,,,,,,,,no health reader for qc-req yet
qc-req,1172001142,LA MIELLERIE KING,Canada,2026-09-20,unknown,,,,,,,,,,,,,no health reader for qc-req yet
qc-req,1172568967,DISTILLERIE 3 LACS,Canada,2026-09-20,unknown,,,,,,,,,,,,,no health reader for qc-req yet
qc-req,1172619547,BLUEPEARL DISTILLERIE,Canada,2026-09-20,unknown,,,,,,,,,,,,,no health reader for qc-req yet
qc-req,1172676117,DOMAINE NOKOMIS,Canada,2026-09-20,unknown,,,,,,,,,,,,,no health reader for qc-req yet
qc-req,1172749286,DISTILLERIE WABASSO INC.,Canada,2026-09-20,unknown,,,,,,,,,,,,,no health reader for qc-req yet
qc-req,1172785363,DISTILLERIE LORE & LEGENDS,Canada,2026-09-20,unknown,,,,,,,,,,,,,no health reader for qc-req yet
qc-req,1172912397,MENAUD DISTILLERIE ET BRASSERIE,Canada,2026-09-20,unknown,,,,,,,,,,,,,no health reader for qc-req yet
qc-req,1172964174,DISTILLERIE LA MANUFACTURE,Canada,2026-09-20,unknown,,,,,,,,,,,,,no health reader for qc-req yet
qc-req,1173137721,AUREL ET COMPAGNIE DISTILLERIE NORDIQUE,Canada,2026-09-20,unknown,,,,,,,,,,,,,no health reader for qc-req yet
qc-req,1173218844,DISTILLERIE GRAND DÉRANGEMENT,Canada,2026-09-20,unknown,,,,,,,,,,,,,no health reader for qc-req yet
qc-req,1173749020,DISTILLERIE DES APPALACHES,Canada,2026-09-20,unknown,,,,,,,,,,,,,no health reader for qc-req yet
qc-req,1173750622,PUYJALON DISTILLERIE,Canada,2026-09-20,unknown,,,,,,,,,,,,,no health reader for qc-req yet
qc-req,1174136250,DISTILLERIE VENT DU NORD,Canada,2026-09-20,unknown,,,,,,,,,,,,,no health reader for qc-req yet
qc-req,1174242710,DISTILLERIE STADACONÉ,Canada,2026-09-20,unknown,,,,,,,,,,,,,no health reader for qc-req yet
qc-req,1174414038,DISTILLERIE DES MARIGOTS,Canada,2026-09-20,unknown,,,,,,,,,,,,,no health reader for qc-req yet
qc-req,1174772328,DISTILLERIE MARIANA INC.,Canada,2026-09-20,unknown,,,,,,,,,,,,,no health reader for qc-req yet
qc-req,1174918897,APIKOL,Canada,2026-09-20,unknown,,,,,,,,,,,,,no health reader for qc-req yet
qc-req,1175017160,LA DISTILLERIE QUÉBEC NORTH SHORE DISTILLERY,Canada,2026-09-20,unknown,,,,,,,,,,,,,no health reader for qc-req yet
qc-req,1175051532,DISTILLERIE CAP-CHAT,Canada,2026-09-20,unknown,,,,,,,,,,,,,no health reader for qc-req yet
qc-req,1175849158,DISTILLERIE CHERRY RIVER,Canada,2026-09-20,unknown,,,,,,,,,,,,,no health reader for qc-req yet
qc-req,1176088806,VERGER BARRY,Canada,2026-09-20,unknown,,,,,,,,,,,,,no health reader for qc-req yet
qc-req,1177750842,DISTILLERIE CAP-AUX-PÉCHÉS,Canada,2026-09-20,unknown,,,,,,,,,,,,,no health reader for qc-req yet
qc-req,1178135084,DISTILLERIE L'INCANTATRICE,Canada,2026-09-20,unknown,,,,,,,,,,,,,no health reader for qc-req yet
qc-req,1180414725,DISTILLERIE SHEFFORD,Canada,2026-09-20,unknown,,,,,,,,,,,,,no health reader for qc-req yet
qc-req,1181672883,LES DISTILLERIES SAZERAC DU CANADA INC.,Canada,2026-09-20,unknown,,,,,,,,,,,,,no health reader for qc-req yet
ttb-basic-permit,AK-S-20003,PORT CHILKOOT DISTILLERY LLC,United States,2026-09-20,live,,,,,,,,,,,,https://www.ttb.gov/public-information/foia/list-of-permittees,"on the weekly TTB permittee list; a permit is permission, not a working still"
ttb-basic-permit,AK-S-20006,ANCHORAGE DISTILLERY LLC,United States,2026-09-20,live,,,,,,,,,,,,https://www.ttb.gov/public-information/foia/list-of-permittees,"on the weekly TTB permittee list; a permit is permission, not a working still"
ttb-basic-permit,AK-S-20008,SKAGWAY SPIRITS LLC,United States,2026-09-20,live,,,,,,,,,,,,https://www.ttb.gov/public-information/foia/list-of-permittees,"on the weekly TTB permittee list; a permit is permission, not a working still"
ttb-basic-permit,AL-S-20001,"HIGH RIDGE SPIRITS, LLC.",United States,2026-09-20,live,,,,,,,,,,,,https://www.ttb.gov/public-information/foia/list-of-permittees,"on the weekly TTB permittee list; a permit is permission, not a working still"
ttb-basic-permit,AL-S-20003,JOHN EMERALD DISTILLING COMPANY LLC,United States,2026-09-20,live,,,,,,,,,,,,https://www.ttb.gov/public-information/foia/list-of-permittees,"on the weekly TTB permittee list; a permit is permission, not a working still"
ttb-basic-permit,AL-S-20008,"REDMONT DISTILLING COMPANY, LLC",United States,2026-09-20,live,,,,,,,,,,,,https://www.ttb.gov/public-information/foia/list-of-permittees,"on the weekly TTB permittee list; a permit is permission, not a working still"
ttb-basic-permit,AL-S-20019,"DAWSON DISTILLERY, LLC",United States,2026-09-20,live,,,,,,,,,,,,https://www.ttb.gov/public-information/foia/list-of-permittees,"on the weekly TTB permittee list; a permit is permission, not a working still"
ttb-basic-permit,AL-S-20022,"BLACK PATCH DISTILLING COMPANY, LLC",United States,2026-09-20,live,,,,,,,,,,,,https://www.ttb.gov/public-information/foia/list-of-permittees,"on the weekly TTB permittee list; a permit is permission, not a working still"
ttb-basic-permit,AL-S-20029,"DREAD RIVER DISTILLING COMPANY, LLC",United States,2026-09-20,live,,,,,,,,,,,,https://www.ttb.gov/public-information/foia/list-of-permittees,"on the weekly TTB permittee list; a permit is permission, not a working still"
ttb-basic-permit,AL-S-20030,MURDER CREEK DISTILLERY LLC,United States,2026-09-20,live,,,,,,,,,,,,https://www.ttb.gov/public-information/foia/list-of-permittees,"on the weekly TTB permittee list; a permit is permission, not a working still"
ttb-basic-permit,AL-S-20046,"SWEET HOME SPIRITS, INC.",United States,2026-09-20,live,,,,,,,,,,,,https://www.ttb.gov/public-information/foia/list-of-permittees,"on the weekly TTB permittee list; a permit is permission, not a working still"
ttb-basic-permit,AL-S-20049,"HOOCHIE HOOCH DISTILLERY, GP",United States,2026-09-20,live,,,,,,,,,,,,https://www.ttb.gov/public-information/foia/list-of-permittees,"on the weekly TTB permittee list; a permit is permission, not a working still"
ttb-basic-permit,AL-S-20052,"CONECUH RIDGE DISTILLERY, LLC",United States,2026-09-20,live,,,,,,,,,,,,https://www.ttb.gov/public-information/foia/list-of-permittees,"on the weekly TTB permittee list; a permit is permission, not a working still"
ttb-basic-permit,AL-S-20057,FINK'S MILLING & DISTILLING LLC,United States,2026-09-20,live,,,,,,,,,,,,https://www.ttb.gov/public-information/foia/list-of-permittees,"on the weekly TTB permittee list; a permit is permission, not a working still"
ttb-basic-permit,AL-S-20060,DEERFISH DISTILLING CO. LLC,United States,2026-09-20,live,,,,,,,,,,,,https://www.ttb.gov/public-information/foia/list-of-permittees,"on the weekly TTB permittee list; a permit is permission, not a working still"
ttb-basic-permit,AR-S-15003,"ROCK TOWN DISTILLERY, INC.",United States,2026-09-20,live,,,,,,,,,,,,https://www.ttb.gov/public-information/foia/list-of-permittees,"on the weekly TTB permittee list; a permit is permission, not a working still"
ttb-basic-permit,AR-S-20009,"DELTA DIRT DISTILLERY, INC.",United States,2026-09-20,live,,,,,,,,,,,,https://www.ttb.gov/public-information/foia/list-of-permittees,"on the weekly TTB permittee list; a permit is permission, not a working still"
ttb-basic-permit,AR-S-20012,CRYSTAL RIDGE DISTILLERY INCORPORATED,United States,2026-09-20,live,,,,,,,,,,,,https://www.ttb.gov/public-information/foia/list-of-permittees,"on the weekly TTB permittee list; a permit is permission, not a working still"
ttb-basic-permit,AR-S-20014,"HOT SPRINGS DISTILLING, LLC",United States,2026-09-20,live,,,,,,,,,,,,https://www.ttb.gov/public-information/foia/list-of-permittees,"on the weekly TTB permittee list; a permit is permission, not a working still"
ttb-basic-permit,AZ-S-15005,"DESERT DIAMOND DISTILLERY, INC.",United States,2026-09-20,live,,,,,,,,,,,,https://www.ttb.gov/public-information/foia/list-of-permittees,"on the weekly TTB permittee list; a permit is permission, not a working still"
ttb-basic-permit,AZ-S-20001,ARIZONA SPIRITS LLC,United States,2026-09-20,live,,,,,,,,,,,,https://www.ttb.gov/public-information/foia/list-of-permittees,"on the weekly TTB permittee list; a permit is permission, not a working still"
ttb-basic-permit,AZ-S-20004,"CANYON DIABLO SPIRITS, LLC",United States,2026-09-20,live,,,,,,,,,,,,https://www.ttb.gov/public-information/foia/list-of-permittees,"on the weekly TTB permittee list; a permit is permission, not a working still"
ttb-basic-permit,AZ-S-20021,SEDONA DISTILLERY LLC,United States,2026-09-20,live,,,,,,,,,,,,https://www.ttb.gov/public-information/foia/list-of-permittees,"on the weekly TTB permittee list; a permit is permission, not a working still"
ttb-basic-permit,AZ-S-20024,"GRAND CANYON DISTILLERY, LLC",United States,2026-09-20,live,,,,,,,,,,,,https://www.ttb.gov/public-information/foia/list-of-permittees,"on the weekly TTB permittee list; a permit is permission, not a working still"
ttb-basic-permit,AZ-S-20028,"COPPER STILL DISTILLERY, LLC",United States,2026-09-20,live,,,,,,,,,,,,https://www.ttb.gov/public-information/foia/list-of-permittees,"on the weekly TTB permittee list; a permit is permission, not a working still"
ttb-basic-permit,AZ-S-20029,ELYSIAN DESERT DISTILLERIES INC.,United States,2026-09-20,live,,,,,,,,,,,,https://www.ttb.gov/public-information/foia/list-of-permittees,"on the weekly TTB permittee list; a permit is permission, not a working still"
ttb-basic-permit,AZ-S-20037,DESERT ROCK INDUSTRIES LLC,United States,2026-09-20,live,,,,,,,,,,,,https://www.ttb.gov/public-information/foia/list-of-permittees,"on the weekly TTB permittee list; a permit is permission, not a working still"
ttb-basic-permit,CA-S-117,"FRANK-LIN DISTILLERS PRODUCTS, LTD.",United States,2026-09-20,live,,,,,,,,,,,,https://www.ttb.gov/public-information/foia/list-of-permittees,"on the weekly TTB permittee list; a permit is permission, not a working still"
ttb-basic-permit,CA-S-15001,O'NEILL BEVERAGES CO. LLC,United States,2026-09-20,live,,,,,,,,,,,,https://www.ttb.gov/public-information/foia/list-of-permittees,"on the weekly TTB permittee list; a permit is permission, not a working still"
ttb-basic-permit,CA-S-15002,MODERN SPIRITS LLC,United States,2026-09-20,live,,,,,,,,,,,,https://www.ttb.gov/public-information/foia/list-of-permittees,"on the weekly TTB permittee list; a permit is permission, not a working still"
ttb-basic-permit,CA-S-15018,"FOG'S END DISTILLERY, LLC",United States,2026-09-20,live,,,,,,,,,,,,https://www.ttb.gov/public-information/foia/list-of-permittees,"on the weekly TTB permittee list; a permit is permission, not a working still"
ttb-basic-permit,CA-S-15089,"SOUZA ENTERPRISES, INC.",United States,2026-09-20,live,,,,,,,,,,,,https://www.ttb.gov/public-information/foia/list-of-permittees,"on the weekly TTB permittee list; a permit is permission, not a working still"
ttb-basic-permit,CA-S-20010,FALCON SPIRITS LLC,United States,2026-09-20,live,,,,,,,,,,,,https://www.ttb.gov/public-information/foia/list-of-permittees,"on the weekly TTB permittee list; a permit is permission, not a working still"
ttb-basic-permit,CA-S-20018,"AURUM SIERRA, INC.",United States,2026-09-20,live,,,,,,,,,,,,https://www.ttb.gov/public-information/foia/list-of-permittees,"on the weekly TTB permittee list; a permit is permission, not a working still"
ttb-basic-permit,CA-S-20031,"SKUBIC ENTERPRISES, LLC",United States,2026-09-20,live,,,,,,,,,,,,https://www.ttb.gov/public-information/foia/list-of-permittees,"on the weekly TTB permittee list; a permit is permission, not a working still"
ttb-basic-permit,CA-S-20032,"SONOMA BROTHERS DISTILLING, LLC",United States,2026-09-20,live,,,,,,,,,,,,https://www.ttb.gov/public-information/foia/list-of-permittees,"on the weekly TTB permittee list; a permit is permission, not a working still"
ttb-basic-permit,CA-S-20036,SUTHERLAND DISTILLING COMPANY LLC,United States,2026-09-20,live,,,,,,,,,,,,https://www.ttb.gov/public-information/foia/list-of-permittees,"on the weekly TTB permittee list; a permit is permission, not a working still"
ttb-basic-permit,CA-S-20039,"PASOPORT WINE COMPANY, INC.",United States,2026-09-20,live,,,,,,,,,,,,https://www.ttb.gov/public-information/foia/list-of-permittees,"on the weekly TTB permittee list; a permit is permission, not a working still"
ttb-basic-permit,CA-S-20046,JOSEPH FREAS & MICHAEL MACHUZAK,United States,2026-09-20,live,,,,,,,,,,,,https://www.ttb.gov/public-information/foia/list-of-permittees,"on the weekly TTB permittee list; a permit is permission, not a working still"
ttb-basic-permit,CA-S-20052,MACKAY LLC,United States,2026-09-20,live,,,,,,,,,,,,https://www.ttb.gov/public-information/foia/list-of-permittees,"on the weekly TTB permittee list; a permit is permission, not a working still"
ttb-basic-permit,CA-S-20053,GRIFFO DISTILLERY LLC,United States,2026-09-20,live,,,,,,,,,,,,https://www.ttb.gov/public-information/foia/list-of-permittees,"on the weekly TTB permittee list; a permit is permission, not a working still"
ttb-basic-permit,CA-S-20059,J RILEY DISTILLERY INC.,United States,2026-09-20,live,,,,,,,,,,,,https://www.ttb.gov/public-information/foia/list-of-permittees,"on the weekly TTB permittee list; a permit is permission, not a working still"
ttb-basic-permit,CA-S-20066,ALCHEMY DISTILLERY LLC,United States,2026-09-20,live,,,,,,,,,,,,https://www.ttb.gov/public-information/foia/list-of-permittees,"on the weekly TTB permittee list; a permit is permission, not a working still"
ttb-basic-permit,CA-S-20067,"ALLEY 6 CRAFT DISTILLERY, LLC",United States,2026-09-20,live,,,,,,,,,,,,https://www.ttb.gov/public-information/foia/list-of-permittees,"on the weekly TTB permittee list; a permit is permission, not a working still"
ttb-basic-permit,CA-S-20068,DOGTOWN DISTILLING LLC,United States,2026-09-20,live,,,,,,,,,,,,https://www.ttb.gov/public-information/foia/list-of-permittees,"on the weekly TTB permittee list; a permit is permission, not a working still"
ttb-basic-permit,CA-S-20077,LOS ANGELES DISTILLERY,United States,2026-09-20,live,,,,,,,,,,,,https://www.ttb.gov/public-information/foia/list-of-permittees,"on the weekly TTB permittee list; a permit is permission, not a working still"
ttb-basic-permit,CA-S-20088,BANGOR WINE GROUP LLC,United States,2026-09-20,live,,,,,,,,,,,,https://www.ttb.gov/public-information/foia/list-of-permittees,"on the weekly TTB permittee list; a permit is permission, not a working still"
ttb-basic-permit,CA-S-20091,"CUTLER'S ARTISAN SPIRITS, INC.",United States,2026-09-20,live,,,,,,,,,,,,https://www.ttb.gov/public-information/foia/list-of-permittees,"on the weekly TTB permittee list; a permit is permission, not a working still"
ttb-basic-permit,CA-S-20097,"SAN DIEGO DISTILLERY, INC.",United States,2026-09-20,live,,,,,,,,,,,,https://www.ttb.gov/public-information/foia/list-of-permittees,"on the weekly TTB permittee list; a permit is permission, not a working still"
ttb-basic-permit,CA-S-20110,ALMENDRA WINERY & DISTILLERY INC.,United States,2026-09-20,live,,,,,,,,,,,,https://www.ttb.gov/public-information/foia/list-of-permittees,"on the weekly TTB permittee list; a permit is permission, not a working still"
ttb-basic-permit,CA-S-20120,OLD TRESTLE DISTILLERY LLC,United States,2026-09-20,live,,,,,,,,,,,,https://www.ttb.gov/public-information/foia/list-of-permittees,"on the weekly TTB permittee list; a permit is permission, not a working still"
ttb-basic-permit,CA-S-20139,"DEVILS CREEK ENTERPRISES,  LLC",United States,2026-09-20,live,,,,,,,,,,,,https://www.ttb.gov/public-information/foia/list-of-permittees,"on the weekly TTB permittee list; a permit is permission, not a working still"
ttb-basic-permit,CA-S-20152,FOGGY BOTTOM DISTILLERY LLC,United States,2026-09-20,live,,,,,,,,,,,,https://www.ttb.gov/public-information/foia/list-of-permittees,"on the weekly TTB permittee list; a permit is permission, not a working still"
ttb-basic-permit,CA-S-20153,"CHARBAY DISTILLERS, LLC",United States,2026-09-20,live,,,,,,,,,,,,https://www.ttb.gov/public-information/foia/list-of-permittees,"on the weekly TTB permittee list; a permit is permission, not a working still"
ttb-basic-permit,CA-S-20162,"SESPE CREEK DISTILLERY, INC.",United States,2026-09-20,live,,,,,,,,,,,,https://www.ttb.gov/public-information/foia/list-of-permittees,"on the weekly TTB permittee list; a permit is permission, not a working still"
ttb-basic-permit,CA-S-20164,"SHELTER DISTILLING, INC.",United States,2026-09-20,live,,,,,,,,,,,,https://www.ttb.gov/public-information/foia/list-of-permittees,"on the weekly TTB permittee list; a permit is permission, not a working still"
ttb-basic-permit,CA-S-20167,"OAKHURST SPIRITS, INC.",United States,2026-09-20,live,,,,,,,,,,,,https://www.ttb.gov/public-information/foia/list-of-permittees,"on the weekly TTB permittee list; a permit is permission, not a working still"
ttb-basic-permit,CA-S-20182,MARKO SUPUT AND SARAH SUPUT,United States,2026-09-20,live,,,,,,,,,,,,https://www.ttb.gov/public-information/foia/list-of-permittees,"on the weekly TTB permittee list; a permit is permission, not a working still"
ttb-basic-permit,CA-S-20187,"MILBEV, LLC",United States,2026-09-20,live,,,,,,,,,,,,https://www.ttb.gov/public-information/foia/list-of-permittees,"on the weekly TTB permittee list; a permit is permission, not a working still"
ttb-basic-permit,CA-S-20200,"DEAD OF NIGHT DISTILLERY, INC.",United States,2026-09-20,live,,,,,,,,,,,,https://www.ttb.gov/public-information/foia/list-of-permittees,"on the weekly TTB permittee list; a permit is permission, not a working still"
ttb-basic-permit,CA-S-20201,"HIGHWAY 101 SPIRITS, INC.",United States,2026-09-20,live,,,,,,,,,,,,https://www.ttb.gov/public-information/foia/list-of-permittees,"on the weekly TTB permittee list; a permit is permission, not a working still"
ttb-basic-permit,CA-S-20211,LEFT COAST BREWING COMPANY,United States,2026-09-20,live,,,,,,,,,,,,https://www.ttb.gov/public-information/foia/list-of-permittees,"on the weekly TTB permittee list; a permit is permission, not a working still"
ttb-basic-permit,CA-S-20218,"SLO BREWING CO, LLC",United States,2026-09-20,live,,,,,,,,,,,,https://www.ttb.gov/public-information/foia/list-of-permittees,"on the weekly TTB permittee list; a permit is permission, not a working still"
ttb-basic-permit,CA-S-20242,"KROBAR CRAFT DISTILLERY, LLC",United States,2026-09-20,live,,,,,,,,,,,,https://www.ttb.gov/public-information/foia/list-of-permittees,"on the weekly TTB permittee list; a permit is permission, not a working still"
ttb-basic-permit,CA-S-20257,"KALIFORNIA DISTILLERIES, INC.",United States,2026-09-20,live,,,,,,,,,,,,https://www.ttb.gov/public-information/foia/list-of-permittees,"on the weekly TTB permittee list; a permit is permission, not a working still"
ttb-basic-permit,CA-S-20264,"CHENERY, LLC",United States,2026-09-20,live,,,,,,,,,,,,https://www.ttb.gov/public-information/foia/list-of-permittees,"on the weekly TTB permittee list; a permit is permission, not a working still"
ttb-basic-permit,CA-S-20282,"BONETREE DISTILLERY, LLC",United States,2026-09-20,live,,,,,,,,,,,,https://www.ttb.gov/public-information/foia/list-of-permittees,"on the weekly TTB permittee list; a permit is permission, not a working still"
ttb-basic-permit,CA-S-20286,"JULIE’S DREAM VINEYARDS, WINERY AND DISTILLERY, LLC",United States,2026-09-20,live,,,,,,,,,,,,https://www.ttb.gov/public-information/foia/list-of-permittees,"on the weekly TTB permittee list; a permit is permission, not a working still"
ttb-basic-permit,CA-S-20288,"REDWOOD SPIRITS, LLC",United States,2026-09-20,live,,,,,,,,,,,,https://www.ttb.gov/public-information/foia/list-of-permittees,"on the weekly TTB permittee list; a permit is permission, not a working still"
ttb-basic-permit,CA-S-20291,GOLDEN BEAVER DISTILLERY INC.,United States,2026-09-20,live,,,,,,,,,,,,https://www.ttb.gov/public-information/foia/list-of-permittees,"on the weekly TTB permittee list; a permit is permission, not a working still"
ttb-basic-permit,CA-S-20311,HINTERHAUS DISTILLING LLC,United States,2026-09-20,live,,,,,,,,,,,,https://www.ttb.gov/public-information/foia/list-of-permittees,"on the weekly TTB permittee list; a permit is permission, not a working still"
ttb-basic-permit,CA-S-20316,"KETTNER DISTILLERY, LLC",United States,2026-09-20,live,,,,,,,,,,,,https://www.ttb.gov/public-information/foia/list-of-permittees,"on the weekly TTB permittee list; a permit is permission, not a working still"
ttb-basic-permit,CA-S-20321,GEORGETOWN DISTILLERY LLC,United States,2026-09-20,live,,,,,,,,,,,,https://www.ttb.gov/public-information/foia/list-of-permittees,"on the weekly TTB permittee list; a permit is permission, not a working still"
ttb-basic-permit,CA-S-20331,JOSHUA TREE DISTILLING COMPANY LLC,United States,2026-09-20,live,,,,,,,,,,,,https://www.ttb.gov/public-information/foia/list-of-permittees,"on the weekly TTB permittee list; a permit is permission, not a working still"
ttb-basic-permit,CA-S-20343,JETTY BREAK HOLDINGS INC.,United States,2026-09-20,live,,,,,,,,,,,,https://www.ttb.gov/public-information/foia/list-of-permittees,"on the weekly TTB permittee list; a permit is permission, not a working still"
ttb-basic-permit,CA-S-20348,MICHAEL EDWARDS ENTERPRISE LLC,United States,2026-09-20,live,,,,,,,,,,,,https://www.ttb.gov/public-information/foia/list-of-permittees,"on the weekly TTB permittee list; a permit is permission, not a working still"
ttb-basic-permit,CA-S-20380,"CAPELLA SPIRITS, INC.",United States,2026-09-20,live,,,,,,,,,,,,https://www.ttb.gov/public-information/foia/list-of-permittees,"on the weekly TTB permittee list; a permit is permission, not a working still"
ttb-basic-permit,CA-S-20391,"BURNT BARN DISTILLING CO., LLC",United States,2026-09-20,live,,,,,,,,,,,,https://www.ttb.gov/public-information/foia/list-of-permittees,"on the weekly TTB permittee list; a permit is permission, not a working still"
ttb-basic-permit,CA-S-20407,"JAYDOUR, LLC",United States,2026-09-20,live,,,,,,,,,,,,https://www.ttb.gov/public-information/foia/list-of-permittees,"on the weekly TTB permittee list; a permit is permission, not a working still"
ttb-basic-permit,CA-S-20410,"GREY WOLF VINEYARDS & CELLARS, INC.",United States,2026-09-20,live,,,,,,,,,,,,https://www.ttb.gov/public-information/foia/list-of-permittees,"on the weekly TTB permittee list; a permit is permission, not a working still"
ttb-basic-permit,CA-S-20418,"BEACHWOOD BLENDERY, LLC",United States,2026-09-20,live,,,,,,,,,,,,https://www.ttb.gov/public-information/foia/list-of-permittees,"on the weekly TTB permittee list; a permit is permission, not a working still"
ttb-basic-permit,CA-S-20421,LAUREN'S AT THE BUCKHORN INC.,United States,2026-09-20,live,,,,,,,,,,,,https://www.ttb.gov/public-information/foia/list-of-permittees,"on the weekly TTB permittee list; a permit is permission, not a working still"
ttb-basic-permit,CA-S-20436,"EVOLVE DISTILLING, INC.",United States,2026-09-20,live,,,,,,,,,,,,https://www.ttb.gov/public-information/foia/list-of-permittees,"on the weekly TTB permittee list; a permit is permission, not a working still"
ttb-basic-permit,CA-S-20480,LEFT COAST BREWING COMPANY,United States,2026-09-20,live,,,,,,,,,,,,https://www.ttb.gov/public-information/foia/list-of-permittees,"on the weekly TTB permittee list; a permit is permission, not a working still"
ttb-basic-permit,CA-S-20493,SMOKE AND FIRE SOCIAL EATERY LLC,United States,2026-09-20,live,,,,,,,,,,,,https://www.ttb.gov/public-information/foia/list-of-permittees,"on the weekly TTB permittee list; a permit is permission, not a working still"
ttb-basic-permit,CA-S-20509,HOLLYWOOD DISTILLERY INC.,United States,2026-09-20,live,,,,,,,,,,,,https://www.ttb.gov/public-information/foia/list-of-permittees,"on the weekly TTB permittee list; a permit is permission, not a working still"
ttb-basic-permit,CA-S-20601,"CENTRAL COAST BREWING, INC.",United States,2026-09-20,live,,,,,,,,,,,,https://www.ttb.gov/public-information/foia/list-of-permittees,"on the weekly TTB permittee list; a permit is permission, not a working still"
ttb-basic-permit,CA-S-328,"OSOCALIS, INC.",United States,2026-09-20,live,,,,,,,,,,,,https://www.ttb.gov/public-information/foia/list-of-permittees,"on the weekly TTB permittee list; a permit is permission, not a working still"
ttb-basic-permit,CA-S-349,CLASSICK IMPORT & EXPORT LLC,United States,2026-09-20,live,,,,,,,,,,,,https://www.ttb.gov/public-information/foia/list-of-permittees,"on the weekly TTB permittee list; a permit is permission, not a working still"
ttb-basic-permit,CA-S-383,"ST. GEORGE SPIRITS, INC.",United States,2026-09-20,live,,,,,,,,,,,,https://www.ttb.gov/public-information/foia/list-of-permittees,"on the weekly TTB permittee list; a permit is permission, not a working still"
ttb-basic-permit,CO-S-15012,"ANN ARBOR BREWING COMPANY, L.L.C.",United States,2026-09-20,live,,,,,,,,,,,,https://www.ttb.gov/public-information/foia/list-of-permittees,"on the weekly TTB permittee list; a permit is permission, not a working still"
ttb-basic-permit,CO-S-15014,"DOWNSLOPE DISTILLING, INC.",United States,2026-09-20,live,,,,,,,,,,,,https://www.ttb.gov/public-information/foia/list-of-permittees,"on the weekly TTB permittee list; a permit is permission, not a working still"
ttb-basic-permit,CO-S-15015,DOUBLE DIAMOND DISTILLERY LLC,United States,2026-09-20,live,,,,,,,,,,,,https://www.ttb.gov/public-information/foia/list-of-permittees,"on the weekly TTB permittee list; a permit is permission, not a working still"
ttb-basic-permit,CO-S-15035,"SPRING44 DISTILLING, INC",United States,2026-09-20,live,,,,,,,,,,,,https://www.ttb.gov/public-information/foia/list-of-permittees,"on the weekly TTB permittee list; a permit is permission, not a working still"
ttb-basic-permit,CO-S-20003,"MAISON DE LA VIE, LTD.",United States,2026-09-20,live,,,,,,,,,,,,https://www.ttb.gov/public-information/foia/list-of-permittees,"on the weekly TTB permittee list; a permit is permission, not a working still"
ttb-basic-permit,CO-S-20004,WOODY CREEK DISTILLERS LLC,United States,2026-09-20,live,,,,,,,,,,,,https://www.ttb.gov/public-information/foia/list-of-permittees,"on the weekly TTB permittee list; a permit is permission, not a working still"
ttb-basic-permit,CO-S-20010,WOOD'S HIGH MOUNTAIN DISTILLERY LLC,United States,2026-09-20,live,,,,,,,,,,,,https://www.ttb.gov/public-information/foia/list-of-permittees,"on the weekly TTB permittee list; a permit is permission, not a working still"
ttb-basic-permit,CO-S-20014,"BEAR CREEK DISTILLERY, LLLP",United States,2026-09-20,live,,,,,,,,,,,,https://www.ttb.gov/public-information/foia/list-of-permittees,"on the weekly TTB permittee list; a permit is permission, not a working still"
ttb-basic-permit,CO-S-20015,"K J WOOD DISTILLERS, INC",United States,2026-09-20,live,,,,,,,,,,,,https://www.ttb.gov/public-information/foia/list-of-permittees,"on the weekly TTB permittee list; a permit is permission, not a working still"
ttb-basic-permit,CO-S-20028,"TELLURIDE DISTILLING COMPANY, LLC",United States,2026-09-20,live,,,,,,,,,,,,https://www.ttb.gov/public-information/foia/list-of-permittees,"on the weekly TTB permittee list; a permit is permission, not a working still"
ttb-basic-permit,CO-S-20030,"10TH MOUNTAIN WHISKEY AND SPIRIT COMPANY, LLC",United States,2026-09-20,live,,,,,,,,,,,,https://www.ttb.gov/public-information/foia/list-of-permittees,"on the weekly TTB permittee list; a permit is permission, not a working still"
ttb-basic-permit,CO-S-20032,"STONEYARD DISTILLERY, INC.",United States,2026-09-20,live,,,,,,,,,,,,https://www.ttb.gov/public-information/foia/list-of-permittees,"on the weekly TTB permittee list; a permit is permission, not a working still"
ttb-basic-permit,CO-S-20034,AXE AND THE OAK DISTILLERY LLC,United States,2026-09-20,live,,,,,,,,,,,,https://www.ttb.gov/public-information/foia/list-of-permittees,"on the weekly TTB permittee list; a permit is permission, not a working still"
ttb-basic-permit,CO-S-20039,3 HUNDRED LLC,United States,2026-09-20,live,,,,,,,,,,,,https://www.ttb.gov/public-information/foia/list-of-permittees,"on the weekly TTB permittee list; a permit is permission, not a working still"
ttb-basic-permit,CO-S-20050,"BLUE FISH DISTILLERY, INC.",United States,2026-09-20,live,,,,,,,,,,,,https://www.ttb.gov/public-information/foia/list-of-permittees,"on the weekly TTB permittee list; a permit is permission, not a working still"
ttb-basic-permit,CO-S-20056,"BROKEN ARROW SPIRITS ,LLC",United States,2026-09-20,live,,,,,,,,,,,,https://www.ttb.gov/public-information/foia/list-of-permittees,"on the weekly TTB permittee list; a permit is permission, not a working still"
ttb-basic-permit,CO-S-20064,BLU CELLAR DOOR LLC,United States,2026-09-20,live,,,,,,,,,,,,https://www.ttb.gov/public-information/foia/list-of-permittees,"on the weekly TTB permittee list; a permit is permission, not a working still"
ttb-basic-permit,CO-S-20065,"ABBOTT & WALLACE DISTILLING COMPANY, LLC",United States,2026-09-20,live,,,,,,,,,,,,https://www.ttb.gov/public-information/foia/list-of-permittees,"on the weekly TTB permittee list; a permit is permission, not a working still"
ttb-basic-permit,CO-S-20066,DEVIATION DISTILLING LLC,United States,2026-09-20,live,,,,,,,,,,,,https://www.ttb.gov/public-information/foia/list-of-permittees,"on the weekly TTB permittee list; a permit is permission, not a working still"
ttb-basic-permit,CO-S-20073,"BASECAMP CONCEPTS, LLC",United States,2026-09-20,live,,,,,,,,,,,,https://www.ttb.gov/public-information/foia/list-of-permittees,"on the weekly TTB permittee list; a permit is permission, not a working still"
ttb-basic-permit,CO-S-20079,"HIGH MESA SPIRITS, LLC",United States,2026-09-20,live,,,,,,,,,,,,https://www.ttb.gov/public-information/foia/list-of-permittees,"on the weekly TTB permittee list; a permit is permission, not a working still"
ttb-basic-permit,CO-S-20080,"THESIS, LLC",United States,2026-09-20,live,,,,,,,,,,,,https://www.ttb.gov/public-information/foia/list-of-permittees,"on the weekly TTB permittee list; a permit is permission, not a working still"
ttb-basic-permit,CO-S-20081,"DENVER DISTILLERY, LLC",United States,2026-09-20,live,,,,,,,,,,,,https://www.ttb.gov/public-information/foia/list-of-permittees,"on the weekly TTB permittee list; a permit is permission, not a working still"
ttb-basic-permit,CO-S-20083,"ARCHETYPE DISTILLERY, LLC",United States,2026-09-20,live,,,,,,,,,,,,https://www.ttb.gov/public-information/foia/list-of-permittees,"on the weekly TTB permittee list; a permit is permission, not a working still"
ttb-basic-permit,CO-S-20084,ELEVATION 5003 DISTILLERY,United States,2026-09-20,live,,,,,,,,,,,,https://www.ttb.gov/public-information/foia/list-of-permittees,"on the weekly TTB permittee list; a permit is permission, not a working still"
ttb-basic-permit,CO-S-20086,TALNUA DISTILLERY,United States,2026-09-20,live,,,,,,,,,,,,https://www.ttb.gov/public-information/foia/list-of-permittees,"on the weekly TTB permittee list; a permit is permission, not a working still"
ttb-basic-permit,CO-S-20087,"LOHI DISTILLED, LLC",United States,2026-09-20,live,,,,,,,,,,,,https://www.ttb.gov/public-information/foia/list-of-permittees,"on the weekly TTB permittee list; a permit is permission, not a working still"
ttb-basic-permit,CO-S-20090,"NATAJACS, INC.",United States,2026-09-20,live,,,,,,,,,,,,https://www.ttb.gov/public-information/foia/list-of-permittees,"on the weekly TTB permittee list; a permit is permission, not a working still"
ttb-basic-permit,CO-S-20093,SNITCHING LADY DISTILLERY LLC,United States,2026-09-20,live,,,,,,,,,,,,https://www.ttb.gov/public-information/foia/list-of-permittees,"on the weekly TTB permittee list; a permit is permission, not a working still"
ttb-basic-permit,CO-S-20098,"FRASER VALLEY DISTILLING COMPANY, LLC",United States,2026-09-20,live,,,,,,,,,,,,https://www.ttb.gov/public-information/foia/list-of-permittees,"on the weekly TTB permittee list; a permit is permission, not a working still"
ttb-basic-permit,CO-S-20104,"REMUS SPIRITS, LLC",United States,2026-09-20,live,,,,,,,,,,,,https://www.ttb.gov/public-information/foia/list-of-permittees,"on the weekly TTB permittee list; a permit is permission, not a working still"
ttb-basic-permit,CO-S-20117,A. CARBONE AND COMPANY LLC,United States,2026-09-20,live,,,,,,,,,,,,https://www.ttb.gov/public-information/foia/list-of-permittees,"on the weekly TTB permittee list; a permit is permission, not a working still"
ttb-basic-permit,CO-S-20125,FELENE INC.,United States,2026-09-20,live,,,,,,,,,,,,https://www.ttb.gov/public-information/foia/list-of-permittees,"on the weekly TTB permittee list; a permit is permission, not a working still"
ttb-basic-permit,CO-S-20129,PROST LLC,United States,2026-09-20,live,,,,,,,,,,,,https://www.ttb.gov/public-information/foia/list-of-permittees,"on the weekly TTB permittee list; a permit is permission, not a working still"
ttb-basic-permit,CO-S-20131,"ESTES PARK DISTILLING CO., LLC",United States,2026-09-20,live,,,,,,,,,,,,https://www.ttb.gov/public-information/foia/list-of-permittees,"on the weekly TTB permittee list; a permit is permission, not a working still"
ttb-basic-permit,CO-S-20158,SALIDA DISTILLERY LLC,United States,2026-09-20,live,,,,,,,,,,,,https://www.ttb.gov/public-information/foia/list-of-permittees,"on the weekly TTB permittee list; a permit is permission, not a working still"
ttb-basic-permit,CO-S-20162,RICK THOMAS DISTILLERY LLC,United States,2026-09-20,live,,,,,,,,,,,,https://www.ttb.gov/public-information/foia/list-of-permittees,"on the weekly TTB permittee list; a permit is permission, not a working still"
ttb-basic-permit,CO-S-20165,"BAD ALIBI DISTILLERY, LLC",United States,2026-09-20,live,,,,,,,,,,,,https://www.ttb.gov/public-information/foia/list-of-permittees,"on the weekly TTB permittee list; a permit is permission, not a working still"
ttb-basic-permit,CO-S-20185,VALOR PEAK DISTILLERY LLC,United States,2026-09-20,live,,,,,,,,,,,,https://www.ttb.gov/public-information/foia/list-of-permittees,"on the weekly TTB permittee list; a permit is permission, not a working still"
ttb-basic-permit,CO-S-20189,"WHISKEY BIZ, LLC",United States,2026-09-20,live,,,,,,,,,,,,https://www.ttb.gov/public-information/foia/list-of-permittees,"on the weekly TTB permittee list; a permit is permission, not a working still"
ttb-basic-permit,CO-S-20191,TURNBUCKLE DISTILLING LLC,United States,2026-09-20,live,,,,,,,,,,,,https://www.ttb.gov/public-information/foia/list-of-permittees,"on the weekly TTB permittee list; a permit is permission, not a working still"
ttb-basic-permit,CT-S-15006,CENTRAL CT DISTILLERS LLC,United States,2026-09-20,live,,,,,,,,,,,,https://www.ttb.gov/public-information/foia/list-of-permittees,"on the weekly TTB permittee list; a permit is permission, not a working still"
ttb-basic-permit,CT-S-20006,HARDSCRABBLE LLC,United States,2026-09-20,live,,,,,,,,,,,,https://www.ttb.gov/public-information/foia/list-of-permittees,"on the weekly TTB permittee list; a permit is permission, not a working still"
ttb-basic-permit,CT-S-20007,HARTFORD FLAVOR COMPANY,United States,2026-09-20,live,,,,,,,,,,,,https://www.ttb.gov/public-information/foia/list-of-permittees,"on the weekly TTB permittee list; a permit is permission, not a working still"
ttb-basic-permit,CT-S-20009,SOUTHAMPTON PARTNERS LLC,United States,2026-09-20,live,,,,,,,,,,,,https://www.ttb.gov/public-information/foia/list-of-permittees,"on the weekly TTB permittee list; a permit is permission, not a working still"
ttb-basic-permit,CT-S-20014,MINE HILL DISTILLERY LLC,United States,2026-09-20,live,,,,,,,,,,,,https://www.ttb.gov/public-information/foia/list-of-permittees,"on the weekly TTB permittee list; a permit is permission, not a working still"
ttb-basic-permit,CT-S-20015,WATERCURE FARM LLC,United States,2026-09-20,live,,,,,,,,,,,,https://www.ttb.gov/public-information/foia/list-of-permittees,"on the weekly TTB permittee list; a permit is permission, not a working still"
ttb-basic-permit,CT-S-20017,"WHITE HILLS DISTILLERY, LLC",United States,2026-09-20,live,,,,,,,,,,,,https://www.ttb.gov/public-information/foia/list-of-permittees,"on the weekly TTB permittee list; a permit is permission, not a working still"
ttb-basic-permit,CT-S-20022,"DARK WATERS DISTILLERY, LLC",United States,2026-09-20,live,,,,,,,,,,,,https://www.ttb.gov/public-information/foia/list-of-permittees,"on the weekly TTB permittee list; a permit is permission, not a working still"
ttb-basic-permit,CT-S-20023,"JOHN FITCH DISTILLING, LLC",United States,2026-09-20,live,,,,,,,,,,,,https://www.ttb.gov/public-information/foia/list-of-permittees,"on the weekly TTB permittee list; a permit is permission, not a working still"
ttb-basic-permit,CT-S-20030,RUM TROPIC LLC,United States,2026-09-20,live,,,,,,,,,,,,https://www.ttb.gov/public-information/foia/list-of-permittees,"on the weekly TTB permittee list; a permit is permission, not a working still"
ttb-basic-permit,CT-S-20036,"VERITABLE DISTILLERY, LLC",United States,2026-09-20,live,,,,,,,,,,,,https://www.ttb.gov/public-information/foia/list-of-permittees,"on the weekly TTB permittee list; a permit is permission, not a working still"
ttb-basic-permit,CT-S-20040,LIQD LLC,United States,2026-09-20,live,,,,,,,,,,,,https://www.ttb.gov/public-information/foia/list-of-permittees,"on the weekly TTB permittee list; a permit is permission, not a working still"
ttb-basic-permit,CT-S-20041,"SONO 1420 ARTISAN DISTILLERS, INC.",United States,2026-09-20,live,,,,,,,,,,,,https://www.ttb.gov/public-information/foia/list-of-permittees,"on the weekly TTB permittee list; a permit is permission, not a working still"
ttb-basic-permit,DC-S-20002,"ONE EIGHT DISTILLING, LLC",United States,2026-09-20,live,,,,,,,,,,,,https://www.ttb.gov/public-information/foia/list-of-permittees,"on the weekly TTB permittee list; a permit is permission, not a working still"
ttb-basic-permit,DC-S-20006,"COTTON & REED, INC.",United States,2026-09-20,live,,,,,,,,,,,,https://www.ttb.gov/public-information/foia/list-of-permittees,"on the weekly TTB permittee list; a permit is permission, not a working still"
ttb-basic-permit,DE-S-20002,"LEGACY DISTILLING, LLC",United States,2026-09-20,live,,,,,,,,,,,,https://www.ttb.gov/public-information/foia/list-of-permittees,"on the weekly TTB permittee list; a permit is permission, not a working still"
ttb-basic-permit,FL-S-15010,MICHAN CORPORATION,United States,2026-09-20,live,,,,,,,,,,,,https://www.ttb.gov/public-information/foia/list-of-permittees,"on the weekly TTB permittee list; a permit is permission, not a working still"
ttb-basic-permit,FL-S-15025,"ST. PETERSBURG DISTILLERY COMPANY, LLC",United States,2026-09-20,live,,,,,,,,,,,,https://www.ttb.gov/public-information/foia/list-of-permittees,"on the weekly TTB permittee list; a permit is permission, not a working still"
ttb-basic-permit,FL-S-20003,"ROLLINS DISTILLERY, INC.",United States,2026-09-20,live,,,,,,,,,,,,https://www.ttb.gov/public-information/foia/list-of-permittees,"on the weekly TTB permittee list; a permit is permission, not a working still"
ttb-basic-permit,FL-S-20019,"COTHERMAN DISTILLING COMPANY, LLC",United States,2026-09-20,live,,,,,,,,,,,,https://www.ttb.gov/public-information/foia/list-of-permittees,"on the weekly TTB permittee list; a permit is permission, not a working still"
ttb-basic-permit,FL-S-20025,"GREY MATTER DISTILLERY, LLC",United States,2026-09-20,live,,,,,,,,,,,,https://www.ttb.gov/public-information/foia/list-of-permittees,"on the weekly TTB permittee list; a permit is permission, not a working still"
ttb-basic-permit,FL-S-20026,"TIMBER CREEK DISTILLING, LLC.",United States,2026-09-20,live,,,,,,,,,,,,https://www.ttb.gov/public-information/foia/list-of-permittees,"on the weekly TTB permittee list; a permit is permission, not a working still"
ttb-basic-permit,FL-S-20033,"BLUE BAYOU FARMS, INC.",United States,2026-09-20,live,,,,,,,,,,,,https://www.ttb.gov/public-information/foia/list-of-permittees,"on the weekly TTB permittee list; a permit is permission, not a working still"
ttb-basic-permit,FL-S-20035,"BIG CYPRESS DISTILLERY, LLC",United States,2026-09-20,live,,,,,,,,,,,,https://www.ttb.gov/public-information/foia/list-of-permittees,"on the weekly TTB permittee list; a permit is permission, not a working still"
ttb-basic-permit,FL-S-20039,FOUR FATHERS DISTILLERY LLC,United States,2026-09-20,live,,,,,,,,,,,,https://www.ttb.gov/public-information/foia/list-of-permittees,"on the weekly TTB permittee list; a permit is permission, not a working still"
ttb-basic-permit,FL-S-20044,"MANIFEST DISTILLING, LLC",United States,2026-09-20,live,,,,,,,,,,,,https://www.ttb.gov/public-information/foia/list-of-permittees,"on the weekly TTB permittee list; a permit is permission, not a working still"
ttb-basic-permit,FL-S-20057,"HEMINGWAY RUM COMPANY, LLC",United States,2026-09-20,live,,,,,,,,,,,,https://www.ttb.gov/public-information/foia/list-of-permittees,"on the weekly TTB permittee list; a permit is permission, not a working still"
ttb-basic-permit,FL-S-20059,"CHAINBRIDGE DISTILLERY, LLC",United States,2026-09-20,live,,,,,,,,,,,,https://www.ttb.gov/public-information/foia/list-of-permittees,"on the weekly TTB permittee list; a permit is permission, not a working still"
ttb-basic-permit,FL-S-20063,SUGAR SAND DISTILLERY LLC,United States,2026-09-20,live,,,,,,,,,,,,https://www.ttb.gov/public-information/foia/list-of-permittees,"on the weekly TTB permittee list; a permit is permission, not a working still"
ttb-basic-permit,FL-S-20070,"BLACK CREEK DISTILLERIES, INC.",United States,2026-09-20,live,,,,,,,,,,,,https://www.ttb.gov/public-information/foia/list-of-permittees,"on the weekly TTB permittee list; a permit is permission, not a working still"
ttb-basic-permit,FL-S-20071,SUGAR WORKS DISTILLERY LLC,United States,2026-09-20,live,,,,,,,,,,,,https://www.ttb.gov/public-information/foia/list-of-permittees,"on the weekly TTB permittee list; a permit is permission, not a working still"
ttb-basic-permit,FL-S-20078,"LOGGERHEAD DISTILLERY, LLC",United States,2026-09-20,live,,,,,,,,,,,,https://www.ttb.gov/public-information/foia/list-of-permittees,"on the weekly TTB permittee list; a permit is permission, not a working still"
ttb-basic-permit,FL-S-20086,FORT VISTA LLC,United States,2026-09-20,live,,,,,,,,,,,,https://www.ttb.gov/public-information/foia/list-of-permittees,"on the weekly TTB permittee list; a permit is permission, not a working still"
ttb-basic-permit,FL-S-20087,"PAPOU'S CRAFT DISTILLERY, LLC",United States,2026-09-20,live,,,,,,,,,,,,https://www.ttb.gov/public-information/foia/list-of-permittees,"on the weekly TTB permittee list; a permit is permission, not a working still"
ttb-basic-permit,FL-S-20090,"THE PAPAGALO COMPANY, LLC",United States,2026-09-20,live,,,,,,,,,,,,https://www.ttb.gov/public-information/foia/list-of-permittees,"on the weekly TTB permittee list; a permit is permission, not a working still"
ttb-basic-permit,FL-S-20091,GAMBLERS BAY DISTILLERY LLC,United States,2026-09-20,live,,,,,,,,,,,,https://www.ttb.gov/public-information/foia/list-of-permittees,"on the weekly TTB permittee list; a permit is permission, not a working still"
ttb-basic-permit,FL-S-20095,EVERGLADES DISTILLERS LLC,United States,2026-09-20,live,,,,,,,,,,,,https://www.ttb.gov/public-information/foia/list-of-permittees,"on the weekly TTB permittee list; a permit is permission, not a working still"
ttb-basic-permit,FL-S-20122,RED HORSE DISTILLERY LLC,United States,2026-09-20,live,,,,,,,,,,,,https://www.ttb.gov/public-information/foia/list-of-permittees,"on the weekly TTB permittee list; a permit is permission, not a working still"
ttb-basic-permit,FL-S-20123,TROPICAL DISTILLERY LLC,United States,2026-09-20,live,,,,,,,,,,,,https://www.ttb.gov/public-information/foia/list-of-permittees,"on the weekly TTB permittee list; a permit is permission, not a working still"
ttb-basic-permit,FL-S-20124,ISLAMORADA DISTILLING LLC,United States,2026-09-20,live,,,,,,,,,,,,https://www.ttb.gov/public-information/foia/list-of-permittees,"on the weekly TTB permittee list; a permit is permission, not a working still"
ttb-basic-permit,FL-S-20131,"21ST AMENDMENT DISTILLERY, LLC",United States,2026-09-20,live,,,,,,,,,,,,https://www.ttb.gov/public-information/foia/list-of-permittees,"on the weekly TTB permittee list; a permit is permission, not a working still"
ttb-basic-permit,FL-S-20134,"GL DISTILLERY LWR, LLC",United States,2026-09-20,live,,,,,,,,,,,,https://www.ttb.gov/public-information/foia/list-of-permittees,"on the weekly TTB permittee list; a permit is permission, not a working still"
ttb-basic-permit,FL-S-20137,VERO BEACH DISTILLING LLC,United States,2026-09-20,live,,,,,,,,,,,,https://www.ttb.gov/public-information/foia/list-of-permittees,"on the weekly TTB permittee list; a permit is permission, not a working still"
ttb-basic-permit,FL-S-20139,"MAW'S MOUNTAIN MOONSHINE, LLC",United States,2026-09-20,live,,,,,,,,,,,,https://www.ttb.gov/public-information/foia/list-of-permittees,"on the weekly TTB permittee list; a permit is permission, not a working still"
ttb-basic-permit,FL-S-20142,"PASSION JUICE BAR, LLC",United States,2026-09-20,live,,,,,,,,,,,,https://www.ttb.gov/public-information/foia/list-of-permittees,"on the weekly TTB permittee list; a permit is permission, not a working still"
ttb-basic-permit,FL-S-20153,ROCKPIT BREWING LLC,United States,2026-09-20,live,,,,,,,,,,,,https://www.ttb.gov/public-information/foia/list-of-permittees,"on the weekly TTB permittee list; a permit is permission, not a working still"
ttb-basic-permit,FL-S-20154,"TREASURE COAST BREWING & DISTILLING, LLC",United States,2026-09-20,live,,,,,,,,,,,,https://www.ttb.gov/public-information/foia/list-of-permittees,"on the weekly TTB permittee list; a permit is permission, not a working still"
ttb-basic-permit,FL-S-20165,"SUNSHINE CELLARS ORLANDO, LLC",United States,2026-09-20,live,,,,,,,,,,,,https://www.ttb.gov/public-information/foia/list-of-permittees,"on the weekly TTB permittee list; a permit is permission, not a working still"
ttb-basic-permit,FL-S-20172,AGGREGATION DISTILLING COMPANY LLC,United States,2026-09-20,live,,,,,,,,,,,,https://www.ttb.gov/public-information/foia/list-of-permittees,"on the weekly TTB permittee list; a permit is permission, not a working still"
ttb-basic-permit,FL-S-20173,HOMOSASSA DISTILLERY COMPANY LLC,United States,2026-09-20,live,,,,,,,,,,,,https://www.ttb.gov/public-information/foia/list-of-permittees,"on the weekly TTB permittee list; a permit is permission, not a working still"
ttb-basic-permit,FL-S-20175,ISLAMORADA DISTILLING LLC,United States,2026-09-20,live,,,,,,,,,,,,https://www.ttb.gov/public-information/foia/list-of-permittees,"on the weekly TTB permittee list; a permit is permission, not a working still"
ttb-basic-permit,FL-S-20197,"FLAGLER BEACHFRONT WINERY, INC.",United States,2026-09-20,live,,,,,,,,,,,,https://www.ttb.gov/public-information/foia/list-of-permittees,"on the weekly TTB permittee list; a permit is permission, not a working still"
ttb-basic-permit,FL-S-20206,LUTHER DISTILLING CO LLC,United States,2026-09-20,live,,,,,,,,,,,,https://www.ttb.gov/public-information/foia/list-of-permittees,"on the weekly TTB permittee list; a permit is permission, not a working still"
ttb-basic-permit,FL-S-20211,HIGH CASK DISTILLERY LLC,United States,2026-09-20,live,,,,,,,,,,,,https://www.ttb.gov/public-information/foia/list-of-permittees,"on the weekly TTB permittee list; a permit is permission, not a working still"
ttb-basic-permit,GA-S-20003,"MOONRISE DISTILLERY, INC.",United States,2026-09-20,live,,,,,,,,,,,,https://www.ttb.gov/public-information/foia/list-of-permittees,"on the weekly TTB permittee list; a permit is permission, not a working still"
ttb-basic-permit,GA-S-20004,"OLD FOURTH DISTILLERY, LTD. CO.",United States,2026-09-20,live,,,,,,,,,,,,https://www.ttb.gov/public-information/foia/list-of-permittees,"on the weekly TTB permittee list; a permit is permission, not a working still"
ttb-basic-permit,GA-S-20005,"DALTON DISTILLERS, LLC",United States,2026-09-20,live,,,,,,,,,,,,https://www.ttb.gov/public-information/foia/list-of-permittees,"on the weekly TTB permittee list; a permit is permission, not a working still"
ttb-basic-permit,GA-S-20007,"LAZY GUY BRANDS, INC.",United States,2026-09-20,live,,,,,,,,,,,,https://www.ttb.gov/public-information/foia/list-of-permittees,"on the weekly TTB permittee list; a permit is permission, not a working still"
ttb-basic-permit,GA-S-20011,MIDNIGHT RUN DISTILLERY LLC,United States,2026-09-20,live,,,,,,,,,,,,https://www.ttb.gov/public-information/foia/list-of-permittees,"on the weekly TTB permittee list; a permit is permission, not a working still"
ttb-basic-permit,GA-S-20021,SAVANNAH SPRITS DISTILLING LTD. COMPANY,United States,2026-09-20,live,,,,,,,,,,,,https://www.ttb.gov/public-information/foia/list-of-permittees,"on the weekly TTB permittee list; a permit is permission, not a working still"
ttb-basic-permit,GA-S-20026,"TWO PILOTS DISTILLERY, INC.",United States,2026-09-20,live,,,,,,,,,,,,https://www.ttb.gov/public-information/foia/list-of-permittees,"on the weekly TTB permittee list; a permit is permission, not a working still"
ttb-basic-permit,GA-S-20032,"CAROLINA MOON DISTILLERY, LLC",United States,2026-09-20,live,,,,,,,,,,,,https://www.ttb.gov/public-information/foia/list-of-permittees,"on the weekly TTB permittee list; a permit is permission, not a working still"
ttb-basic-permit,GA-S-20042,"MILLER B. TWIST PRODUCTIONS, LLC",United States,2026-09-20,live,,,,,,,,,,,,https://www.ttb.gov/public-information/foia/list-of-permittees,"on the weekly TTB permittee list; a permit is permission, not a working still"
ttb-basic-permit,GA-S-20051,SUGAR HILL DISTILLERY LLC,United States,2026-09-20,live,,,,,,,,,,,,https://www.ttb.gov/public-information/foia/list-of-permittees,"on the weekly TTB permittee list; a permit is permission, not a working still"
ttb-basic-permit,GA-S-20056,"REMEDY DISTILLERY, LLC",United States,2026-09-20,live,,,,,,,,,,,,https://www.ttb.gov/public-information/foia/list-of-permittees,"on the weekly TTB permittee list; a permit is permission, not a working still"
ttb-basic-permit,GA-S-20066,"ATLANTA HARD CIDER CO. & DISTILLERY, INC.",United States,2026-09-20,live,,,,,,,,,,,,https://www.ttb.gov/public-information/foia/list-of-permittees,"on the weekly TTB permittee list; a permit is permission, not a working still"
ttb-basic-permit,GA-S-20073,BIG CREEK BEVERAGE COMPANY LLC,United States,2026-09-20,live,,,,,,,,,,,,https://www.ttb.gov/public-information/foia/list-of-permittees,"on the weekly TTB permittee list; a permit is permission, not a working still"
ttb-basic-permit,GA-S-20097,"SHARPTOP DISTILLING COMPANY, LLC",United States,2026-09-20,live,,,,,,,,,,,,https://www.ttb.gov/public-information/foia/list-of-permittees,"on the weekly TTB permittee list; a permit is permission, not a working still"
ttb-basic-permit,GA-S-20106,DB DISTILLERY INC,United States,2026-09-20,live,,,,,,,,,,,,https://www.ttb.gov/public-information/foia/list-of-permittees,"on the weekly TTB permittee list; a permit is permission, not a working still"
ttb-basic-permit,GA-S-20107,THE LOST DRUID LLC,United States,2026-09-20,live,,,,,,,,,,,,https://www.ttb.gov/public-information/foia/list-of-permittees,"on the weekly TTB permittee list; a permit is permission, not a working still"
ttb-basic-permit,GA-S-20108,LAHOOD & COMPANY LLC,United States,2026-09-20,live,,,,,,,,,,,,https://www.ttb.gov/public-information/foia/list-of-permittees,"on the weekly TTB permittee list; a permit is permission, not a working still"
ttb-basic-permit,GA-S-20112,GRANITE MOUNTAIN CRAFT DISTILLERY LLC,United States,2026-09-20,live,,,,,,,,,,,,https://www.ttb.gov/public-information/foia/list-of-permittees,"on the weekly TTB permittee list; a permit is permission, not a working still"
ttb-basic-permit,GA-S-20113,"LONGLEAF DISTILLING, LLC",United States,2026-09-20,live,,,,,,,,,,,,https://www.ttb.gov/public-information/foia/list-of-permittees,"on the weekly TTB permittee list; a permit is permission, not a working still"
ttb-basic-permit,GA-S-20114,"HOUSE OF APPLEJAY, INC.",United States,2026-09-20,live,,,,,,,,,,,,https://www.ttb.gov/public-information/foia/list-of-permittees,"on the weekly TTB permittee list; a permit is permission, not a working still"
ttb-basic-permit,GA-S-20131,"THIRD RAIL DISTILLERS, INC.",United States,2026-09-20,live,,,,,,,,,,,,https://www.ttb.gov/public-information/foia/list-of-permittees,"on the weekly TTB permittee list; a permit is permission, not a working still"
ttb-basic-permit,GA-S-20133,"400 NORTH BREWING, LLC",United States,2026-09-20,live,,,,,,,,,,,,https://www.ttb.gov/public-information/foia/list-of-permittees,"on the weekly TTB permittee list; a permit is permission, not a working still"
ttb-basic-permit,GA-S-20139,"BLACK WATER HOLDINGS, LLC",United States,2026-09-20,live,,,,,,,,,,,,https://www.ttb.gov/public-information/foia/list-of-permittees,"on the weekly TTB permittee list; a permit is permission, not a working still"
ttb-basic-permit,IA-S-15000,"CEDAR RIDGE VINEYARD, LLC",United States,2026-09-20,live,,,,,,,,,,,,https://www.ttb.gov/public-information/foia/list-of-permittees,"on the weekly TTB permittee list; a permit is permission, not a working still"
ttb-basic-permit,IA-S-15014,GREEN FROG DISTILLERY LLC,United States,2026-09-20,live,,,,,,,,,,,,https://www.ttb.gov/public-information/foia/list-of-permittees,"on the weekly TTB permittee list; a permit is permission, not a working still"
ttb-basic-permit,IA-S-15016,"TEMPLETON RYE SPIRITS, LLC",United States,2026-09-20,live,,,,,,,,,,,,https://www.ttb.gov/public-information/foia/list-of-permittees,"on the weekly TTB permittee list; a permit is permission, not a working still"
ttb-basic-permit,IA-S-20011,"LONELY OAK DISTILLERY, LLC",United States,2026-09-20,live,,,,,,,,,,,,https://www.ttb.gov/public-information/foia/list-of-permittees,"on the weekly TTB permittee list; a permit is permission, not a working still"
ttb-basic-permit,IA-S-20013,"DEHNER DISTILLERY, LLC",United States,2026-09-20,live,,,,,,,,,,,,https://www.ttb.gov/public-information/foia/list-of-permittees,"on the weekly TTB permittee list; a permit is permission, not a working still"
ttb-basic-permit,IA-S-20016,"CAT'S EYE DISTILLERY, LLC",United States,2026-09-20,live,,,,,,,,,,,,https://www.ttb.gov/public-information/foia/list-of-permittees,"on the weekly TTB permittee list; a permit is permission, not a working still"
ttb-basic-permit,IA-S-20019,"FOUNDRY DISTILLING COMPANY, LLC",United States,2026-09-20,live,,,,,,,,,,,,https://www.ttb.gov/public-information/foia/list-of-permittees,"on the weekly TTB permittee list; a permit is permission, not a working still"
ttb-basic-permit,IA-S-20028,"JDSO, INC.",United States,2026-09-20,live,,,,,,,,,,,,https://www.ttb.gov/public-information/foia/list-of-permittees,"on the weekly TTB permittee list; a permit is permission, not a working still"
ttb-basic-permit,IA-S-20029,"REVELTON DISTILLING COMPANY, INC.",United States,2026-09-20,live,,,,,,,,,,,,https://www.ttb.gov/public-information/foia/list-of-permittees,"on the weekly TTB permittee list; a permit is permission, not a working still"
ttb-basic-permit,IA-S-20034,"TYCOGA WINERY & DISTILLERY, LLC",United States,2026-09-20,live,,,,,,,,,,,,https://www.ttb.gov/public-information/foia/list-of-permittees,"on the weekly TTB permittee list; a permit is permission, not a working still"
ttb-basic-permit,IA-S-20050,"JUDGE RICHARD DISTILLERY, LLC",United States,2026-09-20,live,,,,,,,,,,,,https://www.ttb.gov/public-information/foia/list-of-permittees,"on the weekly TTB permittee list; a permit is permission, not a working still"
ttb-basic-permit,IA-S-20056,"SIOUX CITY DISTILLING CO., LLC",United States,2026-09-20,live,,,,,,,,,,,,https://www.ttb.gov/public-information/foia/list-of-permittees,"on the weekly TTB permittee list; a permit is permission, not a working still"
ttb-basic-permit,ID-S-121,"BARDENAY, INC.",United States,2026-09-20,live,,,,,,,,,,,,https://www.ttb.gov/public-information/foia/list-of-permittees,"on the weekly TTB permittee list; a permit is permission, not a working still"
ttb-basic-permit,ID-S-20001,"GRAND TETON VODKA, INC.",United States,2026-09-20,live,,,,,,,,,,,,https://www.ttb.gov/public-information/foia/list-of-permittees,"on the weekly TTB permittee list; a permit is permission, not a working still"
ttb-basic-permit,ID-S-20002,KOENIG DISTILLERY INC.,United States,2026-09-20,live,,,,,,,,,,,,https://www.ttb.gov/public-information/foia/list-of-permittees,"on the weekly TTB permittee list; a permit is permission, not a working still"
ttb-basic-permit,ID-S-20020,CENTERFIRE DISTILLERY LLC,United States,2026-09-20,live,,,,,,,,,,,,https://www.ttb.gov/public-information/foia/list-of-permittees,"on the weekly TTB permittee list; a permit is permission, not a working still"
ttb-basic-permit,ID-S-20021,"TWIN FALLS DISTILLERY, LLC.",United States,2026-09-20,live,,,,,,,,,,,,https://www.ttb.gov/public-information/foia/list-of-permittees,"on the weekly TTB permittee list; a permit is permission, not a working still"
ttb-basic-permit,ID-S-20023,"NA TRI MADRAI, LLC",United States,2026-09-20,live,,,,,,,,,,,,https://www.ttb.gov/public-information/foia/list-of-permittees,"on the weekly TTB permittee list; a permit is permission, not a working still"
ttb-basic-permit,ID-S-20028,"FIREWATER DISTILLERY, LLC",United States,2026-09-20,live,,,,,,,,,,,,https://www.ttb.gov/public-information/foia/list-of-permittees,"on the weekly TTB permittee list; a permit is permission, not a working still"
ttb-basic-permit,IL-S-15002,"NORTH SHORE DISTILLERY, LLC",United States,2026-09-20,live,,,,,,,,,,,,https://www.ttb.gov/public-information/foia/list-of-permittees,"on the weekly TTB permittee list; a permit is permission, not a working still"
ttb-basic-permit,IL-S-15018,"PREMIERE DISTILLERY, LLC",United States,2026-09-20,live,,,,,,,,,,,,https://www.ttb.gov/public-information/foia/list-of-permittees,"on the weekly TTB permittee list; a permit is permission, not a working still"
ttb-basic-permit,IL-S-15024,BLACKSTONE SPIRITS LLC,United States,2026-09-20,live,,,,,,,,,,,,https://www.ttb.gov/public-information/foia/list-of-permittees,"on the weekly TTB permittee list; a permit is permission, not a working still"
ttb-basic-permit,IL-S-20001,"BLUE STAR POTABLES, LLC",United States,2026-09-20,live,,,,,,,,,,,,https://www.ttb.gov/public-information/foia/list-of-permittees,"on the weekly TTB permittee list; a permit is permission, not a working still"
ttb-basic-permit,IL-S-20008,SOLBERG DISTILLING LLC,United States,2026-09-20,live,,,,,,,,,,,,https://www.ttb.gov/public-information/foia/list-of-permittees,"on the weekly TTB permittee list; a permit is permission, not a working still"
ttb-basic-permit,IL-S-20010,"BLAUM BROS. DISTILLING CO., LLC",United States,2026-09-20,live,,,,,,,,,,,,https://www.ttb.gov/public-information/foia/list-of-permittees,"on the weekly TTB permittee list; a permit is permission, not a working still"
ttb-basic-permit,IL-S-20011,"COPPER FIDDLE DISTILLERY, LLC",United States,2026-09-20,live,,,,,,,,,,,,https://www.ttb.gov/public-information/foia/list-of-permittees,"on the weekly TTB permittee list; a permit is permission, not a working still"
ttb-basic-permit,IL-S-20017,WHISKEY ACRES DISTILLING CO.,United States,2026-09-20,live,,,,,,,,,,,,https://www.ttb.gov/public-information/foia/list-of-permittees,"on the weekly TTB permittee list; a permit is permission, not a working still"
ttb-basic-permit,IL-S-20022,"MERCENARY BREWERY & DISTILLERY, LLC",United States,2026-09-20,live,,,,,,,,,,,,https://www.ttb.gov/public-information/foia/list-of-permittees,"on the weekly TTB permittee list; a permit is permission, not a working still"
ttb-basic-permit,IL-S-20026,"B. T. O. DISTILLERS, LLC",United States,2026-09-20,live,,,,,,,,,,,,https://www.ttb.gov/public-information/foia/list-of-permittees,"on the weekly TTB permittee list; a permit is permission, not a working still"
ttb-basic-permit,IL-S-20027,WITNESS DISTILLERY LLC,United States,2026-09-20,live,,,,,,,,,,,,https://www.ttb.gov/public-information/foia/list-of-permittees,"on the weekly TTB permittee list; a permit is permission, not a working still"
ttb-basic-permit,IL-S-20030,"RUSH CREEK DISTILLING, LLC",United States,2026-09-20,live,,,,,,,,,,,,https://www.ttb.gov/public-information/foia/list-of-permittees,"on the weekly TTB permittee list; a permit is permission, not a working still"
ttb-basic-permit,IL-S-20042,"CRYSTAL RAIN DISTILLERY, INC.",United States,2026-09-20,live,,,,,,,,,,,,https://www.ttb.gov/public-information/foia/list-of-permittees,"on the weekly TTB permittee list; a permit is permission, not a working still"
ttb-basic-permit,IL-S-20043,"KENNAY FARMS DISTILLING, LLC",United States,2026-09-20,live,,,,,,,,,,,,https://www.ttb.gov/public-information/foia/list-of-permittees,"on the weekly TTB permittee list; a permit is permission, not a working still"
ttb-basic-permit,IL-S-20044,SKEPTIC DISTILLERY CO.,United States,2026-09-20,live,,,,,,,,,,,,https://www.ttb.gov/public-information/foia/list-of-permittees,"on the weekly TTB permittee list; a permit is permission, not a working still"
ttb-basic-permit,IL-S-20046,BARNSTORMER DISTILLERIES INC.,United States,2026-09-20,live,,,,,,,,,,,,https://www.ttb.gov/public-information/foia/list-of-permittees,"on the weekly TTB permittee list; a permit is permission, not a working still"
ttb-basic-permit,IL-S-20047,"SCHOMAKER DISTILLERY, LLC",United States,2026-09-20,live,,,,,,,,,,,,https://www.ttb.gov/public-information/foia/list-of-permittees,"on the weekly TTB permittee list; a permit is permission, not a working still"
ttb-basic-permit,IL-S-20048,"28 MILE VODKA COMPANY, LLC",United States,2026-09-20,live,,,,,,,,,,,,https://www.ttb.gov/public-information/foia/list-of-permittees,"on the weekly TTB permittee list; a permit is permission, not a working still"
ttb-basic-permit,IL-S-20055,TWO EAGLES DISTILLERY LLC,United States,2026-09-20,live,,,,,,,,,,,,https://www.ttb.gov/public-information/foia/list-of-permittees,"on the weekly TTB permittee list; a permit is permission, not a working still"
ttb-basic-permit,IL-S-20061,JUDSON & MOORE DISTILLERY LLC,United States,2026-09-20,live,,,,,,,,,,,,https://www.ttb.gov/public-information/foia/list-of-permittees,"on the weekly TTB permittee list; a permit is permission, not a working still"
ttb-basic-permit,IL-S-20062,"WOLF POINT DISTILLING, LLC",United States,2026-09-20,live,,,,,,,,,,,,https://www.ttb.gov/public-information/foia/list-of-permittees,"on the weekly TTB permittee list; a permit is permission, not a working still"
ttb-basic-permit,IL-S-20064,"ANVIL & FORGE BREWING AND DISTILLING  COMPANY, LLC",United States,2026-09-20,live,,,,,,,,,,,,https://www.ttb.gov/public-information/foia/list-of-permittees,"on the weekly TTB permittee list; a permit is permission, not a working still"
ttb-basic-permit,IL-S-20073,KATY LYNN WINERY AND DISTILLERY LLC,United States,2026-09-20,live,,,,,,,,,,,,https://www.ttb.gov/public-information/foia/list-of-permittees,"on the weekly TTB permittee list; a permit is permission, not a working still"
ttb-basic-permit,IL-S-20088,"TIERRA DISTILLING COMPANY, LLC",United States,2026-09-20,live,,,,,,,,,,,,https://www.ttb.gov/public-information/foia/list-of-permittees,"on the weekly TTB permittee list; a permit is permission, not a working still"
ttb-basic-permit,IL-S-20090,BRENTFORD DISTILLERS LLC,United States,2026-09-20,live,,,,,,,,,,,,https://www.ttb.gov/public-information/foia/list-of-permittees,"on the weekly TTB permittee list; a permit is permission, not a working still"
ttb-basic-permit,IL-S-20093,WINDOWS DISTILLERY LLC,United States,2026-09-20,live,,,,,,,,,,,,https://www.ttb.gov/public-information/foia/list-of-permittees,"on the weekly TTB permittee list; a permit is permission, not a working still"
ttb-basic-permit,IN-S-20001,THE INDIANA WHISKEY COMPANY,United States,2026-09-20,live,,,,,,,,,,,,https://www.ttb.gov/public-information/foia/list-of-permittees,"on the weekly TTB permittee list; a permit is permission, not a working still"
ttb-basic-permit,IN-S-20002,"THE OLD COPPER STILL DISTILLING COMPANY, LLC",United States,2026-09-20,live,,,,,,,,,,,,https://www.ttb.gov/public-information/foia/list-of-permittees,"on the weekly TTB permittee list; a permit is permission, not a working still"
ttb-basic-permit,IN-S-20003,CARDINAL SPIRITS LLC,United States,2026-09-20,live,,,,,,,,,,,,https://www.ttb.gov/public-information/foia/list-of-permittees,"on the weekly TTB permittee list; a permit is permission, not a working still"
ttb-basic-permit,IN-S-20006,SOUTHERN INDIANA  DISTILLING INC.,United States,2026-09-20,live,,,,,,,,,,,,https://www.ttb.gov/public-information/foia/list-of-permittees,"on the weekly TTB permittee list; a permit is permission, not a working still"
ttb-basic-permit,IN-S-20010,OAKLEY BROTHERS DISTILLERY LLC,United States,2026-09-20,live,,,,,,,,,,,,https://www.ttb.gov/public-information/foia/list-of-permittees,"on the weekly TTB permittee list; a permit is permission, not a working still"
ttb-basic-permit,IN-S-20013,KINSMEN DISTILLERY LLC,United States,2026-09-20,live,,,,,,,,,,,,https://www.ttb.gov/public-information/foia/list-of-permittees,"on the weekly TTB permittee list; a permit is permission, not a working still"
ttb-basic-permit,IN-S-20019,HUNT CLUB DISTILLERY LLC,United States,2026-09-20,live,,,,,,,,,,,,https://www.ttb.gov/public-information/foia/list-of-permittees,"on the weekly TTB permittee list; a permit is permission, not a working still"
ttb-basic-permit,IN-S-20020,"HEDINGER FARMS, LLC",United States,2026-09-20,live,,,,,,,,,,,,https://www.ttb.gov/public-information/foia/list-of-permittees,"on the weekly TTB permittee list; a permit is permission, not a working still"
ttb-basic-permit,IN-S-20028,WEST FORK WHISKEY CO.,United States,2026-09-20,live,,,,,,,,,,,,https://www.ttb.gov/public-information/foia/list-of-permittees,"on the weekly TTB permittee list; a permit is permission, not a working still"
ttb-basic-permit,IN-S-20031,8TH DAY DISTILLERY LLC,United States,2026-09-20,live,,,,,,,,,,,,https://www.ttb.gov/public-information/foia/list-of-permittees,"on the weekly TTB permittee list; a permit is permission, not a working still"
ttb-basic-permit,IN-S-20035,CEDAR CREEK DISTILLERY LLC,United States,2026-09-20,live,,,,,,,,,,,,https://www.ttb.gov/public-information/foia/list-of-permittees,"on the weekly TTB permittee list; a permit is permission, not a working still"
ttb-basic-permit,IN-S-20036,EDWIN COE LLC,United States,2026-09-20,live,,,,,,,,,,,,https://www.ttb.gov/public-information/foia/list-of-permittees,"on the weekly TTB permittee list; a permit is permission, not a working still"
ttb-basic-permit,IN-S-20037,STREVEN DISTILLING COMPANY LLC,United States,2026-09-20,live,,,,,,,,,,,,https://www.ttb.gov/public-information/foia/list-of-permittees,"on the weekly TTB permittee list; a permit is permission, not a working still"
ttb-basic-permit,IN-S-20042,18TH STREET DISTILLERY LLC,United States,2026-09-20,live,,,,,,,,,,,,https://www.ttb.gov/public-information/foia/list-of-permittees,"on the weekly TTB permittee list; a permit is permission, not a working still"
ttb-basic-permit,IN-S-20048,"BEMIS DISTILLERS, LLC",United States,2026-09-20,live,,,,,,,,,,,,https://www.ttb.gov/public-information/foia/list-of-permittees,"on the weekly TTB permittee list; a permit is permission, not a working still"
ttb-basic-permit,IN-S-20050,"SAVAGE DISTILLING, LLC",United States,2026-09-20,live,,,,,,,,,,,,https://www.ttb.gov/public-information/foia/list-of-permittees,"on the weekly TTB permittee list; a permit is permission, not a working still"
ttb-basic-permit,IN-S-20054,"SUN KING BREWING COMPANY, LLC",United States,2026-09-20,live,,,,,,,,,,,,https://www.ttb.gov/public-information/foia/list-of-permittees,"on the weekly TTB permittee list; a permit is permission, not a working still"
ttb-basic-permit,IN-S-20059,"HATFIELD & SONS, LLC",United States,2026-09-20,live,,,,,,,,,,,,https://www.ttb.gov/public-information/foia/list-of-permittees,"on the weekly TTB permittee list; a permit is permission, not a working still"
ttb-basic-permit,IN-S-20064,"COPPER FORGE DISTILLING, LLC",United States,2026-09-20,live,,,,,,,,,,,,https://www.ttb.gov/public-information/foia/list-of-permittees,"on the weekly TTB permittee list; a permit is permission, not a working still"
ttb-basic-permit,IN-S-20080,"MOON DROPS DISTILLERY, LLC",United States,2026-09-20,live,,,,,,,,,,,,https://www.ttb.gov/public-information/foia/list-of-permittees,"on the weekly TTB permittee list; a permit is permission, not a working still"
ttb-basic-permit,IN-S-20082,"DRAGON'S MOUTH DISTILLERY, LLC",United States,2026-09-20,live,,,,,,,,,,,,https://www.ttb.gov/public-information/foia/list-of-permittees,"on the weekly TTB permittee list; a permit is permission, not a working still"
ttb-basic-permit,IN-S-20088,HARD TRUTH DISTILLING COMPANY LLC,United States,2026-09-20,live,,,,,,,,,,,,https://www.ttb.gov/public-information/foia/list-of-permittees,"on the weekly TTB permittee list; a permit is permission, not a working still"
ttb-basic-permit,IN-S-20099,"FENWICK FARMS DISTILLING COMPANY, LLC",United States,2026-09-20,live,,,,,,,,,,,,https://www.ttb.gov/public-information/foia/list-of-permittees,"on the weekly TTB permittee list; a permit is permission, not a working still"
ttb-basic-permit,IN-S-20109,"IBWE WHISKEY COMPANY, LLC",United States,2026-09-20,live,,,,,,,,,,,,https://www.ttb.gov/public-information/foia/list-of-permittees,"on the weekly TTB permittee list; a permit is permission, not a working still"
ttb-basic-permit,IN-S-20111,"SOUTH BEND DISTILLERY, LLC",United States,2026-09-20,live,,,,,,,,,,,,https://www.ttb.gov/public-information/foia/list-of-permittees,"on the weekly TTB permittee list; a permit is permission, not a working still"
ttb-basic-permit,IN-S-20113,OLD HOMESTEAD DISTILLING CO.,United States,2026-09-20,live,,,,,,,,,,,,https://www.ttb.gov/public-information/foia/list-of-permittees,"on the weekly TTB permittee list; a permit is permission, not a working still"
ttb-basic-permit,KS-S-15009,"UNION HORSE DISTILLING COMPANY, LLC",United States,2026-09-20,live,,,,,,,,,,,,https://www.ttb.gov/public-information/foia/list-of-permittees,"on the weekly TTB permittee list; a permit is permission, not a working still"
ttb-basic-permit,KS-S-20003,BOOT HILL DISTILLERY LLC,United States,2026-09-20,live,,,,,,,,,,,,https://www.ttb.gov/public-information/foia/list-of-permittees,"on the weekly TTB permittee list; a permit is permission, not a working still"
ttb-basic-permit,KS-S-20014,SMOKY VALLEY DISTILLERIES INC.,United States,2026-09-20,live,,,,,,,,,,,,https://www.ttb.gov/public-information/foia/list-of-permittees,"on the weekly TTB permittee list; a permit is permission, not a working still"
ttb-basic-permit,KS-S-20015,TROLLEY HOUSE DISTILLERY LLC,United States,2026-09-20,live,,,,,,,,,,,,https://www.ttb.gov/public-information/foia/list-of-permittees,"on the weekly TTB permittee list; a permit is permission, not a working still"
ttb-basic-permit,KS-S-20031,FIFTY TWO ACES LLC,United States,2026-09-20,live,,,,,,,,,,,,https://www.ttb.gov/public-information/foia/list-of-permittees,"on the weekly TTB permittee list; a permit is permission, not a working still"
ttb-basic-permit,KS-S-20032,"LLEWELLYN LIMITED, LLC",United States,2026-09-20,live,,,,,,,,,,,,https://www.ttb.gov/public-information/foia/list-of-permittees,"on the weekly TTB permittee list; a permit is permission, not a working still"
ttb-basic-permit,KS-S-20033,"SPEEDTRAP DISTILLERY, LLC",United States,2026-09-20,live,,,,,,,,,,,,https://www.ttb.gov/public-information/foia/list-of-permittees,"on the weekly TTB permittee list; a permit is permission, not a working still"
ttb-basic-permit,KY-S-10,BROWN-FORMAN CORPORATION,United States,2026-09-20,live,,,,,,,,,,,,https://www.ttb.gov/public-information/foia/list-of-permittees,"on the weekly TTB permittee list; a permit is permission, not a working still"
ttb-basic-permit,KY-S-15009,"MB ROLAND DISTILLERY, INC.",United States,2026-09-20,live,,,,,,,,,,,,https://www.ttb.gov/public-information/foia/list-of-permittees,"on the weekly TTB permittee list; a permit is permission, not a working still"
ttb-basic-permit,KY-S-15014,CAMPARI AMERICA LLC,United States,2026-09-20,live,,,,,,,,,,,,https://www.ttb.gov/public-information/foia/list-of-permittees,"on the weekly TTB permittee list; a permit is permission, not a working still"
ttb-basic-permit,KY-S-15019,"BROWN-FORMAN DISTILLERY, INC.",United States,2026-09-20,live,,,,,,,,,,,,https://www.ttb.gov/public-information/foia/list-of-permittees,"on the weekly TTB permittee list; a permit is permission, not a working still"
ttb-basic-permit,KY-S-15023,"BROWN-FORMAN DISTILLERY, INC.",United States,2026-09-20,live,,,,,,,,,,,,https://www.ttb.gov/public-information/foia/list-of-permittees,"on the weekly TTB permittee list; a permit is permission, not a working still"
ttb-basic-permit,KY-S-15024,SADDLESTONE DISTILLERY LLC,United States,2026-09-20,live,,,,,,,,,,,,https://www.ttb.gov/public-information/foia/list-of-permittees,"on the weekly TTB permittee list; a permit is permission, not a working still"
ttb-basic-permit,KY-S-20004,COPPERHEAD DISTILLERY COMPANY,United States,2026-09-20,live,,,,,,,,,,,,https://www.ttb.gov/public-information/foia/list-of-permittees,"on the weekly TTB permittee list; a permit is permission, not a working still"
ttb-basic-permit,KY-S-20005,"WILDERNESS TRACE DISTILLERY, LLC",United States,2026-09-20,live,,,,,,,,,,,,https://www.ttb.gov/public-information/foia/list-of-permittees,"on the weekly TTB permittee list; a permit is permission, not a working still"
ttb-basic-permit,KY-S-20006,"BLUEGRASS DISTILLERS, LLC",United States,2026-09-20,live,,,,,,,,,,,,https://www.ttb.gov/public-information/foia/list-of-permittees,"on the weekly TTB permittee list; a permit is permission, not a working still"
ttb-basic-permit,KY-S-20010,BOUNDARY OAK DISTILLERY LLC,United States,2026-09-20,live,,,,,,,,,,,,https://www.ttb.gov/public-information/foia/list-of-permittees,"on the weekly TTB permittee list; a permit is permission, not a working still"
ttb-basic-permit,KY-S-20013,DUELING GROUNDS DISTILLERY LLC,United States,2026-09-20,live,,,,,,,,,,,,https://www.ttb.gov/public-information/foia/list-of-permittees,"on the weekly TTB permittee list; a permit is permission, not a working still"
ttb-basic-permit,KY-S-20015,"NEW RIFF DISTILLING, LLC.",United States,2026-09-20,live,,,,,,,,,,,,https://www.ttb.gov/public-information/foia/list-of-permittees,"on the weekly TTB permittee list; a permit is permission, not a working still"
ttb-basic-permit,KY-S-20017,"GLENNS CREEK DISTILLING, LLC",United States,2026-09-20,live,,,,,,,,,,,,https://www.ttb.gov/public-information/foia/list-of-permittees,"on the weekly TTB permittee list; a permit is permission, not a working still"
ttb-basic-permit,KY-S-20018,BUCHANAN GRIGGS INC.,United States,2026-09-20,live,,,,,,,,,,,,https://www.ttb.gov/public-information/foia/list-of-permittees,"on the weekly TTB permittee list; a permit is permission, not a working still"
ttb-basic-permit,KY-S-20019,"KENTUCKY PEERLESS DISTILLING COMPANY, LLC",United States,2026-09-20,live,,,,,,,,,,,,https://www.ttb.gov/public-information/foia/list-of-permittees,"on the weekly TTB permittee list; a permit is permission, not a working still"
ttb-basic-permit,KY-S-20021,"SECOND SIGHT SPIRITS, LLC",United States,2026-09-20,live,,,,,,,,,,,,https://www.ttb.gov/public-information/foia/list-of-permittees,"on the weekly TTB permittee list; a permit is permission, not a working still"
ttb-basic-permit,KY-S-20022,STILLWORKS LLC,United States,2026-09-20,live,,,,,,,,,,,,https://www.ttb.gov/public-information/foia/list-of-permittees,"on the weekly TTB permittee list; a permit is permission, not a working still"
ttb-basic-permit,KY-S-20030,"SAZERAC DISTILLERS, LLC",United States,2026-09-20,live,,,,,,,,,,,,https://www.ttb.gov/public-information/foia/list-of-permittees,"on the weekly TTB permittee list; a permit is permission, not a working still"
ttb-basic-permit,KY-S-20032,"BOONE COUNTY DISTILLING COMPANY, LLC",United States,2026-09-20,live,,,,,,,,,,,,https://www.ttb.gov/public-information/foia/list-of-permittees,"on the weekly TTB permittee list; a permit is permission, not a working still"
ttb-basic-permit,KY-S-20035,"KENTUCKY MIST MOONSHINE, INC.",United States,2026-09-20,live,,,,,,,,,,,,https://www.ttb.gov/public-information/foia/list-of-permittees,"on the weekly TTB permittee list; a permit is permission, not a working still"
ttb-basic-permit,KY-S-20036,"SILENT BRIGADE DISTILLERY, INC.",United States,2026-09-20,live,,,,,,,,,,,,https://www.ttb.gov/public-information/foia/list-of-permittees,"on the weekly TTB permittee list; a permit is permission, not a working still"
ttb-basic-permit,KY-S-20038,"RUT 'N STRUT DISTILLERY, LLC",United States,2026-09-20,live,,,,,,,,,,,,https://www.ttb.gov/public-information/foia/list-of-permittees,"on the weekly TTB permittee list; a permit is permission, not a working still"
ttb-basic-permit,KY-S-20039,"PAULEY HOLLOW DISTILLERY, LLC",United States,2026-09-20,live,,,,,,,,,,,,https://www.ttb.gov/public-information/foia/list-of-permittees,"on the weekly TTB permittee list; a permit is permission, not a working still"
ttb-basic-permit,KY-S-20041,"THE BARDSTOWN BOURBON COMPANY, LLC",United States,2026-09-20,live,,,,,,,,,,,,https://www.ttb.gov/public-information/foia/list-of-permittees,"on the weekly TTB permittee list; a permit is permission, not a working still"
ttb-basic-permit,KY-S-20044,PRESERVATION DISTILLERY LLC,United States,2026-09-20,live,,,,,,,,,,,,https://www.ttb.gov/public-information/foia/list-of-permittees,"on the weekly TTB permittee list; a permit is permission, not a working still"
ttb-basic-permit,KY-S-20045,"RABBIT HOLE SPIRITS, LLC",United States,2026-09-20,live,,,,,,,,,,,,https://www.ttb.gov/public-information/foia/list-of-permittees,"on the weekly TTB permittee list; a permit is permission, not a working still"
ttb-basic-permit,KY-S-20051,"C & K DISTILLERY, LLC",United States,2026-09-20,live,,,,,,,,,,,,https://www.ttb.gov/public-information/foia/list-of-permittees,"on the weekly TTB permittee list; a permit is permission, not a working still"
ttb-basic-permit,KY-S-20052,"TYLER WOOD DISTILLING CO., LLC",United States,2026-09-20,live,,,,,,,,,,,,https://www.ttb.gov/public-information/foia/list-of-permittees,"on the weekly TTB permittee list; a permit is permission, not a working still"
ttb-basic-permit,KY-S-20053,BOURBON 30 SPIRITS LLC,United States,2026-09-20,live,,,,,,,,,,,,https://www.ttb.gov/public-information/foia/list-of-permittees,"on the weekly TTB permittee list; a permit is permission, not a working still"
ttb-basic-permit,KY-S-20054,"AMBRABEV, LLC",United States,2026-09-20,live,,,,,,,,,,,,https://www.ttb.gov/public-information/foia/list-of-permittees,"on the weekly TTB permittee list; a permit is permission, not a working still"
ttb-basic-permit,KY-S-20057,"THE OLD POGUE DISTILLERY, LLC",United States,2026-09-20,live,,,,,,,,,,,,https://www.ttb.gov/public-information/foia/list-of-permittees,"on the weekly TTB permittee list; a permit is permission, not a working still"
ttb-basic-permit,KY-S-20062,VICTORY GLOBAL LLC,United States,2026-09-20,live,,,,,,,,,,,,https://www.ttb.gov/public-information/foia/list-of-permittees,"on the weekly TTB permittee list; a permit is permission, not a working still"
ttb-basic-permit,KY-S-20070,SMITH HOLLER LLC,United States,2026-09-20,live,,,,,,,,,,,,https://www.ttb.gov/public-information/foia/list-of-permittees,"on the weekly TTB permittee list; a permit is permission, not a working still"
ttb-basic-permit,KY-S-20073,"COAST 2 COAST CATTLE & LAND COMPANY, LLC",United States,2026-09-20,live,,,,,,,,,,,,https://www.ttb.gov/public-information/foia/list-of-permittees,"on the weekly TTB permittee list; a permit is permission, not a working still"
ttb-basic-permit,KY-S-20076,"MICKBOURBON, LLC",United States,2026-09-20,live,,,,,,,,,,,,https://www.ttb.gov/public-information/foia/list-of-permittees,"on the weekly TTB permittee list; a permit is permission, not a working still"
ttb-basic-permit,KY-S-20083,"SOUTHERN KENTUCKY DISTILLERY, LLC",United States,2026-09-20,live,,,,,,,,,,,,https://www.ttb.gov/public-information/foia/list-of-permittees,"on the weekly TTB permittee list; a permit is permission, not a working still"
ttb-basic-permit,KY-S-20087,AUGUSTA SWEET WATER HOLDINGS LLC,United States,2026-09-20,live,,,,,,,,,,,,https://www.ttb.gov/public-information/foia/list-of-permittees,"on the weekly TTB permittee list; a permit is permission, not a working still"
ttb-basic-permit,KY-S-20092,"LOG STILL DISTILLING, LLC",United States,2026-09-20,live,,,,,,,,,,,,https://www.ttb.gov/public-information/foia/list-of-permittees,"on the weekly TTB permittee list; a permit is permission, not a working still"
ttb-basic-permit,KY-S-20093,"BALANCE DISTILLING COMPANY, LLC",United States,2026-09-20,live,,,,,,,,,,,,https://www.ttb.gov/public-information/foia/list-of-permittees,"on the weekly TTB permittee list; a permit is permission, not a working still"
ttb-basic-permit,KY-S-20096,"JACKSON PURCHASE DISTILLERY, LLC",United States,2026-09-20,live,,,,,,,,,,,,https://www.ttb.gov/public-information/foia/list-of-permittees,"on the weekly TTB permittee list; a permit is permission, not a working still"
ttb-basic-permit,KY-S-20099,BROTHERS WRIGHT DISTILLING CO LLC,United States,2026-09-20,live,,,,,,,,,,,,https://www.ttb.gov/public-information/foia/list-of-permittees,"on the weekly TTB permittee list; a permit is permission, not a working still"
ttb-basic-permit,KY-S-20104,WENZEL LLC,United States,2026-09-20,live,,,,,,,,,,,,https://www.ttb.gov/public-information/foia/list-of-permittees,"on the weekly TTB permittee list; a permit is permission, not a working still"
ttb-basic-permit,KY-S-20105,"LUXCO, INC.",United States,2026-09-20,live,,,,,,,,,,,,https://www.ttb.gov/public-information/foia/list-of-permittees,"on the weekly TTB permittee list; a permit is permission, not a working still"
ttb-basic-permit,KY-S-20106,"LUXCO, INC.",United States,2026-09-20,live,,,,,,,,,,,,https://www.ttb.gov/public-information/foia/list-of-permittees,"on the weekly TTB permittee list; a permit is permission, not a working still"
ttb-basic-permit,KY-S-20110,"FRESH BOURBON, LLC",United States,2026-09-20,live,,,,,,,,,,,,https://www.ttb.gov/public-information/foia/list-of-permittees,"on the weekly TTB permittee list; a permit is permission, not a working still"
ttb-basic-permit,KY-S-20113,GENERAL GEORGE STILLHOUSE LIMITED LIABILITY COMPANY,United States,2026-09-20,live,,,,,,,,,,,,https://www.ttb.gov/public-information/foia/list-of-permittees,"on the weekly TTB permittee list; a permit is permission, not a working still"
ttb-basic-permit,KY-S-20116,"GOLDEN POND DISTILLERIES, INC",United States,2026-09-20,live,,,,,,,,,,,,https://www.ttb.gov/public-information/foia/list-of-permittees,"on the weekly TTB permittee list; a permit is permission, not a working still"
ttb-basic-permit,KY-S-20122,THE KENTUCKY WHISKEY COMPANY LLC,United States,2026-09-20,live,,,,,,,,,,,,https://www.ttb.gov/public-information/foia/list-of-permittees,"on the weekly TTB permittee list; a permit is permission, not a working still"
ttb-basic-permit,KY-S-20127,MENLO FARMS L.L.C.,United States,2026-09-20,live,,,,,,,,,,,,https://www.ttb.gov/public-information/foia/list-of-permittees,"on the weekly TTB permittee list; a permit is permission, not a working still"
ttb-basic-permit,KY-S-20131,"NEELEY FAMILY DISTILLERY, INC.",United States,2026-09-20,live,,,,,,,,,,,,https://www.ttb.gov/public-information/foia/list-of-permittees,"on the weekly TTB permittee list; a permit is permission, not a working still"
ttb-basic-permit,KY-S-20132,"PURSUIT SPIRITS, LLC",United States,2026-09-20,live,,,,,,,,,,,,https://www.ttb.gov/public-information/foia/list-of-permittees,"on the weekly TTB permittee list; a permit is permission, not a working still"
ttb-basic-permit,KY-S-20153,"DOSSEY VINEYARDS, LLC",United States,2026-09-20,live,,,,,,,,,,,,https://www.ttb.gov/public-information/foia/list-of-permittees,"on the weekly TTB permittee list; a permit is permission, not a working still"
ttb-basic-permit,KY-S-20156,J & D DISTILLING COMPANY LLC,United States,2026-09-20,live,,,,,,,,,,,,https://www.ttb.gov/public-information/foia/list-of-permittees,"on the weekly TTB permittee list; a permit is permission, not a working still"
ttb-basic-permit,KY-S-20166,"UNCLE BOOJIES SPIRIT COMPANY, LLC",United States,2026-09-20,live,,,,,,,,,,,,https://www.ttb.gov/public-information/foia/list-of-permittees,"on the weekly TTB permittee list; a permit is permission, not a working still"
ttb-basic-permit,KY-S-20167,MANCHESTER DISTILLING LLC,United States,2026-09-20,live,,,,,,,,,,,,https://www.ttb.gov/public-information/foia/list-of-permittees,"on the weekly TTB permittee list; a permit is permission, not a working still"
ttb-basic-permit,KY-S-3,"MAKER'S MARK DISTILLERY, INC.",United States,2026-09-20,live,,,,,,,,,,,,https://www.ttb.gov/public-information/foia/list-of-permittees,"on the weekly TTB permittee list; a permit is permission, not a working still"
ttb-basic-permit,KY-S-47,FOUR ROSES DISTILLERY LLC,United States,2026-09-20,live,,,,,,,,,,,,https://www.ttb.gov/public-information/foia/list-of-permittees,"on the weekly TTB permittee list; a permit is permission, not a working still"
ttb-basic-permit,KY-S-770,"KENTUCKY BOURBON DISTILLERS, LTD.",United States,2026-09-20,live,,,,,,,,,,,,https://www.ttb.gov/public-information/foia/list-of-permittees,"on the weekly TTB permittee list; a permit is permission, not a working still"
ttb-basic-permit,KY-S-779,"HEAVEN HILL DISTILLERIES, INC.",United States,2026-09-20,live,,,,,,,,,,,,https://www.ttb.gov/public-information/foia/list-of-permittees,"on the weekly TTB permittee list; a permit is permission, not a working still"
ttb-basic-permit,KY-S-9,"BUFFALO TRACE DISTILLERY, INC.",United States,2026-09-20,live,,,,,,,,,,,,https://www.ttb.gov/public-information/foia/list-of-permittees,"on the weekly TTB permittee list; a permit is permission, not a working still"
ttb-basic-permit,LA-S-20013,"YELLOWFIN DISTILLERY, LLC",United States,2026-09-20,live,,,,,,,,,,,,https://www.ttb.gov/public-information/foia/list-of-permittees,"on the weekly TTB permittee list; a permit is permission, not a working still"
ttb-basic-permit,LA-S-20015,ROULAISON DISTILLING CO,United States,2026-09-20,live,,,,,,,,,,,,https://www.ttb.gov/public-information/foia/list-of-permittees,"on the weekly TTB permittee list; a permit is permission, not a working still"
ttb-basic-permit,LA-S-20021,"RIVER BASIN DISTILLERY, LLC",United States,2026-09-20,live,,,,,,,,,,,,https://www.ttb.gov/public-information/foia/list-of-permittees,"on the weekly TTB permittee list; a permit is permission, not a working still"
ttb-basic-permit,LA-S-20022,BOOTLEG DISTILLATION LLC,United States,2026-09-20,live,,,,,,,,,,,,https://www.ttb.gov/public-information/foia/list-of-permittees,"on the weekly TTB permittee list; a permit is permission, not a working still"
ttb-basic-permit,LA-S-20035,"SUGARFIELD SPIRITS, LLC",United States,2026-09-20,live,,,,,,,,,,,,https://www.ttb.gov/public-information/foia/list-of-permittees,"on the weekly TTB permittee list; a permit is permission, not a working still"
ttb-basic-permit,LA-S-20052,"SEVEN THREE DISTILLING COMPANY, LLC",United States,2026-09-20,live,,,,,,,,,,,,https://www.ttb.gov/public-information/foia/list-of-permittees,"on the weekly TTB permittee list; a permit is permission, not a working still"
ttb-basic-permit,LA-S-20056,"THE OLD ALKER DISTILLERY, LLC",United States,2026-09-20,live,,,,,,,,,,,,https://www.ttb.gov/public-information/foia/list-of-permittees,"on the weekly TTB permittee list; a permit is permission, not a working still"
ttb-basic-permit,LA-S-20058,WHAT IF DISTILLERY & BREWERY L.L.C.,United States,2026-09-20,live,,,,,,,,,,,,https://www.ttb.gov/public-information/foia/list-of-permittees,"on the weekly TTB permittee list; a permit is permission, not a working still"
ttb-basic-permit,MA-S-15002,"BERKSHIRE MOUNTAIN DISTILLERS, INC.",United States,2026-09-20,live,,,,,,,,,,,,https://www.ttb.gov/public-information/foia/list-of-permittees,"on the weekly TTB permittee list; a permit is permission, not a working still"
ttb-basic-permit,MA-S-15003,"BULLY BOY DISTILLERS, LLC",United States,2026-09-20,live,,,,,,,,,,,,https://www.ttb.gov/public-information/foia/list-of-permittees,"on the weekly TTB permittee list; a permit is permission, not a working still"
ttb-basic-permit,MA-S-15005,"PRIVATEER INTERNATIONAL, LLC",United States,2026-09-20,live,,,,,,,,,,,,https://www.ttb.gov/public-information/foia/list-of-permittees,"on the weekly TTB permittee list; a permit is permission, not a working still"
ttb-basic-permit,MA-S-20004,"DIRTY WATER DISTILLERY, LLC",United States,2026-09-20,live,,,,,,,,,,,,https://www.ttb.gov/public-information/foia/list-of-permittees,"on the weekly TTB permittee list; a permit is permission, not a working still"
ttb-basic-permit,MA-S-20005,"TRURO VINEYARDS OF CAPE COD, LLC",United States,2026-09-20,live,,,,,,,,,,,,https://www.ttb.gov/public-information/foia/list-of-permittees,"on the weekly TTB permittee list; a permit is permission, not a working still"
ttb-basic-permit,MA-S-20015,"SHORT PATH DISTILLERY, INC",United States,2026-09-20,live,,,,,,,,,,,,https://www.ttb.gov/public-information/foia/list-of-permittees,"on the weekly TTB permittee list; a permit is permission, not a working still"
ttb-basic-permit,MA-S-20017,"DEACON GILES, INC.",United States,2026-09-20,live,,,,,,,,,,,,https://www.ttb.gov/public-information/foia/list-of-permittees,"on the weekly TTB permittee list; a permit is permission, not a working still"
ttb-basic-permit,MA-S-20018,"BEAVER POND DISTILLERY, INC.",United States,2026-09-20,live,,,,,,,,,,,,https://www.ttb.gov/public-information/foia/list-of-permittees,"on the weekly TTB permittee list; a permit is permission, not a working still"
ttb-basic-permit,MA-S-20024,"CAPE AND ISLAND DISTILLERS, LLC",United States,2026-09-20,live,,,,,,,,,,,,https://www.ttb.gov/public-information/foia/list-of-permittees,"on the weekly TTB permittee list; a permit is permission, not a working still"
ttb-basic-permit,MA-S-20030,"MURR-MA DISTILLING COMPANY, LLC.",United States,2026-09-20,live,,,,,,,,,,,,https://www.ttb.gov/public-information/foia/list-of-permittees,"on the weekly TTB permittee list; a permit is permission, not a working still"
ttb-basic-permit,MA-S-20032,"THE BOSTON DISTILLING COMPANY, LLC",United States,2026-09-20,live,,,,,,,,,,,,https://www.ttb.gov/public-information/foia/list-of-permittees,"on the weekly TTB permittee list; a permit is permission, not a working still"
ttb-basic-permit,MA-S-20037,"GLENPHARMER DISTILLERY, LLC",United States,2026-09-20,live,,,,,,,,,,,,https://www.ttb.gov/public-information/foia/list-of-permittees,"on the weekly TTB permittee list; a permit is permission, not a working still"
ttb-basic-permit,MA-S-20057,"DEEP ROOTS DISTILLERY USA, LLC",United States,2026-09-20,live,,,,,,,,,,,,https://www.ttb.gov/public-information/foia/list-of-permittees,"on the weekly TTB permittee list; a permit is permission, not a working still"
ttb-basic-permit,MA-S-20068,SPICY WATER DISTILLERS LLC,United States,2026-09-20,live,,,,,,,,,,,,https://www.ttb.gov/public-information/foia/list-of-permittees,"on the weekly TTB permittee list; a permit is permission, not a working still"
ttb-basic-permit,MA-S-20069,"REGRET DISTILLERY, LLC",United States,2026-09-20,live,,,,,,,,,,,,https://www.ttb.gov/public-information/foia/list-of-permittees,"on the weekly TTB permittee list; a permit is permission, not a working still"
ttb-basic-permit,MA-S-20095,EKS VENTURES INC.,United States,2026-09-20,live,,,,,,,,,,,,https://www.ttb.gov/public-information/foia/list-of-permittees,"on the weekly TTB permittee list; a permit is permission, not a working still"
ttb-basic-permit,MA-S-96,"NASHOBA VALLEY SPIRITS, LTD.",United States,2026-09-20,live,,,,,,,,,,,,https://www.ttb.gov/public-information/foia/list-of-permittees,"on the weekly TTB permittee list; a permit is permission, not a working still"
ttb-basic-permit,MA-S-98,"TRIPLE EIGHT DISTILLERY, LLC",United States,2026-09-20,live,,,,,,,,,,,,https://www.ttb.gov/public-information/foia/list-of-permittees,"on the weekly TTB permittee list; a permit is permission, not a working still"
ttb-basic-permit,MD-S-20001,SPRINGFIELD MANOR WINERY & DISTILLERY LLC,United States,2026-09-20,live,,,,,,,,,,,,https://www.ttb.gov/public-information/foia/list-of-permittees,"on the weekly TTB permittee list; a permit is permission, not a working still"
ttb-basic-permit,MD-S-20005,CELICAR L.L.C.,United States,2026-09-20,live,,,,,,,,,,,,https://www.ttb.gov/public-information/foia/list-of-permittees,"on the weekly TTB permittee list; a permit is permission, not a working still"
ttb-basic-permit,MD-S-20013,"TOBACCO BARN DISTILLERY, LLC",United States,2026-09-20,live,,,,,,,,,,,,https://www.ttb.gov/public-information/foia/list-of-permittees,"on the weekly TTB permittee list; a permit is permission, not a working still"
ttb-basic-permit,MD-S-20014,"SANGFROID DISTILLING, LLC",United States,2026-09-20,live,,,,,,,,,,,,https://www.ttb.gov/public-information/foia/list-of-permittees,"on the weekly TTB permittee list; a permit is permission, not a working still"
ttb-basic-permit,MD-S-20015,"LOST ARK DISTILLING COMPANY, LLC",United States,2026-09-20,live,,,,,,,,,,,,https://www.ttb.gov/public-information/foia/list-of-permittees,"on the weekly TTB permittee list; a permit is permission, not a working still"
ttb-basic-permit,MD-S-20016,"DRAGON DISTILLERY, LLC",United States,2026-09-20,live,,,,,,,,,,,,https://www.ttb.gov/public-information/foia/list-of-permittees,"on the weekly TTB permittee list; a permit is permission, not a working still"
ttb-basic-permit,MD-S-20017,MCCLINTOCK DISTILLING LLC.,United States,2026-09-20,live,,,,,,,,,,,,https://www.ttb.gov/public-information/foia/list-of-permittees,"on the weekly TTB permittee list; a permit is permission, not a working still"
ttb-basic-permit,MD-S-20018,"CARROLL CREEK WHISKEY, LLC",United States,2026-09-20,live,,,,,,,,,,,,https://www.ttb.gov/public-information/foia/list-of-permittees,"on the weekly TTB permittee list; a permit is permission, not a working still"
ttb-basic-permit,MD-S-20019,"SAGAMORE WHISKEY, LLC",United States,2026-09-20,live,,,,,,,,,,,,https://www.ttb.gov/public-information/foia/list-of-permittees,"on the weekly TTB permittee list; a permit is permission, not a working still"
ttb-basic-permit,MD-S-20022,"O.C. SEACRETS, INC.",United States,2026-09-20,live,,,,,,,,,,,,https://www.ttb.gov/public-information/foia/list-of-permittees,"on the weekly TTB permittee list; a permit is permission, not a working still"
ttb-basic-permit,MD-S-20023,PATAPSCO DISTILLING COMPANY,United States,2026-09-20,live,,,,,,,,,,,,https://www.ttb.gov/public-information/foia/list-of-permittees,"on the weekly TTB permittee list; a permit is permission, not a working still"
ttb-basic-permit,MD-S-20027,CHARIS WINERY INC,United States,2026-09-20,live,,,,,,,,,,,,https://www.ttb.gov/public-information/foia/list-of-permittees,"on the weekly TTB permittee list; a permit is permission, not a working still"
ttb-basic-permit,MD-S-20029,THREE NOTCH TRAIL DISTILLERY LLC,United States,2026-09-20,live,,,,,,,,,,,,https://www.ttb.gov/public-information/foia/list-of-permittees,"on the weekly TTB permittee list; a permit is permission, not a working still"
ttb-basic-permit,MD-S-20036,"FORDHAM LEE DISTILLERY, LLC",United States,2026-09-20,live,,,,,,,,,,,,https://www.ttb.gov/public-information/foia/list-of-permittees,"on the weekly TTB permittee list; a permit is permission, not a working still"
ttb-basic-permit,MD-S-20040,"ELLICOTT DISTILLING COMPANY, LLC",United States,2026-09-20,live,,,,,,,,,,,,https://www.ttb.gov/public-information/foia/list-of-permittees,"on the weekly TTB permittee list; a permit is permission, not a working still"
ttb-basic-permit,MD-S-20042,OLD COURTHOUSE DISTILLING LLC,United States,2026-09-20,live,,,,,,,,,,,,https://www.ttb.gov/public-information/foia/list-of-permittees,"on the weekly TTB permittee list; a permit is permission, not a working still"
ttb-basic-permit,MD-S-20047,"PUERTO RICO DISTILLERY, LLC",United States,2026-09-20,live,,,,,,,,,,,,https://www.ttb.gov/public-information/foia/list-of-permittees,"on the weekly TTB permittee list; a permit is permission, not a working still"
ttb-basic-permit,MD-S-20049,"PLEASANT VALLEY DISTILLERY, LLC",United States,2026-09-20,live,,,,,,,,,,,,https://www.ttb.gov/public-information/foia/list-of-permittees,"on the weekly TTB permittee list; a permit is permission, not a working still"
ttb-basic-permit,MD-S-20050,DISTRICT CANDOR DISTILLING LLC,United States,2026-09-20,live,,,,,,,,,,,,https://www.ttb.gov/public-information/foia/list-of-permittees,"on the weekly TTB permittee list; a permit is permission, not a working still"
ttb-basic-permit,MD-S-20057,"MEINELSCHMIDT DISTILLERY, INC.",United States,2026-09-20,live,,,,,,,,,,,,https://www.ttb.gov/public-information/foia/list-of-permittees,"on the weekly TTB permittee list; a permit is permission, not a working still"
ttb-basic-permit,MD-S-20061,COVALENT SPIRITS LLC,United States,2026-09-20,live,,,,,,,,,,,,https://www.ttb.gov/public-information/foia/list-of-permittees,"on the weekly TTB permittee list; a permit is permission, not a working still"
ttb-basic-permit,MD-S-20064,"SAZERAC OF NEW HAMPSHIRE, LLC",United States,2026-09-20,live,,,,,,,,,,,,https://www.ttb.gov/public-information/foia/list-of-permittees,"on the weekly TTB permittee list; a permit is permission, not a working still"
ttb-basic-permit,MD-S-20067,ROSIE CHEEKS LLC,United States,2026-09-20,live,,,,,,,,,,,,https://www.ttb.gov/public-information/foia/list-of-permittees,"on the weekly TTB permittee list; a permit is permission, not a working still"
ttb-basic-permit,MD-S-20074,OVERSEA DISTILLERY LLC,United States,2026-09-20,live,,,,,,,,,,,,https://www.ttb.gov/public-information/foia/list-of-permittees,"on the weekly TTB permittee list; a permit is permission, not a working still"
ttb-basic-permit,MD-S-20078,J & J DISTILLERS LLC,United States,2026-09-20,live,,,,,,,,,,,,https://www.ttb.gov/public-information/foia/list-of-permittees,"on the weekly TTB permittee list; a permit is permission, not a working still"
ttb-basic-permit,MD-S-20080,"LONE OAK BREWING COMPANY, LLC",United States,2026-09-20,live,,,,,,,,,,,,https://www.ttb.gov/public-information/foia/list-of-permittees,"on the weekly TTB permittee list; a permit is permission, not a working still"
ttb-basic-permit,MD-S-20081,SONG DOG SPIRITS LLC,United States,2026-09-20,live,,,,,,,,,,,,https://www.ttb.gov/public-information/foia/list-of-permittees,"on the weekly TTB permittee list; a permit is permission, not a working still"
ttb-basic-permit,ME-S-15001,BARTLETT MAINE ESTATE WINERY,United States,2026-09-20,live,,,,,,,,,,,,https://www.ttb.gov/public-information/foia/list-of-permittees,"on the weekly TTB permittee list; a permit is permission, not a working still"
ttb-basic-permit,ME-S-15003,THE NORTHERN MAINE DISTILLING COMPANY,United States,2026-09-20,live,,,,,,,,,,,,https://www.ttb.gov/public-information/foia/list-of-permittees,"on the weekly TTB permittee list; a permit is permission, not a working still"
ttb-basic-permit,ME-S-15007,"NEW ENGLAND DISTILLING, LLC",United States,2026-09-20,live,,,,,,,,,,,,https://www.ttb.gov/public-information/foia/list-of-permittees,"on the weekly TTB permittee list; a permit is permission, not a working still"
ttb-basic-permit,ME-S-20004,"WIGGLY BRIDGE DISTILLERIES, LLC",United States,2026-09-20,live,,,,,,,,,,,,https://www.ttb.gov/public-information/foia/list-of-permittees,"on the weekly TTB permittee list; a permit is permission, not a working still"
ttb-basic-permit,ME-S-20011,LU-DZ LLC,United States,2026-09-20,live,,,,,,,,,,,,https://www.ttb.gov/public-information/foia/list-of-permittees,"on the weekly TTB permittee list; a permit is permission, not a working still"
ttb-basic-permit,ME-S-20024,"LUCKY DOG DISTILLING, LLC",United States,2026-09-20,live,,,,,,,,,,,,https://www.ttb.gov/public-information/foia/list-of-permittees,"on the weekly TTB permittee list; a permit is permission, not a working still"
ttb-basic-permit,MI-S-15002,TEMPERANCE DISTILLING COMPANY,United States,2026-09-20,live,,,,,,,,,,,,https://www.ttb.gov/public-information/foia/list-of-permittees,"on the weekly TTB permittee list; a permit is permission, not a working still"
ttb-basic-permit,MI-S-15003,"GRAND TRAVERSE DISTILLERY, L.L.C.",United States,2026-09-20,live,,,,,,,,,,,,https://www.ttb.gov/public-information/foia/list-of-permittees,"on the weekly TTB permittee list; a permit is permission, not a working still"
ttb-basic-permit,MI-S-15010,"UGLY DOG DISTILLERY, LLC",United States,2026-09-20,live,,,,,,,,,,,,https://www.ttb.gov/public-information/foia/list-of-permittees,"on the weekly TTB permittee list; a permit is permission, not a working still"
ttb-basic-permit,MI-S-15017,"MICHIGAN BEER CELLAR, LLC",United States,2026-09-20,live,,,,,,,,,,,,https://www.ttb.gov/public-information/foia/list-of-permittees,"on the weekly TTB permittee list; a permit is permission, not a working still"
ttb-basic-permit,MI-S-15019,"WORKING BUGS, LLC",United States,2026-09-20,live,,,,,,,,,,,,https://www.ttb.gov/public-information/foia/list-of-permittees,"on the weekly TTB permittee list; a permit is permission, not a working still"
ttb-basic-permit,MI-S-15025,"JOURNEYMAN DISTILLERY, LLC",United States,2026-09-20,live,,,,,,,,,,,,https://www.ttb.gov/public-information/foia/list-of-permittees,"on the weekly TTB permittee list; a permit is permission, not a working still"
ttb-basic-permit,MI-S-196,"ST. JULIAN WINE COMPANY, INC.",United States,2026-09-20,live,,,,,,,,,,,,https://www.ttb.gov/public-information/foia/list-of-permittees,"on the weekly TTB permittee list; a permit is permission, not a working still"
ttb-basic-permit,MI-S-20001,"NORTHERN LATITUDES DISTILLERY, LLC",United States,2026-09-20,live,,,,,,,,,,,,https://www.ttb.gov/public-information/foia/list-of-permittees,"on the weekly TTB permittee list; a permit is permission, not a working still"
ttb-basic-permit,MI-S-20007,"NORTHERN UNITED BREWING COMPANY, LLC",United States,2026-09-20,live,,,,,,,,,,,,https://www.ttb.gov/public-information/foia/list-of-permittees,"on the weekly TTB permittee list; a permit is permission, not a working still"
ttb-basic-permit,MI-S-20009,"D'STILL, LLC",United States,2026-09-20,live,,,,,,,,,,,,https://www.ttb.gov/public-information/foia/list-of-permittees,"on the weekly TTB permittee list; a permit is permission, not a working still"
ttb-basic-permit,MI-S-20010,"DETROIT CITY DISTILLERY, LLC",United States,2026-09-20,live,,,,,,,,,,,,https://www.ttb.gov/public-information/foia/list-of-permittees,"on the weekly TTB permittee list; a permit is permission, not a working still"
ttb-basic-permit,MI-S-20023,MAMMOTH DISTILLING LLC,United States,2026-09-20,live,,,,,,,,,,,,https://www.ttb.gov/public-information/foia/list-of-permittees,"on the weekly TTB permittee list; a permit is permission, not a working still"
ttb-basic-permit,MI-S-20024,LONG ROAD DISTILLERS LLC,United States,2026-09-20,live,,,,,,,,,,,,https://www.ttb.gov/public-information/foia/list-of-permittees,"on the weekly TTB permittee list; a permit is permission, not a working still"
ttb-basic-permit,MI-S-20027,RUSTED CROW SPIRITS LLC,United States,2026-09-20,live,,,,,,,,,,,,https://www.ttb.gov/public-information/foia/list-of-permittees,"on the weekly TTB permittee list; a permit is permission, not a working still"
ttb-basic-permit,MI-S-20048,"GRAY SKIES DISTILLERY, LLC",United States,2026-09-20,live,,,,,,,,,,,,https://www.ttb.gov/public-information/foia/list-of-permittees,"on the weekly TTB permittee list; a permit is permission, not a working still"
ttb-basic-permit,MI-S-20049,"ANN ARBOR DISTILLING COMPANY, LLC",United States,2026-09-20,live,,,,,,,,,,,,https://www.ttb.gov/public-information/foia/list-of-permittees,"on the weekly TTB permittee list; a permit is permission, not a working still"
ttb-basic-permit,MI-S-20054,"IRON FISH DISTILLERY, LLC",United States,2026-09-20,live,,,,,,,,,,,,https://www.ttb.gov/public-information/foia/list-of-permittees,"on the weekly TTB permittee list; a permit is permission, not a working still"
ttb-basic-permit,MI-S-20064,"LES CHENEAUX DISTILLERS, INC.",United States,2026-09-20,live,,,,,,,,,,,,https://www.ttb.gov/public-information/foia/list-of-permittees,"on the weekly TTB permittee list; a permit is permission, not a working still"
ttb-basic-permit,MI-S-20065,ETHANOLOGY L.L.C.,United States,2026-09-20,live,,,,,,,,,,,,https://www.ttb.gov/public-information/foia/list-of-permittees,"on the weekly TTB permittee list; a permit is permission, not a working still"
ttb-basic-permit,MI-S-20089,"SHIPWRECK DISTILLERY, LLC",United States,2026-09-20,live,,,,,,,,,,,,https://www.ttb.gov/public-information/foia/list-of-permittees,"on the weekly TTB permittee list; a permit is permission, not a working still"
ttb-basic-permit,MI-S-20091,RIVER RAISIN DISTILLERY LLC,United States,2026-09-20,live,,,,,,,,,,,,https://www.ttb.gov/public-information/foia/list-of-permittees,"on the weekly TTB permittee list; a permit is permission, not a working still"
ttb-basic-permit,MI-S-20092,"IRON SHOE DISTILLING, LLC",United States,2026-09-20,live,,,,,,,,,,,,https://www.ttb.gov/public-information/foia/list-of-permittees,"on the weekly TTB permittee list; a permit is permission, not a working still"
ttb-basic-permit,MI-S-20125,GULL LAKE DISTILLING COMPANY LLC,United States,2026-09-20,live,,,,,,,,,,,,https://www.ttb.gov/public-information/foia/list-of-permittees,"on the weekly TTB permittee list; a permit is permission, not a working still"
ttb-basic-permit,MI-S-20135,WONDERLAND DISTILLING CO.,United States,2026-09-20,live,,,,,,,,,,,,https://www.ttb.gov/public-information/foia/list-of-permittees,"on the weekly TTB permittee list; a permit is permission, not a working still"
ttb-basic-permit,MI-S-20146,"THREE BRIDGES DISTILLERY AND TAPROOM, LLC",United States,2026-09-20,live,,,,,,,,,,,,https://www.ttb.gov/public-information/foia/list-of-permittees,"on the weekly TTB permittee list; a permit is permission, not a working still"
ttb-basic-permit,MI-S-20154,THE HONORABLE DISTILLERIES INC.,United States,2026-09-20,live,,,,,,,,,,,,https://www.ttb.gov/public-information/foia/list-of-permittees,"on the weekly TTB permittee list; a permit is permission, not a working still"
ttb-basic-permit,MI-S-20180,"SHORTCUT SPIRITS, LLC",United States,2026-09-20,live,,,,,,,,,,,,https://www.ttb.gov/public-information/foia/list-of-permittees,"on the weekly TTB permittee list; a permit is permission, not a working still"
ttb-basic-permit,MI-S-20181,MORAVIAN SONS DISTILLING LLC.,United States,2026-09-20,live,,,,,,,,,,,,https://www.ttb.gov/public-information/foia/list-of-permittees,"on the weekly TTB permittee list; a permit is permission, not a working still"
ttb-basic-permit,MI-S-20200,"Q5 DISTILLERY, LLC",United States,2026-09-20,live,,,,,,,,,,,,https://www.ttb.gov/public-information/foia/list-of-permittees,"on the weekly TTB permittee list; a permit is permission, not a working still"
ttb-basic-permit,MI-S-20220,COPPER KETTLE II LLC,United States,2026-09-20,live,,,,,,,,,,,,https://www.ttb.gov/public-information/foia/list-of-permittees,"on the weekly TTB permittee list; a permit is permission, not a working still"
ttb-basic-permit,MI-S-20224,TASHMOO DISTILLING COMPANY LLC,United States,2026-09-20,live,,,,,,,,,,,,https://www.ttb.gov/public-information/foia/list-of-permittees,"on the weekly TTB permittee list; a permit is permission, not a working still"
ttb-basic-permit,MI-S-20226,WHOLE HEARTED WINERY INC,United States,2026-09-20,live,,,,,,,,,,,,https://www.ttb.gov/public-information/foia/list-of-permittees,"on the weekly TTB permittee list; a permit is permission, not a working still"
ttb-basic-permit,MI-S-20263,"WATER TOWER DISTILLING CO., LLC",United States,2026-09-20,live,,,,,,,,,,,,https://www.ttb.gov/public-information/foia/list-of-permittees,"on the weekly TTB permittee list; a permit is permission, not a working still"
ttb-basic-permit,MI-S-20264,GREAT LAKES BAY DISTILLERY LLC,United States,2026-09-20,live,,,,,,,,,,,,https://www.ttb.gov/public-information/foia/list-of-permittees,"on the weekly TTB permittee list; a permit is permission, not a working still"
ttb-basic-permit,MI-S-20270,TODD STEPHEN LOCICERO,United States,2026-09-20,live,,,,,,,,,,,,https://www.ttb.gov/public-information/foia/list-of-permittees,"on the weekly TTB permittee list; a permit is permission, not a working still"
ttb-basic-permit,MI-S-20296,TWISTED TAP DISTILLERY LLC,United States,2026-09-20,live,,,,,,,,,,,,https://www.ttb.gov/public-information/foia/list-of-permittees,"on the weekly TTB permittee list; a permit is permission, not a working still"
ttb-basic-permit,MN-S-20002,NORSEMAN DISTILLERY LLC,United States,2026-09-20,live,,,,,,,,,,,,https://www.ttb.gov/public-information/foia/list-of-permittees,"on the weekly TTB permittee list; a permit is permission, not a working still"
ttb-basic-permit,MN-S-20006,"LAKE COUNTRY LIBARE DISTILLING, LLC",United States,2026-09-20,live,,,,,,,,,,,,https://www.ttb.gov/public-information/foia/list-of-permittees,"on the weekly TTB permittee list; a permit is permission, not a working still"
ttb-basic-permit,MN-S-20008,"LOON LIQUORS, LLC",United States,2026-09-20,live,,,,,,,,,,,,https://www.ttb.gov/public-information/foia/list-of-permittees,"on the weekly TTB permittee list; a permit is permission, not a working still"
ttb-basic-permit,MN-S-20011,"CHANKASKA CREEK RANCH & WINERY, LLC",United States,2026-09-20,live,,,,,,,,,,,,https://www.ttb.gov/public-information/foia/list-of-permittees,"on the weekly TTB permittee list; a permit is permission, not a working still"
ttb-basic-permit,MN-S-20015,BROTHER JUSTUS WHISKEY CO. LLC,United States,2026-09-20,live,,,,,,,,,,,,https://www.ttb.gov/public-information/foia/list-of-permittees,"on the weekly TTB permittee list; a permit is permission, not a working still"
ttb-basic-permit,MN-S-20025,THE DAMPFWERK DISTILLERY CO,United States,2026-09-20,live,,,,,,,,,,,,https://www.ttb.gov/public-information/foia/list-of-permittees,"on the weekly TTB permittee list; a permit is permission, not a working still"
ttb-basic-permit,MN-S-20029,"PANTHER DISTILLERY, LLC",United States,2026-09-20,live,,,,,,,,,,,,https://www.ttb.gov/public-information/foia/list-of-permittees,"on the weekly TTB permittee list; a permit is permission, not a working still"
ttb-basic-permit,MN-S-20036,"10,000 DROPS CRAFT DISTILLERS LLC",United States,2026-09-20,live,,,,,,,,,,,,https://www.ttb.gov/public-information/foia/list-of-permittees,"on the weekly TTB permittee list; a permit is permission, not a working still"
ttb-basic-permit,MN-S-20038,"DULUTH WHISKEY PROJECT, LLC",United States,2026-09-20,live,,,,,,,,,,,,https://www.ttb.gov/public-information/foia/list-of-permittees,"on the weekly TTB permittee list; a permit is permission, not a working still"
ttb-basic-permit,MN-S-20048,BRAINERD DISTILLING COMPANY,United States,2026-09-20,live,,,,,,,,,,,,https://www.ttb.gov/public-information/foia/list-of-permittees,"on the weekly TTB permittee list; a permit is permission, not a working still"
ttb-basic-permit,MN-S-20056,FORGE AND FOUNDRY DISTILLERY COMPANY,United States,2026-09-20,live,,,,,,,,,,,,https://www.ttb.gov/public-information/foia/list-of-permittees,"on the weekly TTB permittee list; a permit is permission, not a working still"
ttb-basic-permit,MN-S-20060,"O'SHAUGHNESSY DISTILLING, LLC",United States,2026-09-20,live,,,,,,,,,,,,https://www.ttb.gov/public-information/foia/list-of-permittees,"on the weekly TTB permittee list; a permit is permission, not a working still"
ttb-basic-permit,MN-S-20068,MAD HATTER WHISKEY LLC,United States,2026-09-20,live,,,,,,,,,,,,https://www.ttb.gov/public-information/foia/list-of-permittees,"on the weekly TTB permittee list; a permit is permission, not a working still"
ttb-basic-permit,MN-S-20072,"BLACK FROST DISTILLING, LLC",United States,2026-09-20,live,,,,,,,,,,,,https://www.ttb.gov/public-information/foia/list-of-permittees,"on the weekly TTB permittee list; a permit is permission, not a working still"
ttb-basic-permit,MN-S-20073,IRON STREET DISTILLERY LLC,United States,2026-09-20,live,,,,,,,,,,,,https://www.ttb.gov/public-information/foia/list-of-permittees,"on the weekly TTB permittee list; a permit is permission, not a working still"
ttb-basic-permit,MO-S-15012,"ST. LOUIS DISTILLERY, LLC",United States,2026-09-20,live,,,,,,,,,,,,https://www.ttb.gov/public-information/foia/list-of-permittees,"on the weekly TTB permittee list; a permit is permission, not a working still"
ttb-basic-permit,MO-S-15013,ARTISAN SPIRITS LLC,United States,2026-09-20,live,,,,,,,,,,,,https://www.ttb.gov/public-information/foia/list-of-permittees,"on the weekly TTB permittee list; a permit is permission, not a working still"
ttb-basic-permit,MO-S-20014,DOGMASTER DISTILLERY L.L.C.,United States,2026-09-20,live,,,,,,,,,,,,https://www.ttb.gov/public-information/foia/list-of-permittees,"on the weekly TTB permittee list; a permit is permission, not a working still"
ttb-basic-permit,MO-S-20018,"TOM'S TOWN DISTILLING COMPANY, LLC.",United States,2026-09-20,live,,,,,,,,,,,,https://www.ttb.gov/public-information/foia/list-of-permittees,"on the weekly TTB permittee list; a permit is permission, not a working still"
ttb-basic-permit,MO-S-20022,"RESTLESS SPIRITS DISTILLING COMPANY, LLC",United States,2026-09-20,live,,,,,,,,,,,,https://www.ttb.gov/public-information/foia/list-of-permittees,"on the weekly TTB permittee list; a permit is permission, not a working still"
ttb-basic-permit,MO-S-20027,"WOODSMEN, LLC",United States,2026-09-20,live,,,,,,,,,,,,https://www.ttb.gov/public-information/foia/list-of-permittees,"on the weekly TTB permittee list; a permit is permission, not a working still"
ttb-basic-permit,MO-S-20028,MISSOURI RIDGE DISTILLERY LLC,United States,2026-09-20,live,,,,,,,,,,,,https://www.ttb.gov/public-information/foia/list-of-permittees,"on the weekly TTB permittee list; a permit is permission, not a working still"
ttb-basic-permit,MO-S-20030,OZARK MOUNTAIN DISTILLING LLC,United States,2026-09-20,live,,,,,,,,,,,,https://www.ttb.gov/public-information/foia/list-of-permittees,"on the weekly TTB permittee list; a permit is permission, not a working still"
ttb-basic-permit,MO-S-20035,"ROCKIN' A DISTILLERY, LLC",United States,2026-09-20,live,,,,,,,,,,,,https://www.ttb.gov/public-information/foia/list-of-permittees,"on the weekly TTB permittee list; a permit is permission, not a working still"
ttb-basic-permit,MO-S-20037,"WEISS HOLDINGS, LLC",United States,2026-09-20,live,,,,,,,,,,,,https://www.ttb.gov/public-information/foia/list-of-permittees,"on the weekly TTB permittee list; a permit is permission, not a working still"
ttb-basic-permit,MO-S-20041,"DIERBERG EDUCATIONAL FOUNDATION, INC.",United States,2026-09-20,live,,,,,,,,,,,,https://www.ttb.gov/public-information/foia/list-of-permittees,"on the weekly TTB permittee list; a permit is permission, not a working still"
ttb-basic-permit,MO-S-20044,MEAN MULE DISTILLERY CO LLC,United States,2026-09-20,live,,,,,,,,,,,,https://www.ttb.gov/public-information/foia/list-of-permittees,"on the weekly TTB permittee list; a permit is permission, not a working still"
ttb-basic-permit,MO-S-20049,"ROCKY TOP ENTERPRISES, LLC",United States,2026-09-20,live,,,,,,,,,,,,https://www.ttb.gov/public-information/foia/list-of-permittees,"on the weekly TTB permittee list; a permit is permission, not a working still"
ttb-basic-permit,MO-S-20055,PHANTOM V DISTILLING COMPANY LLC,United States,2026-09-20,live,,,,,,,,,,,,https://www.ttb.gov/public-information/foia/list-of-permittees,"on the weekly TTB permittee list; a permit is permission, not a working still"
ttb-basic-permit,MO-S-20056,NOBLETONS LLC,United States,2026-09-20,live,,,,,,,,,,,,https://www.ttb.gov/public-information/foia/list-of-permittees,"on the weekly TTB permittee list; a permit is permission, not a working still"
ttb-basic-permit,MO-S-20064,COPPER RUN ENTERPRISES LLC,United States,2026-09-20,live,,,,,,,,,,,,https://www.ttb.gov/public-information/foia/list-of-permittees,"on the weekly TTB permittee list; a permit is permission, not a working still"
ttb-basic-permit,MO-S-20067,OLD OZARKIAN DISTILLERY LLC,United States,2026-09-20,live,,,,,,,,,,,,https://www.ttb.gov/public-information/foia/list-of-permittees,"on the weekly TTB permittee list; a permit is permission, not a working still"
ttb-basic-permit,MO-S-20068,"BLACKSMITH ARTISANAL SPIRITS, LLC",United States,2026-09-20,live,,,,,,,,,,,,https://www.ttb.gov/public-information/foia/list-of-permittees,"on the weekly TTB permittee list; a permit is permission, not a working still"
ttb-basic-permit,MO-S-20072,KROOKED MOON DISTILLERY LLC,United States,2026-09-20,live,,,,,,,,,,,,https://www.ttb.gov/public-information/foia/list-of-permittees,"on the weekly TTB permittee list; a permit is permission, not a working still"
ttb-basic-permit,MO-S-20074,"SWEETWATER DISTILLERY, LLC",United States,2026-09-20,live,,,,,,,,,,,,https://www.ttb.gov/public-information/foia/list-of-permittees,"on the weekly TTB permittee list; a permit is permission, not a working still"
ttb-basic-permit,MO-S-20081,"FARM AND SPIRIT, INC",United States,2026-09-20,live,,,,,,,,,,,,https://www.ttb.gov/public-information/foia/list-of-permittees,"on the weekly TTB permittee list; a permit is permission, not a working still"
ttb-basic-permit,MO-S-20088,"BOOTHEEL SPIRITS DISTILLERY, LLC",United States,2026-09-20,live,,,,,,,,,,,,https://www.ttb.gov/public-information/foia/list-of-permittees,"on the weekly TTB permittee list; a permit is permission, not a working still"
ttb-basic-permit,MO-S-20091,"FENCE STILE, LLC",United States,2026-09-20,live,,,,,,,,,,,,https://www.ttb.gov/public-information/foia/list-of-permittees,"on the weekly TTB permittee list; a permit is permission, not a working still"
ttb-basic-permit,MO-S-20106,RED OX DISTILLERY LLC,United States,2026-09-20,live,,,,,,,,,,,,https://www.ttb.gov/public-information/foia/list-of-permittees,"on the weekly TTB permittee list; a permit is permission, not a working still"
ttb-basic-permit,MO-S-20115,"BURNT BARREL MEADERY, LLC",United States,2026-09-20,live,,,,,,,,,,,,https://www.ttb.gov/public-information/foia/list-of-permittees,"on the weekly TTB permittee list; a permit is permission, not a working still"
ttb-basic-permit,MO-S-20117,"FRIENDSHIP BREWING COMPANY, LLC",United States,2026-09-20,live,,,,,,,,,,,,https://www.ttb.gov/public-information/foia/list-of-permittees,"on the weekly TTB permittee list; a permit is permission, not a working still"
ttb-basic-permit,MO-S-20121,"PARKWAY DISTILLERY, LLC",United States,2026-09-20,live,,,,,,,,,,,,https://www.ttb.gov/public-information/foia/list-of-permittees,"on the weekly TTB permittee list; a permit is permission, not a working still"
ttb-basic-permit,MO-S-20122,DEER RIDGE DISTILLERY LLC,United States,2026-09-20,live,,,,,,,,,,,,https://www.ttb.gov/public-information/foia/list-of-permittees,"on the weekly TTB permittee list; a permit is permission, not a working still"
ttb-basic-permit,MO-S-20130,STONE LEDGE SPIRITS COMPANY LLC,United States,2026-09-20,live,,,,,,,,,,,,https://www.ttb.gov/public-information/foia/list-of-permittees,"on the weekly TTB permittee list; a permit is permission, not a working still"
ttb-basic-permit,MO-S-20131,TJB DISTILLERY LLC,United States,2026-09-20,live,,,,,,,,,,,,https://www.ttb.gov/public-information/foia/list-of-permittees,"on the weekly TTB permittee list; a permit is permission, not a working still"
ttb-basic-permit,MO-S-20134,DAILY OBJECTIVE LLC,United States,2026-09-20,live,,,,,,,,,,,,https://www.ttb.gov/public-information/foia/list-of-permittees,"on the weekly TTB permittee list; a permit is permission, not a working still"
ttb-basic-permit,MS-S-15000,"BOTTLE TREE BEVERAGE COMPANY, LLC",United States,2026-09-20,live,,,,,,,,,,,,https://www.ttb.gov/public-information/foia/list-of-permittees,"on the weekly TTB permittee list; a permit is permission, not a working still"
ttb-basic-permit,MS-S-20005,"CIVILIZATION SPIRITS, LLC",United States,2026-09-20,live,,,,,,,,,,,,https://www.ttb.gov/public-information/foia/list-of-permittees,"on the weekly TTB permittee list; a permit is permission, not a working still"
ttb-basic-permit,MS-S-20010,"BEAVER CREEK BOTANICALS, LLC",United States,2026-09-20,live,,,,,,,,,,,,https://www.ttb.gov/public-information/foia/list-of-permittees,"on the weekly TTB permittee list; a permit is permission, not a working still"
ttb-basic-permit,MT-S-15009,"GLACIER DISTILLING, LLC",United States,2026-09-20,live,,,,,,,,,,,,https://www.ttb.gov/public-information/foia/list-of-permittees,"on the weekly TTB permittee list; a permit is permission, not a working still"
ttb-basic-permit,MT-S-15011,"MONTGOMERY DISTILLERY, INC.",United States,2026-09-20,live,,,,,,,,,,,,https://www.ttb.gov/public-information/foia/list-of-permittees,"on the weekly TTB permittee list; a permit is permission, not a working still"
ttb-basic-permit,MT-S-20001,"BOOTLEG DISTILLERY, INC.",United States,2026-09-20,live,,,,,,,,,,,,https://www.ttb.gov/public-information/foia/list-of-permittees,"on the weekly TTB permittee list; a permit is permission, not a working still"
ttb-basic-permit,MT-S-20002,"WILLIE'S DISTILLERY, INC.",United States,2026-09-20,live,,,,,,,,,,,,https://www.ttb.gov/public-information/foia/list-of-permittees,"on the weekly TTB permittee list; a permit is permission, not a working still"
ttb-basic-permit,MT-S-20006,"BOZEMAN SPIRITS, LLC",United States,2026-09-20,live,,,,,,,,,,,,https://www.ttb.gov/public-information/foia/list-of-permittees,"on the weekly TTB permittee list; a permit is permission, not a working still"
ttb-basic-permit,MT-S-20007,"WILDRYE DISTILLING, LLC",United States,2026-09-20,live,,,,,,,,,,,,https://www.ttb.gov/public-information/foia/list-of-permittees,"on the weekly TTB permittee list; a permit is permission, not a working still"
ttb-basic-permit,MT-S-20008,STONEHOUSE DISTILLERY LLC,United States,2026-09-20,live,,,,,,,,,,,,https://www.ttb.gov/public-information/foia/list-of-permittees,"on the weekly TTB permittee list; a permit is permission, not a working still"
ttb-basic-permit,MT-S-20012,DRY HILLS DISTILLERY LLC,United States,2026-09-20,live,,,,,,,,,,,,https://www.ttb.gov/public-information/foia/list-of-permittees,"on the weekly TTB permittee list; a permit is permission, not a working still"
ttb-basic-permit,MT-S-20018,YOUNG ENTERPRISES LLC,United States,2026-09-20,live,,,,,,,,,,,,https://www.ttb.gov/public-information/foia/list-of-permittees,"on the weekly TTB permittee list; a permit is permission, not a working still"
ttb-basic-permit,MT-S-20019,"LOLO CREEK DISTILLERY, LLC",United States,2026-09-20,live,,,,,,,,,,,,https://www.ttb.gov/public-information/foia/list-of-permittees,"on the weekly TTB permittee list; a permit is permission, not a working still"
ttb-basic-permit,MT-S-20025,"ASYLUM DISTILLERY, INC.",United States,2026-09-20,live,,,,,,,,,,,,https://www.ttb.gov/public-information/foia/list-of-permittees,"on the weekly TTB permittee list; a permit is permission, not a working still"
ttb-basic-permit,MT-S-20027,"STAHL PEAK DISTILLERY, LLC",United States,2026-09-20,live,,,,,,,,,,,,https://www.ttb.gov/public-information/foia/list-of-permittees,"on the weekly TTB permittee list; a permit is permission, not a working still"
ttb-basic-permit,MT-S-20029,MONTANA WHISKEY COMPANY LLC,United States,2026-09-20,live,,,,,,,,,,,,https://www.ttb.gov/public-information/foia/list-of-permittees,"on the weekly TTB permittee list; a permit is permission, not a working still"
ttb-basic-permit,MT-S-20034,UNDAMMED DISTILLING CO LLC,United States,2026-09-20,live,,,,,,,,,,,,https://www.ttb.gov/public-information/foia/list-of-permittees,"on the weekly TTB permittee list; a permit is permission, not a working still"
ttb-basic-permit,MT-S-20035,LAKESIDE DISTILLERY LLC,United States,2026-09-20,live,,,,,,,,,,,,https://www.ttb.gov/public-information/foia/list-of-permittees,"on the weekly TTB permittee list; a permit is permission, not a working still"
ttb-basic-permit,MT-S-20039,"NAIAD CREATIVE, INC.",United States,2026-09-20,live,,,,,,,,,,,,https://www.ttb.gov/public-information/foia/list-of-permittees,"on the weekly TTB permittee list; a permit is permission, not a working still"
ttb-basic-permit,NC-S-15004,THE MAUNEY GROUP LLC,United States,2026-09-20,live,,,,,,,,,,,,https://www.ttb.gov/public-information/foia/list-of-permittees,"on the weekly TTB permittee list; a permit is permission, not a working still"
ttb-basic-permit,NC-S-15011,"BROADSLAB DISTILLERY, LLC",United States,2026-09-20,live,,,,,,,,,,,,https://www.ttb.gov/public-information/foia/list-of-permittees,"on the weekly TTB permittee list; a permit is permission, not a working still"
ttb-basic-permit,NC-S-15012,"BLUE RIDGE DISTILLING CO., INC.",United States,2026-09-20,live,,,,,,,,,,,,https://www.ttb.gov/public-information/foia/list-of-permittees,"on the weekly TTB permittee list; a permit is permission, not a working still"
ttb-basic-permit,NC-S-15013,MUDDY RIVER DISTILLERY LLC,United States,2026-09-20,live,,,,,,,,,,,,https://www.ttb.gov/public-information/foia/list-of-permittees,"on the weekly TTB permittee list; a permit is permission, not a working still"
ttb-basic-permit,NC-S-20003,"WINDSOR RUN CELLARS, INC.",United States,2026-09-20,live,,,,,,,,,,,,https://www.ttb.gov/public-information/foia/list-of-permittees,"on the weekly TTB permittee list; a permit is permission, not a working still"
ttb-basic-permit,NC-S-20007,STEVEN COX,United States,2026-09-20,live,,,,,,,,,,,,https://www.ttb.gov/public-information/foia/list-of-permittees,"on the weekly TTB permittee list; a permit is permission, not a working still"
ttb-basic-permit,NC-S-20018,OUTER BANKS CRAFT DISTILLING LLC,United States,2026-09-20,live,,,,,,,,,,,,https://www.ttb.gov/public-information/foia/list-of-permittees,"on the weekly TTB permittee list; a permit is permission, not a working still"
ttb-basic-permit,NC-S-20020,"WALTON'S DISTILLERY, INC.",United States,2026-09-20,live,,,,,,,,,,,,https://www.ttb.gov/public-information/foia/list-of-permittees,"on the weekly TTB permittee list; a permit is permission, not a working still"
ttb-basic-permit,NC-S-20022,"BROAD BRANCH DISTILLERY, LLC",United States,2026-09-20,live,,,,,,,,,,,,https://www.ttb.gov/public-information/foia/list-of-permittees,"on the weekly TTB permittee list; a permit is permission, not a working still"
ttb-basic-permit,NC-S-20030,"SEVEN JARS DISTILLERY, LLC",United States,2026-09-20,live,,,,,,,,,,,,https://www.ttb.gov/public-information/foia/list-of-permittees,"on the weekly TTB permittee list; a permit is permission, not a working still"
ttb-basic-permit,NC-S-20040,"FAINTING GOAT SPIRITS, LLC",United States,2026-09-20,live,,,,,,,,,,,,https://www.ttb.gov/public-information/foia/list-of-permittees,"on the weekly TTB permittee list; a permit is permission, not a working still"
ttb-basic-permit,NC-S-20044,"CAPE FEAR VINEYARD AND WINERY, LLC",United States,2026-09-20,live,,,,,,,,,,,,https://www.ttb.gov/public-information/foia/list-of-permittees,"on the weekly TTB permittee list; a permit is permission, not a working still"
ttb-basic-permit,NC-S-20048,"SMBV, LLC",United States,2026-09-20,live,,,,,,,,,,,,https://www.ttb.gov/public-information/foia/list-of-permittees,"on the weekly TTB permittee list; a permit is permission, not a working still"
ttb-basic-permit,NC-S-20049,OAK & GRIST DISTILLING COMPANY L.L.C.,United States,2026-09-20,live,,,,,,,,,,,,https://www.ttb.gov/public-information/foia/list-of-permittees,"on the weekly TTB permittee list; a permit is permission, not a working still"
ttb-basic-permit,NC-S-20052,"GUNPOWDER CREEK DISTILLERS, LLC",United States,2026-09-20,live,,,,,,,,,,,,https://www.ttb.gov/public-information/foia/list-of-permittees,"on the weekly TTB permittee list; a permit is permission, not a working still"
ttb-basic-permit,NC-S-20054,"GRAYBEARD DISTILLERY, INC.",United States,2026-09-20,live,,,,,,,,,,,,https://www.ttb.gov/public-information/foia/list-of-permittees,"on the weekly TTB permittee list; a permit is permission, not a working still"
ttb-basic-permit,NC-S-20057,"THE OLD NICK WILLIAMS COMPANY, INC.",United States,2026-09-20,live,,,,,,,,,,,,https://www.ttb.gov/public-information/foia/list-of-permittees,"on the weekly TTB permittee list; a permit is permission, not a working still"
ttb-basic-permit,NC-S-20059,"PINNIX DISTILLERY, INC.",United States,2026-09-20,live,,,,,,,,,,,,https://www.ttb.gov/public-information/foia/list-of-permittees,"on the weekly TTB permittee list; a permit is permission, not a working still"
ttb-basic-permit,NC-S-20060,"BOGUE SOUND DISTILLERY, INC.",United States,2026-09-20,live,,,,,,,,,,,,https://www.ttb.gov/public-information/foia/list-of-permittees,"on the weekly TTB permittee list; a permit is permission, not a working still"
ttb-basic-permit,NC-S-20062,"FOUNDING FATHERS DISTILLERY, LTD.",United States,2026-09-20,live,,,,,,,,,,,,https://www.ttb.gov/public-information/foia/list-of-permittees,"on the weekly TTB permittee list; a permit is permission, not a working still"
ttb-basic-permit,NC-S-20063,"WAREHOUSE DISTILLERY, LLC",United States,2026-09-20,live,,,,,,,,,,,,https://www.ttb.gov/public-information/foia/list-of-permittees,"on the weekly TTB permittee list; a permit is permission, not a working still"
ttb-basic-permit,NC-S-20067,"MURTO MADE, LLC",United States,2026-09-20,live,,,,,,,,,,,,https://www.ttb.gov/public-information/foia/list-of-permittees,"on the weekly TTB permittee list; a permit is permission, not a working still"
ttb-basic-permit,NC-S-20071,TWO TREES DISTILLING COMPANY LLC,United States,2026-09-20,live,,,,,,,,,,,,https://www.ttb.gov/public-information/foia/list-of-permittees,"on the weekly TTB permittee list; a permit is permission, not a working still"
ttb-basic-permit,NC-S-20086,"WELDON MILLS DISTILLERY, LLC",United States,2026-09-20,live,,,,,,,,,,,,https://www.ttb.gov/public-information/foia/list-of-permittees,"on the weekly TTB permittee list; a permit is permission, not a working still"
ttb-basic-permit,NC-S-20089,OLDE RALEIGH DISTILLERY LLC,United States,2026-09-20,live,,,,,,,,,,,,https://www.ttb.gov/public-information/foia/list-of-permittees,"on the weekly TTB permittee list; a permit is permission, not a working still"
ttb-basic-permit,NC-S-20090,HIBERNIA DISTILLING COMPANY LLC,United States,2026-09-20,live,,,,,,,,,,,,https://www.ttb.gov/public-information/foia/list-of-permittees,"on the weekly TTB permittee list; a permit is permission, not a working still"
ttb-basic-permit,NC-S-20094,"FOUR HOUNDS DISTILLING, LLC",United States,2026-09-20,live,,,,,,,,,,,,https://www.ttb.gov/public-information/foia/list-of-permittees,"on the weekly TTB permittee list; a permit is permission, not a working still"
ttb-basic-permit,NC-S-20100,"COPPER CREEK DISTILLERY, LLC.",United States,2026-09-20,live,,,,,,,,,,,,https://www.ttb.gov/public-information/foia/list-of-permittees,"on the weekly TTB permittee list; a permit is permission, not a working still"
ttb-basic-permit,NC-S-20101,LOCORUM DISTILLERY LLC,United States,2026-09-20,live,,,,,,,,,,,,https://www.ttb.gov/public-information/foia/list-of-permittees,"on the weekly TTB permittee list; a permit is permission, not a working still"
ttb-basic-permit,NC-S-20105,"BUFFALO CITY DISTILLERY, LLC",United States,2026-09-20,live,,,,,,,,,,,,https://www.ttb.gov/public-information/foia/list-of-permittees,"on the weekly TTB permittee list; a permit is permission, not a working still"
ttb-basic-permit,NC-S-20114,MOMENTUM SPIRITS LLC,United States,2026-09-20,live,,,,,,,,,,,,https://www.ttb.gov/public-information/foia/list-of-permittees,"on the weekly TTB permittee list; a permit is permission, not a working still"
ttb-basic-permit,NC-S-20120,OAKLORE DISTILLING COMPANY LLC,United States,2026-09-20,live,,,,,,,,,,,,https://www.ttb.gov/public-information/foia/list-of-permittees,"on the weekly TTB permittee list; a permit is permission, not a working still"
ttb-basic-permit,NC-S-20129,HIBERNIA DISTILLING COMPANY LLC,United States,2026-09-20,live,,,,,,,,,,,,https://www.ttb.gov/public-information/foia/list-of-permittees,"on the weekly TTB permittee list; a permit is permission, not a working still"
ttb-basic-permit,NC-S-20135,"HIDDEN SHIPS DISTILLERY, LLC",United States,2026-09-20,live,,,,,,,,,,,,https://www.ttb.gov/public-information/foia/list-of-permittees,"on the weekly TTB permittee list; a permit is permission, not a working still"
ttb-basic-permit,NC-S-20139,SEVEN TEN DISTILLERY LLC,United States,2026-09-20,live,,,,,,,,,,,,https://www.ttb.gov/public-information/foia/list-of-permittees,"on the weekly TTB permittee list; a permit is permission, not a working still"
ttb-basic-permit,NC-S-20151,"SG DISTILLERIES, LLC.",United States,2026-09-20,live,,,,,,,,,,,,https://www.ttb.gov/public-information/foia/list-of-permittees,"on the weekly TTB permittee list; a permit is permission, not a working still"
ttb-basic-permit,NC-S-20156,"MYSTIC FARM & DISTILLERY, INC.",United States,2026-09-20,live,,,,,,,,,,,,https://www.ttb.gov/public-information/foia/list-of-permittees,"on the weekly TTB permittee list; a permit is permission, not a working still"
ttb-basic-permit,NC-S-4,"PIEDMONT DISTILLERS, INC.",United States,2026-09-20,live,,,,,,,,,,,,https://www.ttb.gov/public-information/foia/list-of-permittees,"on the weekly TTB permittee list; a permit is permission, not a working still"
ttb-basic-permit,ND-S-20007,BIG DOG BEVERAGES LLC,United States,2026-09-20,live,,,,,,,,,,,,https://www.ttb.gov/public-information/foia/list-of-permittees,"on the weekly TTB permittee list; a permit is permission, not a working still"
ttb-basic-permit,NE-S-20002,"BORGATA BREWING AND DISTILLING, LLC",United States,2026-09-20,live,,,,,,,,,,,,https://www.ttb.gov/public-information/foia/list-of-permittees,"on the weekly TTB permittee list; a permit is permission, not a working still"
ttb-basic-permit,NE-S-20006,"GREAT PLAINS DISTILLERY, L.L.C.",United States,2026-09-20,live,,,,,,,,,,,,https://www.ttb.gov/public-information/foia/list-of-permittees,"on the weekly TTB permittee list; a permit is permission, not a working still"
ttb-basic-permit,NE-S-20020,"LONG DOGS DISTILLING, LLC",United States,2026-09-20,live,,,,,,,,,,,,https://www.ttb.gov/public-information/foia/list-of-permittees,"on the weekly TTB permittee list; a permit is permission, not a working still"
ttb-basic-permit,NE-S-20028,BLENDED DISTILLING LLC,United States,2026-09-20,live,,,,,,,,,,,,https://www.ttb.gov/public-information/foia/list-of-permittees,"on the weekly TTB permittee list; a permit is permission, not a working still"
ttb-basic-permit,NE-S-20029,"SEVEN COUNTY SPIRITS, LLC",United States,2026-09-20,live,,,,,,,,,,,,https://www.ttb.gov/public-information/foia/list-of-permittees,"on the weekly TTB permittee list; a permit is permission, not a working still"
ttb-basic-permit,NE-S-20037,NIXERS DISTILLED SPIRITS LLC,United States,2026-09-20,live,,,,,,,,,,,,https://www.ttb.gov/public-information/foia/list-of-permittees,"on the weekly TTB permittee list; a permit is permission, not a working still"
ttb-basic-permit,NH-S-20001,"FLAG HILL DISTILLERY, LLC",United States,2026-09-20,live,,,,,,,,,,,,https://www.ttb.gov/public-information/foia/list-of-permittees,"on the weekly TTB permittee list; a permit is permission, not a working still"
ttb-basic-permit,NH-S-20011,"COPPER CANNON DISTILLERY, LLC",United States,2026-09-20,live,,,,,,,,,,,,https://www.ttb.gov/public-information/foia/list-of-permittees,"on the weekly TTB permittee list; a permit is permission, not a working still"
ttb-basic-permit,NH-S-20015,SKEETER SHINE LLC,United States,2026-09-20,live,,,,,,,,,,,,https://www.ttb.gov/public-information/foia/list-of-permittees,"on the weekly TTB permittee list; a permit is permission, not a working still"
ttb-basic-permit,NH-S-20017,"STEADFAST SPIRITS DISTILLING COMPANY, LLC",United States,2026-09-20,live,,,,,,,,,,,,https://www.ttb.gov/public-information/foia/list-of-permittees,"on the weekly TTB permittee list; a permit is permission, not a working still"
ttb-basic-permit,NH-S-20020,"CATHEDRAL LEDGE DISTILLERY, INC.",United States,2026-09-20,live,,,,,,,,,,,,https://www.ttb.gov/public-information/foia/list-of-permittees,"on the weekly TTB permittee list; a permit is permission, not a working still"
ttb-basic-permit,NH-S-20021,BIT CHERRY LEAF LLC,United States,2026-09-20,live,,,,,,,,,,,,https://www.ttb.gov/public-information/foia/list-of-permittees,"on the weekly TTB permittee list; a permit is permission, not a working still"
ttb-basic-permit,NH-S-20023,SWEETWATER HOLDINGS LLC,United States,2026-09-20,live,,,,,,,,,,,,https://www.ttb.gov/public-information/foia/list-of-permittees,"on the weekly TTB permittee list; a permit is permission, not a working still"
ttb-basic-permit,NJ-S-20002,"JERSEY ARTISAN DISTILLING, INC",United States,2026-09-20,live,,,,,,,,,,,,https://www.ttb.gov/public-information/foia/list-of-permittees,"on the weekly TTB permittee list; a permit is permission, not a working still"
ttb-basic-permit,NJ-S-20007,CLAREMONT DISTILLED SPIRITS INC,United States,2026-09-20,live,,,,,,,,,,,,https://www.ttb.gov/public-information/foia/list-of-permittees,"on the weekly TTB permittee list; a permit is permission, not a working still"
ttb-basic-permit,NJ-S-20011,SILK CITY DISTILLERS LLC,United States,2026-09-20,live,,,,,,,,,,,,https://www.ttb.gov/public-information/foia/list-of-permittees,"on the weekly TTB permittee list; a permit is permission, not a working still"
ttb-basic-permit,NJ-S-20012,HEATHERMEADE DISTILLING LLC,United States,2026-09-20,live,,,,,,,,,,,,https://www.ttb.gov/public-information/foia/list-of-permittees,"on the weekly TTB permittee list; a permit is permission, not a working still"
ttb-basic-permit,NJ-S-20014,PINE TAVERN DISTILLERY LLC,United States,2026-09-20,live,,,,,,,,,,,,https://www.ttb.gov/public-information/foia/list-of-permittees,"on the weekly TTB permittee list; a permit is permission, not a working still"
ttb-basic-permit,NJ-S-20023,TRAIN WRECK DISTILLERY LLC,United States,2026-09-20,live,,,,,,,,,,,,https://www.ttb.gov/public-information/foia/list-of-permittees,"on the weekly TTB permittee list; a permit is permission, not a working still"
ttb-basic-permit,NJ-S-20028,"ASBURY PARK DISTILLING, LLC",United States,2026-09-20,live,,,,,,,,,,,,https://www.ttb.gov/public-information/foia/list-of-permittees,"on the weekly TTB permittee list; a permit is permission, not a working still"
ttb-basic-permit,NJ-S-20032,"INDEPENDENT SPIRITS DISTILLERY, LLC",United States,2026-09-20,live,,,,,,,,,,,,https://www.ttb.gov/public-information/foia/list-of-permittees,"on the weekly TTB permittee list; a permit is permission, not a working still"
ttb-basic-permit,NJ-S-20035,"STRIPED LION DISTILLING, LLC",United States,2026-09-20,live,,,,,,,,,,,,https://www.ttb.gov/public-information/foia/list-of-permittees,"on the weekly TTB permittee list; a permit is permission, not a working still"
ttb-basic-permit,NJ-S-20047,RECKLESSTOWN FARM DISTILLERY LLC,United States,2026-09-20,live,,,,,,,,,,,,https://www.ttb.gov/public-information/foia/list-of-permittees,"on the weekly TTB permittee list; a permit is permission, not a working still"
ttb-basic-permit,NJ-S-20049,GARDEN STATE DISTILLERY LLC,United States,2026-09-20,live,,,,,,,,,,,,https://www.ttb.gov/public-information/foia/list-of-permittees,"on the weekly TTB permittee list; a permit is permission, not a working still"
ttb-basic-permit,NJ-S-20050,DACHSHUND DISTILLING LLC,United States,2026-09-20,live,,,,,,,,,,,,https://www.ttb.gov/public-information/foia/list-of-permittees,"on the weekly TTB permittee list; a permit is permission, not a working still"
ttb-basic-permit,NJ-S-20052,BLUE RASCAL LLC,United States,2026-09-20,live,,,,,,,,,,,,https://www.ttb.gov/public-information/foia/list-of-permittees,"on the weekly TTB permittee list; a permit is permission, not a working still"
ttb-basic-permit,NJ-S-20057,CW BREWING AND DISTILLING LLC,United States,2026-09-20,live,,,,,,,,,,,,https://www.ttb.gov/public-information/foia/list-of-permittees,"on the weekly TTB permittee list; a permit is permission, not a working still"
ttb-basic-permit,NJ-S-20060,MISSION SPIRITS LLC,United States,2026-09-20,live,,,,,,,,,,,,https://www.ttb.gov/public-information/foia/list-of-permittees,"on the weekly TTB permittee list; a permit is permission, not a working still"
ttb-basic-permit,NJ-S-20063,DISMAL HARMONY DISTILLING LLC,United States,2026-09-20,live,,,,,,,,,,,,https://www.ttb.gov/public-information/foia/list-of-permittees,"on the weekly TTB permittee list; a permit is permission, not a working still"
ttb-basic-permit,NJ-S-20065,RAILROAD RUM LLC,United States,2026-09-20,live,,,,,,,,,,,,https://www.ttb.gov/public-information/foia/list-of-permittees,"on the weekly TTB permittee list; a permit is permission, not a working still"
ttb-basic-permit,NJ-S-20066,HADDONFIELD DISTILLING LLC,United States,2026-09-20,live,,,,,,,,,,,,https://www.ttb.gov/public-information/foia/list-of-permittees,"on the weekly TTB permittee list; a permit is permission, not a working still"
ttb-basic-permit,NM-S-20001,LITTLE TOAD CREEK LLC,United States,2026-09-20,live,,,,,,,,,,,,https://www.ttb.gov/public-information/foia/list-of-permittees,"on the weekly TTB permittee list; a permit is permission, not a working still"
ttb-basic-permit,NM-S-20003,"ALGODONES DISTILLERY, LLC",United States,2026-09-20,live,,,,,,,,,,,,https://www.ttb.gov/public-information/foia/list-of-permittees,"on the weekly TTB permittee list; a permit is permission, not a working still"
ttb-basic-permit,NM-S-20012,CREATIVE SPIRITS DISTILLERY,United States,2026-09-20,live,,,,,,,,,,,,https://www.ttb.gov/public-information/foia/list-of-permittees,"on the weekly TTB permittee list; a permit is permission, not a working still"
ttb-basic-permit,NM-S-20015,"TUMBLEROOT BREWING, LLC",United States,2026-09-20,live,,,,,,,,,,,,https://www.ttb.gov/public-information/foia/list-of-permittees,"on the weekly TTB permittee list; a permit is permission, not a working still"
ttb-basic-permit,NM-S-20018,"ROLLING STILL, LLC",United States,2026-09-20,live,,,,,,,,,,,,https://www.ttb.gov/public-information/foia/list-of-permittees,"on the weekly TTB permittee list; a permit is permission, not a working still"
ttb-basic-permit,NM-S-20027,"RED RIVER BREWING COMPANY, LLC",United States,2026-09-20,live,,,,,,,,,,,,https://www.ttb.gov/public-information/foia/list-of-permittees,"on the weekly TTB permittee list; a permit is permission, not a working still"
ttb-basic-permit,NM-S-20047,"JIM-N-I, LLC",United States,2026-09-20,live,,,,,,,,,,,,https://www.ttb.gov/public-information/foia/list-of-permittees,"on the weekly TTB permittee list; a permit is permission, not a working still"
ttb-basic-permit,NM-S-20051,ICEBOX BREWING LC,United States,2026-09-20,live,,,,,,,,,,,,https://www.ttb.gov/public-information/foia/list-of-permittees,"on the weekly TTB permittee list; a permit is permission, not a working still"
ttb-basic-permit,NM-S-20053,BLACK GOLD DISTILLING LLC,United States,2026-09-20,live,,,,,,,,,,,,https://www.ttb.gov/public-information/foia/list-of-permittees,"on the weekly TTB permittee list; a permit is permission, not a working still"
ttb-basic-permit,NM-S-20059,"SANTA FE SPIRITS HOLDING, LLC",United States,2026-09-20,live,,,,,,,,,,,,https://www.ttb.gov/public-information/foia/list-of-permittees,"on the weekly TTB permittee list; a permit is permission, not a working still"
ttb-basic-permit,NM-S-20060,UNHINGED BREWING AND DISTILLING LLC,United States,2026-09-20,live,,,,,,,,,,,,https://www.ttb.gov/public-information/foia/list-of-permittees,"on the weekly TTB permittee list; a permit is permission, not a working still"
ttb-basic-permit,NV-S-1,COMSTOCK DISTILLERS LLC,United States,2026-09-20,live,,,,,,,,,,,,https://www.ttb.gov/public-information/foia/list-of-permittees,"on the weekly TTB permittee list; a permit is permission, not a working still"
ttb-basic-permit,NV-S-15003,"CHURCHILL VINEYARDS, LLC",United States,2026-09-20,live,,,,,,,,,,,,https://www.ttb.gov/public-information/foia/list-of-permittees,"on the weekly TTB permittee list; a permit is permission, not a working still"
ttb-basic-permit,NV-S-15006,NEVADA DISTILLING COMPANY LLC,United States,2026-09-20,live,,,,,,,,,,,,https://www.ttb.gov/public-information/foia/list-of-permittees,"on the weekly TTB permittee list; a permit is permission, not a working still"
ttb-basic-permit,NV-S-20003,JEREMY BAUMANN AND ASHLEY BAUMANN,United States,2026-09-20,live,,,,,,,,,,,,https://www.ttb.gov/public-information/foia/list-of-permittees,"on the weekly TTB permittee list; a permit is permission, not a working still"
ttb-basic-permit,NV-S-20011,10 TORR DISTILLING & BREWING COMPANY LLC,United States,2026-09-20,live,,,,,,,,,,,,https://www.ttb.gov/public-information/foia/list-of-permittees,"on the weekly TTB permittee list; a permit is permission, not a working still"
ttb-basic-permit,NV-S-20022,DESERT CANE LLC,United States,2026-09-20,live,,,,,,,,,,,,https://www.ttb.gov/public-information/foia/list-of-permittees,"on the weekly TTB permittee list; a permit is permission, not a working still"
ttb-basic-permit,NV-S-20023,"SALUTE SPIRITS, INC.",United States,2026-09-20,live,,,,,,,,,,,,https://www.ttb.gov/public-information/foia/list-of-permittees,"on the weekly TTB permittee list; a permit is permission, not a working still"
ttb-basic-permit,NV-S-20025,"HIGH MARK DISTILLERY, INC.",United States,2026-09-20,live,,,,,,,,,,,,https://www.ttb.gov/public-information/foia/list-of-permittees,"on the weekly TTB permittee list; a permit is permission, not a working still"
ttb-basic-permit,NV-S-20029,DOVETAIL DISTILLERY LLC,United States,2026-09-20,live,,,,,,,,,,,,https://www.ttb.gov/public-information/foia/list-of-permittees,"on the weekly TTB permittee list; a permit is permission, not a working still"
ttb-basic-permit,NV-S-20031,UNDERWORLD DISTILLERY LLC,United States,2026-09-20,live,,,,,,,,,,,,https://www.ttb.gov/public-information/foia/list-of-permittees,"on the weekly TTB permittee list; a permit is permission, not a working still"
ttb-basic-permit,NY-S-15000,"TUTHILLTOWN SPIRITS, LLC",United States,2026-09-20,live,,,,,,,,,,,,https://www.ttb.gov/public-information/foia/list-of-permittees,"on the weekly TTB permittee list; a permit is permission, not a working still"
ttb-basic-permit,NY-S-15010,"HARVEST SPIRITS, LLC",United States,2026-09-20,live,,,,,,,,,,,,https://www.ttb.gov/public-information/foia/list-of-permittees,"on the weekly TTB permittee list; a permit is permission, not a working still"
ttb-basic-permit,NY-S-15018,FINGER LAKES DISTILLING LLC,United States,2026-09-20,live,,,,,,,,,,,,https://www.ttb.gov/public-information/foia/list-of-permittees,"on the weekly TTB permittee list; a permit is permission, not a working still"
ttb-basic-permit,NY-S-15023,KINGS COUNTY DISTILLERY LLC,United States,2026-09-20,live,,,,,,,,,,,,https://www.ttb.gov/public-information/foia/list-of-permittees,"on the weekly TTB permittee list; a permit is permission, not a working still"
ttb-basic-permit,NY-S-15025,"NEW YORK DISTILLING COMPANY, LLC",United States,2026-09-20,live,,,,,,,,,,,,https://www.ttb.gov/public-information/foia/list-of-permittees,"on the weekly TTB permittee list; a permit is permission, not a working still"
ttb-basic-permit,NY-S-15028,BREUCKELEN DISTILLING COMPANY INCORPORATED,United States,2026-09-20,live,,,,,,,,,,,,https://www.ttb.gov/public-information/foia/list-of-permittees,"on the weekly TTB permittee list; a permit is permission, not a working still"
ttb-basic-permit,NY-S-15040,HILLROCK LLC,United States,2026-09-20,live,,,,,,,,,,,,https://www.ttb.gov/public-information/foia/list-of-permittees,"on the weekly TTB permittee list; a permit is permission, not a working still"
ttb-basic-permit,NY-S-15041,"WIDOW JANE DISTILLERIES, LLC",United States,2026-09-20,live,,,,,,,,,,,,https://www.ttb.gov/public-information/foia/list-of-permittees,"on the weekly TTB permittee list; a permit is permission, not a working still"
ttb-basic-permit,NY-S-15044,"THE ALBANY DISTILLING COMPANY, INC.",United States,2026-09-20,live,,,,,,,,,,,,https://www.ttb.gov/public-information/foia/list-of-permittees,"on the weekly TTB permittee list; a permit is permission, not a working still"
ttb-basic-permit,NY-S-15047,VAN BRUNT STILLHOUSE LLC,United States,2026-09-20,live,,,,,,,,,,,,https://www.ttb.gov/public-information/foia/list-of-permittees,"on the weekly TTB permittee list; a permit is permission, not a working still"
ttb-basic-permit,NY-S-15052,"SOUTHERN TIER DISTILLING, LLC",United States,2026-09-20,live,,,,,,,,,,,,https://www.ttb.gov/public-information/foia/list-of-permittees,"on the weekly TTB permittee list; a permit is permission, not a working still"
ttb-basic-permit,NY-S-15054,BUFFALO DISTILLING COMPANY INC.,United States,2026-09-20,live,,,,,,,,,,,,https://www.ttb.gov/public-information/foia/list-of-permittees,"on the weekly TTB permittee list; a permit is permission, not a working still"
ttb-basic-permit,NY-S-15058,HIGH PEAKS DISTILLING LLC,United States,2026-09-20,live,,,,,,,,,,,,https://www.ttb.gov/public-information/foia/list-of-permittees,"on the weekly TTB permittee list; a permit is permission, not a working still"
ttb-basic-permit,NY-S-15069,"A SPECIAL AFFAIRE, LTD.",United States,2026-09-20,live,,,,,,,,,,,,https://www.ttb.gov/public-information/foia/list-of-permittees,"on the weekly TTB permittee list; a permit is permission, not a working still"
ttb-basic-permit,NY-S-20003,THE ADIRONDACK DISTILLING COMPANY INC.,United States,2026-09-20,live,,,,,,,,,,,,https://www.ttb.gov/public-information/foia/list-of-permittees,"on the weekly TTB permittee list; a permit is permission, not a working still"
ttb-basic-permit,NY-S-20012,DARK ISLAND SPIRITS INC.,United States,2026-09-20,live,,,,,,,,,,,,https://www.ttb.gov/public-information/foia/list-of-permittees,"on the weekly TTB permittee list; a permit is permission, not a working still"
ttb-basic-permit,NY-S-20013,EIGHT BUFFALO SPIRITS LLC,United States,2026-09-20,live,,,,,,,,,,,,https://www.ttb.gov/public-information/foia/list-of-permittees,"on the weekly TTB permittee list; a permit is permission, not a working still"
ttb-basic-permit,NY-S-20014,"LAKE GEORGE DISTILLING COMPANY, LLC",United States,2026-09-20,live,,,,,,,,,,,,https://www.ttb.gov/public-information/foia/list-of-permittees,"on the weekly TTB permittee list; a permit is permission, not a working still"
ttb-basic-permit,NY-S-20015,"COOPERSTOWN DISTILLERY, LLC",United States,2026-09-20,live,,,,,,,,,,,,https://www.ttb.gov/public-information/foia/list-of-permittees,"on the weekly TTB permittee list; a permit is permission, not a working still"
ttb-basic-permit,NY-S-20022,"SPRINGBROOK HOLLOW FARM DISTILLERY, LLC",United States,2026-09-20,live,,,,,,,,,,,,https://www.ttb.gov/public-information/foia/list-of-permittees,"on the weekly TTB permittee list; a permit is permission, not a working still"
ttb-basic-permit,NY-S-20025,"TACONIC DISTILLERY, LLC",United States,2026-09-20,live,,,,,,,,,,,,https://www.ttb.gov/public-information/foia/list-of-permittees,"on the weekly TTB permittee list; a permit is permission, not a working still"
ttb-basic-permit,NY-S-20027,SARATOGA COURAGE LLC,United States,2026-09-20,live,,,,,,,,,,,,https://www.ttb.gov/public-information/foia/list-of-permittees,"on the weekly TTB permittee list; a permit is permission, not a working still"
ttb-basic-permit,NY-S-20029,"ORANGE COUNTY DISTILLERY, LLC",United States,2026-09-20,live,,,,,,,,,,,,https://www.ttb.gov/public-information/foia/list-of-permittees,"on the weekly TTB permittee list; a permit is permission, not a working still"
ttb-basic-permit,NY-S-20035,DENNING'S POINT DISTILLERY LLC,United States,2026-09-20,live,,,,,,,,,,,,https://www.ttb.gov/public-information/foia/list-of-permittees,"on the weekly TTB permittee list; a permit is permission, not a working still"
ttb-basic-permit,NY-S-20036,IRON SMOKE WHISKEY LLC,United States,2026-09-20,live,,,,,,,,,,,,https://www.ttb.gov/public-information/foia/list-of-permittees,"on the weekly TTB permittee list; a permit is permission, not a working still"
ttb-basic-permit,NY-S-20038,"GRISTMILL DISTILLERS, INC.",United States,2026-09-20,live,,,,,,,,,,,,https://www.ttb.gov/public-information/foia/list-of-permittees,"on the weekly TTB permittee list; a permit is permission, not a working still"
ttb-basic-permit,NY-S-20042,DIKINDURT DISTILLERY LLC,United States,2026-09-20,live,,,,,,,,,,,,https://www.ttb.gov/public-information/foia/list-of-permittees,"on the weekly TTB permittee list; a permit is permission, not a working still"
ttb-basic-permit,NY-S-20049,YANKEE DISTILLERS LLC,United States,2026-09-20,live,,,,,,,,,,,,https://www.ttb.gov/public-information/foia/list-of-permittees,"on the weekly TTB permittee list; a permit is permission, not a working still"
ttb-basic-permit,NY-S-20058,FORSTER-JARVIS LLC,United States,2026-09-20,live,,,,,,,,,,,,https://www.ttb.gov/public-information/foia/list-of-permittees,"on the weekly TTB permittee list; a permit is permission, not a working still"
ttb-basic-permit,NY-S-20060,UNION GROVE DISTILLERY LLC,United States,2026-09-20,live,,,,,,,,,,,,https://www.ttb.gov/public-information/foia/list-of-permittees,"on the weekly TTB permittee list; a permit is permission, not a working still"
ttb-basic-permit,NY-S-20062,FOUR FIGHTS DISTILLING LLC,United States,2026-09-20,live,,,,,,,,,,,,https://www.ttb.gov/public-information/foia/list-of-permittees,"on the weekly TTB permittee list; a permit is permission, not a working still"
ttb-basic-permit,NY-S-20064,"FRENCH DISTILLERS & ALCHEMISTS, LLC",United States,2026-09-20,live,,,,,,,,,,,,https://www.ttb.gov/public-information/foia/list-of-permittees,"on the weekly TTB permittee list; a permit is permission, not a working still"
ttb-basic-permit,NY-S-20065,"SKANEATELES DISTILLERIES, LLC",United States,2026-09-20,live,,,,,,,,,,,,https://www.ttb.gov/public-information/foia/list-of-permittees,"on the weekly TTB permittee list; a permit is permission, not a working still"
ttb-basic-permit,NY-S-20069,ELLICOTTVILLE DISTILLERY LLC,United States,2026-09-20,live,,,,,,,,,,,,https://www.ttb.gov/public-information/foia/list-of-permittees,"on the weekly TTB permittee list; a permit is permission, not a working still"
ttb-basic-permit,NY-S-20072,"MURRAY'S FOOLS DISTILLING CO., LLC",United States,2026-09-20,live,,,,,,,,,,,,https://www.ttb.gov/public-information/foia/list-of-permittees,"on the weekly TTB permittee list; a permit is permission, not a working still"
ttb-basic-permit,NY-S-20073,APPLE DAVE'S DISTILLERY LLC,United States,2026-09-20,live,,,,,,,,,,,,https://www.ttb.gov/public-information/foia/list-of-permittees,"on the weekly TTB permittee list; a permit is permission, not a working still"
ttb-basic-permit,NY-S-20074,LONG ISLAND BOOTLEGGERS INC.,United States,2026-09-20,live,,,,,,,,,,,,https://www.ttb.gov/public-information/foia/list-of-permittees,"on the weekly TTB permittee list; a permit is permission, not a working still"
ttb-basic-permit,NY-S-20081,NORTHEAST CRAFT SPIRITS LLC,United States,2026-09-20,live,,,,,,,,,,,,https://www.ttb.gov/public-information/foia/list-of-permittees,"on the weekly TTB permittee list; a permit is permission, not a working still"
ttb-basic-permit,NY-S-20085,"MADISON COUNTY DISTILLERY, LLC",United States,2026-09-20,live,,,,,,,,,,,,https://www.ttb.gov/public-information/foia/list-of-permittees,"on the weekly TTB permittee list; a permit is permission, not a working still"
ttb-basic-permit,NY-S-20090,SAUVAGE BEVERAGES LLC,United States,2026-09-20,live,,,,,,,,,,,,https://www.ttb.gov/public-information/foia/list-of-permittees,"on the weekly TTB permittee list; a permit is permission, not a working still"
ttb-basic-permit,NY-S-20092,DRAGONFYRE DISTILLERY LLC,United States,2026-09-20,live,,,,,,,,,,,,https://www.ttb.gov/public-information/foia/list-of-permittees,"on the weekly TTB permittee list; a permit is permission, not a working still"
ttb-basic-permit,NY-S-20093,BHAGWAN MALT WORKS LLC,United States,2026-09-20,live,,,,,,,,,,,,https://www.ttb.gov/public-information/foia/list-of-permittees,"on the weekly TTB permittee list; a permit is permission, not a working still"
ttb-basic-permit,NY-S-20097,SHADY KNOLL ORCHARDS & DISTILLERY LLC,United States,2026-09-20,live,,,,,,,,,,,,https://www.ttb.gov/public-information/foia/list-of-permittees,"on the weekly TTB permittee list; a permit is permission, not a working still"
ttb-basic-permit,NY-S-20098,LOCK 1 DISTILLING COMPANY LLC,United States,2026-09-20,live,,,,,,,,,,,,https://www.ttb.gov/public-information/foia/list-of-permittees,"on the weekly TTB permittee list; a permit is permission, not a working still"
ttb-basic-permit,NY-S-20105,"THE VALE FOX DISTILLERY, LLC",United States,2026-09-20,live,,,,,,,,,,,,https://www.ttb.gov/public-information/foia/list-of-permittees,"on the weekly TTB permittee list; a permit is permission, not a working still"
ttb-basic-permit,NY-S-20106,"STOUTRIDGE VINEYARD, LLC",United States,2026-09-20,live,,,,,,,,,,,,https://www.ttb.gov/public-information/foia/list-of-permittees,"on the weekly TTB permittee list; a permit is permission, not a working still"
ttb-basic-permit,NY-S-20121,MATCHBOOK DISTILLING COMPANY LLC,United States,2026-09-20,live,,,,,,,,,,,,https://www.ttb.gov/public-information/foia/list-of-permittees,"on the weekly TTB permittee list; a permit is permission, not a working still"
ttb-basic-permit,NY-S-20125,"WATERMAN'S DISTILLERY, LLC",United States,2026-09-20,live,,,,,,,,,,,,https://www.ttb.gov/public-information/foia/list-of-permittees,"on the weekly TTB permittee list; a permit is permission, not a working still"
ttb-basic-permit,NY-S-20134,"GREAT JONES DISTILLERS, LLC",United States,2026-09-20,live,,,,,,,,,,,,https://www.ttb.gov/public-information/foia/list-of-permittees,"on the weekly TTB permittee list; a permit is permission, not a working still"
ttb-basic-permit,NY-S-20138,"MAIN STREET DISTILLERY, LLC",United States,2026-09-20,live,,,,,,,,,,,,https://www.ttb.gov/public-information/foia/list-of-permittees,"on the weekly TTB permittee list; a permit is permission, not a working still"
ttb-basic-permit,NY-S-20142,"AMERICAN OAK DISTILLERY, LLC",United States,2026-09-20,live,,,,,,,,,,,,https://www.ttb.gov/public-information/foia/list-of-permittees,"on the weekly TTB permittee list; a permit is permission, not a working still"
ttb-basic-permit,NY-S-20144,"MILLBROOK DISTILLERY, LLC",United States,2026-09-20,live,,,,,,,,,,,,https://www.ttb.gov/public-information/foia/list-of-permittees,"on the weekly TTB permittee list; a permit is permission, not a working still"
ttb-basic-permit,NY-S-20152,"ANTLER RUN DISTILLING, LLC",United States,2026-09-20,live,,,,,,,,,,,,https://www.ttb.gov/public-information/foia/list-of-permittees,"on the weekly TTB permittee list; a permit is permission, not a working still"
ttb-basic-permit,NY-S-20153,BARN DOG CRAFT DISTILLING LLC,United States,2026-09-20,live,,,,,,,,,,,,https://www.ttb.gov/public-information/foia/list-of-permittees,"on the weekly TTB permittee list; a permit is permission, not a working still"
ttb-basic-permit,NY-S-20157,THE BETTER MAN DISTILLING CO. INC.,United States,2026-09-20,live,,,,,,,,,,,,https://www.ttb.gov/public-information/foia/list-of-permittees,"on the weekly TTB permittee list; a permit is permission, not a working still"
ttb-basic-permit,NY-S-20159,HOLLERHORN DISTILLING LLC,United States,2026-09-20,live,,,,,,,,,,,,https://www.ttb.gov/public-information/foia/list-of-permittees,"on the weekly TTB permittee list; a permit is permission, not a working still"
ttb-basic-permit,NY-S-20167,"GILDED BUFFALO, LLC",United States,2026-09-20,live,,,,,,,,,,,,https://www.ttb.gov/public-information/foia/list-of-permittees,"on the weekly TTB permittee list; a permit is permission, not a working still"
ttb-basic-permit,NY-S-20168,NORTH RIDGE DISTILLERY. LLC,United States,2026-09-20,live,,,,,,,,,,,,https://www.ttb.gov/public-information/foia/list-of-permittees,"on the weekly TTB permittee list; a permit is permission, not a working still"
ttb-basic-permit,NY-S-20178,HAMPTON RUM COMPANY INC,United States,2026-09-20,live,,,,,,,,,,,,https://www.ttb.gov/public-information/foia/list-of-permittees,"on the weekly TTB permittee list; a permit is permission, not a working still"
ttb-basic-permit,NY-S-20180,"KROOK-ID LEYK DISTILLING, LLC",United States,2026-09-20,live,,,,,,,,,,,,https://www.ttb.gov/public-information/foia/list-of-permittees,"on the weekly TTB permittee list; a permit is permission, not a working still"
ttb-basic-permit,NY-S-20188,DILIGAF CONSULTANTS LLC,United States,2026-09-20,live,,,,,,,,,,,,https://www.ttb.gov/public-information/foia/list-of-permittees,"on the weekly TTB permittee list; a permit is permission, not a working still"
ttb-basic-permit,NY-S-20191,1836 DISTILLING LLC,United States,2026-09-20,live,,,,,,,,,,,,https://www.ttb.gov/public-information/foia/list-of-permittees,"on the weekly TTB permittee list; a permit is permission, not a working still"
ttb-basic-permit,NY-S-20192,"HIGHER GROUND DISTILLING COMPANY, LLC",United States,2026-09-20,live,,,,,,,,,,,,https://www.ttb.gov/public-information/foia/list-of-permittees,"on the weekly TTB permittee list; a permit is permission, not a working still"
ttb-basic-permit,NY-S-20194,GOOD SHEPHERD DISTILLERY LLC,United States,2026-09-20,live,,,,,,,,,,,,https://www.ttb.gov/public-information/foia/list-of-permittees,"on the weekly TTB permittee list; a permit is permission, not a working still"
ttb-basic-permit,NY-S-20195,"OLD SCOTLAND ROAD DISTILLERY, LLC",United States,2026-09-20,live,,,,,,,,,,,,https://www.ttb.gov/public-information/foia/list-of-permittees,"on the weekly TTB permittee list; a permit is permission, not a working still"
ttb-basic-permit,NY-S-20199,CRAZY LOON DISTILLARY LLC,United States,2026-09-20,live,,,,,,,,,,,,https://www.ttb.gov/public-information/foia/list-of-permittees,"on the weekly TTB permittee list; a permit is permission, not a working still"
ttb-basic-permit,NY-S-20210,STAR ESTATE DISTILLERY LLC,United States,2026-09-20,live,,,,,,,,,,,,https://www.ttb.gov/public-information/foia/list-of-permittees,"on the weekly TTB permittee list; a permit is permission, not a working still"
ttb-basic-permit,NY-S-20212,ALISTAIR'S DISTILLERY LLC,United States,2026-09-20,live,,,,,,,,,,,,https://www.ttb.gov/public-information/foia/list-of-permittees,"on the weekly TTB permittee list; a permit is permission, not a working still"
ttb-basic-permit,NY-S-20230,TIPPING COW DISTILLERY LLC,United States,2026-09-20,live,,,,,,,,,,,,https://www.ttb.gov/public-information/foia/list-of-permittees,"on the weekly TTB permittee list; a permit is permission, not a working still"
ttb-basic-permit,NY-S-20233,WAR CANNON SPIRITS LLC,United States,2026-09-20,live,,,,,,,,,,,,https://www.ttb.gov/public-information/foia/list-of-permittees,"on the weekly TTB permittee list; a permit is permission, not a working still"
ttb-basic-permit,NY-S-20238,"WOODLAWN DISTILLING, LLC",United States,2026-09-20,live,,,,,,,,,,,,https://www.ttb.gov/public-information/foia/list-of-permittees,"on the weekly TTB permittee list; a permit is permission, not a working still"
ttb-basic-permit,NY-S-20240,"KLOCKE ESTATE DISTILLERY, LLC",United States,2026-09-20,live,,,,,,,,,,,,https://www.ttb.gov/public-information/foia/list-of-permittees,"on the weekly TTB permittee list; a permit is permission, not a working still"
ttb-basic-permit,NY-S-20245,CROSSROAD SPIRITS COMPANY LLC,United States,2026-09-20,live,,,,,,,,,,,,https://www.ttb.gov/public-information/foia/list-of-permittees,"on the weekly TTB permittee list; a permit is permission, not a working still"
ttb-basic-permit,NY-S-20257,BLACK SHEEP DISTILLERY LLC,United States,2026-09-20,live,,,,,,,,,,,,https://www.ttb.gov/public-information/foia/list-of-permittees,"on the weekly TTB permittee list; a permit is permission, not a working still"
ttb-basic-permit,NY-S-20259,SILVER BROTHERS SPIRITS COMPANY LLC,United States,2026-09-20,live,,,,,,,,,,,,https://www.ttb.gov/public-information/foia/list-of-permittees,"on the weekly TTB permittee list; a permit is permission, not a working still"
ttb-basic-permit,NY-S-20277,BIRDSEYE FARMS LLC,United States,2026-09-20,live,,,,,,,,,,,,https://www.ttb.gov/public-information/foia/list-of-permittees,"on the weekly TTB permittee list; a permit is permission, not a working still"
ttb-basic-permit,NY-S-20294,JOPPENBERGH GAP DISTILLING LLC,United States,2026-09-20,live,,,,,,,,,,,,https://www.ttb.gov/public-information/foia/list-of-permittees,"on the weekly TTB permittee list; a permit is permission, not a working still"
ttb-basic-permit,NY-S-20299,MRG DISTILLING LLC,United States,2026-09-20,live,,,,,,,,,,,,https://www.ttb.gov/public-information/foia/list-of-permittees,"on the weekly TTB permittee list; a permit is permission, not a working still"
ttb-basic-permit,NY-S-20317,4 KINGS DISTILLERY LLC,United States,2026-09-20,live,,,,,,,,,,,,https://www.ttb.gov/public-information/foia/list-of-permittees,"on the weekly TTB permittee list; a permit is permission, not a working still"
ttb-basic-permit,OH-S-15012,"MIDDLE WEST SPIRITS, LLC",United States,2026-09-20,live,,,,,,,,,,,,https://www.ttb.gov/public-information/foia/list-of-permittees,"on the weekly TTB permittee list; a permit is permission, not a working still"
ttb-basic-permit,OH-S-15013,WATERSHED DISTILLERY LLC,United States,2026-09-20,live,,,,,,,,,,,,https://www.ttb.gov/public-information/foia/list-of-permittees,"on the weekly TTB permittee list; a permit is permission, not a working still"
ttb-basic-permit,OH-S-15014,SEVEN BROTHERS DISTILLING COMPANY,United States,2026-09-20,live,,,,,,,,,,,,https://www.ttb.gov/public-information/foia/list-of-permittees,"on the weekly TTB permittee list; a permit is permission, not a working still"
ttb-basic-permit,OH-S-15020,"SOUTH RIVER VINEYARD, INC.",United States,2026-09-20,live,,,,,,,,,,,,https://www.ttb.gov/public-information/foia/list-of-permittees,"on the weekly TTB permittee list; a permit is permission, not a working still"
ttb-basic-permit,OH-S-15022,INDIAN CREEK DISTILLERY LLC,United States,2026-09-20,live,,,,,,,,,,,,https://www.ttb.gov/public-information/foia/list-of-permittees,"on the weekly TTB permittee list; a permit is permission, not a working still"
ttb-basic-permit,OH-S-20012,FIVE POINTS DISTILLERY LLC,United States,2026-09-20,live,,,,,,,,,,,,https://www.ttb.gov/public-information/foia/list-of-permittees,"on the weekly TTB permittee list; a permit is permission, not a working still"
ttb-basic-permit,OH-S-20023,LEO DISTILLING LLC,United States,2026-09-20,live,,,,,,,,,,,,https://www.ttb.gov/public-information/foia/list-of-permittees,"on the weekly TTB permittee list; a permit is permission, not a working still"
ttb-basic-permit,OH-S-20026,"HOCKING HILLS MOONSHINE, LLC",United States,2026-09-20,live,,,,,,,,,,,,https://www.ttb.gov/public-information/foia/list-of-permittees,"on the weekly TTB permittee list; a permit is permission, not a working still"
ttb-basic-permit,OH-S-20029,FLATROCK BREWING COMPANY,United States,2026-09-20,live,,,,,,,,,,,,https://www.ttb.gov/public-information/foia/list-of-permittees,"on the weekly TTB permittee list; a permit is permission, not a working still"
ttb-basic-permit,OH-S-20039,"MINGLEWOOD DISTILLING COMPANY, LTD.",United States,2026-09-20,live,,,,,,,,,,,,https://www.ttb.gov/public-information/foia/list-of-permittees,"on the weekly TTB permittee list; a permit is permission, not a working still"
ttb-basic-permit,OH-S-20041,APG BEVERAGE LLC,United States,2026-09-20,live,,,,,,,,,,,,https://www.ttb.gov/public-information/foia/list-of-permittees,"on the weekly TTB permittee list; a permit is permission, not a working still"
ttb-basic-permit,OH-S-20042,"MARCH FIRST MANUFACTURING, LLC",United States,2026-09-20,live,,,,,,,,,,,,https://www.ttb.gov/public-information/foia/list-of-permittees,"on the weekly TTB permittee list; a permit is permission, not a working still"
ttb-basic-permit,OH-S-20046,WESTERN RESERVE DISTILLERS LLC,United States,2026-09-20,live,,,,,,,,,,,,https://www.ttb.gov/public-information/foia/list-of-permittees,"on the weekly TTB permittee list; a permit is permission, not a working still"
ttb-basic-permit,OH-S-20053,HIGH BANK DISTILLERY LLC,United States,2026-09-20,live,,,,,,,,,,,,https://www.ttb.gov/public-information/foia/list-of-permittees,"on the weekly TTB permittee list; a permit is permission, not a working still"
ttb-basic-permit,OH-S-20054,"IRON VAULT DISTILLERY, LLC",United States,2026-09-20,live,,,,,,,,,,,,https://www.ttb.gov/public-information/foia/list-of-permittees,"on the weekly TTB permittee list; a permit is permission, not a working still"
ttb-basic-permit,OH-S-20059,HOCKING TECHNICAL COLLEGE,United States,2026-09-20,live,,,,,,,,,,,,https://www.ttb.gov/public-information/foia/list-of-permittees,"on the weekly TTB permittee list; a permit is permission, not a working still"
ttb-basic-permit,OH-S-20080,LAKE ERIE CIDER & BREWERY INC.,United States,2026-09-20,live,,,,,,,,,,,,https://www.ttb.gov/public-information/foia/list-of-permittees,"on the weekly TTB permittee list; a permit is permission, not a working still"
ttb-basic-permit,OH-S-20083,"VISPIRI, INC.",United States,2026-09-20,live,,,,,,,,,,,,https://www.ttb.gov/public-information/foia/list-of-permittees,"on the weekly TTB permittee list; a permit is permission, not a working still"
ttb-basic-permit,OH-S-20091,"THE DAYTON BEER COMPANY, LLC",United States,2026-09-20,live,,,,,,,,,,,,https://www.ttb.gov/public-information/foia/list-of-permittees,"on the weekly TTB permittee list; a permit is permission, not a working still"
ttb-basic-permit,OH-S-20096,"MARCH FIRST MANUFACTURING, LLC",United States,2026-09-20,live,,,,,,,,,,,,https://www.ttb.gov/public-information/foia/list-of-permittees,"on the weekly TTB permittee list; a permit is permission, not a working still"
ttb-basic-permit,OH-S-20101,PAP'S HILLTOP DISTILLERY LLC,United States,2026-09-20,live,,,,,,,,,,,,https://www.ttb.gov/public-information/foia/list-of-permittees,"on the weekly TTB permittee list; a permit is permission, not a working still"
ttb-basic-permit,OH-S-20102,PISCAZZI FAMILY SPIRITS LLC,United States,2026-09-20,live,,,,,,,,,,,,https://www.ttb.gov/public-information/foia/list-of-permittees,"on the weekly TTB permittee list; a permit is permission, not a working still"
ttb-basic-permit,OH-S-20118,NORTHERN YANKEE MOONSHINE LLC,United States,2026-09-20,live,,,,,,,,,,,,https://www.ttb.gov/public-information/foia/list-of-permittees,"on the weekly TTB permittee list; a permit is permission, not a working still"
ttb-basic-permit,OH-S-20119,DERAILED DISTILLERY LLC,United States,2026-09-20,live,,,,,,,,,,,,https://www.ttb.gov/public-information/foia/list-of-permittees,"on the weekly TTB permittee list; a permit is permission, not a working still"
ttb-basic-permit,OH-S-20128,"PAUL AND PETER BRANDT, LLC",United States,2026-09-20,live,,,,,,,,,,,,https://www.ttb.gov/public-information/foia/list-of-permittees,"on the weekly TTB permittee list; a permit is permission, not a working still"
ttb-basic-permit,OH-S-239,"OUTTERSON, LLC",United States,2026-09-20,live,,,,,,,,,,,,https://www.ttb.gov/public-information/foia/list-of-permittees,"on the weekly TTB permittee list; a permit is permission, not a working still"
ttb-basic-permit,OK-S-20002,SCISSORTAIL DISTILLERY LLC,United States,2026-09-20,live,,,,,,,,,,,,https://www.ttb.gov/public-information/foia/list-of-permittees,"on the weekly TTB permittee list; a permit is permission, not a working still"
ttb-basic-permit,OK-S-20004,"HOCHATOWN DISTILLING COMPANY, LLC",United States,2026-09-20,live,,,,,,,,,,,,https://www.ttb.gov/public-information/foia/list-of-permittees,"on the weekly TTB permittee list; a permit is permission, not a working still"
ttb-basic-permit,OK-S-20006,"MORTON DISTILLERIES, LLC",United States,2026-09-20,live,,,,,,,,,,,,https://www.ttb.gov/public-information/foia/list-of-permittees,"on the weekly TTB permittee list; a permit is permission, not a working still"
ttb-basic-permit,OK-S-20007,"RED FORK DISTILLERY, LLC",United States,2026-09-20,live,,,,,,,,,,,,https://www.ttb.gov/public-information/foia/list-of-permittees,"on the weekly TTB permittee list; a permit is permission, not a working still"
ttb-basic-permit,OK-S-20009,"IGG ENTERPRISES, LLC",United States,2026-09-20,live,,,,,,,,,,,,https://www.ttb.gov/public-information/foia/list-of-permittees,"on the weekly TTB permittee list; a permit is permission, not a working still"
ttb-basic-permit,OK-S-20013,"WANDERFOLK DISTILLERY, INC.",United States,2026-09-20,live,,,,,,,,,,,,https://www.ttb.gov/public-information/foia/list-of-permittees,"on the weekly TTB permittee list; a permit is permission, not a working still"
ttb-basic-permit,OK-S-20016,TERRITORY DISTILLING LLC,United States,2026-09-20,live,,,,,,,,,,,,https://www.ttb.gov/public-information/foia/list-of-permittees,"on the weekly TTB permittee list; a permit is permission, not a working still"
ttb-basic-permit,OK-S-20019,WOODWORKS DISTILLING COMPANY LLC,United States,2026-09-20,live,,,,,,,,,,,,https://www.ttb.gov/public-information/foia/list-of-permittees,"on the weekly TTB permittee list; a permit is permission, not a working still"
ttb-basic-permit,OK-S-20027,"LAND RUN DISTILLERY, LLC",United States,2026-09-20,live,,,,,,,,,,,,https://www.ttb.gov/public-information/foia/list-of-permittees,"on the weekly TTB permittee list; a permit is permission, not a working still"
ttb-basic-permit,OR-S-125,"BENDISTILLERY, INC.",United States,2026-09-20,live,,,,,,,,,,,,https://www.ttb.gov/public-information/foia/list-of-permittees,"on the weekly TTB permittee list; a permit is permission, not a working still"
ttb-basic-permit,OR-S-15027,MAVERICK SPIRIT LLC,United States,2026-09-20,live,,,,,,,,,,,,https://www.ttb.gov/public-information/foia/list-of-permittees,"on the weekly TTB permittee list; a permit is permission, not a working still"
ttb-basic-permit,OR-S-15048,BULL RUN DISTILLERY LLC,United States,2026-09-20,live,,,,,,,,,,,,https://www.ttb.gov/public-information/foia/list-of-permittees,"on the weekly TTB permittee list; a permit is permission, not a working still"
ttb-basic-permit,OR-S-15050,"PACIFICK DISTILLERS, INC.",United States,2026-09-20,live,,,,,,,,,,,,https://www.ttb.gov/public-information/foia/list-of-permittees,"on the weekly TTB permittee list; a permit is permission, not a working still"
ttb-basic-permit,OR-S-20001,"CANNON BEACH DISTILLERY, LLC",United States,2026-09-20,live,,,,,,,,,,,,https://www.ttb.gov/public-information/foia/list-of-permittees,"on the weekly TTB permittee list; a permit is permission, not a working still"
ttb-basic-permit,OR-S-20002,"ROSE CITY DISTILLING, CO.",United States,2026-09-20,live,,,,,,,,,,,,https://www.ttb.gov/public-information/foia/list-of-permittees,"on the weekly TTB permittee list; a permit is permission, not a working still"
ttb-basic-permit,OR-S-20020,NEW BASIN DISTILLING COMPANY LLC,United States,2026-09-20,live,,,,,,,,,,,,https://www.ttb.gov/public-information/foia/list-of-permittees,"on the weekly TTB permittee list; a permit is permission, not a working still"
ttb-basic-permit,OR-S-20029,RODERICK W. WARNER,United States,2026-09-20,live,,,,,,,,,,,,https://www.ttb.gov/public-information/foia/list-of-permittees,"on the weekly TTB permittee list; a permit is permission, not a working still"
ttb-basic-permit,OR-S-20031,CRESCENDO INC.,United States,2026-09-20,live,,,,,,,,,,,,https://www.ttb.gov/public-information/foia/list-of-permittees,"on the weekly TTB permittee list; a permit is permission, not a working still"
ttb-basic-permit,OR-S-20033,ECLECTIC SPIRITS LLC,United States,2026-09-20,live,,,,,,,,,,,,https://www.ttb.gov/public-information/foia/list-of-permittees,"on the weekly TTB permittee list; a permit is permission, not a working still"
ttb-basic-permit,OR-S-20037,"HERITAGE DISTILLING COMPANY, INC.",United States,2026-09-20,live,,,,,,,,,,,,https://www.ttb.gov/public-information/foia/list-of-permittees,"on the weekly TTB permittee list; a permit is permission, not a working still"
ttb-basic-permit,OR-S-20040,"OREGON GRAIN GROWERS BRAND DISTILLERY, INC.",United States,2026-09-20,live,,,,,,,,,,,,https://www.ttb.gov/public-information/foia/list-of-permittees,"on the weekly TTB permittee list; a permit is permission, not a working still"
ttb-basic-permit,OR-S-20052,"HIDEAWAY DISTILLERY, LLC",United States,2026-09-20,live,,,,,,,,,,,,https://www.ttb.gov/public-information/foia/list-of-permittees,"on the weekly TTB permittee list; a permit is permission, not a working still"
ttb-basic-permit,OR-S-20053,"HOOD RIVER DISTILLERS, INC.",United States,2026-09-20,live,,,,,,,,,,,,https://www.ttb.gov/public-information/foia/list-of-permittees,"on the weekly TTB permittee list; a permit is permission, not a working still"
ttb-basic-permit,OR-S-20055,SUNDANCE DISTILLING LLC,United States,2026-09-20,live,,,,,,,,,,,,https://www.ttb.gov/public-information/foia/list-of-permittees,"on the weekly TTB permittee list; a permit is permission, not a working still"
ttb-basic-permit,OR-S-20057,FREELAND SPIRITS LLC,United States,2026-09-20,live,,,,,,,,,,,,https://www.ttb.gov/public-information/foia/list-of-permittees,"on the weekly TTB permittee list; a permit is permission, not a working still"
ttb-basic-permit,OR-S-20061,AMERICAN PIONEER SPIRITS AT EWING YOUNG FARM LLC,United States,2026-09-20,live,,,,,,,,,,,,https://www.ttb.gov/public-information/foia/list-of-permittees,"on the weekly TTB permittee list; a permit is permission, not a working still"
ttb-basic-permit,OR-S-20062,FIRST WATER SPIRITS LLC,United States,2026-09-20,live,,,,,,,,,,,,https://www.ttb.gov/public-information/foia/list-of-permittees,"on the weekly TTB permittee list; a permit is permission, not a working still"
ttb-basic-permit,OR-S-20063,ABIQUA SPIRIT DISTILLERY LLC,United States,2026-09-20,live,,,,,,,,,,,,https://www.ttb.gov/public-information/foia/list-of-permittees,"on the weekly TTB permittee list; a permit is permission, not a working still"
ttb-basic-permit,OR-S-20066,DIVINE DISTILLERS INC.,United States,2026-09-20,live,,,,,,,,,,,,https://www.ttb.gov/public-information/foia/list-of-permittees,"on the weekly TTB permittee list; a permit is permission, not a working still"
ttb-basic-permit,OR-S-20073,JUST A DISTILLERY INC.,United States,2026-09-20,live,,,,,,,,,,,,https://www.ttb.gov/public-information/foia/list-of-permittees,"on the weekly TTB permittee list; a permit is permission, not a working still"
ttb-basic-permit,OR-S-20075,"FORMULATION DESIGN, INC.",United States,2026-09-20,live,,,,,,,,,,,,https://www.ttb.gov/public-information/foia/list-of-permittees,"on the weekly TTB permittee list; a permit is permission, not a working still"
ttb-basic-permit,OR-S-20117,"WILDERNESS DISTILLERY, LLC",United States,2026-09-20,live,,,,,,,,,,,,https://www.ttb.gov/public-information/foia/list-of-permittees,"on the weekly TTB permittee list; a permit is permission, not a working still"
ttb-basic-permit,OR-S-20142,"BIG BOTTOM DISTILLING, LLC",United States,2026-09-20,live,,,,,,,,,,,,https://www.ttb.gov/public-information/foia/list-of-permittees,"on the weekly TTB permittee list; a permit is permission, not a working still"
ttb-basic-permit,PA-S-15000,PHILADELPHIA DISTILLING LLC,United States,2026-09-20,live,,,,,,,,,,,,https://www.ttb.gov/public-information/foia/list-of-permittees,"on the weekly TTB permittee list; a permit is permission, not a working still"
ttb-basic-permit,PA-S-15002,"PENNSYLVANIA PURE DISTILLERIES, LLC",United States,2026-09-20,live,,,,,,,,,,,,https://www.ttb.gov/public-information/foia/list-of-permittees,"on the weekly TTB permittee list; a permit is permission, not a working still"
ttb-basic-permit,PA-S-15017,"SALEM SPIRITS, LLC",United States,2026-09-20,live,,,,,,,,,,,,https://www.ttb.gov/public-information/foia/list-of-permittees,"on the weekly TTB permittee list; a permit is permission, not a working still"
ttb-basic-permit,PA-S-20002,"OLD REPUBLIC DISTILLERY, INC",United States,2026-09-20,live,,,,,,,,,,,,https://www.ttb.gov/public-information/foia/list-of-permittees,"on the weekly TTB permittee list; a permit is permission, not a working still"
ttb-basic-permit,PA-S-20007,"BLACKBIRD DISTILLERY, LLC",United States,2026-09-20,live,,,,,,,,,,,,https://www.ttb.gov/public-information/foia/list-of-permittees,"on the weekly TTB permittee list; a permit is permission, not a working still"
ttb-basic-permit,PA-S-20008,THISTLE FINCH DISTILLING LLC,United States,2026-09-20,live,,,,,,,,,,,,https://www.ttb.gov/public-information/foia/list-of-permittees,"on the weekly TTB permittee list; a permit is permission, not a working still"
ttb-basic-permit,PA-S-20015,"NITTANY VALLEY DISTILLING, LLC",United States,2026-09-20,live,,,,,,,,,,,,https://www.ttb.gov/public-information/foia/list-of-permittees,"on the weekly TTB permittee list; a permit is permission, not a working still"
ttb-basic-permit,PA-S-20016,"CONNEAUT CELLARS, INC.",United States,2026-09-20,live,,,,,,,,,,,,https://www.ttb.gov/public-information/foia/list-of-permittees,"on the weekly TTB permittee list; a permit is permission, not a working still"
ttb-basic-permit,PA-S-20018,MILLSTONE SPIRITS GROUP LLC,United States,2026-09-20,live,,,,,,,,,,,,https://www.ttb.gov/public-information/foia/list-of-permittees,"on the weekly TTB permittee list; a permit is permission, not a working still"
ttb-basic-permit,PA-S-20019,COUNTY SEAT SPIRITS LLC,United States,2026-09-20,live,,,,,,,,,,,,https://www.ttb.gov/public-information/foia/list-of-permittees,"on the weekly TTB permittee list; a permit is permission, not a working still"
ttb-basic-permit,PA-S-20020,"SOCIAL STILL, LLC",United States,2026-09-20,live,,,,,,,,,,,,https://www.ttb.gov/public-information/foia/list-of-permittees,"on the weekly TTB permittee list; a permit is permission, not a working still"
ttb-basic-permit,PA-S-20022,"BLUEBIRD DISTILLING, LLC",United States,2026-09-20,live,,,,,,,,,,,,https://www.ttb.gov/public-information/foia/list-of-permittees,"on the weekly TTB permittee list; a permit is permission, not a working still"
ttb-basic-permit,PA-S-20026,"MIDSTATE DISTILLERY, INC.",United States,2026-09-20,live,,,,,,,,,,,,https://www.ttb.gov/public-information/foia/list-of-permittees,"on the weekly TTB permittee list; a permit is permission, not a working still"
ttb-basic-permit,PA-S-20028,"CENTRAL PENN DISTILLING, INC.",United States,2026-09-20,live,,,,,,,,,,,,https://www.ttb.gov/public-information/foia/list-of-permittees,"on the weekly TTB permittee list; a permit is permission, not a working still"
ttb-basic-permit,PA-S-20029,RIDGE RUNNER DISTILLERY LLC,United States,2026-09-20,live,,,,,,,,,,,,https://www.ttb.gov/public-information/foia/list-of-permittees,"on the weekly TTB permittee list; a permit is permission, not a working still"
ttb-basic-permit,PA-S-20030,RED BRICK CRAFT DISTILLERY LLC,United States,2026-09-20,live,,,,,,,,,,,,https://www.ttb.gov/public-information/foia/list-of-permittees,"on the weekly TTB permittee list; a permit is permission, not a working still"
ttb-basic-permit,PA-S-20031,EIGHT OAKS CRAFT DISTILLERY COMPANY,United States,2026-09-20,live,,,,,,,,,,,,https://www.ttb.gov/public-information/foia/list-of-permittees,"on the weekly TTB permittee list; a permit is permission, not a working still"
ttb-basic-permit,PA-S-20033,KIM K MCLAUGHLIN,United States,2026-09-20,live,,,,,,,,,,,,https://www.ttb.gov/public-information/foia/list-of-permittees,"on the weekly TTB permittee list; a permit is permission, not a working still"
ttb-basic-permit,PA-S-20034,"BRANDYWINE BRANCH DISTILLERS, LLC",United States,2026-09-20,live,,,,,,,,,,,,https://www.ttb.gov/public-information/foia/list-of-permittees,"on the weekly TTB permittee list; a permit is permission, not a working still"
ttb-basic-permit,PA-S-20037,"C & D BREWING VENTURES, INC.",United States,2026-09-20,live,,,,,,,,,,,,https://www.ttb.gov/public-information/foia/list-of-permittees,"on the weekly TTB permittee list; a permit is permission, not a working still"
ttb-basic-permit,PA-S-20039,"BOARDROOM SPIRITS, LLC",United States,2026-09-20,live,,,,,,,,,,,,https://www.ttb.gov/public-information/foia/list-of-permittees,"on the weekly TTB permittee list; a permit is permission, not a working still"
ttb-basic-permit,PA-S-20043,"HUNGRY RUN WINE & SPIRITS, LLC",United States,2026-09-20,live,,,,,,,,,,,,https://www.ttb.gov/public-information/foia/list-of-permittees,"on the weekly TTB permittee list; a permit is permission, not a working still"
ttb-basic-permit,PA-S-20046,"MINGO CREEK CRAFT DISTILLERS, LLC",United States,2026-09-20,live,,,,,,,,,,,,https://www.ttb.gov/public-information/foia/list-of-permittees,"on the weekly TTB permittee list; a permit is permission, not a working still"
ttb-basic-permit,PA-S-20049,"TALL PINES DISTILLERY, LLC",United States,2026-09-20,live,,,,,,,,,,,,https://www.ttb.gov/public-information/foia/list-of-permittees,"on the weekly TTB permittee list; a permit is permission, not a working still"
ttb-basic-permit,PA-S-20052,"CART/HORSE DISTILLING, LLC",United States,2026-09-20,live,,,,,,,,,,,,https://www.ttb.gov/public-information/foia/list-of-permittees,"on the weekly TTB permittee list; a permit is permission, not a working still"
ttb-basic-permit,PA-S-20055,"LUMINARY DISTILLING, LLC",United States,2026-09-20,live,,,,,,,,,,,,https://www.ttb.gov/public-information/foia/list-of-permittees,"on the weekly TTB permittee list; a permit is permission, not a working still"
ttb-basic-permit,PA-S-20060,"HAZARD'S DISTILLERY, INC.",United States,2026-09-20,live,,,,,,,,,,,,https://www.ttb.gov/public-information/foia/list-of-permittees,"on the weekly TTB permittee list; a permit is permission, not a working still"
ttb-basic-permit,PA-S-20064,"J.G. FRASER SPIRITS, LLC",United States,2026-09-20,live,,,,,,,,,,,,https://www.ttb.gov/public-information/foia/list-of-permittees,"on the weekly TTB permittee list; a permit is permission, not a working still"
ttb-basic-permit,PA-S-20065,PENNSYLVANIA DISTILLING COMPANY LLC,United States,2026-09-20,live,,,,,,,,,,,,https://www.ttb.gov/public-information/foia/list-of-permittees,"on the weekly TTB permittee list; a permit is permission, not a working still"
ttb-basic-permit,PA-S-20066,"DEAD LIGHTNING DISTILLERY, LLC",United States,2026-09-20,live,,,,,,,,,,,,https://www.ttb.gov/public-information/foia/list-of-permittees,"on the weekly TTB permittee list; a permit is permission, not a working still"
ttb-basic-permit,PA-S-20074,"MOONSHINE MINE DISTILLERY, INC.",United States,2026-09-20,live,,,,,,,,,,,,https://www.ttb.gov/public-information/foia/list-of-permittees,"on the weekly TTB permittee list; a permit is permission, not a working still"
ttb-basic-permit,PA-S-20078,"MERMAID SPIRITS, LLC",United States,2026-09-20,live,,,,,,,,,,,,https://www.ttb.gov/public-information/foia/list-of-permittees,"on the weekly TTB permittee list; a permit is permission, not a working still"
ttb-basic-permit,PA-S-20080,CHICKEN HILL DISTILLERY AND BREWING LLC,United States,2026-09-20,live,,,,,,,,,,,,https://www.ttb.gov/public-information/foia/list-of-permittees,"on the weekly TTB permittee list; a permit is permission, not a working still"
ttb-basic-permit,PA-S-20082,"CONFLUENCE DISTILLING, LLC",United States,2026-09-20,live,,,,,,,,,,,,https://www.ttb.gov/public-information/foia/list-of-permittees,"on the weekly TTB permittee list; a permit is permission, not a working still"
ttb-basic-permit,PA-S-20103,TRIPLE NICKEL DISTILLERY LLC,United States,2026-09-20,live,,,,,,,,,,,,https://www.ttb.gov/public-information/foia/list-of-permittees,"on the weekly TTB permittee list; a permit is permission, not a working still"
ttb-basic-permit,PA-S-20106,COLD SPRING HOLLOW DISTILLERY LLC,United States,2026-09-20,live,,,,,,,,,,,,https://www.ttb.gov/public-information/foia/list-of-permittees,"on the weekly TTB permittee list; a permit is permission, not a working still"
ttb-basic-permit,PA-S-20117,HOOK & IRONS DISTILLERY LLC,United States,2026-09-20,live,,,,,,,,,,,,https://www.ttb.gov/public-information/foia/list-of-permittees,"on the weekly TTB permittee list; a permit is permission, not a working still"
ttb-basic-permit,PA-S-20121,"THE EXPERT GROUP, LTD",United States,2026-09-20,live,,,,,,,,,,,,https://www.ttb.gov/public-information/foia/list-of-permittees,"on the weekly TTB permittee list; a permit is permission, not a working still"
ttb-basic-permit,PA-S-20124,ALTERED STATE DISTILLERY LLC,United States,2026-09-20,live,,,,,,,,,,,,https://www.ttb.gov/public-information/foia/list-of-permittees,"on the weekly TTB permittee list; a permit is permission, not a working still"
ttb-basic-permit,PA-S-20126,"JLSKM PROPERTIES, LLC",United States,2026-09-20,live,,,,,,,,,,,,https://www.ttb.gov/public-information/foia/list-of-permittees,"on the weekly TTB permittee list; a permit is permission, not a working still"
ttb-basic-permit,PA-S-20128,"GRUMPY GOAT DISTILLERY, LLC",United States,2026-09-20,live,,,,,,,,,,,,https://www.ttb.gov/public-information/foia/list-of-permittees,"on the weekly TTB permittee list; a permit is permission, not a working still"
ttb-basic-permit,PA-S-20130,"ENTERPRISE SPIRITS, LLC",United States,2026-09-20,live,,,,,,,,,,,,https://www.ttb.gov/public-information/foia/list-of-permittees,"on the weekly TTB permittee list; a permit is permission, not a working still"
ttb-basic-permit,PA-S-20132,2 JAS DISTILLING LLC,United States,2026-09-20,live,,,,,,,,,,,,https://www.ttb.gov/public-information/foia/list-of-permittees,"on the weekly TTB permittee list; a permit is permission, not a working still"
ttb-basic-permit,PA-S-20136,"HOLY GHOST DISTILLERY, INC.",United States,2026-09-20,live,,,,,,,,,,,,https://www.ttb.gov/public-information/foia/list-of-permittees,"on the weekly TTB permittee list; a permit is permission, not a working still"
ttb-basic-permit,PA-S-20137,STILL MILL LLC,United States,2026-09-20,live,,,,,,,,,,,,https://www.ttb.gov/public-information/foia/list-of-permittees,"on the weekly TTB permittee list; a permit is permission, not a working still"
ttb-basic-permit,PA-S-20140,SPITZENBURG CIDER HOUSE LLC,United States,2026-09-20,live,,,,,,,,,,,,https://www.ttb.gov/public-information/foia/list-of-permittees,"on the weekly TTB permittee list; a permit is permission, not a working still"
ttb-basic-permit,PA-S-20152,HOPS AND HARDWARE DISTILLERY LLC,United States,2026-09-20,live,,,,,,,,,,,,https://www.ttb.gov/public-information/foia/list-of-permittees,"on the weekly TTB permittee list; a permit is permission, not a working still"
ttb-basic-permit,PA-S-20157,STRIVERS' ROW DISTILLERY LTD,United States,2026-09-20,live,,,,,,,,,,,,https://www.ttb.gov/public-information/foia/list-of-permittees,"on the weekly TTB permittee list; a permit is permission, not a working still"
ttb-basic-permit,PA-S-20164,ANDREW WHITEHEAD,United States,2026-09-20,live,,,,,,,,,,,,https://www.ttb.gov/public-information/foia/list-of-permittees,"on the weekly TTB permittee list; a permit is permission, not a working still"
ttb-basic-permit,PA-S-20168,EXCISE DISTILLERY LLC,United States,2026-09-20,live,,,,,,,,,,,,https://www.ttb.gov/public-information/foia/list-of-permittees,"on the weekly TTB permittee list; a permit is permission, not a working still"
ttb-basic-permit,PA-S-20175,LANCASTER BREWING COMPANY,United States,2026-09-20,live,,,,,,,,,,,,https://www.ttb.gov/public-information/foia/list-of-permittees,"on the weekly TTB permittee list; a permit is permission, not a working still"
ttb-basic-permit,PA-S-20178,"BREWSON VENTURES, LLC",United States,2026-09-20,live,,,,,,,,,,,,https://www.ttb.gov/public-information/foia/list-of-permittees,"on the weekly TTB permittee list; a permit is permission, not a working still"
ttb-basic-permit,PA-S-20186,FOUR BIRDS DISTILLING COMPANY,United States,2026-09-20,live,,,,,,,,,,,,https://www.ttb.gov/public-information/foia/list-of-permittees,"on the weekly TTB permittee list; a permit is permission, not a working still"
ttb-basic-permit,PA-S-20193,MABSCO ENTERPRISES LLC,United States,2026-09-20,live,,,,,,,,,,,,https://www.ttb.gov/public-information/foia/list-of-permittees,"on the weekly TTB permittee list; a permit is permission, not a working still"
ttb-basic-permit,PA-S-20196,"CASA W DISTILLERY, LLC",United States,2026-09-20,live,,,,,,,,,,,,https://www.ttb.gov/public-information/foia/list-of-permittees,"on the weekly TTB permittee list; a permit is permission, not a working still"
ttb-basic-permit,PA-S-20199,YARDLEY LOBSTER LLC,United States,2026-09-20,live,,,,,,,,,,,,https://www.ttb.gov/public-information/foia/list-of-permittees,"on the weekly TTB permittee list; a permit is permission, not a working still"
ttb-basic-permit,PA-S-20206,NEW CASTLE UNION STATION CRAFT DISTILLERY INC,United States,2026-09-20,live,,,,,,,,,,,,https://www.ttb.gov/public-information/foia/list-of-permittees,"on the weekly TTB permittee list; a permit is permission, not a working still"
ttb-basic-permit,PA-S-20207,BEFORE THE BARREL DISTILLERY LLC,United States,2026-09-20,live,,,,,,,,,,,,https://www.ttb.gov/public-information/foia/list-of-permittees,"on the weekly TTB permittee list; a permit is permission, not a working still"
ttb-basic-permit,PA-S-20209,"FAIR PLAY DISTILLERS, INC.",United States,2026-09-20,live,,,,,,,,,,,,https://www.ttb.gov/public-information/foia/list-of-permittees,"on the weekly TTB permittee list; a permit is permission, not a working still"
ttb-basic-permit,PA-S-20211,THREE LITTLE BIRDS DISTILLERY LLC,United States,2026-09-20,live,,,,,,,,,,,,https://www.ttb.gov/public-information/foia/list-of-permittees,"on the weekly TTB permittee list; a permit is permission, not a working still"
ttb-basic-permit,PA-S-20214,LI'L DOG MOONSHINE LLC,United States,2026-09-20,live,,,,,,,,,,,,https://www.ttb.gov/public-information/foia/list-of-permittees,"on the weekly TTB permittee list; a permit is permission, not a working still"
ttb-basic-permit,PA-S-20216,"DEAD MAN WALKING DISTILLERY, LLC",United States,2026-09-20,live,,,,,,,,,,,,https://www.ttb.gov/public-information/foia/list-of-permittees,"on the weekly TTB permittee list; a permit is permission, not a working still"
ttb-basic-permit,PA-S-20217,PITTSBURGH SPIRITS LLC,United States,2026-09-20,live,,,,,,,,,,,,https://www.ttb.gov/public-information/foia/list-of-permittees,"on the weekly TTB permittee list; a permit is permission, not a working still"
ttb-basic-permit,PA-S-20218,ASHLYNN DISTILLERY LLC,United States,2026-09-20,live,,,,,,,,,,,,https://www.ttb.gov/public-information/foia/list-of-permittees,"on the weekly TTB permittee list; a permit is permission, not a working still"
ttb-basic-permit,PA-S-20228,"IRON CITY DISTILLING, LLC",United States,2026-09-20,live,,,,,,,,,,,,https://www.ttb.gov/public-information/foia/list-of-permittees,"on the weekly TTB permittee list; a permit is permission, not a working still"
ttb-basic-permit,PA-S-20229,PONFEIGH DISTILLERY LLC,United States,2026-09-20,live,,,,,,,,,,,,https://www.ttb.gov/public-information/foia/list-of-permittees,"on the weekly TTB permittee list; a permit is permission, not a working still"
ttb-basic-permit,PA-S-20235,"LOVE, KATIE DISTILLING LLC",United States,2026-09-20,live,,,,,,,,,,,,https://www.ttb.gov/public-information/foia/list-of-permittees,"on the weekly TTB permittee list; a permit is permission, not a working still"
ttb-basic-permit,PA-S-20242,BASTIN DISTILLERY LLC,United States,2026-09-20,live,,,,,,,,,,,,https://www.ttb.gov/public-information/foia/list-of-permittees,"on the weekly TTB permittee list; a permit is permission, not a working still"
ttb-basic-permit,PA-S-20252,"JOHNNY'S DISTILLERY, LLC",United States,2026-09-20,live,,,,,,,,,,,,https://www.ttb.gov/public-information/foia/list-of-permittees,"on the weekly TTB permittee list; a permit is permission, not a working still"
ttb-basic-permit,PA-S-20268,"NORTHERN YORK COUNTY HISTORICAL AND PRESERVATION SOCIETY, INC.",United States,2026-09-20,live,,,,,,,,,,,,https://www.ttb.gov/public-information/foia/list-of-permittees,"on the weekly TTB permittee list; a permit is permission, not a working still"
ttb-basic-permit,PA-S-20278,ROCKY'S REVELS LLC,United States,2026-09-20,live,,,,,,,,,,,,https://www.ttb.gov/public-information/foia/list-of-permittees,"on the weekly TTB permittee list; a permit is permission, not a working still"
ttb-basic-permit,PA-S-20308,RIPPLE CREEK CRAFT DISTILLING LLC,United States,2026-09-20,live,,,,,,,,,,,,https://www.ttb.gov/public-information/foia/list-of-permittees,"on the weekly TTB permittee list; a permit is permission, not a working still"
ttb-basic-permit,RI-S-15000,"COASTAL EXTREME BREWING CO., LLC",United States,2026-09-20,live,,,,,,,,,,,,https://www.ttb.gov/public-information/foia/list-of-permittees,"on the weekly TTB permittee list; a permit is permission, not a working still"
ttb-basic-permit,RI-S-20003,CAVE LLC,United States,2026-09-20,live,,,,,,,,,,,,https://www.ttb.gov/public-information/foia/list-of-permittees,"on the weekly TTB permittee list; a permit is permission, not a working still"
ttb-basic-permit,RI-S-20007,"THE INDUSTRIOUS SPIRIT COMPANY, LLC",United States,2026-09-20,live,,,,,,,,,,,,https://www.ttb.gov/public-information/foia/list-of-permittees,"on the weekly TTB permittee list; a permit is permission, not a working still"
ttb-basic-permit,RI-S-20008,"GREY SAIL SPIRITS, LLC",United States,2026-09-20,live,,,,,,,,,,,,https://www.ttb.gov/public-information/foia/list-of-permittees,"on the weekly TTB permittee list; a permit is permission, not a working still"
ttb-basic-permit,RI-S-20010,"LIBERTY PRODUCTION, LLC",United States,2026-09-20,live,,,,,,,,,,,,https://www.ttb.gov/public-information/foia/list-of-permittees,"on the weekly TTB permittee list; a permit is permission, not a working still"
ttb-basic-permit,RI-S-20014,"13TH HOUR DISTILLING, LLC",United States,2026-09-20,live,,,,,,,,,,,,https://www.ttb.gov/public-information/foia/list-of-permittees,"on the weekly TTB permittee list; a permit is permission, not a working still"
ttb-basic-permit,RI-S-20018,"WORKING MAN DISTILLERS, LLC",United States,2026-09-20,live,,,,,,,,,,,,https://www.ttb.gov/public-information/foia/list-of-permittees,"on the weekly TTB permittee list; a permit is permission, not a working still"
ttb-basic-permit,SC-S-15002,FIREFLY DISTILLERY LLC,United States,2026-09-20,live,,,,,,,,,,,,https://www.ttb.gov/public-information/foia/list-of-permittees,"on the weekly TTB permittee list; a permit is permission, not a working still"
ttb-basic-permit,SC-S-15006,"SIX AND TWENTY DISTILLERY, LLC",United States,2026-09-20,live,,,,,,,,,,,,https://www.ttb.gov/public-information/foia/list-of-permittees,"on the weekly TTB permittee list; a permit is permission, not a working still"
ttb-basic-permit,SC-S-20002,"ROCK BOTTOM DISTILLERS, LLC",United States,2026-09-20,live,,,,,,,,,,,,https://www.ttb.gov/public-information/foia/list-of-permittees,"on the weekly TTB permittee list; a permit is permission, not a working still"
ttb-basic-permit,SC-S-20005,"COLONY CRAFT BEVERAGE COMPANY, LLC",United States,2026-09-20,live,,,,,,,,,,,,https://www.ttb.gov/public-information/foia/list-of-permittees,"on the weekly TTB permittee list; a permit is permission, not a working still"
ttb-basic-permit,SC-S-20006,STRIPED PIG DISTILLERY LLC,United States,2026-09-20,live,,,,,,,,,,,,https://www.ttb.gov/public-information/foia/list-of-permittees,"on the weekly TTB permittee list; a permit is permission, not a working still"
ttb-basic-permit,SC-S-20010,"STRAW HAT DISTILLERY, LLC",United States,2026-09-20,live,,,,,,,,,,,,https://www.ttb.gov/public-information/foia/list-of-permittees,"on the weekly TTB permittee list; a permit is permission, not a working still"
ttb-basic-permit,SC-S-20012,"CHARLESTON DISTILLERS, LLC",United States,2026-09-20,live,,,,,,,,,,,,https://www.ttb.gov/public-information/foia/list-of-permittees,"on the weekly TTB permittee list; a permit is permission, not a working still"
ttb-basic-permit,SC-S-20013,"LUCKY DUCK DISTILLERY, LLC",United States,2026-09-20,live,,,,,,,,,,,,https://www.ttb.gov/public-information/foia/list-of-permittees,"on the weekly TTB permittee list; a permit is permission, not a working still"
ttb-basic-permit,SC-S-20015,"DAUFUSKIE ISLAND RUM COMPANY, LLC",United States,2026-09-20,live,,,,,,,,,,,,https://www.ttb.gov/public-information/foia/list-of-permittees,"on the weekly TTB permittee list; a permit is permission, not a working still"
ttb-basic-permit,SC-S-20018,"HOLLOW CREEK DISTILLERY, LLC",United States,2026-09-20,live,,,,,,,,,,,,https://www.ttb.gov/public-information/foia/list-of-permittees,"on the weekly TTB permittee list; a permit is permission, not a working still"
ttb-basic-permit,SC-S-20019,"CHATTOOGA BELLE FARM DISTILLERY, LLC",United States,2026-09-20,live,,,,,,,,,,,,https://www.ttb.gov/public-information/foia/list-of-permittees,"on the weekly TTB permittee list; a permit is permission, not a working still"
ttb-basic-permit,SC-S-20024,"GORGET DISTILLING CO.,",United States,2026-09-20,live,,,,,,,,,,,,https://www.ttb.gov/public-information/foia/list-of-permittees,"on the weekly TTB permittee list; a permit is permission, not a working still"
ttb-basic-permit,SC-S-20027,"HILTON HEAD DISTILLERY, LLC",United States,2026-09-20,live,,,,,,,,,,,,https://www.ttb.gov/public-information/foia/list-of-permittees,"on the weekly TTB permittee list; a permit is permission, not a working still"
ttb-basic-permit,SC-S-20029,"HARDSCOOP, INC",United States,2026-09-20,live,,,,,,,,,,,,https://www.ttb.gov/public-information/foia/list-of-permittees,"on the weekly TTB permittee list; a permit is permission, not a working still"
ttb-basic-permit,SC-S-20036,"TWELVE 33 DISTILLERY, LLC",United States,2026-09-20,live,,,,,,,,,,,,https://www.ttb.gov/public-information/foia/list-of-permittees,"on the weekly TTB permittee list; a permit is permission, not a working still"
ttb-basic-permit,SC-S-20039,"SWAMP FOX DISTILLING, LLC",United States,2026-09-20,live,,,,,,,,,,,,https://www.ttb.gov/public-information/foia/list-of-permittees,"on the weekly TTB permittee list; a permit is permission, not a working still"
ttb-basic-permit,SC-S-20044,BURNT CHURCH DISTILLERY LLC,United States,2026-09-20,live,,,,,,,,,,,,https://www.ttb.gov/public-information/foia/list-of-permittees,"on the weekly TTB permittee list; a permit is permission, not a working still"
ttb-basic-permit,SC-S-20047,"BEYOND DISTILLING COMPANY, LLC",United States,2026-09-20,live,,,,,,,,,,,,https://www.ttb.gov/public-information/foia/list-of-permittees,"on the weekly TTB permittee list; a permit is permission, not a working still"
ttb-basic-permit,SC-S-20049,SLEEPING GIANT DISTILLERY LLC,United States,2026-09-20,live,,,,,,,,,,,,https://www.ttb.gov/public-information/foia/list-of-permittees,"on the weekly TTB permittee list; a permit is permission, not a working still"
ttb-basic-permit,SC-S-20052,"CONTRAST DISTILLERY, LLC",United States,2026-09-20,live,,,,,,,,,,,,https://www.ttb.gov/public-information/foia/list-of-permittees,"on the weekly TTB permittee list; a permit is permission, not a working still"
ttb-basic-permit,SC-S-20057,"BOXWOOD DISTILLERY, LLC",United States,2026-09-20,live,,,,,,,,,,,,https://www.ttb.gov/public-information/foia/list-of-permittees,"on the weekly TTB permittee list; a permit is permission, not a working still"
ttb-basic-permit,SC-S-20062,TWO HORSE DISTILLERY LLC,United States,2026-09-20,live,,,,,,,,,,,,https://www.ttb.gov/public-information/foia/list-of-permittees,"on the weekly TTB permittee list; a permit is permission, not a working still"
ttb-basic-permit,SC-S-20064,BRINSON SPIRITS LLC,United States,2026-09-20,live,,,,,,,,,,,,https://www.ttb.gov/public-information/foia/list-of-permittees,"on the weekly TTB permittee list; a permit is permission, not a working still"
ttb-basic-permit,SD-S-15000,"DAKOTA SPIRITS DISTILLERY, LLC",United States,2026-09-20,live,,,,,,,,,,,,https://www.ttb.gov/public-information/foia/list-of-permittees,"on the weekly TTB permittee list; a permit is permission, not a working still"
ttb-basic-permit,SD-S-20002,"GLACIAL LAKES DISTILLERY, LLC",United States,2026-09-20,live,,,,,,,,,,,,https://www.ttb.gov/public-information/foia/list-of-permittees,"on the weekly TTB permittee list; a permit is permission, not a working still"
ttb-basic-permit,SD-S-20003,"VALIANT VINEYARDS, INC.",United States,2026-09-20,live,,,,,,,,,,,,https://www.ttb.gov/public-information/foia/list-of-permittees,"on the weekly TTB permittee list; a permit is permission, not a working still"
ttb-basic-permit,SD-S-20006,BADLANDS DISTILLERY LLC,United States,2026-09-20,live,,,,,,,,,,,,https://www.ttb.gov/public-information/foia/list-of-permittees,"on the weekly TTB permittee list; a permit is permission, not a working still"
ttb-basic-permit,TN-S-12,"PRICHARDS' DISTILLERY, INC.",United States,2026-09-20,live,,,,,,,,,,,,https://www.ttb.gov/public-information/foia/list-of-permittees,"on the weekly TTB permittee list; a permit is permission, not a working still"
ttb-basic-permit,TN-S-15004,"OLE SMOKY DISTILLERY, LLC",United States,2026-09-20,live,,,,,,,,,,,,https://www.ttb.gov/public-information/foia/list-of-permittees,"on the weekly TTB permittee list; a permit is permission, not a working still"
ttb-basic-permit,TN-S-15007,GOLDEN RULE DISTILLING COMPANY,United States,2026-09-20,live,,,,,,,,,,,,https://www.ttb.gov/public-information/foia/list-of-permittees,"on the weekly TTB permittee list; a permit is permission, not a working still"
ttb-basic-permit,TN-S-15013,"TNSH, LLC",United States,2026-09-20,live,,,,,,,,,,,,https://www.ttb.gov/public-information/foia/list-of-permittees,"on the weekly TTB permittee list; a permit is permission, not a working still"
ttb-basic-permit,TN-S-20003,TENN SOUTH DISTILLERY LLC,United States,2026-09-20,live,,,,,,,,,,,,https://www.ttb.gov/public-information/foia/list-of-permittees,"on the weekly TTB permittee list; a permit is permission, not a working still"
ttb-basic-permit,TN-S-20005,"NELSON'S GREEN BRIER DISTILLERY, LLC",United States,2026-09-20,live,,,,,,,,,,,,https://www.ttb.gov/public-information/foia/list-of-permittees,"on the weekly TTB permittee list; a permit is permission, not a working still"
ttb-basic-permit,TN-S-20007,"SOUTHERN PRIDE DISTILLERY, LLC",United States,2026-09-20,live,,,,,,,,,,,,https://www.ttb.gov/public-information/foia/list-of-permittees,"on the weekly TTB permittee list; a permit is permission, not a working still"
ttb-basic-permit,TN-S-20012,"OLD FORGE DISTILLERY, LLC",United States,2026-09-20,live,,,,,,,,,,,,https://www.ttb.gov/public-information/foia/list-of-permittees,"on the weekly TTB permittee list; a permit is permission, not a working still"
ttb-basic-permit,TN-S-20018,BRYANT DISTILLERY LLC,United States,2026-09-20,live,,,,,,,,,,,,https://www.ttb.gov/public-information/foia/list-of-permittees,"on the weekly TTB permittee list; a permit is permission, not a working still"
ttb-basic-permit,TN-S-20022,BOOTLEGGERS LLC,United States,2026-09-20,live,,,,,,,,,,,,https://www.ttb.gov/public-information/foia/list-of-permittees,"on the weekly TTB permittee list; a permit is permission, not a working still"
ttb-basic-permit,TN-S-20023,"TENNESSEE HILLS DISTILLERY, LLC",United States,2026-09-20,live,,,,,,,,,,,,https://www.ttb.gov/public-information/foia/list-of-permittees,"on the weekly TTB permittee list; a permit is permission, not a working still"
ttb-basic-permit,TN-S-20024,HOOK & LADDER DISTILLERY LLC,United States,2026-09-20,live,,,,,,,,,,,,https://www.ttb.gov/public-information/foia/list-of-permittees,"on the weekly TTB permittee list; a permit is permission, not a working still"
ttb-basic-permit,TN-S-20026,CUNNINGHAM SPIRITS LLC,United States,2026-09-20,live,,,,,,,,,,,,https://www.ttb.gov/public-information/foia/list-of-permittees,"on the weekly TTB permittee list; a permit is permission, not a working still"
ttb-basic-permit,TN-S-20031,"XXX DISTILLERY, LLC",United States,2026-09-20,live,,,,,,,,,,,,https://www.ttb.gov/public-information/foia/list-of-permittees,"on the weekly TTB permittee list; a permit is permission, not a working still"
ttb-basic-permit,TN-S-20032,"LEIPER'S FORK DISTILLERY, LLC",United States,2026-09-20,live,,,,,,,,,,,,https://www.ttb.gov/public-information/foia/list-of-permittees,"on the weekly TTB permittee list; a permit is permission, not a working still"
ttb-basic-permit,TN-S-20046,"GOBBLER SPRINGS DISTILLERY, LLC",United States,2026-09-20,live,,,,,,,,,,,,https://www.ttb.gov/public-information/foia/list-of-permittees,"on the weekly TTB permittee list; a permit is permission, not a working still"
ttb-basic-permit,TN-S-20066,"LOST STATE DISTILLING, LLC",United States,2026-09-20,live,,,,,,,,,,,,https://www.ttb.gov/public-information/foia/list-of-permittees,"on the weekly TTB permittee list; a permit is permission, not a working still"
ttb-basic-permit,TN-S-20076,GUTTER BOUND DISTILLERY LLC,United States,2026-09-20,live,,,,,,,,,,,,https://www.ttb.gov/public-information/foia/list-of-permittees,"on the weekly TTB permittee list; a permit is permission, not a working still"
ttb-basic-permit,TN-S-20079,AMERICAN MOONSHINE LLC,United States,2026-09-20,live,,,,,,,,,,,,https://www.ttb.gov/public-information/foia/list-of-permittees,"on the weekly TTB permittee list; a permit is permission, not a working still"
ttb-basic-permit,TN-S-20094,"DK BUSINESS VENTURES, LLC",United States,2026-09-20,live,,,,,,,,,,,,https://www.ttb.gov/public-information/foia/list-of-permittees,"on the weekly TTB permittee list; a permit is permission, not a working still"
ttb-basic-permit,TN-S-20096,"NASHVILLE BARREL COMPANY, LLC",United States,2026-09-20,live,,,,,,,,,,,,https://www.ttb.gov/public-information/foia/list-of-permittees,"on the weekly TTB permittee list; a permit is permission, not a working still"
ttb-basic-permit,TN-S-20099,"FAR BETTER, LLC",United States,2026-09-20,live,,,,,,,,,,,,https://www.ttb.gov/public-information/foia/list-of-permittees,"on the weekly TTB permittee list; a permit is permission, not a working still"
ttb-basic-permit,TN-S-20104,"MOSSBACK DISTILLERY, LLC",United States,2026-09-20,live,,,,,,,,,,,,https://www.ttb.gov/public-information/foia/list-of-permittees,"on the weekly TTB permittee list; a permit is permission, not a working still"
ttb-basic-permit,TN-S-20110,CORSAIR ARTISAN LLC,United States,2026-09-20,live,,,,,,,,,,,,https://www.ttb.gov/public-information/foia/list-of-permittees,"on the weekly TTB permittee list; a permit is permission, not a working still"
ttb-basic-permit,TN-S-20114,ROLLING OAK FARMS,United States,2026-09-20,live,,,,,,,,,,,,https://www.ttb.gov/public-information/foia/list-of-permittees,"on the weekly TTB permittee list; a permit is permission, not a working still"
ttb-basic-permit,TN-S-20122,"DROP ZONE DISTILLING COMPANY, LLC",United States,2026-09-20,live,,,,,,,,,,,,https://www.ttb.gov/public-information/foia/list-of-permittees,"on the weekly TTB permittee list; a permit is permission, not a working still"
ttb-basic-permit,TN-S-20126,"STABLE RESERVE SPIRITS, LLC",United States,2026-09-20,live,,,,,,,,,,,,https://www.ttb.gov/public-information/foia/list-of-permittees,"on the weekly TTB permittee list; a permit is permission, not a working still"
ttb-basic-permit,TN-S-20128,THREE RIFLES DISTILLING CO. LLC,United States,2026-09-20,live,,,,,,,,,,,,https://www.ttb.gov/public-information/foia/list-of-permittees,"on the weekly TTB permittee list; a permit is permission, not a working still"
ttb-basic-permit,TN-S-20136,HAMPSHIRE HILLS DISTILLERY LLC,United States,2026-09-20,live,,,,,,,,,,,,https://www.ttb.gov/public-information/foia/list-of-permittees,"on the weekly TTB permittee list; a permit is permission, not a working still"
ttb-basic-permit,TN-S-20138,"QUEEN SHINE GIRL, LLC",United States,2026-09-20,live,,,,,,,,,,,,https://www.ttb.gov/public-information/foia/list-of-permittees,"on the weekly TTB permittee list; a permit is permission, not a working still"
ttb-basic-permit,TN-S-20145,OUTLAW TENNESSEE DISTILLERY LLC,United States,2026-09-20,live,,,,,,,,,,,,https://www.ttb.gov/public-information/foia/list-of-permittees,"on the weekly TTB permittee list; a permit is permission, not a working still"
ttb-basic-permit,TN-S-20150,"NEAREST GREEN DISTILLERY, INC.",United States,2026-09-20,live,,,,,,,,,,,,https://www.ttb.gov/public-information/foia/list-of-permittees,"on the weekly TTB permittee list; a permit is permission, not a working still"
ttb-basic-permit,TN-S-20158,FLAMING ACES DISTILLERY LLC,United States,2026-09-20,live,,,,,,,,,,,,https://www.ttb.gov/public-information/foia/list-of-permittees,"on the weekly TTB permittee list; a permit is permission, not a working still"
ttb-basic-permit,TN-S-20163,"HANGAR 13 DISTILLERY, LLC",United States,2026-09-20,live,,,,,,,,,,,,https://www.ttb.gov/public-information/foia/list-of-permittees,"on the weekly TTB permittee list; a permit is permission, not a working still"
ttb-basic-permit,TN-S-20168,"LEATHERWOOD DISTILLERY, LLC",United States,2026-09-20,live,,,,,,,,,,,,https://www.ttb.gov/public-information/foia/list-of-permittees,"on the weekly TTB permittee list; a permit is permission, not a working still"
ttb-basic-permit,TX-S-15006,"LONE STAR DISTILLERY, LLC",United States,2026-09-20,live,,,,,,,,,,,,https://www.ttb.gov/public-information/foia/list-of-permittees,"on the weekly TTB permittee list; a permit is permission, not a working still"
ttb-basic-permit,TX-S-15017,"RANGER CREEK BREWING & DISTILLING, LLC",United States,2026-09-20,live,,,,,,,,,,,,https://www.ttb.gov/public-information/foia/list-of-permittees,"on the weekly TTB permittee list; a permit is permission, not a working still"
ttb-basic-permit,TX-S-15023,"FIRESTONE & ROBERTSON DISTILLING COMPANY, LLC",United States,2026-09-20,live,,,,,,,,,,,,https://www.ttb.gov/public-information/foia/list-of-permittees,"on the weekly TTB permittee list; a permit is permission, not a working still"
ttb-basic-permit,TX-S-15031,"TEXAS BOURBON, INC.",United States,2026-09-20,live,,,,,,,,,,,,https://www.ttb.gov/public-information/foia/list-of-permittees,"on the weekly TTB permittee list; a permit is permission, not a working still"
ttb-basic-permit,TX-S-20004,"GENIUS LIQUIDS, LLC",United States,2026-09-20,live,,,,,,,,,,,,https://www.ttb.gov/public-information/foia/list-of-permittees,"on the weekly TTB permittee list; a permit is permission, not a working still"
ttb-basic-permit,TX-S-20011,"BANNER DISTILLING CO., LLC",United States,2026-09-20,live,,,,,,,,,,,,https://www.ttb.gov/public-information/foia/list-of-permittees,"on the weekly TTB permittee list; a permit is permission, not a working still"
ttb-basic-permit,TX-S-20015,DORCOL DISTILLING COMPANY,United States,2026-09-20,live,,,,,,,,,,,,https://www.ttb.gov/public-information/foia/list-of-permittees,"on the weekly TTB permittee list; a permit is permission, not a working still"
ttb-basic-permit,TX-S-20020,"REVOLUTION SPIRITS DISTILLING CO., LLC",United States,2026-09-20,live,,,,,,,,,,,,https://www.ttb.gov/public-information/foia/list-of-permittees,"on the weekly TTB permittee list; a permit is permission, not a working still"
ttb-basic-permit,TX-S-20025,BIG THICKET DISTILLING COMPANY,United States,2026-09-20,live,,,,,,,,,,,,https://www.ttb.gov/public-information/foia/list-of-permittees,"on the weekly TTB permittee list; a permit is permission, not a working still"
ttb-basic-permit,TX-S-20026,"LIKARISH ENTERPRISES, INC.",United States,2026-09-20,live,,,,,,,,,,,,https://www.ttb.gov/public-information/foia/list-of-permittees,"on the weekly TTB permittee list; a permit is permission, not a working still"
ttb-basic-permit,TX-S-20037,DUCKWORTH DISTILLERY LLC,United States,2026-09-20,live,,,,,,,,,,,,https://www.ttb.gov/public-information/foia/list-of-permittees,"on the weekly TTB permittee list; a permit is permission, not a working still"
ttb-basic-permit,TX-S-20043,SQUARE PEG DISTILLING LLC,United States,2026-09-20,live,,,,,,,,,,,,https://www.ttb.gov/public-information/foia/list-of-permittees,"on the weekly TTB permittee list; a permit is permission, not a working still"
ttb-basic-permit,TX-S-20052,"ENDSLEY, INC.",United States,2026-09-20,live,,,,,,,,,,,,https://www.ttb.gov/public-information/foia/list-of-permittees,"on the weekly TTB permittee list; a permit is permission, not a working still"
ttb-basic-permit,TX-S-20057,"JOHNSON COUNTY DISTILLERY, LLC",United States,2026-09-20,live,,,,,,,,,,,,https://www.ttb.gov/public-information/foia/list-of-permittees,"on the weekly TTB permittee list; a permit is permission, not a working still"
ttb-basic-permit,TX-S-20077,CIBOLO CREEK RESOURCES CORP. D/B/A FRONT PORCH DISTILLERY,United States,2026-09-20,live,,,,,,,,,,,,https://www.ttb.gov/public-information/foia/list-of-permittees,"on the weekly TTB permittee list; a permit is permission, not a working still"
ttb-basic-permit,TX-S-20078,SAN ANTONIO DISTILLERY LLC,United States,2026-09-20,live,,,,,,,,,,,,https://www.ttb.gov/public-information/foia/list-of-permittees,"on the weekly TTB permittee list; a permit is permission, not a working still"
ttb-basic-permit,TX-S-20081,"IWD ENTERPRISES, LLC",United States,2026-09-20,live,,,,,,,,,,,,https://www.ttb.gov/public-information/foia/list-of-permittees,"on the weekly TTB permittee list; a permit is permission, not a working still"
ttb-basic-permit,TX-S-20082,TAHWAHKARO DISTILLING COMPANY  LLC,United States,2026-09-20,live,,,,,,,,,,,,https://www.ttb.gov/public-information/foia/list-of-permittees,"on the weekly TTB permittee list; a permit is permission, not a working still"
ttb-basic-permit,TX-S-20095,COPPER SHOT DISTILLERY INC.,United States,2026-09-20,live,,,,,,,,,,,,https://www.ttb.gov/public-information/foia/list-of-permittees,"on the weekly TTB permittee list; a permit is permission, not a working still"
ttb-basic-permit,TX-S-20096,"THE HIGHWAY DISTILLERY, LLC",United States,2026-09-20,live,,,,,,,,,,,,https://www.ttb.gov/public-information/foia/list-of-permittees,"on the weekly TTB permittee list; a permit is permission, not a working still"
ttb-basic-permit,TX-S-20104,"ELK STORE WINERY DISTILLERY, LLC",United States,2026-09-20,live,,,,,,,,,,,,https://www.ttb.gov/public-information/foia/list-of-permittees,"on the weekly TTB permittee list; a permit is permission, not a working still"
ttb-basic-permit,TX-S-20107,"COASTAL BEND DISTILLING COMPANY, LLC",United States,2026-09-20,live,,,,,,,,,,,,https://www.ttb.gov/public-information/foia/list-of-permittees,"on the weekly TTB permittee list; a permit is permission, not a working still"
ttb-basic-permit,TX-S-20131,"D R MAREK, LLC",United States,2026-09-20,live,,,,,,,,,,,,https://www.ttb.gov/public-information/foia/list-of-permittees,"on the weekly TTB permittee list; a permit is permission, not a working still"
ttb-basic-permit,TX-S-20133,TRINITY RIVER DISTILLERY LLC,United States,2026-09-20,live,,,,,,,,,,,,https://www.ttb.gov/public-information/foia/list-of-permittees,"on the weekly TTB permittee list; a permit is permission, not a working still"
ttb-basic-permit,TX-S-20146,"HUSH & WHISPER, LLC",United States,2026-09-20,live,,,,,,,,,,,,https://www.ttb.gov/public-information/foia/list-of-permittees,"on the weekly TTB permittee list; a permit is permission, not a working still"
ttb-basic-permit,TX-S-20149,"ROUND MOUNTAIN DISTILLING, LLC",United States,2026-09-20,live,,,,,,,,,,,,https://www.ttb.gov/public-information/foia/list-of-permittees,"on the weekly TTB permittee list; a permit is permission, not a working still"
ttb-basic-permit,TX-S-20161,"DEVILS RIVER DISTILLERY, LLC",United States,2026-09-20,live,,,,,,,,,,,,https://www.ttb.gov/public-information/foia/list-of-permittees,"on the weekly TTB permittee list; a permit is permission, not a working still"
ttb-basic-permit,TX-S-20181,"WILLIAM PRICE DISTILLING COMPANY, LLC",United States,2026-09-20,live,,,,,,,,,,,,https://www.ttb.gov/public-information/foia/list-of-permittees,"on the weekly TTB permittee list; a permit is permission, not a working still"
ttb-basic-permit,TX-S-20183,"FIERCE WHISKERS DISTILLERY, LLC",United States,2026-09-20,live,,,,,,,,,,,,https://www.ttb.gov/public-information/foia/list-of-permittees,"on the weekly TTB permittee list; a permit is permission, not a working still"
ttb-basic-permit,TX-S-20184,"SALVATION SPIRITS, LLC",United States,2026-09-20,live,,,,,,,,,,,,https://www.ttb.gov/public-information/foia/list-of-permittees,"on the weekly TTB permittee list; a permit is permission, not a working still"
ttb-basic-permit,TX-S-20195,SUGAR ISLAND LLC,United States,2026-09-20,live,,,,,,,,,,,,https://www.ttb.gov/public-information/foia/list-of-permittees,"on the weekly TTB permittee list; a permit is permission, not a working still"
ttb-basic-permit,TX-S-20200,CHAPLINE DISTILLERY LLC,United States,2026-09-20,live,,,,,,,,,,,,https://www.ttb.gov/public-information/foia/list-of-permittees,"on the weekly TTB permittee list; a permit is permission, not a working still"
ttb-basic-permit,TX-S-20215,HLCC VENTURES LLC,United States,2026-09-20,live,,,,,,,,,,,,https://www.ttb.gov/public-information/foia/list-of-permittees,"on the weekly TTB permittee list; a permit is permission, not a working still"
ttb-basic-permit,TX-S-20222,"M DISTILLERY, LLC",United States,2026-09-20,live,,,,,,,,,,,,https://www.ttb.gov/public-information/foia/list-of-permittees,"on the weekly TTB permittee list; a permit is permission, not a working still"
ttb-basic-permit,TX-S-20237,JOHNNY PICKLES DISTILLERY LLC,United States,2026-09-20,live,,,,,,,,,,,,https://www.ttb.gov/public-information/foia/list-of-permittees,"on the weekly TTB permittee list; a permit is permission, not a working still"
ttb-basic-permit,TX-S-20240,STUBBORN MULE DISTILLING CORPORATION,United States,2026-09-20,live,,,,,,,,,,,,https://www.ttb.gov/public-information/foia/list-of-permittees,"on the weekly TTB permittee list; a permit is permission, not a working still"
ttb-basic-permit,TX-S-20244,"TEXAS BLACK GOLD DISTILLERY, LLC",United States,2026-09-20,live,,,,,,,,,,,,https://www.ttb.gov/public-information/foia/list-of-permittees,"on the weekly TTB permittee list; a permit is permission, not a working still"
ttb-basic-permit,TX-S-20274,"COPPERFIELD DISTILLING, LLC",United States,2026-09-20,live,,,,,,,,,,,,https://www.ttb.gov/public-information/foia/list-of-permittees,"on the weekly TTB permittee list; a permit is permission, not a working still"
ttb-basic-permit,TX-S-20276,GALVESTON DISTILLING CO LLC,United States,2026-09-20,live,,,,,,,,,,,,https://www.ttb.gov/public-information/foia/list-of-permittees,"on the weekly TTB permittee list; a permit is permission, not a working still"
ttb-basic-permit,TX-S-20290,DROP OF THE CREATOR LLC,United States,2026-09-20,live,,,,,,,,,,,,https://www.ttb.gov/public-information/foia/list-of-permittees,"on the weekly TTB permittee list; a permit is permission, not a working still"
ttb-basic-permit,TX-S-20294,LOCKWOOD DISTILLING COMPANY TRES LLC,United States,2026-09-20,live,,,,,,,,,,,,https://www.ttb.gov/public-information/foia/list-of-permittees,"on the weekly TTB permittee list; a permit is permission, not a working still"
ttb-basic-permit,TX-S-20304,"LIVING THE DREAM DISTILLERY, LLC",United States,2026-09-20,live,,,,,,,,,,,,https://www.ttb.gov/public-information/foia/list-of-permittees,"on the weekly TTB permittee list; a permit is permission, not a working still"
ttb-basic-permit,TX-S-20316,"DESERT GHOST DISTILLING COMPANY, LLC",United States,2026-09-20,live,,,,,,,,,,,,https://www.ttb.gov/public-information/foia/list-of-permittees,"on the weekly TTB permittee list; a permit is permission, not a working still"
ttb-basic-permit,TX-S-20319,"THE MADHATTER DISTILLERY, LLC",United States,2026-09-20,live,,,,,,,,,,,,https://www.ttb.gov/public-information/foia/list-of-permittees,"on the weekly TTB permittee list; a permit is permission, not a working still"
ttb-basic-permit,TX-S-20320,"GARAGE OIL, LLC",United States,2026-09-20,live,,,,,,,,,,,,https://www.ttb.gov/public-information/foia/list-of-permittees,"on the weekly TTB permittee list; a permit is permission, not a working still"
ttb-basic-permit,TX-S-20322,PORCHLIGHT DISTILLERY LLC,United States,2026-09-20,live,,,,,,,,,,,,https://www.ttb.gov/public-information/foia/list-of-permittees,"on the weekly TTB permittee list; a permit is permission, not a working still"
ttb-basic-permit,TX-S-20323,PHILIP WEST,United States,2026-09-20,live,,,,,,,,,,,,https://www.ttb.gov/public-information/foia/list-of-permittees,"on the weekly TTB permittee list; a permit is permission, not a working still"
ttb-basic-permit,TX-S-20328,THREE PATHS DISTILLERY LLC,United States,2026-09-20,live,,,,,,,,,,,,https://www.ttb.gov/public-information/foia/list-of-permittees,"on the weekly TTB permittee list; a permit is permission, not a working still"
ttb-basic-permit,TX-S-20343,BLUE FLAG DISTILLERY LLC,United States,2026-09-20,live,,,,,,,,,,,,https://www.ttb.gov/public-information/foia/list-of-permittees,"on the weekly TTB permittee list; a permit is permission, not a working still"
ttb-basic-permit,TX-S-20344,IRON GOAT DISTILLERY LLC,United States,2026-09-20,live,,,,,,,,,,,,https://www.ttb.gov/public-information/foia/list-of-permittees,"on the weekly TTB permittee list; a permit is permission, not a working still"
ttb-basic-permit,TX-S-20359,"TALL TEXAN DISTILLING, LLC",United States,2026-09-20,live,,,,,,,,,,,,https://www.ttb.gov/public-information/foia/list-of-permittees,"on the weekly TTB permittee list; a permit is permission, not a working still"
ttb-basic-permit,UT-S-15001,"HIGH WEST DISTILLERY, LLC",United States,2026-09-20,live,,,,,,,,,,,,https://www.ttb.gov/public-information/foia/list-of-permittees,"on the weekly TTB permittee list; a permit is permission, not a working still"
ttb-basic-permit,UT-S-15002,"OGDEN'S OWN DISTILLERY, INC",United States,2026-09-20,live,,,,,,,,,,,,https://www.ttb.gov/public-information/foia/list-of-permittees,"on the weekly TTB permittee list; a permit is permission, not a working still"
ttb-basic-permit,UT-S-20009,"SALT LAKE CITY DISTILLERY, LLC",United States,2026-09-20,live,,,,,,,,,,,,https://www.ttb.gov/public-information/foia/list-of-permittees,"on the weekly TTB permittee list; a permit is permission, not a working still"
ttb-basic-permit,UT-S-20011,NEW WORLD DISTILLERY INC.,United States,2026-09-20,live,,,,,,,,,,,,https://www.ttb.gov/public-information/foia/list-of-permittees,"on the weekly TTB permittee list; a permit is permission, not a working still"
ttb-basic-permit,UT-S-20012,GA LLC,United States,2026-09-20,live,,,,,,,,,,,,https://www.ttb.gov/public-information/foia/list-of-permittees,"on the weekly TTB permittee list; a permit is permission, not a working still"
ttb-basic-permit,UT-S-20013,"WATERPOCKET, LLC",United States,2026-09-20,live,,,,,,,,,,,,https://www.ttb.gov/public-information/foia/list-of-permittees,"on the weekly TTB permittee list; a permit is permission, not a working still"
ttb-basic-permit,UT-S-20024,VINTAGE SPIRITS LLC,United States,2026-09-20,live,,,,,,,,,,,,https://www.ttb.gov/public-information/foia/list-of-permittees,"on the weekly TTB permittee list; a permit is permission, not a working still"
ttb-basic-permit,UT-S-20026,"OUTLAW SPIRITS, LLC",United States,2026-09-20,live,,,,,,,,,,,,https://www.ttb.gov/public-information/foia/list-of-permittees,"on the weekly TTB permittee list; a permit is permission, not a working still"
ttb-basic-permit,UT-S-20035,"SPIRITS OF THE WASATCH, LLC",United States,2026-09-20,live,,,,,,,,,,,,https://www.ttb.gov/public-information/foia/list-of-permittees,"on the weekly TTB permittee list; a permit is permission, not a working still"
ttb-basic-permit,VA-S-15003,CHESAPEAKE BAY DISTILLERY LLC,United States,2026-09-20,live,,,,,,,,,,,,https://www.ttb.gov/public-information/foia/list-of-permittees,"on the weekly TTB permittee list; a permit is permission, not a working still"
ttb-basic-permit,VA-S-15011,"RESERVOIR DISTILLERY, LLC",United States,2026-09-20,live,,,,,,,,,,,,https://www.ttb.gov/public-information/foia/list-of-permittees,"on the weekly TTB permittee list; a permit is permission, not a working still"
ttb-basic-permit,VA-S-15012,"CATOCTIN CREEK DISTILLING COMPANY, LLC",United States,2026-09-20,live,,,,,,,,,,,,https://www.ttb.gov/public-information/foia/list-of-permittees,"on the weekly TTB permittee list; a permit is permission, not a working still"
ttb-basic-permit,VA-S-20006,"RIVER HILL WINE AND SPIRITS, LLC",United States,2026-09-20,live,,,,,,,,,,,,https://www.ttb.gov/public-information/foia/list-of-permittees,"on the weekly TTB permittee list; a permit is permission, not a working still"
ttb-basic-permit,VA-S-20012,"RAGGED MOUNTAIN FARM, LLC",United States,2026-09-20,live,,,,,,,,,,,,https://www.ttb.gov/public-information/foia/list-of-permittees,"on the weekly TTB permittee list; a permit is permission, not a working still"
ttb-basic-permit,VA-S-20013,SILVERBACK SPIRITS LLC,United States,2026-09-20,live,,,,,,,,,,,,https://www.ttb.gov/public-information/foia/list-of-permittees,"on the weekly TTB permittee list; a permit is permission, not a working still"
ttb-basic-permit,VA-S-20014,"MURLARKEY DISTILLED SPIRITS, LLC",United States,2026-09-20,live,,,,,,,,,,,,https://www.ttb.gov/public-information/foia/list-of-permittees,"on the weekly TTB permittee list; a permit is permission, not a working still"
ttb-basic-permit,VA-S-20016,MONTE PICCOLO LLC,United States,2026-09-20,live,,,,,,,,,,,,https://www.ttb.gov/public-information/foia/list-of-permittees,"on the weekly TTB permittee list; a permit is permission, not a working still"
ttb-basic-permit,VA-S-20020,BELLE ISLE CRAFT SPIRITS INC.,United States,2026-09-20,live,,,,,,,,,,,,https://www.ttb.gov/public-information/foia/list-of-permittees,"on the weekly TTB permittee list; a permit is permission, not a working still"
ttb-basic-permit,VA-S-20021,"TWIN CREEKS DISTILLERY, INC.",United States,2026-09-20,live,,,,,,,,,,,,https://www.ttb.gov/public-information/foia/list-of-permittees,"on the weekly TTB permittee list; a permit is permission, not a working still"
ttb-basic-permit,VA-S-20022,"IRONCLAD DISTILLERY, INC",United States,2026-09-20,live,,,,,,,,,,,,https://www.ttb.gov/public-information/foia/list-of-permittees,"on the weekly TTB permittee list; a permit is permission, not a working still"
ttb-basic-permit,VA-S-20033,"SPRINGFIELD DISTILLERY, LLC",United States,2026-09-20,live,,,,,,,,,,,,https://www.ttb.gov/public-information/foia/list-of-permittees,"on the weekly TTB permittee list; a permit is permission, not a working still"
ttb-basic-permit,VA-S-20034,"BLUE SKY DISTILLERY, LLC",United States,2026-09-20,live,,,,,,,,,,,,https://www.ttb.gov/public-information/foia/list-of-permittees,"on the weekly TTB permittee list; a permit is permission, not a working still"
ttb-basic-permit,VA-S-20037,"CAVALIER VENTURES, LLC",United States,2026-09-20,live,,,,,,,,,,,,https://www.ttb.gov/public-information/foia/list-of-permittees,"on the weekly TTB permittee list; a permit is permission, not a working still"
ttb-basic-permit,VA-S-20041,THE VANGUARD BREWPUB & DISTILLERY LLC,United States,2026-09-20,live,,,,,,,,,,,,https://www.ttb.gov/public-information/foia/list-of-permittees,"on the weekly TTB permittee list; a permit is permission, not a working still"
ttb-basic-permit,VA-S-20046,"VIRAGO SPIRITS, LLC",United States,2026-09-20,live,,,,,,,,,,,,https://www.ttb.gov/public-information/foia/list-of-permittees,"on the weekly TTB permittee list; a permit is permission, not a working still"
ttb-basic-permit,VA-S-20049,"BUFFALO BRANDS, INC",United States,2026-09-20,live,,,,,,,,,,,,https://www.ttb.gov/public-information/foia/list-of-permittees,"on the weekly TTB permittee list; a permit is permission, not a working still"
ttb-basic-permit,VA-S-20053,CAPE CHARLES DISTILLERY LLC,United States,2026-09-20,live,,,,,,,,,,,,https://www.ttb.gov/public-information/foia/list-of-permittees,"on the weekly TTB permittee list; a permit is permission, not a working still"
ttb-basic-permit,VA-S-20054,"THREE CROSSES DISTILLING COMPANY, LLC",United States,2026-09-20,live,,,,,,,,,,,,https://www.ttb.gov/public-information/foia/list-of-permittees,"on the weekly TTB permittee list; a permit is permission, not a working still"
ttb-basic-permit,VA-S-20059,"DAVIS VALLEY WINERY AND VINEYARD, INC.",United States,2026-09-20,live,,,,,,,,,,,,https://www.ttb.gov/public-information/foia/list-of-permittees,"on the weekly TTB permittee list; a permit is permission, not a working still"
ttb-basic-permit,VA-S-20063,DEEP CREEK DISTILLING COMPANY LLC,United States,2026-09-20,live,,,,,,,,,,,,https://www.ttb.gov/public-information/foia/list-of-permittees,"on the weekly TTB permittee list; a permit is permission, not a working still"
ttb-basic-permit,VA-S-20067,"HILL TOP DISTILLERY, LLC",United States,2026-09-20,live,,,,,,,,,,,,https://www.ttb.gov/public-information/foia/list-of-permittees,"on the weekly TTB permittee list; a permit is permission, not a working still"
ttb-basic-permit,VA-S-20068,"HIGHLANDS DISTILLING COMPANY, LLC",United States,2026-09-20,live,,,,,,,,,,,,https://www.ttb.gov/public-information/foia/list-of-permittees,"on the weekly TTB permittee list; a permit is permission, not a working still"
ttb-basic-permit,VA-S-20077,"OLD VIRGINIA HAND HEWN LOG HOMES, INC.",United States,2026-09-20,live,,,,,,,,,,,,https://www.ttb.gov/public-information/foia/list-of-permittees,"on the weekly TTB permittee list; a permit is permission, not a working still"
ttb-basic-permit,VA-S-20081,"7 HOLLOWS FARM, LLC",United States,2026-09-20,live,,,,,,,,,,,,https://www.ttb.gov/public-information/foia/list-of-permittees,"on the weekly TTB permittee list; a permit is permission, not a working still"
ttb-basic-permit,VA-S-20085,BRADY DISTILLERY LLC,United States,2026-09-20,live,,,,,,,,,,,,https://www.ttb.gov/public-information/foia/list-of-permittees,"on the weekly TTB permittee list; a permit is permission, not a working still"
ttb-basic-permit,VA-S-20086,SALTY STASH DISTILLERY LLC,United States,2026-09-20,live,,,,,,,,,,,,https://www.ttb.gov/public-information/foia/list-of-permittees,"on the weekly TTB permittee list; a permit is permission, not a working still"
ttb-basic-permit,VA-S-20092,APPALACHIAN HERITAGE DISTILLERY LLC,United States,2026-09-20,live,,,,,,,,,,,,https://www.ttb.gov/public-information/foia/list-of-permittees,"on the weekly TTB permittee list; a permit is permission, not a working still"
ttb-basic-permit,VA-S-20093,"SANDY RIVER DISTILLERY, INC.",United States,2026-09-20,live,,,,,,,,,,,,https://www.ttb.gov/public-information/foia/list-of-permittees,"on the weekly TTB permittee list; a permit is permission, not a working still"
ttb-basic-permit,VA-S-20095,"VIRGINIA SPIRITS, LLC",United States,2026-09-20,live,,,,,,,,,,,,https://www.ttb.gov/public-information/foia/list-of-permittees,"on the weekly TTB permittee list; a permit is permission, not a working still"
ttb-basic-permit,VA-S-20098,"VIRGINIA FOOTHILLS DISTILLERY & CO, LLC",United States,2026-09-20,live,,,,,,,,,,,,https://www.ttb.gov/public-information/foia/list-of-permittees,"on the weekly TTB permittee list; a permit is permission, not a working still"
ttb-basic-permit,VA-S-20105,COOL SPRING DISTILLERY LLC,United States,2026-09-20,live,,,,,,,,,,,,https://www.ttb.gov/public-information/foia/list-of-permittees,"on the weekly TTB permittee list; a permit is permission, not a working still"
ttb-basic-permit,VA-S-20109,CREEK BOTTOM BREWING LLC,United States,2026-09-20,live,,,,,,,,,,,,https://www.ttb.gov/public-information/foia/list-of-permittees,"on the weekly TTB permittee list; a permit is permission, not a working still"
ttb-basic-permit,VA-S-20114,MHG RESTON LLC,United States,2026-09-20,live,,,,,,,,,,,,https://www.ttb.gov/public-information/foia/list-of-permittees,"on the weekly TTB permittee list; a permit is permission, not a working still"
ttb-basic-permit,VA-S-20127,"RIVER CITY DISTILLERY, LLC",United States,2026-09-20,live,,,,,,,,,,,,https://www.ttb.gov/public-information/foia/list-of-permittees,"on the weekly TTB permittee list; a permit is permission, not a working still"
ttb-basic-permit,VA-S-20133,THREE WIVES DISTILLERY LLC,United States,2026-09-20,live,,,,,,,,,,,,https://www.ttb.gov/public-information/foia/list-of-permittees,"on the weekly TTB permittee list; a permit is permission, not a working still"
ttb-basic-permit,VA-S-20147,"ROOSTERS RISE -N- SHINE DISTILLERY, LLC",United States,2026-09-20,live,,,,,,,,,,,,https://www.ttb.gov/public-information/foia/list-of-permittees,"on the weekly TTB permittee list; a permit is permission, not a working still"
ttb-basic-permit,VA-S-20152,"MOUNT DEFIANCE CIDERY & DISTILLERY, LLC",United States,2026-09-20,live,,,,,,,,,,,,https://www.ttb.gov/public-information/foia/list-of-permittees,"on the weekly TTB permittee list; a permit is permission, not a working still"
ttb-basic-permit,VA-S-20153,"MOTHERWELL DISTILLING CO, LLC",United States,2026-09-20,live,,,,,,,,,,,,https://www.ttb.gov/public-information/foia/list-of-permittees,"on the weekly TTB permittee list; a permit is permission, not a working still"
ttb-basic-permit,VA-S-589,"BELMONT FARMS OF VIRGINIA, INC.",United States,2026-09-20,live,,,,,,,,,,,,https://www.ttb.gov/public-information/foia/list-of-permittees,"on the weekly TTB permittee list; a permit is permission, not a working still"
ttb-basic-permit,VT-S-15002,"SMUGGLERS' NOTCH DISTILLERY, LLC",United States,2026-09-20,live,,,,,,,,,,,,https://www.ttb.gov/public-information/foia/list-of-permittees,"on the weekly TTB permittee list; a permit is permission, not a working still"
ttb-basic-permit,VT-S-15007,"VERMONT DISTILLERS, INC.",United States,2026-09-20,live,,,,,,,,,,,,https://www.ttb.gov/public-information/foia/list-of-permittees,"on the weekly TTB permittee list; a permit is permission, not a working still"
ttb-basic-permit,VT-S-20013,DALMATION SPIRITS LLC,United States,2026-09-20,live,,,,,,,,,,,,https://www.ttb.gov/public-information/foia/list-of-permittees,"on the weekly TTB permittee list; a permit is permission, not a working still"
ttb-basic-permit,VT-S-20014,"HOOKER MOUNTAIN FARM, L3C",United States,2026-09-20,live,,,,,,,,,,,,https://www.ttb.gov/public-information/foia/list-of-permittees,"on the weekly TTB permittee list; a permit is permission, not a working still"
ttb-basic-permit,VT-S-20030,"CALEDONIA SPIRITS, INC.",United States,2026-09-20,live,,,,,,,,,,,,https://www.ttb.gov/public-information/foia/list-of-permittees,"on the weekly TTB permittee list; a permit is permission, not a working still"
ttb-basic-permit,VT-S-20033,SC DISTILLATION LLC,United States,2026-09-20,live,,,,,,,,,,,,https://www.ttb.gov/public-information/foia/list-of-permittees,"on the weekly TTB permittee list; a permit is permission, not a working still"
ttb-basic-permit,VT-S-20052,DANGEROUS BOYS DISTILLERY LLC,United States,2026-09-20,live,,,,,,,,,,,,https://www.ttb.gov/public-information/foia/list-of-permittees,"on the weekly TTB permittee list; a permit is permission, not a working still"
ttb-basic-permit,VT-S-20058,CARLETON'S PRIZE DISTILLING LLC,United States,2026-09-20,live,,,,,,,,,,,,https://www.ttb.gov/public-information/foia/list-of-permittees,"on the weekly TTB permittee list; a permit is permission, not a working still"
ttb-basic-permit,WA-S-15042,SECOND CHANCE SPIRITS INCORPORATED,United States,2026-09-20,live,,,,,,,,,,,,https://www.ttb.gov/public-information/foia/list-of-permittees,"on the weekly TTB permittee list; a permit is permission, not a working still"
ttb-basic-permit,WA-S-15045,"WOODINVILLE WHISKEY COMPANY, LLC",United States,2026-09-20,live,,,,,,,,,,,,https://www.ttb.gov/public-information/foia/list-of-permittees,"on the weekly TTB permittee list; a permit is permission, not a working still"
ttb-basic-permit,WA-S-15051,WHIDBEY ISLAND DISTILLERIES LLC,United States,2026-09-20,live,,,,,,,,,,,,https://www.ttb.gov/public-information/foia/list-of-permittees,"on the weekly TTB permittee list; a permit is permission, not a working still"
ttb-basic-permit,WA-S-15057,J.P. TRODDEN DISTILLING L.L.C.,United States,2026-09-20,live,,,,,,,,,,,,https://www.ttb.gov/public-information/foia/list-of-permittees,"on the weekly TTB permittee list; a permit is permission, not a working still"
ttb-basic-permit,WA-S-15068,"KOEHLER ENTERPRISES, INC.",United States,2026-09-20,live,,,,,,,,,,,,https://www.ttb.gov/public-information/foia/list-of-permittees,"on the weekly TTB permittee list; a permit is permission, not a working still"
ttb-basic-permit,WA-S-15071,"CHEHALIS BREWING GROUP, LLC",United States,2026-09-20,live,,,,,,,,,,,,https://www.ttb.gov/public-information/foia/list-of-permittees,"on the weekly TTB permittee list; a permit is permission, not a working still"
ttb-basic-permit,WA-S-15077,THE HARDWARE DISTILLERY CO.,United States,2026-09-20,live,,,,,,,,,,,,https://www.ttb.gov/public-information/foia/list-of-permittees,"on the weekly TTB permittee list; a permit is permission, not a working still"
ttb-basic-permit,WA-S-15087,"CULTUS BAY DISTILLERY, LLC",United States,2026-09-20,live,,,,,,,,,,,,https://www.ttb.gov/public-information/foia/list-of-permittees,"on the weekly TTB permittee list; a permit is permission, not a working still"
ttb-basic-permit,WA-S-20008,"BELLEWOOD ACRES, INC",United States,2026-09-20,live,,,,,,,,,,,,https://www.ttb.gov/public-information/foia/list-of-permittees,"on the weekly TTB permittee list; a permit is permission, not a working still"
ttb-basic-permit,WA-S-20011,"CHUCKANUT BAY DISTILLERY, INC.",United States,2026-09-20,live,,,,,,,,,,,,https://www.ttb.gov/public-information/foia/list-of-permittees,"on the weekly TTB permittee list; a permit is permission, not a working still"
ttb-basic-permit,WA-S-20012,"LETTERPRESS DISTILLING, LLC",United States,2026-09-20,live,,,,,,,,,,,,https://www.ttb.gov/public-information/foia/list-of-permittees,"on the weekly TTB permittee list; a permit is permission, not a working still"
ttb-basic-permit,WA-S-20022,KEVIN WILLIAM MILFORD,United States,2026-09-20,live,,,,,,,,,,,,https://www.ttb.gov/public-information/foia/list-of-permittees,"on the weekly TTB permittee list; a permit is permission, not a working still"
ttb-basic-permit,WA-S-20028,BIG DERBY DISTILLING COMPANY,United States,2026-09-20,live,,,,,,,,,,,,https://www.ttb.gov/public-information/foia/list-of-permittees,"on the weekly TTB permittee list; a permit is permission, not a working still"
ttb-basic-permit,WA-S-20033,"2 LOONS DISTILLERY, LLC",United States,2026-09-20,live,,,,,,,,,,,,https://www.ttb.gov/public-information/foia/list-of-permittees,"on the weekly TTB permittee list; a permit is permission, not a working still"
ttb-basic-permit,WA-S-20037,"DOMINION DISTILLERY, LLC",United States,2026-09-20,live,,,,,,,,,,,,https://www.ttb.gov/public-information/foia/list-of-permittees,"on the weekly TTB permittee list; a permit is permission, not a working still"
ttb-basic-permit,WA-S-20054,"BAD DOG DISTILLERY, LLC",United States,2026-09-20,live,,,,,,,,,,,,https://www.ttb.gov/public-information/foia/list-of-permittees,"on the weekly TTB permittee list; a permit is permission, not a working still"
ttb-basic-permit,WA-S-20057,ORCAS ISLAND DISTILLERY LLC,United States,2026-09-20,live,,,,,,,,,,,,https://www.ttb.gov/public-information/foia/list-of-permittees,"on the weekly TTB permittee list; a permit is permission, not a working still"
ttb-basic-permit,WA-S-20061,"SPIRITS OF WASHINGTON, LLC",United States,2026-09-20,live,,,,,,,,,,,,https://www.ttb.gov/public-information/foia/list-of-permittees,"on the weekly TTB permittee list; a permit is permission, not a working still"
ttb-basic-permit,WA-S-20063,"FACTOTUM NORTHWEST, LLC",United States,2026-09-20,live,,,,,,,,,,,,https://www.ttb.gov/public-information/foia/list-of-permittees,"on the weekly TTB permittee list; a permit is permission, not a working still"
ttb-basic-permit,WA-S-20071,"CEJ, LLC",United States,2026-09-20,live,,,,,,,,,,,,https://www.ttb.gov/public-information/foia/list-of-permittees,"on the weekly TTB permittee list; a permit is permission, not a working still"
ttb-basic-permit,WA-S-20073,SCRATCH DISTILLERY LLC,United States,2026-09-20,live,,,,,,,,,,,,https://www.ttb.gov/public-information/foia/list-of-permittees,"on the weekly TTB permittee list; a permit is permission, not a working still"
ttb-basic-permit,WA-S-20079,"CHAMBERS BAY DISTILLERY, LLC",United States,2026-09-20,live,,,,,,,,,,,,https://www.ttb.gov/public-information/foia/list-of-permittees,"on the weekly TTB permittee list; a permit is permission, not a working still"
ttb-basic-permit,WA-S-20080,TEMPLE DISTILLING COMPANY,United States,2026-09-20,live,,,,,,,,,,,,https://www.ttb.gov/public-information/foia/list-of-permittees,"on the weekly TTB permittee list; a permit is permission, not a working still"
ttb-basic-permit,WA-S-20085,"NIGHTSIDE DISTILLERY, LLC",United States,2026-09-20,live,,,,,,,,,,,,https://www.ttb.gov/public-information/foia/list-of-permittees,"on the weekly TTB permittee list; a permit is permission, not a working still"
ttb-basic-permit,WA-S-20089,MASTROGIANNIS DISTILLERY LLC,United States,2026-09-20,live,,,,,,,,,,,,https://www.ttb.gov/public-information/foia/list-of-permittees,"on the weekly TTB permittee list; a permit is permission, not a working still"
ttb-basic-permit,WA-S-20092,"SHOT IN THE DARK CRAFT DISTILLERY, LLC",United States,2026-09-20,live,,,,,,,,,,,,https://www.ttb.gov/public-information/foia/list-of-permittees,"on the weekly TTB permittee list; a permit is permission, not a working still"
ttb-basic-permit,WA-S-20098,"WHITE RIVER DISTILLERS, LLC",United States,2026-09-20,live,,,,,,,,,,,,https://www.ttb.gov/public-information/foia/list-of-permittees,"on the weekly TTB permittee list; a permit is permission, not a working still"
ttb-basic-permit,WA-S-20103,"DUVALL DISTILLERY, LLC",United States,2026-09-20,live,,,,,,,,,,,,https://www.ttb.gov/public-information/foia/list-of-permittees,"on the weekly TTB permittee list; a permit is permission, not a working still"
ttb-basic-permit,WA-S-20106,ADRIFT DISTILLERS INC.,United States,2026-09-20,live,,,,,,,,,,,,https://www.ttb.gov/public-information/foia/list-of-permittees,"on the weekly TTB permittee list; a permit is permission, not a working still"
ttb-basic-permit,WA-S-20111,"CASH BUTTE DISTILLERY, LLC",United States,2026-09-20,live,,,,,,,,,,,,https://www.ttb.gov/public-information/foia/list-of-permittees,"on the weekly TTB permittee list; a permit is permission, not a working still"
ttb-basic-permit,WA-S-20115,"HIGHSIDE DISTILLING, LLC",United States,2026-09-20,live,,,,,,,,,,,,https://www.ttb.gov/public-information/foia/list-of-permittees,"on the weekly TTB permittee list; a permit is permission, not a working still"
ttb-basic-permit,WA-S-20119,PROBABLY SHOULDN'T DISTILLERY LLC,United States,2026-09-20,live,,,,,,,,,,,,https://www.ttb.gov/public-information/foia/list-of-permittees,"on the weekly TTB permittee list; a permit is permission, not a working still"
ttb-basic-permit,WA-S-20124,"JAMES BAY DISTILLERS, LTD.",United States,2026-09-20,live,,,,,,,,,,,,https://www.ttb.gov/public-information/foia/list-of-permittees,"on the weekly TTB permittee list; a permit is permission, not a working still"
ttb-basic-permit,WA-S-20127,"BALLISTIC DISTILLERY, LLC",United States,2026-09-20,live,,,,,,,,,,,,https://www.ttb.gov/public-information/foia/list-of-permittees,"on the weekly TTB permittee list; a permit is permission, not a working still"
ttb-basic-permit,WA-S-20134,"QUARTZ MOUNTAIN DISTILLERS, INC",United States,2026-09-20,live,,,,,,,,,,,,https://www.ttb.gov/public-information/foia/list-of-permittees,"on the weekly TTB permittee list; a permit is permission, not a working still"
ttb-basic-permit,WA-S-20135,COLUMBIA MANUFACTURING & TECHNOLOGY CENTER LLC,United States,2026-09-20,live,,,,,,,,,,,,https://www.ttb.gov/public-information/foia/list-of-permittees,"on the weekly TTB permittee list; a permit is permission, not a working still"
ttb-basic-permit,WA-S-20136,"WESTPORT WINERY, INC.",United States,2026-09-20,live,,,,,,,,,,,,https://www.ttb.gov/public-information/foia/list-of-permittees,"on the weekly TTB permittee list; a permit is permission, not a working still"
ttb-basic-permit,WA-S-20151,COPPER CAT LLC,United States,2026-09-20,live,,,,,,,,,,,,https://www.ttb.gov/public-information/foia/list-of-permittees,"on the weekly TTB permittee list; a permit is permission, not a working still"
ttb-basic-permit,WA-S-20155,"SKIP ROCK DISTILLERS, INC",United States,2026-09-20,live,,,,,,,,,,,,https://www.ttb.gov/public-information/foia/list-of-permittees,"on the weekly TTB permittee list; a permit is permission, not a working still"
ttb-basic-permit,WA-S-20163,JK DISTILLING LLC,United States,2026-09-20,live,,,,,,,,,,,,https://www.ttb.gov/public-information/foia/list-of-permittees,"on the weekly TTB permittee list; a permit is permission, not a working still"
ttb-basic-permit,WA-S-20166,"MANSON DISTILLERY, LLC",United States,2026-09-20,live,,,,,,,,,,,,https://www.ttb.gov/public-information/foia/list-of-permittees,"on the weekly TTB permittee list; a permit is permission, not a working still"
ttb-basic-permit,WA-S-20169,"SEATTLE CAFE, INC.",United States,2026-09-20,live,,,,,,,,,,,,https://www.ttb.gov/public-information/foia/list-of-permittees,"on the weekly TTB permittee list; a permit is permission, not a working still"
ttb-basic-permit,WA-S-20170,THE WESTLAND DISTILLERY COMPANY LIMITED,United States,2026-09-20,live,,,,,,,,,,,,https://www.ttb.gov/public-information/foia/list-of-permittees,"on the weekly TTB permittee list; a permit is permission, not a working still"
ttb-basic-permit,WA-S-20171,ELK HEIGHTS DISTILLERY LLC,United States,2026-09-20,live,,,,,,,,,,,,https://www.ttb.gov/public-information/foia/list-of-permittees,"on the weekly TTB permittee list; a permit is permission, not a working still"
ttb-basic-permit,WA-S-20200,EVERGREEN DISTILLERY LLC,United States,2026-09-20,live,,,,,,,,,,,,https://www.ttb.gov/public-information/foia/list-of-permittees,"on the weekly TTB permittee list; a permit is permission, not a working still"
ttb-basic-permit,WA-S-20220,"LAST CHANCE DISTILLING, LLC",United States,2026-09-20,live,,,,,,,,,,,,https://www.ttb.gov/public-information/foia/list-of-permittees,"on the weekly TTB permittee list; a permit is permission, not a working still"
ttb-basic-permit,WA-S-20224,WASHINGTON CREEK DISTILLERY LLC,United States,2026-09-20,live,,,,,,,,,,,,https://www.ttb.gov/public-information/foia/list-of-permittees,"on the weekly TTB permittee list; a permit is permission, not a working still"
ttb-basic-permit,WA-S-20237,"MADRONA DISTILLING, INC.",United States,2026-09-20,live,,,,,,,,,,,,https://www.ttb.gov/public-information/foia/list-of-permittees,"on the weekly TTB permittee list; a permit is permission, not a working still"
ttb-basic-permit,WA-S-20245,KARMA VINEYARDS LLC,United States,2026-09-20,live,,,,,,,,,,,,https://www.ttb.gov/public-information/foia/list-of-permittees,"on the weekly TTB permittee list; a permit is permission, not a working still"
ttb-basic-permit,WI-S-15004,"45TH PARALLEL SPIRITS, LLC",United States,2026-09-20,live,,,,,,,,,,,,https://www.ttb.gov/public-information/foia/list-of-permittees,"on the weekly TTB permittee list; a permit is permission, not a working still"
ttb-basic-permit,WI-S-15005,"YAHARA BAY DISTILLERS, INC.",United States,2026-09-20,live,,,,,,,,,,,,https://www.ttb.gov/public-information/foia/list-of-permittees,"on the weekly TTB permittee list; a permit is permission, not a working still"
ttb-basic-permit,WI-S-15011,"OLD SUGAR DISTILLERY, LLC",United States,2026-09-20,live,,,,,,,,,,,,https://www.ttb.gov/public-information/foia/list-of-permittees,"on the weekly TTB permittee list; a permit is permission, not a working still"
ttb-basic-permit,WI-S-15012,"WOLLERSHEIM WINERY, INC.",United States,2026-09-20,live,,,,,,,,,,,,https://www.ttb.gov/public-information/foia/list-of-permittees,"on the weekly TTB permittee list; a permit is permission, not a working still"
ttb-basic-permit,WI-S-15018,C & N CORPORATION,United States,2026-09-20,live,,,,,,,,,,,,https://www.ttb.gov/public-information/foia/list-of-permittees,"on the weekly TTB permittee list; a permit is permission, not a working still"
ttb-basic-permit,WI-S-15019,GLOBAL UNIVERSAL SRL,United States,2026-09-20,live,,,,,,,,,,,,https://www.ttb.gov/public-information/foia/list-of-permittees,"on the weekly TTB permittee list; a permit is permission, not a working still"
ttb-basic-permit,WI-S-20001,"INFINITY BEVERAGES, LLC",United States,2026-09-20,live,,,,,,,,,,,,https://www.ttb.gov/public-information/foia/list-of-permittees,"on the weekly TTB permittee list; a permit is permission, not a working still"
ttb-basic-permit,WI-S-20007,"DISTILLERY PARTNERS, LLC",United States,2026-09-20,live,,,,,,,,,,,,https://www.ttb.gov/public-information/foia/list-of-permittees,"on the weekly TTB permittee list; a permit is permission, not a working still"
ttb-basic-permit,WI-S-20008,"SAMMLETON DISTILLING, LLC",United States,2026-09-20,live,,,,,,,,,,,,https://www.ttb.gov/public-information/foia/list-of-permittees,"on the weekly TTB permittee list; a permit is permission, not a working still"
ttb-basic-permit,WI-S-20011,"NORTHERN WATERS DISTILLERY, LLC",United States,2026-09-20,live,,,,,,,,,,,,https://www.ttb.gov/public-information/foia/list-of-permittees,"on the weekly TTB permittee list; a permit is permission, not a working still"
ttb-basic-permit,WI-S-20012,"DRIFTLESS GLEN DISTILLERY, LLC",United States,2026-09-20,live,,,,,,,,,,,,https://www.ttb.gov/public-information/foia/list-of-permittees,"on the weekly TTB permittee list; a permit is permission, not a working still"
ttb-basic-permit,WI-S-20017,CHIPPEWA RIVER DISTILLERY AND BREWERY LLC,United States,2026-09-20,live,,,,,,,,,,,,https://www.ttb.gov/public-information/foia/list-of-permittees,"on the weekly TTB permittee list; a permit is permission, not a working still"
ttb-basic-permit,WI-S-20026,"JKLM DISTILLING PARTNERS, LLC",United States,2026-09-20,live,,,,,,,,,,,,https://www.ttb.gov/public-information/foia/list-of-permittees,"on the weekly TTB permittee list; a permit is permission, not a working still"
ttb-basic-permit,WI-S-20028,PERLICK DISTILLERY LLC,United States,2026-09-20,live,,,,,,,,,,,,https://www.ttb.gov/public-information/foia/list-of-permittees,"on the weekly TTB permittee list; a permit is permission, not a working still"
ttb-basic-permit,WI-S-20029,"COPPER CROW DISTILLERY, LLC",United States,2026-09-20,live,,,,,,,,,,,,https://www.ttb.gov/public-information/foia/list-of-permittees,"on the weekly TTB permittee list; a permit is permission, not a working still"
ttb-basic-permit,WI-S-20030,"DANCING GOAT DISTILLERY, LLC",United States,2026-09-20,live,,,,,,,,,,,,https://www.ttb.gov/public-information/foia/list-of-permittees,"on the weekly TTB permittee list; a permit is permission, not a working still"
ttb-basic-permit,WI-S-20031,"STATE LINE DISTILLERY, LLC",United States,2026-09-20,live,,,,,,,,,,,,https://www.ttb.gov/public-information/foia/list-of-permittees,"on the weekly TTB permittee list; a permit is permission, not a working still"
ttb-basic-permit,WI-S-20032,LEDGEROCK DISTILLERY LLC,United States,2026-09-20,live,,,,,,,,,,,,https://www.ttb.gov/public-information/foia/list-of-permittees,"on the weekly TTB permittee list; a permit is permission, not a working still"
ttb-basic-permit,WI-S-20033,VON STIEHL WINERY LTD.,United States,2026-09-20,live,,,,,,,,,,,,https://www.ttb.gov/public-information/foia/list-of-permittees,"on the weekly TTB permittee list; a permit is permission, not a working still"
ttb-basic-permit,WI-S-20041,"CENTRAL TIME DISTILLERY AND WINERY, INC.",United States,2026-09-20,live,,,,,,,,,,,,https://www.ttb.gov/public-information/foia/list-of-permittees,"on the weekly TTB permittee list; a permit is permission, not a working still"
ttb-basic-permit,WI-S-20043,"PLANK ROAD DISTILLERY, LLC",United States,2026-09-20,live,,,,,,,,,,,,https://www.ttb.gov/public-information/foia/list-of-permittees,"on the weekly TTB permittee list; a permit is permission, not a working still"
ttb-basic-permit,WI-S-20044,JACKSON WINE LLC,United States,2026-09-20,live,,,,,,,,,,,,https://www.ttb.gov/public-information/foia/list-of-permittees,"on the weekly TTB permittee list; a permit is permission, not a working still"
ttb-basic-permit,WI-S-20045,DOUNDRINS DISTILLING LLC,United States,2026-09-20,live,,,,,,,,,,,,https://www.ttb.gov/public-information/foia/list-of-permittees,"on the weekly TTB permittee list; a permit is permission, not a working still"
ttb-basic-permit,WI-S-20047,"ST. MARY'S DISTILLERY, LLC",United States,2026-09-20,live,,,,,,,,,,,,https://www.ttb.gov/public-information/foia/list-of-permittees,"on the weekly TTB permittee list; a permit is permission, not a working still"
ttb-basic-permit,WI-S-20052,EAGLE TRACE BREWING COMPANY LLC,United States,2026-09-20,live,,,,,,,,,,,,https://www.ttb.gov/public-information/foia/list-of-permittees,"on the weekly TTB permittee list; a permit is permission, not a working still"
ttb-basic-permit,WI-S-20055,PARADISE NORTH DISTILLERY CO.,United States,2026-09-20,live,,,,,,,,,,,,https://www.ttb.gov/public-information/foia/list-of-permittees,"on the weekly TTB permittee list; a permit is permission, not a working still"
ttb-basic-permit,WI-S-20060,AWILDAN DISTILLING LLC,United States,2026-09-20,live,,,,,,,,,,,,https://www.ttb.gov/public-information/foia/list-of-permittees,"on the weekly TTB permittee list; a permit is permission, not a working still"
ttb-basic-permit,WI-S-20061,"ALTERED SPIRITS DISTILLERY, LLC",United States,2026-09-20,live,,,,,,,,,,,,https://www.ttb.gov/public-information/foia/list-of-permittees,"on the weekly TTB permittee list; a permit is permission, not a working still"
ttb-basic-permit,WI-S-20064,"TRES LUCKY, LLC",United States,2026-09-20,live,,,,,,,,,,,,https://www.ttb.gov/public-information/foia/list-of-permittees,"on the weekly TTB permittee list; a permit is permission, not a working still"
ttb-basic-permit,WI-S-20065,ROUND RIVER DISTILLING LLC,United States,2026-09-20,live,,,,,,,,,,,,https://www.ttb.gov/public-information/foia/list-of-permittees,"on the weekly TTB permittee list; a permit is permission, not a working still"
ttb-basic-permit,WI-S-20069,STALLER ESTATE VINEYARD AND WINERY LLC,United States,2026-09-20,live,,,,,,,,,,,,https://www.ttb.gov/public-information/foia/list-of-permittees,"on the weekly TTB permittee list; a permit is permission, not a working still"
ttb-basic-permit,WI-S-20070,MULLINS DISTILLERY LLC,United States,2026-09-20,live,,,,,,,,,,,,https://www.ttb.gov/public-information/foia/list-of-permittees,"on the weekly TTB permittee list; a permit is permission, not a working still"
ttb-basic-permit,WI-S-20071,"TOWNSHIP 23 DISTILLERY, LLC",United States,2026-09-20,live,,,,,,,,,,,,https://www.ttb.gov/public-information/foia/list-of-permittees,"on the weekly TTB permittee list; a permit is permission, not a working still"
ttb-basic-permit,WI-S-20079,"RIVER BEND WINERY & DISTILLERY, LLC",United States,2026-09-20,live,,,,,,,,,,,,https://www.ttb.gov/public-information/foia/list-of-permittees,"on the weekly TTB permittee list; a permit is permission, not a working still"
ttb-basic-permit,WI-S-20081,STURGEON SPIRITS INC,United States,2026-09-20,live,,,,,,,,,,,,https://www.ttb.gov/public-information/foia/list-of-permittees,"on the weekly TTB permittee list; a permit is permission, not a working still"
ttb-basic-permit,WI-S-20087,BRV  LLC,United States,2026-09-20,live,,,,,,,,,,,,https://www.ttb.gov/public-information/foia/list-of-permittees,"on the weekly TTB permittee list; a permit is permission, not a working still"
ttb-basic-permit,WI-S-20094,ENGLISH PRAIRIE DISTILLING COMPANY LLC,United States,2026-09-20,live,,,,,,,,,,,,https://www.ttb.gov/public-information/foia/list-of-permittees,"on the weekly TTB permittee list; a permit is permission, not a working still"
ttb-basic-permit,WI-S-20102,"EMPTY BARREL, LLC",United States,2026-09-20,live,,,,,,,,,,,,https://www.ttb.gov/public-information/foia/list-of-permittees,"on the weekly TTB permittee list; a permit is permission, not a working still"
ttb-basic-permit,WI-S-20114,BIRCH POINT DISTILLERY LLC,United States,2026-09-20,live,,,,,,,,,,,,https://www.ttb.gov/public-information/foia/list-of-permittees,"on the weekly TTB permittee list; a permit is permission, not a working still"
ttb-basic-permit,WV-S-20004,BLACK DRAFT FARM LLC,United States,2026-09-20,live,,,,,,,,,,,,https://www.ttb.gov/public-information/foia/list-of-permittees,"on the weekly TTB permittee list; a permit is permission, not a working still"
ttb-basic-permit,WV-S-20015,"SPIKEWORLD ENTERPRISES, INC.",United States,2026-09-20,live,,,,,,,,,,,,https://www.ttb.gov/public-information/foia/list-of-permittees,"on the weekly TTB permittee list; a permit is permission, not a working still"
ttb-basic-permit,WV-S-20020,"THE BULLOCK DISTILLERY, LLC",United States,2026-09-20,live,,,,,,,,,,,,https://www.ttb.gov/public-information/foia/list-of-permittees,"on the weekly TTB permittee list; a permit is permission, not a working still"
ttb-basic-permit,WV-S-20023,"NEW HERITAGE DISTILLING, LLC",United States,2026-09-20,live,,,,,,,,,,,,https://www.ttb.gov/public-information/foia/list-of-permittees,"on the weekly TTB permittee list; a permit is permission, not a working still"
ttb-basic-permit,WV-S-20026,"SWILLED DOG SPIRITS, LLC",United States,2026-09-20,live,,,,,,,,,,,,https://www.ttb.gov/public-information/foia/list-of-permittees,"on the weekly TTB permittee list; a permit is permission, not a working still"
ttb-basic-permit,WV-S-20029,BOOTLEG DISTILLING LLC,United States,2026-09-20,live,,,,,,,,,,,,https://www.ttb.gov/public-information/foia/list-of-permittees,"on the weekly TTB permittee list; a permit is permission, not a working still"
ttb-basic-permit,WV-S-20031,DRY RUN SPIRITS LLC,United States,2026-09-20,live,,,,,,,,,,,,https://www.ttb.gov/public-information/foia/list-of-permittees,"on the weekly TTB permittee list; a permit is permission, not a working still"
ttb-basic-permit,WV-S-20033,DEVIL'S DUE DISTILLERY LLC,United States,2026-09-20,live,,,,,,,,,,,,https://www.ttb.gov/public-information/foia/list-of-permittees,"on the weekly TTB permittee list; a permit is permission, not a working still"
ttb-basic-permit,WV-S-20034,STILLWORKS DISTILLERY LLC,United States,2026-09-20,live,,,,,,,,,,,,https://www.ttb.gov/public-information/foia/list-of-permittees,"on the weekly TTB permittee list; a permit is permission, not a working still"
ttb-basic-permit,WV-S-20037,"CAPSTONE SPIRITS, LLC",United States,2026-09-20,live,,,,,,,,,,,,https://www.ttb.gov/public-information/foia/list-of-permittees,"on the weekly TTB permittee list; a permit is permission, not a working still"
ttb-basic-permit,WY-S-15004,"WYOMING WHISKEY, INC.",United States,2026-09-20,live,,,,,,,,,,,,https://www.ttb.gov/public-information/foia/list-of-permittees,"on the weekly TTB permittee list; a permit is permission, not a working still"
ttb-basic-permit,WY-S-20002,"BACKWARDS DISTILLING COMPANY, LLC",United States,2026-09-20,live,,,,,,,,,,,,https://www.ttb.gov/public-information/foia/list-of-permittees,"on the weekly TTB permittee list; a permit is permission, not a working still"
ttb-basic-permit,WY-S-20007,WMC/PBD LLC,United States,2026-09-20,live,,,,,,,,,,,,https://www.ttb.gov/public-information/foia/list-of-permittees,"on the weekly TTB permittee list; a permit is permission, not a working still"
ttb-basic-permit,WY-S-20008,"COWBOY COUNTRY DISTILLING, INC.",United States,2026-09-20,live,,,,,,,,,,,,https://www.ttb.gov/public-information/foia/list-of-permittees,"on the weekly TTB permittee list; a permit is permission, not a working still"
ttb-basic-permit,WY-S-20009,"CHRONICLES DISTILLING, LLC",United States,2026-09-20,live,,,,,,,,,,,,https://www.ttb.gov/public-information/foia/list-of-permittees,"on the weekly TTB permittee list; a permit is permission, not a working still"
ttb-basic-permit,WY-S-20018,"KOLTISKA DISTILLERY, INC.",United States,2026-09-20,live,,,,,,,,,,,,https://www.ttb.gov/public-information/foia/list-of-permittees,"on the weekly TTB permittee list; a permit is permission, not a working still"
