slug,distillery_name,country,registry,company_number,company_name,relation,match_method,confidence,verified,source,note
1770-distillery,1770 Distillery,Australia,au-abr,94121422320,1770 DISTILLERY PTY LTD,self,abr-bulk-name,medium,,https://data.gov.au/data/dataset/abn-bulk-extract,name jaccard 1.00 via entity name '1770 DISTILLERY PTY LTD'; ABN ACT from 2006; Australian Private Company; main business location QLD 4677 (postcode agrees); ACN 121422320; GST ACT; ABR record updated 2021
1770-distillery,1770 Distillery,Australia,au-abr,80610340886,The Trustee for The 1770 Trust,self,abr-bulk-name,medium,,https://data.gov.au/data/dataset/abn-bulk-extract,name jaccard 1.00 via entity name 'The Trustee for The 1770 Trust'; ABN ACT from 2017; Discretionary Investment Trust; main business location QLD 4677 (postcode agrees); ACN none; GST ACT; ABR record updated 2022
1770-distillery,1770 Distillery,Australia,au-abr,96291221225,The trustee for The 1770 Trust,self,abr-bulk-name,medium,,https://data.gov.au/data/dataset/abn-bulk-extract,name jaccard 1.00 via entity name 'The trustee for The 1770 Trust'; ABN ACT from 2005; Discretionary Investment Trust; main business location QLD 4677 (postcode agrees); ACN none; GST ACT; ABR record updated 2013
1770-distillery,1770 Distillery,Australia,au-asic,121422320,1770 DISTILLERY PTY LTD,self,abr-acn-link,medium,,https://data.gov.au/data/dataset/asic-companies,ACN from ABN 94121422320 (1770 DISTILLERY PTY LTD); ASIC status REGD; APTY/LMSH/PROP; registered 25/08/2006; state of registration n/a; ABN 94121422320
2-halfs-brewing-distilling,2 Halfs Brewing & Distilling,Australia,au-abr,61151794919,BOZKDSA PTY LTD,self,abr-bulk-name,high,,https://data.gov.au/data/dataset/abn-bulk-extract,name jaccard 1.00 via business name '2 HALFS BREWING DISTILLING'; ABN ACT from 2011; Australian Private Company; main business location NSW 2217 (state agrees); ACN 151794919; GST ACT; ABR record updated 2019
2-halfs-brewing-distilling,2 Halfs Brewing & Distilling,Australia,au-asic,151794919,BOZKDSA PTY LTD,self,abr-acn-link,high,,https://data.gov.au/data/dataset/asic-companies,ACN from ABN 61151794919 (BOZKDSA PTY LTD); ASIC status REGD; APTY/LMSH/PROP; registered 29/06/2011; state of registration n/a; ABN 61151794919
23rd-street-distillery,23rd Street Distillery,Australia,au-abr,66123409647,BLACK BOTTLE DISTILLING PTY LTD,self,abr-bulk-name,high,,https://data.gov.au/data/dataset/abn-bulk-extract,name jaccard 1.00 via business name '23rd Street Distillery'; ABN ACT from 2007; Australian Private Company; main business location SA 5106 (state agrees); ACN 123409647; GST ACT; ABR record updated 2025
23rd-street-distillery,23rd Street Distillery,Australia,au-asic,123409647,BLACK BOTTLE DISTILLING PTY LTD,self,abr-acn-link,high,,https://data.gov.au/data/dataset/asic-companies,ACN from ABN 66123409647 (BLACK BOTTLE DISTILLING PTY LTD); ASIC status REGD; APTY/LMSH/PROP; registered 11/01/2007; state of registration n/a; ABN 66123409647
74-islands-distillery,74 Islands Distillery,Australia,au-abr,33624857058,JUMBO PROPERTIES PTY LTD,self,abr-bulk-name,high,,https://data.gov.au/data/dataset/abn-bulk-extract,name jaccard 1.00 via business name '74 ISLANDS'; ABN ACT from 2018; Australian Private Company; main business location QLD 4802 (postcode agrees); ACN 624857058; GST ACT; ABR record updated 2025
74-islands-distillery,74 Islands Distillery,Australia,au-asic,624857058,JUMBO PROPERTIES PTY LTD,self,abr-acn-link,high,,https://data.gov.au/data/dataset/asic-companies,ACN from ABN 33624857058 (JUMBO PROPERTIES PTY LTD); ASIC status REGD; APTY/LMSH/PROP; registered 07/03/2018; state of registration n/a; ABN 33624857058
74-islands-distillery,74 Islands Distillery,Australia,au-abr,21610722855,74 ISLANDS PTY LTD,self,abr-bulk-name,medium,,https://data.gov.au/data/dataset/abn-bulk-extract,name jaccard 1.00 via entity name '74 ISLANDS PTY LTD'; ABN CAN from 2017; Australian Private Company; main business location QLD 4802 (postcode agrees); ACN 610722855; GST NON; ABR record updated 2017
74-islands-distillery,74 Islands Distillery,Australia,au-abr,88243748520,The Trustee for Reddy & Jeon Family Trust,self,abr-bulk-name,medium,,https://data.gov.au/data/dataset/abn-bulk-extract,name jaccard 0.67 via business name '74 ISLANDS BAR AND BISTRO'; ABN ACT from 2021; Discretionary Trading Trust; main business location QLD 4802 (postcode agrees); ACN none; GST ACT; ABR record updated 2025
7k-distillery,7K Distillery,Australia,au-abr,75632785516,CLARK SPIRIT HOLDINGS PTY LTD,self,abr-bulk-name,medium,,https://data.gov.au/data/dataset/abn-bulk-extract,name jaccard 1.00 via business name '7K Distillery'; ABN ACT from 2019; Australian Private Company; main business location TAS 7140 (postcode agrees); ACN 632785516; GST ACT; ABR record updated 2026
7k-distillery,7K Distillery,Australia,au-asic,632785516,CLARK SPIRIT HOLDINGS PTY LTD,self,abr-acn-link,medium,,https://data.gov.au/data/dataset/asic-companies,ACN from ABN 75632785516 (CLARK SPIRIT HOLDINGS PTY LTD); ASIC status REGD; APTY/LMSH/PROP; registered 08/04/2019; state of registration n/a; ABN 75632785516
adams-distillery,Adams Distillery,Australia,au-abr,58607996216,ADAMS DISTILLERY PTY LTD,self,abr-bulk-name,medium,,https://data.gov.au/data/dataset/abn-bulk-extract,name jaccard 1.00 via entity name 'ADAMS DISTILLERY PTY LTD'; ABN ACT from 2015; Australian Private Company; main business location TAS 7300 (postcode agrees); ACN 607996216; GST ACT; ABR record updated 2025
adams-distillery,Adams Distillery,Australia,au-asic,607996216,ADAMS DISTILLERY PTY LTD,self,abr-acn-link,medium,,https://data.gov.au/data/dataset/asic-companies,ACN from ABN 58607996216 (ADAMS DISTILLERY PTY LTD); ASIC status REGD; APTY/LMSH/PROP; registered 02/09/2015; state of registration n/a; ABN 58607996216
after-hours-distillers,After Hours Distillers,Australia,au-abr,62072093273,UNITED BEVERAGE CO-PACKERS PTY LTD,self,abr-bulk-name,high,,https://data.gov.au/data/dataset/abn-bulk-extract,name jaccard 1.00 via business name 'AFTER HOURS DISTILLERS'; ABN ACT from 2008; Australian Private Company; main business location NSW 2526 (postcode agrees); ACN 072093273; GST ACT; ABR record updated 2021
after-hours-distillers,After Hours Distillers,Australia,au-asic,072093273,UNITED BEVERAGE CO-PACKERS PTY LTD,self,abr-acn-link,high,,https://data.gov.au/data/dataset/asic-companies,ACN from ABN 62072093273 (UNITED BEVERAGE CO-PACKERS PTY LTD); ASIC status REGD; APTY/LMSH/PROP; registered 18/12/1995; state of registration n/a; ABN 62072093273
after-hours-distillers,After Hours Distillers,Australia,au-abr,98715464215,"(individual, sole trader ABN; trades as After Hours Group)",self,abr-bulk-name,medium,,https://data.gov.au/data/dataset/abn-bulk-extract,name jaccard 1.00 via business name 'After Hours Group'; ABN ACT from 2024; Individual/Sole Trader; main business location NSW 2010 (state agrees); ACN none; GST NON; ABR record updated 2026
after-hours-distillers,After Hours Distillers,Australia,au-abr,97302684937,"(individual, sole trader ABN; trades as After Hours)",self,abr-bulk-name,medium,,https://data.gov.au/data/dataset/abn-bulk-extract,name jaccard 1.00 via trading name 'After Hours'; ABN CAN from 2026; Individual/Sole Trader; main business location NSW 2126 (state agrees); ACN none; GST NON; ABR record updated 2026
alchemy-distillers,Alchemy Distillers,Australia,au-abr,97618387929,ALCHEMY DISTILLERS PTY. LTD.,self,abr-bulk-name,high,,https://data.gov.au/data/dataset/abn-bulk-extract,name jaccard 1.00 via entity name 'ALCHEMY DISTILLERS PTY. LTD.'; ABN ACT from 2017; Australian Private Company; main business location VIC 3777 (postcode agrees); ACN 618387929; GST ACT; ABR record updated 2017
alchemy-distillers,Alchemy Distillers,Australia,au-asic,618387929,ALCHEMY DISTILLERS PTY. LTD.,self,asic-bulk-name,high,,https://data.gov.au/data/dataset/asic-companies,name jaccard 1.00 on 'ALCHEMY DISTILLERS PTY. LTD.'; ASIC status REGD; APTY/LMSH/PROP; registered 05/04/2017; state of registration n/a; ABN 97618387929
alchemy-distillers,Alchemy Distillers,Australia,au-asic,626164707,ALCHEMY BEVERAGES PTY LTD,self,asic-bulk-name,medium,,https://data.gov.au/data/dataset/asic-companies,name jaccard 1.00 on 'ALCHEMY BEVERAGES PTY LTD'; ASIC status REGD; APTY/LMSH/PROP; registered 15/05/2018; state of registration n/a; ABN 20626164707
alchymia-distillery,Alchymia Distillery,Australia,au-abr,36639116242,ALCHYMIA DISTILLERY PTY LTD,self,abr-bulk-name,high,,https://data.gov.au/data/dataset/abn-bulk-extract,name jaccard 1.00 via entity name 'ALCHYMIA DISTILLERY PTY LTD'; ABN ACT from 2020; Australian Private Company; main business location TAS 7325 (postcode agrees); ACN 639116242; GST NON; ABR record updated 2020
alchymia-distillery,Alchymia Distillery,Australia,au-asic,639116242,ALCHYMIA DISTILLERY PTY LTD,self,asic-bulk-name,high,,https://data.gov.au/data/dataset/asic-companies,name jaccard 1.00 on 'ALCHYMIA DISTILLERY PTY LTD'; ASIC status REGD; APTY/LMSH/PROP; registered 14/02/2020; state of registration n/a; ABN 36639116242
amber-lane-distillery,Amber Lane Distillery,Australia,au-asic,620756247,AMBER LANE DISTILLERY PTY LIMITED,self,asic-bulk-name,high,,https://data.gov.au/data/dataset/asic-companies,name jaccard 1.00 on 'AMBER LANE DISTILLERY PTY LIMITED'; ASIC status REGD; APTY/LMSH/PROP; registered 28/07/2017; state of registration n/a; ABN 0
ambleside-distillers-hahndorf,Ambleside Distillers - Hahndorf,Australia,au-abr,99624713579,GERMAN INN PTY LTD,self,abr-bulk-name,low,,https://data.gov.au/data/dataset/abn-bulk-extract,name jaccard 0.50 via business name 'HAHNDORF DISTILLERS'; ABN ACT from 2018; Australian Private Company; main business location SA 5245 (postcode agrees); ACN 624713579; GST ACT; ABR record updated 2025
ambleside-distillers-hahndorf,Ambleside Distillers - Hahndorf,Australia,au-abr,49798719014,The Trustee for Hahndorf Brewing Co Unit Trust,self,abr-bulk-name,low,,https://data.gov.au/data/dataset/abn-bulk-extract,name jaccard 0.50 via entity name 'The Trustee for Hahndorf Brewing Co Unit Trust'; ABN ACT from 2022; Fixed Trust; main business location SA 5245 (postcode agrees); ACN none; GST ACT; ABR record updated 2025
ambleside-distillers-hahndorf,Ambleside Distillers - Hahndorf,Australia,au-abr,58859641438,The Trustee for Van Den Brink Trading Trust,self,abr-bulk-name,low,,https://data.gov.au/data/dataset/abn-bulk-extract,"name jaccard 0.50 via business name 'Ambleside Vineyard' (category word differs, no distilling word on this ABN); ABN ACT from 2004; Discretionary Trading Trust; main business location SA 5245 (postcode agrees); ACN none; GST ACT; ABR record updated 2022"
ambleside-distillers-hahndorf,Ambleside Distillers - Hahndorf,Australia,au-asic,624713579,GERMAN INN PTY LTD,self,abr-acn-link,low,,https://data.gov.au/data/dataset/asic-companies,ACN from ABN 99624713579 (GERMAN INN PTY LTD); ASIC status REGD; APTY/LMSH/PROP; registered 28/02/2018; state of registration n/a; ABN 99624713579
ambra-spirits-distillery-bar-restaurant,Ambra Spirits Distillery Bar & Restaurant,Australia,au-abr,90161887207,LIMONCELLO AUSTRALIA LTD,self,abr-bulk-name,medium,,https://data.gov.au/data/dataset/abn-bulk-extract,name jaccard 1.00 via business name 'Ambra Spirits'; ABN ACT from 2013; Australian Public Company; main business location SA 5031 (postcode agrees); ACN 161887207; GST ACT; ABR record updated 2025
ambra-spirits-distillery-bar-restaurant,Ambra Spirits Distillery Bar & Restaurant,Australia,au-asic,161887207,LIMONCELLO AUSTRALIA LTD,self,abr-acn-link,medium,,https://data.gov.au/data/dataset/asic-companies,ACN from ABN 90161887207 (LIMONCELLO AUSTRALIA LTD); ASIC status REGD; APUB/LMSH/ULST; registered 10/01/2013; state of registration n/a; ABN 90161887207
ancient-wisdom-distillery,Ancient Wisdom Distillery,Australia,au-abr,55668473238,AUSTRALIAN LIQUOR PTY LTD,operator,lcv-licensee+abr-bulk,high,,https://data.gov.au/data/dataset/abn-bulk-extract,"licensee of LCV producer's licence 32810451 ('ANCIENT WISDOM DISTILLERY', PAKENHAM), name jaccard 1.00; name jaccard 1.00 via licensee legal name; ABN ACT from 2023; Australian Private Company; main business location VIC 3064 (state agrees); ACN 668473238; GST ACT; ABR record updated 2024"
ancient-wisdom-distillery,Ancient Wisdom Distillery,Australia,au-asic,668473238,AUSTRALIAN LIQUOR PTY LTD,operator,lcv-licensee+abr-acn-link,high,,https://data.gov.au/data/dataset/asic-companies,ACN from ABN 55668473238 (AUSTRALIAN LIQUOR PTY LTD); ASIC status REGD; APTY/LMSH/PROP; registered 02/06/2023; state of registration n/a; ABN 55668473238
ancient-wisdom-distillery,Ancient Wisdom Distillery,Australia,au-abr,78608799453,AUSTRALIAN LIQUOR COMPANY PTY LTD,self,abr-bulk-name,high,,https://data.gov.au/data/dataset/abn-bulk-extract,name jaccard 1.00 via business name 'ANCIENT WISDOM DISTILLERY'; ABN ACT from 2015; Australian Private Company; main business location VIC 3810 (postcode agrees); ACN 608799453; GST ACT; ABR record updated 2024
ancient-wisdom-distillery,Ancient Wisdom Distillery,Australia,au-asic,608799453,AUSTRALIAN LIQUOR COMPANY PTY LTD,self,abr-acn-link,high,,https://data.gov.au/data/dataset/asic-companies,ACN from ABN 78608799453 (AUSTRALIAN LIQUOR COMPANY PTY LTD); ASIC status REGD; APTY/LMSH/PROP; registered 16/10/2015; state of registration n/a; ABN 78608799453
anther-gin,Anther Gin,Australia,au-abr,48613005913,ANTHER EXPERIMENTAL DISTILLATION PTY LTD,self,lcv-licensee+abr-bulk,low,,https://data.gov.au/data/dataset/abn-bulk-extract,"licensee of LCV producer's licence 32809638 ('ANTHER EXPERIMENTAL DISTILLATION', NORTH GEELONG), name jaccard 0.50; name jaccard 1.00 via licensee legal name; ABN ACT from 2016; Australian Private Company; main business location VIC 3216 (state agrees); ACN 613005913; GST ACT; ABR record updated 2018"
anther-gin,Anther Gin,Australia,au-asic,613005913,ANTHER EXPERIMENTAL DISTILLATION PTY LTD,self,lcv-licensee+abr-acn-link,low,,https://data.gov.au/data/dataset/asic-companies,ACN from ABN 48613005913 (ANTHER EXPERIMENTAL DISTILLATION PTY LTD); ASIC status REGD; APTY/LMSH/PROP; registered 15/06/2016; state of registration n/a; ABN 48613005913
apollo-bay-distillery,Apollo Bay Distillery,Australia,au-asic,633346353,APOLLO BAY DISTILLERY PTY LTD,self,asic-bulk-name,high,,https://data.gov.au/data/dataset/asic-companies,name jaccard 1.00 on 'APOLLO BAY DISTILLERY PTY LTD'; ASIC status REGD; APTY/LMSH/PROP; registered 08/05/2019; state of registration n/a; ABN 65633346353
apollo-bay-distillery,Apollo Bay Distillery,Australia,au-abr,36104104545,"(partnership of individuals, Family Partnership; trades as Apollo Bay Cafe)",self,abr-bulk-name,medium,,https://data.gov.au/data/dataset/abn-bulk-extract,"name jaccard 1.00 via trading name 'Apollo Bay Cafe' (category word differs, no distilling word on this ABN); ABN ACT from 2004; Family Partnership; main business location VIC 3233 (postcode agrees); ACN none; GST ACT; ABR record updated 2024"
apollo-bay-distillery,Apollo Bay Distillery,Australia,au-abr,65633346353,APOLLO BAY DISTILLERY PTY LTD,self,abr-bulk-name,medium,,https://data.gov.au/data/dataset/abn-bulk-extract,ambiguous: 2 companies match equally; name jaccard 1.00 via entity name 'APOLLO BAY DISTILLERY PTY LTD'; ABN ACT from 2019; Australian Private Company; main business location VIC 3233 (postcode agrees); ACN 633346353; GST ACT; ABR record updated 2019
apollo-bay-distillery,Apollo Bay Distillery,Australia,au-abr,60941087492,NOSEDA FAMILY TRUST,self,abr-bulk-name,medium,,https://data.gov.au/data/dataset/abn-bulk-extract,ambiguous: 2 companies match equally; name jaccard 1.00 via business name 'Apollo Bay Distillery'; ABN ACT from 1999; Discretionary Investment Trust; main business location VIC 3233 (postcode agrees); ACN none; GST ACT; ABR record updated 2018
apollo-bay-distillery,Apollo Bay Distillery,Australia,au-asic,601492068,APOLLO BAY BREWING PTY LTD,self,asic-bulk-name,medium,,https://data.gov.au/data/dataset/asic-companies,name jaccard 1.00 on 'APOLLO BAY BREWING PTY LTD'; ASIC status REGD; APTY/LMSH/PROP; registered 27/08/2014; state of registration n/a; ABN 15601492068
applewood-distillery,Applewood Distillery,Australia,au-abr,38165945095,OCHRE NATION PTY LTD,self,abr-bulk-name,high,,https://data.gov.au/data/dataset/abn-bulk-extract,name jaccard 1.00 via business name 'Applewood Distillery'; ABN ACT from 2015; Australian Private Company; main business location SA 5233 (postcode agrees); ACN 165945095; GST ACT; ABR record updated 2021
applewood-distillery,Applewood Distillery,Australia,au-asic,165945095,OCHRE NATION PTY LTD,self,abr-acn-link,high,,https://data.gov.au/data/dataset/asic-companies,ACN from ABN 38165945095 (OCHRE NATION PTY LTD); ASIC status REGD; APTY/LMSH/PROP; registered 23/09/2013; state of registration n/a; ABN 38165945095
archie-rose-distilling-co,Archie Rose Distilling Co.,Australia,au-abr,17632014049,ARD OPERATION PTY LIMITED,self,abr-bulk-name,high,,https://data.gov.au/data/dataset/abn-bulk-extract,name jaccard 1.00 via business name 'Archie Rose Distilling Co.'; ABN ACT from 2019; Australian Private Company; main business location NSW 2019 (state agrees); ACN 632014049; GST ACT; ABR record updated 2025
archie-rose-distilling-co,Archie Rose Distilling Co.,Australia,au-asic,632014049,ARD OPERATION PTY LIMITED,self,abr-acn-link,high,,https://data.gov.au/data/dataset/asic-companies,ACN from ABN 17632014049 (ARD OPERATION PTY LIMITED); ASIC status REGD; APTY/LMSH/PROP; registered 04/03/2019; state of registration n/a; ABN 17632014049
archie-rose-distilling-co,Archie Rose Distilling Co.,Australia,au-abr,52653075097,ARCHIE ROSE AND CO PTY LTD,self,abr-bulk-name,medium,,https://data.gov.au/data/dataset/abn-bulk-extract,name jaccard 1.00 via entity name 'ARCHIE ROSE AND CO PTY LTD'; ABN CAN from 2024; Australian Private Company; main business location NSW 2035 (state agrees); ACN 653075097; GST NON; ABR record updated 2024
artisans-secret-distillery,Artisans Secret Distillery,Australia,au-abr,29805663313,The trustee for The Lewis Trust,self,abr-bulk-name,high,,https://data.gov.au/data/dataset/abn-bulk-extract,name jaccard 1.00 via business name 'ARTISANS SECRET DISTILLERY'; ABN ACT from 2005; Discretionary Trading Trust; main business location QLD 4211 (postcode agrees); ACN none; GST ACT; ABR record updated 2022
australian-distilling-company,Australian Distilling Company,Australia,au-abr,21621832826,AUSTRALIAN DISTILLING CO. PTY LTD,self,abr-bulk-name,medium,,https://data.gov.au/data/dataset/abn-bulk-extract,ambiguous: 3 companies match equally; name jaccard 1.00 via entity name 'AUSTRALIAN DISTILLING CO. PTY LTD'; ABN ACT from 2017; Australian Private Company; main business location SA 5069; ACN 621832826; GST ACT; ABR record updated 2018
australian-distilling-company,Australian Distilling Company,Australia,au-abr,54657867984,AUSTRALIAN DISTILLING GROUP PTY LTD,self,abr-bulk-name,medium,,https://data.gov.au/data/dataset/abn-bulk-extract,ambiguous: 3 companies match equally; name jaccard 1.00 via entity name 'AUSTRALIAN DISTILLING GROUP PTY LTD'; ABN ACT from 2022; Australian Private Company; main business location VIC 3195; ACN 657867984; GST ACT; ABR record updated 2023
australian-distilling-company,Australian Distilling Company,Australia,au-abr,29160037249,AUSTRALIAN DISTILLING LTD,self,abr-bulk-name,medium,,https://data.gov.au/data/dataset/abn-bulk-extract,ambiguous: 3 companies match equally; name jaccard 1.00 via entity name 'AUSTRALIAN DISTILLING LTD'; ABN ACT from 2012; Australian Public Company; main business location WA 6055; ACN 160037249; GST ACT; ABR record updated 2025
australian-distilling-company,Australian Distilling Company,Australia,au-asic,621832826,AUSTRALIAN DISTILLING CO. PTY LTD,self,asic-bulk-name,medium,,https://data.gov.au/data/dataset/asic-companies,ambiguous: 3 companies match equally; name jaccard 1.00 on 'AUSTRALIAN DISTILLING CO. PTY LTD'; ASIC status REGD; APTY/LMSH/PROP; registered 21/09/2017; state of registration n/a; ABN 21621832826
australian-distilling-company,Australian Distilling Company,Australia,au-asic,657867984,AUSTRALIAN DISTILLING GROUP PTY LTD,self,asic-bulk-name,medium,,https://data.gov.au/data/dataset/asic-companies,ambiguous: 3 companies match equally; name jaccard 1.00 on 'AUSTRALIAN DISTILLING GROUP PTY LTD'; ASIC status REGD; APTY/LMSH/PROP; registered 08/03/2022; state of registration n/a; ABN 54657867984
australian-distilling-company,Australian Distilling Company,Australia,au-asic,160037249,AUSTRALIAN DISTILLING LTD,self,abr-acn-link,medium,,https://data.gov.au/data/dataset/asic-companies,ambiguous: 3 companies match equally; ACN from ABN 29160037249 (AUSTRALIAN DISTILLING LTD); ASIC status REGD; APUB/LMSH/ULST; registered 23/08/2012; state of registration n/a; ABN 29160037249
australian-distilling-company,Australian Distilling Company,Australia,au-asic,629454459,PROVENANCE DISTILLERY PTY LTD,self,asic-bulk-name,medium,,https://data.gov.au/data/dataset/asic-companies,"name jaccard 1.00 on 'AUSTRALIAN DISTILLING CO. PTY LTD'; ASIC status REGD; APTY/LMSH/PROP; registered 17/10/2018; state of registration n/a; ABN 83629454459; FORMER name, current name PROVENANCE DISTILLERY PTY LTD"
autonomy-distillers,Autonomy Distillers,Australia,au-asic,624321026,AUTONOMY DISTILLERS PTY LTD,self,asic-bulk-name,high,,https://data.gov.au/data/dataset/asic-companies,name jaccard 1.00 on 'AUTONOMY DISTILLERS PTY LTD'; ASIC status REGD; APTY/LMSH/PROP; registered 08/02/2018; state of registration n/a; ABN 11624321026
autonomy-distillers,Autonomy Distillers,Australia,au-abr,11624321026,AUTONOMY DISTILLERS PTY LTD,self,abr-bulk-name,medium,,https://data.gov.au/data/dataset/abn-bulk-extract,name jaccard 1.00 via entity name 'AUTONOMY DISTILLERS PTY LTD'; ABN CAN from 2021; Australian Private Company; main business location VIC 3039 (state agrees); ACN 624321026; GST CAN; ABR record updated 2021
backwoods-distilling-co,Backwoods Distilling Co,Australia,au-abr,85637393214,HIGH COUNTRY SPIRIT PTY LTD,self,abr-bulk-name,high,,https://data.gov.au/data/dataset/abn-bulk-extract,name jaccard 1.00 via business name 'Backwoods Distilling Co.'; ABN ACT from 2019; Australian Private Company; main business location VIC 3749 (postcode agrees); ACN 637393214; GST ACT; ABR record updated 2021
backwoods-distilling-co,Backwoods Distilling Co,Australia,au-asic,619559607,BACKWOODS DISTILLING CO. PTY LTD,self,asic-bulk-name,medium,,https://data.gov.au/data/dataset/asic-companies,ambiguous: 2 companies match equally; name jaccard 1.00 on 'BACKWOODS DISTILLING CO. PTY LTD'; ASIC status REGD; APTY/LMSH/PROP; registered 06/06/2017; state of registration n/a; ABN 0
backwoods-distilling-co,Backwoods Distilling Co,Australia,au-asic,637393214,HIGH COUNTRY SPIRIT PTY LTD,self,abr-acn-link,medium,,https://data.gov.au/data/dataset/asic-companies,ambiguous: 2 companies match equally; ACN from ABN 85637393214 (HIGH COUNTRY SPIRIT PTY LTD); ASIC status REGD; APTY/LMSH/PROP; registered 12/11/2019; state of registration n/a; ABN 85637393214
bakehouse-distillery,Bakehouse Distillery,Australia,au-abr,39337452842,"(individual, sole trader ABN; trades as Bakehouse Distillery)",self,abr-bulk-name,medium,,https://data.gov.au/data/dataset/abn-bulk-extract,name jaccard 1.00 via business name 'Bakehouse Distillery'; ABN ACT from 2000; Individual/Sole Trader; main business location TAS 7117 (postcode agrees); ACN none; GST CAN; ABR record updated 2026
bakehouse-distillery,Bakehouse Distillery,Australia,au-asic,652003284,RYE ARTISAN BAKEHOUSE PTY LTD,self,asic-bulk-name,medium,,https://data.gov.au/data/dataset/asic-companies,name jaccard 1.00 on 'RYE ARTISAN BAKEHOUSE PTY LTD'; ASIC status REGD; APTY/LMSH/PROP; registered 15/07/2021; state of registration n/a; ABN 28652003284
baker-williams-distillery,Baker Williams Distillery,Australia,au-abr,34625480757,BAKER WILLIAMS DISTILLERY PTY LIMITED,self,abr-bulk-name,high,,https://data.gov.au/data/dataset/abn-bulk-extract,name jaccard 1.00 via entity name 'BAKER WILLIAMS DISTILLERY PTY LIMITED'; ABN ACT from 2018; Australian Private Company; main business location NSW 2850 (postcode agrees); ACN 625480757; GST ACT; ABR record updated 2018
baker-williams-distillery,Baker Williams Distillery,Australia,au-asic,625480757,BAKER WILLIAMS DISTILLERY PTY LIMITED,self,asic-bulk-name,high,,https://data.gov.au/data/dataset/asic-companies,name jaccard 1.00 on 'BAKER WILLIAMS DISTILLERY PTY LIMITED'; ASIC status REGD; APTY/LMSH/PROP; registered 10/04/2018; state of registration n/a; ABN 34625480757
baker-williams-distillery,Baker Williams Distillery,Australia,au-abr,16829895010,"(partnership of individuals, Family Partnership; trades as Baker Williams Distillery)",self,abr-bulk-name,medium,,https://data.gov.au/data/dataset/abn-bulk-extract,name jaccard 1.00 via trading name 'Baker Williams Distillery'; ABN ACT from 2011; Family Partnership; main business location NSW 2850 (postcode agrees); ACN none; GST ACT; ABR record updated 2011
baker-williams-distillery,Baker Williams Distillery,Australia,au-abr,32746924588,"(partnership of individuals, Other Partnership; trades as A BAKER & P WILLIAMS)",self,abr-bulk-name,medium,,https://data.gov.au/data/dataset/abn-bulk-extract,name jaccard 1.00 via entity name 'A BAKER & P WILLIAMS'; ABN ACT from 2000; Other Partnership; main business location NSW 2577 (state agrees); ACN none; GST ACT; ABR record updated 2002
banks-solander-distillery,Banks & Solander Distillery,Australia,au-abr,55609476440,BAYSIDE DISTILLING COMPANY PTY LTD,self,abr-bulk-name,high,,https://data.gov.au/data/dataset/abn-bulk-extract,name jaccard 1.00 via business name 'BANKS AND SOLANDER DISTILLERY'; ABN ACT from 2015; Australian Private Company; main business location NSW 2019 (postcode agrees); ACN 609476440; GST ACT; ABR record updated 2022
banks-solander-distillery,Banks & Solander Distillery,Australia,au-asic,609476440,BAYSIDE DISTILLING COMPANY PTY LTD,self,abr-acn-link,high,,https://data.gov.au/data/dataset/asic-companies,ACN from ABN 55609476440 (BAYSIDE DISTILLING COMPANY PTY LTD); ASIC status REGD; APTY/LMSH/PROP; registered 24/11/2015; state of registration n/a; ABN 55609476440
barking-owl-distilling-co,Barking Owl Distilling Co.,Australia,au-abr,11617085382,BARKING OWL DISTILLING CO. PTY. LTD.,self,abr-bulk-name,high,,https://data.gov.au/data/dataset/abn-bulk-extract,name jaccard 1.00 via entity name 'BARKING OWL DISTILLING CO. PTY. LTD.'; ABN ACT from 2017; Australian Private Company; main business location VIC 3747 (postcode agrees); ACN 617085382; GST ACT; ABR record updated 2017
barking-owl-distilling-co,Barking Owl Distilling Co.,Australia,au-asic,617085382,BARKING OWL DISTILLING CO. PTY. LTD.,self,asic-bulk-name,high,,https://data.gov.au/data/dataset/asic-companies,name jaccard 1.00 on 'BARKING OWL DISTILLING CO. PTY. LTD.'; ASIC status REGD; APTY/LMSH/PROP; registered 30/01/2017; state of registration n/a; ABN 11617085382
barossa-distilling-co,Barossa Distilling Co.,Australia,au-abr,90883644706,The Trustee for Seam Family Trust,self,abr-bulk-name,high,,https://data.gov.au/data/dataset/abn-bulk-extract,name jaccard 1.00 via business name 'BAROSSA SPIRIT STILLS'; ABN ACT from 2005; Discretionary Trading Trust; main business location SA 5355 (postcode agrees); ACN none; GST ACT; ABR record updated 2021
barossa-distilling-co,Barossa Distilling Co.,Australia,au-asic,608999720,BAROSSA DISTILLING COMPANY PTY LTD,self,asic-bulk-name,high,,https://data.gov.au/data/dataset/asic-companies,name jaccard 1.00 on 'BAROSSA DISTILLING COMPANY PTY LTD'; ASIC status REGD; APTY/LMSH/PROP; registered 28/10/2015; state of registration n/a; ABN 34608999720
barossa-distilling-co,Barossa Distilling Co.,Australia,au-abr,53640881303,THE BAROSSA COMPANY PTY LTD,self,abr-bulk-name,medium,,https://data.gov.au/data/dataset/abn-bulk-extract,name jaccard 1.00 via entity name 'THE BAROSSA COMPANY PTY LTD'; ABN ACT from 2020; Australian Private Company; main business location SA 5355 (postcode agrees); ACN 640881303; GST ACT; ABR record updated 2024
barossa-distilling-co,Barossa Distilling Co.,Australia,au-abr,11156901367,THE TRUSTEE FOR BAROSSA TRUST,self,abr-bulk-name,medium,,https://data.gov.au/data/dataset/abn-bulk-extract,name jaccard 1.00 via entity name 'THE TRUSTEE FOR BAROSSA TRUST'; ABN ACT from 2000; Fixed Unit Trust; main business location SA 5355 (postcode agrees); ACN none; GST CAN; ABR record updated 2020
barossa-distilling-co,Barossa Distilling Co.,Australia,au-asic,640881303,THE BAROSSA COMPANY PTY LTD,self,abr-acn-link,medium,,https://data.gov.au/data/dataset/asic-companies,ACN from ABN 53640881303 (THE BAROSSA COMPANY PTY LTD); ASIC status REGD; APTY/LMSH/PROP; registered 12/05/2020; state of registration n/a; ABN 53640881303
bass-flinders-distillery,Bass & Flinders Distillery,Australia,au-abr,51147336570,BASS & FLINDERS DISTILLERY PTY LTD,self,abr-bulk-name,high,,https://data.gov.au/data/dataset/abn-bulk-extract,name jaccard 1.00 via entity name 'BASS & FLINDERS DISTILLERY PTY LTD'; ABN ACT from 2010; Australian Private Company; main business location VIC 3936 (postcode agrees); ACN 147336570; GST ACT; ABR record updated 2023
bass-flinders-distillery,Bass & Flinders Distillery,Australia,au-asic,147336570,BASS & FLINDERS DISTILLERY PTY LTD,self,asic-bulk-name,high,,https://data.gov.au/data/dataset/asic-companies,name jaccard 1.00 on 'BASS & FLINDERS DISTILLERY PTY LTD'; ASIC status REGD; APTY/LMSH/PROP; registered 12/11/2010; state of registration n/a; ABN 51147336570
bass-flinders-distillery,Bass & Flinders Distillery,Australia,au-abr,50669560678,BASS AND FLINDERS FARMS PTY LTD,self,abr-bulk-name,medium,,https://data.gov.au/data/dataset/abn-bulk-extract,"name jaccard 1.00 via entity name 'BASS AND FLINDERS FARMS PTY LTD' (category word differs, no distilling word on this ABN); ABN ACT from 2023; Australian Private Company; main business location VIC 3930 (state agrees); ACN 669560678; GST ACT; ABR record updated 2023"
bass-flinders-distillery,Bass & Flinders Distillery,Australia,au-asic,669560678,BASS AND FLINDERS FARMS PTY LTD,self,abr-acn-link,medium,,https://data.gov.au/data/dataset/asic-companies,ACN from ABN 50669560678 (BASS AND FLINDERS FARMS PTY LTD); ASIC status REGD; APTY/LMSH/PROP; registered 08/07/2023; state of registration n/a; ABN 50669560678
bathurst-grange-distillery,Bathurst Grange Distillery,Australia,au-abr,82266124165,BATHURST REGIONAL VIGNERONS ASSOCIATION INC,self,abr-bulk-name,low,,https://data.gov.au/data/dataset/abn-bulk-extract,"name jaccard 0.50 via business name 'Wines of Bathurst' (category word differs, no distilling word on this ABN); ABN ACT from 1999; Other Incorporated Entity; main business location NSW 2795 (postcode agrees); ACN none; GST NON; ABR record updated 2022"
bathurst-grange-distillery,Bathurst Grange Distillery,Australia,au-abr,89068657018,THE GRANGE DISTILLERY PTY LTD,self,abr-bulk-name,low,,https://data.gov.au/data/dataset/abn-bulk-extract,name jaccard 0.50 via entity name 'THE GRANGE DISTILLERY PTY LTD'; ABN ACT from 2009; Australian Private Company; main business location NSW 2795 (postcode agrees); ACN 068657018; GST ACT; ABR record updated 2018
bathurst-grange-distillery,Bathurst Grange Distillery,Australia,au-asic,068657018,THE GRANGE DISTILLERY PTY LTD,self,abr-acn-link,low,,https://data.gov.au/data/dataset/asic-companies,ACN from ABN 89068657018 (THE GRANGE DISTILLERY PTY LTD); ASIC status REGD; APTY/LMSH/PROP; registered 16/03/1995; state of registration n/a; ABN 89068657018
battery-point-distillery,Battery Point Distillery,Australia,au-asic,613268929,BATTERY POINT HOLDINGS PTY LTD,self,abr-acn-link,high,,https://data.gov.au/data/dataset/asic-companies,ACN from ABN 61613268929 (BATTERY POINT HOLDINGS PTY LTD); ASIC status REGD; APTY/LMSH/PROP; registered 27/06/2016; state of registration n/a; ABN 61613268929
battery-point-distillery,Battery Point Distillery,Australia,au-abr,61613268929,BATTERY POINT HOLDINGS PTY LTD,self,abr-bulk-name,medium,,https://data.gov.au/data/dataset/abn-bulk-extract,ambiguous: 2 companies match equally; name jaccard 1.00 via entity name 'BATTERY POINT HOLDINGS PTY LTD'; ABN ACT from 2016; Australian Private Company; main business location TAS 7004 (postcode agrees); ACN 613268929; GST NON; ABR record updated 2017
battery-point-distillery,Battery Point Distillery,Australia,au-abr,87099871191,MRRC Pty Ltd,self,abr-bulk-name,medium,,https://data.gov.au/data/dataset/abn-bulk-extract,"name jaccard 1.00 via business name 'Battery Point Hotel' (category word differs, no distilling word on this ABN); ABN ACT from 2004; Australian Private Company; main business location TAS 7004 (postcode agrees); ACN 099871191; GST ACT; ABR record updated 2024"
battery-point-distillery,Battery Point Distillery,Australia,au-abr,35057859399,The Trustee for The Jameron Family Trust,self,abr-bulk-name,medium,,https://data.gov.au/data/dataset/abn-bulk-extract,ambiguous: 2 companies match equally; name jaccard 1.00 via business name 'Battery Point Distillery'; ABN ACT from 2006; Discretionary Investment Trust; main business location TAS 7004 (postcode agrees); ACN none; GST ACT; ABR record updated 2022
battery-point-distillery,Battery Point Distillery,Australia,au-asic,099871191,MRRC PTY LTD,self,abr-acn-link,medium,,https://data.gov.au/data/dataset/asic-companies,ACN from ABN 87099871191 (MRRC Pty Ltd); ASIC status REGD; APTY/LMSH/PROP; registered 12/03/2002; state of registration n/a; ABN 87099871191
bavay-distillery,Bavay Distillery,Australia,au-abr,34651435960,THE STILLHOUSE SPIRITS CO PTY LTD,self,abr-bulk-name,low,,https://data.gov.au/data/dataset/abn-bulk-extract,name jaccard 1.00 via business name 'THE BAVAY DISTILLERY'; ABN ACT from 2021; Australian Private Company; main business location QLD 4172 (state agrees); ACN 651435960; GST ACT; ABR record updated 2021
bavay-distillery,Bavay Distillery,Australia,au-asic,651435960,THE STILLHOUSE SPIRITS CO PTY LTD,self,abr-acn-link,low,,https://data.gov.au/data/dataset/asic-companies,ACN from ABN 34651435960 (THE STILLHOUSE SPIRITS CO PTY LTD); ASIC status REGD; APTY/LMSH/PROP; registered 28/06/2021; state of registration n/a; ABN 34651435960
beachtree-distilling-co-cellar-door-caloundra-sunshine-coast,"Beachtree Distilling Co - Cellar Door, Caloundra, Sunshine Coast",Australia,au-abr,87764365129,The trustee for Ross Jorgensen Family Trust,self,abr-bulk-name,low,,https://data.gov.au/data/dataset/abn-bulk-extract,name jaccard 0.40 via trading name 'The Sunshine Coast Beverage Company Pty Ltd'; ABN CAN from 2014; Discretionary Trading Trust; main business location QLD 4551 (postcode agrees); ACN none; GST CAN; ABR record updated 2014
beech-mountain-distillery,Beech Mountain Distillery,Australia,au-abr,81810432135,The Trustee for Beech Mountain Distillery Unit Trust,self,abr-bulk-name,high,,https://data.gov.au/data/dataset/abn-bulk-extract,name jaccard 1.00 via entity name 'The Trustee for Beech Mountain Distillery Unit Trust'; ABN ACT from 2020; Fixed Unit Trust; main business location QLD 4211 (postcode agrees); ACN none; GST ACT; ABR record updated 2024
beech-mountain-distillery,Beech Mountain Distillery,Australia,au-asic,640101524,BEECH MOUNTAIN DISTILLERY PTY LTD,self,asic-bulk-name,high,,https://data.gov.au/data/dataset/asic-companies,name jaccard 1.00 on 'BEECH MOUNTAIN DISTILLERY PTY LTD'; ASIC status REGD; APTY/LMSH/PROP; registered 02/04/2020; state of registration n/a; ABN 0
beech-mountain-distillery,Beech Mountain Distillery,Australia,au-abr,55776548601,BEECH MOUNTAIN ASSOCIATION INC.,self,abr-bulk-name,medium,,https://data.gov.au/data/dataset/abn-bulk-extract,name jaccard 0.67 via entity name 'BEECH MOUNTAIN ASSOCIATION INC.'; ABN ACT from 2005; Other Incorporated Entity; main business location QLD 4211 (postcode agrees); ACN none; GST ACT; ABR record updated 2026
beech-mountain-distillery,Beech Mountain Distillery,Australia,au-abr,82538746092,Beech Mountain Brotherhood Inc.,self,abr-bulk-name,medium,,https://data.gov.au/data/dataset/abn-bulk-extract,name jaccard 0.67 via entity name 'Beech Mountain Brotherhood Inc.'; ABN ACT from 2021; Other Incorporated Entity; main business location QLD 4211 (postcode agrees); ACN none; GST NON; ABR record updated 2021
beelu-forest-distilling-co,Beelu Forest Distilling Co,Australia,au-abr,69649275043,BEELU FOREST DISTILLING COMPANY PTY LTD,self,abr-bulk-name,high,,https://data.gov.au/data/dataset/abn-bulk-extract,name jaccard 1.00 via entity name 'BEELU FOREST DISTILLING COMPANY PTY LTD'; ABN ACT from 2021; Australian Private Company; main business location WA 6073 (postcode agrees); ACN 649275043; GST ACT; ABR record updated 2021
beelu-forest-distilling-co,Beelu Forest Distilling Co,Australia,au-asic,649275043,BEELU FOREST DISTILLING COMPANY PTY LTD,self,asic-bulk-name,high,,https://data.gov.au/data/dataset/asic-companies,name jaccard 1.00 on 'BEELU FOREST DISTILLING COMPANY PTY LTD'; ASIC status REGD; APTY/LMSH/PROP; registered 07/04/2021; state of registration n/a; ABN 69649275043
beenleigh-rum-distillery,Beenleigh Rum Distillery,Australia,au-abr,35109800213,BICKFORDS TRADING PTY LTD,group,hand,high,,https://data.gov.au/data/dataset/abn-bulk-extract,"ABN active, ACN 109800213; business name 'Beenleigh Distilling Company'; Bickford's Group owns Beenleigh"
beenleigh-rum-distillery,Beenleigh Rum Distillery,Australia,au-abr,29102738670,INNER CIRCLE DISTILLERY PTY LIMITED,operator,hand,high,,https://data.gov.au/data/dataset/abn-bulk-extract,"ABN active, private company, business names 'Beenleigh Rum Distillery', 'Beenleigh Artisan Distillers', 'Inner Circle Rum'; ACN 102738670; main business location SA 5106 (Bickford's group address)"
beenleigh-rum-distillery,Beenleigh Rum Distillery,Australia,au-abr,11606847803,BEENLEIGH HOLDINGS PTY LTD,self,abr-bulk-name,low,,https://data.gov.au/data/dataset/abn-bulk-extract,site is group-run per the hand row; name match is a lead; name jaccard 1.00 via entity name 'BEENLEIGH HOLDINGS PTY LTD'; ABN ACT from 2015; Australian Private Company; main business location QLD 4207 (postcode agrees); ACN 606847803; GST NON; ABR record updated 2015
beenleigh-rum-distillery,Beenleigh Rum Distillery,Australia,au-abr,22675205902,The trustee for THE BEENLEIGH TRUST,self,abr-bulk-name,low,,https://data.gov.au/data/dataset/abn-bulk-extract,site is group-run per the hand row; name match is a lead; name jaccard 1.00 via entity name 'The trustee for THE BEENLEIGH TRUST'; ABN ACT from 2005; Discretionary Investment Trust; main business location QLD 4207 (postcode agrees); ACN none; GST ACT; ABR record updated 2023
beenleigh-rum-distillery,Beenleigh Rum Distillery,Australia,au-asic,606847803,BEENLEIGH HOLDINGS PTY LTD,self,abr-acn-link,low,,https://data.gov.au/data/dataset/asic-companies,site is group-run per the hand row; name match is a lead; ACN from ABN 11606847803 (BEENLEIGH HOLDINGS PTY LTD); ASIC status REGD; APTY/LMSH/PROP; registered 02/07/2015; state of registration n/a; ABN 11606847803
beenleigh-rum-distillery,Beenleigh Rum Distillery,Australia,au-asic,102738670,INNER CIRCLE DISTILLERY PTY LIMITED,self,abr-acn-link,low,,https://data.gov.au/data/dataset/asic-companies,site is group-run per the hand row; name match is a lead; ACN from ABN 29102738670 (INNER CIRCLE DISTILLERY PTY LIMITED); ASIC status REGD; APTY/LMSH/PROP; registered 06/11/2002; state of registration n/a; ABN 29102738670
beenleigh-rum-distillery,Beenleigh Rum Distillery,Australia,au-asic,009759040,TARAC PTY LTD,self,asic-bulk-name,low,,https://data.gov.au/data/dataset/asic-companies,"site is group-run per the hand row; name match is a lead; name jaccard 1.00 on 'BEENLEIGH RUM PTY. LTD.' (state of registration agrees); ASIC status REGD; APTY/LMSH/PROP; registered 09/06/1967; state of registration QLD; ABN 89009759040; FORMER name, current name TARAC PTY LTD"
belgrove-distillery,Belgrove Distillery,Australia,au-abr,55641296906,BELGROVE DISTILLERY PTY LTD,self,abr-bulk-name,high,,https://data.gov.au/data/dataset/abn-bulk-extract,name jaccard 1.00 via entity name 'BELGROVE DISTILLERY PTY LTD'; ABN ACT from 2020; Australian Private Company; main business location TAS 7030 (postcode agrees); ACN 641296906; GST ACT; ABR record updated 2020
belgrove-distillery,Belgrove Distillery,Australia,au-asic,641296906,BELGROVE DISTILLERY PTY LTD,self,asic-bulk-name,high,,https://data.gov.au/data/dataset/asic-companies,name jaccard 1.00 on 'BELGROVE DISTILLERY PTY LTD'; ASIC status REGD; APTY/LMSH/PROP; registered 28/05/2020; state of registration n/a; ABN 55641296906
bellarine-distillery-the-whiskery,Bellarine Distillery / The Whiskery,Australia,au-abr,48070063339,BELLARINE WINE COMPANY PTY. LTD.,self,abr-bulk-name,low,,https://data.gov.au/data/dataset/abn-bulk-extract,"name jaccard 0.50 via entity name 'BELLARINE WINE COMPANY PTY. LTD.' (category word differs, no distilling word on this ABN); ABN CAN from 2014; Australian Private Company; main business location VIC 3222 (postcode agrees); ACN 070063339; GST NON; ABR record updated 2014"
bellarine-distillery-the-whiskery,Bellarine Distillery / The Whiskery,Australia,au-abr,77006779433,L.J. WARREN PTY LTD,self,abr-bulk-name,low,,https://data.gov.au/data/dataset/abn-bulk-extract,name jaccard 0.50 via business name 'Bellarine Distillery'; ABN ACT from 2019; Australian Private Company; main business location VIC 3222 (postcode agrees); ACN 006779433; GST CAN; ABR record updated 2026
bellarine-distillery-the-whiskery,Bellarine Distillery / The Whiskery,Australia,au-abr,85501843132,The Trustee for Bellarine Distillery Unit Trust,self,abr-bulk-name,low,,https://data.gov.au/data/dataset/abn-bulk-extract,name jaccard 0.50 via entity name 'The Trustee for Bellarine Distillery Unit Trust'; ABN ACT from 2019; Fixed Unit Trust; main business location VIC 3222 (postcode agrees); ACN none; GST ACT; ABR record updated 2024
bellarine-distillery-the-whiskery,Bellarine Distillery / The Whiskery,Australia,au-asic,006779433,L.J. WARREN PTY LTD,self,abr-acn-link,low,,https://data.gov.au/data/dataset/asic-companies,ACN from ABN 77006779433 (L.J. WARREN PTY LTD); ASIC status REGD; APTY/LMSH/PROP; registered 10/06/1987; state of registration VIC; ABN 77006779433
big-muster-distilling-co,Big Muster Distilling Co.,Australia,au-abr,18644790670,THE HUB DINNER PLAIN PTY LTD,self,abr-bulk-name,high,,https://data.gov.au/data/dataset/abn-bulk-extract,name jaccard 1.00 via business name 'Big Muster Distilling Company'; ABN ACT from 2020; Australian Private Company; main business location VIC 3898; ACN 644790670; GST ACT; ABR record updated 2025
big-muster-distilling-co,Big Muster Distilling Co.,Australia,au-asic,644790670,THE HUB DINNER PLAIN PTY LTD,self,abr-acn-link,high,,https://data.gov.au/data/dataset/asic-companies,ACN from ABN 18644790670 (THE HUB DINNER PLAIN PTY LTD); ASIC status REGD; APTY/LMSH/PROP; registered 01/10/2020; state of registration n/a; ABN 18644790670
big-river-distilling-co,Big River Distilling Co,Australia,au-abr,95619584226,BIG RIVER DISTILLING CO. PTY LTD,self,abr-bulk-name,high,,https://data.gov.au/data/dataset/abn-bulk-extract,name jaccard 1.00 via entity name 'BIG RIVER DISTILLING CO. PTY LTD'; ABN ACT from 2017; Australian Private Company; main business location ACT 2602 (state agrees); ACN 619584226; GST ACT; ABR record updated 2024
big-river-distilling-co,Big River Distilling Co,Australia,au-asic,619584226,BIG RIVER DISTILLING CO. PTY LTD,self,asic-bulk-name,high,,https://data.gov.au/data/dataset/asic-companies,name jaccard 1.00 on 'BIG RIVER DISTILLING CO. PTY LTD'; ASIC status REGD; APTY/LMSH/PROP; registered 07/06/2017; state of registration n/a; ABN 95619584226
black-adler-distillery,Black Adler Distillery,Australia,au-abr,81647454206,BLACK ADLER DISTILLERY PTY LTD,self,abr-bulk-name,high,,https://data.gov.au/data/dataset/abn-bulk-extract,name jaccard 1.00 via entity name 'BLACK ADLER DISTILLERY PTY LTD'; ABN ACT from 2021; Australian Private Company; main business location VIC 3076 (state agrees); ACN 647454206; GST ACT; ABR record updated 2024
black-adler-distillery,Black Adler Distillery,Australia,au-asic,647454206,BLACK ADLER DISTILLERY PTY LTD,self,asic-bulk-name,high,,https://data.gov.au/data/dataset/asic-companies,name jaccard 1.00 on 'BLACK ADLER DISTILLERY PTY LTD'; ASIC status REGD; APTY/LMSH/PROP; registered 27/01/2021; state of registration n/a; ABN 81647454206
black-cockatoo-distillery,Black Cockatoo Distillery,Australia,au-abr,36654635917,A.C.N. 654 635 917 PTY LTD,self,abr-bulk-name,high,,https://data.gov.au/data/dataset/abn-bulk-extract,name jaccard 1.00 via business name 'BLACK COCKATOO DISTILLERY'; ABN ACT from 2021; Australian Private Company; main business location WA 6275 (state agrees); ACN 654635917; GST ACT; ABR record updated 2023
black-cockatoo-distillery,Black Cockatoo Distillery,Australia,au-asic,654635917,A.C.N. 654 635 917 PTY LTD,self,abr-acn-link,high,,https://data.gov.au/data/dataset/asic-companies,ACN from ABN 36654635917 (A.C.N. 654 635 917 PTY LTD); ASIC status REGD; APTY/LMSH/PROP; registered 19/10/2021; state of registration n/a; ABN 36654635917
black-cockatoo-distillery,Black Cockatoo Distillery,Australia,au-abr,88229508720,"(individual, sole trader ABN; trades as The Black Cockatoo Cafe)",self,abr-bulk-name,medium,,https://data.gov.au/data/dataset/abn-bulk-extract,"name jaccard 1.00 via trading name 'The Black Cockatoo Cafe' (category word differs, no distilling word on this ABN); ABN ACT from 2010; Individual/Sole Trader; main business location WA 6395 (state agrees); ACN none; GST CAN; ABR record updated 2017"
black-cockatoo-distillery,Black Cockatoo Distillery,Australia,au-abr,95967584866,"(partnership of individuals, Family Partnership; trades as Black Cockatoo Cafe)",self,abr-bulk-name,medium,,https://data.gov.au/data/dataset/abn-bulk-extract,"name jaccard 1.00 via business name 'Black Cockatoo Cafe' (category word differs, no distilling word on this ABN); ABN ACT from 2017; Family Partnership; main business location WA 6395 (state agrees); ACN none; GST CAN; ABR record updated 2026"
black-gate-distillery-mendooran,Black Gate Distillery,Australia,au-abr,98988097039,"(partnership of individuals, Family Partnership; trades as BLACK GATE DISTILLERY)",self,abr-bulk-name,medium,,https://data.gov.au/data/dataset/abn-bulk-extract,name jaccard 1.00 via trading name 'BLACK GATE DISTILLERY'; ABN ACT from 2009; Family Partnership; main business location NSW 2842 (postcode agrees); ACN none; GST ACT; ABR record updated 2009
black-rabbit-distillery,Black Rabbit Distillery,Australia,au-abr,86651452809,BLACK RABBIT DISTILLING CO. PTY LTD,self,abr-bulk-name,high,,https://data.gov.au/data/dataset/abn-bulk-extract,name jaccard 1.00 via business name 'Black Rabbit Distillery'; ABN ACT from 2021; Australian Private Company; main business location VIC 3631 (postcode agrees); ACN 651452809; GST ACT; ABR record updated 2023
black-rabbit-distillery,Black Rabbit Distillery,Australia,au-asic,651452809,BLACK RABBIT DISTILLING CO. PTY LTD,self,abr-acn-link,high,,https://data.gov.au/data/dataset/asic-companies,ACN from ABN 86651452809 (BLACK RABBIT DISTILLING CO. PTY LTD); ASIC status REGD; APTY/LMSH/PROP; registered 28/06/2021; state of registration n/a; ABN 86651452809
black-rabbit-distillery,Black Rabbit Distillery,Australia,au-abr,71652899440,BLACK RABBIT FARM PTY LTD,self,abr-bulk-name,medium,,https://data.gov.au/data/dataset/abn-bulk-extract,"name jaccard 1.00 via entity name 'BLACK RABBIT FARM PTY LTD' (category word differs, no distilling word on this ABN); ABN ACT from 2021; Australian Private Company; main business location VIC 3926 (state agrees); ACN 652899440; GST CAN; ABR record updated 2025"
black-rabbit-distillery,Black Rabbit Distillery,Australia,au-abr,57004904992,YARRAGEH ESTATE PTY. LTD.,self,abr-bulk-name,medium,,https://data.gov.au/data/dataset/abn-bulk-extract,name jaccard 1.00 via trading name 'THE BLACK RABBIT'; ABN ACT from 1999; Australian Private Company; main business location VIC 3916 (state agrees); ACN 004904992; GST NON; ABR record updated 2011
black-rabbit-distillery,Black Rabbit Distillery,Australia,au-asic,652899440,BLACK RABBIT FARM PTY LTD,self,abr-acn-link,medium,,https://data.gov.au/data/dataset/asic-companies,ACN from ABN 71652899440 (BLACK RABBIT FARM PTY LTD); ASIC status REGD; APTY/LMSH/PROP; registered 17/08/2021; state of registration n/a; ABN 71652899440
black-rabbit-distillery,Black Rabbit Distillery,Australia,au-asic,004904992,YARRAGEH ESTATE PTY. LTD.,self,abr-acn-link,medium,,https://data.gov.au/data/dataset/asic-companies,ACN from ABN 57004904992 (YARRAGEH ESTATE PTY. LTD.); ASIC status REGD; APTY/LMSH/PROP; registered 17/09/1971; state of registration VIC; ABN 57004904992
black-snake-distillery,Black Snake Distillery,Australia,au-abr,50162571413,ABLE ELEVEN PTY LTD,self,abr-bulk-name,high,,https://data.gov.au/data/dataset/abn-bulk-extract,name jaccard 1.00 via business name 'Black Snake Distillery'; ABN ACT from 2013; Australian Private Company; main business location NSW 2390 (postcode agrees); ACN 162571413; GST ACT; ABR record updated 2018
black-snake-distillery,Black Snake Distillery,Australia,au-asic,162571413,ABLE ELEVEN PTY LTD,self,abr-acn-link,high,,https://data.gov.au/data/dataset/asic-companies,ACN from ABN 50162571413 (ABLE ELEVEN PTY LTD); ASIC status REGD; APTY/LMSH/PROP; registered 26/02/2013; state of registration n/a; ABN 50162571413
black-snake-distillery,Black Snake Distillery,Australia,au-abr,74138258350,"(individual, sole trader ABN; trades as BLACK SNAKE TOURS)",self,abr-bulk-name,medium,,https://data.gov.au/data/dataset/abn-bulk-extract,name jaccard 1.00 via other name 'BLACK SNAKE TOURS'; ABN CAN from 2023; Individual/Sole Trader; main business location NSW 2529 (state agrees); ACN none; GST CAN; ABR record updated 2023
black-snake-distillery,Black Snake Distillery,Australia,au-abr,16623220398,"(individual, sole trader ABN; trades as BLACK SNAKE TOURS)",self,abr-bulk-name,medium,,https://data.gov.au/data/dataset/abn-bulk-extract,name jaccard 1.00 via trading name 'BLACK SNAKE TOURS'; ABN CAN from 2017; Individual/Sole Trader; main business location NSW 2529 (state agrees); ACN none; GST CAN; ABR record updated 2017
blackwattle-distilling-co,Blackwattle Distilling Co.,Australia,au-abr,45657639891,BLACKWATTLE DISTILLING COMPANY PTY LTD,self,abr-bulk-name,high,,https://data.gov.au/data/dataset/abn-bulk-extract,name jaccard 1.00 via entity name 'BLACKWATTLE DISTILLING COMPANY PTY LTD'; ABN ACT from 2022; Australian Private Company; main business location NSW 2049 (state agrees); ACN 657639891; GST ACT; ABR record updated 2022
blackwattle-distilling-co,Blackwattle Distilling Co.,Australia,au-asic,657639891,BLACKWATTLE DISTILLING COMPANY PTY LTD,self,asic-bulk-name,high,,https://data.gov.au/data/dataset/asic-companies,name jaccard 1.00 on 'BLACKWATTLE DISTILLING COMPANY PTY LTD'; ASIC status REGD; APTY/LMSH/PROP; registered 26/02/2022; state of registration n/a; ABN 45657639891
blend-etiquette-craft-distillery,Blend Etiquette Craft Distillery,Australia,au-abr,72617613760,BLEND ETIQUETTE PTY LTD,self,abr-bulk-name,medium,,https://data.gov.au/data/dataset/abn-bulk-extract,name jaccard 1.00 via entity name 'BLEND ETIQUETTE PTY LTD'; ABN ACT from 2017; Australian Private Company; main business location SA 5009 (state agrees); ACN 617613760; GST ACT; ABR record updated 2023
blend-etiquette-craft-distillery,Blend Etiquette Craft Distillery,Australia,au-asic,617613760,BLEND ETIQUETTE PTY LTD,self,abr-acn-link,medium,,https://data.gov.au/data/dataset/asic-companies,ACN from ABN 72617613760 (BLEND ETIQUETTE PTY LTD); ASIC status REGD; APTY/LMSH/PROP; registered 24/02/2017; state of registration n/a; ABN 72617613760
bluestill-distillery,Bluestill Distillery,Australia,au-abr,77481373267,"(partnership of individuals, Family Partnership; trades as Bluestill)",self,abr-bulk-name,medium,,https://data.gov.au/data/dataset/abn-bulk-extract,name jaccard 1.00 via trading name 'Bluestill'; ABN CAN from 2014; Family Partnership; main business location NSW 2594 (postcode agrees); ACN none; GST CAN; ABR record updated 2015
bluestill-distillery,Bluestill Distillery,Australia,au-abr,82167261958,BLUESTILL PTY LTD,self,abr-bulk-name,medium,,https://data.gov.au/data/dataset/abn-bulk-extract,name jaccard 1.00 via entity name 'BLUESTILL PTY LTD'; ABN ACT from 2013; Australian Private Company; main business location NSW 2594 (postcode agrees); ACN 167261958; GST ACT; ABR record updated 2026
bluestill-distillery,Bluestill Distillery,Australia,au-asic,167261958,BLUESTILL PTY LTD,self,abr-acn-link,medium,,https://data.gov.au/data/dataset/asic-companies,ACN from ABN 82167261958 (BLUESTILL PTY LTD); ASIC status REGD; APTY/LMSH/PROP; registered 16/12/2013; state of registration n/a; ABN 82167261958
bombak-distillery,Bombak Distillery,Australia,au-abr,31620205996,BOMBAK DISTILLERY PTY LTD,self,abr-bulk-name,high,,https://data.gov.au/data/dataset/abn-bulk-extract,name jaccard 1.00 via entity name 'BOMBAK DISTILLERY PTY LTD'; ABN ACT from 2018; Australian Private Company; main business location WA 6017 (postcode agrees); ACN 620205996; GST ACT; ABR record updated 2021
bombak-distillery,Bombak Distillery,Australia,au-asic,620205996,BOMBAK DISTILLERY PTY LTD,self,asic-bulk-name,high,,https://data.gov.au/data/dataset/asic-companies,name jaccard 1.00 on 'BOMBAK DISTILLERY PTY LTD'; ASIC status REGD; APTY/LMSH/PROP; registered 03/07/2017; state of registration n/a; ABN 31620205996
bonnet-distilling-co,Bonnet Distilling Co.,Australia,au-abr,64665829881,BONNET GROUP PTY LTD,self,abr-bulk-name,medium,,https://data.gov.au/data/dataset/abn-bulk-extract,name jaccard 1.00 via entity name 'BONNET GROUP PTY LTD'; ABN ACT from 2023; Australian Private Company; main business location WA 6154 (postcode agrees); ACN 665829881; GST ACT; ABR record updated 2024
bonnet-distilling-co,Bonnet Distilling Co.,Australia,au-asic,665829881,BONNET GROUP PTY LTD,self,abr-acn-link,medium,,https://data.gov.au/data/dataset/asic-companies,ACN from ABN 64665829881 (BONNET GROUP PTY LTD); ASIC status REGD; APTY/LMSH/PROP; registered 17/02/2023; state of registration n/a; ABN 64665829881
brogans-way-distillery,Brogans Way Distillery,Australia,au-abr,13609724932,POISON CREEK DISTILLING PTY LTD,self,abr-bulk-name,high,,https://data.gov.au/data/dataset/abn-bulk-extract,name jaccard 1.00 via business name 'Brogan's Way'; ABN ACT from 2015; Australian Private Company; main business location VIC 3121 (postcode agrees); ACN 609724932; GST ACT; ABR record updated 2025
brogans-way-distillery,Brogans Way Distillery,Australia,au-asic,609724932,POISON CREEK DISTILLING PTY LTD,self,abr-acn-link,high,,https://data.gov.au/data/dataset/asic-companies,ACN from ABN 13609724932 (POISON CREEK DISTILLING PTY LTD); ASIC status REGD; APTY/LMSH/PROP; registered 08/12/2015; state of registration n/a; ABN 13609724932
broken-hill-distillery-wed-to-sun-from-12pm-all-day-gin-tastings,"Broken Hill Distillery Wed to Sun from 12pm, all day Gin tastings!",Australia,au-abr,38633047784,BROKEN HILL DISTILLERY PTY LTD,self,abr-bulk-name,high,,https://data.gov.au/data/dataset/abn-bulk-extract,name jaccard 1.00 via entity name 'BROKEN HILL DISTILLERY PTY LTD'; ABN ACT from 2019; Australian Private Company; main business location NSW 2880 (postcode agrees); ACN 633047784; GST ACT; ABR record updated 2026
broken-hill-distillery-wed-to-sun-from-12pm-all-day-gin-tastings,"Broken Hill Distillery Wed to Sun from 12pm, all day Gin tastings!",Australia,au-asic,633047784,BROKEN HILL DISTILLERY PTY LTD,self,asic-bulk-name,high,,https://data.gov.au/data/dataset/asic-companies,name jaccard 1.00 on 'BROKEN HILL DISTILLERY PTY LTD'; ASIC status REGD; APTY/LMSH/PROP; registered 23/04/2019; state of registration n/a; ABN 38633047784
broken-hill-distillery-wed-to-sun-from-12pm-all-day-gin-tastings,"Broken Hill Distillery Wed to Sun from 12pm, all day Gin tastings!",Australia,au-abr,25637621424,"(individual, sole trader ABN; trades as Broken Hill Brewing Co)",self,abr-bulk-name,medium,,https://data.gov.au/data/dataset/abn-bulk-extract,"name jaccard 1.00 via business name 'Broken Hill Brewing Co' (category word differs, no distilling word on this ABN); ABN ACT from 2013; Individual/Sole Trader; main business location NSW 2880 (postcode agrees); ACN none; GST ACT; ABR record updated 2026"
broken-hill-distillery-wed-to-sun-from-12pm-all-day-gin-tastings,"Broken Hill Distillery Wed to Sun from 12pm, all day Gin tastings!",Australia,au-abr,65657089980,BROKEN HILL BREWERY PTY LTD,self,abr-bulk-name,medium,,https://data.gov.au/data/dataset/abn-bulk-extract,"name jaccard 1.00 via entity name 'BROKEN HILL BREWERY PTY LTD' (category word differs, no distilling word on this ABN); ABN ACT from 2022; Australian Private Company; main business location NSW 2880 (postcode agrees); ACN 657089980; GST ACT; ABR record updated 2022"
broken-hill-distillery-wed-to-sun-from-12pm-all-day-gin-tastings,"Broken Hill Distillery Wed to Sun from 12pm, all day Gin tastings!",Australia,au-asic,657089980,BROKEN HILL BREWERY PTY LTD,self,asic-bulk-name,medium,,https://data.gov.au/data/dataset/asic-companies,name jaccard 1.00 on 'BROKEN HILL BREWERY PTY LTD'; ASIC status REGD; APTY/LMSH/PROP; registered 06/02/2022; state of registration n/a; ABN 65657089980
brunswick-aces,Brunswick Aces,Australia,au-abr,64622794932,BRUNSWICK ACES PTY LTD,self,lcv-licensee+abr-bulk,high,,https://data.gov.au/data/dataset/abn-bulk-extract,"licensee of LCV producer's licence 32810061 ('BRUNSWICK ACES', BRUNSWICK EAST), name jaccard 1.00; name jaccard 1.00 via licensee legal name; ABN ACT from 2017; Australian Private Company; main business location VIC 3056 (state agrees); ACN 622794932; GST ACT; ABR record updated 2025"
brunswick-aces,Brunswick Aces,Australia,au-asic,622794932,BRUNSWICK ACES PTY LTD,self,lcv-licensee+abr-acn-link,high,,https://data.gov.au/data/dataset/asic-companies,ACN from ABN 64622794932 (BRUNSWICK ACES PTY LTD); ASIC status REGD; APTY/LMSH/PROP; registered 12/11/2017; state of registration n/a; ABN 64622794932
buderim-distilling-co,Buderim Distilling Co,Australia,au-abr,42676361327,BUDSTILL GROUP PTY LTD,self,abr-bulk-name,high,,https://data.gov.au/data/dataset/abn-bulk-extract,name jaccard 1.00 via business name 'BUDERIM DISTILLING CO'; ABN ACT from 2024; Australian Private Company; main business location QLD 4556 (state agrees); ACN 676361327; GST ACT; ABR record updated 2024
buderim-distilling-co,Buderim Distilling Co,Australia,au-asic,676361327,BUDSTILL GROUP PTY LTD,self,abr-acn-link,high,,https://data.gov.au/data/dataset/asic-companies,ACN from ABN 42676361327 (BUDSTILL GROUP PTY LTD); ASIC status REGD; APTY/LMSH/PROP; registered 05/04/2024; state of registration n/a; ABN 42676361327
buderim-distilling-co,Buderim Distilling Co,Australia,au-asic,660776634,BUDERIM BREWING PTY LTD,self,asic-bulk-name,low,,https://data.gov.au/data/dataset/asic-companies,name jaccard 1.00 on 'BUDERIM BREWING PTY LTD'; ASIC status REGD; APTY/LMSH/PROP; registered 06/07/2022; state of registration n/a; ABN 61660776634
buderim-distilling-co,Buderim Distilling Co,Australia,au-abr,15082889827,THE BUDERIM TRUST,self,abr-bulk-name,medium,,https://data.gov.au/data/dataset/abn-bulk-extract,name jaccard 1.00 via entity name 'THE BUDERIM TRUST'; ABN CAN from 2003; Other trust; main business location QLD 4558 (postcode agrees); ACN none; GST CAN; ABR record updated 2003
bundaberg-rum-distillery,Bundaberg Rum Distillery,Australia,au-abr,,Diageo Australia Limited,group,hand,low,,https://data.gov.au/data/dataset/abn-bulk-extract,no register number read; Diageo owns Bundaberg Distilling Company; the Diageo Australia ABN/ACN was not in the slim index (no drinks word in the name) and was not looked up
bundaberg-rum-distillery,Bundaberg Rum Distillery,Australia,au-abr,97009657069,BUNDABERG DISTILLING COMPANY PTY. LIMITED,self,hand,high,,https://data.gov.au/data/dataset/abn-bulk-extract,"ABN active, private company, other name 'Bundaberg Rum Distillery', QLD 4670 (postcode agrees); ACN 009657069; Diageo subsidiary"
bundaberg-rum-distillery,Bundaberg Rum Distillery,Australia,au-abr,97508384800,The Trustee for Bundaberg Trust,self,abr-bulk-name,low,,https://data.gov.au/data/dataset/abn-bulk-extract,site is group-run per the hand row; name match is a lead; name jaccard 1.00 via entity name 'The Trustee for Bundaberg Trust'; ABN ACT from 2019; Fixed Unit Trust; main business location QLD 4670 (postcode agrees); ACN none; GST ACT; ABR record updated 2021
bundaberg-rum-distillery,Bundaberg Rum Distillery,Australia,au-abr,80169683498,WATERVIEW BUNDABERG LIMITED,self,abr-bulk-name,low,,https://data.gov.au/data/dataset/abn-bulk-extract,site is group-run per the hand row; name match is a lead; name jaccard 1.00 via business name 'The Distillery Bundaberg'; ABN ACT from 2014; Australian Public Company; main business location QLD 4670 (postcode agrees); ACN 169683498; GST ACT; ABR record updated 2024
bundaberg-rum-distillery,Bundaberg Rum Distillery,Australia,au-asic,009657069,BUNDABERG DISTILLING COMPANY PTY. LIMITED,self,asic-bulk-name,low,,https://data.gov.au/data/dataset/asic-companies,site is group-run per the hand row; name match is a lead; name jaccard 1.00 on 'BUNDABERG DISTILLING COMPANY PTY. LIMITED' (state of registration agrees); ASIC status REGD; APTY/LMSH/PROP; registered 16/02/1894; state of registration QLD; ABN 97009657069
bundaberg-rum-distillery,Bundaberg Rum Distillery,Australia,au-asic,169683498,WATERVIEW BUNDABERG PTY LTD,self,abr-acn-link,low,,https://data.gov.au/data/dataset/asic-companies,site is group-run per the hand row; name match is a lead; ACN from ABN 80169683498 (WATERVIEW BUNDABERG LIMITED); ASIC status REGD; APTY/LMSH/PROP; registered 22/05/2014; state of registration n/a; ABN 80169683498
callington-mill-distillery,Callington Mill Distillery,Australia,au-abr,45673099977,CALLINGTON MILL DISTILLERY HOLDINGS PTY LTD,self,abr-bulk-name,medium,,https://data.gov.au/data/dataset/abn-bulk-extract,ambiguous: 3 companies match equally; name jaccard 1.00 via entity name 'CALLINGTON MILL DISTILLERY HOLDINGS PTY LTD'; ABN ACT from 2023; Australian Private Company; main business location NSW 2234; ACN 673099977; GST NON; ABR record updated 2024
callington-mill-distillery,Callington Mill Distillery,Australia,au-abr,70618949090,CALLINGTON MILL DISTILLERY PTY LTD,self,abr-bulk-name,medium,,https://data.gov.au/data/dataset/abn-bulk-extract,ambiguous: 3 companies match equally; name jaccard 1.00 via entity name 'CALLINGTON MILL DISTILLERY PTY LTD'; ABN ACT from 2017; Australian Private Company; main business location NSW 2234; ACN 618949090; GST NON; ABR record updated 2017
callington-mill-distillery,Callington Mill Distillery,Australia,au-abr,73519858298,The Trustee for Callington Mill Distillery Trust,self,abr-bulk-name,medium,,https://data.gov.au/data/dataset/abn-bulk-extract,ambiguous: 3 companies match equally; name jaccard 1.00 via entity name 'The Trustee for Callington Mill Distillery Trust'; ABN ACT from 2017; Fixed Unit Trust; main business location TAS 7120 (postcode agrees); ACN none; GST ACT; ABR record updated 2020
callington-mill-distillery,Callington Mill Distillery,Australia,au-asic,673099977,CALLINGTON MILL DISTILLERY HOLDINGS PTY LTD,self,asic-bulk-name,medium,,https://data.gov.au/data/dataset/asic-companies,ambiguous: 2 companies match equally; name jaccard 1.00 on 'CALLINGTON MILL DISTILLERY HOLDINGS PTY LTD'; ASIC status REGD; APTY/LMSH/PROP; registered 21/11/2023; state of registration n/a; ABN 45673099977
callington-mill-distillery,Callington Mill Distillery,Australia,au-asic,618949090,CALLINGTON MILL DISTILLERY PTY LTD,self,asic-bulk-name,medium,,https://data.gov.au/data/dataset/asic-companies,ambiguous: 2 companies match equally; name jaccard 1.00 on 'CALLINGTON MILL DISTILLERY PTY LTD'; ASIC status REGD; APTY/LMSH/PROP; registered 08/05/2017; state of registration n/a; ABN 70618949090
callington-mill-distillery,Callington Mill Distillery,Australia,au-asic,655904699,LABOUR MANAGEMENT PTY LTD,self,asic-bulk-name,medium,,https://data.gov.au/data/dataset/asic-companies,"name jaccard 1.00 on 'CALLINGTON MILL DISTILLERY HOLDINGS PTY LTD'; ASIC status REGD; APTY/LMSH/PROP; registered 08/12/2021; state of registration n/a; ABN 97655904699; FORMER name, current name LABOUR MANAGEMENT PTY LTD"
cannabis-botanical-distillery,Cannabis Botanical Distillery,Australia,au-abr,94639854989,CANNABIS BOTANICAL DISTILLERY PTY LTD,self,abr-bulk-name,medium,,https://data.gov.au/data/dataset/abn-bulk-extract,ambiguous: 2 companies match equally; name jaccard 1.00 via entity name 'CANNABIS BOTANICAL DISTILLERY PTY LTD'; ABN ACT from 2020; Australian Private Company; main business location WA 6333 (postcode agrees); ACN 639854989; GST ACT; ABR record updated 2025
cannabis-botanical-distillery,Cannabis Botanical Distillery,Australia,au-abr,77141153988,RAINTREE PEARLS & PERFUMES PTY LTD,self,abr-bulk-name,medium,,https://data.gov.au/data/dataset/abn-bulk-extract,ambiguous: 2 companies match equally; name jaccard 1.00 via business name 'cannabis botanical distillery'; ABN ACT from 2009; Australian Private Company; main business location WA 6333 (postcode agrees); ACN 141153988; GST ACT; ABR record updated 2024
cannabis-botanical-distillery,Cannabis Botanical Distillery,Australia,au-asic,639854989,CANNABIS BOTANICAL DISTILLERY PTY LTD,self,asic-bulk-name,medium,,https://data.gov.au/data/dataset/asic-companies,ambiguous: 2 companies match equally; name jaccard 1.00 on 'CANNABIS BOTANICAL DISTILLERY PTY LTD'; ASIC status REGD; APTY/LMSH/PROP; registered 19/03/2020; state of registration n/a; ABN 94639854989
cannabis-botanical-distillery,Cannabis Botanical Distillery,Australia,au-asic,141153988,RAINTREE PEARLS & PERFUMES PTY LTD,self,abr-acn-link,medium,,https://data.gov.au/data/dataset/asic-companies,ambiguous: 2 companies match equally; ACN from ABN 77141153988 (RAINTREE PEARLS & PERFUMES PTY LTD); ASIC status REGD; APTY/LMSH/PROP; registered 16/12/2009; state of registration n/a; ABN 77141153988
cape-byron-distillery,Cape Byron Distillery,Australia,au-abr,56651039137,CAPE BYRON DISTILLERY HOLDINGS PTY LTD,self,abr-bulk-name,medium,,https://data.gov.au/data/dataset/abn-bulk-extract,ambiguous: 2 companies match equally; name jaccard 1.00 via entity name 'CAPE BYRON DISTILLERY HOLDINGS PTY LTD'; ABN ACT from 2021; Australian Private Company; main business location NSW 2479 (postcode agrees); ACN 651039137; GST NON; ABR record updated 2024
cape-byron-distillery,Cape Byron Distillery,Australia,au-abr,15383454120,The Trustee for Cape Byron Distillery Unit Trust,self,abr-bulk-name,medium,,https://data.gov.au/data/dataset/abn-bulk-extract,ambiguous: 2 companies match equally; name jaccard 1.00 via entity name 'The Trustee for Cape Byron Distillery Unit Trust'; ABN ACT from 2015; Fixed Unit Trust; main business location NSW 2479 (postcode agrees); ACN none; GST ACT; ABR record updated 2019
cape-byron-distillery,Cape Byron Distillery,Australia,au-abr,84306606791,The Trustee for Cape Byron Nominees Unit Trust,self,abr-bulk-name,medium,,https://data.gov.au/data/dataset/abn-bulk-extract,name jaccard 1.00 via entity name 'The Trustee for Cape Byron Nominees Unit Trust'; ABN ACT from 2022; Fixed Unit Trust; main business location NSW 2000 (state agrees); ACN none; GST NON; ABR record updated 2022
cape-byron-distillery,Cape Byron Distillery,Australia,au-asic,651039137,CAPE BYRON DISTILLERY HOLDINGS PTY LTD,self,asic-bulk-name,medium,,https://data.gov.au/data/dataset/asic-companies,ambiguous: 2 companies match equally; name jaccard 1.00 on 'CAPE BYRON DISTILLERY HOLDINGS PTY LTD'; ASIC status REGD; APTY/LMSH/PROP; registered 15/06/2021; state of registration n/a; ABN 56651039137
cape-byron-distillery,Cape Byron Distillery,Australia,au-asic,606735406,CAPE BYRON DISTILLERY PTY LTD,self,asic-bulk-name,medium,,https://data.gov.au/data/dataset/asic-companies,ambiguous: 2 companies match equally; name jaccard 1.00 on 'CAPE BYRON DISTILLERY PTY LTD'; ASIC status REGD; APTY/LMSH/PROP; registered 29/06/2015; state of registration n/a; ABN 0
capricorn-distilling-co,Capricorn Distilling Co,Australia,au-abr,47613763787,SALEYARDS DISTILLERY PTY. LTD.,self,abr-bulk-name,high,,https://data.gov.au/data/dataset/abn-bulk-extract,name jaccard 1.00 via business name 'CAPRICORN DISTILLING CO'; ABN ACT from 2016; Australian Private Company; main business location QLD 4220 (postcode agrees); ACN 613763787; GST ACT; ABR record updated 2024
capricorn-distilling-co,Capricorn Distilling Co,Australia,au-asic,613763787,SALEYARDS DISTILLERY PTY. LTD.,self,abr-acn-link,high,,https://data.gov.au/data/dataset/asic-companies,ACN from ABN 47613763787 (SALEYARDS DISTILLERY PTY. LTD.); ASIC status REGD; APTY/LMSH/PROP; registered 20/07/2016; state of registration n/a; ABN 47613763787
captain-bligh-s,Captain Bligh's,Australia,au-abr,41135157273,"(individual, sole trader ABN; trades as CAPTAIN BLIGHS)",self,abr-bulk-name,medium,,https://data.gov.au/data/dataset/abn-bulk-extract,name jaccard 1.00 via business name 'CAPTAIN BLIGHS'; ABN ACT from 2014; Individual/Sole Trader; main business location TAS 7000 (postcode agrees); ACN none; GST ACT; ABR record updated 2017
captain-bligh-s,Captain Bligh's,Australia,au-abr,17341387949,"(individual, sole trader ABN; trades as Captain Blighs)",self,abr-bulk-name,medium,,https://data.gov.au/data/dataset/abn-bulk-extract,name jaccard 1.00 via trading name 'Captain Blighs'; ABN CAN from 2022; Individual/Sole Trader; main business location TAS 7015 (state agrees); ACN none; GST CAN; ABR record updated 2022
casterton-distilling-co,Casterton Distilling Co.,Australia,au-abr,87621767485,The Trustee for The Casterton Distilling Unit Trust,self,abr-bulk-name,high,,https://data.gov.au/data/dataset/abn-bulk-extract,name jaccard 1.00 via entity name 'The Trustee for The Casterton Distilling Unit Trust'; ABN ACT from 2020; Fixed Unit Trust; main business location VIC 3360 (state agrees); ACN none; GST ACT; ABR record updated 2023
casterton-distilling-co,Casterton Distilling Co.,Australia,au-asic,643204684,CASTERTON DISTILLING CO. PTY LTD,self,asic-bulk-name,high,,https://data.gov.au/data/dataset/asic-companies,name jaccard 1.00 on 'CASTERTON DISTILLING CO. PTY LTD'; ASIC status REGD; APTY/LMSH/PROP; registered 04/08/2020; state of registration n/a; ABN 0
cauldron-distillery,Cauldron Distillery,Australia,au-abr,42638094998,CAULDRON DISTILLERY PTY LTD,self,abr-bulk-name,high,,https://data.gov.au/data/dataset/abn-bulk-extract,name jaccard 1.00 via entity name 'CAULDRON DISTILLERY PTY LTD'; ABN ACT from 2019; Australian Private Company; main business location QLD 4151 (state agrees); ACN 638094998; GST ACT; ABR record updated 2026
cauldron-distillery,Cauldron Distillery,Australia,au-asic,638094998,CAULDRON DISTILLERY PTY LTD,self,asic-bulk-name,high,,https://data.gov.au/data/dataset/asic-companies,name jaccard 1.00 on 'CAULDRON DISTILLERY PTY LTD'; ASIC status REGD; APTY/LMSH/PROP; registered 17/12/2019; state of registration n/a; ABN 42638094998
cedar-fox-distilling-co,Cedar Fox Distilling Co.,Australia,au-abr,11608583697,CEDAR FOX DISTILLING CO. PTY. LTD.,self,abr-bulk-name,high,,https://data.gov.au/data/dataset/abn-bulk-extract,name jaccard 1.00 via entity name 'CEDAR FOX DISTILLING CO. PTY. LTD.'; ABN ACT from 2015; Australian Private Company; main business location VIC 3058 (postcode agrees); ACN 608583697; GST ACT; ABR record updated 2017
cedar-fox-distilling-co,Cedar Fox Distilling Co.,Australia,au-asic,608583697,CEDAR FOX DISTILLING CO. PTY. LTD.,self,asic-bulk-name,high,,https://data.gov.au/data/dataset/asic-companies,name jaccard 1.00 on 'CEDAR FOX DISTILLING CO. PTY. LTD.'; ASIC status REGD; APTY/LMSH/PROP; registered 14/10/2015; state of registration n/a; ABN 11608583697
central-coast-distilling-co,Central Coast Distilling Co,Australia,au-abr,18649514590,CENTRAL COAST DISTILLERY PTY LTD,self,abr-bulk-name,high,,https://data.gov.au/data/dataset/abn-bulk-extract,name jaccard 1.00 via business name 'CENTRAL COAST DISTILLING CO'; ABN ACT from 2021; Australian Private Company; main business location NSW 2259 (state agrees); ACN 649514590; GST ACT; ABR record updated 2021
central-coast-distilling-co,Central Coast Distilling Co,Australia,au-asic,649514590,CENTRAL COAST DISTILLERY PTY LTD,self,abr-acn-link,high,,https://data.gov.au/data/dataset/asic-companies,ACN from ABN 18649514590 (CENTRAL COAST DISTILLERY PTY LTD); ASIC status REGD; APTY/LMSH/PROP; registered 28/05/2021; state of registration n/a; ABN 18649514590
central-coast-distilling-co,Central Coast Distilling Co,Australia,au-abr,63551819531,"(individual, sole trader ABN; trades as Central Coast Scoop)",self,abr-bulk-name,medium,,https://data.gov.au/data/dataset/abn-bulk-extract,name jaccard 1.00 via business name 'Central Coast Scoop'; ABN ACT from 2024; Individual/Sole Trader; main business location NSW 2262 (state agrees); ACN none; GST NON; ABR record updated 2025
central-coast-distilling-co,Central Coast Distilling Co,Australia,au-abr,58692446848,The Trustee for Central Coast Unit Trust,self,abr-bulk-name,medium,,https://data.gov.au/data/dataset/abn-bulk-extract,name jaccard 1.00 via entity name 'The Trustee for Central Coast Unit Trust'; ABN ACT from 2021; Fixed Unit Trust; main business location NSW 2089 (state agrees); ACN none; GST NON; ABR record updated 2021
central-coast-distilling-co,Central Coast Distilling Co,Australia,au-asic,000829470,CENTRAL COAST WINERY PTY LTD,self,asic-bulk-name,medium,,https://data.gov.au/data/dataset/asic-companies,name jaccard 1.00 on 'CENTRAL COAST WINERY PTY LTD' (state of registration agrees); ASIC status REGD; APTY/LMSH/PROP; registered 17/09/1970; state of registration NSW; ABN 65000829470
chief-s-son-distillery,Chief's Son Distillery,Australia,au-abr,16609042024,CHIEFS SON DISTILLERY PTY LTD,self,abr-bulk-name,high,,https://data.gov.au/data/dataset/abn-bulk-extract,name jaccard 1.00 via entity name 'CHIEFS SON DISTILLERY PTY LTD'; ABN ACT from 2015; Australian Private Company; main business location VIC 3912 (postcode agrees); ACN 609042024; GST ACT; ABR record updated 2020
chief-s-son-distillery,Chief's Son Distillery,Australia,au-asic,609042024,CHIEFS SON DISTILLERY PTY LTD,self,asic-bulk-name,high,,https://data.gov.au/data/dataset/asic-companies,name jaccard 1.00 on 'CHIEFS SON DISTILLERY PTY LTD'; ASIC status REGD; APTY/LMSH/PROP; registered 30/10/2015; state of registration n/a; ABN 16609042024
clare-valley-distillery,Clare Valley Distillery,Australia,au-abr,32620386647,CLARE VALLEY DISTILLERY PTY LIMITED,self,abr-bulk-name,high,,https://data.gov.au/data/dataset/abn-bulk-extract,name jaccard 1.00 via entity name 'CLARE VALLEY DISTILLERY PTY LIMITED'; ABN ACT from 2017; Australian Private Company; main business location SA 5453 (postcode agrees); ACN 620386647; GST ACT; ABR record updated 2025
clare-valley-distillery,Clare Valley Distillery,Australia,au-asic,620386647,CLARE VALLEY DISTILLERY PTY LIMITED,self,asic-bulk-name,high,,https://data.gov.au/data/dataset/asic-companies,name jaccard 1.00 on 'CLARE VALLEY DISTILLERY PTY LIMITED'; ASIC status REGD; APTY/LMSH/PROP; registered 11/07/2017; state of registration n/a; ABN 32620386647
clare-valley-distillery,Clare Valley Distillery,Australia,au-abr,67153101752,Clare Valley Brewing Company Pty Ltd,self,abr-bulk-name,medium,,https://data.gov.au/data/dataset/abn-bulk-extract,"name jaccard 1.00 via entity name 'Clare Valley Brewing Company Pty Ltd' (category word differs, no distilling word on this ABN); ABN ACT from 2011; Australian Private Company; main business location SA 5453 (postcode agrees); ACN 153101752; GST ACT; ABR record updated 2011"
clare-valley-distillery,Clare Valley Distillery,Australia,au-abr,25097320520,TRAVELWILD AUSTRALIA PTY LTD,self,abr-bulk-name,medium,,https://data.gov.au/data/dataset/abn-bulk-extract,"name jaccard 1.00 via business name 'Clare Valley Wine Tours' (category word differs, no distilling word on this ABN); ABN ACT from 2001; Australian Private Company; main business location SA 5453 (postcode agrees); ACN 097320520; GST ACT; ABR record updated 2025"
clare-valley-distillery,Clare Valley Distillery,Australia,au-asic,153101752,CLARE VALLEY BREWING COMPANY PTY LTD,self,asic-bulk-name,medium,,https://data.gov.au/data/dataset/asic-companies,name jaccard 1.00 on 'CLARE VALLEY BREWING COMPANY PTY LTD'; ASIC status REGD; APTY/LMSH/PROP; registered 07/09/2011; state of registration n/a; ABN 67153101752
clare-valley-distillery,Clare Valley Distillery,Australia,au-asic,097320520,TRAVELWILD AUSTRALIA PTY LTD,self,abr-acn-link,medium,,https://data.gov.au/data/dataset/asic-companies,ACN from ABN 25097320520 (TRAVELWILD AUSTRALIA PTY LTD); ASIC status REGD; APTY/LMSH/PROP; registered 29/06/2001; state of registration n/a; ABN 25097320520
coffin-rock-distillery,Coffin Rock Distillery,Australia,au-abr,43529909562,"(individual, sole trader ABN; trades as Coffin Rock Distillery)",self,abr-bulk-name,medium,,https://data.gov.au/data/dataset/abn-bulk-extract,name jaccard 1.00 via business name 'Coffin Rock Distillery'; ABN ACT from 2023; Individual/Sole Trader; main business location WA 6302 (postcode agrees); ACN none; GST NON; ABR record updated 2023
comiskey-distillery,Comiskey Distillery,Australia,au-abr,74829989429,THE TRUSTEE FOR NEWPUB FAMILY HOLDINGS TRUST,self,abr-bulk-name,high,,https://data.gov.au/data/dataset/abn-bulk-extract,name jaccard 1.00 via business name 'COMISKEY DISTILLERY'; ABN ACT from 2007; Discretionary Trading Trust; main business location QLD 4500 (state agrees); ACN none; GST ACT; ABR record updated 2026
corowa-distilling-co,Corowa Distilling Co.,Australia,au-abr,95163141455,COROWA DISTILLING CO PTY LTD,self,abr-bulk-name,high,,https://data.gov.au/data/dataset/abn-bulk-extract,name jaccard 1.00 via entity name 'COROWA DISTILLING CO PTY LTD'; ABN ACT from 2013; Australian Private Company; main business location NSW 2646 (postcode agrees); ACN 163141455; GST ACT; ABR record updated 2013
corowa-distilling-co,Corowa Distilling Co.,Australia,au-asic,163141455,COROWA DISTILLING CO PTY LTD,self,asic-bulk-name,high,,https://data.gov.au/data/dataset/asic-companies,name jaccard 1.00 on 'COROWA DISTILLING CO PTY LTD'; ASIC status REGD; APTY/LMSH/PROP; registered 04/04/2013; state of registration n/a; ABN 95163141455
corowa-distilling-co,Corowa Distilling Co.,Australia,au-abr,40614455426,COROWA GROUP PTY LTD,self,abr-bulk-name,medium,,https://data.gov.au/data/dataset/abn-bulk-extract,name jaccard 1.00 via entity name 'COROWA GROUP PTY LTD'; ABN ACT from 2016; Australian Private Company; main business location NSW 2646 (postcode agrees); ACN 614455426; GST ACT; ABR record updated 2023
corowa-distilling-co,Corowa Distilling Co.,Australia,au-asic,614455426,COROWA GROUP PTY LTD,self,abr-acn-link,medium,,https://data.gov.au/data/dataset/asic-companies,ACN from ABN 40614455426 (COROWA GROUP PTY LTD); ASIC status REGD; APTY/LMSH/PROP; registered 25/08/2016; state of registration n/a; ABN 40614455426
creative-spirits-distilling-glenrowan,Creative Spirits Distilling Glenrowan,Australia,au-abr,22676470161,CREATIVE SPIRITS DISTILLING PTY LTD,self,lcv-licensee+abr-bulk,low,,https://data.gov.au/data/dataset/abn-bulk-extract,"licensee of LCV producer's licence 32812136 ('CREATIVE SPIRITS DISTILLING', GLENROWAN), name jaccard 0.50; name jaccard 1.00 via licensee legal name; ABN ACT from 2024; Australian Private Company; main business location VIC 3677 (state agrees); ACN 676470161; GST ACT; ABR record updated 2024"
creative-spirits-distilling-glenrowan,Creative Spirits Distilling Glenrowan,Australia,au-asic,676470161,CREATIVE SPIRITS DISTILLING PTY LTD,self,lcv-licensee+abr-acn-link,low,,https://data.gov.au/data/dataset/asic-companies,ACN from ABN 22676470161 (CREATIVE SPIRITS DISTILLING PTY LTD); ASIC status REGD; APTY/LMSH/PROP; registered 10/04/2024; state of registration n/a; ABN 22676470161
critters-distillery,Critters Distillery,Australia,au-abr,98625442953,CRITTERS DISTILLERY PTY LTD,self,abr-bulk-name,high,,https://data.gov.au/data/dataset/abn-bulk-extract,name jaccard 1.00 via entity name 'CRITTERS DISTILLERY PTY LTD'; ABN ACT from 2018; Australian Private Company; main business location NSW 2456 (postcode agrees); ACN 625442953; GST ACT; ABR record updated 2018
critters-distillery,Critters Distillery,Australia,au-asic,625442953,CRITTERS DISTILLERY PTY LTD,self,asic-bulk-name,high,,https://data.gov.au/data/dataset/asic-companies,name jaccard 1.00 on 'CRITTERS DISTILLERY PTY LTD'; ASIC status REGD; APTY/LMSH/PROP; registered 08/04/2018; state of registration n/a; ABN 98625442953
cuprum-distillery,Cuprum Distillery,Australia,au-abr,88178840347,The Trustee for Cuprum Unit Trust,self,abr-bulk-name,medium,,https://data.gov.au/data/dataset/abn-bulk-extract,name jaccard 1.00 via entity name 'The Trustee for Cuprum Unit Trust'; ABN ACT from 2018; Hybrid Trust; main business location WA 6230 (postcode agrees); ACN none; GST ACT; ABR record updated 2020
cut-snake-distillery,Cut Snake Distillery,Australia,au-abr,12648476591,CUT SNAKE DISTILLERY PTY LTD,self,abr-bulk-name,high,,https://data.gov.au/data/dataset/abn-bulk-extract,name jaccard 1.00 via entity name 'CUT SNAKE DISTILLERY PTY LTD'; ABN ACT from 2021; Australian Private Company; main business location NSW 2483 (postcode agrees); ACN 648476591; GST ACT; ABR record updated 2021
cut-snake-distillery,Cut Snake Distillery,Australia,au-asic,648476591,CUT SNAKE DISTILLERY PTY LTD,self,asic-bulk-name,high,,https://data.gov.au/data/dataset/asic-companies,name jaccard 1.00 on 'CUT SNAKE DISTILLERY PTY LTD'; ASIC status REGD; APTY/LMSH/PROP; registered 05/03/2021; state of registration n/a; ABN 12648476591
dacelo-distilling,Dacelo Distilling,Australia,au-abr,20662421490,DACELO DISTILLING PTY LTD,self,abr-bulk-name,high,,https://data.gov.au/data/dataset/abn-bulk-extract,name jaccard 1.00 via entity name 'DACELO DISTILLING PTY LTD'; ABN ACT from 2022; Australian Private Company; main business location QLD 4573 (postcode agrees); ACN 662421490; GST ACT; ABR record updated 2023
dacelo-distilling,Dacelo Distilling,Australia,au-asic,662421490,DACELO DISTILLING PTY LTD,self,asic-bulk-name,high,,https://data.gov.au/data/dataset/asic-companies,name jaccard 1.00 on 'DACELO DISTILLING PTY LTD'; ASIC status REGD; APTY/LMSH/PROP; registered 13/09/2022; state of registration n/a; ABN 20662421490
damaged-goods-distilling-co,Damaged Goods Distilling Co.,Australia,au-abr,79660933844,DAMAGED GOODS DISTILLING CO PTY LTD,self,abr-bulk-name,high,,https://data.gov.au/data/dataset/abn-bulk-extract,name jaccard 1.00 via entity name 'DAMAGED GOODS DISTILLING CO PTY LTD'; ABN ACT from 2022; Australian Private Company; main business location WA 6076 (state agrees); ACN 660933844; GST ACT; ABR record updated 2022
damaged-goods-distilling-co,Damaged Goods Distilling Co.,Australia,au-asic,660933844,DAMAGED GOODS DISTILLING CO PTY LTD,self,asic-bulk-name,high,,https://data.gov.au/data/dataset/asic-companies,name jaccard 1.00 on 'DAMAGED GOODS DISTILLING CO PTY LTD'; ASIC status REGD; APTY/LMSH/PROP; registered 12/07/2022; state of registration n/a; ABN 79660933844
damaged-goods-distilling-co,Damaged Goods Distilling Co.,Australia,au-abr,39611325565,DAMAGED GOODS PTY LTD,self,abr-bulk-name,medium,,https://data.gov.au/data/dataset/abn-bulk-extract,name jaccard 1.00 via entity name 'DAMAGED GOODS PTY LTD'; ABN CAN from 2020; Australian Private Company; main business location WA 6155 (state agrees); ACN 611325565; GST NON; ABR record updated 2020
danny-boy-distillery,Danny Boy Distillery,Australia,au-abr,52670588502,DANNY BOY PTY LTD,self,abr-bulk-name,high,,https://data.gov.au/data/dataset/abn-bulk-extract,name jaccard 1.00 via entity name 'DANNY BOY PTY LTD'; ABN ACT from 2023; Australian Private Company; main business location VIC 3216 (postcode agrees); ACN 670588502; GST ACT; ABR record updated 2023
danny-boy-distillery,Danny Boy Distillery,Australia,au-asic,670588502,DANNY BOY PTY LTD,self,abr-acn-link,high,,https://data.gov.au/data/dataset/asic-companies,ACN from ABN 52670588502 (DANNY BOY PTY LTD); ASIC status REGD; APTY/LMSH/PROP; registered 17/08/2023; state of registration n/a; ABN 52670588502
danny-boy-distillery,Danny Boy Distillery,Australia,au-abr,56540098103,"(individual, sole trader ABN; trades as Danny Boy Distillery)",self,abr-bulk-name,medium,,https://data.gov.au/data/dataset/abn-bulk-extract,name jaccard 1.00 via business name 'Danny Boy Distillery'; ABN ACT from 2020; Individual/Sole Trader; main business location VIC 3216 (postcode agrees); ACN none; GST ACT; ABR record updated 2026
danny-boy-distillery,Danny Boy Distillery,Australia,au-abr,54637017666,DANNY BOY HAIRDRESSING PTY LTD,self,abr-bulk-name,medium,,https://data.gov.au/data/dataset/abn-bulk-extract,name jaccard 0.67 via entity name 'DANNY BOY HAIRDRESSING PTY LTD'; ABN ACT from 2019; Australian Private Company; main business location VIC 3216 (postcode agrees); ACN 637017666; GST ACT; ABR record updated 2020
danny-boy-distillery,Danny Boy Distillery,Australia,au-asic,637017666,DANNY BOY HAIRDRESSING PTY LTD,self,abr-acn-link,medium,,https://data.gov.au/data/dataset/asic-companies,ACN from ABN 54637017666 (DANNY BOY HAIRDRESSING PTY LTD); ASIC status REGD; APTY/LMSH/PROP; registered 24/10/2019; state of registration n/a; ABN 54637017666
darby-norris-distillery,Darby-Norris Distillery,Australia,au-abr,95965956734,"(partnership of individuals, Family Partnership; trades as Darby-Norris Distillery)",self,abr-bulk-name,medium,,https://data.gov.au/data/dataset/abn-bulk-extract,name jaccard 1.00 via business name 'Darby-Norris Distillery'; ABN ACT from 2017; Family Partnership; main business location TAS 7260 (postcode agrees); ACN none; GST ACT; ABR record updated 2024
darling-distillery,Darling Distillery,Australia,au-abr,86641416024,CLIFTON STILL PTY LTD,self,abr-bulk-name,medium,,https://data.gov.au/data/dataset/abn-bulk-extract,ambiguous: 2 companies match equally; name jaccard 1.00 via business name 'Darling Distillery'; ABN ACT from 2020; Australian Private Company; main business location VIC 3068 (postcode agrees); ACN 641416024; GST ACT; ABR record updated 2020
darling-distillery,Darling Distillery,Australia,au-abr,94050134284,DARLING ESTATE WINES PTY. LTD.,self,lcv-licensee+abr-bulk,medium,,https://data.gov.au/data/dataset/abn-bulk-extract,"ambiguous: 2 companies match equally; licensee of LCV producer's licence 32801169 ('DARLING ESTATE WINES PTY LTD', WHITFIELD), name jaccard 1.00; name jaccard 1.00 via licensee legal name; ABN ACT from 2000; Australian Private Company; main business location VIC 3678 (state agrees); ACN 050134284; GST CAN; ABR record updated 2015"
darling-distillery,Darling Distillery,Australia,au-asic,641416024,CLIFTON STILL PTY LTD,self,abr-acn-link,medium,,https://data.gov.au/data/dataset/asic-companies,ambiguous: 2 companies match equally; ACN from ABN 86641416024 (CLIFTON STILL PTY LTD); ASIC status REGD; APTY/LMSH/PROP; registered 02/06/2020; state of registration n/a; ABN 86641416024
darling-distillery,Darling Distillery,Australia,au-asic,697737509,DARLING DRINKS PTY LTD,self,asic-bulk-name,medium,,https://data.gov.au/data/dataset/asic-companies,name jaccard 1.00 on 'DARLING DRINKS PTY LTD'; ASIC status REGD; APTY/LMSH/PROP; registered 04/05/2026; state of registration n/a; ABN 0
darling-distillery,Darling Distillery,Australia,au-asic,050134284,DARLING ESTATE WINES PTY. LTD.,self,lcv-licensee+abr-acn-link,medium,,https://data.gov.au/data/dataset/asic-companies,ambiguous: 2 companies match equally; ACN from ABN 94050134284 (DARLING ESTATE WINES PTY. LTD.); ASIC status REGD; APTY/LMSH/PROP; registered 26/09/1990; state of registration VIC; ABN 94050134284
darwin-distilling-co,Darwin Distilling Co,Australia,au-abr,17136524537,TNP Holdings Pty. Ltd.,self,abr-bulk-name,high,,https://data.gov.au/data/dataset/abn-bulk-extract,name jaccard 1.00 via business name 'Darwin Distilling Co'; ABN ACT from 2009; Australian Private Company; main business location NT 0800 (postcode agrees); ACN 136524537; GST ACT; ABR record updated 2025
darwin-distilling-co,Darwin Distilling Co,Australia,au-abr,52695473333,SL DARWIN PTY LTD,self,abr-bulk-name,medium,,https://data.gov.au/data/dataset/abn-bulk-extract,name jaccard 1.00 via entity name 'SL DARWIN PTY LTD'; ABN ACT from 2026; Australian Private Company; main business location NT 0800 (postcode agrees); ACN 695473333; GST ACT; ABR record updated 2026
darwin-distilling-co,Darwin Distilling Co,Australia,au-abr,33064437412,SL NOMINEES (DARWIN) PTY LIMITED,self,abr-bulk-name,medium,,https://data.gov.au/data/dataset/abn-bulk-extract,name jaccard 1.00 via entity name 'SL NOMINEES (DARWIN) PTY LIMITED'; ABN ACT from 1999; Australian Private Company; main business location NT 0800 (postcode agrees); ACN 064437412; GST ACT; ABR record updated 2014
darwin-distilling-co,Darwin Distilling Co,Australia,au-asic,629045665,DARWIN CRAFT GIN PTY LTD,self,asic-bulk-name,medium,,https://data.gov.au/data/dataset/asic-companies,name jaccard 1.00 on 'DARWIN CRAFT GIN PTY LTD'; ASIC status REGD; APTY/LMSH/PROP; registered 26/09/2018; state of registration n/a; ABN 0
darwin-distilling-co,Darwin Distilling Co,Australia,au-asic,660255354,DARWIN DISTILLING PTY LTD,self,asic-bulk-name,medium,,https://data.gov.au/data/dataset/asic-companies,ambiguous: 2 companies match equally; name jaccard 1.00 on 'DARWIN DISTILLING PTY LTD'; ASIC status REGD; APTY/LMSH/PROP; registered 17/06/2022; state of registration n/a; ABN 63660255354
darwin-distilling-co,Darwin Distilling Co,Australia,au-asic,695473333,SL DARWIN PTY LTD,self,abr-acn-link,medium,,https://data.gov.au/data/dataset/asic-companies,ACN from ABN 52695473333 (SL DARWIN PTY LTD); ASIC status REGD; APTY/LMSH/PROP; registered 19/02/2026; state of registration n/a; ABN 52695473333
darwin-distilling-co,Darwin Distilling Co,Australia,au-asic,064437412,SL NOMINEES (DARWIN) PTY LIMITED,self,abr-acn-link,medium,,https://data.gov.au/data/dataset/asic-companies,ACN from ABN 33064437412 (SL NOMINEES (DARWIN) PTY LIMITED); ASIC status REGD; APTY/LMSH/PROP; registered 26/04/1994; state of registration n/a; ABN 33064437412
darwin-distilling-co,Darwin Distilling Co,Australia,au-asic,136524537,TNP HOLDINGS PTY. LTD.,self,abr-acn-link,medium,,https://data.gov.au/data/dataset/asic-companies,ambiguous: 2 companies match equally; ACN from ABN 17136524537 (TNP Holdings Pty. Ltd.); ASIC status REGD; APTY/LMSH/PROP; registered 08/04/2009; state of registration n/a; ABN 17136524537
defiance-distillery,Defiance Distillery,Australia,au-abr,26233630855,"(individual, sole trader ABN; trades as Defiance Distillery)",self,abr-bulk-name,medium,,https://data.gov.au/data/dataset/abn-bulk-extract,name jaccard 1.00 via business name 'Defiance Distillery'; ABN ACT from 2026; Individual/Sole Trader; main business location VIC 3810; ACN none; GST NON; ABR record updated 2026
defiance-distillery,Defiance Distillery,Australia,au-asic,086950389,LGF1 PTY LTD,self,asic-bulk-name,medium,,https://data.gov.au/data/dataset/asic-companies,"name jaccard 1.00 on 'DEFIANCE SPIRITS PTY. LTD.'; ASIC status REGD; APTY/LMSH/PROP; registered 30/03/1999; state of registration n/a; ABN 63086950389; FORMER name, current name LGF1 PTY LTD"
depot-brewery,Depot Brewery,Australia,au-abr,96676556844,DEPOT BREWING PTY LTD,self,abr-bulk-name,low,,https://data.gov.au/data/dataset/abn-bulk-extract,name jaccard 1.00 via entity name 'DEPOT BREWING PTY LTD'; ABN ACT from 2024; Australian Private Company; main business location NSW 2064 (state agrees); ACN 676556844; GST ACT; ABR record updated 2024
depot-brewery,Depot Brewery,Australia,au-abr,28152271791,MAHER GROUP ACCOUNTING PTY LTD,self,abr-bulk-name,low,,https://data.gov.au/data/dataset/abn-bulk-extract,name jaccard 1.00 via business name 'Depot Brewery'; ABN ACT from 2011; Australian Private Company; main business location NSW 2229 (state agrees); ACN 152271791; GST ACT; ABR record updated 2026
depot-brewery,Depot Brewery,Australia,au-abr,61627925400,WINE DEPOT HOLDINGS PTY LTD,self,abr-bulk-name,low,,https://data.gov.au/data/dataset/abn-bulk-extract,name jaccard 1.00 via entity name 'WINE DEPOT HOLDINGS PTY LTD'; ABN ACT from 2018; Australian Private Company; main business location NSW 2038 (state agrees); ACN 627925400; GST ACT; ABR record updated 2023
depot-brewery,Depot Brewery,Australia,au-asic,676556844,DEPOT BREWING PTY LTD,self,abr-acn-link,low,,https://data.gov.au/data/dataset/asic-companies,ACN from ABN 96676556844 (DEPOT BREWING PTY LTD); ASIC status REGD; APTY/LMSH/PROP; registered 12/04/2024; state of registration n/a; ABN 96676556844
depot-brewery,Depot Brewery,Australia,au-asic,152271791,MAHER GROUP ACCOUNTING PTY LTD,self,abr-acn-link,low,,https://data.gov.au/data/dataset/asic-companies,ACN from ABN 28152271791 (MAHER GROUP ACCOUNTING PTY LTD); ASIC status REGD; APTY/LMSH/PROP; registered 25/07/2011; state of registration n/a; ABN 28152271791
depot-brewery,Depot Brewery,Australia,au-asic,627925400,WINE DEPOT HOLDINGS PTY LTD,self,abr-acn-link,low,,https://data.gov.au/data/dataset/asic-companies,ACN from ABN 61627925400 (WINE DEPOT HOLDINGS PTY LTD); ASIC status EXAD; APTY/LMSH/PROP; registered 02/08/2018; state of registration n/a; ABN 61627925400
dequetteville-distillery,deQuetteville Distillery,Australia,au-abr,79618005815,CLIFTON ESTATE GROUP PTY LTD,self,abr-bulk-name,high,,https://data.gov.au/data/dataset/abn-bulk-extract,name jaccard 1.00 via business name 'deQuetteville Distillery'; ABN ACT from 2017; Australian Private Company; main business location TAS 7109 (postcode agrees); ACN 618005815; GST ACT; ABR record updated 2026
dequetteville-distillery,deQuetteville Distillery,Australia,au-asic,618005815,CLIFTON ESTATE GROUP PTY LTD,self,abr-acn-link,high,,https://data.gov.au/data/dataset/asic-companies,ACN from ABN 79618005815 (CLIFTON ESTATE GROUP PTY LTD); ASIC status REGD; APTY/LMSH/PROP; registered 16/03/2017; state of registration n/a; ABN 79618005815
derwent-distillery,Derwent Distillery,Australia,au-abr,33491665934,The Trustee for Gilligan Trust,self,abr-bulk-name,high,,https://data.gov.au/data/dataset/abn-bulk-extract,name jaccard 1.00 via business name 'Derwent Distillery'; ABN ACT from 2017; Discretionary Trading Trust; main business location TAS 7009 (state agrees); ACN none; GST ACT; ABR record updated 2018
devils-thumb-distillery,Devils Thumb Distillery,Australia,au-abr,14625825738,DEVIL'S THUMB DISTILLERY PTY LTD,self,abr-bulk-name,high,,https://data.gov.au/data/dataset/abn-bulk-extract,name jaccard 1.00 via entity name 'DEVIL'S THUMB DISTILLERY PTY LTD'; ABN ACT from 2020; Australian Private Company; main business location QLD 4877 (postcode agrees); ACN 625825738; GST ACT; ABR record updated 2020
devils-thumb-distillery,Devils Thumb Distillery,Australia,au-asic,625825738,DEVIL'S THUMB DISTILLERY PTY LTD,self,asic-bulk-name,high,,https://data.gov.au/data/dataset/asic-companies,name jaccard 1.00 on 'DEVIL'S THUMB DISTILLERY PTY LTD'; ASIC status REGD; APTY/LMSH/PROP; registered 27/04/2018; state of registration n/a; ABN 14625825738
distillery-botanica,Distillery Botanica,Australia,au-abr,56057051546,DISTILLERY BOTANICA PTY LTD,self,abr-bulk-name,high,,https://data.gov.au/data/dataset/abn-bulk-extract,name jaccard 1.00 via entity name 'DISTILLERY BOTANICA PTY LTD'; ABN ACT from 2000; Australian Private Company; main business location NSW 2250 (postcode agrees); ACN 057051546; GST ACT; ABR record updated 2020
distillery-botanica,Distillery Botanica,Australia,au-asic,057051546,DISTILLERY BOTANICA PTY LTD,self,asic-bulk-name,high,,https://data.gov.au/data/dataset/asic-companies,name jaccard 1.00 on 'DISTILLERY BOTANICA PTY LTD'; ASIC status REGD; APTY/LMSH/PROP; registered 10/08/1992; state of registration n/a; ABN 56057051546
distillery-botanica,Distillery Botanica,Australia,au-abr,37612634527,DISTILLERY BOTANICA GIN COMPANY PTY LTD,self,abr-bulk-name,medium,,https://data.gov.au/data/dataset/abn-bulk-extract,name jaccard 1.00 via entity name 'DISTILLERY BOTANICA GIN COMPANY PTY LTD'; ABN CAN from 2019; Australian Private Company; main business location NSW 2250 (postcode agrees); ACN 612634527; GST CAN; ABR record updated 2019
distillery-botanica,Distillery Botanica,Australia,au-abr,68661100563,J.C.E. HOSPITALITY PTY LTD,self,abr-bulk-name,medium,,https://data.gov.au/data/dataset/abn-bulk-extract,name jaccard 1.00 via business name 'Bar Botanica'; ABN ACT from 2022; Australian Private Company; main business location NSW 2250 (postcode agrees); ACN 661100563; GST ACT; ABR record updated 2022
distillery-botanica,Distillery Botanica,Australia,au-asic,661100563,J.C.E. HOSPITALITY PTY LTD,self,abr-acn-link,medium,,https://data.gov.au/data/dataset/asic-companies,ACN from ABN 68661100563 (J.C.E. HOSPITALITY PTY LTD); ASIC status REGD; APTY/LMSH/PROP; registered 20/07/2022; state of registration n/a; ABN 68661100563
dobson-s-distillery,Dobson's Distillery,Australia,au-abr,44059595891,"(partnership of individuals, Family Partnership; trades as Dobson)",self,abr-bulk-name,medium,,https://data.gov.au/data/dataset/abn-bulk-extract,name jaccard 1.00 via business name 'Dobson's Distillery'; ABN ACT from 2007; Family Partnership; main business location NSW 2354 (postcode agrees); ACN none; GST ACT; ABR record updated 2015
down-south-distillery,Down South Distillery,Australia,au-asic,638055286,DOWN SOUTH DISTILLERY PTY LTD,self,asic-bulk-name,high,,https://data.gov.au/data/dataset/asic-companies,name jaccard 1.00 on 'DOWN SOUTH DISTILLERY PTY LTD'; ASIC status REGD; APTY/LMSH/PROP; registered 14/12/2019; state of registration n/a; ABN 55638055286
down-south-distillery,Down South Distillery,Australia,au-abr,55638055286,DOWN SOUTH DISTILLERY PTY LTD,self,abr-bulk-name,medium,,https://data.gov.au/data/dataset/abn-bulk-extract,ambiguous: 2 companies match equally; name jaccard 1.00 via entity name 'DOWN SOUTH DISTILLERY PTY LTD'; ABN ACT from 2019; Australian Private Company; main business location SA 5172 (state agrees); ACN 638055286; GST ACT; ABR record updated 2020
down-south-distillery,Down South Distillery,Australia,au-abr,11450229022,The Trustee for DOWN SOUTH DISTILLERY,self,abr-bulk-name,medium,,https://data.gov.au/data/dataset/abn-bulk-extract,ambiguous: 2 companies match equally; name jaccard 1.00 via entity name 'The Trustee for DOWN SOUTH DISTILLERY'; ABN ACT from 2019; Discretionary Trading Trust; main business location SA 5172 (state agrees); ACN none; GST ACT; ABR record updated 2026
drifters-end-distilling-company,Drifters End Distilling Company,Australia,au-abr,46644444968,DRIFTER'S END DISTILLING COMPANY PTY LTD,self,abr-bulk-name,high,,https://data.gov.au/data/dataset/abn-bulk-extract,name jaccard 1.00 via entity name 'DRIFTER'S END DISTILLING COMPANY PTY LTD'; ABN ACT from 2020; Australian Private Company; main business location TAS 7170 (postcode agrees); ACN 644444968; GST ACT; ABR record updated 2021
drifters-end-distilling-company,Drifters End Distilling Company,Australia,au-asic,644444968,DRIFTER'S END DISTILLING COMPANY PTY LTD,self,asic-bulk-name,high,,https://data.gov.au/data/dataset/asic-companies,name jaccard 1.00 on 'DRIFTER'S END DISTILLING COMPANY PTY LTD'; ASIC status REGD; APTY/LMSH/PROP; registered 18/09/2020; state of registration n/a; ABN 46644444968
dukes-distillery,Dukes Distillery,Australia,au-abr,48620485912,2 BROTHERS HOLDINGS PTY LTD,self,abr-bulk-name,low,,https://data.gov.au/data/dataset/abn-bulk-extract,name jaccard 1.00 via business name 'DUKES DISTILLERY'; ABN ACT from 2017; Australian Private Company; main business location VIC 3039 (state agrees); ACN 620485912; GST ACT; ABR record updated 2025
dukes-distillery,Dukes Distillery,Australia,au-abr,98120526990,Dukes of Wine Pty Ltd,self,abr-bulk-name,low,,https://data.gov.au/data/dataset/abn-bulk-extract,"name jaccard 1.00 via entity name 'Dukes of Wine Pty Ltd' (category word differs, no distilling word on this ABN); ABN CAN from 2009; Australian Private Company; main business location VIC 3067 (state agrees); ACN 120526990; GST CAN; ABR record updated 2012"
dukes-distillery,Dukes Distillery,Australia,au-asic,620485912,2 BROTHERS HOLDINGS PTY LTD,self,abr-acn-link,low,,https://data.gov.au/data/dataset/asic-companies,ACN from ABN 48620485912 (2 BROTHERS HOLDINGS PTY LTD); ASIC status REGD; APTY/LMSH/PROP; registered 17/07/2017; state of registration n/a; ABN 48620485912
dunalley-bay-distillery-eat-and-drinks,Dunalley Bay Distillery - Eat and Drinks,Australia,au-abr,35983274669,"(individual, sole trader ABN; trades as DUNALLEY BAY DISTILLERY)",self,abr-bulk-name,low,,https://data.gov.au/data/dataset/abn-bulk-extract,name jaccard 0.67 via business name 'DUNALLEY BAY DISTILLERY'; ABN ACT from 2017; Individual/Sole Trader; main business location TAS 7178 (state agrees); ACN none; GST ACT; ABR record updated 2024
dunalley-bay-distillery-eat-and-drinks,Dunalley Bay Distillery - Eat and Drinks,Australia,au-abr,62681460793,DUNALLEY BAY DISTILLERY PTY LTD,self,abr-bulk-name,medium,,https://data.gov.au/data/dataset/abn-bulk-extract,name jaccard 0.67 via entity name 'DUNALLEY BAY DISTILLERY PTY LTD'; ABN ACT from 2024; Australian Private Company; main business location TAS 7177 (postcode agrees); ACN 681460793; GST ACT; ABR record updated 2024
dunalley-bay-distillery-eat-and-drinks,Dunalley Bay Distillery - Eat and Drinks,Australia,au-asic,681460793,DUNALLEY BAY DISTILLERY PTY LTD,self,abr-acn-link,medium,,https://data.gov.au/data/dataset/asic-companies,ACN from ABN 62681460793 (DUNALLEY BAY DISTILLERY PTY LTD); ASIC status REGD; APTY/LMSH/PROP; registered 11/10/2024; state of registration n/a; ABN 62681460793
durras-distillery,Durras Distillery,Australia,au-abr,93291151314,"(individual, sole trader ABN; trades as DURRAS DISTILLERY)",self,abr-bulk-name,medium,,https://data.gov.au/data/dataset/abn-bulk-extract,name jaccard 1.00 via business name 'DURRAS DISTILLERY'; ABN ACT from 2023; Individual/Sole Trader; main business location NSW 2536 (postcode agrees); ACN none; GST ACT; ABR record updated 2023
dusty-barrel-distillery,Dusty Barrel Distillery,Australia,au-asic,618869588,DUSTY BARREL DISTILLERY PTY LTD,self,asic-bulk-name,high,,https://data.gov.au/data/dataset/asic-companies,name jaccard 1.00 on 'DUSTY BARREL DISTILLERY PTY LTD'; ASIC status REGD; APTY/LMSH/PROP; registered 03/05/2017; state of registration n/a; ABN 0
dutch-rules-distilling-co,Dutch Rules Distilling Co.,Australia,au-abr,40647308227,SILK ROAD DISTILLING COMPANY PTY LTD,operator,lcv-licensee+abr-bulk,high,,https://data.gov.au/data/dataset/abn-bulk-extract,"licensee of LCV producer's licence 32811106 ('DUTCH RULES DISTILLING CO', MITCHAM), name jaccard 1.00; name jaccard 1.00 via licensee legal name; ABN ACT from 2021; Australian Private Company; main business location VIC 3149 (state agrees); ACN 647308227; GST ACT; ABR record updated 2026"
dutch-rules-distilling-co,Dutch Rules Distilling Co.,Australia,au-asic,647308227,SILK ROAD DISTILLING COMPANY PTY LTD,operator,lcv-licensee+abr-acn-link,high,,https://data.gov.au/data/dataset/asic-companies,ACN from ABN 40647308227 (SILK ROAD DISTILLING COMPANY PTY LTD); ASIC status REGD; APTY/LMSH/PROP; registered 20/01/2021; state of registration n/a; ABN 40647308227
earp-bros-distillery,Earp Bros Distillery,Australia,au-abr,91000343117,EARP BROTHERS HARDWARE PTY. LIMITED,self,abr-bulk-name,high,,https://data.gov.au/data/dataset/abn-bulk-extract,name jaccard 1.00 via business name 'EARP BROS'; ABN ACT from 2000; Australian Private Company; main business location NSW 2294 (postcode agrees); ACN 000343117; GST ACT; ABR record updated 2023
earp-bros-distillery,Earp Bros Distillery,Australia,au-asic,000343117,EARP BROTHERS HARDWARE PTY. LIMITED,self,abr-acn-link,high,,https://data.gov.au/data/dataset/asic-companies,ACN from ABN 91000343117 (EARP BROTHERS HARDWARE PTY. LIMITED); ASIC status REGD; APTY/LMSH/PROP; registered 08/11/1960; state of registration NSW; ABN 91000343117
east-gippsland-distillery,East Gippsland Distillery,Australia,au-abr,17582839716,"(individual, sole trader ABN; trades as EAST GIPPSLAND DISTILLERY)",self,abr-bulk-name,medium,,https://data.gov.au/data/dataset/abn-bulk-extract,name jaccard 1.00 via business name 'EAST GIPPSLAND DISTILLERY'; ABN ACT from 2018; Individual/Sole Trader; main business location VIC 3903 (postcode agrees); ACN none; GST ACT; ABR record updated 2025
east-gippsland-distillery,East Gippsland Distillery,Australia,au-abr,41265791708,"(partnership of individuals, Family Partnership; trades as Gippsland Distillery)",self,abr-bulk-name,medium,,https://data.gov.au/data/dataset/abn-bulk-extract,name jaccard 1.00 via business name 'Gippsland Distillery'; ABN ACT from 2020; Family Partnership; main business location VIC 3844 (state agrees); ACN none; GST NON; ABR record updated 2022
east-gippsland-distillery,East Gippsland Distillery,Australia,au-abr,83690987378,EAST GIPPSLAND DISTILLERY PTY LTD,self,abr-bulk-name,medium,,https://data.gov.au/data/dataset/abn-bulk-extract,ambiguous: 2 companies match equally; name jaccard 1.00 via entity name 'EAST GIPPSLAND DISTILLERY PTY LTD'; ABN ACT from 2025; Australian Private Company; main business location VIC 3903 (postcode agrees); ACN 690987378; GST ACT; ABR record updated 2025
east-gippsland-distillery,East Gippsland Distillery,Australia,au-abr,33099837760,GIPPSLAND WINE COMPANY PTY LTD,self,lcv-licensee+abr-bulk,medium,,https://data.gov.au/data/dataset/abn-bulk-extract,"licensee of LCV producer's licence 32806355 ('GIPPSLAND WINE COMPANY', LOCH), name jaccard 1.00; name jaccard 1.00 via licensee legal name; ABN CAN from 2014; Australian Private Company; main business location VIC 3981 (state agrees); ACN 099837760; GST CAN; ABR record updated 2014"
east-gippsland-distillery,East Gippsland Distillery,Australia,au-abr,80166224264,GIPPSLAND WINE COMPANY PTY. LTD.,self,lcv-licensee+abr-bulk,medium,,https://data.gov.au/data/dataset/abn-bulk-extract,"ambiguous: 2 companies match equally; licensee of LCV producer's licence 32806355 ('GIPPSLAND WINE COMPANY', LOCH), name jaccard 1.00; name jaccard 1.00 via licensee legal name; ABN ACT from 2013; Australian Private Company; main business location VIC 3945 (state agrees); ACN 166224264; GST ACT; ABR record updated 2024"
east-gippsland-distillery,East Gippsland Distillery,Australia,au-asic,690987378,EAST GIPPSLAND DISTILLERY PTY LTD,self,asic-bulk-name,medium,,https://data.gov.au/data/dataset/asic-companies,ambiguous: 2 companies match equally; name jaccard 1.00 on 'EAST GIPPSLAND DISTILLERY PTY LTD'; ASIC status REGD; APTY/LMSH/PROP; registered 15/09/2025; state of registration n/a; ABN 83690987378
east-gippsland-distillery,East Gippsland Distillery,Australia,au-asic,166224264,GIPPSLAND WINE COMPANY PTY. LTD.,self,lcv-licensee+abr-acn-link,medium,,https://data.gov.au/data/dataset/asic-companies,ambiguous: 2 companies match equally; ACN from ABN 80166224264 (GIPPSLAND WINE COMPANY PTY. LTD.); ASIC status REGD; APTY/LMSH/PROP; registered 11/10/2013; state of registration n/a; ABN 80166224264
echuca-distillery,Echuca Distillery,Australia,au-abr,54101563910,The Trustee for D & F DE VRIES DISCRETIONARY TRUST,self,abr-bulk-name,high,,https://data.gov.au/data/dataset/abn-bulk-extract,name jaccard 1.00 via business name 'ECHUCA DISTILLERY'; ABN ACT from 2000; Discretionary Investment Trust; main business location VIC 3564 (postcode agrees); ACN none; GST ACT; ABR record updated 2026
echuca-distillery,Echuca Distillery,Australia,au-asic,007426146,ECHUCA VINEYARD COMPANY PTY. LTD.,self,asic-bulk-name,low,,https://data.gov.au/data/dataset/asic-companies,name jaccard 1.00 on 'ECHUCA VINEYARD COMPANY PTY. LTD.' (state of registration agrees); ASIC status REGD; APTY/LMSH/PROP; registered 15/06/1990; state of registration VIC; ABN 73007426146
echuca-distillery,Echuca Distillery,Australia,au-abr,81131321714,NORTHVIC MOTORS PTY LTD,self,abr-bulk-name,medium,,https://data.gov.au/data/dataset/abn-bulk-extract,name jaccard 1.00 via business name 'ECHUCA IM'; ABN ACT from 2008; Australian Private Company; main business location VIC 3564 (postcode agrees); ACN 131321714; GST ACT; ABR record updated 2025
echuca-distillery,Echuca Distillery,Australia,au-abr,40249412645,The Trustee for Echuca Office Unit Trust,self,abr-bulk-name,medium,,https://data.gov.au/data/dataset/abn-bulk-extract,name jaccard 1.00 via entity name 'The Trustee for Echuca Office Unit Trust'; ABN ACT from 2014; Fixed Unit Trust; main business location VIC 3564 (postcode agrees); ACN none; GST ACT; ABR record updated 2014
echuca-distillery,Echuca Distillery,Australia,au-asic,131321714,NORTHVIC MOTORS PTY LTD,self,abr-acn-link,medium,,https://data.gov.au/data/dataset/asic-companies,ACN from ABN 81131321714 (NORTHVIC MOTORS PTY LTD); ASIC status REGD; APTY/LMSH/PROP; registered 28/05/2008; state of registration n/a; ABN 81131321714
eighth-day-distillery-pty-ltd,Eighth Day Distillery Pty Ltd,Australia,au-abr,13668034839,EIGHTH DAY DISTILLERY PTY LTD,self,abr-bulk-name,high,,https://data.gov.au/data/dataset/abn-bulk-extract,name jaccard 1.00 via entity name 'EIGHTH DAY DISTILLERY PTY LTD'; ABN ACT from 2023; Australian Private Company; main business location VIC 3137 (state agrees); ACN 668034839; GST ACT; ABR record updated 2025
eighth-day-distillery-pty-ltd,Eighth Day Distillery Pty Ltd,Australia,au-asic,668034839,EIGHTH DAY DISTILLERY PTY LTD,self,asic-bulk-name,high,,https://data.gov.au/data/dataset/asic-companies,name jaccard 1.00 on 'EIGHTH DAY DISTILLERY PTY LTD'; ASIC status REGD; APTY/LMSH/PROP; registered 17/05/2023; state of registration n/a; ABN 13668034839
eighth-day-distillery-pty-ltd,Eighth Day Distillery Pty Ltd,Australia,au-abr,67420752039,WEST MELBOURNE BAPTIST CHURCH,self,abr-bulk-name,medium,,https://data.gov.au/data/dataset/abn-bulk-extract,name jaccard 1.00 via trading name 'The Eighth Day'; ABN ACT from 2000; Other Unincorporated Entity; main business location VIC 3003 (state agrees); ACN none; GST ACT; ABR record updated 2019
emu-ridge-eucalyptus-oil-distillery,Emu Ridge Eucalyptus Oil Distillery,Australia,au-abr,34409838842,"(partnership of individuals, Family Partnership; trades as EMU RIDGE EUCALYPTUS)",self,abr-bulk-name,medium,,https://data.gov.au/data/dataset/abn-bulk-extract,name jaccard 0.75 via trading name 'EMU RIDGE EUCALYPTUS'; ABN ACT from 2000; Family Partnership; main business location SA 5223 (postcode agrees); ACN none; GST CAN; ABR record updated 2020
emu-ridge-eucalyptus-oil-distillery,Emu Ridge Eucalyptus Oil Distillery,Australia,au-abr,51634654078,EMU RIDGE EUCALYPTUS PTY LTD,self,abr-bulk-name,medium,,https://data.gov.au/data/dataset/abn-bulk-extract,name jaccard 0.75 via entity name 'EMU RIDGE EUCALYPTUS PTY LTD'; ABN ACT from 2019; Australian Private Company; main business location SA 5223 (postcode agrees); ACN 634654078; GST ACT; ABR record updated 2022
emu-ridge-eucalyptus-oil-distillery,Emu Ridge Eucalyptus Oil Distillery,Australia,au-asic,634654078,EMU RIDGE EUCALYPTUS PTY LTD,self,abr-acn-link,medium,,https://data.gov.au/data/dataset/asic-companies,ACN from ABN 51634654078 (EMU RIDGE EUCALYPTUS PTY LTD); ASIC status REGD; APTY/LMSH/PROP; registered 04/07/2019; state of registration n/a; ABN 51634654078
envy-distilling,Envy Distilling,Australia,au-abr,89644088308,ENVY RISE PTY LTD,self,lcv-licensee+abr-bulk,high,,https://data.gov.au/data/dataset/abn-bulk-extract,"licensee of LCV producer's licence 32810744 ('ENVY DISTILLING', LADYS PASS), name jaccard 1.00; name jaccard 1.00 via licensee legal name; ABN ACT from 2020; Australian Private Company; main business location VIC 3523 (postcode agrees); ACN 644088308; GST ACT; ABR record updated 2023"
envy-distilling,Envy Distilling,Australia,au-asic,644088308,ENVY RISE PTY LTD,self,lcv-licensee+abr-acn-link,high,,https://data.gov.au/data/dataset/asic-companies,ACN from ABN 89644088308 (ENVY RISE PTY LTD); ASIC status REGD; APTY/LMSH/PROP; registered 06/09/2020; state of registration n/a; ABN 89644088308
esperance-distillery,Esperance Distillery,Australia,au-abr,79641059225,LE GRAND DISTILLERY PTY LTD,self,abr-bulk-name,high,,https://data.gov.au/data/dataset/abn-bulk-extract,name jaccard 1.00 via business name 'Esperance Distillery Co'; ABN ACT from 2020; Australian Private Company; main business location WA 6450 (postcode agrees); ACN 641059225; GST ACT; ABR record updated 2020
esperance-distillery,Esperance Distillery,Australia,au-asic,641059225,LE GRAND DISTILLERY PTY LTD,self,abr-acn-link,high,,https://data.gov.au/data/dataset/asic-companies,ACN from ABN 79641059225 (LE GRAND DISTILLERY PTY LTD); ASIC status REGD; APTY/LMSH/PROP; registered 19/05/2020; state of registration n/a; ABN 79641059225
esperance-distillery,Esperance Distillery,Australia,au-abr,83682584363,SCA ESPERANCE PTY LTD,self,abr-bulk-name,medium,,https://data.gov.au/data/dataset/abn-bulk-extract,name jaccard 1.00 via entity name 'SCA ESPERANCE PTY LTD'; ABN ACT from 2024; Australian Private Company; main business location WA 6450 (postcode agrees); ACN 682584363; GST ACT; ABR record updated 2024
esperance-distillery,Esperance Distillery,Australia,au-asic,682584363,SCA ESPERANCE PTY LTD,self,abr-acn-link,medium,,https://data.gov.au/data/dataset/asic-companies,ACN from ABN 83682584363 (SCA ESPERANCE PTY LTD); ASIC status REGD; APTY/LMSH/PROP; registered 25/11/2024; state of registration n/a; ABN 83682584363
eventide-hills-distillery,Eventide Hills Distillery,Australia,au-abr,61667099569,3 EMILIOS PTY LTD,self,abr-bulk-name,high,,https://data.gov.au/data/dataset/abn-bulk-extract,name jaccard 1.00 via business name 'Eventide Hills Distillery'; ABN ACT from 2023; Australian Private Company; main business location QLD 4879 (state agrees); ACN 667099569; GST ACT; ABR record updated 2026
eventide-hills-distillery,Eventide Hills Distillery,Australia,au-asic,667099569,3 EMILIOS PTY LTD,self,abr-acn-link,high,,https://data.gov.au/data/dataset/asic-companies,ACN from ABN 61667099569 (3 EMILIOS PTY LTD); ASIC status REGD; APTY/LMSH/PROP; registered 06/04/2023; state of registration n/a; ABN 61667099569
everything-but-gin-distillery,Everything But Gin Distillery,Australia,au-abr,87089623049,FRISKY CORP PTY. LTD.,self,abr-bulk-name,high,,https://data.gov.au/data/dataset/abn-bulk-extract,name jaccard 1.00 via business name 'Everything But Gin Distillery'; ABN ACT from 1999; Australian Private Company; main business location VIC 3002 (postcode agrees); ACN 089623049; GST ACT; ABR record updated 2021
everything-but-gin-distillery,Everything But Gin Distillery,Australia,au-asic,089623049,FRISKY CORP PTY. LTD.,self,abr-acn-link,high,,https://data.gov.au/data/dataset/asic-companies,ACN from ABN 87089623049 (FRISKY CORP PTY. LTD.); ASIC status REGD; APTY/LMSH/PROP; registered 20/09/1999; state of registration n/a; ABN 87089623049
falls-creek-distillery,Falls Creek Distillery,Australia,au-abr,53658287042,FALLS CREEK DISTILLERY PTY LTD,self,abr-bulk-name,high,,https://data.gov.au/data/dataset/abn-bulk-extract,name jaccard 1.00 via entity name 'FALLS CREEK DISTILLERY PTY LTD'; ABN ACT from 2022; Australian Private Company; main business location VIC 3699 (postcode agrees); ACN 658287042; GST ACT; ABR record updated 2025
falls-creek-distillery,Falls Creek Distillery,Australia,au-asic,658287042,FALLS CREEK DISTILLERY PTY LTD,self,asic-bulk-name,high,,https://data.gov.au/data/dataset/asic-companies,name jaccard 1.00 on 'FALLS CREEK DISTILLERY PTY LTD'; ASIC status REGD; APTY/LMSH/PROP; registered 24/03/2022; state of registration n/a; ABN 53658287042
falls-creek-distillery,Falls Creek Distillery,Australia,au-abr,62458102073,"(partnership of individuals, Other Partnership; trades as FALLS CREEK NORTH)",self,abr-bulk-name,medium,,https://data.gov.au/data/dataset/abn-bulk-extract,name jaccard 1.00 via business name 'FALLS CREEK NORTH'; ABN ACT from 2024; Other Partnership; main business location VIC 3699 (postcode agrees); ACN none; GST NON; ABR record updated 2024
falls-creek-distillery,Falls Creek Distillery,Australia,au-abr,25678655699,FC HOTEL PTY LTD,self,abr-bulk-name,medium,,https://data.gov.au/data/dataset/abn-bulk-extract,"name jaccard 1.00 via business name 'Falls Creek Hotel' (category word differs, no distilling word on this ABN); ABN ACT from 2024; Australian Private Company; main business location VIC 3699 (postcode agrees); ACN 678655699; GST ACT; ABR record updated 2026"
falls-creek-distillery,Falls Creek Distillery,Australia,au-asic,678655699,FC HOTEL PTY LTD,self,abr-acn-link,medium,,https://data.gov.au/data/dataset/asic-companies,ACN from ABN 25678655699 (FC HOTEL PTY LTD); ASIC status REGD; APTY/LMSH/PROP; registered 28/06/2024; state of registration n/a; ABN 25678655699
fannys-bay-distillery,Fannys Bay Distillery,Australia,au-abr,46009577039,M.D. & J.A. COOPER PROPRIETARY LIMITED,self,abr-bulk-name,high,,https://data.gov.au/data/dataset/abn-bulk-extract,name jaccard 1.00 via business name 'Fannys Bay Distillery'; ABN ACT from 2000; Australian Private Company; main business location TAS 7252 (postcode agrees); ACN 009577039; GST ACT; ABR record updated 2016
fannys-bay-distillery,Fannys Bay Distillery,Australia,au-asic,009577039,M.D. & J.A. COOPER PROPRIETARY LIMITED,self,abr-acn-link,high,,https://data.gov.au/data/dataset/asic-companies,ACN from ABN 46009577039 (M.D. & J.A. COOPER PROPRIETARY LIMITED); ASIC status REGD; APTY/LMSH/PROP; registered 04/11/1988; state of registration TAS; ABN 46009577039
far-distilling,FAR Distilling,Australia,au-abr,81614131907,"(individual, sole trader ABN; trades as Far East Wine Company)",self,abr-bulk-name,low,,https://data.gov.au/data/dataset/abn-bulk-extract,name jaccard 1.00 via business name 'Far East Wine Company'; ABN ACT from 2017; Individual/Sole Trader; main business location NSW 2294 (state agrees); ACN none; GST NON; ABR record updated 2026
far-distilling,FAR Distilling,Australia,au-abr,39657813566,FAR DISTILLING PTY LIMITED,self,abr-bulk-name,medium,,https://data.gov.au/data/dataset/abn-bulk-extract,name jaccard 1.00 via entity name 'FAR DISTILLING PTY LIMITED'; ABN ACT from 2022; Australian Private Company; main business location NSW 2320 (postcode agrees); ACN 657813566; GST ACT; ABR record updated 2022
far-distilling,FAR Distilling,Australia,au-asic,657813566,FAR DISTILLING PTY LIMITED,self,abr-acn-link,medium,,https://data.gov.au/data/dataset/asic-companies,ACN from ABN 39657813566 (FAR DISTILLING PTY LIMITED); ASIC status REGD; APTY/LMSH/PROP; registered 04/03/2022; state of registration n/a; ABN 39657813566
farmers-wife-distillery,Farmers Wife Distillery,Australia,au-abr,23615779354,THE FARMERS WIFE DISTILLERY PTY LTD,self,abr-bulk-name,high,,https://data.gov.au/data/dataset/abn-bulk-extract,name jaccard 1.00 via entity name 'THE FARMERS WIFE DISTILLERY PTY LTD'; ABN ACT from 2016; Australian Private Company; main business location NSW 2425 (postcode agrees); ACN 615779354; GST ACT; ABR record updated 2016
farmers-wife-distillery,Farmers Wife Distillery,Australia,au-asic,615779354,THE FARMERS WIFE DISTILLERY PTY LTD,self,asic-bulk-name,high,,https://data.gov.au/data/dataset/asic-companies,name jaccard 1.00 on 'THE FARMERS WIFE DISTILLERY PTY LTD'; ASIC status REGD; APTY/LMSH/PROP; registered 08/11/2016; state of registration n/a; ABN 23615779354
farmers-wife-distillery,Farmers Wife Distillery,Australia,au-abr,56489164234,"(individual, sole trader ABN; trades as The Farmer)",self,abr-bulk-name,medium,,https://data.gov.au/data/dataset/abn-bulk-extract,name jaccard 1.00 via business name 'The Farmer's Wife'; ABN ACT from 2019; Individual/Sole Trader; main business location NSW 2154 (state agrees); ACN none; GST NON; ABR record updated 2026
farmers-wife-distillery,Farmers Wife Distillery,Australia,au-abr,84421185136,"(individual, sole trader ABN; trades as The Farmers wife)",self,abr-bulk-name,medium,,https://data.gov.au/data/dataset/abn-bulk-extract,name jaccard 1.00 via trading name 'The Farmers wife'; ABN CAN from 2022; Individual/Sole Trader; main business location NSW 2213 (state agrees); ACN none; GST CAN; ABR record updated 2022
five-eleven-distilling,Five Eleven Distilling,Australia,au-abr,94294866405,The Trustee for Reid Park Trading Trust,self,abr-bulk-name,high,,https://data.gov.au/data/dataset/abn-bulk-extract,name jaccard 1.00 via business name 'Five Eleven Distilling'; ABN ACT from 2007; Discretionary Trading Trust; main business location SA 5088 (state agrees); ACN none; GST ACT; ABR record updated 2024
flinders-gin,Flinders Gin,Australia,au-abr,77645777126,FLINDERS GIN PTY LTD,self,abr-bulk-name,medium,,https://data.gov.au/data/dataset/abn-bulk-extract,ambiguous: 2 companies match equally; name jaccard 1.00 via entity name 'FLINDERS GIN PTY LTD'; ABN ACT from 2020; Australian Private Company; main business location SA 5433 (postcode agrees); ACN 645777126; GST ACT; ABR record updated 2025
flinders-gin,Flinders Gin,Australia,au-abr,87681708323,SPIRIT OF THE FLINDERS PTY LTD,self,abr-bulk-name,medium,,https://data.gov.au/data/dataset/abn-bulk-extract,ambiguous: 2 companies match equally; name jaccard 1.00 via entity name 'SPIRIT OF THE FLINDERS PTY LTD'; ABN ACT from 2024; Australian Private Company; main business location SA 5433 (postcode agrees); ACN 681708323; GST ACT; ABR record updated 2024
flinders-gin,Flinders Gin,Australia,au-asic,645777126,FLINDERS GIN PTY LTD,self,asic-bulk-name,medium,,https://data.gov.au/data/dataset/asic-companies,ambiguous: 2 companies match equally; name jaccard 1.00 on 'FLINDERS GIN PTY LTD'; ASIC status REGD; APTY/LMSH/PROP; registered 10/11/2020; state of registration n/a; ABN 77645777126
flinders-gin,Flinders Gin,Australia,au-asic,681708323,SPIRIT OF THE FLINDERS PTY LTD,self,abr-acn-link,medium,,https://data.gov.au/data/dataset/asic-companies,ambiguous: 2 companies match equally; ACN from ABN 87681708323 (SPIRIT OF THE FLINDERS PTY LTD); ASIC status REGD; APTY/LMSH/PROP; registered 21/10/2024; state of registration n/a; ABN 87681708323
flowstate-brewers-distillers,Flowstate Brewers & Distillers,Australia,au-abr,70628748907,BRIDGES BROTHERS PTY LTD,self,abr-bulk-name,high,,https://data.gov.au/data/dataset/abn-bulk-extract,name jaccard 1.00 via business name 'Flowstate Brewers and Distillers'; ABN ACT from 2018; Australian Private Company; main business location VIC 3228 (postcode agrees); ACN 628748907; GST ACT; ABR record updated 2024
flowstate-brewers-distillers,Flowstate Brewers & Distillers,Australia,au-asic,628748907,BRIDGES BROTHERS PTY LTD,self,abr-acn-link,high,,https://data.gov.au/data/dataset/asic-companies,ACN from ABN 70628748907 (BRIDGES BROTHERS PTY LTD); ASIC status REGD; APTY/LMSH/PROP; registered 11/09/2018; state of registration n/a; ABN 70628748907
flying-foam-brewery-distillery-manufacturing,Flying Foam Brewery & Distillery Manufacturing,Australia,au-abr,57140247892,Flying Foam Pty Ltd,self,abr-bulk-name,high,,https://data.gov.au/data/dataset/abn-bulk-extract,name jaccard 1.00 via entity name 'Flying Foam Pty Ltd'; ABN ACT from 2009; Australian Private Company; main business location WA 6014 (postcode agrees); ACN 140247892; GST ACT; ABR record updated 2021
flying-foam-brewery-distillery-manufacturing,Flying Foam Brewery & Distillery Manufacturing,Australia,au-asic,140247892,FLYING FOAM PTY LTD,self,abr-acn-link,high,,https://data.gov.au/data/dataset/asic-companies,ACN from ABN 57140247892 (Flying Foam Pty Ltd); ASIC status REGD; APTY/LMSH/PROP; registered 27/10/2009; state of registration n/a; ABN 57140247892
four-pillars-gin-distillery,Four Pillars Gin Distillery,Australia,au-abr,13008596370,"LION-BEER,SPIRITS & WINE PTY LTD",group,hand,high,,https://data.gov.au/data/dataset/abn-bulk-extract,"ABN active, ACN 008596370; Lion (Kirin) owns Four Pillars outright since 2023; ABR lists 'Four Pillars Distillery' as a business name on this ABN"
four-pillars-gin-distillery,Four Pillars Gin Distillery,Australia,au-abr,89606461367,HEALESVILLE DISTILLING PTY LTD,self,hand,high,,https://data.gov.au/data/dataset/abn-bulk-extract,"ABN active, private company, business names 'Four Pillars Gin' and 'Four Pillars Laboratory'; ACN 606461367; operating company of the Healesville distillery"
four-pillars-gin-distillery,Four Pillars Gin Distillery,Australia,au-abr,50135269617,FOUR PILLARS CORPORATE PTY LTD,self,abr-bulk-name,low,,https://data.gov.au/data/dataset/abn-bulk-extract,site is group-run per the hand row; name match is a lead; name jaccard 1.00 via entity name 'FOUR PILLARS CORPORATE PTY LTD'; ABN ACT from 2015; Australian Private Company; main business location VIC 3102 (state agrees); ACN 135269617; GST CAN; ABR record updated 2023
four-pillars-gin-distillery,Four Pillars Gin Distillery,Australia,au-abr,17609638717,FOUR PILLARS TRADING PTY LTD,self,abr-bulk-name,low,,https://data.gov.au/data/dataset/abn-bulk-extract,site is group-run per the hand row; name match is a lead; name jaccard 1.00 via entity name 'FOUR PILLARS TRADING PTY LTD'; ABN ACT from 2021; Australian Private Company; main business location VIC 3141 (state agrees); ACN 609638717; GST ACT; ABR record updated 2021
four-pillars-gin-distillery,Four Pillars Gin Distillery,Australia,au-abr,30564892275,The Trustee for Four Pillars Family Trust,self,abr-bulk-name,low,,https://data.gov.au/data/dataset/abn-bulk-extract,site is group-run per the hand row; name match is a lead; name jaccard 1.00 via entity name 'The Trustee for Four Pillars Family Trust'; ABN ACT from 2025; Discretionary Investment Trust; main business location VIC 3102 (state agrees); ACN none; GST NON; ABR record updated 2025
four-pillars-gin-distillery,Four Pillars Gin Distillery,Australia,au-asic,135269617,FOUR PILLARS CORPORATE PTY LTD,self,abr-acn-link,low,,https://data.gov.au/data/dataset/asic-companies,site is group-run per the hand row; name match is a lead; ACN from ABN 50135269617 (FOUR PILLARS CORPORATE PTY LTD); ASIC status REGD; APTY/LMSH/PROP; registered 06/02/2009; state of registration n/a; ABN 50135269617
four-pillars-gin-distillery,Four Pillars Gin Distillery,Australia,au-asic,609638717,FOUR PILLARS TRADING PTY LTD,self,abr-acn-link,low,,https://data.gov.au/data/dataset/asic-companies,site is group-run per the hand row; name match is a lead; ACN from ABN 17609638717 (FOUR PILLARS TRADING PTY LTD); ASIC status REGD; APTY/LMSH/PROP; registered 17/12/2015; state of registration n/a; ABN 17609638717
foxdog-distillery,Foxdog Distillery,Australia,au-abr,12646008488,SUNNYSIDE PARK PTY LTD,self,abr-bulk-name,high,,https://data.gov.au/data/dataset/abn-bulk-extract,name jaccard 1.00 via business name 'Foxdog Distillery'; ABN ACT from 2020; Australian Private Company; main business location NSW 2536 (postcode agrees); ACN 646008488; GST ACT; ABR record updated 2025
foxdog-distillery,Foxdog Distillery,Australia,au-asic,646008488,SUNNYSIDE PARK PTY LTD,self,abr-acn-link,high,,https://data.gov.au/data/dataset/asic-companies,ACN from ABN 12646008488 (SUNNYSIDE PARK PTY LTD); ASIC status REGD; APTY/LMSH/PROP; registered 19/11/2020; state of registration n/a; ABN 12646008488
furneaux-distillery,Furneaux Distillery,Australia,au-abr,47619554488,FURNEAUX DISTILLERY CO. PTY LTD,self,abr-bulk-name,high,,https://data.gov.au/data/dataset/abn-bulk-extract,name jaccard 1.00 via entity name 'FURNEAUX DISTILLERY CO. PTY LTD'; ABN ACT from 2018; Australian Private Company; main business location VIC 3121; ACN 619554488; GST ACT; ABR record updated 2020
furneaux-distillery,Furneaux Distillery,Australia,au-asic,619554488,FURNEAUX DISTILLERY CO. PTY LTD,self,asic-bulk-name,high,,https://data.gov.au/data/dataset/asic-companies,name jaccard 1.00 on 'FURNEAUX DISTILLERY CO. PTY LTD'; ASIC status REGD; APTY/LMSH/PROP; registered 06/06/2017; state of registration n/a; ABN 47619554488
gardners-bay-distillery,Gardners Bay Distillery,Australia,au-abr,49649927575,"(individual, sole trader ABN; trades as GARDNERS BAY DISTILLERY)",self,abr-bulk-name,medium,,https://data.gov.au/data/dataset/abn-bulk-extract,name jaccard 1.00 via business name 'GARDNERS BAY DISTILLERY'; ABN ACT from 2017; Individual/Sole Trader; main business location TAS 7050; ACN none; GST NON; ABR record updated 2024
ginny-pig-distillery,Ginny Pig Distillery,Australia,au-abr,88652961870,GINNY PIG DISTILLERY PTY LTD,self,abr-bulk-name,high,,https://data.gov.au/data/dataset/abn-bulk-extract,name jaccard 1.00 via entity name 'GINNY PIG DISTILLERY PTY LTD'; ABN ACT from 2021; Australian Private Company; main business location SA 5255 (state agrees); ACN 652961870; GST ACT; ABR record updated 2022
ginny-pig-distillery,Ginny Pig Distillery,Australia,au-asic,652961870,GINNY PIG DISTILLERY PTY LTD,self,asic-bulk-name,high,,https://data.gov.au/data/dataset/asic-companies,name jaccard 1.00 on 'GINNY PIG DISTILLERY PTY LTD'; ASIC status REGD; APTY/LMSH/PROP; registered 19/08/2021; state of registration n/a; ABN 88652961870
ginny-pig-distillery,Ginny Pig Distillery,Australia,au-abr,75687606969,"(individual, sole trader ABN; trades as GINNY PIG DISTILLERY)",self,abr-bulk-name,medium,,https://data.gov.au/data/dataset/abn-bulk-extract,name jaccard 1.00 via business name 'GINNY PIG DISTILLERY'; ABN ACT from 2019; Individual/Sole Trader; main business location SA 5255 (state agrees); ACN none; GST CAN; ABR record updated 2023
glen-gowrie-distillery,Glen Gowrie Distillery,Australia,au-abr,73482595723,"(partnership of individuals, Family Partnership; trades as Glen Gowrie Distillery)",self,abr-bulk-name,medium,,https://data.gov.au/data/dataset/abn-bulk-extract,name jaccard 1.00 via business name 'Glen Gowrie Distillery'; ABN ACT from 2000; Family Partnership; main business location NSW 2370 (postcode agrees); ACN none; GST ACT; ABR record updated 2022
grand-matriarch-distilling-company,Grand Matriarch Distilling Company,Australia,au-abr,29630338224,GRAND MATRIARCH DISTILLING COMPANY PTY LTD,self,abr-bulk-name,high,,https://data.gov.au/data/dataset/abn-bulk-extract,name jaccard 1.00 via entity name 'GRAND MATRIARCH DISTILLING COMPANY PTY LTD'; ABN ACT from 2018; Australian Private Company; main business location NSW 2551 (state agrees); ACN 630338224; GST ACT; ABR record updated 2021
grand-matriarch-distilling-company,Grand Matriarch Distilling Company,Australia,au-asic,630338224,GRAND MATRIARCH DISTILLING COMPANY PTY LTD,self,asic-bulk-name,high,,https://data.gov.au/data/dataset/asic-companies,name jaccard 1.00 on 'GRAND MATRIARCH DISTILLING COMPANY PTY LTD'; ASIC status REGD; APTY/LMSH/PROP; registered 30/11/2018; state of registration n/a; ABN 29630338224
granddad-jacks-craft-distillery,Granddad Jacks Craft Distillery,Australia,au-abr,70623116432,GRANDDAD JACKS CRAFT DISTILLERY PTY LTD,self,abr-bulk-name,high,,https://data.gov.au/data/dataset/abn-bulk-extract,name jaccard 1.00 via entity name 'GRANDDAD JACKS CRAFT DISTILLERY PTY LTD'; ABN ACT from 2017; Australian Private Company; main business location QLD 4220 (postcode agrees); ACN 623116432; GST ACT; ABR record updated 2018
granddad-jacks-craft-distillery,Granddad Jacks Craft Distillery,Australia,au-asic,623116432,GRANDDAD JACKS CRAFT DISTILLERY PTY LTD,self,asic-bulk-name,high,,https://data.gov.au/data/dataset/asic-companies,name jaccard 1.00 on 'GRANDDAD JACKS CRAFT DISTILLERY PTY LTD'; ASIC status REGD; APTY/LMSH/PROP; registered 28/11/2017; state of registration n/a; ABN 70623116432
granddad-jacks-craft-distillery,Granddad Jacks Craft Distillery,Australia,au-abr,13666069790,GRANDDAD JACK'S NEWCASTLE PTY LTD,self,abr-bulk-name,medium,,https://data.gov.au/data/dataset/abn-bulk-extract,name jaccard 0.67 via entity name 'GRANDDAD JACK'S NEWCASTLE PTY LTD'; ABN ACT from 2023; Australian Private Company; main business location QLD 4220 (postcode agrees); ACN 666069790; GST ACT; ABR record updated 2023
granddad-jacks-craft-distillery,Granddad Jacks Craft Distillery,Australia,au-asic,666069790,GRANDDAD JACK'S NEWCASTLE PTY LTD,self,abr-acn-link,medium,,https://data.gov.au/data/dataset/asic-companies,ACN from ABN 13666069790 (GRANDDAD JACK'S NEWCASTLE PTY LTD); ASIC status REGD; APTY/LMSH/PROP; registered 27/02/2023; state of registration n/a; ABN 13666069790
green-gully-brewing-distilling,Green Gully Brewing & Distilling,Australia,au-abr,26364503457,"(individual, sole trader ABN; trades as Green Gully Brewing)",self,abr-bulk-name,medium,,https://data.gov.au/data/dataset/abn-bulk-extract,"name jaccard 1.00 via business name 'Green Gully Brewing' (category word differs, no distilling word on this ABN); ABN ACT from 2017; Individual/Sole Trader; main business location VIC 3922 (postcode agrees); ACN none; GST ACT; ABR record updated 2021"
green-gully-brewing-distilling,Green Gully Brewing & Distilling,Australia,au-abr,27101866728,GREEN GULLY TRADING COMPANY PTY. LTD.,self,abr-bulk-name,medium,,https://data.gov.au/data/dataset/abn-bulk-extract,name jaccard 1.00 via entity name 'GREEN GULLY TRADING COMPANY PTY. LTD.'; ABN ACT from 2002; Australian Private Company; main business location VIC 3165 (state agrees); ACN 101866728; GST CAN; ABR record updated 2016
green-gully-brewing-distilling,Green Gully Brewing & Distilling,Australia,au-asic,101866728,GREEN GULLY TRADING COMPANY PTY. LTD.,self,abr-acn-link,medium,,https://data.gov.au/data/dataset/asic-companies,ACN from ABN 27101866728 (GREEN GULLY TRADING COMPANY PTY. LTD.); ASIC status REGD; APTY/LMSH/PROP; registered 29/08/2002; state of registration n/a; ABN 27101866728
grumpy-fish-distillery,Grumpy Fish Distillery,Australia,au-abr,52584135797,"(individual, sole trader ABN; trades as Grumpy Fish)",self,abr-bulk-name,medium,,https://data.gov.au/data/dataset/abn-bulk-extract,name jaccard 1.00 via business name 'Grumpy Fish'; ABN CAN from 2026; Individual/Sole Trader; main business location WA 6026 (state agrees); ACN none; GST CAN; ABR record updated 2026
grumpy-fish-distillery,Grumpy Fish Distillery,Australia,au-abr,37620722750,GRUMPY FISH PTY LTD,self,abr-bulk-name,medium,,https://data.gov.au/data/dataset/abn-bulk-extract,name jaccard 1.00 via entity name 'GRUMPY FISH PTY LTD'; ABN ACT from 2017; Australian Private Company; main business location WA 6026 (state agrees); ACN 620722750; GST ACT; ABR record updated 2017
grumpy-fish-distillery,Grumpy Fish Distillery,Australia,au-asic,620722750,GRUMPY FISH PTY LTD,self,abr-acn-link,medium,,https://data.gov.au/data/dataset/asic-companies,ACN from ABN 37620722750 (GRUMPY FISH PTY LTD); ASIC status REGD; APTY/LMSH/PROP; registered 27/07/2017; state of registration n/a; ABN 37620722750
hang-10-distillery,Hang 10 Distillery,Australia,au-abr,60634968415,ROWE DISTILLING PTY LTD,self,abr-bulk-name,high,,https://data.gov.au/data/dataset/abn-bulk-extract,name jaccard 1.00 via business name 'HANG 10 DISTILLERY'; ABN ACT from 2019; Australian Private Company; main business location NSW 2102 (postcode agrees); ACN 634968415; GST ACT; ABR record updated 2024
hang-10-distillery,Hang 10 Distillery,Australia,au-asic,634968415,ROWE DISTILLING PTY LTD,self,abr-acn-link,high,,https://data.gov.au/data/dataset/asic-companies,ACN from ABN 60634968415 (ROWE DISTILLING PTY LTD); ASIC status REGD; APTY/LMSH/PROP; registered 18/07/2019; state of registration n/a; ABN 0
happenstance-distillery,Happenstance Distillery,Australia,au-abr,56618331721,HAPPENSTANCE DISTILLERY PTY LTD,self,abr-bulk-name,high,,https://data.gov.au/data/dataset/abn-bulk-extract,name jaccard 1.00 via entity name 'HAPPENSTANCE DISTILLERY PTY LTD'; ABN ACT from 2017; Australian Private Company; main business location SA 5009 (state agrees); ACN 618331721; GST ACT; ABR record updated 2025
happenstance-distillery,Happenstance Distillery,Australia,au-asic,618331721,HAPPENSTANCE DISTILLERY PTY LTD,self,asic-bulk-name,high,,https://data.gov.au/data/dataset/asic-companies,name jaccard 1.00 on 'HAPPENSTANCE DISTILLERY PTY LTD'; ASIC status REGD; APTY/LMSH/PROP; registered 03/04/2017; state of registration n/a; ABN 56618331721
harrington-bjugard-distilling,Harrington Bjugård Distilling,Australia,au-abr,93427366832,"(partnership of individuals, Other Partnership; trades as HARRINGTON BJUGARD DISTILLING)",self,abr-bulk-name,medium,,https://data.gov.au/data/dataset/abn-bulk-extract,name jaccard 1.00 via business name 'HARRINGTON BJUGARD DISTILLING'; ABN ACT from 2022; Other Partnership; main business location QLD 4557 (state agrees); ACN none; GST ACT; ABR record updated 2023
hartshorn-distillery,Hartshorn Distillery,Australia,au-abr,25622196598,EWENIQUE ENTERPRISES PTY LTD,self,abr-bulk-name,high,,https://data.gov.au/data/dataset/abn-bulk-extract,name jaccard 1.00 via business name 'Hartshorn Distillery'; ABN ACT from 2017; Australian Private Company; main business location TAS 7162 (postcode agrees); ACN 622196598; GST ACT; ABR record updated 2023
hartshorn-distillery,Hartshorn Distillery,Australia,au-asic,622196598,EWENIQUE ENTERPRISES PTY LTD,self,abr-acn-link,high,,https://data.gov.au/data/dataset/asic-companies,ACN from ABN 25622196598 (EWENIQUE ENTERPRISES PTY LTD); ASIC status REGD; APTY/LMSH/PROP; registered 11/10/2017; state of registration n/a; ABN 25622196598
headlands-distilling-co,Headlands Distilling Co.,Australia,au-abr,74612677693,HEADLANDS DISTILLING COMPANY PTY LTD,self,abr-bulk-name,high,,https://data.gov.au/data/dataset/abn-bulk-extract,name jaccard 1.00 via entity name 'HEADLANDS DISTILLING COMPANY PTY LTD'; ABN ACT from 2016; Australian Private Company; main business location NSW 2500 (postcode agrees); ACN 612677693; GST ACT; ABR record updated 2019
headlands-distilling-co,Headlands Distilling Co.,Australia,au-asic,612677693,HEADLANDS DISTILLING COMPANY PTY LTD,self,asic-bulk-name,high,,https://data.gov.au/data/dataset/asic-companies,name jaccard 1.00 on 'HEADLANDS DISTILLING COMPANY PTY LTD'; ASIC status REGD; APTY/LMSH/PROP; registered 29/05/2016; state of registration n/a; ABN 74612677693
hearts-distillery,Heart’s Distillery,Australia,au-abr,33125858621,The Trustee for Heart's Distillery (AUS) Trust,self,abr-bulk-name,high,,https://data.gov.au/data/dataset/abn-bulk-extract,name jaccard 1.00 via business name 'Heart's Distillery'; ABN ACT from 2023; Discretionary Trading Trust; main business location QLD 4226 (state agrees); ACN none; GST ACT; ABR record updated 2023
hearts-distillery,Heart’s Distillery,Australia,au-abr,21834808529,"(individual, sole trader ABN; trades as FOR HEARTS SAKE)",self,abr-bulk-name,medium,,https://data.gov.au/data/dataset/abn-bulk-extract,name jaccard 1.00 via business name 'FOR HEARTS SAKE'; ABN ACT from 2023; Individual/Sole Trader; main business location QLD 4305 (state agrees); ACN none; GST CAN; ABR record updated 2026
hellfire-bluff-distillery,Hellfire Bluff Distillery,Australia,au-abr,37104387493,GP & SJ DALY PTY LTD,self,abr-bulk-name,medium,,https://data.gov.au/data/dataset/abn-bulk-extract,ambiguous: 2 companies match equally; name jaccard 1.00 via business name 'Hellfire Bluff Distillery'; ABN ACT from 2003; Australian Private Company; main business location TAS 7177 (postcode agrees); ACN 104387493; GST ACT; ABR record updated 2021
hellfire-bluff-distillery,Hellfire Bluff Distillery,Australia,au-abr,33634342957,HELLFIRE BLUFF DISTILLERY PTY LTD,self,abr-bulk-name,medium,,https://data.gov.au/data/dataset/abn-bulk-extract,ambiguous: 2 companies match equally; name jaccard 1.00 via entity name 'HELLFIRE BLUFF DISTILLERY PTY LTD'; ABN ACT from 2019; Australian Private Company; main business location TAS 7175 (state agrees); ACN 634342957; GST ACT; ABR record updated 2019
hellfire-bluff-distillery,Hellfire Bluff Distillery,Australia,au-asic,104387493,GP & SJ DALY PTY LTD,self,abr-acn-link,medium,,https://data.gov.au/data/dataset/asic-companies,ambiguous: 2 companies match equally; ACN from ABN 37104387493 (GP & SJ DALY PTY LTD); ASIC status REGD; APTY/LMSH/PROP; registered 10/04/2003; state of registration n/a; ABN 37104387493
hellfire-bluff-distillery,Hellfire Bluff Distillery,Australia,au-asic,634342957,HELLFIRE BLUFF DISTILLERY PTY LTD,self,asic-bulk-name,medium,,https://data.gov.au/data/dataset/asic-companies,ambiguous: 2 companies match equally; name jaccard 1.00 on 'HELLFIRE BLUFF DISTILLERY PTY LTD'; ASIC status REGD; APTY/LMSH/PROP; registered 24/06/2019; state of registration n/a; ABN 33634342957
hellyers-road-distillery,Hellyers Road Distillery,Australia,au-abr,81080055269,HELLYERS ROAD DISTILLERY PTY LTD,self,abr-bulk-name,high,,https://data.gov.au/data/dataset/abn-bulk-extract,name jaccard 1.00 via entity name 'HELLYERS ROAD DISTILLERY PTY LTD'; ABN ACT from 2000; Australian Private Company; main business location TAS 7320 (postcode agrees); ACN 080055269; GST ACT; ABR record updated 2019
hellyers-road-distillery,Hellyers Road Distillery,Australia,au-asic,080055269,HELLYERS ROAD DISTILLERY PTY LTD,self,asic-bulk-name,high,,https://data.gov.au/data/dataset/asic-companies,name jaccard 1.00 on 'HELLYERS ROAD DISTILLERY PTY LTD'; ASIC status REGD; APTY/LMSH/PROP; registered 12/09/1997; state of registration n/a; ABN 81080055269
hepburn-distillery,Hepburn Distillery,Australia,au-abr,70687642771,ANDERSON DISTILLING PTY LTD,operator,lcv-licensee+abr-bulk,high,,https://data.gov.au/data/dataset/abn-bulk-extract,"licensee of LCV producer's licence 32809997 ('HEPBURN DISTILLERY', DAYLESFORD), name jaccard 1.00; name jaccard 1.00 via licensee legal name; ABN ACT from 2025; Australian Private Company; main business location VIC 3460 (postcode agrees); ACN 687642771; GST ACT; ABR record updated 2026"
hepburn-distillery,Hepburn Distillery,Australia,au-asic,687642771,ANDERSON DISTILLING PTY LTD,operator,lcv-licensee+abr-acn-link,high,,https://data.gov.au/data/dataset/asic-companies,ACN from ABN 70687642771 (ANDERSON DISTILLING PTY LTD); ASIC status REGD; APTY/LMSH/PROP; registered 02/06/2025; state of registration n/a; ABN 70687642771
hepburn-distillery,Hepburn Distillery,Australia,au-abr,87670990851,HEPBURN DISTILLERY AUSTRALIA PTY LTD,self,abr-bulk-name,medium,,https://data.gov.au/data/dataset/abn-bulk-extract,ambiguous: 2 companies match equally; name jaccard 1.00 via entity name 'HEPBURN DISTILLERY AUSTRALIA PTY LTD'; ABN ACT from 2023; Australian Private Company; main business location VIC 3460 (postcode agrees); ACN 670990851; GST ACT; ABR record updated 2023
hepburn-distillery,Hepburn Distillery,Australia,au-abr,98001291982,THE GALIK FAMILY TRUST,self,abr-bulk-name,medium,,https://data.gov.au/data/dataset/abn-bulk-extract,ambiguous: 2 companies match equally; name jaccard 1.00 via business name 'Hepburn Brewing Company'; ABN ACT from 2000; Discretionary Trading Trust; main business location VIC 3461 (state agrees); ACN none; GST ACT; ABR record updated 2026
hepburn-distillery,Hepburn Distillery,Australia,au-asic,670990851,HEPBURN DISTILLERY AUSTRALIA PTY LTD,self,asic-bulk-name,medium,,https://data.gov.au/data/dataset/asic-companies,ambiguous: 2 companies match equally; name jaccard 1.00 on 'HEPBURN DISTILLERY AUSTRALIA PTY LTD'; ASIC status REGD; APTY/LMSH/PROP; registered 01/09/2023; state of registration n/a; ABN 87670990851
hepburn-distillery,Hepburn Distillery,Australia,au-asic,658735132,HEPBURN DISTILLERY PTY LTD,self,asic-bulk-name,medium,,https://data.gov.au/data/dataset/asic-companies,ambiguous: 2 companies match equally; name jaccard 1.00 on 'HEPBURN DISTILLERY PTY LTD'; ASIC status REGD; APTY/LMSH/PROP; registered 12/04/2022; state of registration n/a; ABN 0
here-s-looking-at-you-kid,"Here's looking at you, kid",Australia,au-abr,83373256843,The Trustee for Beech Discretionary Trust,self,abr-bulk-name,high,,https://data.gov.au/data/dataset/abn-bulk-extract,"name jaccard 1.00 via business name 'Here's looking at you, kid'; ABN ACT from 2002; Discretionary Investment Trust; main business location VIC 3051 (postcode agrees); ACN none; GST ACT; ABR record updated 2026"
hills-distilling-co,Hills Distilling Co,Australia,au-abr,54681352590,HILLS LIQUOR HOLDINGS PTY LTD,self,abr-bulk-name,low,,https://data.gov.au/data/dataset/abn-bulk-extract,name jaccard 1.00 via entity name 'HILLS LIQUOR HOLDINGS PTY LTD'; ABN ACT from 2024; Australian Private Company; main business location NSW 2126 (state agrees); ACN 681352590; GST ACT; ABR record updated 2024
hills-distilling-co,Hills Distilling Co,Australia,au-abr,89002668779,ROSLEO PTY LTD,self,abr-bulk-name,low,,https://data.gov.au/data/dataset/abn-bulk-extract,"name jaccard 1.00 via trading name 'THE HILLS BREWERY P/L' (category word differs, no distilling word on this ABN); ABN CAN from 2026; Australian Private Company; main business location NSW 2155 (postcode agrees); ACN 002668779; GST CAN; ABR record updated 2026"
hills-distilling-co,Hills Distilling Co,Australia,au-asic,681352590,HILLS LIQUOR HOLDINGS PTY LTD,self,abr-acn-link,low,,https://data.gov.au/data/dataset/asic-companies,ACN from ABN 54681352590 (HILLS LIQUOR HOLDINGS PTY LTD); ASIC status REGD; APTY/LMSH/PROP; registered 08/10/2024; state of registration n/a; ABN 54681352590
hills-distilling-co,Hills Distilling Co,Australia,au-asic,002668779,ROSLEO PTY LTD,self,asic-bulk-name,low,,https://data.gov.au/data/dataset/asic-companies,"name jaccard 1.00 on 'THE HILLS BREWERY PTY. LIMITED' (state of registration agrees); ASIC status DRGD; APTY/LMSH/PROP; registered 06/10/1983; state of registration NSW; ABN 89002668779; FORMER name, current name ROSLEO PTY LTD"
hills-distilling-co,Hills Distilling Co,Australia,au-abr,61610677739,RAILWAY PROJECTS PTY LTD,self,abr-bulk-name,medium,,https://data.gov.au/data/dataset/abn-bulk-extract,name jaccard 1.00 via business name 'Hills Distilling Co'; ABN ACT from 2016; Australian Private Company; main business location NSW 2155 (postcode agrees); ACN 610677739; GST ACT; ABR record updated 2025
hills-distilling-co,Hills Distilling Co,Australia,au-asic,610677739,RAILWAY PROJECTS PTY LTD,self,abr-acn-link,medium,,https://data.gov.au/data/dataset/asic-companies,ACN from ABN 61610677739 (RAILWAY PROJECTS PTY LTD); ASIC status REGD; APTY/LMSH/PROP; registered 10/02/2016; state of registration n/a; ABN 61610677739
hobsons-distillery,Hobsons Distillery,Australia,au-abr,50628374970,THE SEPARATIST PTY LTD,self,abr-bulk-name,high,,https://data.gov.au/data/dataset/abn-bulk-extract,name jaccard 1.00 via business name 'Hobsons Distillery'; ABN ACT from 2018; Australian Private Company; main business location VIC 3025 (postcode agrees); ACN 628374970; GST ACT; ABR record updated 2024
hobsons-distillery,Hobsons Distillery,Australia,au-asic,628374970,THE SEPARATIST PTY LTD,self,abr-acn-link,high,,https://data.gov.au/data/dataset/asic-companies,ACN from ABN 50628374970 (THE SEPARATIST PTY LTD); ASIC status REGD; APTY/LMSH/PROP; registered 24/08/2018; state of registration n/a; ABN 50628374970
holcombe-distilling,Holcombe Distilling,Australia,au-abr,38463172365,The Trustee for 1689 Family Trust,self,abr-bulk-name,high,,https://data.gov.au/data/dataset/abn-bulk-extract,name jaccard 1.00 via business name 'Holcombe Distilling Company'; ABN ACT from 2016; Discretionary Trading Trust; main business location VIC 3079 (state agrees); ACN none; GST ACT; ABR record updated 2024
hold-fast-distillery,Hold Fast Distillery,Australia,au-abr,70293532945,The Trustee for GJ Family Trust,self,abr-bulk-name,high,,https://data.gov.au/data/dataset/abn-bulk-extract,name jaccard 1.00 via business name 'Hold Fast Distillery'; ABN ACT from 2017; Discretionary Trading Trust; main business location NSW 2622 (postcode agrees); ACN none; GST ACT; ABR record updated 2026
hold-fast-distillery,Hold Fast Distillery,Australia,au-abr,69671942925,The Trustee for HOLD FAST FAMILY TRUST,self,abr-bulk-name,medium,,https://data.gov.au/data/dataset/abn-bulk-extract,name jaccard 1.00 via entity name 'The Trustee for HOLD FAST FAMILY TRUST'; ABN ACT from 2009; Discretionary Investment Trust; main business location NSW 2665 (state agrees); ACN none; GST NON; ABR record updated 2009
hold-fast-distillery,Hold Fast Distillery,Australia,au-abr,20498870998,The Trustee for Hold Fast Unit Trust,self,abr-bulk-name,medium,,https://data.gov.au/data/dataset/abn-bulk-extract,name jaccard 1.00 via entity name 'The Trustee for Hold Fast Unit Trust'; ABN ACT from 2013; Fixed Unit Trust; main business location NSW 2575 (state agrees); ACN none; GST ACT; ABR record updated 2013
hold-fast-distillery,Hold Fast Distillery,Australia,au-asic,654912240,MALENY DISTILLING COMPANY PTY LTD,self,asic-bulk-name,medium,,https://data.gov.au/data/dataset/asic-companies,"name jaccard 1.00 on 'HOLD FAST DISTILLING CO PTY LTD'; ASIC status REGD; APTY/LMSH/PROP; registered 29/10/2021; state of registration n/a; ABN 79654912240; FORMER name, current name MALENY DISTILLING COMPANY PTY LTD"
hoochery-distillery,Hoochery Distillery,Australia,au-abr,43615768093,ORD RIVER DISTILLERY PTY LTD,self,abr-bulk-name,high,,https://data.gov.au/data/dataset/abn-bulk-extract,name jaccard 1.00 via business name 'Hoochery Distillery'; ABN ACT from 2016; Australian Private Company; main business location WA 6743 (postcode agrees); ACN 615768093; GST ACT; ABR record updated 2020
hoochery-distillery,Hoochery Distillery,Australia,au-asic,615768093,ORD RIVER DISTILLERY PTY LTD,self,abr-acn-link,high,,https://data.gov.au/data/dataset/asic-companies,ACN from ABN 43615768093 (ORD RIVER DISTILLERY PTY LTD); ASIC status REGD; APTY/LMSH/PROP; registered 07/11/2016; state of registration n/a; ABN 43615768093
hopscotch-distillers-pty-ltd,Hopscotch Distillers Pty Ltd,Australia,au-abr,80657176264,HOPSCOTCH DISTILLERS PTY LTD,self,abr-bulk-name,high,,https://data.gov.au/data/dataset/abn-bulk-extract,name jaccard 1.00 via entity name 'HOPSCOTCH DISTILLERS PTY LTD'; ABN ACT from 2022; Australian Private Company; main business location QLD 4352 (postcode agrees); ACN 657176264; GST ACT; ABR record updated 2023
hopscotch-distillers-pty-ltd,Hopscotch Distillers Pty Ltd,Australia,au-asic,657176264,HOPSCOTCH DISTILLERS PTY LTD,self,asic-bulk-name,high,,https://data.gov.au/data/dataset/asic-companies,name jaccard 1.00 on 'HOPSCOTCH DISTILLERS PTY LTD'; ASIC status REGD; APTY/LMSH/PROP; registered 09/02/2022; state of registration n/a; ABN 80657176264
hounds-tooth-distillery,Hounds Tooth Distillery,Australia,au-abr,15689292429,"(individual, sole trader ABN; trades as Hounds Tooth Whisky)",self,abr-bulk-name,medium,,https://data.gov.au/data/dataset/abn-bulk-extract,name jaccard 1.00 via business name 'Hounds Tooth Whisky'; ABN ACT from 2006; Individual/Sole Trader; main business location TAS 7000 (state agrees); ACN none; GST CAN; ABR record updated 2026
hunchy-hills-distillery,Hunchy Hills Distillery,Australia,au-abr,38725260226,The Trustee for Hunchy Hills Distillery Trust,self,abr-bulk-name,high,,https://data.gov.au/data/dataset/abn-bulk-extract,name jaccard 1.00 via entity name 'The Trustee for Hunchy Hills Distillery Trust'; ABN ACT from 2022; Discretionary Trading Trust; main business location QLD 4555 (postcode agrees); ACN none; GST ACT; ABR record updated 2023
hunchy-hills-distillery,Hunchy Hills Distillery,Australia,au-asic,663998007,HUNCHY HILLS DISTILLERY PTY LTD,self,asic-bulk-name,high,,https://data.gov.au/data/dataset/asic-companies,name jaccard 1.00 on 'HUNCHY HILLS DISTILLERY PTY LTD'; ASIC status REGD; APTY/LMSH/PROP; registered 22/11/2022; state of registration n/a; ABN 0
hunnington-distillery,Hunnington Distillery,Australia,au-abr,62712052565,The Trustee for DAVID HUNN FAMILY TRUST,self,abr-bulk-name,high,,https://data.gov.au/data/dataset/abn-bulk-extract,name jaccard 1.00 via business name 'Hunnington Distillery'; ABN ACT from 2003; Discretionary Trading Trust; main business location TAS 7155 (postcode agrees); ACN none; GST ACT; ABR record updated 2017
hunter-distillery,Hunter Distillery,Australia,au-asic,003908478,HUNTER WINES PTY LIMITED,self,asic-bulk-name,low,,https://data.gov.au/data/dataset/asic-companies,name jaccard 1.00 on 'HUNTER WINES PTY LIMITED' (state of registration agrees); ASIC status REGD; APTY/LMSH/PROP; registered 01/12/1989; state of registration NSW; ABN 0
hunter-distillery,Hunter Distillery,Australia,au-asic,632031504,VINEYARD HUNTER GROUP PTY LTD,self,asic-bulk-name,low,,https://data.gov.au/data/dataset/asic-companies,name jaccard 1.00 on 'VINEYARD HUNTER GROUP PTY LTD'; ASIC status REGD; APTY/LMSH/PROP; registered 04/03/2019; state of registration n/a; ABN 33632031504
hunter-distillery,Hunter Distillery,Australia,au-abr,32664608619,HD OPERATIONS PTY LTD,self,abr-bulk-name,medium,,https://data.gov.au/data/dataset/abn-bulk-extract,ambiguous: 3 companies match equally; name jaccard 1.00 via business name 'Hunter Distillery'; ABN ACT from 2022; Australian Private Company; main business location NSW 2320 (postcode agrees); ACN 664608619; GST ACT; ABR record updated 2023
hunter-distillery,Hunter Distillery,Australia,au-abr,56111967116,Hunter Bottling Company Pty Ltd,self,abr-bulk-name,medium,,https://data.gov.au/data/dataset/abn-bulk-extract,ambiguous: 3 companies match equally; name jaccard 1.00 via entity name 'Hunter Bottling Company Pty Ltd'; ABN ACT from 2004; Australian Private Company; main business location NSW 2320 (postcode agrees); ACN 111967116; GST ACT; ABR record updated 2014
hunter-distillery,Hunter Distillery,Australia,au-abr,71992854426,The trustee for Hunter Distillery Unit Trust,self,abr-bulk-name,medium,,https://data.gov.au/data/dataset/abn-bulk-extract,ambiguous: 3 companies match equally; name jaccard 1.00 via entity name 'The trustee for Hunter Distillery Unit Trust'; ABN ACT from 2011; Fixed Unit Trust; main business location NSW 2320 (postcode agrees); ACN none; GST CAN; ABR record updated 2024
hunter-distillery,Hunter Distillery,Australia,au-asic,664608619,HD OPERATIONS PTY LTD,self,abr-acn-link,medium,,https://data.gov.au/data/dataset/asic-companies,ambiguous: 2 companies match equally; ACN from ABN 32664608619 (HD OPERATIONS PTY LTD); ASIC status REGD; APTY/LMSH/PROP; registered 20/12/2022; state of registration n/a; ABN 32664608619
hunter-distillery,Hunter Distillery,Australia,au-asic,111967116,HUNTER BOTTLING COMPANY PTY LTD,self,abr-acn-link,medium,,https://data.gov.au/data/dataset/asic-companies,ambiguous: 2 companies match equally; ACN from ABN 56111967116 (Hunter Bottling Company Pty Ltd); ASIC status REGD; APTY/LMSH/PROP; registered 26/11/2004; state of registration n/a; ABN 56111967116
hunter-distillery,Hunter Distillery,Australia,au-asic,140727386,SPIRIT OF THE HUNTER PTY LTD,self,asic-bulk-name,medium,,https://data.gov.au/data/dataset/asic-companies,name jaccard 1.00 on 'SPIRIT OF THE HUNTER PTY LTD'; ASIC status REGD; APTY/LMSH/PROP; registered 24/11/2009; state of registration n/a; ABN 0
husk-farm-distillery,Husk Farm Distillery,Australia,au-abr,89155169430,Husk Industries Pty Ltd,self,abr-bulk-name,medium,,https://data.gov.au/data/dataset/abn-bulk-extract,name jaccard 1.00 via business name 'Husk Distillers'; ABN ACT from 2012; Australian Private Company; main business location NSW 2490 (postcode agrees); ACN 155169430; GST ACT; ABR record updated 2019
husk-farm-distillery,Husk Farm Distillery,Australia,au-asic,155169430,HUSK INDUSTRIES PTY LTD,self,abr-acn-link,medium,,https://data.gov.au/data/dataset/asic-companies,ACN from ABN 89155169430 (Husk Industries Pty Ltd); ASIC status REGD; APTY/LMSH/PROP; registered 16/01/2012; state of registration n/a; ABN 89155169430
illegal-tender-distilling-co,Illegal Tender Distilling Co,Australia,au-abr,82607760592,ILLEGAL TENDER RUM CO. PTY LTD,self,abr-bulk-name,high,,https://data.gov.au/data/dataset/abn-bulk-extract,name jaccard 1.00 via business name 'Illegal Tender Brewing & Distilling Co.'; ABN ACT from 2015; Australian Private Company; main business location WA 6525 (postcode agrees); ACN 607760592; GST ACT; ABR record updated 2022
illegal-tender-distilling-co,Illegal Tender Distilling Co,Australia,au-asic,607760592,ILLEGAL TENDER RUM CO. PTY LTD,self,abr-acn-link,high,,https://data.gov.au/data/dataset/asic-companies,ACN from ABN 82607760592 (ILLEGAL TENDER RUM CO. PTY LTD); ASIC status REGD; APTY/LMSH/PROP; registered 20/08/2015; state of registration n/a; ABN 82607760592
illegal-tender-distilling-co,Illegal Tender Distilling Co,Australia,au-abr,33626609461,ILLEGAL TENDER HQ PTY LTD,self,abr-bulk-name,medium,,https://data.gov.au/data/dataset/abn-bulk-extract,name jaccard 0.67 via entity name 'ILLEGAL TENDER HQ PTY LTD'; ABN ACT from 2018; Australian Private Company; main business location WA 6525 (postcode agrees); ACN 626609461; GST NON; ABR record updated 2026
illegal-tender-distilling-co,Illegal Tender Distilling Co,Australia,au-asic,626609461,ILLEGAL TENDER HQ PTY LTD,self,asic-bulk-name,medium,,https://data.gov.au/data/dataset/asic-companies,"name jaccard 1.00 on 'ILLEGAL TENDER DISTILLING CO. PTY LTD'; ASIC status REGD; APTY/LMSH/PROP; registered 05/06/2018; state of registration n/a; ABN 33626609461; FORMER name, current name ILLEGAL TENDER HQ PTY LTD"
imbibis-craft-distillery,Imbibis Craft Distillery,Australia,au-abr,23634121270,JMH DISTILLING PTY LTD,self,abr-bulk-name,high,,https://data.gov.au/data/dataset/abn-bulk-extract,name jaccard 1.00 via business name 'Imbibis craft distillery'; ABN ACT from 2019; Australian Private Company; main business location QLD 4118 (state agrees); ACN 634121270; GST ACT; ABR record updated 2020
imbibis-craft-distillery,Imbibis Craft Distillery,Australia,au-asic,634121270,JMH DISTILLING PTY LTD,self,abr-acn-link,high,,https://data.gov.au/data/dataset/asic-companies,ACN from ABN 23634121270 (JMH DISTILLING PTY LTD); ASIC status REGD; APTY/LMSH/PROP; registered 14/06/2019; state of registration n/a; ABN 23634121270
imbue-distillery-door,Imbue Distillery Door,Australia,au-abr,97626430706,IMBUE DISTILLERY PTY. LTD.,self,abr-bulk-name,low,,https://data.gov.au/data/dataset/abn-bulk-extract,name jaccard 0.50 via entity name 'IMBUE DISTILLERY PTY. LTD.'; ABN ACT from 2018; Australian Private Company; main business location VIC 3095 (postcode agrees); ACN 626430706; GST ACT; ABR record updated 2022
imbue-distillery-door,Imbue Distillery Door,Australia,au-asic,626430706,IMBUE DISTILLERY PTY. LTD.,self,abr-acn-link,low,,https://data.gov.au/data/dataset/asic-companies,ACN from ABN 97626430706 (IMBUE DISTILLERY PTY. LTD.); ASIC status REGD; APTY/LMSH/PROP; registered 28/05/2018; state of registration n/a; ABN 97626430706
impression-bay-distillery,Impression Bay Distillery,Australia,au-abr,62630569729,IMPRESSION BAY DISTILLERY PTY LTD,self,abr-bulk-name,high,,https://data.gov.au/data/dataset/abn-bulk-extract,name jaccard 1.00 via entity name 'IMPRESSION BAY DISTILLERY PTY LTD'; ABN ACT from 2019; Australian Private Company; main business location TAS 7185 (postcode agrees); ACN 630569729; GST ACT; ABR record updated 2019
impression-bay-distillery,Impression Bay Distillery,Australia,au-asic,630569729,IMPRESSION BAY DISTILLERY PTY LTD,self,asic-bulk-name,high,,https://data.gov.au/data/dataset/asic-companies,name jaccard 1.00 on 'IMPRESSION BAY DISTILLERY PTY LTD'; ASIC status REGD; APTY/LMSH/PROP; registered 13/12/2018; state of registration n/a; ABN 62630569729
impression-bay-distillery,Impression Bay Distillery,Australia,au-abr,60884119604,"(individual, sole trader ABN; trades as Impression Bay Distillery)",self,abr-bulk-name,medium,,https://data.gov.au/data/dataset/abn-bulk-extract,name jaccard 1.00 via business name 'Impression Bay Distillery'; ABN ACT from 2012; Individual/Sole Trader; main business location TAS 7185 (postcode agrees); ACN none; GST CAN; ABR record updated 2022
impression-bay-distillery,Impression Bay Distillery,Australia,au-abr,95806591987,The Trustee for Southlander Family Trust,self,abr-bulk-name,medium,,https://data.gov.au/data/dataset/abn-bulk-extract,"name jaccard 1.00 via business name 'IMPRESSION BAY FARM' (category word differs, no distilling word on this ABN); ABN ACT from 2003; Discretionary Trading Trust; main business location TAS 7010 (state agrees); ACN none; GST ACT; ABR record updated 2026"
infusa-distillery,Infusa Distillery,Australia,au-abr,18440467214,The Trustee for JABS Trust,self,abr-bulk-name,high,,https://data.gov.au/data/dataset/abn-bulk-extract,name jaccard 1.00 via business name 'Infusa Distillery'; ABN ACT from 2022; Discretionary Trading Trust; main business location VIC 3844 (postcode agrees); ACN none; GST ACT; ABR record updated 2026
innes-distillery,Innes Distillery,Australia,au-abr,87630985750,TASMANIAN INDUSTRIES PTY LTD,self,abr-bulk-name,low,,https://data.gov.au/data/dataset/abn-bulk-extract,name jaccard 1.00 via business name 'Innes Distillery'; ABN ACT from 2019; Australian Private Company; main business location TAS 7170 (state agrees); ACN 630985750; GST ACT; ABR record updated 2026
innes-distillery,Innes Distillery,Australia,au-asic,630985750,TASMANIAN INDUSTRIES PTY LTD,self,abr-acn-link,low,,https://data.gov.au/data/dataset/asic-companies,ACN from ABN 87630985750 (TASMANIAN INDUSTRIES PTY LTD); ASIC status REGD; APTY/LMSH/PROP; registered 14/01/2019; state of registration n/a; ABN 87630985750
itinerant-spirits-cocktail-bar-distillery,Itinerant Spirits,Australia,au-abr,79675474101,ITINERANT SPIRITS PTY LTD,self,abr-bulk-name,high,,https://data.gov.au/data/dataset/abn-bulk-extract,name jaccard 1.00 via entity name 'ITINERANT SPIRITS PTY LTD'; ABN ACT from 2024; Australian Private Company; main business location VIC 3350 (postcode agrees); ACN 675474101; GST ACT; ABR record updated 2024
itinerant-spirits-cocktail-bar-distillery,Itinerant Spirits,Australia,au-asic,675474101,ITINERANT SPIRITS PTY LTD,self,asic-bulk-name,high,,https://data.gov.au/data/dataset/asic-companies,name jaccard 1.00 on 'ITINERANT SPIRITS PTY LTD'; ASIC status REGD; APTY/LMSH/PROP; registered 04/03/2024; state of registration n/a; ABN 79675474101
its4u-winery-and-distillery,ITS4U Winery and Distillery,Australia,au-abr,45618324824,ITS4U PTY. LTD.,self,abr-bulk-name,medium,,https://data.gov.au/data/dataset/abn-bulk-extract,name jaccard 1.00 via entity name 'ITS4U PTY. LTD.'; ABN ACT from 2017; Australian Private Company; main business location QLD 4670 (postcode agrees); ACN 618324824; GST ACT; ABR record updated 2024
its4u-winery-and-distillery,ITS4U Winery and Distillery,Australia,au-asic,618324824,ITS4U PTY. LTD.,self,abr-acn-link,medium,,https://data.gov.au/data/dataset/asic-companies,ACN from ABN 45618324824 (ITS4U PTY. LTD.); ASIC status REGD; APTY/LMSH/PROP; registered 03/04/2017; state of registration n/a; ABN 45618324824
jance-distillery,Jance Distillery,Australia,au-abr,13650451273,JANCE PTY LTD,self,abr-bulk-name,medium,,https://data.gov.au/data/dataset/abn-bulk-extract,name jaccard 1.00 via entity name 'JANCE PTY LTD'; ABN ACT from 2021; Australian Private Company; main business location NSW 2155 (postcode agrees); ACN 650451273; GST ACT; ABR record updated 2021
jance-distillery,Jance Distillery,Australia,au-asic,650451273,JANCE PTY LTD,self,abr-acn-link,medium,,https://data.gov.au/data/dataset/asic-companies,ACN from ABN 13650451273 (JANCE PTY LTD); ASIC status REGD; APTY/LMSH/PROP; registered 24/05/2021; state of registration n/a; ABN 13650451273
jbc-distillery,JBC Distillery,Australia,au-abr,22114967289,MAELSTROM HOLDINGS PTY LTD,self,abr-bulk-name,medium,,https://data.gov.au/data/dataset/abn-bulk-extract,name jaccard 1.00 via business name 'JBC DISTILLERY'; ABN ACT from 2021; Australian Private Company; main business location VIC 3127 (postcode agrees); ACN 114967289; GST ACT; ABR record updated 2025
jbc-distillery,JBC Distillery,Australia,au-asic,114967289,MAELSTROM HOLDINGS PTY LTD,self,abr-acn-link,medium,,https://data.gov.au/data/dataset/asic-companies,ACN from ABN 22114967289 (MAELSTROM HOLDINGS PTY LTD); ASIC status REGD; APTY/LMSH/PROP; registered 27/06/2005; state of registration n/a; ABN 22114967289
jimmyrum,JimmyRum,Australia,au-abr,57614284150,JIMMYRUM PTY LTD,self,lcv-licensee+abr-bulk,high,,https://data.gov.au/data/dataset/abn-bulk-extract,"licensee of LCV producer's licence 32812039 ('JIMMYRUM', DROMANA), name jaccard 1.00; name jaccard 1.00 via licensee legal name; ABN ACT from 2016; Australian Private Company; main business location VIC 3936 (postcode agrees); ACN 614284150; GST ACT; ABR record updated 2019"
jimmyrum,JimmyRum,Australia,au-asic,614284150,JIMMYRUM PTY LTD,self,lcv-licensee+abr-acn-link,high,,https://data.gov.au/data/dataset/asic-companies,ACN from ABN 57614284150 (JIMMYRUM PTY LTD); ASIC status REGD; APTY/LMSH/PROP; registered 17/08/2016; state of registration n/a; ABN 57614284150
joadja-distillery-tourism-historic-site,Joadja Distillery,Australia,au-asic,111434916,SOUTHERN FRONTIER PTY LTD,self,abr-acn-link,high,,https://data.gov.au/data/dataset/asic-companies,ACN from ABN 53111434916 (Southern Frontier Pty Ltd); ASIC status REGD; APTY/LMSH/PROP; registered 19/10/2004; state of registration n/a; ABN 53111434916
joadja-distillery-tourism-historic-site,Joadja Distillery,Australia,au-asic,100720447,HIGHLANDS CLASSICS PTY LTD,self,asic-bulk-name,low,,https://data.gov.au/data/dataset/asic-companies,"name jaccard 1.00 on 'JOADJA BREWING COMPANY PTY LTD'; ASIC status REGD; APTY/LMSH/PROP; registered 29/05/2002; state of registration n/a; ABN 17100720447; FORMER name, current name HIGHLANDS CLASSICS PTY LTD"
joadja-distillery-tourism-historic-site,Joadja Distillery,Australia,au-abr,53111434916,Southern Frontier Pty Ltd,self,abr-bulk-name,medium,,https://data.gov.au/data/dataset/abn-bulk-extract,ambiguous: 2 companies match equally; name jaccard 1.00 via business name 'JOADJA WHISKY'; ABN ACT from 2004; Australian Private Company; main business location NSW 2575 (postcode agrees); ACN 111434916; GST NON; ABR record updated 2016
joadja-distillery-tourism-historic-site,Joadja Distillery,Australia,au-abr,74121236815,THE JOADJA TOURS PTY LTD,self,abr-bulk-name,medium,,https://data.gov.au/data/dataset/abn-bulk-extract,name jaccard 1.00 via entity name 'THE JOADJA TOURS PTY LTD'; ABN CAN from 2014; Australian Private Company; main business location NSW 2575 (postcode agrees); ACN 121236815; GST NON; ABR record updated 2015
joadja-distillery-tourism-historic-site,Joadja Distillery,Australia,au-abr,97476173125,The trustee for Blue Frontier Trust,self,abr-bulk-name,medium,,https://data.gov.au/data/dataset/abn-bulk-extract,ambiguous: 2 companies match equally; name jaccard 1.00 via business name 'Joadja Distillery'; ABN ACT from 2004; Discretionary Trading Trust; main business location NSW 2575 (postcode agrees); ACN none; GST ACT; ABR record updated 2022
jones-smith-distillery,Jones Smith Distillery,Australia,au-abr,59618309998,JONES & SMITH DISTILLERY PTY LTD,self,abr-bulk-name,high,,https://data.gov.au/data/dataset/abn-bulk-extract,name jaccard 1.00 via entity name 'JONES & SMITH DISTILLERY PTY LTD'; ABN ACT from 2017; Australian Private Company; main business location NSW 2800 (postcode agrees); ACN 618309998; GST ACT; ABR record updated 2017
jones-smith-distillery,Jones Smith Distillery,Australia,au-asic,618309998,JONES & SMITH DISTILLERY PTY LTD,self,asic-bulk-name,high,,https://data.gov.au/data/dataset/asic-companies,name jaccard 1.00 on 'JONES & SMITH DISTILLERY PTY LTD'; ASIC status REGD; APTY/LMSH/PROP; registered 31/03/2017; state of registration n/a; ABN 59618309998
jones-smith-distillery,Jones Smith Distillery,Australia,au-abr,25653657636,"(partnership of individuals, Other Partnership; trades as S.L JONES & A.I SMITH)",self,abr-bulk-name,medium,,https://data.gov.au/data/dataset/abn-bulk-extract,name jaccard 1.00 via entity name 'S.L JONES & A.I SMITH'; ABN ACT from 2014; Other Partnership; main business location NSW 2795 (state agrees); ACN none; GST NON; ABR record updated 2014
jones-smith-distillery,Jones Smith Distillery,Australia,au-abr,97803088368,The Trustee for Jones Smith Family Trust,self,abr-bulk-name,medium,,https://data.gov.au/data/dataset/abn-bulk-extract,name jaccard 1.00 via entity name 'The Trustee for Jones Smith Family Trust'; ABN ACT from 2019; Discretionary Investment Trust; main business location NSW 2088 (state agrees); ACN none; GST NON; ABR record updated 2019
just-b-distillery,Just B Distillery,Australia,au-abr,62509044706,"(individual, sole trader ABN; trades as JUST B DISTILLERY)",self,abr-bulk-name,medium,,https://data.gov.au/data/dataset/abn-bulk-extract,name jaccard 1.00 via business name 'JUST B DISTILLERY'; ABN ACT from 2020; Individual/Sole Trader; main business location TAS 7007 (postcode agrees); ACN none; GST ACT; ABR record updated 2025
kalki-moon-distilling-company,Kalki Moon Distilling Company,Australia,au-abr,53614765347,KALKI MOON DISTILLING AND BREWING COMPANY PTY LTD,self,abr-bulk-name,high,,https://data.gov.au/data/dataset/abn-bulk-extract,name jaccard 1.00 via entity name 'KALKI MOON DISTILLING AND BREWING COMPANY PTY LTD'; ABN ACT from 2016; Australian Private Company; main business location QLD 4670 (postcode agrees); ACN 614765347; GST ACT; ABR record updated 2017
kalki-moon-distilling-company,Kalki Moon Distilling Company,Australia,au-asic,614765347,KALKI MOON DISTILLING AND BREWING COMPANY PTY LTD,self,asic-bulk-name,high,,https://data.gov.au/data/dataset/asic-companies,name jaccard 1.00 on 'KALKI MOON DISTILLING AND BREWING COMPANY PTY LTD'; ASIC status REGD; APTY/LMSH/PROP; registered 12/09/2016; state of registration n/a; ABN 53614765347
karu-distillery,Karu Distillery,Australia,au-abr,66619791909,KARU DISTILLERY PTY LTD,self,abr-bulk-name,medium,,https://data.gov.au/data/dataset/abn-bulk-extract,name jaccard 1.00 via entity name 'KARU DISTILLERY PTY LTD'; ABN ACT from 2017; Australian Private Company; main business location NSW 2753 (postcode agrees); ACN 619791909; GST ACT; ABR record updated 2017
karu-distillery,Karu Distillery,Australia,au-asic,619791909,KARU DISTILLERY PTY LTD,self,abr-acn-link,medium,,https://data.gov.au/data/dataset/asic-companies,ACN from ABN 66619791909 (KARU DISTILLERY PTY LTD); ASIC status REGD; APTY/LMSH/PROP; registered 16/06/2017; state of registration n/a; ABN 66619791909
kilderkin-distillery,Kilderkin Distillery,Australia,au-asic,607377631,THE KILDERKIN DISTILLERY PTY LTD,self,asic-bulk-name,high,,https://data.gov.au/data/dataset/asic-companies,name jaccard 1.00 on 'THE KILDERKIN DISTILLERY PTY LTD'; ASIC status REGD; APTY/LMSH/PROP; registered 30/07/2015; state of registration n/a; ABN 33607377631
kilderkin-distillery,Kilderkin Distillery,Australia,au-abr,33607377631,THE KILDERKIN DISTILLERY PTY LTD,self,abr-bulk-name,medium,,https://data.gov.au/data/dataset/abn-bulk-extract,ambiguous: 2 companies match equally; name jaccard 1.00 via entity name 'THE KILDERKIN DISTILLERY PTY LTD'; ABN ACT from 2015; Australian Private Company; main business location VIC 3350 (postcode agrees); ACN 607377631; GST NON; ABR record updated 2018
kilderkin-distillery,Kilderkin Distillery,Australia,au-abr,46495763351,The Trustee for Kilderkin Distillery Unit Trust,self,abr-bulk-name,medium,,https://data.gov.au/data/dataset/abn-bulk-extract,ambiguous: 2 companies match equally; name jaccard 1.00 via entity name 'The Trustee for Kilderkin Distillery Unit Trust'; ABN ACT from 2016; Fixed Unit Trust; main business location VIC 3350 (postcode agrees); ACN none; GST ACT; ABR record updated 2017
kilderkin-distillery,Kilderkin Distillery,Australia,au-abr,83476967364,The Trustee for The Kilderkin Holdings Unit Trust,self,abr-bulk-name,medium,,https://data.gov.au/data/dataset/abn-bulk-extract,name jaccard 1.00 via entity name 'The Trustee for The Kilderkin Holdings Unit Trust'; ABN ACT from 2016; Fixed Unit Trust; main business location VIC 3350 (postcode agrees); ACN none; GST ACT; ABR record updated 2021
killara-distillery,Killara Distillery,Australia,au-abr,18306318405,The Trustee for the Whisky Down Under Trust,self,abr-bulk-name,high,,https://data.gov.au/data/dataset/abn-bulk-extract,name jaccard 1.00 via business name 'Killara Distillery'; ABN ACT from 2020; Discretionary Trading Trust; main business location TAS 7050 (state agrees); ACN none; GST ACT; ABR record updated 2021
killara-distillery,Killara Distillery,Australia,au-asic,626835158,KILLARA VINEYARD PTY LTD,self,asic-bulk-name,low,,https://data.gov.au/data/dataset/asic-companies,name jaccard 1.00 on 'KILLARA VINEYARD PTY LTD'; ASIC status REGD; APTY/LMSH/PROP; registered 15/06/2018; state of registration n/a; ABN 52626835158
killara-distillery,Killara Distillery,Australia,au-asic,090812561,KILLARA WINES PTY LTD,self,asic-bulk-name,low,,https://data.gov.au/data/dataset/asic-companies,name jaccard 1.00 on 'KILLARA WINES PTY LTD'; ASIC status REGD; APTY/LMSH/PROP; registered 06/12/1999; state of registration n/a; ABN 16090812561
killik-handcrafted-rum,Killik Handcrafted Rum,Australia,au-abr,24607392165,THAT LITTLE BREWERY PTY. LTD.,self,abr-bulk-name,high,,https://data.gov.au/data/dataset/abn-bulk-extract,name jaccard 1.00 via business name 'KILLIK HANDCRAFTED RUM'; ABN ACT from 2015; Australian Private Company; main business location VIC 3156 (state agrees); ACN 607392165; GST ACT; ABR record updated 2019
killik-handcrafted-rum,Killik Handcrafted Rum,Australia,au-asic,607392165,THAT LITTLE BREWERY PTY. LTD.,self,abr-acn-link,high,,https://data.gov.au/data/dataset/asic-companies,ACN from ABN 24607392165 (THAT LITTLE BREWERY PTY. LTD.); ASIC status REGD; APTY/LMSH/PROP; registered 31/07/2015; state of registration n/a; ABN 24607392165
kimberley-rum-c,Kimberley Rum C,Australia,au-abr,56970409005,"(individual, sole trader ABN; trades as Kimberley Spirit Tours)",self,abr-bulk-name,medium,,https://data.gov.au/data/dataset/abn-bulk-extract,name jaccard 1.00 via business name 'Kimberley Spirit Tours'; ABN ACT from 2018; Individual/Sole Trader; main business location WA 6743 (state agrees); ACN none; GST ACT; ABR record updated 2024
kimberley-rum-c,Kimberley Rum C,Australia,au-abr,81630271206,KIMBERLEY SPIRITS DISTILLERY PTY LTD,self,abr-bulk-name,medium,,https://data.gov.au/data/dataset/abn-bulk-extract,ambiguous: 2 companies match equally; name jaccard 1.00 via entity name 'KIMBERLEY SPIRITS DISTILLERY PTY LTD'; ABN ACT from 2022; Australian Private Company; main business location WA 6725 (state agrees); ACN 630271206; GST ACT; ABR record updated 2022
kimberley-rum-c,Kimberley Rum C,Australia,au-abr,53143217707,Kimberley Rum Company Pty Ltd,self,abr-bulk-name,medium,,https://data.gov.au/data/dataset/abn-bulk-extract,ambiguous: 2 companies match equally; name jaccard 1.00 via entity name 'Kimberley Rum Company Pty Ltd'; ABN ACT from 2010; Australian Private Company; main business location WA 6056 (postcode agrees); ACN 143217707; GST ACT; ABR record updated 2010
kimberley-rum-c,Kimberley Rum C,Australia,au-asic,143217707,KIMBERLEY RUM COMPANY PTY LTD,self,asic-bulk-name,medium,,https://data.gov.au/data/dataset/asic-companies,ambiguous: 2 companies match equally; name jaccard 1.00 on 'KIMBERLEY RUM COMPANY PTY LTD'; ASIC status REGD; APTY/LMSH/PROP; registered 20/04/2010; state of registration n/a; ABN 53143217707
kimberley-rum-c,Kimberley Rum C,Australia,au-asic,630271206,KIMBERLEY SPIRITS DISTILLERY PTY LTD,self,abr-acn-link,medium,,https://data.gov.au/data/dataset/asic-companies,ambiguous: 2 companies match equally; ACN from ABN 81630271206 (KIMBERLEY SPIRITS DISTILLERY PTY LTD); ASIC status REGD; APTY/LMSH/PROP; registered 27/11/2018; state of registration n/a; ABN 81630271206
king-island-distillery-airport-bar,King Island Distillery,Australia,au-asic,602126072,KING ISLAND DISTILLERY PTY LTD,self,asic-bulk-name,high,,https://data.gov.au/data/dataset/asic-companies,name jaccard 1.00 on 'KING ISLAND DISTILLERY PTY LTD'; ASIC status REGD; APTY/LMSH/PROP; registered 01/10/2014; state of registration n/a; ABN 68602126072
king-island-distillery-airport-bar,King Island Distillery,Australia,au-abr,11734522601,"(individual, sole trader ABN; trades as King Island Artisan)",self,abr-bulk-name,medium,,https://data.gov.au/data/dataset/abn-bulk-extract,name jaccard 1.00 via business name 'King Island Artisan'; ABN ACT from 2003; Individual/Sole Trader; main business location TAS 7256 (postcode agrees); ACN none; GST CAN; ABR record updated 2026
king-island-distillery-airport-bar,King Island Distillery,Australia,au-abr,68602126072,KING ISLAND DISTILLERY PTY LTD,self,abr-bulk-name,medium,,https://data.gov.au/data/dataset/abn-bulk-extract,ambiguous: 2 companies match equally; name jaccard 1.00 via entity name 'KING ISLAND DISTILLERY PTY LTD'; ABN ACT from 2014; Australian Private Company; main business location TAS 7256 (postcode agrees); ACN 602126072; GST ACT; ABR record updated 2026
king-island-distillery-airport-bar,King Island Distillery,Australia,au-abr,86407128772,The Trustee for KING ISLAND TRUST,self,abr-bulk-name,medium,,https://data.gov.au/data/dataset/abn-bulk-extract,ambiguous: 2 companies match equally; name jaccard 1.00 via entity name 'The Trustee for KING ISLAND TRUST'; ABN ACT from 2005; Discretionary Investment Trust; main business location TAS 7256 (postcode agrees); ACN none; GST ACT; ABR record updated 2021
king-island-distillery-airport-bar,King Island Distillery,Australia,au-asic,620833712,KING ISLAND DISTILLING COMPANY PTY LTD,self,asic-bulk-name,medium,,https://data.gov.au/data/dataset/asic-companies,name jaccard 1.00 on 'KING ISLAND DISTILLING COMPANY PTY LTD'; ASIC status REGD; APTY/LMSH/PROP; registered 02/08/2017; state of registration n/a; ABN 34620833712
king-island-distillery-airport-bar,King Island Distillery,Australia,au-asic,664705015,KING ISLAND WINES PTY LTD,self,asic-bulk-name,medium,,https://data.gov.au/data/dataset/asic-companies,name jaccard 1.00 on 'KING ISLAND WINES PTY LTD'; ASIC status REGD; APTY/LMSH/PROP; registered 03/01/2023; state of registration n/a; ABN 50664705015
king-island-distillery-bass-strait,King Island Distillery Bass Strait,Australia,au-abr,34620833712,KING ISLAND DISTILLING COMPANY PTY LTD,self,abr-bulk-name,high,,https://data.gov.au/data/dataset/abn-bulk-extract,name jaccard 1.00 via business name 'King Island Distillery Bass Strait'; ABN ACT from 2020; Australian Private Company; main business location QLD 4006; ACN 620833712; GST ACT; ABR record updated 2020
king-island-distillery-bass-strait,King Island Distillery Bass Strait,Australia,au-asic,620833712,KING ISLAND DISTILLING COMPANY PTY LTD,self,abr-acn-link,high,,https://data.gov.au/data/dataset/asic-companies,ACN from ABN 34620833712 (KING ISLAND DISTILLING COMPANY PTY LTD); ASIC status REGD; APTY/LMSH/PROP; registered 02/08/2017; state of registration n/a; ABN 34620833712
king-island-distillery-bass-strait,King Island Distillery Bass Strait,Australia,au-abr,74852348702,"(partnership of individuals, Other Partnership; trades as Strait To King Island)",self,abr-bulk-name,medium,,https://data.gov.au/data/dataset/abn-bulk-extract,name jaccard 0.60 via business name 'Strait To King Island'; ABN ACT from 2025; Other Partnership; main business location TAS 7256 (postcode agrees); ACN none; GST NON; ABR record updated 2025
kinglake-distillery,Kinglake Distillery,Australia,au-abr,94617507365,KINGLAKE DISTILLERY PTY. LTD.,self,abr-bulk-name,high,,https://data.gov.au/data/dataset/abn-bulk-extract,name jaccard 1.00 via entity name 'KINGLAKE DISTILLERY PTY. LTD.'; ABN ACT from 2017; Australian Private Company; main business location VIC 3757 (postcode agrees); ACN 617507365; GST ACT; ABR record updated 2017
kinglake-distillery,Kinglake Distillery,Australia,au-asic,617507365,KINGLAKE DISTILLERY PTY. LTD.,self,asic-bulk-name,high,,https://data.gov.au/data/dataset/asic-companies,name jaccard 1.00 on 'KINGLAKE DISTILLERY PTY. LTD.'; ASIC status REGD; APTY/LMSH/PROP; registered 20/02/2017; state of registration n/a; ABN 94617507365
kitty-hawk-distillery,Kitty Hawk Distillery,Australia,au-asic,622818366,KITTY HAWK SPIRITS PTY LTD,self,abr-acn-link,high,,https://data.gov.au/data/dataset/asic-companies,ACN from ABN 54622818366 (KITTY HAWK SPIRITS PTY LTD); ASIC status REGD; APTY/LMSH/PROP; registered 13/11/2017; state of registration n/a; ABN 54622818366
kitty-hawk-distillery,Kitty Hawk Distillery,Australia,au-abr,54622818366,KITTY HAWK SPIRITS PTY LTD,self,abr-bulk-name,medium,,https://data.gov.au/data/dataset/abn-bulk-extract,ambiguous: 2 companies match equally; name jaccard 1.00 via entity name 'KITTY HAWK SPIRITS PTY LTD'; ABN ACT from 2017; Australian Private Company; main business location QLD 4151 (state agrees); ACN 622818366; GST ACT; ABR record updated 2021
kitty-hawk-distillery,Kitty Hawk Distillery,Australia,au-abr,75537428865,The trustee for Wood Service Trust,self,abr-bulk-name,medium,,https://data.gov.au/data/dataset/abn-bulk-extract,ambiguous: 2 companies match equally; name jaccard 1.00 via business name 'Kitty Hawk Spirits'; ABN ACT from 2007; Discretionary Services Management Trust; main business location QLD 4151 (state agrees); ACN none; GST CAN; ABR record updated 2017
lake-meran-brewery-distillery,Lake Meran Brewery & Distillery,Australia,au-abr,72661177617,LAKE MERAN FARM PTY LTD,self,lcv-licensee+abr-bulk,high,,https://data.gov.au/data/dataset/abn-bulk-extract,"licensee of LCV producer's licence 32810906 ('LAKE MERAN FARM', MEERING WEST), name jaccard 1.00; name jaccard 1.00 via licensee legal name; ABN ACT from 2022; Australian Private Company; main business location VIC 3579 (postcode agrees); ACN 661177617; GST ACT; ABR record updated 2022"
lake-meran-brewery-distillery,Lake Meran Brewery & Distillery,Australia,au-asic,661177617,LAKE MERAN FARM PTY LTD,self,lcv-licensee+abr-acn-link,high,,https://data.gov.au/data/dataset/asic-companies,ACN from ABN 72661177617 (LAKE MERAN FARM PTY LTD); ASIC status REGD; APTY/LMSH/PROP; registered 25/07/2022; state of registration n/a; ABN 72661177617
lark-distillery,Lark Distillery,Australia,au-abr,62104600544,LARK DISTILLING CO. LTD,group,hand,high,,https://data.gov.au/data/dataset/abn-bulk-extract,"ABN active, public company (ASX: LRK); ACN 104600544; main business location TAS 7030"
lark-distillery,Lark Distillery,Australia,au-abr,57100738074,LARK DISTILLERY PTY LTD,self,hand,high,,https://data.gov.au/data/dataset/abn-bulk-extract,"ABN active, private company; ACN 100738074; subsidiary of the ASX-listed Lark Distilling Co. Ltd"
lark-distillery,Lark Distillery,Australia,au-abr,55091498633,"(partnership of individuals, Other Partnership; trades as LARK DISTILLERY)",self,abr-bulk-name,low,,https://data.gov.au/data/dataset/abn-bulk-extract,name jaccard 1.00 via trading name 'LARK DISTILLERY'; ABN CAN from 2002; Other Partnership; main business location TAS 7050 (state agrees); ACN none; GST CAN; ABR record updated 2002
lark-distillery,Lark Distillery,Australia,au-asic,100738074,LARK DISTILLERY PTY LTD,self,abr-acn-link,low,,https://data.gov.au/data/dataset/asic-companies,ACN from ABN 57100738074 (LARK DISTILLERY PTY LTD); ASIC status REGD; APTY/LMSH/PROP; registered 30/05/2002; state of registration n/a; ABN 57100738074
lark-distillery,Lark Distillery,Australia,au-asic,104600544,LARK DISTILLING CO. LTD,self,abr-acn-link,low,,https://data.gov.au/data/dataset/asic-companies,ACN from ABN 62104600544 (LARK DISTILLING CO. LTD); ASIC status REGD; APUB/LMSH/LIST; registered 02/05/2003; state of registration n/a; ABN 62104600544
lark-distillery-pontville,"LARK Distillery, Pontville",Australia,au-abr,62104600544,LARK DISTILLING CO. LTD,group,hand,high,,https://data.gov.au/data/dataset/abn-bulk-extract,"ABN active, public company (ASX: LRK); ACN 104600544; main business location TAS 7030 (postcode agrees)"
lark-distillery-pontville,"LARK Distillery, Pontville",Australia,au-abr,57100738074,LARK DISTILLERY PTY LTD,self,hand,high,,https://data.gov.au/data/dataset/abn-bulk-extract,"ABN active, private company; ACN 100738074; Pontville is Lark's production site (Shene Rd)"
lark-distillery-pontville,"LARK Distillery, Pontville",Australia,au-abr,55091498633,"(partnership of individuals, Other Partnership; trades as LARK DISTILLERY)",self,abr-bulk-name,low,,https://data.gov.au/data/dataset/abn-bulk-extract,name jaccard 1.00 via trading name 'LARK DISTILLERY'; ABN CAN from 2002; Other Partnership; main business location TAS 7050 (state agrees); ACN none; GST CAN; ABR record updated 2002
lark-distillery-pontville,"LARK Distillery, Pontville",Australia,au-asic,100738074,LARK DISTILLERY PTY LTD,self,abr-acn-link,low,,https://data.gov.au/data/dataset/asic-companies,site is group-run per the hand row; name match is a lead; ACN from ABN 57100738074 (LARK DISTILLERY PTY LTD); ASIC status REGD; APTY/LMSH/PROP; registered 30/05/2002; state of registration n/a; ABN 57100738074
lark-distillery-pontville,"LARK Distillery, Pontville",Australia,au-asic,104600544,LARK DISTILLING CO. LTD,self,abr-acn-link,low,,https://data.gov.au/data/dataset/asic-companies,site is group-run per the hand row; name match is a lead; ACN from ABN 62104600544 (LARK DISTILLING CO. LTD); ASIC status REGD; APUB/LMSH/LIST; registered 02/05/2003; state of registration n/a; ABN 62104600544
last-drop-distillery,Last Drop Distillery,Australia,au-asic,101584285,LAST DROP BREWERY PTY LTD,self,asic-bulk-name,medium,,https://data.gov.au/data/dataset/asic-companies,name jaccard 1.00 on 'LAST DROP BREWERY PTY LTD'; ASIC status REGD; APTY/LMSH/PROP; registered 02/08/2002; state of registration n/a; ABN 88101584285
launceston-distillery,Launceston Distillery,Australia,au-asic,167029227,LAUNCESTON DISTILLERY PTY LTD,self,asic-bulk-name,high,,https://data.gov.au/data/dataset/asic-companies,name jaccard 1.00 on 'LAUNCESTON DISTILLERY PTY LTD'; ASIC status REGD; APTY/LMSH/PROP; registered 02/12/2013; state of registration n/a; ABN 37167029227
launceston-distillery,Launceston Distillery,Australia,au-abr,62679665493,LAUNCESTON BEER COMPANY PTY LTD,self,abr-bulk-name,medium,,https://data.gov.au/data/dataset/abn-bulk-extract,ambiguous: 2 companies match equally; name jaccard 1.00 via entity name 'LAUNCESTON BEER COMPANY PTY LTD'; ABN ACT from 2024; Australian Private Company; main business location TAS 7018 (state agrees); ACN 679665493; GST ACT; ABR record updated 2026
launceston-distillery,Launceston Distillery,Australia,au-abr,37167029227,LAUNCESTON DISTILLERY PTY LTD,self,abr-bulk-name,medium,,https://data.gov.au/data/dataset/abn-bulk-extract,ambiguous: 2 companies match equally; name jaccard 1.00 via entity name 'LAUNCESTON DISTILLERY PTY LTD'; ABN ACT from 2013; Australian Private Company; main business location TAS 7212 (postcode agrees); ACN 167029227; GST ACT; ABR record updated 2014
launceston-distillery,Launceston Distillery,Australia,au-asic,679665493,LAUNCESTON BEER COMPANY PTY LTD,self,asic-bulk-name,medium,,https://data.gov.au/data/dataset/asic-companies,name jaccard 1.00 on 'LAUNCESTON BEER COMPANY PTY LTD'; ASIC status EXAD; APTY/LMSH/PROP; registered 05/08/2024; state of registration n/a; ABN 62679665493
lawrenny-estate-distilling-tasmanian-distillery,Lawrenny Estate Distilling - Tasmanian Distillery,Australia,au-abr,87612937756,LAWRENNY ESTATE DISTILLING PTY LTD,self,abr-bulk-name,high,,https://data.gov.au/data/dataset/abn-bulk-extract,name jaccard 1.00 via business name 'Lawrenny Tasmanian Single Malt Whisky'; ABN ACT from 2016; Australian Private Company; main business location TAS 7140 (postcode agrees); ACN 612937756; GST ACT; ABR record updated 2022
lawrenny-estate-distilling-tasmanian-distillery,Lawrenny Estate Distilling - Tasmanian Distillery,Australia,au-asic,612937756,LAWRENNY ESTATE DISTILLING PTY LTD,self,abr-acn-link,high,,https://data.gov.au/data/dataset/asic-companies,ACN from ABN 87612937756 (LAWRENNY ESTATE DISTILLING PTY LTD); ASIC status REGD; APTY/LMSH/PROP; registered 10/06/2016; state of registration n/a; ABN 87612937756
lemon-tree-passage-distilling,Lemon Tree Passage Distilling,Australia,au-abr,32931913771,"(individual, sole trader ABN; trades as Lemon Tree Passage Distilling)",self,abr-bulk-name,medium,,https://data.gov.au/data/dataset/abn-bulk-extract,name jaccard 1.00 via business name 'Lemon Tree Passage Distilling'; ABN ACT from 2012; Individual/Sole Trader; main business location NSW 2319 (postcode agrees); ACN none; GST ACT; ABR record updated 2026
lemon-tree-passage-distilling,Lemon Tree Passage Distilling,Australia,au-abr,34616775261,AUSLAND PRODUCTS AND SERVICES PTY LTD,self,abr-bulk-name,medium,,https://data.gov.au/data/dataset/abn-bulk-extract,"name jaccard 0.75 via business name 'lemon tree passage motel' (category word differs, no distilling word on this ABN); ABN ACT from 2017; Australian Private Company; main business location NSW 2319 (postcode agrees); ACN 616775261; GST ACT; ABR record updated 2023"
lemon-tree-passage-distilling,Lemon Tree Passage Distilling,Australia,au-abr,36145142132,Lemon Tree Passage Oysters Pty. Ltd.,self,abr-bulk-name,medium,,https://data.gov.au/data/dataset/abn-bulk-extract,name jaccard 0.75 via entity name 'Lemon Tree Passage Oysters Pty. Ltd.'; ABN ACT from 2010; Australian Private Company; main business location NSW 2319 (postcode agrees); ACN 145142132; GST ACT; ABR record updated 2011
lemon-tree-passage-distilling,Lemon Tree Passage Distilling,Australia,au-asic,616775261,AUSLAND PRODUCTS AND SERVICES PTY LTD,self,abr-acn-link,medium,,https://data.gov.au/data/dataset/asic-companies,ACN from ABN 34616775261 (AUSLAND PRODUCTS AND SERVICES PTY LTD); ASIC status REGD; APTY/LMSH/PROP; registered 11/01/2017; state of registration n/a; ABN 34616775261
lemon-tree-passage-distilling,Lemon Tree Passage Distilling,Australia,au-asic,145142132,LEMON TREE PASSAGE OYSTERS PTY. LTD.,self,abr-acn-link,medium,,https://data.gov.au/data/dataset/asic-companies,ACN from ABN 36145142132 (Lemon Tree Passage Oysters Pty. Ltd.); ASIC status REGD; APTY/LMSH/PROP; registered 11/07/2010; state of registration n/a; ABN 36145142132
lily-fields-distilling-co,Lily Fields Distilling Co,Australia,au-abr,23656902617,LILY FIELDS DISTILLING CO PTY LTD,self,abr-bulk-name,high,,https://data.gov.au/data/dataset/abn-bulk-extract,name jaccard 1.00 via entity name 'LILY FIELDS DISTILLING CO PTY LTD'; ABN ACT from 2022; Australian Private Company; main business location NSW 2040 (state agrees); ACN 656902617; GST ACT; ABR record updated 2023
lily-fields-distilling-co,Lily Fields Distilling Co,Australia,au-asic,656902617,LILY FIELDS DISTILLING CO PTY LTD,self,asic-bulk-name,high,,https://data.gov.au/data/dataset/asic-companies,name jaccard 1.00 on 'LILY FIELDS DISTILLING CO PTY LTD'; ASIC status REGD; APTY/LMSH/PROP; registered 29/01/2022; state of registration n/a; ABN 23656902617
limeburners,Limeburners,Australia,au-asic,110857504,LATRO SOUTHERN PTY LTD,operator,abr-acn-link,high,,https://data.gov.au/data/dataset/asic-companies,ACN from ABN 78110857504 (LATRO SOUTHERN PTY LTD); ASIC status REGD; APTY/LMSH/PROP; registered 07/09/2004; state of registration n/a; ABN 78110857504
limeburners,Limeburners,Australia,au-abr,28955140778,The Trustee for THE PERRY SPANBROEK FAMILY TRUST,operator,abr-bulk-name,medium,,https://data.gov.au/data/dataset/abn-bulk-extract,name jaccard 0.67 via trading name 'GREAT SOUTHERN LIQUOR SUPPLIES'; ABN CAN from 2016; Other trust; main business location WA 6330 (postcode agrees); ACN none; GST CAN; ABR record updated 2016
limeburners,Limeburners,Australia,au-abr,78110857504,LATRO SOUTHERN PTY LTD,self,hand,high,,https://data.gov.au/data/dataset/abn-bulk-extract,"ABN active, private company, trading name 'Great Southern Distilling Company', WA 6330 (Albany, postcode agrees); ACN 110857504; Limeburners is its whisky brand"
limeburners,Limeburners,Australia,au-abr,18614008132,OPERATIX PTY LTD,self,abr-bulk-name,high,,https://data.gov.au/data/dataset/abn-bulk-extract,name jaccard 1.00 via business name 'Great Southern Distilling Company'; ABN ACT from 2016; Australian Private Company; main business location WA 6330 (postcode agrees); ACN 614008132; GST ACT; ABR record updated 2023
limeburners,Limeburners,Australia,au-asic,614008132,OPERATIX PTY LTD,self,abr-acn-link,high,,https://data.gov.au/data/dataset/asic-companies,ACN from ABN 18614008132 (OPERATIX PTY LTD); ASIC status REGD; APTY/LMSH/PROP; registered 02/08/2016; state of registration n/a; ABN 18614008132
limeburners-and-ginversity-in-the-valley,Limeburners and Ginversity in the Valley,Australia,au-abr,78110857504,LATRO SOUTHERN PTY LTD,operator,hand,high,,https://data.gov.au/data/dataset/abn-bulk-extract,"ABN active, trading name 'Great Southern Distilling Company' (Albany WA 6330); ACN 110857504; the Swan Valley site is its second distillery"
limeburners-and-ginversity-in-the-valley,Limeburners and Ginversity in the Valley,Australia,au-asic,110857504,LATRO SOUTHERN PTY LTD,operator,abr-acn-link,high,,https://data.gov.au/data/dataset/asic-companies,ACN from ABN 78110857504 (LATRO SOUTHERN PTY LTD); ASIC status REGD; APTY/LMSH/PROP; registered 07/09/2004; state of registration n/a; ABN 78110857504
limeburners-and-ginversity-in-the-valley,Limeburners and Ginversity in the Valley,Australia,au-abr,18614008132,OPERATIX PTY LTD,self,abr-bulk-name,low,,https://data.gov.au/data/dataset/abn-bulk-extract,site is group-run per the hand row; name match is a lead; name jaccard 1.00 via business name 'Great Southern Distilling Company'; ABN ACT from 2016; Australian Private Company; main business location WA 6330 (state agrees); ACN 614008132; GST ACT; ABR record updated 2023
limeburners-and-ginversity-in-the-valley,Limeburners and Ginversity in the Valley,Australia,au-asic,614008132,OPERATIX PTY LTD,self,abr-acn-link,low,,https://data.gov.au/data/dataset/asic-companies,site is group-run per the hand row; name match is a lead; ACN from ABN 18614008132 (OPERATIX PTY LTD); ASIC status REGD; APTY/LMSH/PROP; registered 02/08/2016; state of registration n/a; ABN 18614008132
little-lon-distilling-co,Little Lon Distilling Co.,Australia,au-asic,681755439,LYNDEN BARNES PTY LTD,self,abr-acn-link,high,,https://data.gov.au/data/dataset/asic-companies,ACN from ABN 14681755439 (LYNDEN BARNES PTY LTD); ASIC status REGD; APTY/LMSH/PROP; registered 23/10/2024; state of registration n/a; ABN 14681755439
little-lon-distilling-co,Little Lon Distilling Co.,Australia,au-abr,56501792231,"(individual, sole trader ABN; trades as Little Lon)",self,abr-bulk-name,medium,,https://data.gov.au/data/dataset/abn-bulk-extract,name jaccard 1.00 via business name 'Little Lon'; ABN ACT from 2015; Individual/Sole Trader; main business location VIC 3437 (state agrees); ACN none; GST NON; ABR record updated 2015
little-lon-distilling-co,Little Lon Distilling Co.,Australia,au-abr,20585053703,LITTLE LON DISTILLING CO TRUST,self,abr-bulk-name,medium,,https://data.gov.au/data/dataset/abn-bulk-extract,ambiguous: 2 companies match equally; name jaccard 1.00 via entity name 'LITTLE LON DISTILLING CO TRUST'; ABN ACT from 2019; Discretionary Trading Trust; main business location VIC 3350 (state agrees); ACN none; GST ACT; ABR record updated 2023
little-lon-distilling-co,Little Lon Distilling Co.,Australia,au-abr,14681755439,LYNDEN BARNES PTY LTD,self,abr-bulk-name,medium,,https://data.gov.au/data/dataset/abn-bulk-extract,ambiguous: 2 companies match equally; name jaccard 1.00 via business name 'Little Lon Distilling Co.'; ABN ACT from 2024; Australian Private Company; main business location VIC 3000 (postcode agrees); ACN 681755439; GST ACT; ABR record updated 2025
little-lon-distilling-co,Little Lon Distilling Co.,Australia,au-asic,636656481,BIZM PTY LTD,self,asic-bulk-name,medium,,https://data.gov.au/data/dataset/asic-companies,"name jaccard 1.00 on 'LITTLE LON DISTILLING CO PTY LTD'; ASIC status REGD; APTY/LMSH/PROP; registered 07/10/2019; state of registration n/a; ABN 0; FORMER name, current name BIZM PTY LTD"
little-stiller-distillery,Little Stiller Distillery,Australia,au-abr,53784826711,The Trustee for The Mana Family Trust,self,abr-bulk-name,high,,https://data.gov.au/data/dataset/abn-bulk-extract,name jaccard 1.00 via business name 'Little Stiller'; ABN ACT from 2017; Discretionary Trading Trust; main business location WA 6210 (postcode agrees); ACN none; GST ACT; ABR record updated 2020
little-things-distilling-co,Little Things Distilling Co,Australia,au-abr,31633014025,LINGIARI PTY LTD,self,abr-bulk-name,high,,https://data.gov.au/data/dataset/abn-bulk-extract,name jaccard 1.00 via business name 'Little Things Distilling Co'; ABN ACT from 2019; Australian Private Company; main business location WA 6011 (state agrees); ACN 633014025; GST ACT; ABR record updated 2026
little-things-distilling-co,Little Things Distilling Co,Australia,au-asic,633014025,LINGIARI PTY LTD,self,abr-acn-link,high,,https://data.gov.au/data/dataset/asic-companies,ACN from ABN 31633014025 (LINGIARI PTY LTD); ASIC status REGD; APTY/LMSH/PROP; registered 18/04/2019; state of registration n/a; ABN 31633014025
little-things-distilling-co,Little Things Distilling Co,Australia,au-abr,74277218640,The Trustee for The Little Things Family Trust,self,abr-bulk-name,medium,,https://data.gov.au/data/dataset/abn-bulk-extract,name jaccard 1.00 via entity name 'The Trustee for The Little Things Family Trust'; ABN ACT from 2022; Discretionary Trading Trust; main business location WA 6021 (state agrees); ACN none; GST ACT; ABR record updated 2024
little-things-distilling-co,Little Things Distilling Co,Australia,au-asic,618375545,LITTLE THINGS DU VIN PTY LTD,self,asic-bulk-name,medium,,https://data.gov.au/data/dataset/asic-companies,name jaccard 1.00 on 'LITTLE THINGS DU VIN PTY LTD'; ASIC status REGD; APTY/LMSH/PROP; registered 04/04/2017; state of registration n/a; ABN 0
lizard-dragon-distillers,Lizard Dragon Distillers,Australia,au-abr,19652729916,THORNY DEVIL DISTILLERS PTY LTD,self,abr-bulk-name,high,,https://data.gov.au/data/dataset/abn-bulk-extract,name jaccard 1.00 via business name 'LIZARD DRAGON DISTILLERS'; ABN ACT from 2021; Australian Private Company; main business location WA 6030 (postcode agrees); ACN 652729916; GST ACT; ABR record updated 2023
lizard-dragon-distillers,Lizard Dragon Distillers,Australia,au-asic,652729916,THORNY DEVIL DISTILLERS PTY LTD,self,abr-acn-link,high,,https://data.gov.au/data/dataset/asic-companies,ACN from ABN 19652729916 (THORNY DEVIL DISTILLERS PTY LTD); ASIC status REGD; APTY/LMSH/PROP; registered 11/08/2021; state of registration n/a; ABN 19652729916
loaded-barrel-distillery,Loaded Barrel Distillery,Australia,au-abr,22743385286,The Trustee for Loaded Barrel Distillery Trust,self,abr-bulk-name,high,,https://data.gov.au/data/dataset/abn-bulk-extract,name jaccard 1.00 via entity name 'The Trustee for Loaded Barrel Distillery Trust'; ABN ACT from 2018; Discretionary Investment Trust; main business location VIC 3179 (state agrees); ACN none; GST ACT; ABR record updated 2024
loaded-barrel-distillery,Loaded Barrel Distillery,Australia,au-asic,629302398,LOADED BARREL DISTILLERY PTY LTD,self,asic-bulk-name,high,,https://data.gov.au/data/dataset/asic-companies,name jaccard 1.00 on 'LOADED BARREL DISTILLERY PTY LTD'; ASIC status REGD; APTY/LMSH/PROP; registered 10/10/2018; state of registration n/a; ABN 0
loaded-barrel-distillery,Loaded Barrel Distillery,Australia,au-abr,81660945549,"(individual, sole trader ABN; trades as LOADED BARREL)",self,abr-bulk-name,medium,,https://data.gov.au/data/dataset/abn-bulk-extract,name jaccard 1.00 via other name 'LOADED BARREL'; ABN CAN from 2015; Individual/Sole Trader; main business location NSW 2165; ACN none; GST CAN; ABR record updated 2016
loch-brewery-distillery,Loch Brewery & Distillery,Australia,au-abr,43650135934,LOCH DISTILLING CO PTY LTD,self,lcv-licensee+abr-bulk,high,,https://data.gov.au/data/dataset/abn-bulk-extract,"licensee of LCV producer's licence 32807092 ('LOCH BREWERY & DISTILLERY', LOCH), name jaccard 1.00; name jaccard 1.00 via licensee legal name; ABN ACT from 2021; Australian Private Company; main business location VIC 3945 (postcode agrees); ACN 650135934; GST ACT; ABR record updated 2021"
loch-brewery-distillery,Loch Brewery & Distillery,Australia,au-asic,650135934,LOCH DISTILLING CO PTY LTD,self,lcv-licensee+abr-acn-link,high,,https://data.gov.au/data/dataset/asic-companies,ACN from ABN 43650135934 (LOCH DISTILLING CO PTY LTD); ASIC status REGD; APTY/LMSH/PROP; registered 12/05/2021; state of registration n/a; ABN 43650135934
loch-brewery-distillery,Loch Brewery & Distillery,Australia,au-abr,16616931947,LOCH WINE BAR PTY LTD,self,abr-bulk-name,low,,https://data.gov.au/data/dataset/abn-bulk-extract,"name jaccard 1.00 via entity name 'LOCH WINE BAR PTY LTD' (category word differs, no distilling word on this ABN); ABN CAN from 2026; Australian Private Company; main business location VIC 3810 (state agrees); ACN 616931947; GST CAN; ABR record updated 2026"
loch-brewery-distillery,Loch Brewery & Distillery,Australia,au-asic,616931947,LOCH WINE BAR PTY LTD,self,abr-acn-link,low,,https://data.gov.au/data/dataset/asic-companies,ACN from ABN 16616931947 (LOCH WINE BAR PTY LTD); ASIC status DRGD; APTY/LMSH/PROP; registered 20/01/2017; deregistered 20/03/2026; state of registration n/a; ABN 16616931947
loch-brewery-distillery,Loch Brewery & Distillery,Australia,au-abr,96874460537,"(partnership of individuals, Family Partnership; trades as LOCH BREWERY & DISTILLERY)",self,abr-bulk-name,medium,,https://data.gov.au/data/dataset/abn-bulk-extract,name jaccard 1.00 via business name 'LOCH BREWERY & DISTILLERY'; ABN ACT from 2012; Family Partnership; main business location VIC 3945 (postcode agrees); ACN none; GST ACT; ABR record updated 2013
lord-byron-distillery,Lord Byron Distillery,Australia,au-abr,14611249702,LORD BYRON PTY LTD,self,abr-bulk-name,high,,https://data.gov.au/data/dataset/abn-bulk-extract,name jaccard 1.00 via entity name 'LORD BYRON PTY LTD'; ABN ACT from 2017; Australian Private Company; main business location NSW 2481 (postcode agrees); ACN 611249702; GST ACT; ABR record updated 2018
lord-byron-distillery,Lord Byron Distillery,Australia,au-asic,611249702,LORD BYRON PTY LTD,self,abr-acn-link,high,,https://data.gov.au/data/dataset/asic-companies,ACN from ABN 14611249702 (LORD BYRON PTY LTD); ASIC status REGD; APTY/LMSH/PROP; registered 10/03/2016; state of registration n/a; ABN 14611249702
lord-byron-distillery,Lord Byron Distillery,Australia,au-abr,29149040792,LORD BYRON UNIT TRUST,self,abr-bulk-name,medium,,https://data.gov.au/data/dataset/abn-bulk-extract,name jaccard 1.00 via entity name 'LORD BYRON UNIT TRUST'; ABN CAN from 2005; Other trust; main business location NSW 2481 (postcode agrees); ACN none; GST CAN; ABR record updated 2016
lord-byron-distillery,Lord Byron Distillery,Australia,au-asic,609731473,LADY LOVELACE PTY LTD,self,asic-bulk-name,medium,,https://data.gov.au/data/dataset/asic-companies,"name jaccard 1.00 on 'LORD BYRON RUM PTY LTD'; ASIC status REGD; APTY/LMSH/PROP; registered 08/12/2015; state of registration n/a; ABN 0; FORMER name, current name LADY LOVELACE PTY LTD"
lower-marsh-distillery,Lower Marsh Distillery,Australia,au-abr,14898548020,"(partnership of individuals, Other Partnership; trades as Lower Marsh Distillery)",self,abr-bulk-name,medium,,https://data.gov.au/data/dataset/abn-bulk-extract,name jaccard 1.00 via business name 'Lower Marsh Distillery'; ABN ACT from 2017; Other Partnership; main business location TAS 7030 (postcode agrees); ACN none; GST ACT; ABR record updated 2023
mad-monkey-distillery,Mad Monkey Distillery,Australia,au-abr,37631933161,MAD MONKEY DISTILLERY PTY LTD,self,abr-bulk-name,high,,https://data.gov.au/data/dataset/abn-bulk-extract,name jaccard 1.00 via entity name 'MAD MONKEY DISTILLERY PTY LTD'; ABN ACT from 2019; Australian Private Company; main business location SA 5008 (postcode agrees); ACN 631933161; GST ACT; ABR record updated 2024
mad-monkey-distillery,Mad Monkey Distillery,Australia,au-asic,631933161,MAD MONKEY DISTILLERY PTY LTD,self,asic-bulk-name,high,,https://data.gov.au/data/dataset/asic-companies,name jaccard 1.00 on 'MAD MONKEY DISTILLERY PTY LTD'; ASIC status REGD; APTY/LMSH/PROP; registered 27/02/2019; state of registration n/a; ABN 37631933161
maffco-brewery-and-distillery,Maffco Brewery and Distillery,Australia,au-abr,36612892556,DREW WALSH PTY LTD,self,abr-bulk-name,low,,https://data.gov.au/data/dataset/abn-bulk-extract,"name jaccard 0.50 via business name 'Maffco Brewery and Taphouse' (category word differs, no distilling word on this ABN); ABN ACT from 2016; Australian Private Company; main business location VIC 3860 (postcode agrees); ACN 612892556; GST ACT; ABR record updated 2023"
maffco-brewery-and-distillery,Maffco Brewery and Distillery,Australia,au-asic,612892556,DREW WALSH PTY LTD,self,abr-acn-link,low,,https://data.gov.au/data/dataset/asic-companies,ACN from ABN 36612892556 (DREW WALSH PTY LTD); ASIC status REGD; APTY/LMSH/PROP; registered 08/06/2016; state of registration n/a; ABN 36612892556
mahogany-inn-and-distillery,Mahogany Inn and Distillery,Australia,au-abr,48210139107,The Trustee for Inn the Hills,self,abr-bulk-name,high,,https://data.gov.au/data/dataset/abn-bulk-extract,name jaccard 1.00 via business name 'Mahogany Inn and Distillery'; ABN ACT from 2023; Discretionary Trading Trust; main business location WA 6081 (state agrees); ACN none; GST ACT; ABR record updated 2024
margaret-river-distilling-company,Margaret River Distilling Company,Australia,au-abr,20614008141,EUPHORIX PTY LTD,self,abr-bulk-name,medium,,https://data.gov.au/data/dataset/abn-bulk-extract,ambiguous: 3 companies match equally; name jaccard 1.00 via business name 'Margaret River Distilling Company'; ABN ACT from 2016; Australian Private Company; main business location WA 6285 (postcode agrees); ACN 614008141; GST ACT; ABR record updated 2018
margaret-river-distilling-company,Margaret River Distilling Company,Australia,au-abr,64617401493,MARGARET RIVER TRADING PTY. LTD.,self,abr-bulk-name,medium,,https://data.gov.au/data/dataset/abn-bulk-extract,ambiguous: 3 companies match equally; name jaccard 1.00 via entity name 'MARGARET RIVER TRADING PTY. LTD.'; ABN ACT from 2017; Australian Private Company; main business location WA 6285 (postcode agrees); ACN 617401493; GST NON; ABR record updated 2017
margaret-river-distilling-company,Margaret River Distilling Company,Australia,au-abr,87693825188,WA CAPES RURAL INDUSTRIES PTY LTD,self,abr-bulk-name,medium,,https://data.gov.au/data/dataset/abn-bulk-extract,ambiguous: 3 companies match equally; name jaccard 1.00 via business name 'River Co. Margaret River'; ABN ACT from 2025; Australian Private Company; main business location WA 6285 (postcode agrees); ACN 693825188; GST ACT; ABR record updated 2026
margaret-river-distilling-company,Margaret River Distilling Company,Australia,au-asic,614008141,EUPHORIX PTY LTD,self,abr-acn-link,medium,,https://data.gov.au/data/dataset/asic-companies,ambiguous: 4 companies match equally; ACN from ABN 20614008141 (EUPHORIX PTY LTD); ASIC status REGD; APTY/LMSH/PROP; registered 02/08/2016; state of registration n/a; ABN 20614008141
margaret-river-distilling-company,Margaret River Distilling Company,Australia,au-asic,008937111,MARGARET RIVER BREWING CO PTY LTD,self,asic-bulk-name,medium,,https://data.gov.au/data/dataset/asic-companies,name jaccard 1.00 on 'MARGARET RIVER BREWING CO PTY LTD' (state of registration agrees); ASIC status REGD; APTY/LMSH/PROP; registered 08/03/1982; state of registration WA; ABN 54008937111
margaret-river-distilling-company,Margaret River Distilling Company,Australia,au-asic,121248726,MARGARET RIVER DISTILLING COMPANY PTY LTD,self,asic-bulk-name,medium,,https://data.gov.au/data/dataset/asic-companies,ambiguous: 4 companies match equally; name jaccard 1.00 on 'MARGARET RIVER DISTILLING COMPANY PTY LTD'; ASIC status REGD; APTY/LMSH/PROP; registered 15/08/2006; state of registration n/a; ABN 16121248726
margaret-river-distilling-company,Margaret River Distilling Company,Australia,au-asic,617401493,MARGARET RIVER TRADING PTY. LTD.,self,abr-acn-link,medium,,https://data.gov.au/data/dataset/asic-companies,ambiguous: 4 companies match equally; ACN from ABN 64617401493 (MARGARET RIVER TRADING PTY. LTD.); ASIC status REGD; APTY/LMSH/PROP; registered 15/02/2017; state of registration n/a; ABN 64617401493
margaret-river-distilling-company,Margaret River Distilling Company,Australia,au-asic,009261867,MARGARET RIVER WINERY PTY LTD,self,asic-bulk-name,medium,,https://data.gov.au/data/dataset/asic-companies,name jaccard 1.00 on 'MARGARET RIVER WINERY PTY LTD' (state of registration agrees); ASIC status REGD; APTY/LMSH/PROP; registered 04/08/1987; state of registration WA; ABN 29009261867
margaret-river-distilling-company,Margaret River Distilling Company,Australia,au-asic,693825188,WA CAPES RURAL INDUSTRIES PTY LTD,self,abr-acn-link,medium,,https://data.gov.au/data/dataset/asic-companies,ambiguous: 4 companies match equally; ACN from ABN 87693825188 (WA CAPES RURAL INDUSTRIES PTY LTD); ASIC status REGD; APTY/LMSH/PROP; registered 17/12/2025; state of registration n/a; ABN 87693825188
maria-river-distillery,Maria River Distillery,Australia,au-abr,61159326235,MAXONLINE ASIA PACIFIC PTY LTD,self,abr-bulk-name,high,,https://data.gov.au/data/dataset/abn-bulk-extract,name jaccard 1.00 via business name 'MARIA RIVER DISTILLERY'; ABN ACT from 2012; Australian Private Company; main business location NSW 2440 (postcode agrees); ACN 159326235; GST ACT; ABR record updated 2022
maria-river-distillery,Maria River Distillery,Australia,au-asic,159326235,MAXONLINE ASIA PACIFIC PTY LTD,self,abr-acn-link,high,,https://data.gov.au/data/dataset/asic-companies,ACN from ABN 61159326235 (MAXONLINE ASIA PACIFIC PTY LTD); ASIC status REGD; APTY/LMSH/PROP; registered 03/07/2012; state of registration n/a; ABN 61159326235
maria-river-distillery,Maria River Distillery,Australia,au-abr,73001073294,MARIA RIVER PTY LTD,self,abr-bulk-name,medium,,https://data.gov.au/data/dataset/abn-bulk-extract,name jaccard 1.00 via entity name 'MARIA RIVER PTY LTD'; ABN CAN from 2002; Australian Private Company; main business location NSW 2444 (state agrees); ACN 001073294; GST CAN; ABR record updated 2002
mates-gin-distillery,Mates Gin Distillery,Australia,au-abr,34651672043,MATES GIN DISTILLERY PTY LTD,self,abr-bulk-name,high,,https://data.gov.au/data/dataset/abn-bulk-extract,name jaccard 1.00 via entity name 'MATES GIN DISTILLERY PTY LTD'; ABN ACT from 2021; Australian Private Company; main business location VIC 3995 (postcode agrees); ACN 651672043; GST ACT; ABR record updated 2026
mates-gin-distillery,Mates Gin Distillery,Australia,au-asic,651672043,MATES GIN DISTILLERY PTY LTD,self,asic-bulk-name,high,,https://data.gov.au/data/dataset/asic-companies,name jaccard 1.00 on 'MATES GIN DISTILLERY PTY LTD'; ASIC status REGD; APTY/LMSH/PROP; registered 04/07/2021; state of registration n/a; ABN 34651672043
mcgregor-young,McGregor & Young,Australia,au-abr,75633966944,MCGREGOR & YOUNG PTY LTD,self,abr-bulk-name,high,,https://data.gov.au/data/dataset/abn-bulk-extract,name jaccard 1.00 via entity name 'MCGREGOR & YOUNG PTY LTD'; ABN ACT from 2019; Australian Private Company; main business location SA 5015 (postcode agrees); ACN 633966944; GST ACT; ABR record updated 2025
mcgregor-young,McGregor & Young,Australia,au-asic,633966944,MCGREGOR & YOUNG PTY LTD,self,abr-acn-link,high,,https://data.gov.au/data/dataset/asic-companies,ACN from ABN 75633966944 (MCGREGOR & YOUNG PTY LTD); ASIC status REGD; APTY/LMSH/PROP; registered 06/06/2019; state of registration n/a; ABN 75633966944
mchenry-distillery,McHenry Distillery,Australia,au-abr,62137248938,MCHENRY DISTILLERY PTY LTD,self,abr-bulk-name,high,,https://data.gov.au/data/dataset/abn-bulk-extract,name jaccard 1.00 via entity name 'MCHENRY DISTILLERY PTY LTD'; ABN ACT from 2009; Australian Private Company; main business location TAS 7182 (postcode agrees); ACN 137248938; GST ACT; ABR record updated 2022
mchenry-distillery,McHenry Distillery,Australia,au-asic,137248938,MCHENRY DISTILLERY PTY LTD,self,asic-bulk-name,high,,https://data.gov.au/data/dataset/asic-companies,name jaccard 1.00 on 'MCHENRY DISTILLERY PTY LTD'; ASIC status REGD; APTY/LMSH/PROP; registered 21/05/2009; state of registration n/a; ABN 62137248938
mcmullen-distillery,McMullen Distillery,Australia,au-abr,41686597384,MCMULLEN DISTILLERY PTY LTD,self,abr-bulk-name,high,,https://data.gov.au/data/dataset/abn-bulk-extract,name jaccard 1.00 via entity name 'MCMULLEN DISTILLERY PTY LTD'; ABN ACT from 2025; Australian Private Company; main business location VIC 3116 (state agrees); ACN 686597384; GST NON; ABR record updated 2025
mcmullen-distillery,McMullen Distillery,Australia,au-asic,686597384,MCMULLEN DISTILLERY PTY LTD,self,asic-bulk-name,high,,https://data.gov.au/data/dataset/asic-companies,name jaccard 1.00 on 'MCMULLEN DISTILLERY PTY LTD'; ASIC status REGD; APTY/LMSH/PROP; registered 28/04/2025; state of registration n/a; ABN 41686597384
mcmullen-distillery,McMullen Distillery,Australia,au-abr,83729807606,"(individual, sole trader ABN; trades as MCMULLEN DISTILLERY)",self,abr-bulk-name,medium,,https://data.gov.au/data/dataset/abn-bulk-extract,name jaccard 1.00 via business name 'MCMULLEN DISTILLERY'; ABN ACT from 2022; Individual/Sole Trader; main business location VIC 3140 (postcode agrees); ACN none; GST NON; ABR record updated 2024
mcrobert-distillery,McRobert Distillery,Australia,au-abr,41617532626,MCROBERT DISTILLERY PTY LTD,self,abr-bulk-name,high,,https://data.gov.au/data/dataset/abn-bulk-extract,name jaccard 1.00 via entity name 'MCROBERT DISTILLERY PTY LTD'; ABN ACT from 2017; Australian Private Company; main business location WA 6112 (state agrees); ACN 617532626; GST ACT; ABR record updated 2018
mcrobert-distillery,McRobert Distillery,Australia,au-asic,617532626,MCROBERT DISTILLERY PTY LTD,self,asic-bulk-name,high,,https://data.gov.au/data/dataset/asic-companies,name jaccard 1.00 on 'MCROBERT DISTILLERY PTY LTD'; ASIC status REGD; APTY/LMSH/PROP; registered 21/02/2017; state of registration n/a; ABN 41617532626
mengler-s-peak-distillery,Mengler's Peak Distillery,Australia,au-abr,98683815689,MENGLER'S PEAK DISTILLERY PTY LTD,self,abr-bulk-name,high,,https://data.gov.au/data/dataset/abn-bulk-extract,name jaccard 1.00 via entity name 'MENGLER'S PEAK DISTILLERY PTY LTD'; ABN ACT from 2025; Australian Private Company; main business location SA 5353 (postcode agrees); ACN 683815689; GST ACT; ABR record updated 2026
mengler-s-peak-distillery,Mengler's Peak Distillery,Australia,au-asic,683815689,MENGLER'S PEAK DISTILLERY PTY LTD,self,asic-bulk-name,high,,https://data.gov.au/data/dataset/asic-companies,name jaccard 1.00 on 'MENGLER'S PEAK DISTILLERY PTY LTD'; ASIC status REGD; APTY/LMSH/PROP; registered 20/01/2025; state of registration n/a; ABN 98683815689
mengler-s-peak-distillery,Mengler's Peak Distillery,Australia,au-abr,59028460720,"(partnership of individuals, Other Partnership; trades as MENGLERS PEAK DISTILLERY)",self,abr-bulk-name,medium,,https://data.gov.au/data/dataset/abn-bulk-extract,name jaccard 1.00 via business name 'MENGLERS PEAK DISTILLERY'; ABN CAN from 2026; Other Partnership; main business location SA 5353 (postcode agrees); ACN none; GST NON; ABR record updated 2026
metcalf-distilleries,Metcalf Distilleries,Australia,au-abr,38100001170,BIOCONTROL AUSTRALIA PTY LTD,self,abr-bulk-name,high,,https://data.gov.au/data/dataset/abn-bulk-extract,name jaccard 1.00 via business name 'METCALF DISTILLERIES'; ABN ACT from 2002; Australian Private Company; main business location TAS 7140 (postcode agrees); ACN 100001170; GST ACT; ABR record updated 2022
metcalf-distilleries,Metcalf Distilleries,Australia,au-asic,100001170,BIOCONTROL AUSTRALIA PTY LTD,self,abr-acn-link,high,,https://data.gov.au/data/dataset/asic-companies,ACN from ABN 38100001170 (BIOCONTROL AUSTRALIA PTY LTD); ASIC status REGD; APTY/LMSH/PROP; registered 22/03/2002; state of registration n/a; ABN 38100001170
millsheds-distillery-bar,Millsheds Distillery & Bar,Australia,au-abr,43661499958,MERRIGANGS BAR BOWRAL PTY LTD,self,abr-bulk-name,medium,,https://data.gov.au/data/dataset/abn-bulk-extract,name jaccard 1.00 via business name 'Millsheds Bar'; ABN ACT from 2023; Australian Private Company; main business location NSW 2576 (postcode agrees); ACN 661499958; GST ACT; ABR record updated 2024
millsheds-distillery-bar,Millsheds Distillery & Bar,Australia,au-abr,75661500303,MERRIGANGS DISTILLERY BOWRAL PTY LTD,self,abr-bulk-name,medium,,https://data.gov.au/data/dataset/abn-bulk-extract,name jaccard 1.00 via business name 'Millsheds'; ABN ACT from 2023; Australian Private Company; main business location NSW 2576 (postcode agrees); ACN 661500303; GST ACT; ABR record updated 2024
millsheds-distillery-bar,Millsheds Distillery & Bar,Australia,au-asic,661499958,MERRIGANGS BAR BOWRAL PTY LTD,self,abr-acn-link,medium,,https://data.gov.au/data/dataset/asic-companies,ACN from ABN 43661499958 (MERRIGANGS BAR BOWRAL PTY LTD); ASIC status REGD; APTY/LMSH/PROP; registered 05/08/2022; state of registration n/a; ABN 43661499958
millsheds-distillery-bar,Millsheds Distillery & Bar,Australia,au-asic,661500303,MERRIGANGS DISTILLERY BOWRAL PTY LTD,self,abr-acn-link,medium,,https://data.gov.au/data/dataset/asic-companies,ACN from ABN 75661500303 (MERRIGANGS DISTILLERY BOWRAL PTY LTD); ASIC status REGD; APTY/LMSH/PROP; registered 05/08/2022; state of registration n/a; ABN 75661500303
mobius-distilling-company,Mobius Distilling Company,Australia,au-abr,30669789851,INFINITY DISTILLING PTY LTD,self,abr-bulk-name,high,,https://data.gov.au/data/dataset/abn-bulk-extract,name jaccard 1.00 via business name 'MOBIUS DISTILLING'; ABN ACT from 2023; Australian Private Company; main business location NSW 2133 (state agrees); ACN 669789851; GST ACT; ABR record updated 2024
mobius-distilling-company,Mobius Distilling Company,Australia,au-asic,669789851,INFINITY DISTILLING PTY LTD,self,abr-acn-link,high,,https://data.gov.au/data/dataset/asic-companies,ACN from ABN 30669789851 (INFINITY DISTILLING PTY LTD); ASIC status REGD; APTY/LMSH/PROP; registered 18/07/2023; state of registration n/a; ABN 30669789851
mobius-distilling-company,Mobius Distilling Company,Australia,au-asic,624444891,MOBIUS WINES PTY LTD,self,asic-bulk-name,low,,https://data.gov.au/data/dataset/asic-companies,name jaccard 1.00 on 'MOBIUS WINES PTY LTD'; ASIC status REGD; APTY/LMSH/PROP; registered 15/02/2018; state of registration n/a; ABN 64624444891
mobius-distilling-company,Mobius Distilling Company,Australia,au-abr,40611178155,MOBIUS DISTILLING COMPANY PTY LTD,self,abr-bulk-name,medium,,https://data.gov.au/data/dataset/abn-bulk-extract,name jaccard 1.00 via entity name 'MOBIUS DISTILLING COMPANY PTY LTD'; ABN CAN from 2026; Australian Private Company; main business location NSW 2204 (postcode agrees); ACN 611178155; GST CAN; ABR record updated 2026
mobius-distilling-company,Mobius Distilling Company,Australia,au-asic,611178155,MOBIUS DISTILLING COMPANY PTY LTD,self,asic-bulk-name,medium,,https://data.gov.au/data/dataset/asic-companies,name jaccard 1.00 on 'MOBIUS DISTILLING COMPANY PTY LTD'; ASIC status DRGD; APTY/LMSH/PROP; registered 07/03/2016; deregistered 07/04/2026; state of registration n/a; ABN 40611178155
montvale-gin-distillery-bar,Montvale Distillery & Bar,Australia,au-abr,72356040244,"(partnership of individuals, Family Partnership; trades as Montvale Estate)",self,abr-bulk-name,low,,https://data.gov.au/data/dataset/abn-bulk-extract,"name jaccard 1.00 via business name 'Montvale Estate' (category word differs, no distilling word on this ABN); ABN CAN from 2022; Family Partnership; main business location QLD 4560 (postcode agrees); ACN none; GST CAN; ABR record updated 2023"
montvale-gin-distillery-bar,Montvale Distillery & Bar,Australia,au-abr,22620806280,The Trustee for Montvale Estate Trust,self,abr-bulk-name,low,,https://data.gov.au/data/dataset/abn-bulk-extract,"name jaccard 1.00 via entity name 'The Trustee for Montvale Estate Trust' (category word differs, no distilling word on this ABN); ABN ACT from 2022; Discretionary Trading Trust; main business location QLD 4560 (postcode agrees); ACN none; GST ACT; ABR record updated 2023"
moo-s-distillery,Moo's Distillery,Australia,au-abr,21281971174,The Trustee for HEWETT FAMILY TRUST,self,abr-bulk-name,medium,,https://data.gov.au/data/dataset/abn-bulk-extract,name jaccard 1.00 via business name 'MOOS DISTILLERY'; ABN ACT from 2016; Discretionary Trading Trust; main business location SA 5211 (postcode agrees); ACN none; GST ACT; ABR record updated 2024
moontide-distillery,Moontide Distillery,Australia,au-abr,81630271206,KIMBERLEY SPIRITS DISTILLERY PTY LTD,self,abr-bulk-name,high,,https://data.gov.au/data/dataset/abn-bulk-extract,name jaccard 1.00 via business name 'Moontide Distillery'; ABN ACT from 2022; Australian Private Company; main business location WA 6725 (postcode agrees); ACN 630271206; GST ACT; ABR record updated 2022
moontide-distillery,Moontide Distillery,Australia,au-asic,630271206,KIMBERLEY SPIRITS DISTILLERY PTY LTD,self,abr-acn-link,high,,https://data.gov.au/data/dataset/asic-companies,ACN from ABN 81630271206 (KIMBERLEY SPIRITS DISTILLERY PTY LTD); ASIC status REGD; APTY/LMSH/PROP; registered 27/11/2018; state of registration n/a; ABN 81630271206
morgans-winery-distillery,Morgans Winery & Distillery,Australia,au-abr,32898807932,"(partnership of individuals, Other Partnership; trades as MORGAN)",self,abr-bulk-name,medium,,https://data.gov.au/data/dataset/abn-bulk-extract,name jaccard 1.00 via business name 'MORGAN'S DISTILLERY'; ABN ACT from 2017; Other Partnership; main business location VIC 3139 (postcode agrees); ACN none; GST ACT; ABR record updated 2026
mount-glorious-distillery,Mount Glorious Distillery,Australia,au-abr,87668984729,"(individual, sole trader ABN; trades as Mount Glorious Distillery)",self,abr-bulk-name,medium,,https://data.gov.au/data/dataset/abn-bulk-extract,name jaccard 1.00 via business name 'Mount Glorious Distillery'; ABN CAN from 2025; Individual/Sole Trader; main business location QLD 4520 (postcode agrees); ACN none; GST NON; ABR record updated 2025
mount-glorious-distillery,Mount Glorious Distillery,Australia,au-abr,54660702876,FAT POSSUM PTY LTD,self,abr-bulk-name,medium,,https://data.gov.au/data/dataset/abn-bulk-extract,"name jaccard 1.00 via business name 'Mount Glorious Cafe' (category word differs, no distilling word on this ABN); ABN ACT from 2022; Australian Private Company; main business location QLD 4520 (postcode agrees); ACN 660702876; GST ACT; ABR record updated 2025"
mount-glorious-distillery,Mount Glorious Distillery,Australia,au-abr,74652578240,MOUNT GLORIOUS HOLDINGS PTY LTD,self,abr-bulk-name,medium,,https://data.gov.au/data/dataset/abn-bulk-extract,name jaccard 1.00 via entity name 'MOUNT GLORIOUS HOLDINGS PTY LTD'; ABN ACT from 2021; Australian Private Company; main business location QLD 4101 (state agrees); ACN 652578240; GST ACT; ABR record updated 2021
mount-glorious-distillery,Mount Glorious Distillery,Australia,au-asic,660702876,FAT POSSUM PTY LTD,self,abr-acn-link,medium,,https://data.gov.au/data/dataset/asic-companies,ACN from ABN 54660702876 (FAT POSSUM PTY LTD); ASIC status REGD; APTY/LMSH/PROP; registered 03/07/2022; state of registration n/a; ABN 54660702876
mount-glorious-distillery,Mount Glorious Distillery,Australia,au-asic,652578240,MOUNT GLORIOUS HOLDINGS PTY LTD,self,abr-acn-link,medium,,https://data.gov.au/data/dataset/asic-companies,ACN from ABN 74652578240 (MOUNT GLORIOUS HOLDINGS PTY LTD); ASIC status REGD; APTY/LMSH/PROP; registered 05/08/2021; state of registration n/a; ABN 74652578240
mountain-distilling,Mountain Distilling,Australia,au-abr,14619399209,MOUNTAIN DISTILLING COMPANY PTY LTD,self,abr-bulk-name,medium,,https://data.gov.au/data/dataset/abn-bulk-extract,ambiguous: 2 companies match equally; name jaccard 1.00 via entity name 'MOUNTAIN DISTILLING COMPANY PTY LTD'; ABN ACT from 2017; Australian Private Company; main business location VIC 3441 (state agrees); ACN 619399209; GST ACT; ABR record updated 2018
mountain-distilling,Mountain Distilling,Australia,au-abr,52626887894,MOUNTAIN DISTILLING HOLDINGS PTY LTD,self,abr-bulk-name,medium,,https://data.gov.au/data/dataset/abn-bulk-extract,ambiguous: 2 companies match equally; name jaccard 1.00 via entity name 'MOUNTAIN DISTILLING HOLDINGS PTY LTD'; ABN ACT from 2021; Australian Private Company; main business location VIC 3441 (state agrees); ACN 626887894; GST NON; ABR record updated 2023
mountain-distilling,Mountain Distilling,Australia,au-asic,619399209,MOUNTAIN DISTILLING COMPANY PTY LTD,self,asic-bulk-name,medium,,https://data.gov.au/data/dataset/asic-companies,ambiguous: 2 companies match equally; name jaccard 1.00 on 'MOUNTAIN DISTILLING COMPANY PTY LTD'; ASIC status REGD; APTY/LMSH/PROP; registered 29/05/2017; state of registration n/a; ABN 14619399209
mountain-distilling,Mountain Distilling,Australia,au-asic,626887894,MOUNTAIN DISTILLING HOLDINGS PTY LTD,self,asic-bulk-name,medium,,https://data.gov.au/data/dataset/asic-companies,ambiguous: 2 companies match equally; name jaccard 1.00 on 'MOUNTAIN DISTILLING HOLDINGS PTY LTD'; ASIC status REGD; APTY/LMSH/PROP; registered 18/06/2018; state of registration n/a; ABN 52626887894
mt-uncle-distillery,Mt Uncle Distillery,Australia,au-asic,100199111,MT UNCLE DISTILLERY PTY. LTD.,self,asic-bulk-name,high,,https://data.gov.au/data/dataset/asic-companies,name jaccard 1.00 on 'MT UNCLE DISTILLERY PTY. LTD.'; ASIC status REGD; APTY/LMSH/PROP; registered 12/04/2002; state of registration n/a; ABN 87100199111
mt-uncle-distillery,Mt Uncle Distillery,Australia,au-abr,97151692189,MT UNCLE BANANAS PTY. LTD.,self,abr-bulk-name,medium,,https://data.gov.au/data/dataset/abn-bulk-extract,name jaccard 0.67 via entity name 'MT UNCLE BANANAS PTY. LTD.'; ABN ACT from 2011; Australian Private Company; main business location QLD 4872 (postcode agrees); ACN 151692189; GST ACT; ABR record updated 2014
mt-uncle-distillery,Mt Uncle Distillery,Australia,au-abr,87100199111,MT UNCLE DISTILLERY PTY. LTD.,self,abr-bulk-name,medium,,https://data.gov.au/data/dataset/abn-bulk-extract,ambiguous: 2 companies match equally; name jaccard 1.00 via entity name 'MT UNCLE DISTILLERY PTY. LTD.'; ABN ACT from 2002; Australian Private Company; main business location QLD 4872 (postcode agrees); ACN 100199111; GST CAN; ABR record updated 2002
mt-uncle-distillery,Mt Uncle Distillery,Australia,au-abr,62212495320,THE TRUSTEE FOR THE MT UNCLE DISTILLERY DISCRETIONARY TRUST,self,abr-bulk-name,medium,,https://data.gov.au/data/dataset/abn-bulk-extract,ambiguous: 2 companies match equally; name jaccard 1.00 via trading name 'Mt Uncle Distillery'; ABN ACT from 2002; Discretionary Trading Trust; main business location QLD 4872 (postcode agrees); ACN none; GST ACT; ABR record updated 2009
mt-uncle-distillery,Mt Uncle Distillery,Australia,au-asic,151692189,MT UNCLE BANANAS PTY. LTD.,self,abr-acn-link,medium,,https://data.gov.au/data/dataset/asic-companies,ACN from ABN 97151692189 (MT UNCLE BANANAS PTY. LTD.); ASIC status REGD; APTY/LMSH/PROP; registered 24/06/2011; state of registration n/a; ABN 97151692189
nagambie-brewery-and-distillery,Nagambie Brewery and Distillery,Australia,au-abr,57626136507,NAGAMBIE BREWERY COMPANY PTY LTD,self,abr-bulk-name,medium,,https://data.gov.au/data/dataset/abn-bulk-extract,ambiguous: 2 companies match equally; name jaccard 1.00 via entity name 'NAGAMBIE BREWERY COMPANY PTY LTD'; ABN ACT from 2018; Australian Private Company; main business location VIC 3608 (postcode agrees); ACN 626136507; GST ACT; ABR record updated 2019
nagambie-brewery-and-distillery,Nagambie Brewery and Distillery,Australia,au-abr,79151675919,Nagambie Wine Corporation Pty Ltd,self,lcv-licensee+abr-bulk,medium,,https://data.gov.au/data/dataset/abn-bulk-extract,"ambiguous: 2 companies match equally; licensee of LCV producer's licence 32800896 ('MITCHELTON WINES', MITCHELLSTOWN), name jaccard 1.00; name jaccard 1.00 via licensee legal name; ABN ACT from 2011; Australian Private Company; main business location VIC 3608 (postcode agrees); ACN 151675919; GST ACT; ABR record updated 2020"
nagambie-brewery-and-distillery,Nagambie Brewery and Distillery,Australia,au-asic,626136507,NAGAMBIE BREWERY COMPANY PTY LTD,self,abr-acn-link,medium,,https://data.gov.au/data/dataset/asic-companies,ambiguous: 2 companies match equally; ACN from ABN 57626136507 (NAGAMBIE BREWERY COMPANY PTY LTD); ASIC status REGD; APTY/LMSH/PROP; registered 14/05/2018; state of registration n/a; ABN 57626136507
nagambie-brewery-and-distillery,Nagambie Brewery and Distillery,Australia,au-asic,151675919,NAGAMBIE WINE CORPORATION PTY LTD,self,lcv-licensee+abr-acn-link,medium,,https://data.gov.au/data/dataset/asic-companies,ambiguous: 2 companies match equally; ACN from ABN 79151675919 (Nagambie Wine Corporation Pty Ltd); ASIC status REGD; APTY/LMSH/PROP; registered 23/06/2011; state of registration n/a; ABN 79151675919
narrow-tracks-distilling,Narrow Tracks Distilling,Australia,au-abr,57621475330,B & B NETWORK PTY LTD,self,abr-bulk-name,high,,https://data.gov.au/data/dataset/abn-bulk-extract,name jaccard 1.00 via business name 'Narrow Tracks Distilling'; ABN ACT from 2017; Australian Private Company; main business location QLD 4870 (postcode agrees); ACN 621475330; GST ACT; ABR record updated 2021
narrow-tracks-distilling,Narrow Tracks Distilling,Australia,au-asic,621475330,B & B NETWORK PTY LTD,self,abr-acn-link,high,,https://data.gov.au/data/dataset/asic-companies,ACN from ABN 57621475330 (B & B NETWORK PTY LTD); ASIC status REGD; APTY/LMSH/PROP; registered 04/09/2017; state of registration n/a; ABN 57621475330
naught-distilling,Naught Distilling,Australia,au-abr,28271079637,The Trustee for Naught Distilling Unit Trust,self,abr-bulk-name,high,,https://data.gov.au/data/dataset/abn-bulk-extract,name jaccard 1.00 via entity name 'The Trustee for Naught Distilling Unit Trust'; ABN ACT from 2019; Fixed Unit Trust; main business location VIC 3095 (postcode agrees); ACN none; GST ACT; ABR record updated 2021
naught-distilling,Naught Distilling,Australia,au-asic,631524260,NAUGHT DISTILLING PTY LTD,self,asic-bulk-name,high,,https://data.gov.au/data/dataset/asic-companies,name jaccard 1.00 on 'NAUGHT DISTILLING PTY LTD'; ASIC status REGD; APTY/LMSH/PROP; registered 08/02/2019; state of registration n/a; ABN 0
neart-tide-distillery,Neart Tide Distillery,Australia,au-asic,650893815,NEART TIDE DISTILLERY PTY LTD,self,asic-bulk-name,high,,https://data.gov.au/data/dataset/asic-companies,name jaccard 1.00 on 'NEART TIDE DISTILLERY PTY LTD'; ASIC status REGD; APTY/LMSH/PROP; registered 09/06/2021; state of registration n/a; ABN 0
never-never-distilling-co,Never Never Distilling Co.,Australia,au-abr,94612663117,NEVER NEVER DISTILLING CO. PTY LIMITED,self,abr-bulk-name,medium,,https://data.gov.au/data/dataset/abn-bulk-extract,name jaccard 1.00 via entity name 'NEVER NEVER DISTILLING CO. PTY LIMITED'; ABN ACT from 2016; Australian Private Company; main business location SA 5171 (postcode agrees); ACN 612663117; GST ACT; ABR record updated 2022
never-never-distilling-co,Never Never Distilling Co.,Australia,au-asic,612663117,NEVER NEVER DISTILLING CO. PTY LIMITED,self,abr-acn-link,medium,,https://data.gov.au/data/dataset/asic-companies,ACN from ABN 94612663117 (NEVER NEVER DISTILLING CO. PTY LIMITED); ASIC status REGD; APTY/LMSH/PROP; registered 27/05/2016; state of registration n/a; ABN 94612663117
new-dimension-distilling-co,New Dimension Distilling Co,Australia,au-abr,16911570538,The Trustee for Steer Family Trust,self,abr-bulk-name,high,,https://data.gov.au/data/dataset/abn-bulk-extract,name jaccard 1.00 via business name 'NEW DIMENSION DISTILLING CO'; ABN ACT from 2024; Discretionary Trading Trust; main business location QLD 4220 (postcode agrees); ACN none; GST ACT; ABR record updated 2024
new-norfolk-distillery,New Norfolk Distillery,Australia,au-abr,85219101524,The Trustee for NEW NORFOLK DISTILLERY TRUST,self,abr-bulk-name,high,,https://data.gov.au/data/dataset/abn-bulk-extract,name jaccard 1.00 via entity name 'The Trustee for NEW NORFOLK DISTILLERY TRUST'; ABN ACT from 2018; Discretionary Trading Trust; main business location TAS 7140 (postcode agrees); ACN none; GST ACT; ABR record updated 2026
new-norfolk-distillery,New Norfolk Distillery,Australia,au-abr,92202649909,The Trustee for NEW NORFOLK DISTILLERY HOLDINGS TRUST,self,abr-bulk-name,medium,,https://data.gov.au/data/dataset/abn-bulk-extract,name jaccard 1.00 via entity name 'The Trustee for NEW NORFOLK DISTILLERY HOLDINGS TRUST'; ABN CAN from 2024; Discretionary Investment Trust; main business location TAS 7140 (postcode agrees); ACN none; GST NON; ABR record updated 2024
new-norfolk-distillery,New Norfolk Distillery,Australia,au-asic,656961625,NEW NORFOLK DISTILLERY HOLDINGS PTY LTD,self,asic-bulk-name,medium,,https://data.gov.au/data/dataset/asic-companies,ambiguous: 2 companies match equally; name jaccard 1.00 on 'NEW NORFOLK DISTILLERY HOLDINGS PTY LTD'; ASIC status REGD; APTY/LMSH/PROP; registered 01/02/2022; state of registration n/a; ABN 0
new-norfolk-distillery,New Norfolk Distillery,Australia,au-asic,627825843,NEW NORFOLK DISTILLERY PTY. LTD.,self,asic-bulk-name,medium,,https://data.gov.au/data/dataset/asic-companies,ambiguous: 2 companies match equally; name jaccard 1.00 on 'NEW NORFOLK DISTILLERY PTY. LTD.'; ASIC status REGD; APTY/LMSH/PROP; registered 30/07/2018; state of registration n/a; ABN 0
newy-distillery,Newy Distillery,Australia,au-abr,50630757158,NEWY DISTILLERY PTY LTD,self,abr-bulk-name,medium,,https://data.gov.au/data/dataset/abn-bulk-extract,name jaccard 1.00 via entity name 'NEWY DISTILLERY PTY LTD'; ABN ACT from 2018; Australian Private Company; main business location NSW 2285 (postcode agrees); ACN 630757158; GST ACT; ABR record updated 2026
newy-distillery,Newy Distillery,Australia,au-asic,630757158,NEWY DISTILLERY PTY LTD,self,abr-acn-link,medium,,https://data.gov.au/data/dataset/asic-companies,ACN from ABN 50630757158 (NEWY DISTILLERY PTY LTD); ASIC status REGD; APTY/LMSH/PROP; registered 27/12/2018; state of registration n/a; ABN 50630757158
night-hawk-distillery-pty-ltd,Night Hawk Distillery Pty Ltd,Australia,au-abr,63674084943,NIGHT HAWK DISTILLERY PTY LTD,self,abr-bulk-name,high,,https://data.gov.au/data/dataset/abn-bulk-extract,name jaccard 1.00 via entity name 'NIGHT HAWK DISTILLERY PTY LTD'; ABN ACT from 2024; Australian Private Company; main business location VIC 3044 (postcode agrees); ACN 674084943; GST ACT; ABR record updated 2024
night-hawk-distillery-pty-ltd,Night Hawk Distillery Pty Ltd,Australia,au-asic,674084943,NIGHT HAWK DISTILLERY PTY LTD,self,asic-bulk-name,high,,https://data.gov.au/data/dataset/asic-companies,name jaccard 1.00 on 'NIGHT HAWK DISTILLERY PTY LTD'; ASIC status REGD; APTY/LMSH/PROP; registered 10/01/2024; state of registration n/a; ABN 63674084943
night-hawk-distillery-pty-ltd,Night Hawk Distillery Pty Ltd,Australia,au-abr,66348220731,"(individual, sole trader ABN; trades as Night Hawk Distillery)",self,abr-bulk-name,medium,,https://data.gov.au/data/dataset/abn-bulk-extract,name jaccard 1.00 via business name 'Night Hawk Distillery'; ABN ACT from 2019; Individual/Sole Trader; main business location VIC 3044 (postcode agrees); ACN none; GST ACT; ABR record updated 2023
night-merchant-distillery,Night Merchant Distillery,Australia,au-abr,11076232981,BIMBADGEN ESTATE PTY LIMITED,self,abr-bulk-name,high,,https://data.gov.au/data/dataset/abn-bulk-extract,name jaccard 1.00 via business name 'Night Merchant Distillery'; ABN ACT from 2000; Australian Private Company; main business location NSW 2000 (state agrees); ACN 076232981; GST ACT; ABR record updated 2025
night-merchant-distillery,Night Merchant Distillery,Australia,au-asic,076232981,BIMBADGEN ESTATE PTY LIMITED,self,abr-acn-link,high,,https://data.gov.au/data/dataset/asic-companies,ACN from ABN 11076232981 (BIMBADGEN ESTATE PTY LIMITED); ASIC status REGD; APTY/LMSH/PROP; registered 01/11/1996; state of registration n/a; ABN 11076232981
nimrod-distilling,Nimrod Distilling,Australia,au-abr,52656765878,"(individual, sole trader ABN; trades as NIMROD BEER)",self,abr-bulk-name,medium,,https://data.gov.au/data/dataset/abn-bulk-extract,name jaccard 1.00 via legal name 'NIMROD BEER'; ABN CAN from 2021; Individual/Sole Trader; main business location n/a; ACN none; GST NON; ABR record updated 2021
nimrod-distilling,Nimrod Distilling,Australia,au-abr,67749924991,"(individual, sole trader ABN; trades as NIMROD DISTILLING)",self,abr-bulk-name,medium,,https://data.gov.au/data/dataset/abn-bulk-extract,name jaccard 1.00 via business name 'NIMROD DISTILLING'; ABN ACT from 2023; Individual/Sole Trader; main business location QLD 4818 (postcode agrees); ACN none; GST CAN; ABR record updated 2023
nine-circles-distillery-cellar-door,Nine Circles Distillery Cellar Door,Australia,au-abr,65188612737,"(partnership of individuals, Other Partnership; trades as NINE CIRCLES DISTILLERY)",self,abr-bulk-name,medium,,https://data.gov.au/data/dataset/abn-bulk-extract,name jaccard 0.67 via business name 'NINE CIRCLES DISTILLERY'; ABN ACT from 2021; Other Partnership; main business location NSW 2549 (postcode agrees); ACN none; GST ACT; ABR record updated 2021
no-7-distillery,No.7 Distillery,Australia,au-abr,16636566795,NO.7 DISTILLERY PTY LTD,self,abr-bulk-name,medium,,https://data.gov.au/data/dataset/abn-bulk-extract,name jaccard 1.00 via entity name 'NO.7 DISTILLERY PTY LTD'; ABN CAN from 2026; Australian Private Company; main business location SA 5032 (postcode agrees); ACN 636566795; GST CAN; ABR record updated 2026
no-7-distillery,No.7 Distillery,Australia,au-asic,636566795,NO.7 DISTILLERY PTY LTD,self,asic-bulk-name,medium,,https://data.gov.au/data/dataset/asic-companies,name jaccard 1.00 on 'NO.7 DISTILLERY PTY LTD'; ASIC status DRGD; APTY/LMSH/PROP; registered 02/10/2019; deregistered 13/04/2026; state of registration n/a; ABN 16636566795
noble-craft-distillery,Noble Craft Distillery,Australia,au-abr,49167337966,NOBLE SPIRITS PTY LTD,self,abr-bulk-name,low,,https://data.gov.au/data/dataset/abn-bulk-extract,name jaccard 1.00 via entity name 'NOBLE SPIRITS PTY LTD'; ABN ACT from 2013; Australian Private Company; main business location NSW 2047 (state agrees); ACN 167337966; GST ACT; ABR record updated 2025
noble-craft-distillery,Noble Craft Distillery,Australia,au-abr,36670269149,The Trustee for Noble Spirit Trust,self,abr-bulk-name,low,,https://data.gov.au/data/dataset/abn-bulk-extract,name jaccard 1.00 via entity name 'The Trustee for Noble Spirit Trust'; ABN ACT from 2023; Discretionary Trading Trust; main business location NSW 2211 (state agrees); ACN none; GST ACT; ABR record updated 2023
noble-craft-distillery,Noble Craft Distillery,Australia,au-asic,167337966,NOBLE SPIRITS PTY LTD,self,abr-acn-link,low,,https://data.gov.au/data/dataset/asic-companies,ACN from ABN 49167337966 (NOBLE SPIRITS PTY LTD); ASIC status REGD; APTY/LMSH/PROP; registered 20/12/2013; state of registration n/a; ABN 49167337966
noble-craft-distillery,Noble Craft Distillery,Australia,au-abr,91637294421,NOBLE CRAFT DISTILLERY PTY LTD,self,abr-bulk-name,medium,,https://data.gov.au/data/dataset/abn-bulk-extract,name jaccard 1.00 via entity name 'NOBLE CRAFT DISTILLERY PTY LTD'; ABN ACT from 2019; Australian Private Company; main business location NSW 2100 (postcode agrees); ACN 637294421; GST ACT; ABR record updated 2024
noble-craft-distillery,Noble Craft Distillery,Australia,au-asic,637294421,NOBLE CRAFT DISTILLERY PTY LTD,self,abr-acn-link,medium,,https://data.gov.au/data/dataset/asic-companies,ACN from ABN 91637294421 (NOBLE CRAFT DISTILLERY PTY LTD); ASIC status REGD; APTY/LMSH/PROP; registered 06/11/2019; state of registration n/a; ABN 91637294421
nola-s-farm-distillery,Nola's Farm Distillery,Australia,au-abr,20675124795,NOLA'S FARM PTY LTD,self,abr-bulk-name,low,,https://data.gov.au/data/dataset/abn-bulk-extract,"name jaccard 1.00 via entity name 'NOLA'S FARM PTY LTD' (category word differs, no distilling word on this ABN); ABN ACT from 2024; Australian Private Company; main business location WA 6033 (postcode agrees); ACN 675124795; GST ACT; ABR record updated 2024"
nola-s-farm-distillery,Nola's Farm Distillery,Australia,au-asic,675124795,NOLA'S FARM PTY LTD,self,abr-acn-link,low,,https://data.gov.au/data/dataset/asic-companies,ACN from ABN 20675124795 (NOLA'S FARM PTY LTD); ASIC status REGD; APTY/LMSH/PROP; registered 19/02/2024; state of registration n/a; ABN 20675124795
nonesuch-distillery,Nonesuch Distillery,Australia,au-abr,35600271029,STILLWORKS TAS PTY LTD,self,abr-bulk-name,high,,https://data.gov.au/data/dataset/abn-bulk-extract,name jaccard 1.00 via business name 'Nonesuch Distillery'; ABN ACT from 2014; Australian Private Company; main business location TAS 7173 (postcode agrees); ACN 600271029; GST ACT; ABR record updated 2018
nonesuch-distillery,Nonesuch Distillery,Australia,au-asic,600271029,STILLWORKS TAS PTY LTD,self,abr-acn-link,high,,https://data.gov.au/data/dataset/asic-companies,ACN from ABN 35600271029 (STILLWORKS TAS PTY LTD); ASIC status REGD; APTY/LMSH/PROP; registered 23/06/2014; state of registration n/a; ABN 35600271029
noodledoof-brewing-distilling-co,Noodledoof Brewing & Distilling Co.,Australia,au-abr,49630399512,NOODLEDOOF BREWING COMPANY PTY LTD,self,lcv-licensee+abr-bulk,high,,https://data.gov.au/data/dataset/abn-bulk-extract,"licensee of LCV producer's licence 32809036 ('NOODLEDOOF BREWING COMPANY', KOROIT), name jaccard 1.00; name jaccard 1.00 via licensee legal name; ABN ACT from 2018; Australian Private Company; main business location VIC 3282 (postcode agrees); ACN 630399512; GST ACT; ABR record updated 2019"
noodledoof-brewing-distilling-co,Noodledoof Brewing & Distilling Co.,Australia,au-asic,630399512,NOODLEDOOF BREWING COMPANY PTY LTD,self,lcv-licensee+abr-acn-link,high,,https://data.gov.au/data/dataset/asic-companies,ACN from ABN 49630399512 (NOODLEDOOF BREWING COMPANY PTY LTD); ASIC status REGD; APTY/LMSH/PROP; registered 04/12/2018; state of registration n/a; ABN 49630399512
noosa-heads-distillery,Noosa Heads Distillery,Australia,au-abr,71861611730,"(individual, sole trader ABN; trades as NOOSA HEADS BREWING CO)",self,abr-bulk-name,medium,,https://data.gov.au/data/dataset/abn-bulk-extract,"name jaccard 1.00 via business name 'NOOSA HEADS BREWING CO' (category word differs, no distilling word on this ABN); ABN ACT from 2017; Individual/Sole Trader; main business location QLD 4566 (postcode agrees); ACN none; GST NON; ABR record updated 2022"
noosa-heads-distillery,Noosa Heads Distillery,Australia,au-abr,39601901151,NOOSA BREWING COMPANY PTY LTD,self,abr-bulk-name,medium,,https://data.gov.au/data/dataset/abn-bulk-extract,ambiguous: 2 companies match equally; name jaccard 1.00 via business name 'HEADS OF NOOSA'; ABN ACT from 2014; Australian Private Company; main business location QLD 4566 (postcode agrees); ACN 601901151; GST ACT; ABR record updated 2026
noosa-heads-distillery,Noosa Heads Distillery,Australia,au-abr,67627568718,NOOSA HEADS DISTILLERY PTY LTD,self,abr-bulk-name,medium,,https://data.gov.au/data/dataset/abn-bulk-extract,ambiguous: 2 companies match equally; name jaccard 1.00 via entity name 'NOOSA HEADS DISTILLERY PTY LTD'; ABN ACT from 2018; Australian Private Company; main business location QLD 4566 (postcode agrees); ACN 627568718; GST ACT; ABR record updated 2018
noosa-heads-distillery,Noosa Heads Distillery,Australia,au-asic,601901151,NOOSA BREWING COMPANY PTY LTD,self,abr-acn-link,medium,,https://data.gov.au/data/dataset/asic-companies,ambiguous: 2 companies match equally; ACN from ABN 39601901151 (NOOSA BREWING COMPANY PTY LTD); ASIC status REGD; APTY/LMSH/PROP; registered 18/09/2014; state of registration n/a; ABN 39601901151
noosa-heads-distillery,Noosa Heads Distillery,Australia,au-asic,627568718,NOOSA HEADS DISTILLERY PTY LTD,self,asic-bulk-name,medium,,https://data.gov.au/data/dataset/asic-companies,ambiguous: 2 companies match equally; name jaccard 1.00 on 'NOOSA HEADS DISTILLERY PTY LTD'; ASIC status REGD; APTY/LMSH/PROP; registered 17/07/2018; state of registration n/a; ABN 67627568718
noosa-heads-distillery,Noosa Heads Distillery,Australia,au-asic,010610769,NOOSA HEADS HOTEL PTY. LIMITED,self,asic-bulk-name,medium,,https://data.gov.au/data/dataset/asic-companies,name jaccard 1.00 on 'NOOSA HEADS HOTEL PTY. LIMITED' (state of registration agrees); ASIC status NOAC; APTY/LMSH/PROP; registered 09/12/1985; state of registration QLD; ABN 0
north-of-eden-artisan-distillery,North of Eden Artisan Distillery,Australia,au-abr,59606862140,EDEN BREWERY PTY. LTD.,self,abr-bulk-name,low,,https://data.gov.au/data/dataset/abn-bulk-extract,"name jaccard 1.00 via entity name 'EDEN BREWERY PTY. LTD.' (category word differs, no distilling word on this ABN); ABN ACT from 2015; Australian Private Company; main business location NSW 2575 (state agrees); ACN 606862140; GST ACT; ABR record updated 2019"
north-of-eden-artisan-distillery,North of Eden Artisan Distillery,Australia,au-abr,89147674575,EDEN CIDER COMPANY PTY LTD,self,abr-bulk-name,low,,https://data.gov.au/data/dataset/abn-bulk-extract,"name jaccard 1.00 via entity name 'EDEN CIDER COMPANY PTY LTD' (category word differs, no distilling word on this ABN); ABN CAN from 2017; Australian Private Company; main business location NSW 2118 (state agrees); ACN 147674575; GST CAN; ABR record updated 2017"
north-of-eden-artisan-distillery,North of Eden Artisan Distillery,Australia,au-asic,606862140,EDEN BREWERY PTY. LTD.,self,asic-bulk-name,low,,https://data.gov.au/data/dataset/asic-companies,name jaccard 1.00 on 'EDEN BREWERY PTY. LTD.'; ASIC status REGD; APTY/LMSH/PROP; registered 03/07/2015; state of registration n/a; ABN 59606862140
north-of-eden-artisan-distillery,North of Eden Artisan Distillery,Australia,au-abr,63459822528,The Trustee for BILL MCTOOSH CLAN TRUST,self,abr-bulk-name,medium,,https://data.gov.au/data/dataset/abn-bulk-extract,name jaccard 1.00 via business name 'North of Eden'; ABN ACT from 2017; Discretionary Trading Trust; main business location NSW 2550 (postcode agrees); ACN none; GST ACT; ABR record updated 2018
north-of-eden-artisan-distillery,North of Eden Artisan Distillery,Australia,au-asic,683764632,SPIRIT OF EDEN PTY LTD,self,asic-bulk-name,medium,,https://data.gov.au/data/dataset/asic-companies,name jaccard 1.00 on 'SPIRIT OF EDEN PTY LTD'; ASIC status REGD; APTY/LMSH/PROP; registered 17/01/2025; state of registration n/a; ABN 16683764632
northern-distilling,Northern Distilling,Australia,au-abr,76619036127,BEVCO SBB PTY LTD,self,abr-bulk-name,high,,https://data.gov.au/data/dataset/abn-bulk-extract,name jaccard 1.00 via business name 'NORTHERN DISTILLING'; ABN ACT from 2017; Australian Private Company; main business location NT 0800 (postcode agrees); ACN 619036127; GST ACT; ABR record updated 2024
northern-distilling,Northern Distilling,Australia,au-asic,619036127,BEVCO SBB PTY LTD,self,abr-acn-link,high,,https://data.gov.au/data/dataset/asic-companies,ACN from ABN 76619036127 (BEVCO SBB PTY LTD); ASIC status REGD; APTY/LMSH/PROP; registered 11/05/2017; state of registration n/a; ABN 76619036127
northern-distilling,Northern Distilling,Australia,au-asic,624904721,AUSTRALIAN NORTHERN GROUP WINE PTY LTD,self,asic-bulk-name,low,,https://data.gov.au/data/dataset/asic-companies,name jaccard 1.00 on 'AUSTRALIAN NORTHERN GROUP WINE PTY LTD'; ASIC status REGD; APTY/LMSH/PROP; registered 09/03/2018; state of registration n/a; ABN 19624904721
northern-distilling,Northern Distilling,Australia,au-asic,600789473,NORTHERN WINES PTY. LTD.,self,asic-bulk-name,low,,https://data.gov.au/data/dataset/asic-companies,name jaccard 1.00 on 'NORTHERN WINES PTY. LTD.'; ASIC status REGD; APTY/LMSH/PROP; registered 18/07/2014; state of registration n/a; ABN 22600789473
northern-distilling,Northern Distilling,Australia,au-asic,616001686,CAPITAL INVESTMENT CONSULTING PTY LTD,self,asic-bulk-name,medium,,https://data.gov.au/data/dataset/asic-companies,"name jaccard 1.00 on 'NORTHERN BEVERAGES TRADING PTY. LTD.'; ASIC status REGD; APTY/LMSH/PROP; registered 19/11/2016; state of registration n/a; ABN 37616001686; FORMER name, current name CAPITAL INVESTMENT CONSULTING PTY LTD"
nosferatu-distillery-bar-cafe,Nosferatu Distillery,Australia,au-abr,73602238317,NOSFERATU DISTILLERY PTY LTD,self,abr-bulk-name,high,,https://data.gov.au/data/dataset/abn-bulk-extract,name jaccard 1.00 via entity name 'NOSFERATU DISTILLERY PTY LTD'; ABN ACT from 2014; Australian Private Company; main business location QLD 4006 (postcode agrees); ACN 602238317; GST ACT; ABR record updated 2023
nosferatu-distillery-bar-cafe,Nosferatu Distillery,Australia,au-asic,602238317,NOSFERATU DISTILLERY PTY LTD,self,asic-bulk-name,high,,https://data.gov.au/data/dataset/asic-companies,name jaccard 1.00 on 'NOSFERATU DISTILLERY PTY LTD'; ASIC status REGD; APTY/LMSH/PROP; registered 09/10/2014; state of registration n/a; ABN 73602238317
nullaki-distillery,Nullaki Distillery,Australia,au-abr,84637465742,THE NULLAKI DISTILLING COMPANY PTY LTD,self,abr-bulk-name,high,,https://data.gov.au/data/dataset/abn-bulk-extract,name jaccard 1.00 via business name 'Nullaki Distillery'; ABN ACT from 2019; Australian Private Company; main business location WA 6008 (state agrees); ACN 637465742; GST ACT; ABR record updated 2023
nullaki-distillery,Nullaki Distillery,Australia,au-asic,637465742,THE NULLAKI DISTILLING COMPANY PTY LTD,self,abr-acn-link,high,,https://data.gov.au/data/dataset/asic-companies,ACN from ABN 84637465742 (THE NULLAKI DISTILLING COMPANY PTY LTD); ASIC status REGD; APTY/LMSH/PROP; registered 14/11/2019; state of registration n/a; ABN 84637465742
old-kempton-distillery,Old Kempton Distillery,Australia,au-abr,62156575549,OLD KEMPTON DISTILLERY PTY LTD,self,abr-bulk-name,high,,https://data.gov.au/data/dataset/abn-bulk-extract,name jaccard 1.00 via entity name 'OLD KEMPTON DISTILLERY PTY LTD'; ABN ACT from 2012; Australian Private Company; main business location TAS 7030 (postcode agrees); ACN 156575549; GST ACT; ABR record updated 2026
old-kempton-distillery,Old Kempton Distillery,Australia,au-asic,156575549,OLD KEMPTON DISTILLERY PTY LTD,self,asic-bulk-name,high,,https://data.gov.au/data/dataset/asic-companies,name jaccard 1.00 on 'OLD KEMPTON DISTILLERY PTY LTD'; ASIC status REGD; APTY/LMSH/PROP; registered 30/03/2012; state of registration n/a; ABN 62156575549
old-salt-distillery,Old Salt Distillery,Australia,au-abr,96649173973,THE PRINTERS SON PTY LTD,self,abr-bulk-name,high,,https://data.gov.au/data/dataset/abn-bulk-extract,name jaccard 1.00 via business name 'OLD SALT DISTILLERY'; ABN ACT from 2021; Australian Private Company; main business location NSW 2015 (state agrees); ACN 649173973; GST ACT; ABR record updated 2024
old-salt-distillery,Old Salt Distillery,Australia,au-asic,649173973,THE PRINTERS SON PTY LTD,self,abr-acn-link,high,,https://data.gov.au/data/dataset/asic-companies,ACN from ABN 96649173973 (THE PRINTERS SON PTY LTD); ASIC status REGD; APTY/LMSH/PROP; registered 01/04/2021; state of registration n/a; ABN 96649173973
old-salt-distillery,Old Salt Distillery,Australia,au-asic,090795047,SALT BREWING PTY LTD,self,asic-bulk-name,low,,https://data.gov.au/data/dataset/asic-companies,name jaccard 1.00 on 'SALT BREWING PTY LTD'; ASIC status REGD; APTY/LMSH/PROP; registered 03/12/1999; state of registration n/a; ABN 71090795047
old-salt-distillery,Old Salt Distillery,Australia,au-abr,83431370644,"(individual, sole trader ABN; trades as SALT SPIRIT)",self,abr-bulk-name,medium,,https://data.gov.au/data/dataset/abn-bulk-extract,name jaccard 1.00 via business name 'SALT SPIRIT'; ABN ACT from 2020; Individual/Sole Trader; main business location NSW 2034 (state agrees); ACN none; GST NON; ABR record updated 2025
old-young-s,Old Young's Distillery,Australia,au-abr,29160037249,AUSTRALIAN DISTILLING LTD,self,abr-bulk-name,medium,,https://data.gov.au/data/dataset/abn-bulk-extract,name jaccard 1.00 via business name 'Old Young's'; ABN ACT from 2012; Australian Public Company; main business location WA 6055 (postcode agrees); ACN 160037249; GST ACT; ABR record updated 2025
old-young-s,Old Young's Distillery,Australia,au-abr,55640314727,OLD YOUNG'S DISTILLERY PTY LTD,self,abr-bulk-name,medium,,https://data.gov.au/data/dataset/abn-bulk-extract,name jaccard 1.00 via entity name 'OLD YOUNG'S DISTILLERY PTY LTD'; ABN CAN from 2022; Australian Private Company; main business location WA 6050 (state agrees); ACN 640314727; GST CAN; ABR record updated 2022
old-young-s,Old Young's Distillery,Australia,au-asic,160037249,AUSTRALIAN DISTILLING LTD,self,abr-acn-link,medium,,https://data.gov.au/data/dataset/asic-companies,ACN from ABN 29160037249 (AUSTRALIAN DISTILLING LTD); ASIC status REGD; APUB/LMSH/ULST; registered 23/08/2012; state of registration n/a; ABN 29160037249
on-country-craft-distillery,On Country Craft Distillery,Australia,au-abr,86739281536,"(individual, sole trader ABN; trades as ON COUNTRY CRAFT DISTILLERY)",self,abr-bulk-name,medium,,https://data.gov.au/data/dataset/abn-bulk-extract,name jaccard 1.00 via business name 'ON COUNTRY CRAFT DISTILLERY'; ABN ACT from 2023; Individual/Sole Trader; main business location QLD 4811 (postcode agrees); ACN none; GST NON; ABR record updated 2025
on-country-craft-distillery,On Country Craft Distillery,Australia,au-abr,91603651038,KAKADU TINY TOTS PTY LTD,self,abr-bulk-name,medium,,https://data.gov.au/data/dataset/abn-bulk-extract,name jaccard 1.00 via business name 'ON COUNTRY FOR COUNTRY'; ABN ACT from 2015; Australian Private Company; main business location QLD 4520 (state agrees); ACN 603651038; GST ACT; ABR record updated 2023
on-country-craft-distillery,On Country Craft Distillery,Australia,au-abr,60655386959,ON COUNTRY DEVELOPMENT PTY LTD,self,abr-bulk-name,medium,,https://data.gov.au/data/dataset/abn-bulk-extract,name jaccard 0.67 via entity name 'ON COUNTRY DEVELOPMENT PTY LTD'; ABN ACT from 2021; Australian Private Company; main business location QLD 4811 (postcode agrees); ACN 655386959; GST ACT; ABR record updated 2021
on-country-craft-distillery,On Country Craft Distillery,Australia,au-asic,603651038,KAKADU TINY TOTS PTY LTD,self,abr-acn-link,medium,,https://data.gov.au/data/dataset/asic-companies,ACN from ABN 91603651038 (KAKADU TINY TOTS PTY LTD); ASIC status REGD; APTY/LMSH/PROP; registered 12/01/2015; state of registration n/a; ABN 91603651038
on-country-craft-distillery,On Country Craft Distillery,Australia,au-asic,655386959,ON COUNTRY DEVELOPMENT PTY LTD,self,abr-acn-link,medium,,https://data.gov.au/data/dataset/asic-companies,ACN from ABN 60655386959 (ON COUNTRY DEVELOPMENT PTY LTD); ASIC status REGD; APTY/LMSH/PROP; registered 17/11/2021; state of registration n/a; ABN 60655386959
otway-estate-brewery-distillery-cidery,Otway Estate - Brewery Distillery Cidery,Australia,au-abr,41223860951,"(individual, sole trader ABN; trades as OTWAY WINES)",self,abr-bulk-name,low,,https://data.gov.au/data/dataset/abn-bulk-extract,"name jaccard 1.00 via business name 'OTWAY WINES' (category word differs, no distilling word on this ABN); ABN ACT from 2005; Individual/Sole Trader; main business location VIC 3243 (state agrees); ACN none; GST ACT; ABR record updated 2021"
otway-estate-brewery-distillery-cidery,Otway Estate - Brewery Distillery Cidery,Australia,au-abr,34613594655,THE TRUSTEE FOR THE OTWAY VINEYARDS TRUST,self,abr-bulk-name,low,,https://data.gov.au/data/dataset/abn-bulk-extract,"name jaccard 1.00 via business name 'OTWAY ESTATE WINERY AND BREWERY' (category word differs, no distilling word on this ABN); ABN ACT from 1999; Fixed Unit Trust; main business location VIC 3233 (state agrees); ACN none; GST ACT; ABR record updated 2023"
otway-estate-brewery-distillery-cidery,Otway Estate - Brewery Distillery Cidery,Australia,au-abr,52493908369,The Trustee for THE OTVIN TRADING TRUST,self,abr-bulk-name,medium,,https://data.gov.au/data/dataset/abn-bulk-extract,name jaccard 1.00 via trading name 'OTWAY ESTATE WINERY AND BREWERY'; ABN ACT from 2000; Fixed Unit Trust; main business location VIC 3249 (postcode agrees); ACN none; GST ACT; ABR record updated 2026
panezski-artisan-distillery,Panezski Artisan Distillery,Australia,au-abr,19683187984,SAOR PTY LTD,self,abr-bulk-name,medium,,https://data.gov.au/data/dataset/abn-bulk-extract,name jaccard 1.00 via business name 'Panezski'; ABN ACT from 2024; Australian Private Company; main business location QLD 4209 (postcode agrees); ACN 683187984; GST ACT; ABR record updated 2026
panezski-artisan-distillery,Panezski Artisan Distillery,Australia,au-asic,683187984,SAOR PTY LTD,self,abr-acn-link,medium,,https://data.gov.au/data/dataset/asic-companies,ACN from ABN 19683187984 (SAOR PTY LTD); ASIC status REGD; APTY/LMSH/PROP; registered 17/12/2024; state of registration n/a; ABN 19683187984
parrot-distilling-co,Parrot Distilling Co,Australia,au-abr,37600399040,PARROT DISTILLING CO. PTY. LTD,self,abr-bulk-name,high,,https://data.gov.au/data/dataset/abn-bulk-extract,name jaccard 1.00 via entity name 'PARROT DISTILLING CO. PTY. LTD'; ABN ACT from 2014; Australian Private Company; main business location NSW 2800 (postcode agrees); ACN 600399040; GST ACT; ABR record updated 2018
parrot-distilling-co,Parrot Distilling Co,Australia,au-asic,600399040,PARROT DISTILLING CO. PTY. LTD,self,asic-bulk-name,high,,https://data.gov.au/data/dataset/asic-companies,name jaccard 1.00 on 'PARROT DISTILLING CO. PTY. LTD'; ASIC status REGD; APTY/LMSH/PROP; registered 27/06/2014; state of registration n/a; ABN 37600399040
patient-wolf-distilling-co,Patient Wolf Distilling Co.,Australia,au-abr,83625956069,PATIENT WOLF DISTILLING CO. PTY LTD,self,abr-bulk-name,high,,https://data.gov.au/data/dataset/abn-bulk-extract,name jaccard 1.00 via entity name 'PATIENT WOLF DISTILLING CO. PTY LTD'; ABN ACT from 2018; Australian Private Company; main business location VIC 3006 (postcode agrees); ACN 625956069; GST ACT; ABR record updated 2019
patient-wolf-distilling-co,Patient Wolf Distilling Co.,Australia,au-asic,625956069,PATIENT WOLF DISTILLING CO. PTY LTD,self,asic-bulk-name,high,,https://data.gov.au/data/dataset/asic-companies,name jaccard 1.00 on 'PATIENT WOLF DISTILLING CO. PTY LTD'; ASIC status REGD; APTY/LMSH/PROP; registered 04/05/2018; state of registration n/a; ABN 83625956069
patient-wolf-distilling-co,Patient Wolf Distilling Co.,Australia,au-abr,98615424263,The Trustee for Patient Wolf Brand Co Unit Trust,self,abr-bulk-name,medium,,https://data.gov.au/data/dataset/abn-bulk-extract,name jaccard 1.00 via entity name 'The Trustee for Patient Wolf Brand Co Unit Trust'; ABN CAN from 2019; Fixed Unit Trust; main business location VIC 3056 (state agrees); ACN none; GST NON; ABR record updated 2019
patient-wolf-distilling-co,Patient Wolf Distilling Co.,Australia,au-asic,612925630,PATIENT WOLF PTY LTD,self,asic-bulk-name,medium,,https://data.gov.au/data/dataset/asic-companies,"name jaccard 1.00 on 'PATIENT WOLF DISTILLING CO PTY LTD'; ASIC status REGD; APTY/LMSH/PROP; registered 09/06/2016; state of registration n/a; ABN 0; FORMER name, current name PATIENT WOLF PTY LTD"
pechey-distilling-co,Pechey Distilling Co,Australia,au-abr,78658993992,PECHEY DISTILLING CO. PTY LTD,self,abr-bulk-name,high,,https://data.gov.au/data/dataset/abn-bulk-extract,name jaccard 1.00 via entity name 'PECHEY DISTILLING CO. PTY LTD'; ABN ACT from 2022; Australian Private Company; main business location QLD 4352 (postcode agrees); ACN 658993992; GST ACT; ABR record updated 2024
pechey-distilling-co,Pechey Distilling Co,Australia,au-asic,658993992,PECHEY DISTILLING CO. PTY LTD,self,asic-bulk-name,high,,https://data.gov.au/data/dataset/asic-companies,name jaccard 1.00 on 'PECHEY DISTILLING CO. PTY LTD'; ASIC status REGD; APTY/LMSH/PROP; registered 26/04/2022; state of registration n/a; ABN 78658993992
peninsula-distilling,Peninsula Distilling,Australia,au-abr,85649782687,PENINSULA DISTILLING PTY LTD,self,abr-bulk-name,high,,https://data.gov.au/data/dataset/abn-bulk-extract,name jaccard 1.00 via entity name 'PENINSULA DISTILLING PTY LTD'; ABN ACT from 2021; Australian Private Company; main business location QLD 4019 (postcode agrees); ACN 649782687; GST ACT; ABR record updated 2024
peninsula-distilling,Peninsula Distilling,Australia,au-asic,649782687,PENINSULA DISTILLING PTY LTD,self,asic-bulk-name,high,,https://data.gov.au/data/dataset/asic-companies,name jaccard 1.00 on 'PENINSULA DISTILLING PTY LTD'; ASIC status REGD; APTY/LMSH/PROP; registered 28/04/2021; state of registration n/a; ABN 85649782687
peninsula-distilling,Peninsula Distilling,Australia,au-asic,632751001,PENINSULA BEVERAGE CO. PTY LTD,self,asic-bulk-name,medium,,https://data.gov.au/data/dataset/asic-companies,name jaccard 1.00 on 'PENINSULA BEVERAGE CO. PTY LTD'; ASIC status REGD; APTY/LMSH/PROP; registered 05/04/2019; state of registration n/a; ABN 0
penni-ave-distillery,Penni Ave Distillery,Australia,au-abr,95638019815,PENNI AVE GROUP PTY LTD,self,abr-bulk-name,high,,https://data.gov.au/data/dataset/abn-bulk-extract,name jaccard 1.00 via entity name 'PENNI AVE GROUP PTY LTD'; ABN ACT from 2019; Australian Private Company; main business location VIC 3941 (postcode agrees); ACN 638019815; GST ACT; ABR record updated 2024
penni-ave-distillery,Penni Ave Distillery,Australia,au-asic,638019815,PENNI AVE GROUP PTY LTD,self,abr-acn-link,high,,https://data.gov.au/data/dataset/asic-companies,ACN from ABN 95638019815 (PENNI AVE GROUP PTY LTD); ASIC status REGD; APTY/LMSH/PROP; registered 12/12/2019; state of registration n/a; ABN 95638019815
phoenix-distilling-co,Phoenix Distilling Co.,Australia,au-abr,66654649822,PHOENIX DISTILLING PTY LTD,self,abr-bulk-name,medium,,https://data.gov.au/data/dataset/abn-bulk-extract,ambiguous: 2 companies match equally; name jaccard 1.00 via entity name 'PHOENIX DISTILLING PTY LTD'; ABN ACT from 2021; Australian Private Company; main business location NSW 2321 (state agrees); ACN 654649822; GST ACT; ABR record updated 2022
phoenix-distilling-co,Phoenix Distilling Co.,Australia,au-abr,32657460369,PHOENIX LIQUOR PTY LTD,self,abr-bulk-name,medium,,https://data.gov.au/data/dataset/abn-bulk-extract,ambiguous: 2 companies match equally; name jaccard 1.00 via entity name 'PHOENIX LIQUOR PTY LTD'; ABN ACT from 2022; Australian Private Company; main business location NSW 2000 (state agrees); ACN 657460369; GST ACT; ABR record updated 2024
phoenix-distilling-co,Phoenix Distilling Co.,Australia,au-abr,51252244794,The Trustee for Phoenix Trust,self,abr-bulk-name,medium,,https://data.gov.au/data/dataset/abn-bulk-extract,name jaccard 1.00 via entity name 'The Trustee for Phoenix Trust'; ABN ACT from 2003; Discretionary Trading Trust; main business location NSW 2320 (postcode agrees); ACN none; GST CAN; ABR record updated 2026
phoenix-distilling-co,Phoenix Distilling Co.,Australia,au-asic,654649822,PHOENIX DISTILLING PTY LTD,self,asic-bulk-name,medium,,https://data.gov.au/data/dataset/asic-companies,ambiguous: 2 companies match equally; name jaccard 1.00 on 'PHOENIX DISTILLING PTY LTD'; ASIC status REGD; APTY/LMSH/PROP; registered 20/10/2021; state of registration n/a; ABN 66654649822
phoenix-distilling-co,Phoenix Distilling Co.,Australia,au-asic,657460369,PHOENIX LIQUOR PTY LTD,self,abr-acn-link,medium,,https://data.gov.au/data/dataset/asic-companies,ambiguous: 2 companies match equally; ACN from ABN 32657460369 (PHOENIX LIQUOR PTY LTD); ASIC status REGD; APTY/LMSH/PROP; registered 20/02/2022; state of registration n/a; ABN 32657460369
pokolbin-distillery,Pokolbin Distillery,Australia,au-abr,65634979847,POKOLBIN DISTILLERY PTY LTD,self,abr-bulk-name,high,,https://data.gov.au/data/dataset/abn-bulk-extract,name jaccard 1.00 via entity name 'POKOLBIN DISTILLERY PTY LTD'; ABN ACT from 2019; Australian Private Company; main business location NSW 2320 (postcode agrees); ACN 634979847; GST ACT; ABR record updated 2019
pokolbin-distillery,Pokolbin Distillery,Australia,au-asic,634979847,POKOLBIN DISTILLERY PTY LTD,self,asic-bulk-name,high,,https://data.gov.au/data/dataset/asic-companies,name jaccard 1.00 on 'POKOLBIN DISTILLERY PTY LTD'; ASIC status REGD; APTY/LMSH/PROP; registered 19/07/2019; state of registration n/a; ABN 65634979847
pokolbin-distillery,Pokolbin Distillery,Australia,au-abr,79654927769,POKOLBIN NOMINEES PTY LTD,self,abr-bulk-name,medium,,https://data.gov.au/data/dataset/abn-bulk-extract,name jaccard 1.00 via entity name 'POKOLBIN NOMINEES PTY LTD'; ABN ACT from 2022; Australian Private Company; main business location NSW 2320 (postcode agrees); ACN 654927769; GST NON; ABR record updated 2022
pokolbin-distillery,Pokolbin Distillery,Australia,au-abr,82303921120,POKOLBIN UNIT TRUST,self,abr-bulk-name,medium,,https://data.gov.au/data/dataset/abn-bulk-extract,name jaccard 1.00 via entity name 'POKOLBIN UNIT TRUST'; ABN ACT from 1999; Fixed Unit Trust; main business location NSW 2320 (postcode agrees); ACN none; GST CAN; ABR record updated 2021
pokolbin-distillery,Pokolbin Distillery,Australia,au-asic,654927769,POKOLBIN NOMINEES PTY LTD,self,abr-acn-link,medium,,https://data.gov.au/data/dataset/asic-companies,ACN from ABN 79654927769 (POKOLBIN NOMINEES PTY LTD); ASIC status REGD; APTY/LMSH/PROP; registered 29/10/2021; state of registration n/a; ABN 79654927769
pomona-distilling-co,Pomona Distilling Co,Australia,au-abr,84629711100,BEAU N ARROW PTY LTD,self,abr-bulk-name,high,,https://data.gov.au/data/dataset/abn-bulk-extract,name jaccard 1.00 via business name 'Pomona Distilling Co'; ABN ACT from 2018; Australian Private Company; main business location QLD 4568 (postcode agrees); ACN 629711100; GST ACT; ABR record updated 2019
pomona-distilling-co,Pomona Distilling Co,Australia,au-asic,629711100,BEAU N ARROW PTY LTD,self,abr-acn-link,high,,https://data.gov.au/data/dataset/asic-companies,ACN from ABN 84629711100 (BEAU N ARROW PTY LTD); ASIC status REGD; APTY/LMSH/PROP; registered 30/10/2018; state of registration n/a; ABN 84629711100
pomona-distilling-co,Pomona Distilling Co,Australia,au-abr,12545295173,The Trustee for The Pomona Family Trust,self,abr-bulk-name,medium,,https://data.gov.au/data/dataset/abn-bulk-extract,name jaccard 1.00 via entity name 'The Trustee for The Pomona Family Trust'; ABN ACT from 2025; Discretionary Investment Trust; main business location QLD 4568 (postcode agrees); ACN none; GST NON; ABR record updated 2025
pomona-distilling-co,Pomona Distilling Co,Australia,au-asic,644954101,POMONA BEVERAGE CO PTY LTD,self,asic-bulk-name,medium,,https://data.gov.au/data/dataset/asic-companies,name jaccard 1.00 on 'POMONA BEVERAGE CO PTY LTD'; ASIC status DRGD; APTY/LMSH/PROP; registered 08/10/2020; deregistered 18/01/2026; state of registration n/a; ABN 78644954101
porongurup-distillery,Porongurup Distillery,Australia,au-abr,35741735968,"(partnership of individuals, Other Partnership; trades as Porongurup Farm)",self,abr-bulk-name,low,,https://data.gov.au/data/dataset/abn-bulk-extract,"name jaccard 1.00 via trading name 'Porongurup Farm' (category word differs, no distilling word on this ABN); ABN ACT from 2002; Other Partnership; main business location WA 6324 (postcode agrees); ACN none; GST ACT; ABR record updated 2009"
porongurup-distillery,Porongurup Distillery,Australia,au-abr,19107471018,PORONGURUP ESTATE PTY LTD,self,abr-bulk-name,low,,https://data.gov.au/data/dataset/abn-bulk-extract,"name jaccard 1.00 via entity name 'PORONGURUP ESTATE PTY LTD' (category word differs, no distilling word on this ABN); ABN ACT from 2023; Australian Private Company; main business location WA 6324 (postcode agrees); ACN 107471018; GST ACT; ABR record updated 2025"
porongurup-distillery,Porongurup Distillery,Australia,au-asic,107471018,PORONGURUP ESTATE PTY LTD,self,abr-acn-link,low,,https://data.gov.au/data/dataset/asic-companies,ACN from ABN 19107471018 (PORONGURUP ESTATE PTY LTD); ASIC status REGD; APTY/LMSH/PROP; registered 22/12/2003; state of registration n/a; ABN 19107471018
porongurup-distillery,Porongurup Distillery,Australia,au-abr,91657890863,"(partnership of individuals, Family Partnership; trades as PORONGURUP SHOP)",self,abr-bulk-name,medium,,https://data.gov.au/data/dataset/abn-bulk-extract,name jaccard 1.00 via trading name 'PORONGURUP SHOP'; ABN ACT from 2000; Family Partnership; main business location WA 6324 (postcode agrees); ACN none; GST CAN; ABR record updated 2024
port-cygnet-distillery,Port Cygnet Distillery,Australia,au-abr,27574183124,"(individual, sole trader ABN; trades as Port Cygnet Distillery)",self,abr-bulk-name,medium,,https://data.gov.au/data/dataset/abn-bulk-extract,name jaccard 1.00 via business name 'Port Cygnet Distillery'; ABN ACT from 2017; Individual/Sole Trader; main business location TAS 7109 (postcode agrees); ACN none; GST CAN; ABR record updated 2021
port-cygnet-distillery,Port Cygnet Distillery,Australia,au-abr,80472545889,"(partnership of individuals, Family Partnership; trades as PORT CYGNET TRADING POST)",self,abr-bulk-name,medium,,https://data.gov.au/data/dataset/abn-bulk-extract,name jaccard 0.67 via trading name 'PORT CYGNET TRADING POST'; ABN CAN from 2016; Family Partnership; main business location TAS 7109 (postcode agrees); ACN none; GST CAN; ABR record updated 2023
port-cygnet-distillery,Port Cygnet Distillery,Australia,au-abr,97166852382,The Trustee for Port Cygnet Trust,self,abr-bulk-name,medium,,https://data.gov.au/data/dataset/abn-bulk-extract,name jaccard 1.00 via entity name 'The Trustee for Port Cygnet Trust'; ABN ACT from 2006; Discretionary Investment Trust; main business location TAS 7021 (state agrees); ACN none; GST NON; ABR record updated 2024
port-jackson-distilling-co,Port Jackson Distilling Co,Australia,au-abr,62672368106,PORT JACKSON DISTILLING CO PTY LTD,self,abr-bulk-name,high,,https://data.gov.au/data/dataset/abn-bulk-extract,name jaccard 1.00 via entity name 'PORT JACKSON DISTILLING CO PTY LTD'; ABN ACT from 2023; Australian Private Company; main business location NSW 2089 (state agrees); ACN 672368106; GST ACT; ABR record updated 2025
port-jackson-distilling-co,Port Jackson Distilling Co,Australia,au-asic,672368106,PORT JACKSON DISTILLING CO PTY LTD,self,asic-bulk-name,high,,https://data.gov.au/data/dataset/asic-companies,name jaccard 1.00 on 'PORT JACKSON DISTILLING CO PTY LTD'; ASIC status REGD; APTY/LMSH/PROP; registered 23/10/2023; state of registration n/a; ABN 62672368106
port-jackson-distilling-co,Port Jackson Distilling Co,Australia,au-abr,56849038356,"(partnership of individuals, Other Partnership; trades as Port & Jackson)",self,abr-bulk-name,medium,,https://data.gov.au/data/dataset/abn-bulk-extract,name jaccard 1.00 via business name 'Port & Jackson'; ABN ACT from 2014; Other Partnership; main business location NSW 2010 (state agrees); ACN none; GST NON; ABR record updated 2015
port-jackson-distilling-co,Port Jackson Distilling Co,Australia,au-abr,54627777208,PORT JACKSON FAMILY OFFICE PTY LTD,self,abr-bulk-name,medium,,https://data.gov.au/data/dataset/abn-bulk-extract,name jaccard 1.00 via entity name 'PORT JACKSON FAMILY OFFICE PTY LTD'; ABN ACT from 2018; Australian Private Company; main business location NSW 2000 (state agrees); ACN 627777208; GST ACT; ABR record updated 2020
port-jackson-distilling-co,Port Jackson Distilling Co,Australia,au-asic,627777208,PORT JACKSON FAMILY OFFICE PTY LTD,self,abr-acn-link,medium,,https://data.gov.au/data/dataset/asic-companies,ACN from ABN 54627777208 (PORT JACKSON FAMILY OFFICE PTY LTD); ASIC status REGD; APTY/LMSH/PROP; registered 27/07/2018; state of registration n/a; ABN 54627777208
port-macquarie-distillery,Port Macquarie Distillery,Australia,au-abr,24100463714,P & E PORT MACQUARIE PTY LIMITED,self,abr-bulk-name,medium,,https://data.gov.au/data/dataset/abn-bulk-extract,ambiguous: 3 companies match equally; name jaccard 1.00 via entity name 'P & E PORT MACQUARIE PTY LIMITED'; ABN ACT from 2002; Australian Private Company; main business location NSW 2444 (postcode agrees); ACN 100463714; GST ACT; ABR record updated 2019
port-macquarie-distillery,Port Macquarie Distillery,Australia,au-abr,29648184614,PMQD HOLDINGS PTY. LTD.,self,abr-bulk-name,medium,,https://data.gov.au/data/dataset/abn-bulk-extract,ambiguous: 3 companies match equally; name jaccard 1.00 via business name 'PORT MACQUARIE DISTILLERY'; ABN ACT from 2021; Australian Private Company; main business location NSW 2444 (postcode agrees); ACN 648184614; GST ACT; ABR record updated 2022
port-macquarie-distillery,Port Macquarie Distillery,Australia,au-abr,24126310889,Port Macquarie Housewares Pty Ltd,self,abr-bulk-name,medium,,https://data.gov.au/data/dataset/abn-bulk-extract,ambiguous: 3 companies match equally; name jaccard 1.00 via business name 'HOUSE IN PORT MACQUARIE'; ABN ACT from 2007; Australian Private Company; main business location NSW 2444 (postcode agrees); ACN 126310889; GST CAN; ABR record updated 2015
port-macquarie-distillery,Port Macquarie Distillery,Australia,au-asic,100463714,P & E PORT MACQUARIE PTY LIMITED,self,abr-acn-link,medium,,https://data.gov.au/data/dataset/asic-companies,ambiguous: 3 companies match equally; ACN from ABN 24100463714 (P & E PORT MACQUARIE PTY LIMITED); ASIC status REGD; APTY/LMSH/PROP; registered 07/05/2002; state of registration n/a; ABN 24100463714
port-macquarie-distillery,Port Macquarie Distillery,Australia,au-asic,615734695,PMBCO PTY LTD,self,asic-bulk-name,medium,,https://data.gov.au/data/dataset/asic-companies,"name jaccard 1.00 on 'PORT MACQUARIE BREWING COMPANY PTY LTD'; ASIC status REGD; APTY/LMSH/PROP; registered 04/11/2016; state of registration n/a; ABN 89615734695; FORMER name, current name PMBCO PTY LTD"
port-macquarie-distillery,Port Macquarie Distillery,Australia,au-asic,648184614,PMQD HOLDINGS PTY. LTD.,self,abr-acn-link,medium,,https://data.gov.au/data/dataset/asic-companies,ambiguous: 3 companies match equally; ACN from ABN 29648184614 (PMQD HOLDINGS PTY. LTD.); ASIC status REGD; APTY/LMSH/PROP; registered 23/02/2021; state of registration n/a; ABN 29648184614
port-macquarie-distillery,Port Macquarie Distillery,Australia,au-asic,126310889,PORT MACQUARIE HOUSEWARES PTY LTD,self,abr-acn-link,medium,,https://data.gov.au/data/dataset/asic-companies,ambiguous: 3 companies match equally; ACN from ABN 24126310889 (Port Macquarie Housewares Pty Ltd); ASIC status REGD; APTY/LMSH/PROP; registered 02/07/2007; state of registration n/a; ABN 24126310889
pretty-parrot-distilling,Pretty Parrot Distilling,Australia,au-abr,62627803963,PRETTY PARROT DISTILLING PTY LTD,self,abr-bulk-name,medium,,https://data.gov.au/data/dataset/abn-bulk-extract,name jaccard 1.00 via entity name 'PRETTY PARROT DISTILLING PTY LTD'; ABN CAN from 2025; Australian Private Company; main business location NSW 2720 (postcode agrees); ACN 627803963; GST CAN; ABR record updated 2025
pretty-parrot-distilling,Pretty Parrot Distilling,Australia,au-asic,627803963,PRETTY PARROT DISTILLING PTY LTD,self,asic-bulk-name,medium,,https://data.gov.au/data/dataset/asic-companies,name jaccard 1.00 on 'PRETTY PARROT DISTILLING PTY LTD'; ASIC status DRGD; APTY/LMSH/PROP; registered 28/07/2018; deregistered 12/11/2025; state of registration n/a; ABN 62627803963
puss-mew-distillery,Puss & Mew Distillery,Australia,au-abr,23638755889,PUSS & MEW PTY LTD,self,abr-bulk-name,high,,https://data.gov.au/data/dataset/abn-bulk-extract,name jaccard 1.00 via entity name 'PUSS & MEW PTY LTD'; ABN ACT from 2020; Australian Private Company; main business location VIC 3131 (postcode agrees); ACN 638755889; GST ACT; ABR record updated 2026
puss-mew-distillery,Puss & Mew Distillery,Australia,au-asic,638755889,PUSS & MEW PTY LTD,self,abr-acn-link,high,,https://data.gov.au/data/dataset/asic-companies,ACN from ABN 23638755889 (PUSS & MEW PTY LTD); ASIC status REGD; APTY/LMSH/PROP; registered 29/01/2020; state of registration n/a; ABN 23638755889
rebellion-rum-distillery,Rebellion Rum Distillery,Australia,au-asic,106079994,REBELLION BREWING PTY LTD,self,asic-bulk-name,low,,https://data.gov.au/data/dataset/asic-companies,name jaccard 1.00 on 'REBELLION BREWING PTY LTD'; ASIC status REGD; APTY/LMSH/PROP; registered 27/08/2003; state of registration n/a; ABN 30106079994
rebellion-rum-distillery,Rebellion Rum Distillery,Australia,au-abr,63990112669,"(individual, sole trader ABN; trades as THE CRAFT REBELLION)",self,abr-bulk-name,medium,,https://data.gov.au/data/dataset/abn-bulk-extract,name jaccard 1.00 via business name 'THE CRAFT REBELLION'; ABN ACT from 2017; Individual/Sole Trader; main business location QLD 4207 (postcode agrees); ACN none; GST ACT; ABR record updated 2026
rebellion-rum-distillery,Rebellion Rum Distillery,Australia,au-abr,45679124693,PLATT INDUSTRIES PTY LTD,self,abr-bulk-name,medium,,https://data.gov.au/data/dataset/abn-bulk-extract,ambiguous: 2 companies match equally; name jaccard 1.00 via business name 'Rebellion Distillery'; ABN ACT from 2024; Australian Private Company; main business location QLD 4553 (state agrees); ACN 679124693; GST ACT; ABR record updated 2025
rebellion-rum-distillery,Rebellion Rum Distillery,Australia,au-abr,73623354218,THE SNAPPY APPS CO PTY LTD,self,abr-bulk-name,medium,,https://data.gov.au/data/dataset/abn-bulk-extract,ambiguous: 2 companies match equally; name jaccard 1.00 via business name 'REBELLION RUM CO'; ABN ACT from 2017; Australian Private Company; main business location QLD 4208 (state agrees); ACN 623354218; GST ACT; ABR record updated 2022
rebellion-rum-distillery,Rebellion Rum Distillery,Australia,au-asic,679124693,PLATT INDUSTRIES PTY LTD,self,abr-acn-link,medium,,https://data.gov.au/data/dataset/asic-companies,ambiguous: 2 companies match equally; ACN from ABN 45679124693 (PLATT INDUSTRIES PTY LTD); ASIC status REGD; APTY/LMSH/PROP; registered 15/07/2024; state of registration n/a; ABN 45679124693
rebellion-rum-distillery,Rebellion Rum Distillery,Australia,au-asic,616837579,RUM REBELLION COMPANY PTY LTD,self,asic-bulk-name,medium,,https://data.gov.au/data/dataset/asic-companies,name jaccard 1.00 on 'RUM REBELLION COMPANY PTY LTD'; ASIC status DRGD; APTY/LMSH/PROP; registered 16/01/2017; deregistered 21/06/2026; state of registration n/a; ABN 0
rebellion-rum-distillery,Rebellion Rum Distillery,Australia,au-asic,623354218,THE SNAPPY APPS CO PTY LTD,self,abr-acn-link,medium,,https://data.gov.au/data/dataset/asic-companies,ambiguous: 2 companies match equally; ACN from ABN 73623354218 (THE SNAPPY APPS CO PTY LTD); ASIC status REGD; APTY/LMSH/PROP; registered 11/12/2017; state of registration n/a; ABN 73623354218
rebellion-rum-distillery,Rebellion Rum Distillery,Australia,au-asic,644847003,TIME ON THE VINE PTY LTD,self,asic-bulk-name,medium,,https://data.gov.au/data/dataset/asic-companies,"name jaccard 1.00 on 'RUM REBELLION LIQUOR GROUP PTY LTD'; ASIC status REGD; APTY/LMSH/PROP; registered 04/10/2020; state of registration n/a; ABN 36644847003; FORMER name, current name TIME ON THE VINE PTY LTD"
red-duck-distillery,Red Duck Distillery,Australia,au-abr,74646214048,RED DUCK DISTILLERY PTY LTD,self,abr-bulk-name,high,,https://data.gov.au/data/dataset/abn-bulk-extract,name jaccard 1.00 via entity name 'RED DUCK DISTILLERY PTY LTD'; ABN ACT from 2020; Australian Private Company; main business location VIC 3350 (postcode agrees); ACN 646214048; GST ACT; ABR record updated 2020
red-duck-distillery,Red Duck Distillery,Australia,au-asic,646214048,RED DUCK DISTILLERY PTY LTD,self,asic-bulk-name,high,,https://data.gov.au/data/dataset/asic-companies,name jaccard 1.00 on 'RED DUCK DISTILLERY PTY LTD'; ASIC status REGD; APTY/LMSH/PROP; registered 27/11/2020; state of registration n/a; ABN 74646214048
red-duck-distillery,Red Duck Distillery,Australia,au-abr,48149866570,The Trustee for Red Duck Trading Unit Trust,self,abr-bulk-name,medium,,https://data.gov.au/data/dataset/abn-bulk-extract,name jaccard 1.00 via entity name 'The Trustee for Red Duck Trading Unit Trust'; ABN ACT from 2019; Fixed Unit Trust; main business location VIC 3094 (state agrees); ACN none; GST CAN; ABR record updated 2024
redlands-coast-distillery,Redlands Coast Distillery,Australia,au-abr,25476877895,The trustee for Pannan Family Trust,self,abr-bulk-name,high,,https://data.gov.au/data/dataset/abn-bulk-extract,name jaccard 1.00 via business name 'REDLANDS COAST DISTILLERY'; ABN ACT from 2008; Discretionary Trading Trust; main business location QLD 4161 (state agrees); ACN none; GST ACT; ABR record updated 2021
redlands-coast-distillery,Redlands Coast Distillery,Australia,au-abr,32781924494,"(individual, sole trader ABN; trades as REDLANDS COAST RESTORATIONS)",self,abr-bulk-name,medium,,https://data.gov.au/data/dataset/abn-bulk-extract,name jaccard 0.67 via business name 'REDLANDS COAST RESTORATIONS'; ABN ACT from 2021; Individual/Sole Trader; main business location QLD 4157 (postcode agrees); ACN none; GST ACT; ABR record updated 2021
redlands-coast-distillery,Redlands Coast Distillery,Australia,au-abr,86058929428,REDLAND CITY COUNCIL,self,abr-bulk-name,medium,,https://data.gov.au/data/dataset/abn-bulk-extract,name jaccard 1.00 via business name 'REDLANDS COAST'; ABN ACT from 1999; Local Government Entity; main business location QLD 4163 (state agrees); ACN none; GST ACT; ABR record updated 2026
reed-co-distillery,Reed & Co. Distillery,Australia,au-abr,62839375774,The Trustee for Nugent-Reed Family Trust,self,abr-bulk-name,medium,,https://data.gov.au/data/dataset/abn-bulk-extract,name jaccard 1.00 via business name 'Reed & Co Distillery'; ABN ACT from 2012; Discretionary Trading Trust; main business location VIC 3741 (postcode agrees); ACN none; GST ACT; ABR record updated 2021
reedy-swamp-distillery,Reedy Swamp Distillery,Australia,au-abr,93677291657,"(individual, sole trader ABN; trades as REEDY SWAMP DISTILLERY)",self,abr-bulk-name,medium,,https://data.gov.au/data/dataset/abn-bulk-extract,name jaccard 1.00 via business name 'REEDY SWAMP DISTILLERY'; ABN ACT from 2014; Individual/Sole Trader; main business location NSW 2550 (postcode agrees); ACN none; GST NON; ABR record updated 2021
reef-distillers,Reef Distillers,Australia,au-abr,39661283147,REEF DISTILLERS PTY LTD,self,abr-bulk-name,medium,,https://data.gov.au/data/dataset/abn-bulk-extract,name jaccard 1.00 via entity name 'REEF DISTILLERS PTY LTD'; ABN ACT from 2022; Australian Private Company; main business location QLD 4703 (postcode agrees); ACN 661283147; GST ACT; ABR record updated 2024
reef-distillers,Reef Distillers,Australia,au-asic,661283147,REEF DISTILLERS PTY LTD,self,abr-acn-link,medium,,https://data.gov.au/data/dataset/asic-companies,ACN from ABN 39661283147 (REEF DISTILLERS PTY LTD); ASIC status REGD; APTY/LMSH/PROP; registered 27/07/2022; state of registration n/a; ABN 39661283147
reform-distilling,Reform Distilling,Australia,au-abr,55640010966,REFORM DISTILLING PTY LTD,self,abr-bulk-name,high,,https://data.gov.au/data/dataset/abn-bulk-extract,name jaccard 1.00 via entity name 'REFORM DISTILLING PTY LTD'; ABN ACT from 2020; Australian Private Company; main business location SA 5067 (postcode agrees); ACN 640010966; GST ACT; ABR record updated 2021
reform-distilling,Reform Distilling,Australia,au-asic,640010966,REFORM DISTILLING PTY LTD,self,asic-bulk-name,high,,https://data.gov.au/data/dataset/asic-companies,name jaccard 1.00 on 'REFORM DISTILLING PTY LTD'; ASIC status REGD; APTY/LMSH/PROP; registered 27/03/2020; state of registration n/a; ABN 55640010966
republic-of-fremantle-distillery,Republic of Fremantle Distillery,Australia,au-abr,71626356901,REPUBLIC OF FREMANTLE DISTILLING CO PTY LTD,self,abr-bulk-name,medium,,https://data.gov.au/data/dataset/abn-bulk-extract,ambiguous: 2 companies match equally; name jaccard 1.00 via business name 'REPUBLIC OF FREMANTLE'; ABN ACT from 2018; Australian Private Company; main business location WA 6160 (postcode agrees); ACN 626356901; GST ACT; ABR record updated 2025
republic-of-fremantle-distillery,Republic of Fremantle Distillery,Australia,au-abr,81635839691,REPUBLIC OF FREMANTLE HOLDINGS LTD,self,abr-bulk-name,medium,,https://data.gov.au/data/dataset/abn-bulk-extract,ambiguous: 2 companies match equally; name jaccard 1.00 via entity name 'REPUBLIC OF FREMANTLE HOLDINGS LTD'; ABN ACT from 2019; Australian Private Company; main business location WA 6160 (postcode agrees); ACN 635839691; GST NON; ABR record updated 2022
republic-of-fremantle-distillery,Republic of Fremantle Distillery,Australia,au-asic,626356901,REPUBLIC OF FREMANTLE DISTILLING CO PTY LTD,self,abr-acn-link,medium,,https://data.gov.au/data/dataset/asic-companies,ambiguous: 2 companies match equally; ACN from ABN 71626356901 (REPUBLIC OF FREMANTLE DISTILLING CO PTY LTD); ASIC status REGD; APTY/LMSH/PROP; registered 24/05/2018; state of registration n/a; ABN 71626356901
republic-of-fremantle-distillery,Republic of Fremantle Distillery,Australia,au-asic,635839691,REPUBLIC OF FREMANTLE HOLDINGS LTD,self,abr-acn-link,medium,,https://data.gov.au/data/dataset/asic-companies,ambiguous: 2 companies match equally; ACN from ABN 81635839691 (REPUBLIC OF FREMANTLE HOLDINGS LTD); ASIC status REGD; APUB/LMSH/ULST; registered 28/08/2019; state of registration n/a; ABN 81635839691
riverbourne-distillery,Riverbourne Distillery,Australia,au-abr,73625457874,RIVERBOURNE DISTILLERY PTY LTD,self,abr-bulk-name,high,,https://data.gov.au/data/dataset/abn-bulk-extract,name jaccard 1.00 via entity name 'RIVERBOURNE DISTILLERY PTY LTD'; ABN ACT from 2018; Australian Private Company; main business location NSW 2623 (state agrees); ACN 625457874; GST ACT; ABR record updated 2018
riverbourne-distillery,Riverbourne Distillery,Australia,au-asic,625457874,RIVERBOURNE DISTILLERY PTY LTD,self,asic-bulk-name,high,,https://data.gov.au/data/dataset/asic-companies,name jaccard 1.00 on 'RIVERBOURNE DISTILLERY PTY LTD'; ASIC status REGD; APTY/LMSH/PROP; registered 09/04/2018; state of registration n/a; ABN 73625457874
riverina-gin,Riverina Gin,Australia,au-abr,39645180347,EAGLESHAM GROUP PTY LTD,self,abr-bulk-name,high,,https://data.gov.au/data/dataset/abn-bulk-extract,name jaccard 1.00 via business name 'Riverina Gin'; ABN ACT from 2020; Australian Private Company; main business location NSW 2650 (postcode agrees); ACN 645180347; GST ACT; ABR record updated 2026
riverina-gin,Riverina Gin,Australia,au-asic,645180347,EAGLESHAM GROUP PTY LTD,self,abr-acn-link,high,,https://data.gov.au/data/dataset/asic-companies,ACN from ABN 39645180347 (EAGLESHAM GROUP PTY LTD); ASIC status REGD; APTY/LMSH/PROP; registered 16/10/2020; state of registration n/a; ABN 39645180347
riverina-gin,Riverina Gin,Australia,au-asic,639285564,RIVERINA BREWING COMPANY PTY LIMITED,self,asic-bulk-name,low,,https://data.gov.au/data/dataset/asic-companies,name jaccard 1.00 on 'RIVERINA BREWING COMPANY PTY LIMITED'; ASIC status REGD; APTY/LMSH/PROP; registered 21/02/2020; state of registration n/a; ABN 0
riverina-gin,Riverina Gin,Australia,au-asic,698313941,RIVERINA VINEYARD PTY LTD,self,asic-bulk-name,low,,https://data.gov.au/data/dataset/asic-companies,name jaccard 1.00 on 'RIVERINA VINEYARD PTY LTD'; ASIC status REGD; APTY/LMSH/PROP; registered 21/05/2026; state of registration n/a; ABN 37698313941
riverina-gin,Riverina Gin,Australia,au-asic,001752263,WARBURN ESTATE PTY LTD,self,asic-bulk-name,low,,https://data.gov.au/data/dataset/asic-companies,"name jaccard 1.00 on 'RIVERINA WINES PTY LTD' (state of registration agrees); ASIC status EXAD; APTY/LMSH/PROP; registered 25/06/1979; state of registration NSW; ABN 26001752263; FORMER name, current name WARBURN ESTATE PTY LTD"
riverina-gin,Riverina Gin,Australia,au-abr,77574691396,The Trustee for Riverina Unit Trust,self,abr-bulk-name,medium,,https://data.gov.au/data/dataset/abn-bulk-extract,name jaccard 1.00 via entity name 'The Trustee for Riverina Unit Trust'; ABN ACT from 2020; Fixed Unit Trust; main business location NSW 2650 (postcode agrees); ACN none; GST ACT; ABR record updated 2020
riverina-gin,Riverina Gin,Australia,au-abr,99861255298,The Trustee for the Riverina Unit Trust,self,abr-bulk-name,medium,,https://data.gov.au/data/dataset/abn-bulk-extract,name jaccard 1.00 via entity name 'The Trustee for the Riverina Unit Trust'; ABN CAN from 2024; Fixed Unit Trust; main business location NSW 2650 (postcode agrees); ACN none; GST CAN; ABR record updated 2024
roam-distillery,Roam Distillery,Australia,au-abr,89650549241,TBO ENTERPRISES PTY LTD,self,abr-bulk-name,low,,https://data.gov.au/data/dataset/abn-bulk-extract,name jaccard 1.00 via business name 'ROAM DISTILLERY'; ABN ACT from 2021; Australian Private Company; main business location WA 6062 (state agrees); ACN 650549241; GST ACT; ABR record updated 2026
roam-distillery,Roam Distillery,Australia,au-asic,650549241,TBO ENTERPRISES PTY LTD,self,abr-acn-link,low,,https://data.gov.au/data/dataset/asic-companies,ACN from ABN 89650549241 (TBO ENTERPRISES PTY LTD); ASIC status REGD; APTY/LMSH/PROP; registered 27/05/2021; state of registration n/a; ABN 89650549241
robbers-dog-distillery,Robbers Dog - Distillery,Australia,au-abr,65762338135,THE TRUSTEE FOR THE DAVIES FAMILY TRUST,self,abr-bulk-name,high,,https://data.gov.au/data/dataset/abn-bulk-extract,name jaccard 1.00 via business name 'Robbers Dog'; ABN ACT from 2016; Discretionary Trading Trust; main business location SA 5235 (postcode agrees); ACN none; GST ACT; ABR record updated 2020
route-9-distillery,Route 9 Distillery,Australia,au-abr,75650295211,ROUTE 9 DISTILLERY PTY LTD,self,abr-bulk-name,high,,https://data.gov.au/data/dataset/abn-bulk-extract,name jaccard 1.00 via entity name 'ROUTE 9 DISTILLERY PTY LTD'; ABN ACT from 2021; Australian Private Company; main business location SA 5063 (state agrees); ACN 650295211; GST ACT; ABR record updated 2025
route-9-distillery,Route 9 Distillery,Australia,au-asic,650295211,ROUTE 9 DISTILLERY PTY LTD,self,asic-bulk-name,high,,https://data.gov.au/data/dataset/asic-companies,name jaccard 1.00 on 'ROUTE 9 DISTILLERY PTY LTD'; ASIC status REGD; APTY/LMSH/PROP; registered 18/05/2021; state of registration n/a; ABN 75650295211
roylancer-distillery-co,Roylancer Distillery Co,Australia,au-abr,42658352160,ROYLANCER & SONS PTY LTD,self,abr-bulk-name,high,,https://data.gov.au/data/dataset/abn-bulk-extract,name jaccard 1.00 via business name 'ROYLANCER DISTILLERY CO'; ABN ACT from 2022; Australian Private Company; main business location SA 5238 (postcode agrees); ACN 658352160; GST ACT; ABR record updated 2022
roylancer-distillery-co,Roylancer Distillery Co,Australia,au-asic,658352160,ROYLANCER & SONS PTY LTD,self,abr-acn-link,high,,https://data.gov.au/data/dataset/asic-companies,ACN from ABN 42658352160 (ROYLANCER & SONS PTY LTD); ASIC status REGD; APTY/LMSH/PROP; registered 28/03/2022; state of registration n/a; ABN 42658352160
saint-felix,Saint Felix,Australia,au-abr,43619823277,The Trustee for Saint Felix Unit Trust,self,abr-bulk-name,medium,,https://data.gov.au/data/dataset/abn-bulk-extract,name jaccard 1.00 via entity name 'The Trustee for Saint Felix Unit Trust'; ABN CAN from 2026; Fixed Unit Trust; main business location VIC 3931 (state agrees); ACN none; GST NON; ABR record updated 2026
seabourne-distillery,Seabourne Distillery,Australia,au-asic,628546163,SEABOURNE DISTILLING PTY LTD,self,abr-acn-link,high,,https://data.gov.au/data/dataset/asic-companies,ACN from ABN 30628546163 (SEABOURNE DISTILLING PTY LTD); ASIC status REGD; APTY/LMSH/PROP; registered 03/09/2018; state of registration n/a; ABN 30628546163
seabourne-distillery,Seabourne Distillery,Australia,au-abr,30628546163,SEABOURNE DISTILLING PTY LTD,self,abr-bulk-name,medium,,https://data.gov.au/data/dataset/abn-bulk-extract,ambiguous: 2 companies match equally; name jaccard 1.00 via entity name 'SEABOURNE DISTILLING PTY LTD'; ABN ACT from 2018; Australian Private Company; main business location QLD 4567 (state agrees); ACN 628546163; GST ACT; ABR record updated 2022
seabourne-distillery,Seabourne Distillery,Australia,au-abr,42458357667,The Trustee for Seabourne Distilling Trust,self,abr-bulk-name,medium,,https://data.gov.au/data/dataset/abn-bulk-extract,ambiguous: 2 companies match equally; name jaccard 1.00 via entity name 'The Trustee for Seabourne Distilling Trust'; ABN ACT from 2020; Discretionary Trading Trust; main business location QLD 4566 (postcode agrees); ACN none; GST CAN; ABR record updated 2026
seabourne-distillery,Seabourne Distillery,Australia,au-asic,641797971,CANMORE RETIREMENT FUND PTY LTD,self,asic-bulk-name,medium,,https://data.gov.au/data/dataset/asic-companies,"name jaccard 1.00 on 'SEABOURNE DISTILLING PTY LTD'; ASIC status REGD; APTY/LMSH/PROP; registered 17/06/2020; state of registration n/a; ABN 0; FORMER name, current name CANMORE RETIREMENT FUND PTY LTD"
secret-valley-distillery,Secret Valley Distillery,Australia,au-abr,80649337408,"(individual, sole trader ABN; trades as Secret Valley Distillery)",self,abr-bulk-name,medium,,https://data.gov.au/data/dataset/abn-bulk-extract,name jaccard 1.00 via business name 'Secret Valley Distillery'; ABN ACT from 2010; Individual/Sole Trader; main business location QLD 4380 (postcode agrees); ACN none; GST ACT; ABR record updated 2026
sip-banter-distillery,Sip & Banter Distillery,Australia,au-abr,19664570496,SIP & BANTER DISTILLERY PTY LTD,self,abr-bulk-name,high,,https://data.gov.au/data/dataset/abn-bulk-extract,name jaccard 1.00 via entity name 'SIP & BANTER DISTILLERY PTY LTD'; ABN ACT from 2022; Australian Private Company; main business location QLD 4340 (postcode agrees); ACN 664570496; GST ACT; ABR record updated 2024
sip-banter-distillery,Sip & Banter Distillery,Australia,au-asic,664570496,SIP & BANTER DISTILLERY PTY LTD,self,asic-bulk-name,high,,https://data.gov.au/data/dataset/asic-companies,name jaccard 1.00 on 'SIP & BANTER DISTILLERY PTY LTD'; ASIC status REGD; APTY/LMSH/PROP; registered 18/12/2022; state of registration n/a; ABN 19664570496
six-tricks-distilling-co,Six-Tricks Distilling Co.,Australia,au-abr,70660394338,SIX TRICKS DISTILLING CO. PTY LTD,self,abr-bulk-name,high,,https://data.gov.au/data/dataset/abn-bulk-extract,name jaccard 1.00 via entity name 'SIX TRICKS DISTILLING CO. PTY LTD'; ABN ACT from 2022; Australian Private Company; main business location QLD 4218 (postcode agrees); ACN 660394338; GST ACT; ABR record updated 2024
six-tricks-distilling-co,Six-Tricks Distilling Co.,Australia,au-asic,660394338,SIX TRICKS DISTILLING CO. PTY LTD,self,asic-bulk-name,high,,https://data.gov.au/data/dataset/asic-companies,name jaccard 1.00 on 'SIX TRICKS DISTILLING CO. PTY LTD'; ASIC status REGD; APTY/LMSH/PROP; registered 23/06/2022; state of registration n/a; ABN 70660394338
sons-daughters-winery-and-distillery,Sons & Daughters Winery and Distillery,Australia,au-abr,46946808044,"(individual, sole trader ABN; trades as sons&daughters)",self,abr-bulk-name,medium,,https://data.gov.au/data/dataset/abn-bulk-extract,name jaccard 1.00 via trading name 'sons&daughters'; ABN CAN from 2015; Individual/Sole Trader; main business location WA 6019 (state agrees); ACN none; GST NON; ABR record updated 2015
sons-daughters-winery-and-distillery,Sons & Daughters Winery and Distillery,Australia,au-abr,90525316344,The Trustee for Pilgrimage Trust,self,abr-bulk-name,medium,,https://data.gov.au/data/dataset/abn-bulk-extract,"name jaccard 1.00 via business name 'Sons and Daughters Wines' (category word differs, no distilling word on this ABN); ABN ACT from 2019; Discretionary Trading Trust; main business location WA 6285 (postcode agrees); ACN none; GST ACT; ABR record updated 2026"
soul-bird-distilling,Soul Bird Distilling,Australia,au-abr,91605940930,TAYZAR PTY LTD,self,abr-bulk-name,high,,https://data.gov.au/data/dataset/abn-bulk-extract,name jaccard 1.00 via business name 'Soul Bird Distilling Co.'; ABN ACT from 2015; Australian Private Company; main business location SA 5172 (postcode agrees); ACN 605940930; GST ACT; ABR record updated 2026
soul-bird-distilling,Soul Bird Distilling,Australia,au-asic,605940930,TAYZAR PTY LTD,self,abr-acn-link,high,,https://data.gov.au/data/dataset/asic-companies,ACN from ABN 91605940930 (TAYZAR PTY LTD); ASIC status REGD; APTY/LMSH/PROP; registered 20/05/2015; state of registration n/a; ABN 91605940930
south-coast-distillery,South Coast Distillery,Australia,au-abr,45640472206,COAST DISTILLERY PTY LTD,self,abr-bulk-name,medium,,https://data.gov.au/data/dataset/abn-bulk-extract,ambiguous: 2 companies match equally; name jaccard 1.00 via entity name 'COAST DISTILLERY PTY LTD'; ABN ACT from 2020; Australian Private Company; main business location NSW 2104 (state agrees); ACN 640472206; GST ACT; ABR record updated 2020
south-coast-distillery,South Coast Distillery,Australia,au-abr,78625794489,SOUTH COAST DISTILLERY PTY LTD,self,abr-bulk-name,medium,,https://data.gov.au/data/dataset/abn-bulk-extract,ambiguous: 2 companies match equally; name jaccard 1.00 via entity name 'SOUTH COAST DISTILLERY PTY LTD'; ABN ACT from 2018; Australian Private Company; main business location NSW 2500 (postcode agrees); ACN 625794489; GST ACT; ABR record updated 2025
south-coast-distillery,South Coast Distillery,Australia,au-abr,61151778719,SOUTH COAST PRIVATE PTY LIMITED,self,abr-bulk-name,medium,,https://data.gov.au/data/dataset/abn-bulk-extract,name jaccard 1.00 via entity name 'SOUTH COAST PRIVATE PTY LIMITED'; ABN ACT from 2011; Australian Private Company; main business location NSW 2500 (postcode agrees); ACN 151778719; GST ACT; ABR record updated 2018
south-coast-distillery,South Coast Distillery,Australia,au-asic,640472206,COAST DISTILLERY PTY LTD,self,asic-bulk-name,medium,,https://data.gov.au/data/dataset/asic-companies,ambiguous: 2 companies match equally; name jaccard 1.00 on 'COAST DISTILLERY PTY LTD'; ASIC status REGD; APTY/LMSH/PROP; registered 23/04/2020; state of registration n/a; ABN 45640472206
south-coast-distillery,South Coast Distillery,Australia,au-asic,625794489,SOUTH COAST DISTILLERY PTY LTD,self,asic-bulk-name,medium,,https://data.gov.au/data/dataset/asic-companies,ambiguous: 2 companies match equally; name jaccard 1.00 on 'SOUTH COAST DISTILLERY PTY LTD'; ASIC status REGD; APTY/LMSH/PROP; registered 26/04/2018; state of registration n/a; ABN 78625794489
south-coast-distillery,South Coast Distillery,Australia,au-asic,151778719,SOUTH COAST PRIVATE PTY LIMITED,self,abr-acn-link,medium,,https://data.gov.au/data/dataset/asic-companies,ACN from ABN 61151778719 (SOUTH COAST PRIVATE PTY LIMITED); ASIC status REGD; APTY/LMSH/PROP; registered 28/06/2011; state of registration n/a; ABN 61151778719
southarm-craft-distillery,Southarm Craft Distillery,Australia,au-abr,30949084957,"(partnership of individuals, Family Partnership; trades as SOUTH ARM DISTILLERY)",self,abr-bulk-name,medium,,https://data.gov.au/data/dataset/abn-bulk-extract,name jaccard 1.00 via business name 'SOUTH ARM DISTILLERY'; ABN ACT from 2018; Family Partnership; main business location TAS 7015 (postcode agrees); ACN none; GST CAN; ABR record updated 2022
southern-highlands-distillery,Southern Highlands Distillery,Australia,au-asic,147309653,SOUTHERN HIGHLANDS DISTILLERY PTY LTD,self,asic-bulk-name,high,,https://data.gov.au/data/dataset/asic-companies,name jaccard 1.00 on 'SOUTHERN HIGHLANDS DISTILLERY PTY LTD'; ASIC status REGD; APTY/LMSH/PROP; registered 11/11/2010; state of registration n/a; ABN 0
southern-highlands-distillery,Southern Highlands Distillery,Australia,au-abr,55684662271,BRUZZANO & ASSOCIATES PTY LTD,self,abr-bulk-name,medium,,https://data.gov.au/data/dataset/abn-bulk-extract,name jaccard 1.00 via business name 'SOUTHERN HIGHLANDS GROUP'; ABN ACT from 2025; Australian Private Company; main business location NSW 2047 (state agrees); ACN 684662271; GST ACT; ABR record updated 2025
southern-highlands-distillery,Southern Highlands Distillery,Australia,au-abr,86600466975,S&E (SOUTHERN HIGHLANDS) HOLDINGS PTY LTD,self,abr-bulk-name,medium,,https://data.gov.au/data/dataset/abn-bulk-extract,name jaccard 1.00 via entity name 'S&E (SOUTHERN HIGHLANDS) HOLDINGS PTY LTD'; ABN ACT from 2014; Australian Private Company; main business location NSW 2576 (state agrees); ACN 600466975; GST ACT; ABR record updated 2014
southern-highlands-distillery,Southern Highlands Distillery,Australia,au-abr,59741401223,The trustee for The Southern Highlands Trust,self,abr-bulk-name,medium,,https://data.gov.au/data/dataset/abn-bulk-extract,name jaccard 1.00 via entity name 'The trustee for The Southern Highlands Trust'; ABN ACT from 2007; Fixed Unit Trust; main business location NSW 2171 (state agrees); ACN none; GST ACT; ABR record updated 2009
southern-highlands-distillery,Southern Highlands Distillery,Australia,au-asic,684662271,BRUZZANO & ASSOCIATES PTY LTD,self,abr-acn-link,medium,,https://data.gov.au/data/dataset/asic-companies,ACN from ABN 55684662271 (BRUZZANO & ASSOCIATES PTY LTD); ASIC status REGD; APTY/LMSH/PROP; registered 19/02/2025; state of registration n/a; ABN 55684662271
southern-highlands-distillery,Southern Highlands Distillery,Australia,au-asic,606694928,POWDER MONKEY BREWING PTY LTD,self,asic-bulk-name,medium,,https://data.gov.au/data/dataset/asic-companies,"name jaccard 1.00 on 'SOUTHERN HIGHLANDS BREWING CO PTY LTD'; ASIC status REGD; APTY/LMSH/PROP; registered 26/06/2015; state of registration n/a; ABN 47606694928; FORMER name, current name POWDER MONKEY BREWING PTY LTD"
southern-highlands-distillery,Southern Highlands Distillery,Australia,au-asic,600466975,S&E (SOUTHERN HIGHLANDS) HOLDINGS PTY LTD,self,abr-acn-link,medium,,https://data.gov.au/data/dataset/asic-companies,ACN from ABN 86600466975 (S&E (SOUTHERN HIGHLANDS) HOLDINGS PTY LTD); ASIC status REGD; APTY/LMSH/PROP; registered 01/07/2014; state of registration n/a; ABN 86600466975
southern-highlands-distillery,Southern Highlands Distillery,Australia,au-asic,648756674,SOUTHERN HIGHLANDS SPIRITS PTY LTD,self,asic-bulk-name,medium,,https://data.gov.au/data/dataset/asic-companies,name jaccard 1.00 on 'SOUTHERN HIGHLANDS SPIRITS PTY LTD'; ASIC status REGD; APTY/LMSH/PROP; registered 17/03/2021; state of registration n/a; ABN 58648756674
southern-wild-distillery,Southern Wild Distillery,Australia,au-abr,11601222682,SOUTHERN WILD DISTILLERY PTY LTD,self,abr-bulk-name,high,,https://data.gov.au/data/dataset/abn-bulk-extract,name jaccard 1.00 via entity name 'SOUTHERN WILD DISTILLERY PTY LTD'; ABN ACT from 2014; Australian Private Company; main business location TAS 7310 (postcode agrees); ACN 601222682; GST ACT; ABR record updated 2026
southern-wild-distillery,Southern Wild Distillery,Australia,au-asic,601222682,SOUTHERN WILD DISTILLERY PTY LTD,self,asic-bulk-name,high,,https://data.gov.au/data/dataset/asic-companies,name jaccard 1.00 on 'SOUTHERN WILD DISTILLERY PTY LTD'; ASIC status REGD; APTY/LMSH/PROP; registered 13/08/2014; state of registration n/a; ABN 11601222682
southern-wild-distillery,Southern Wild Distillery,Australia,au-abr,18580873700,"(partnership of individuals, Family Partnership; trades as Southern Wild)",self,abr-bulk-name,medium,,https://data.gov.au/data/dataset/abn-bulk-extract,name jaccard 1.00 via business name 'Southern Wild'; ABN CAN from 2026; Family Partnership; main business location TAS 7171 (state agrees); ACN none; GST CAN; ABR record updated 2026
southern-wild-distillery,Southern Wild Distillery,Australia,au-abr,22673424550,WILD SOUTHERN BREWING PTY LTD,self,abr-bulk-name,medium,,https://data.gov.au/data/dataset/abn-bulk-extract,"name jaccard 1.00 via entity name 'WILD SOUTHERN BREWING PTY LTD' (category word differs, no distilling word on this ABN); ABN ACT from 2023; Australian Private Company; main business location TAS 7170 (state agrees); ACN 673424550; GST ACT; ABR record updated 2023"
southern-wild-distillery,Southern Wild Distillery,Australia,au-asic,673424550,WILD SOUTHERN BREWING PTY LTD,self,asic-bulk-name,medium,,https://data.gov.au/data/dataset/asic-companies,name jaccard 1.00 on 'WILD SOUTHERN BREWING PTY LTD'; ASIC status REGD; APTY/LMSH/PROP; registered 05/12/2023; state of registration n/a; ABN 22673424550
speargrass-distillery,Speargrass Distillery,Australia,au-abr,19680227721,FOR GOOD SPIRITS PTY LTD,self,abr-bulk-name,high,,https://data.gov.au/data/dataset/abn-bulk-extract,name jaccard 1.00 via business name 'Speargrass Distillery'; ABN ACT from 2024; Australian Private Company; main business location NT 0810 (postcode agrees); ACN 680227721; GST ACT; ABR record updated 2024
speargrass-distillery,Speargrass Distillery,Australia,au-asic,680227721,FOR GOOD SPIRITS PTY LTD,self,abr-acn-link,high,,https://data.gov.au/data/dataset/asic-companies,ACN from ABN 19680227721 (FOR GOOD SPIRITS PTY LTD); ASIC status REGD; APTY/LMSH/PROP; registered 26/08/2024; state of registration n/a; ABN 19680227721
spiritato-distillers,Spiritato Distillers,Australia,au-abr,38649032708,ELIT WINES & SPIRITS PTY LTD,self,abr-bulk-name,high,,https://data.gov.au/data/dataset/abn-bulk-extract,name jaccard 1.00 via business name 'SPIRITATO DISTILLERS'; ABN ACT from 2021; Australian Private Company; main business location SA 5000 (state agrees); ACN 649032708; GST ACT; ABR record updated 2024
spiritato-distillers,Spiritato Distillers,Australia,au-asic,649032708,ELIT WINES & SPIRITS PTY LTD,self,abr-acn-link,high,,https://data.gov.au/data/dataset/asic-companies,ACN from ABN 38649032708 (ELIT WINES & SPIRITS PTY LTD); ASIC status REGD; APTY/LMSH/PROP; registered 26/03/2021; state of registration n/a; ABN 38649032708
spirited-distilling-company-and-tasmanian-tonic-company-cellar-door,Spirited Distilling Company and Tasmanian Tonic Company Cellar Door,Australia,au-abr,53127698140,Grace Strategic Pty Ltd,self,abr-bulk-name,high,,https://data.gov.au/data/dataset/abn-bulk-extract,name jaccard 1.00 via business name 'Spirited Distilling Company'; ABN ACT from 2007; Australian Private Company; main business location TAS 7005 (state agrees); ACN 127698140; GST ACT; ABR record updated 2025
spirited-distilling-company-and-tasmanian-tonic-company-cellar-door,Spirited Distilling Company and Tasmanian Tonic Company Cellar Door,Australia,au-asic,127698140,GRACE STRATEGIC PTY LTD,self,abr-acn-link,high,,https://data.gov.au/data/dataset/asic-companies,ACN from ABN 53127698140 (Grace Strategic Pty Ltd); ASIC status REGD; APTY/LMSH/PROP; registered 25/09/2007; state of registration n/a; ABN 53127698140
spring-bay-distillery,Spring Bay Distillery,Australia,au-abr,71595859396,The Trustee for CNS Trust,self,abr-bulk-name,high,,https://data.gov.au/data/dataset/abn-bulk-extract,name jaccard 1.00 via business name 'Spring Bay Distillery'; ABN ACT from 2015; Discretionary Trading Trust; main business location TAS 7004 (state agrees); ACN none; GST ACT; ABR record updated 2022
spring-bay-distillery,Spring Bay Distillery,Australia,au-abr,39413024805,The Trustee for GC & LC Gadd Family Trust,self,abr-bulk-name,medium,,https://data.gov.au/data/dataset/abn-bulk-extract,"name jaccard 1.00 via business name 'Spring Bay Hotel' (category word differs, no distilling word on this ABN); ABN ACT from 2020; Discretionary Trading Trust; main business location TAS 7190 (postcode agrees); ACN none; GST ACT; ABR record updated 2021"
spring-bay-distillery,Spring Bay Distillery,Australia,au-abr,22380824400,The Trustee for NOZAWA Super Fund,self,abr-bulk-name,medium,,https://data.gov.au/data/dataset/abn-bulk-extract,"name jaccard 1.00 via business name 'Spring Bay Brewing Co.' (category word differs, no distilling word on this ABN); ABN ACT from 2015; ATO Regulated Self-Managed Superannuation Fund; main business location TAS 7190 (postcode agrees); ACN none; GST NON; ABR record updated 2024"
spring-bay-distillery,Spring Bay Distillery,Australia,au-asic,009583939,SPRING BAY TRADING COMPANY PTY. LIMITED,self,asic-bulk-name,medium,,https://data.gov.au/data/dataset/asic-companies,name jaccard 1.00 on 'SPRING BAY TRADING COMPANY PTY. LIMITED' (state of registration agrees); ASIC status REGD; APTY/LMSH/PROP; registered 14/08/1989; state of registration TAS; ABN 41009583939
st-agnes-distillery,St Agnes Distillery,Australia,au-abr,14007873476,ST. AGNES DISTILLERY PTY LTD,self,abr-bulk-name,high,,https://data.gov.au/data/dataset/abn-bulk-extract,name jaccard 1.00 via entity name 'ST. AGNES DISTILLERY PTY LTD'; ABN ACT from 2000; Australian Private Company; main business location SA 5341 (postcode agrees); ACN 007873476; GST ACT; ABR record updated 2013
st-agnes-distillery,St Agnes Distillery,Australia,au-asic,007873476,ST. AGNES DISTILLERY PTY LTD,self,asic-bulk-name,high,,https://data.gov.au/data/dataset/asic-companies,name jaccard 1.00 on 'ST. AGNES DISTILLERY PTY LTD' (state of registration agrees); ASIC status REGD; APTY/LMSH/PROP; registered 14/04/1931; state of registration SA; ABN 14007873476
st-agnes-distillery,St Agnes Distillery,Australia,au-abr,62754699508,The Trustee for Mudra & Hardik Family Trust,self,abr-bulk-name,medium,,https://data.gov.au/data/dataset/abn-bulk-extract,"name jaccard 1.00 via business name 'ST AGNES CAFE' (category word differs, no distilling word on this ABN); ABN ACT from 2015; Discretionary Trading Trust; main business location SA 5085 (state agrees); ACN none; GST ACT; ABR record updated 2023"
st-agnes-distillery,St Agnes Distillery,Australia,au-abr,39339873711,The Trustee for ST AGNES TRUST,self,abr-bulk-name,medium,,https://data.gov.au/data/dataset/abn-bulk-extract,name jaccard 1.00 via entity name 'The Trustee for ST AGNES TRUST'; ABN ACT from 2010; Fixed Unit Trust; main business location SA 5067 (state agrees); ACN none; GST ACT; ABR record updated 2010
st-duke-s-distillery,St Duke's Distillery,Australia,au-abr,25668085934,MOPANE RESOURCES PTY LTD,self,abr-bulk-name,high,,https://data.gov.au/data/dataset/abn-bulk-extract,name jaccard 1.00 via business name 'St Duke's Distillery'; ABN ACT from 2023; Australian Private Company; main business location WA 6083 (state agrees); ACN 668085934; GST ACT; ABR record updated 2025
st-duke-s-distillery,St Duke's Distillery,Australia,au-asic,668085934,MOPANE RESOURCES PTY LTD,self,abr-acn-link,high,,https://data.gov.au/data/dataset/asic-companies,ACN from ABN 25668085934 (MOPANE RESOURCES PTY LTD); ASIC status REGD; APTY/LMSH/PROP; registered 18/05/2023; state of registration n/a; ABN 25668085934
st-marks-bridport,St. Marks Bridport,Australia,au-abr,27160506614,RILAJAGA PTY LTD,self,abr-bulk-name,high,,https://data.gov.au/data/dataset/abn-bulk-extract,name jaccard 1.00 via business name 'St. Marks Bridport'; ABN ACT from 2012; Australian Private Company; main business location TAS 7262 (postcode agrees); ACN 160506614; GST ACT; ABR record updated 2023
st-marks-bridport,St. Marks Bridport,Australia,au-asic,160506614,RILAJAGA PTY LTD,self,abr-acn-link,high,,https://data.gov.au/data/dataset/asic-companies,ACN from ABN 27160506614 (RILAJAGA PTY LTD); ASIC status REGD; APTY/LMSH/PROP; registered 25/09/2012; state of registration n/a; ABN 27160506614
stag-lane-farm-distillery,Stag Lane Farm Distillery,Australia,au-abr,67314693852,"(partnership of individuals, Family Partnership; trades as STAG LANE DISTILLERY)",self,abr-bulk-name,medium,,https://data.gov.au/data/dataset/abn-bulk-extract,name jaccard 1.00 via business name 'STAG LANE DISTILLERY'; ABN ACT from 2019; Family Partnership; main business location VIC 3775 (postcode agrees); ACN none; GST ACT; ABR record updated 2023
starward-distillery-bar,Starward Distillery & Bar,Australia,au-abr,70132050670,NEW WORLD WHISKY PTY LTD,operator,abr-bulk-name,medium,,https://data.gov.au/data/dataset/abn-bulk-extract,ambiguous: 2 companies match equally; name jaccard 1.00 via entity name 'NEW WORLD WHISKY PTY LTD'; ABN ACT from 2008; Australian Private Company; main business location TAS 7162; ACN 132050670; GST ACT; ABR record updated 2024
starward-distillery-bar,Starward Distillery & Bar,Australia,au-abr,95141231754,The World of Whisky Pty Limited,operator,abr-bulk-name,medium,,https://data.gov.au/data/dataset/abn-bulk-extract,ambiguous: 2 companies match equally; name jaccard 1.00 via entity name 'The World of Whisky Pty Limited'; ABN ACT from 2009; Australian Private Company; main business location NSW 2015; ACN 141231754; GST ACT; ABR record updated 2017
starward-distillery-bar,Starward Distillery & Bar,Australia,au-asic,603892888,NEW WORLD WHISKY DISTILLERY PTY LTD,operator,asic-bulk-name,medium,,https://data.gov.au/data/dataset/asic-companies,ambiguous: 3 companies match equally; name jaccard 1.00 on 'NEW WORLD WHISKY DISTILLERY PTY LTD'; ASIC status REGD; APTY/LMSH/PROP; registered 27/01/2015; state of registration n/a; ABN 78603892888
starward-distillery-bar,Starward Distillery & Bar,Australia,au-asic,132050670,NEW WORLD WHISKY PTY LTD,operator,asic-bulk-name,medium,,https://data.gov.au/data/dataset/asic-companies,ambiguous: 3 companies match equally; name jaccard 1.00 on 'NEW WORLD WHISKY PTY LTD'; ASIC status REGD; APTY/LMSH/PROP; registered 04/07/2008; state of registration n/a; ABN 70132050670
starward-distillery-bar,Starward Distillery & Bar,Australia,au-asic,141231754,THE WORLD OF WHISKY PTY LIMITED,operator,asic-bulk-name,medium,,https://data.gov.au/data/dataset/asic-companies,ambiguous: 3 companies match equally; name jaccard 1.00 on 'THE WORLD OF WHISKY PTY LIMITED'; ASIC status REGD; APTY/LMSH/PROP; registered 21/12/2009; state of registration n/a; ABN 95141231754
starward-distillery-bar,Starward Distillery & Bar,Australia,au-abr,78603892888,NEW WORLD WHISKY DISTILLERY PTY LTD,self,hand,high,,https://data.gov.au/data/dataset/abn-bulk-extract,"ABN active, private company, main business location VIC 3207 (Port Melbourne, postcode agrees); ACN 603892888; Starward is the brand of New World Whisky Distillery"
storytellers-distillery-in-the-vale,Storytellers Distillery in the Vale,Australia,au-abr,55640479616,STORYTELLERS DISTILLERY PTY LTD,self,abr-bulk-name,high,,https://data.gov.au/data/dataset/abn-bulk-extract,name jaccard 1.00 via entity name 'STORYTELLERS DISTILLERY PTY LTD'; ABN ACT from 2020; Australian Private Company; main business location SA 5044 (state agrees); ACN 640479616; GST ACT; ABR record updated 2020
storytellers-distillery-in-the-vale,Storytellers Distillery in the Vale,Australia,au-asic,640479616,STORYTELLERS DISTILLERY PTY LTD,self,asic-bulk-name,high,,https://data.gov.au/data/dataset/asic-companies,name jaccard 1.00 on 'STORYTELLERS DISTILLERY PTY LTD'; ASIC status REGD; APTY/LMSH/PROP; registered 23/04/2020; state of registration n/a; ABN 55640479616
suffoir-winery-brewery-and-distillery,"Suffoir Winery, Brewery and Distillery",Australia,au-abr,28710447824,"(partnership of individuals, Family Partnership; trades as SUFFOIR)",self,abr-bulk-name,medium,,https://data.gov.au/data/dataset/abn-bulk-extract,name jaccard 1.00 via business name 'SUFFOIR'; ABN ACT from 2012; Family Partnership; main business location VIC 3286 (postcode agrees); ACN none; GST ACT; ABR record updated 2021
suffoir-winery-brewery-and-distillery,"Suffoir Winery, Brewery and Distillery",Australia,au-abr,33661251967,SUFFOIR PTY LTD,self,abr-bulk-name,medium,,https://data.gov.au/data/dataset/abn-bulk-extract,name jaccard 1.00 via entity name 'SUFFOIR PTY LTD'; ABN ACT from 2022; Australian Private Company; main business location VIC 3286 (postcode agrees); ACN 661251967; GST ACT; ABR record updated 2022
suffoir-winery-brewery-and-distillery,"Suffoir Winery, Brewery and Distillery",Australia,au-asic,661251967,SUFFOIR PTY LTD,self,abr-acn-link,medium,,https://data.gov.au/data/dataset/asic-companies,ACN from ABN 33661251967 (SUFFOIR PTY LTD); ASIC status REGD; APTY/LMSH/PROP; registered 26/07/2022; state of registration n/a; ABN 33661251967
sullivan-s-cove-distillery,Sullivan's Cove Distillery,Australia,au-abr,58169409992,DAY TOURS TASMANIA PTY LTD,operator,abr-bulk-name,high,,https://data.gov.au/data/dataset/abn-bulk-extract,name jaccard 1.00 via business name 'Distillery Tours Tasmania'; ABN ACT from 2014; Australian Private Company; main business location TAS 7170; ACN 169409992; GST ACT; ABR record updated 2024
sullivan-s-cove-distillery,Sullivan's Cove Distillery,Australia,au-asic,169409992,DAY TOURS TASMANIA PTY LTD,operator,abr-acn-link,high,,https://data.gov.au/data/dataset/asic-companies,ACN from ABN 58169409992 (DAY TOURS TASMANIA PTY LTD); ASIC status REGD; APTY/LMSH/PROP; registered 06/05/2014; state of registration n/a; ABN 58169409992
sullivan-s-cove-distillery,Sullivan's Cove Distillery,Australia,au-abr,75632218494,AUSTRALIAN DISTILLING CO. (TASMANIA) PTY LTD,operator,abr-bulk-name,medium,,https://data.gov.au/data/dataset/abn-bulk-extract,name jaccard 1.00 via entity name 'AUSTRALIAN DISTILLING CO. (TASMANIA) PTY LTD'; ABN ACT from 2019; Australian Private Company; main business location SA 5069; ACN 632218494; GST ACT; ABR record updated 2022
sullivan-s-cove-distillery,Sullivan's Cove Distillery,Australia,au-asic,632218494,AUSTRALIAN DISTILLING CO. (TASMANIA) PTY LTD,operator,asic-bulk-name,medium,,https://data.gov.au/data/dataset/asic-companies,name jaccard 1.00 on 'AUSTRALIAN DISTILLING CO. (TASMANIA) PTY LTD'; ASIC status REGD; APTY/LMSH/PROP; registered 13/03/2019; state of registration n/a; ABN 75632218494
sullivan-s-cove-distillery,Sullivan's Cove Distillery,Australia,au-asic,080055269,HELLYERS ROAD DISTILLERY PTY LTD,operator,asic-bulk-name,medium,,https://data.gov.au/data/dataset/asic-companies,"name jaccard 1.00 on 'WHISKY TASMANIA PTY. LTD.'; ASIC status REGD; APTY/LMSH/PROP; registered 12/09/1997; state of registration n/a; ABN 81080055269; FORMER name, current name HELLYERS ROAD DISTILLERY PTY LTD"
sullivan-s-cove-distillery,Sullivan's Cove Distillery,Australia,au-abr,91614780460,SULLIVANS COVE DISTILLERY PTY LTD,self,hand,high,,https://data.gov.au/data/dataset/abn-bulk-extract,"ABN active, private company, business name 'Tasmania Distillery'; ACN 614780460; the earlier Tasmania Distillery Pty Ltd is now A.C.N. 085 534 514 Pty Ltd with a cancelled ABN (82085534514)"
sullivan-s-cove-distillery,Sullivan's Cove Distillery,Australia,au-asic,614780460,SULLIVANS COVE DISTILLERY PTY LTD,self,asic-bulk-name,high,,https://data.gov.au/data/dataset/asic-companies,name jaccard 1.00 on 'SULLIVANS COVE DISTILLERY PTY LTD'; ASIC status REGD; APTY/LMSH/PROP; registered 13/09/2016; state of registration n/a; ABN 91614780460
sumpoynt-distillery,Sumpoynt Distillery,Australia,au-abr,72853498126,"(partnership of individuals, Other Partnership; trades as SumPoynt Distillery)",self,abr-bulk-name,medium,,https://data.gov.au/data/dataset/abn-bulk-extract,name jaccard 1.00 via business name 'SumPoynt Distillery'; ABN ACT from 2017; Other Partnership; main business location SA 5088 (postcode agrees); ACN none; GST ACT; ABR record updated 2022
sundays-distilling,Sundays Distilling,Australia,au-abr,71650528537,SUNDAYS DISTILLING PTY LTD,self,abr-bulk-name,high,,https://data.gov.au/data/dataset/abn-bulk-extract,name jaccard 1.00 via entity name 'SUNDAYS DISTILLING PTY LTD'; ABN ACT from 2021; Australian Private Company; main business location VIC 3189 (postcode agrees); ACN 650528537; GST ACT; ABR record updated 2024
sundays-distilling,Sundays Distilling,Australia,au-abr,35631581450,"(individual, sole trader ABN; trades as SUNDAYS DISTILLING)",self,abr-bulk-name,medium,,https://data.gov.au/data/dataset/abn-bulk-extract,name jaccard 1.00 via business name 'SUNDAYS DISTILLING'; ABN CAN from 2025; Individual/Sole Trader; main business location VIC 3121 (state agrees); ACN none; GST ACT; ABR record updated 2026
sundays-distilling,Sundays Distilling,Australia,au-asic,664789520,SUNDAYS DISTILLING HOLDINGS PTY LTD,self,asic-bulk-name,medium,,https://data.gov.au/data/dataset/asic-companies,ambiguous: 2 companies match equally; name jaccard 1.00 on 'SUNDAYS DISTILLING HOLDINGS PTY LTD'; ASIC status REGD; APTY/LMSH/PROP; registered 04/01/2023; state of registration n/a; ABN 0
sundays-distilling,Sundays Distilling,Australia,au-asic,650528537,SUNDAYS DISTILLING PTY LTD,self,asic-bulk-name,medium,,https://data.gov.au/data/dataset/asic-companies,ambiguous: 2 companies match equally; name jaccard 1.00 on 'SUNDAYS DISTILLING PTY LTD'; ASIC status REGD; APTY/LMSH/PROP; registered 27/05/2021; state of registration n/a; ABN 71650528537
sunny-days-distillery,Sunny Days Distillery,Australia,au-abr,35644446917,SUNARI GROUP PTY LTD,self,abr-bulk-name,high,,https://data.gov.au/data/dataset/abn-bulk-extract,name jaccard 1.00 via business name 'SUNNY DAYS DISTILLERY'; ABN ACT from 2020; Australian Private Company; main business location QLD 4220 (postcode agrees); ACN 644446917; GST ACT; ABR record updated 2026
sunny-days-distillery,Sunny Days Distillery,Australia,au-asic,644446917,SUNARI GROUP PTY LTD,self,abr-acn-link,high,,https://data.gov.au/data/dataset/asic-companies,ACN from ABN 35644446917 (SUNARI GROUP PTY LTD); ASIC status REGD; APTY/LMSH/PROP; registered 18/09/2020; state of registration n/a; ABN 35644446917
sunny-days-distillery,Sunny Days Distillery,Australia,au-abr,41507335387,THE TRUSTEE FOR THE SUNNY DAYS TRUST,self,abr-bulk-name,medium,,https://data.gov.au/data/dataset/abn-bulk-extract,name jaccard 1.00 via entity name 'THE TRUSTEE FOR THE SUNNY DAYS TRUST'; ABN CAN from 2005; Other trust; main business location QLD 4881 (state agrees); ACN none; GST CAN; ABR record updated 2007
sunny-days-distillery,Sunny Days Distillery,Australia,au-abr,79123550220,The Trustee for Sunny Days Family Trust,self,abr-bulk-name,medium,,https://data.gov.au/data/dataset/abn-bulk-extract,name jaccard 1.00 via entity name 'The Trustee for Sunny Days Family Trust'; ABN ACT from 2023; Discretionary Investment Trust; main business location QLD 4226 (state agrees); ACN none; GST NON; ABR record updated 2024
sunny-hill-distillery,Sunny Hill Distillery,Australia,au-abr,24615294525,SUNNY HILL DISTILLERY PTY LTD,self,abr-bulk-name,high,,https://data.gov.au/data/dataset/abn-bulk-extract,name jaccard 1.00 via entity name 'SUNNY HILL DISTILLERY PTY LTD'; ABN ACT from 2016; Australian Private Company; main business location SA 5572 (postcode agrees); ACN 615294525; GST ACT; ABR record updated 2016
sunny-hill-distillery,Sunny Hill Distillery,Australia,au-asic,615294525,SUNNY HILL DISTILLERY PTY LTD,self,asic-bulk-name,high,,https://data.gov.au/data/dataset/asic-companies,name jaccard 1.00 on 'SUNNY HILL DISTILLERY PTY LTD'; ASIC status REGD; APTY/LMSH/PROP; registered 12/10/2016; state of registration n/a; ABN 24615294525
sunny-hill-distillery,Sunny Hill Distillery,Australia,au-abr,94933234204,"(partnership of individuals, Family Partnership; trades as Sunny HIll Farm)",self,abr-bulk-name,medium,,https://data.gov.au/data/dataset/abn-bulk-extract,"name jaccard 1.00 via trading name 'Sunny HIll Farm' (category word differs, no distilling word on this ABN); ABN ACT from 2010; Family Partnership; main business location SA 5510 (state agrees); ACN none; GST ACT; ABR record updated 2017"
swan-river-distillery,Swan River Distillery,Australia,au-abr,34198340202,"(individual, sole trader ABN; trades as SWAN RIVER DISTILLERY)",self,abr-bulk-name,medium,,https://data.gov.au/data/dataset/abn-bulk-extract,name jaccard 1.00 via business name 'SWAN RIVER DISTILLERY'; ABN ACT from 2021; Individual/Sole Trader; main business location WA 6106 (state agrees); ACN none; GST CAN; ABR record updated 2022
swan-river-distillery,Swan River Distillery,Australia,au-abr,84638163578,SWAN RIVER TRADING PTY LTD,self,abr-bulk-name,medium,,https://data.gov.au/data/dataset/abn-bulk-extract,name jaccard 1.00 via entity name 'SWAN RIVER TRADING PTY LTD'; ABN ACT from 2019; Australian Private Company; main business location WA 6101 (state agrees); ACN 638163578; GST ACT; ABR record updated 2026
swan-river-distillery,Swan River Distillery,Australia,au-abr,40952158704,The Trustee for Swan River Family Trust,self,abr-bulk-name,medium,,https://data.gov.au/data/dataset/abn-bulk-extract,name jaccard 1.00 via entity name 'The Trustee for Swan River Family Trust'; ABN ACT from 2019; Discretionary Services Management Trust; main business location WA 6155 (state agrees); ACN none; GST ACT; ABR record updated 2019
swan-river-distillery,Swan River Distillery,Australia,au-asic,656253959,SWAN RIVER DISTILLING PTY LTD,self,asic-bulk-name,medium,,https://data.gov.au/data/dataset/asic-companies,name jaccard 1.00 on 'SWAN RIVER DISTILLING PTY LTD'; ASIC status REGD; APTY/LMSH/PROP; registered 23/12/2021; state of registration n/a; ABN 45656253959
swan-river-distillery,Swan River Distillery,Australia,au-asic,638163578,SWAN RIVER TRADING PTY LTD,self,abr-acn-link,medium,,https://data.gov.au/data/dataset/asic-companies,ACN from ABN 84638163578 (SWAN RIVER TRADING PTY LTD); ASIC status REGD; APTY/LMSH/PROP; registered 19/12/2019; state of registration n/a; ABN 84638163578
swan-valley-gin-company,Swan Valley Gin Company,Australia,au-abr,80105328005,SWAN VALLEY WINES PTY LTD,self,abr-bulk-name,medium,,https://data.gov.au/data/dataset/abn-bulk-extract,"name jaccard 1.00 via entity name 'SWAN VALLEY WINES PTY LTD' (category word differs, no distilling word on this ABN); ABN ACT from 2003; Australian Private Company; main business location WA 6056 (postcode agrees); ACN 105328005; GST ACT; ABR record updated 2020"
swan-valley-gin-company,Swan Valley Gin Company,Australia,au-abr,15024508564,The Trustee for SWAN VALLEY TRUST,self,abr-bulk-name,medium,,https://data.gov.au/data/dataset/abn-bulk-extract,name jaccard 1.00 via entity name 'The Trustee for SWAN VALLEY TRUST'; ABN ACT from 2005; Hybrid Trust; main business location WA 6160 (state agrees); ACN none; GST ACT; ABR record updated 2005
swan-valley-gin-company,Swan Valley Gin Company,Australia,au-abr,79446918155,The Trustee for Swan Valley Unit Trust,self,abr-bulk-name,medium,,https://data.gov.au/data/dataset/abn-bulk-extract,name jaccard 1.00 via entity name 'The Trustee for Swan Valley Unit Trust'; ABN ACT from 2021; Fixed Unit Trust; main business location WA 6107 (state agrees); ACN none; GST CAN; ABR record updated 2024
swan-valley-gin-company,Swan Valley Gin Company,Australia,au-asic,678562019,SWAN VALLEY DRINKS PTY LTD,self,asic-bulk-name,medium,,https://data.gov.au/data/dataset/asic-companies,name jaccard 1.00 on 'SWAN VALLEY DRINKS PTY LTD'; ASIC status REGD; APTY/LMSH/PROP; registered 26/06/2024; state of registration n/a; ABN 21678562019
swan-valley-gin-company,Swan Valley Gin Company,Australia,au-asic,681947768,SWAN VALLEY VINEYARD PTY LTD,self,asic-bulk-name,medium,,https://data.gov.au/data/dataset/asic-companies,name jaccard 1.00 on 'SWAN VALLEY VINEYARD PTY LTD'; ASIC status REGD; APTY/LMSH/PROP; registered 30/10/2024; state of registration n/a; ABN 82681947768
swan-valley-gin-company,Swan Valley Gin Company,Australia,au-asic,105328005,SWAN VALLEY WINES PTY LTD,self,asic-bulk-name,medium,,https://data.gov.au/data/dataset/asic-companies,name jaccard 1.00 on 'SWAN VALLEY WINES PTY LTD'; ASIC status SOFF; APTY/LMSH/PROP; registered 30/06/2003; state of registration n/a; ABN 80105328005
swiftcrest-distillery,Swiftcrest Distillery,Australia,au-abr,53615431902,SWIFTCREST DISTILLERY PTY. LTD.,self,abr-bulk-name,high,,https://data.gov.au/data/dataset/abn-bulk-extract,name jaccard 1.00 via entity name 'SWIFTCREST DISTILLERY PTY. LTD.'; ABN ACT from 2016; Australian Private Company; main business location VIC 3722 (postcode agrees); ACN 615431902; GST ACT; ABR record updated 2026
swiftcrest-distillery,Swiftcrest Distillery,Australia,au-asic,615431902,SWIFTCREST DISTILLERY PTY. LTD.,self,asic-bulk-name,high,,https://data.gov.au/data/dataset/asic-companies,name jaccard 1.00 on 'SWIFTCREST DISTILLERY PTY. LTD.'; ASIC status REGD; APTY/LMSH/PROP; registered 19/10/2016; state of registration n/a; ABN 53615431902
sydney-rum-distillery,Sydney Rum Distillery,Australia,au-abr,67606509442,SYDNEY RUM DISTILLERY PTY LIMITED,self,abr-bulk-name,high,,https://data.gov.au/data/dataset/abn-bulk-extract,name jaccard 1.00 via entity name 'SYDNEY RUM DISTILLERY PTY LIMITED'; ABN ACT from 2015; Australian Private Company; main business location NSW 2000 (postcode agrees); ACN 606509442; GST ACT; ABR record updated 2017
sydney-rum-distillery,Sydney Rum Distillery,Australia,au-abr,38624745295,SYDNEY AUSTRALIA PTY LTD,self,abr-bulk-name,medium,,https://data.gov.au/data/dataset/abn-bulk-extract,name jaccard 1.00 via entity name 'SYDNEY AUSTRALIA PTY LTD'; ABN ACT from 2024; Australian Private Company; main business location NSW 2000 (postcode agrees); ACN 624745295; GST ACT; ABR record updated 2024
sydney-rum-distillery,Sydney Rum Distillery,Australia,au-asic,624745295,SYDNEY AUSTRALIA PTY LTD,self,abr-acn-link,medium,,https://data.gov.au/data/dataset/asic-companies,ACN from ABN 38624745295 (SYDNEY AUSTRALIA PTY LTD); ASIC status REGD; APTY/LMSH/PROP; registered 01/03/2018; state of registration n/a; ABN 38624745295
sydney-rum-distillery,Sydney Rum Distillery,Australia,au-asic,621836468,SYDNEY DISTILLERY PTY LTD,self,asic-bulk-name,medium,,https://data.gov.au/data/dataset/asic-companies,ambiguous: 4 companies match equally; name jaccard 1.00 on 'SYDNEY DISTILLERY PTY LTD'; ASIC status REGD; APTY/LMSH/PROP; registered 21/09/2017; state of registration n/a; ABN 0
sydney-rum-distillery,Sydney Rum Distillery,Australia,au-asic,606509442,SYDNEY RUM DISTILLERY PTY LIMITED,self,abr-acn-link,medium,,https://data.gov.au/data/dataset/asic-companies,ambiguous: 4 companies match equally; ACN from ABN 67606509442 (SYDNEY RUM DISTILLERY PTY LIMITED); ASIC status REGD; APTY/LMSH/PROP; registered 18/06/2015; state of registration n/a; ABN 67606509442
sydney-rum-distillery,Sydney Rum Distillery,Australia,au-asic,621835667,SYDNEY RUM PTY LTD,self,asic-bulk-name,medium,,https://data.gov.au/data/dataset/asic-companies,ambiguous: 4 companies match equally; name jaccard 1.00 on 'SYDNEY RUM PTY LTD'; ASIC status REGD; APTY/LMSH/PROP; registered 21/09/2017; state of registration n/a; ABN 0
sydney-rum-distillery,Sydney Rum Distillery,Australia,au-asic,622148323,THE SYDNEY DISTILLERY COMPANY PTY LTD,self,asic-bulk-name,medium,,https://data.gov.au/data/dataset/asic-companies,ambiguous: 4 companies match equally; name jaccard 1.00 on 'THE SYDNEY DISTILLERY COMPANY PTY LTD'; ASIC status REGD; APTY/LMSH/PROP; registered 09/10/2017; state of registration n/a; ABN 31622148323
taha-distillery,Tahā Distillery,Australia,au-abr,44646868064,HOWE WAY PTY LTD,self,abr-bulk-name,medium,,https://data.gov.au/data/dataset/abn-bulk-extract,name jaccard 1.00 via business name 'TAHA DISTILLERY'; ABN ACT from 2021; Australian Private Company; main business location NSW 2486 (postcode agrees); ACN 646868064; GST ACT; ABR record updated 2025
taha-distillery,Tahā Distillery,Australia,au-asic,646868064,HOWE WAY PTY LTD,self,abr-acn-link,medium,,https://data.gov.au/data/dataset/asic-companies,ACN from ABN 44646868064 (HOWE WAY PTY LTD); ASIC status REGD; APTY/LMSH/PROP; registered 01/01/2021; state of registration n/a; ABN 44646868064
tall-tale-distillers,Tall Tale Distillers,Australia,au-abr,34643397531,TALL TALE DISTILLERS PTY LTD,self,abr-bulk-name,high,,https://data.gov.au/data/dataset/abn-bulk-extract,name jaccard 1.00 via entity name 'TALL TALE DISTILLERS PTY LTD'; ABN ACT from 2020; Australian Private Company; main business location SA 5044 (postcode agrees); ACN 643397531; GST NON; ABR record updated 2024
tall-tale-distillers,Tall Tale Distillers,Australia,au-asic,643397531,TALL TALE DISTILLERS PTY LTD,self,asic-bulk-name,high,,https://data.gov.au/data/dataset/asic-companies,name jaccard 1.00 on 'TALL TALE DISTILLERS PTY LTD'; ASIC status REGD; APTY/LMSH/PROP; registered 11/08/2020; state of registration n/a; ABN 34643397531
tamborine-mountain-distillery,Tamborine Mountain Distillery,Australia,au-abr,93906358949,The Trustee for MEIGOR TMD TRUST,self,abr-bulk-name,high,,https://data.gov.au/data/dataset/abn-bulk-extract,name jaccard 1.00 via business name 'TAMBORINE MOUNTAIN DISTILLERY'; ABN ACT from 2017; Fixed Unit Trust; main business location QLD 4272 (postcode agrees); ACN none; GST ACT; ABR record updated 2019
tamborine-mountain-distillery,Tamborine Mountain Distillery,Australia,au-abr,41611085102,"(individual, sole trader ABN; trades as TAMBORINE MOUNTAIN HOUSE)",self,abr-bulk-name,medium,,https://data.gov.au/data/dataset/abn-bulk-extract,name jaccard 1.00 via business name 'TAMBORINE MOUNTAIN HOUSE'; ABN ACT from 2026; Individual/Sole Trader; main business location QLD 4272 (postcode agrees); ACN none; GST NON; ABR record updated 2026
tamborine-mountain-distillery,Tamborine Mountain Distillery,Australia,au-abr,27681125226,TAMBORINE MOUNTAIN CAFE & BAR PTY LTD,self,abr-bulk-name,medium,,https://data.gov.au/data/dataset/abn-bulk-extract,"name jaccard 1.00 via entity name 'TAMBORINE MOUNTAIN CAFE & BAR PTY LTD' (category word differs, no distilling word on this ABN); ABN ACT from 2024; Australian Private Company; main business location QLD 4272 (postcode agrees); ACN 681125226; GST NON; ABR record updated 2025"
tamborine-mountain-distillery,Tamborine Mountain Distillery,Australia,au-asic,681125226,TAMBORINE MOUNTAIN CAFE & BAR PTY LTD,self,abr-acn-link,medium,,https://data.gov.au/data/dataset/asic-companies,ACN from ABN 27681125226 (TAMBORINE MOUNTAIN CAFE & BAR PTY LTD); ASIC status REGD; APTY/LMSH/PROP; registered 30/09/2024; state of registration n/a; ABN 27681125226
tan-lines-distilling,Tan Lines Distilling,Australia,au-abr,60642960610,TAN LINES DISTILLING PTY LTD,self,abr-bulk-name,high,,https://data.gov.au/data/dataset/abn-bulk-extract,name jaccard 1.00 via entity name 'TAN LINES DISTILLING PTY LTD'; ABN ACT from 2020; Australian Private Company; main business location QLD 4810 (postcode agrees); ACN 642960610; GST ACT; ABR record updated 2020
tan-lines-distilling,Tan Lines Distilling,Australia,au-asic,642960610,TAN LINES DISTILLING PTY LTD,self,asic-bulk-name,high,,https://data.gov.au/data/dataset/asic-companies,name jaccard 1.00 on 'TAN LINES DISTILLING PTY LTD'; ASIC status REGD; APTY/LMSH/PROP; registered 27/07/2020; state of registration n/a; ABN 60642960610
tan-lines-distilling,Tan Lines Distilling,Australia,au-abr,31530803683,"(individual, sole trader ABN; trades as TAN LINES DISTILLING)",self,abr-bulk-name,medium,,https://data.gov.au/data/dataset/abn-bulk-extract,name jaccard 1.00 via business name 'TAN LINES DISTILLING'; ABN ACT from 2020; Individual/Sole Trader; main business location QLD 4810 (postcode agrees); ACN none; GST CAN; ABR record updated 2024
tan-lines-distilling,Tan Lines Distilling,Australia,au-abr,11686839887,TAN LINES AU PTY LTD,self,abr-bulk-name,medium,,https://data.gov.au/data/dataset/abn-bulk-extract,name jaccard 1.00 via entity name 'TAN LINES AU PTY LTD'; ABN ACT from 2025; Australian Private Company; main business location QLD 4208 (state agrees); ACN 686839887; GST NON; ABR record updated 2025
tan-lines-distilling,Tan Lines Distilling,Australia,au-asic,686839887,TAN LINES AU PTY LTD,self,abr-acn-link,medium,,https://data.gov.au/data/dataset/asic-companies,ACN from ABN 11686839887 (TAN LINES AU PTY LTD); ASIC status REGD; APTY/LMSH/PROP; registered 06/05/2025; state of registration n/a; ABN 11686839887
tar-barrel-brewery-distillery,Tar Barrel Brewery & Distillery,Australia,au-abr,88128135222,Emimae Pty Ltd,self,abr-bulk-name,medium,,https://data.gov.au/data/dataset/abn-bulk-extract,ambiguous: 2 companies match equally; name jaccard 1.00 via business name 'TAR BARREL BREWERY AND DISTILLERY'; ABN ACT from 2008; Australian Private Company; main business location VIC 3930 (state agrees); ACN 128135222; GST CAN; ABR record updated 2026
tar-barrel-brewery-distillery,Tar Barrel Brewery & Distillery,Australia,au-abr,88636365332,TAR BARREL PTY LTD,self,abr-bulk-name,medium,,https://data.gov.au/data/dataset/abn-bulk-extract,ambiguous: 2 companies match equally; name jaccard 1.00 via entity name 'TAR BARREL PTY LTD'; ABN ACT from 2019; Australian Private Company; main business location VIC 3931 (postcode agrees); ACN 636365332; GST ACT; ABR record updated 2026
tar-barrel-brewery-distillery,Tar Barrel Brewery & Distillery,Australia,au-asic,128135222,EMIMAE PTY LTD,self,abr-acn-link,medium,,https://data.gov.au/data/dataset/asic-companies,ambiguous: 2 companies match equally; ACN from ABN 88128135222 (Emimae Pty Ltd); ASIC status REGD; APTY/LMSH/PROP; registered 23/10/2007; state of registration n/a; ABN 88128135222
tar-barrel-brewery-distillery,Tar Barrel Brewery & Distillery,Australia,au-asic,636365332,TAR BARREL PTY LTD,self,asic-bulk-name,medium,,https://data.gov.au/data/dataset/asic-companies,ambiguous: 2 companies match equally; name jaccard 1.00 on 'TAR BARREL PTY LTD'; ASIC status REGD; APTY/LMSH/PROP; registered 23/09/2019; state of registration n/a; ABN 88636365332
tara-distillery,Tara Distillery,Australia,au-abr,95610245417,"(individual, sole trader ABN; trades as TARA BEER)",self,abr-bulk-name,low,,https://data.gov.au/data/dataset/abn-bulk-extract,name jaccard 1.00 via legal name 'TARA BEER'; ABN CAN from 2023; Individual/Sole Trader; main business location NSW 2800 (state agrees); ACN none; GST CAN; ABR record updated 2023
tara-distillery,Tara Distillery,Australia,au-abr,12850210579,"(partnership of individuals, Other Partnership; trades as Tara Distillery)",self,abr-bulk-name,medium,,https://data.gov.au/data/dataset/abn-bulk-extract,name jaccard 1.00 via business name 'Tara Distillery'; ABN ACT from 2016; Other Partnership; main business location NSW 2540 (postcode agrees); ACN none; GST ACT; ABR record updated 2020
tasmanian-whisky-selectors-bogan-road-distillery,Tasmanian Whisky Selectors/ Bogan Road Distillery,Australia,au-abr,83677133182,"(partnership of individuals, Family Partnership; trades as Bogan Road Distillery)",self,abr-bulk-name,low,,https://data.gov.au/data/dataset/abn-bulk-extract,name jaccard 0.50 via business name 'Bogan Road Distillery'; ABN ACT from 2017; Family Partnership; main business location TAS 7304 (postcode agrees); ACN none; GST ACT; ABR record updated 2022
terra-australis-distillery-herbal-lore-liqueurs,Terra Australis Distillery & Herbal Lore Liqueurs,Australia,au-abr,84130214452,SACRED TEMPTATIONS PTY. LTD.,operator,lcv-licensee+abr-bulk,high,,https://data.gov.au/data/dataset/abn-bulk-extract,"licensee of LCV producer's licence 32811203 ('HERBAL LORE LIQUEURS AND TERRA AUSTRALIS DISTILLER', DAYLESFORD), name jaccard 1.00; name jaccard 1.00 via licensee legal name; ABN ACT from 2008; Australian Private Company; main business location VIC 3460 (postcode agrees); ACN 130214452; GST ACT; ABR record updated 2026"
terra-australis-distillery-herbal-lore-liqueurs,Terra Australis Distillery & Herbal Lore Liqueurs,Australia,au-asic,130214452,SACRED TEMPTATIONS PTY. LTD.,operator,lcv-licensee+abr-acn-link,high,,https://data.gov.au/data/dataset/asic-companies,ACN from ABN 84130214452 (SACRED TEMPTATIONS PTY. LTD.); ASIC status REGD; APTY/LMSH/PROP; registered 18/03/2008; state of registration n/a; ABN 84130214452
that-spirited-lot-distillers,That Spirited Lot Distillers,Australia,au-abr,19696634741,THAT SPIRITED LOT GROUP PTY LTD,self,abr-bulk-name,high,,https://data.gov.au/data/dataset/abn-bulk-extract,name jaccard 1.00 via entity name 'THAT SPIRITED LOT GROUP PTY LTD'; ABN ACT from 2026; Australian Private Company; main business location VIC 3198 (postcode agrees); ACN 696634741; GST ACT; ABR record updated 2026
that-spirited-lot-distillers,That Spirited Lot Distillers,Australia,au-asic,696634741,THAT SPIRITED LOT GROUP PTY LTD,self,abr-acn-link,high,,https://data.gov.au/data/dataset/asic-companies,ACN from ABN 19696634741 (THAT SPIRITED LOT GROUP PTY LTD); ASIC status REGD; APTY/LMSH/PROP; registered 27/03/2026; state of registration n/a; ABN 19696634741
that-spirited-lot-distillers,That Spirited Lot Distillers,Australia,au-abr,98819344279,The Trustee for That Spirited Lot Property Trust,self,abr-bulk-name,medium,,https://data.gov.au/data/dataset/abn-bulk-extract,name jaccard 0.75 via entity name 'The Trustee for That Spirited Lot Property Trust'; ABN ACT from 2025; Fixed Unit Trust; main business location VIC 3198 (postcode agrees); ACN none; GST ACT; ABR record updated 2025
the-aisling-distillery,The Aisling Distillery,Australia,au-abr,11632806672,THE AISLING DISTILLERY PTY LTD,self,abr-bulk-name,high,,https://data.gov.au/data/dataset/abn-bulk-extract,name jaccard 1.00 via entity name 'THE AISLING DISTILLERY PTY LTD'; ABN ACT from 2019; Australian Private Company; main business location NSW 2680 (postcode agrees); ACN 632806672; GST ACT; ABR record updated 2019
the-aisling-distillery,The Aisling Distillery,Australia,au-asic,632806672,THE AISLING DISTILLERY PTY LTD,self,asic-bulk-name,high,,https://data.gov.au/data/dataset/asic-companies,name jaccard 1.00 on 'THE AISLING DISTILLERY PTY LTD'; ASIC status REGD; APTY/LMSH/PROP; registered 09/04/2019; state of registration n/a; ABN 11632806672
the-aisling-distillery,The Aisling Distillery,Australia,au-abr,83536624140,"(individual, sole trader ABN; trades as Aisling Distillery)",self,abr-bulk-name,medium,,https://data.gov.au/data/dataset/abn-bulk-extract,name jaccard 1.00 via business name 'Aisling Distillery'; ABN ACT from 2000; Individual/Sole Trader; main business location NSW 2680 (postcode agrees); ACN none; GST CAN; ABR record updated 2022
the-canberra-distillery,The Canberra Distillery,Australia,au-abr,56629622322,THE CANBERRA DISTILLERY PTY LTD,self,abr-bulk-name,high,,https://data.gov.au/data/dataset/abn-bulk-extract,name jaccard 1.00 via entity name 'THE CANBERRA DISTILLERY PTY LTD'; ABN ACT from 2018; Australian Private Company; main business location ACT 2617 (state agrees); ACN 629622322; GST ACT; ABR record updated 2021
the-canberra-distillery,The Canberra Distillery,Australia,au-asic,629622322,THE CANBERRA DISTILLERY PTY LTD,self,asic-bulk-name,high,,https://data.gov.au/data/dataset/asic-companies,name jaccard 1.00 on 'THE CANBERRA DISTILLERY PTY LTD'; ASIC status REGD; APTY/LMSH/PROP; registered 25/10/2018; state of registration n/a; ABN 56629622322
the-canberra-distillery,The Canberra Distillery,Australia,au-abr,79141202571,"(individual, sole trader ABN; trades as Canberra Distillery)",self,abr-bulk-name,medium,,https://data.gov.au/data/dataset/abn-bulk-extract,name jaccard 1.00 via business name 'Canberra Distillery'; ABN ACT from 2013; Individual/Sole Trader; main business location ACT 2617 (state agrees); ACN none; GST CAN; ABR record updated 2022
the-canberra-distillery,The Canberra Distillery,Australia,au-abr,75629245816,CANBERRA WEB PTY LTD,self,abr-bulk-name,medium,,https://data.gov.au/data/dataset/abn-bulk-extract,name jaccard 1.00 via entity name 'CANBERRA WEB PTY LTD'; ABN ACT from 2018; Australian Private Company; main business location ACT 2911 (postcode agrees); ACN 629245816; GST ACT; ABR record updated 2025
the-canberra-distillery,The Canberra Distillery,Australia,au-asic,629245816,CANBERRA WEB PTY LTD,self,abr-acn-link,medium,,https://data.gov.au/data/dataset/asic-companies,ACN from ABN 75629245816 (CANBERRA WEB PTY LTD); ASIC status EXAD; APTY/LMSH/PROP; registered 08/10/2018; state of registration n/a; ABN 75629245816
the-carlisle-hotel-distillery,The Carlisle Hotel & Distillery,Australia,au-abr,48650404498,BROADNET COMMUNICATION SYSTEMS (AUSTRALIA) PTY LTD,self,abr-bulk-name,high,,https://data.gov.au/data/dataset/abn-bulk-extract,name jaccard 1.00 via business name 'The Carlisle Hotel & Distillery'; ABN ACT from 2021; Australian Private Company; main business location WA 6009 (state agrees); ACN 650404498; GST ACT; ABR record updated 2026
the-carlisle-hotel-distillery,The Carlisle Hotel & Distillery,Australia,au-asic,650404498,BROADNET COMMUNICATION SYSTEMS (AUSTRALIA) PTY LTD,self,abr-acn-link,high,,https://data.gov.au/data/dataset/asic-companies,ACN from ABN 48650404498 (BROADNET COMMUNICATION SYSTEMS (AUSTRALIA) PTY LTD); ASIC status REGD; APTY/LMSH/PROP; registered 21/05/2021; state of registration n/a; ABN 48650404498
the-carlisle-hotel-distillery,The Carlisle Hotel & Distillery,Australia,au-abr,60632292931,CARLISLE UNIT TRUST,self,abr-bulk-name,medium,,https://data.gov.au/data/dataset/abn-bulk-extract,name jaccard 1.00 via entity name 'CARLISLE UNIT TRUST'; ABN CAN from 2024; Fixed Unit Trust; main business location WA 6101 (postcode agrees); ACN none; GST CAN; ABR record updated 2024
the-corio-distillery,The Corio Distillery,Australia,au-abr,56540098103,"(individual, sole trader ABN; trades as CORIO DISTILLERY)",self,abr-bulk-name,low,,https://data.gov.au/data/dataset/abn-bulk-extract,name jaccard 1.00 via business name 'CORIO DISTILLERY'; ABN ACT from 2020; Individual/Sole Trader; main business location VIC 3216 (state agrees); ACN none; GST ACT; ABR record updated 2026
the-corio-distillery,The Corio Distillery,Australia,au-abr,30104869865,ALICE HOMES PTY LTD,self,abr-bulk-name,low,,https://data.gov.au/data/dataset/abn-bulk-extract,name jaccard 1.00 via business name 'corio old whisky'; ABN CAN from 2025; Australian Private Company; main business location VIC 3216 (state agrees); ACN 104869865; GST CAN; ABR record updated 2025
the-corio-distillery,The Corio Distillery,Australia,au-asic,104869865,ALICE HOMES PTY LTD,self,abr-acn-link,low,,https://data.gov.au/data/dataset/asic-companies,ACN from ABN 30104869865 (ALICE HOMES PTY LTD); ASIC status DRGD; APTY/LMSH/PROP; registered 27/05/2003; deregistered 19/11/2025; state of registration n/a; ABN 30104869865
the-corio-distillery,The Corio Distillery,Australia,au-abr,26109077349,BIMI SUSHI PTY. LTD.,self,abr-bulk-name,medium,,https://data.gov.au/data/dataset/abn-bulk-extract,name jaccard 1.00 via trading name 'CORIO'; ABN ACT from 2004; Australian Private Company; main business location VIC 3214 (postcode agrees); ACN 109077349; GST ACT; ABR record updated 2014
the-corio-distillery,The Corio Distillery,Australia,au-asic,109077349,BIMI SUSHI PTY. LTD.,self,abr-acn-link,medium,,https://data.gov.au/data/dataset/asic-companies,ACN from ABN 26109077349 (BIMI SUSHI PTY. LTD.); ASIC status REGD; APTY/LMSH/PROP; registered 13/05/2004; state of registration n/a; ABN 26109077349
the-distillery-pty-ltd-trading-as-distillery-software,The Distillery Pty Ltd (trading as Distillery Software),Australia,au-abr,69080932467,THE DISTILLERY PTY LIMITED,self,abr-bulk-name,high,,https://data.gov.au/data/dataset/abn-bulk-extract,name jaccard 1.00 via business name 'DISTILLERY SOFTWARE'; ABN ACT from 1999; Australian Private Company; main business location ACT 2601 (postcode agrees); ACN 080932467; GST ACT; ABR record updated 2016
the-distillery-pty-ltd-trading-as-distillery-software,The Distillery Pty Ltd (trading as Distillery Software),Australia,au-asic,080932467,THE DISTILLERY PTY LIMITED,self,abr-acn-link,high,,https://data.gov.au/data/dataset/asic-companies,ACN from ABN 69080932467 (THE DISTILLERY PTY LIMITED); ASIC status REGD; APTY/LMSH/PROP; registered 05/12/1997; state of registration n/a; ABN 69080932467
the-distillery-pty-ltd-trading-as-distillery-software,The Distillery Pty Ltd (trading as Distillery Software),Australia,au-asic,701834835,LA CANTINA SOFTWARE PTY LTD,self,asic-bulk-name,medium,,https://data.gov.au/data/dataset/asic-companies,name jaccard 1.00 on 'LA CANTINA SOFTWARE PTY LTD'; ASIC status REGD; APTY/LMSH/PROP; registered 28/08/2026; state of registration n/a; ABN 93701834835
the-grove-distillery,The Grove Distillery,Australia,au-abr,68665387191,GROVE WINE BAR PTY LTD,self,abr-bulk-name,low,,https://data.gov.au/data/dataset/abn-bulk-extract,"name jaccard 1.00 via entity name 'GROVE WINE BAR PTY LTD' (category word differs, no distilling word on this ABN); ABN ACT from 2023; Australian Private Company; main business location WA 6010 (state agrees); ACN 665387191; GST ACT; ABR record updated 2026"
the-grove-distillery,The Grove Distillery,Australia,au-abr,88481526207,The Trustee for THE BICKLEY PARK TRUST,self,abr-bulk-name,low,,https://data.gov.au/data/dataset/abn-bulk-extract,name jaccard 1.00 via business name 'The Grove Distillery'; ABN ACT from 2006; Discretionary Trading Trust; main business location WA 6450 (state agrees); ACN none; GST ACT; ABR record updated 2024
the-grove-distillery,The Grove Distillery,Australia,au-abr,67383882616,The Trustee for THE WFS SERVICE TRUST,self,abr-bulk-name,low,,https://data.gov.au/data/dataset/abn-bulk-extract,"name jaccard 1.00 via trading name 'THE GROVE VINEYARD' (category word differs, no distilling word on this ABN); ABN ACT from 2000; Discretionary Trading Trust; main business location WA 6280 (postcode agrees); ACN none; GST CAN; ABR record updated 2024"
the-grove-distillery,The Grove Distillery,Australia,au-asic,665387191,GROVE WINE BAR PTY LTD,self,abr-acn-link,low,,https://data.gov.au/data/dataset/asic-companies,ACN from ABN 68665387191 (GROVE WINE BAR PTY LTD); ASIC status REGD; APTY/LMSH/PROP; registered 31/01/2023; state of registration n/a; ABN 68665387191
the-mclaren-vale-distillery,The McLaren Vale Distillery,Australia,au-abr,89690931429,GOLDEN MULLET PTY LTD,self,abr-bulk-name,medium,,https://data.gov.au/data/dataset/abn-bulk-extract,"name jaccard 1.00 via business name 'the vineyard mclaren vale' (category word differs, no distilling word on this ABN); ABN ACT from 2025; Australian Private Company; main business location SA 5171 (postcode agrees); ACN 690931429; GST ACT; ABR record updated 2025"
the-mclaren-vale-distillery,The McLaren Vale Distillery,Australia,au-abr,89603792865,MCLAREN VALE DISTILLERY PTY LTD,self,abr-bulk-name,medium,,https://data.gov.au/data/dataset/abn-bulk-extract,ambiguous: 2 companies match equally; name jaccard 1.00 via entity name 'MCLAREN VALE DISTILLERY PTY LTD'; ABN ACT from 2015; Australian Private Company; main business location SA 5171 (postcode agrees); ACN 603792865; GST ACT; ABR record updated 2016
the-mclaren-vale-distillery,The McLaren Vale Distillery,Australia,au-abr,50148171297,SIMPLE PRODUCTIONS PTY LTD,self,abr-bulk-name,medium,,https://data.gov.au/data/dataset/abn-bulk-extract,ambiguous: 2 companies match equally; name jaccard 1.00 via business name 'Mclaren Vale Backpackers'; ABN ACT from 2011; Australian Private Company; main business location SA 5171 (postcode agrees); ACN 148171297; GST ACT; ABR record updated 2025
the-mclaren-vale-distillery,The McLaren Vale Distillery,Australia,au-asic,690931429,GOLDEN MULLET PTY LTD,self,abr-acn-link,medium,,https://data.gov.au/data/dataset/asic-companies,ACN from ABN 89690931429 (GOLDEN MULLET PTY LTD); ASIC status REGD; APTY/LMSH/PROP; registered 12/09/2025; state of registration n/a; ABN 89690931429
the-mclaren-vale-distillery,The McLaren Vale Distillery,Australia,au-asic,164174216,MCLAREN VALE CIDER COMPANY PTY. LTD.,self,asic-bulk-name,medium,,https://data.gov.au/data/dataset/asic-companies,name jaccard 1.00 on 'MCLAREN VALE CIDER COMPANY PTY. LTD.'; ASIC status REGD; APTY/LMSH/PROP; registered 07/06/2013; state of registration n/a; ABN 0
the-mclaren-vale-distillery,The McLaren Vale Distillery,Australia,au-asic,603792865,MCLAREN VALE DISTILLERY PTY LTD,self,asic-bulk-name,medium,,https://data.gov.au/data/dataset/asic-companies,ambiguous: 2 companies match equally; name jaccard 1.00 on 'MCLAREN VALE DISTILLERY PTY LTD'; ASIC status REGD; APTY/LMSH/PROP; registered 20/01/2015; state of registration n/a; ABN 89603792865
the-mclaren-vale-distillery,The McLaren Vale Distillery,Australia,au-asic,088092068,MCLAREN VALE PREMIUM WINES PTY LTD,self,asic-bulk-name,medium,,https://data.gov.au/data/dataset/asic-companies,name jaccard 1.00 on 'MCLAREN VALE PREMIUM WINES PTY LTD'; ASIC status REGD; APTY/LMSH/PROP; registered 16/06/1999; state of registration n/a; ABN 69088092068
the-mclaren-vale-distillery,The McLaren Vale Distillery,Australia,au-asic,148171297,SIMPLE PRODUCTIONS PTY LTD,self,abr-acn-link,medium,,https://data.gov.au/data/dataset/asic-companies,ambiguous: 2 companies match equally; ACN from ABN 50148171297 (SIMPLE PRODUCTIONS PTY LTD); ASIC status REGD; APTY/LMSH/PROP; registered 12/01/2011; state of registration n/a; ABN 50148171297
the-old-shed-distillery-bilpin-blue-mountains,The Old Shed Distillery,Australia,au-abr,84613335372,BIER TRADING CO PTY LTD,self,abr-bulk-name,medium,,https://data.gov.au/data/dataset/abn-bulk-extract,ambiguous: 2 companies match equally; name jaccard 1.00 via business name 'The Beer Shed'; ABN ACT from 2016; Australian Private Company; main business location NSW 2233 (state agrees); ACN 613335372; GST ACT; ABR record updated 2020
the-old-shed-distillery-bilpin-blue-mountains,The Old Shed Distillery,Australia,au-abr,50647617703,THE OLD HONEY SHED PTY LTD,self,abr-bulk-name,medium,,https://data.gov.au/data/dataset/abn-bulk-extract,ambiguous: 2 companies match equally; name jaccard 1.00 via business name 'OLD SHED DISTILLERY'; ABN ACT from 2021; Australian Private Company; main business location NSW 2758 (postcode agrees); ACN 647617703; GST ACT; ABR record updated 2025
the-old-shed-distillery-bilpin-blue-mountains,The Old Shed Distillery,Australia,au-asic,613335372,BIER TRADING CO PTY LTD,self,abr-acn-link,medium,,https://data.gov.au/data/dataset/asic-companies,ambiguous: 2 companies match equally; ACN from ABN 84613335372 (BIER TRADING CO PTY LTD); ASIC status REGD; APTY/LMSH/PROP; registered 29/06/2016; state of registration n/a; ABN 84613335372
the-old-shed-distillery-bilpin-blue-mountains,The Old Shed Distillery,Australia,au-asic,147193922,THE LIQUOR SHED PTY LTD,self,asic-bulk-name,medium,,https://data.gov.au/data/dataset/asic-companies,name jaccard 1.00 on 'THE LIQUOR SHED PTY LTD'; ASIC status REGD; APTY/LMSH/PROP; registered 04/11/2010; state of registration n/a; ABN 29147193922
the-old-shed-distillery-bilpin-blue-mountains,The Old Shed Distillery,Australia,au-asic,647617703,THE OLD HONEY SHED PTY LTD,self,abr-acn-link,medium,,https://data.gov.au/data/dataset/asic-companies,ambiguous: 2 companies match equally; ACN from ABN 50647617703 (THE OLD HONEY SHED PTY LTD); ASIC status REGD; APTY/LMSH/PROP; registered 02/02/2021; state of registration n/a; ABN 50647617703
the-old-shed-distillery-bilpin-blue-mountains,The Old Shed Distillery,Australia,au-asic,696751283,THE RUM SHED PTY LTD,self,asic-bulk-name,medium,,https://data.gov.au/data/dataset/asic-companies,name jaccard 1.00 on 'THE RUM SHED PTY LTD'; ASIC status REGD; APTY/LMSH/PROP; registered 31/03/2026; state of registration n/a; ABN 85696751283
the-old-shed-distillery-bilpin-blue-mountains,The Old Shed Distillery,Australia,au-asic,625154814,VINO SHED PTY LTD,self,asic-bulk-name,medium,,https://data.gov.au/data/dataset/asic-companies,name jaccard 1.00 on 'VINO SHED PTY LTD'; ASIC status REGD; APTY/LMSH/PROP; registered 21/03/2018; state of registration n/a; ABN 0
the-parramatta-distilling-company,The Parramatta Distilling Company,Australia,au-abr,97607720516,FALECKI PROJECTS PTY LTD,self,abr-bulk-name,high,,https://data.gov.au/data/dataset/abn-bulk-extract,name jaccard 1.00 via business name 'PARRAMATTA DISTILLING CO'; ABN ACT from 2015; Australian Private Company; main business location NSW 2151 (postcode agrees); ACN 607720516; GST ACT; ABR record updated 2025
the-parramatta-distilling-company,The Parramatta Distilling Company,Australia,au-asic,607720516,FALECKI PROJECTS PTY LTD,self,abr-acn-link,high,,https://data.gov.au/data/dataset/asic-companies,ACN from ABN 97607720516 (FALECKI PROJECTS PTY LTD); ASIC status REGD; APTY/LMSH/PROP; registered 18/08/2015; state of registration n/a; ABN 97607720516
the-parramatta-distilling-company,The Parramatta Distilling Company,Australia,au-abr,98558603627,The Trustee for NORTH PARRAMATTA TRUST,self,abr-bulk-name,medium,,https://data.gov.au/data/dataset/abn-bulk-extract,name jaccard 1.00 via entity name 'The Trustee for NORTH PARRAMATTA TRUST'; ABN ACT from 2005; Discretionary Trading Trust; main business location NSW 2151 (postcode agrees); ACN none; GST ACT; ABR record updated 2005
the-quirky-distilling-co,The Quirky Distilling Co,Australia,au-abr,21689741277,THE QUIRKY DISTILLING CO PTY LTD,self,abr-bulk-name,high,,https://data.gov.au/data/dataset/abn-bulk-extract,name jaccard 1.00 via entity name 'THE QUIRKY DISTILLING CO PTY LTD'; ABN ACT from 2025; Australian Private Company; main business location VIC 3960 (state agrees); ACN 689741277; GST ACT; ABR record updated 2025
the-quirky-distilling-co,The Quirky Distilling Co,Australia,au-asic,689741277,THE QUIRKY DISTILLING CO PTY LTD,self,asic-bulk-name,high,,https://data.gov.au/data/dataset/asic-companies,name jaccard 1.00 on 'THE QUIRKY DISTILLING CO PTY LTD'; ASIC status REGD; APTY/LMSH/PROP; registered 05/08/2025; state of registration n/a; ABN 21689741277
the-quirky-distilling-co,The Quirky Distilling Co,Australia,au-abr,72199012067,"(partnership of individuals, Family Partnership; trades as THE QUIRKY DISTILLING CO)",self,abr-bulk-name,medium,,https://data.gov.au/data/dataset/abn-bulk-extract,name jaccard 1.00 via business name 'THE QUIRKY DISTILLING CO'; ABN ACT from 2023; Family Partnership; main business location VIC 3960 (state agrees); ACN none; GST ACT; ABR record updated 2024
the-rare-orchid-distilling-co,The Rare Orchid Distilling Co,Australia,au-abr,18660583666,AGIN VENTURES PTY LTD,self,abr-bulk-name,high,,https://data.gov.au/data/dataset/abn-bulk-extract,name jaccard 1.00 via business name 'THE RARE ORCHID DISTILLING CO.'; ABN ACT from 2022; Australian Private Company; main business location QLD 4556 (state agrees); ACN 660583666; GST ACT; ABR record updated 2022
the-rare-orchid-distilling-co,The Rare Orchid Distilling Co,Australia,au-asic,660583666,AGIN VENTURES PTY LTD,self,abr-acn-link,high,,https://data.gov.au/data/dataset/asic-companies,ACN from ABN 18660583666 (AGIN VENTURES PTY LTD); ASIC status REGD; APTY/LMSH/PROP; registered 29/06/2022; state of registration n/a; ABN 18660583666
the-rare-orchid-distilling-co,The Rare Orchid Distilling Co,Australia,au-abr,98289148217,The Trustee for THE RARE ORCHID TRUST,self,abr-bulk-name,medium,,https://data.gov.au/data/dataset/abn-bulk-extract,name jaccard 1.00 via entity name 'The Trustee for THE RARE ORCHID TRUST'; ABN CAN from 2024; Discretionary Investment Trust; main business location QLD 4552 (state agrees); ACN none; GST NON; ABR record updated 2024
the-social-brewers-gungah-bay-distilling,The Social Brewers & Gungah Bay Distilling,Australia,au-abr,24643292175,CURTIS CRAFT BREWING PTY LTD,self,abr-bulk-name,low,,https://data.gov.au/data/dataset/abn-bulk-extract,name jaccard 0.67 via business name 'GUNGAH BAY DISTILLING'; ABN ACT from 2020; Australian Private Company; main business location NSW 2210 (state agrees); ACN 643292175; GST ACT; ABR record updated 2024
the-social-brewers-gungah-bay-distilling,The Social Brewers & Gungah Bay Distilling,Australia,au-asic,643292175,CURTIS CRAFT BREWING PTY LTD,self,abr-acn-link,low,,https://data.gov.au/data/dataset/asic-companies,ACN from ABN 24643292175 (CURTIS CRAFT BREWING PTY LTD); ASIC status REGD; APTY/LMSH/PROP; registered 07/08/2020; state of registration n/a; ABN 24643292175
the-social-brewers-gungah-bay-distilling,The Social Brewers & Gungah Bay Distilling,Australia,au-abr,77001777288,GUNGAH BAY HOLDINGS PTY LTD,self,abr-bulk-name,medium,,https://data.gov.au/data/dataset/abn-bulk-extract,name jaccard 0.67 via entity name 'GUNGAH BAY HOLDINGS PTY LTD'; ABN CAN from 2013; Australian Private Company; main business location NSW 2223 (postcode agrees); ACN 001777288; GST CAN; ABR record updated 2015
three-arches-distilling,Three Arches Distilling,Australia,au-abr,17650200169,SKULDUGGERY DISTILLING PTY LTD,self,abr-bulk-name,high,,https://data.gov.au/data/dataset/abn-bulk-extract,name jaccard 1.00 via business name 'THREE ARCHES'; ABN ACT from 2021; Australian Private Company; main business location VIC 3124 (state agrees); ACN 650200169; GST ACT; ABR record updated 2024
three-arches-distilling,Three Arches Distilling,Australia,au-asic,650200169,SKULDUGGERY DISTILLING PTY LTD,self,abr-acn-link,high,,https://data.gov.au/data/dataset/asic-companies,ACN from ABN 17650200169 (SKULDUGGERY DISTILLING PTY LTD); ASIC status REGD; APTY/LMSH/PROP; registered 14/05/2021; state of registration n/a; ABN 17650200169
three-foxes-distillery,Three Foxes Distillery,Australia,au-abr,72637620387,THREE FOXES PTY LTD,self,abr-bulk-name,high,,https://data.gov.au/data/dataset/abn-bulk-extract,name jaccard 1.00 via entity name 'THREE FOXES PTY LTD'; ABN ACT from 2019; Australian Private Company; main business location VIC 3081 (postcode agrees); ACN 637620387; GST ACT; ABR record updated 2025
three-foxes-distillery,Three Foxes Distillery,Australia,au-asic,637620387,THREE FOXES PTY LTD,self,abr-acn-link,high,,https://data.gov.au/data/dataset/asic-companies,ACN from ABN 72637620387 (THREE FOXES PTY LTD); ASIC status REGD; APTY/LMSH/PROP; registered 22/11/2019; state of registration n/a; ABN 72637620387
threefold-distilling,Threefold Distilling,Australia,au-abr,89668100758,THREEFOLD DISTILLING COLLECTIVE PTY LTD,self,abr-bulk-name,low,,https://data.gov.au/data/dataset/abn-bulk-extract,name jaccard 0.50 via entity name 'THREEFOLD DISTILLING COLLECTIVE PTY LTD'; ABN ACT from 2023; Australian Private Company; main business location SA 5045 (postcode agrees); ACN 668100758; GST ACT; ABR record updated 2023
threefold-distilling,Threefold Distilling,Australia,au-asic,668100758,THREEFOLD DISTILLING COLLECTIVE PTY LTD,self,abr-acn-link,low,,https://data.gov.au/data/dataset/asic-companies,ACN from ABN 89668100758 (THREEFOLD DISTILLING COLLECTIVE PTY LTD); ASIC status REGD; APTY/LMSH/PROP; registered 19/05/2023; state of registration n/a; ABN 89668100758
timboon-railway-shed-distillery,Timboon Railway Shed Distillery,Australia,au-asic,112893240,TRSD PTY LTD,self,abr-acn-link,high,,https://data.gov.au/data/dataset/asic-companies,ACN from ABN 36112893240 (TRSD PTY LTD); ASIC status REGD; APTY/LMSH/PROP; registered 10/02/2005; state of registration n/a; ABN 36112893240
timboon-railway-shed-distillery,Timboon Railway Shed Distillery,Australia,au-abr,36112893240,TRSD PTY LTD,self,abr-bulk-name,medium,,https://data.gov.au/data/dataset/abn-bulk-extract,ambiguous: 2 companies match equally; name jaccard 1.00 via trading name 'Timboon Railway Shed Distillery'; ABN ACT from 2007; Australian Private Company; main business location VIC 3268 (postcode agrees); ACN 112893240; GST ACT; ABR record updated 2015
timboon-railway-shed-distillery,Timboon Railway Shed Distillery,Australia,au-abr,38189725329,The Trustee for Josh Walker Family Trust,self,abr-bulk-name,medium,,https://data.gov.au/data/dataset/abn-bulk-extract,ambiguous: 2 companies match equally; name jaccard 1.00 via business name 'Timboon Railway Shed Distillery'; ABN ACT from 2015; Discretionary Trading Trust; main business location VIC 3268 (postcode agrees); ACN none; GST ACT; ABR record updated 2024
tin-shed-distilling-co,Tin Shed Distilling Co,Australia,au-abr,20159345507,TIN SHED DISTILLING COMPANY PTY LTD,self,abr-bulk-name,high,,https://data.gov.au/data/dataset/abn-bulk-extract,name jaccard 1.00 via entity name 'TIN SHED DISTILLING COMPANY PTY LTD'; ABN ACT from 2013; Australian Private Company; main business location SA 5000 (state agrees); ACN 159345507; GST ACT; ABR record updated 2020
tin-shed-distilling-co,Tin Shed Distilling Co,Australia,au-asic,159345507,TIN SHED DISTILLING COMPANY PTY LTD,self,asic-bulk-name,high,,https://data.gov.au/data/dataset/asic-companies,name jaccard 1.00 on 'TIN SHED DISTILLING COMPANY PTY LTD'; ASIC status REGD; APTY/LMSH/PROP; registered 04/07/2012; state of registration n/a; ABN 20159345507
tin-shed-distilling-co,Tin Shed Distilling Co,Australia,au-abr,62951124573,"(individual, sole trader ABN; trades as Tin Shed Cafe)",self,abr-bulk-name,medium,,https://data.gov.au/data/dataset/abn-bulk-extract,"name jaccard 1.00 via trading name 'Tin Shed Cafe' (category word differs, no distilling word on this ABN); ABN ACT from 2011; Individual/Sole Trader; main business location SA 5171 (state agrees); ACN none; GST CAN; ABR record updated 2020"
tin-shed-distilling-co,Tin Shed Distilling Co,Australia,au-abr,57581233040,"(partnership of individuals, Family Partnership; trades as Tin Shed Cafe)",self,abr-bulk-name,medium,,https://data.gov.au/data/dataset/abn-bulk-extract,"name jaccard 1.00 via business name 'Tin Shed Cafe' (category word differs, no distilling word on this ABN); ABN ACT from 2013; Family Partnership; main business location SA 5171 (state agrees); ACN none; GST ACT; ABR record updated 2020"
tiny-bear-distillery,Tiny Bear Distillery,Australia,au-abr,50664081752,TINY BEAR BEVERAGE COMPANY PTY LTD,self,abr-bulk-name,high,,https://data.gov.au/data/dataset/abn-bulk-extract,name jaccard 1.00 via business name 'Tiny Bear Distillery'; ABN ACT from 2022; Australian Private Company; main business location VIC 3180 (postcode agrees); ACN 664081752; GST ACT; ABR record updated 2025
tiny-bear-distillery,Tiny Bear Distillery,Australia,au-asic,664081752,TINY BEAR BEVERAGE COMPANY PTY LTD,self,abr-acn-link,high,,https://data.gov.au/data/dataset/asic-companies,ACN from ABN 50664081752 (TINY BEAR BEVERAGE COMPANY PTY LTD); ASIC status REGD; APTY/LMSH/PROP; registered 25/11/2022; state of registration n/a; ABN 50664081752
tiny-bear-distillery,Tiny Bear Distillery,Australia,au-abr,80616991354,TINY BEAR DISTILLERY PTY LTD,self,abr-bulk-name,medium,,https://data.gov.au/data/dataset/abn-bulk-extract,name jaccard 1.00 via entity name 'TINY BEAR DISTILLERY PTY LTD'; ABN CAN from 2017; Australian Private Company; main business location VIC 3805 (state agrees); ACN 616991354; GST CAN; ABR record updated 2017
traveller-s-rest-hotel-distillery,Traveller's Rest Hotel & Distillery,Australia,au-abr,97707217465,"(individual, sole trader ABN; trades as TRAVELLERS REST HOTEL)",self,abr-bulk-name,medium,,https://data.gov.au/data/dataset/abn-bulk-extract,"name jaccard 1.00 via trading name 'TRAVELLERS REST HOTEL' (category word differs, no distilling word on this ABN); ABN CAN from 2017; Individual/Sole Trader; main business location VIC 3835 (postcode agrees); ACN none; GST CAN; ABR record updated 2018"
traveller-s-rest-hotel-distillery,Traveller's Rest Hotel & Distillery,Australia,au-abr,38530664837,"(individual, sole trader ABN; trades as TRAVELLERS REST)",self,abr-bulk-name,medium,,https://data.gov.au/data/dataset/abn-bulk-extract,name jaccard 1.00 via trading name 'TRAVELLERS REST'; ABN CAN from 2015; Individual/Sole Trader; main business location VIC 3377 (state agrees); ACN none; GST NON; ABR record updated 2015
traveller-s-rest-hotel-distillery,Traveller's Rest Hotel & Distillery,Australia,au-abr,85601951917,The Trustee for Travellers Rest Hotel,self,abr-bulk-name,medium,,https://data.gov.au/data/dataset/abn-bulk-extract,"name jaccard 1.00 via entity name 'The Trustee for Travellers Rest Hotel' (category word differs, no distilling word on this ABN); ABN ACT from 2020; Discretionary Services Management Trust; main business location VIC 3835 (postcode agrees); ACN none; GST ACT; ABR record updated 2020"
traveller-s-rest-hotel-distillery,Traveller's Rest Hotel & Distillery,Australia,au-asic,612943147,TRAVELLERS REST WINES PTY LTD,self,asic-bulk-name,medium,,https://data.gov.au/data/dataset/asic-companies,name jaccard 1.00 on 'TRAVELLERS REST WINES PTY LTD'; ASIC status REGD; APTY/LMSH/PROP; registered 10/06/2016; state of registration n/a; ABN 38612943147
twist-distilling,Twist Distilling,Australia,au-abr,38620977175,BEER REPUBLIC LTD.,self,abr-bulk-name,low,,https://data.gov.au/data/dataset/abn-bulk-extract,name jaccard 1.00 via business name 'Twist Distilling'; ABN ACT from 2017; Australian Public Company; main business location VIC 3141 (state agrees); ACN 620977175; GST ACT; ABR record updated 2023
twist-distilling,Twist Distilling,Australia,au-asic,620977175,BEER REPUBLIC PTY LTD,self,abr-acn-link,low,,https://data.gov.au/data/dataset/asic-companies,ACN from ABN 38620977175 (BEER REPUBLIC LTD.); ASIC status REGD; APTY/LMSH/PROP; registered 09/08/2017; state of registration n/a; ABN 38620977175
twisted-snake-twisted-distillery,Twisted Snake Twisted distillery,Australia,au-abr,60638836101,TWISTED SNAKE PTY LTD,self,lcv-licensee+abr-bulk,high,,https://data.gov.au/data/dataset/abn-bulk-extract,"licensee of LCV producer's licence 32810817 ('TWISTED SNAKE', BENDIGO), name jaccard 1.00; name jaccard 1.00 via licensee legal name; ABN ACT from 2020; Australian Private Company; main business location VIC 3453 (state agrees); ACN 638836101; GST ACT; ABR record updated 2025"
twisted-snake-twisted-distillery,Twisted Snake Twisted distillery,Australia,au-asic,638836101,TWISTED SNAKE PTY LTD,self,lcv-licensee+abr-acn-link,high,,https://data.gov.au/data/dataset/asic-companies,ACN from ABN 60638836101 (TWISTED SNAKE PTY LTD); ASIC status REGD; APTY/LMSH/PROP; registered 02/02/2020; state of registration n/a; ABN 60638836101
unexpected-guest-distillery,Unexpected Guest Distillery,Australia,au-abr,20635321309,PROJECT WILLOUGHBY PTY LTD,self,abr-bulk-name,high,,https://data.gov.au/data/dataset/abn-bulk-extract,name jaccard 1.00 via business name 'UNEXPECTED GUEST DISTILLERY'; ABN ACT from 2019; Australian Private Company; main business location NSW 2204 (postcode agrees); ACN 635321309; GST ACT; ABR record updated 2024
unexpected-guest-distillery,Unexpected Guest Distillery,Australia,au-asic,635321309,PROJECT WILLOUGHBY PTY LTD,self,abr-acn-link,high,,https://data.gov.au/data/dataset/asic-companies,ACN from ABN 20635321309 (PROJECT WILLOUGHBY PTY LTD); ASIC status REGD; APTY/LMSH/PROP; registered 05/08/2019; state of registration n/a; ABN 20635321309
unexpected-guest-distillery,Unexpected Guest Distillery,Australia,au-abr,49139033677,THE UNEXPECTED GUEST PTY. LTD.,self,abr-bulk-name,medium,,https://data.gov.au/data/dataset/abn-bulk-extract,name jaccard 1.00 via entity name 'THE UNEXPECTED GUEST PTY. LTD.'; ABN CAN from 2018; Australian Private Company; main business location NSW 2481 (state agrees); ACN 139033677; GST CAN; ABR record updated 2018
unexpected-guest-distillery,Unexpected Guest Distillery,Australia,au-abr,39164143195,WAMBOOL DREAMING PTY LTD,self,abr-bulk-name,medium,,https://data.gov.au/data/dataset/abn-bulk-extract,name jaccard 1.00 via business name 'The Unexpected Guest'; ABN ACT from 2013; Australian Private Company; main business location NSW 2566 (state agrees); ACN 164143195; GST ACT; ABR record updated 2024
unexpected-guest-distillery,Unexpected Guest Distillery,Australia,au-asic,164143195,WAMBOOL DREAMING PTY LTD,self,abr-acn-link,medium,,https://data.gov.au/data/dataset/asic-companies,ACN from ABN 39164143195 (WAMBOOL DREAMING PTY LTD); ASIC status REGD; APTY/LMSH/PROP; registered 06/06/2013; state of registration n/a; ABN 39164143195
union-bridge-brewery-distillery,Union Bridge Brewery & Distillery,Australia,au-abr,45152026858,CRITICAL PATH PTY. LTD.,self,abr-bulk-name,high,,https://data.gov.au/data/dataset/abn-bulk-extract,name jaccard 1.00 via business name 'Union Bridge'; ABN ACT from 2011; Australian Private Company; main business location SA 5232 (postcode agrees); ACN 152026858; GST ACT; ABR record updated 2024
union-bridge-brewery-distillery,Union Bridge Brewery & Distillery,Australia,au-asic,152026858,CRITICAL PATH PTY. LTD.,self,abr-acn-link,medium,,https://data.gov.au/data/dataset/asic-companies,ACN from ABN 45152026858 (CRITICAL PATH PTY. LTD.); ASIC status EXAD; APTY/LMSH/PROP; registered 11/07/2011; state of registration n/a; ABN 45152026858
variations-distillery,Variations Distillery,Australia,au-abr,13152602198,VARIATIONS DISTILLERY PTY LTD,self,abr-bulk-name,high,,https://data.gov.au/data/dataset/abn-bulk-extract,name jaccard 1.00 via entity name 'VARIATIONS DISTILLERY PTY LTD'; ABN ACT from 2012; Australian Private Company; main business location WA 6208 (postcode agrees); ACN 152602198; GST ACT; ABR record updated 2025
variations-distillery,Variations Distillery,Australia,au-asic,152602198,VARIATIONS DISTILLERY PTY LTD,self,asic-bulk-name,high,,https://data.gov.au/data/dataset/asic-companies,name jaccard 1.00 on 'VARIATIONS DISTILLERY PTY LTD'; ASIC status REGD; APTY/LMSH/PROP; registered 11/08/2011; state of registration n/a; ABN 13152602198
wandering-distillery,Wandering Distillery,Australia,au-abr,90623190296,WANDERING DISTILLERY PTY LTD,self,abr-bulk-name,high,,https://data.gov.au/data/dataset/abn-bulk-extract,name jaccard 1.00 via entity name 'WANDERING DISTILLERY PTY LTD'; ABN ACT from 2017; Australian Private Company; main business location WA 6163 (postcode agrees); ACN 623190296; GST ACT; ABR record updated 2025
wandering-distillery,Wandering Distillery,Australia,au-asic,623190296,WANDERING DISTILLERY PTY LTD,self,asic-bulk-name,high,,https://data.gov.au/data/dataset/asic-companies,name jaccard 1.00 on 'WANDERING DISTILLERY PTY LTD'; ASIC status REGD; APTY/LMSH/PROP; registered 01/12/2017; state of registration n/a; ABN 90623190296
waubs-harbour-distillery,Waubs Harbour Distillery,Australia,au-abr,38625804775,POLMEAR & SONS PTY LTD,self,abr-bulk-name,high,,https://data.gov.au/data/dataset/abn-bulk-extract,name jaccard 1.00 via business name 'WAUBS HARBOUR DISTILLERY'; ABN ACT from 2018; Australian Private Company; main business location TAS 7000 (state agrees); ACN 625804775; GST ACT; ABR record updated 2023
waubs-harbour-distillery,Waubs Harbour Distillery,Australia,au-asic,625804775,POLMEAR & SONS PTY LTD,self,abr-acn-link,high,,https://data.gov.au/data/dataset/asic-companies,ACN from ABN 38625804775 (POLMEAR & SONS PTY LTD); ASIC status REGD; APTY/LMSH/PROP; registered 26/04/2018; state of registration n/a; ABN 38625804775
waverley-distillery,Waverley Distillery,Australia,au-asic,647211747,WAVERLEY ESTATE WINES PTY LTD,self,asic-bulk-name,low,,https://data.gov.au/data/dataset/asic-companies,name jaccard 1.00 on 'WAVERLEY ESTATE WINES PTY LTD'; ASIC status REGD; APTY/LMSH/PROP; registered 18/01/2021; state of registration n/a; ABN 20647211747
waverley-distillery,Waverley Distillery,Australia,au-abr,57009488868,WAVERLEY PTY. LIMITED,self,abr-bulk-name,medium,,https://data.gov.au/data/dataset/abn-bulk-extract,name jaccard 1.00 via entity name 'WAVERLEY PTY. LIMITED'; ABN ACT from 2000; Australian Private Company; main business location TAS 7190 (postcode agrees); ACN 009488868; GST ACT; ABR record updated 2023
waverley-distillery,Waverley Distillery,Australia,au-asic,009488868,WAVERLEY PTY. LIMITED,self,abr-acn-link,medium,,https://data.gov.au/data/dataset/asic-companies,ACN from ABN 57009488868 (WAVERLEY PTY. LIMITED); ASIC status REGD; APTY/LMSH/PROP; registered 07/03/1967; state of registration TAS; ABN 57009488868
wee-jasper-distillery,Wee Jasper Distillery,Australia,au-abr,83628302116,WEE JASPER DISTILLERY PTY LTD,self,abr-bulk-name,high,,https://data.gov.au/data/dataset/abn-bulk-extract,name jaccard 1.00 via entity name 'WEE JASPER DISTILLERY PTY LTD'; ABN ACT from 2018; Australian Private Company; main business location ACT 2614; ACN 628302116; GST NON; ABR record updated 2025
wee-jasper-distillery,Wee Jasper Distillery,Australia,au-asic,628302116,WEE JASPER DISTILLERY PTY LTD,self,asic-bulk-name,high,,https://data.gov.au/data/dataset/asic-companies,name jaccard 1.00 on 'WEE JASPER DISTILLERY PTY LTD'; ASIC status REGD; APTY/LMSH/PROP; registered 21/08/2018; state of registration n/a; ABN 83628302116
wee-jasper-distillery,Wee Jasper Distillery,Australia,au-abr,65799576049,"(partnership of individuals, Family Partnership; trades as THE STABLES WEE JASPER)",self,abr-bulk-name,medium,,https://data.gov.au/data/dataset/abn-bulk-extract,name jaccard 0.67 via business name 'THE STABLES WEE JASPER'; ABN ACT from 2025; Family Partnership; main business location NSW 2582 (postcode agrees); ACN none; GST NON; ABR record updated 2025
wee-jasper-distillery,Wee Jasper Distillery,Australia,au-abr,23572783145,The Trustee for T Ryan Family Discretionary Trust,self,abr-bulk-name,medium,,https://data.gov.au/data/dataset/abn-bulk-extract,"name jaccard 1.00 via business name 'The Wee Jasper Hotel' (category word differs, no distilling word on this ABN); ABN ACT from 2004; Discretionary Trading Trust; main business location NSW 2122 (state agrees); ACN none; GST ACT; ABR record updated 2022"
wee-jasper-distillery,Wee Jasper Distillery,Australia,au-asic,002532514,WEE JASPER HOLDINGS PTY LIMITED,self,asic-bulk-name,medium,,https://data.gov.au/data/dataset/asic-companies,name jaccard 1.00 on 'WEE JASPER HOLDINGS PTY LIMITED' (state of registration agrees); ASIC status REGD; APTY/LMSH/PROP; registered 19/10/1982; state of registration NSW; ABN 80002532514
west-coast-distilling-co,West Coast Distilling Co,Australia,au-abr,31645160434,MR NOVEMBER PTY LTD,self,abr-bulk-name,high,,https://data.gov.au/data/dataset/abn-bulk-extract,name jaccard 1.00 via business name 'West Coast Distilling Co'; ABN ACT from 2020; Australian Private Company; main business location SA 5606 (postcode agrees); ACN 645160434; GST ACT; ABR record updated 2021
west-coast-distilling-co,West Coast Distilling Co,Australia,au-asic,645160434,MR NOVEMBER PTY LTD,self,abr-acn-link,high,,https://data.gov.au/data/dataset/asic-companies,ACN from ABN 31645160434 (MR NOVEMBER PTY LTD); ASIC status REGD; APTY/LMSH/PROP; registered 16/10/2020; state of registration n/a; ABN 31645160434
west-coast-distilling-co,West Coast Distilling Co,Australia,au-asic,622869041,SOUTH COAST BREWING COMPANY PTY LTD,self,asic-bulk-name,low,,https://data.gov.au/data/dataset/asic-companies,name jaccard 1.00 on 'SOUTH COAST BREWING COMPANY PTY LTD'; ASIC status REGD; APTY/LMSH/PROP; registered 15/11/2017; state of registration n/a; ABN 71622869041
west-coast-distilling-co,West Coast Distilling Co,Australia,au-asic,610887842,WEST COAST BREWING PTY LTD,self,asic-bulk-name,low,,https://data.gov.au/data/dataset/asic-companies,name jaccard 1.00 on 'WEST COAST BREWING PTY LTD'; ASIC status REGD; APTY/LMSH/PROP; registered 22/02/2016; state of registration n/a; ABN 44610887842
west-coast-distilling-co,West Coast Distilling Co,Australia,au-abr,46871806051,"(individual, sole trader ABN; trades as COAST DISTILLING CO)",self,abr-bulk-name,medium,,https://data.gov.au/data/dataset/abn-bulk-extract,name jaccard 1.00 via business name 'COAST DISTILLING CO'; ABN ACT from 2025; Individual/Sole Trader; main business location NSW 2250; ACN none; GST CAN; ABR record updated 2025
west-coast-distilling-co,West Coast Distilling Co,Australia,au-asic,620928912,SOUTH COAST LIQUOR PTY LTD,self,asic-bulk-name,medium,,https://data.gov.au/data/dataset/asic-companies,name jaccard 1.00 on 'SOUTH COAST LIQUOR PTY LTD'; ASIC status REGD; APTY/LMSH/PROP; registered 07/08/2017; state of registration n/a; ABN 30620928912
west-winds-distillers,West Winds Distillers,Australia,au-abr,23145031983,THE TAILOR MADE SPIRITS COMPANY LIMITED,self,abr-bulk-name,high,,https://data.gov.au/data/dataset/abn-bulk-extract,name jaccard 1.00 via business name 'WEST WINDS DISTILLERS'; ABN ACT from 2011; Australian Public Company; main business location WA 6017 (state agrees); ACN 145031983; GST ACT; ABR record updated 2026
west-winds-distillers,West Winds Distillers,Australia,au-asic,145031983,THE TAILOR MADE SPIRITS COMPANY LIMITED,self,abr-acn-link,high,,https://data.gov.au/data/dataset/asic-companies,ACN from ABN 23145031983 (THE TAILOR MADE SPIRITS COMPANY LIMITED); ASIC status REGD; APUB/LMSH/ULST; registered 05/07/2010; state of registration n/a; ABN 23145031983
western-tiers-distillery,Western Tiers Distillery,Australia,au-abr,36629784318,WESTERN TIERS DISTILLERY COMPANY PTY LTD,self,abr-bulk-name,high,,https://data.gov.au/data/dataset/abn-bulk-extract,name jaccard 1.00 via entity name 'WESTERN TIERS DISTILLERY COMPANY PTY LTD'; ABN ACT from 2018; Australian Private Company; main business location TAS 7303 (postcode agrees); ACN 629784318; GST ACT; ABR record updated 2018
western-tiers-distillery,Western Tiers Distillery,Australia,au-asic,629784318,WESTERN TIERS DISTILLERY COMPANY PTY LTD,self,asic-bulk-name,high,,https://data.gov.au/data/dataset/asic-companies,name jaccard 1.00 on 'WESTERN TIERS DISTILLERY COMPANY PTY LTD'; ASIC status REGD; APTY/LMSH/PROP; registered 02/11/2018; state of registration n/a; ABN 36629784318
western-tiers-distillery,Western Tiers Distillery,Australia,au-abr,63685226768,"(partnership of individuals, Family Partnership; trades as WESTERN TIERS PASTURES)",self,abr-bulk-name,medium,,https://data.gov.au/data/dataset/abn-bulk-extract,name jaccard 0.67 via business name 'WESTERN TIERS PASTURES'; ABN ACT from 2021; Family Partnership; main business location TAS 7303 (postcode agrees); ACN none; GST ACT; ABR record updated 2022
western-tiers-distillery,Western Tiers Distillery,Australia,au-abr,37960924354,The Trustee for Western Tiers Pastures Trust,self,abr-bulk-name,medium,,https://data.gov.au/data/dataset/abn-bulk-extract,name jaccard 0.67 via entity name 'The Trustee for Western Tiers Pastures Trust'; ABN ACT from 2025; Discretionary Trading Trust; main business location TAS 7303 (postcode agrees); ACN none; GST ACT; ABR record updated 2025
wharf-st-distillery-restaurant,Wharf St. Distillery,Australia,au-abr,63652543792,WHARF STREET FORSTER PTY LTD,self,abr-bulk-name,high,,https://data.gov.au/data/dataset/abn-bulk-extract,name jaccard 1.00 via business name 'WHARF ST DISTILLERY'; ABN ACT from 2021; Australian Private Company; main business location NSW 2428 (postcode agrees); ACN 652543792; GST ACT; ABR record updated 2021
wharf-st-distillery-restaurant,Wharf St. Distillery,Australia,au-asic,652543792,WHARF STREET FORSTER PTY LTD,self,abr-acn-link,high,,https://data.gov.au/data/dataset/asic-companies,ACN from ABN 63652543792 (WHARF STREET FORSTER PTY LTD); ASIC status REGD; APTY/LMSH/PROP; registered 04/08/2021; state of registration n/a; ABN 63652543792
wharf-st-distillery-restaurant,Wharf St. Distillery,Australia,au-abr,82758336007,The Trustee for The Wharf St Trust,self,abr-bulk-name,medium,,https://data.gov.au/data/dataset/abn-bulk-extract,name jaccard 1.00 via entity name 'The Trustee for The Wharf St Trust'; ABN ACT from 2021; Fixed Trust; main business location NSW 2775 (state agrees); ACN none; GST ACT; ABR record updated 2022
wharf-st-distillery-restaurant,Wharf St. Distillery,Australia,au-abr,44200241008,The Trustee for Wharf St Unit Trust,self,abr-bulk-name,medium,,https://data.gov.au/data/dataset/abn-bulk-extract,name jaccard 1.00 via entity name 'The Trustee for Wharf St Unit Trust'; ABN CAN from 2026; Fixed Unit Trust; main business location NSW 2485 (state agrees); ACN none; GST CAN; ABR record updated 2026
whipper-snapper-distillery,Whipper Snapper Distillery,Australia,au-abr,60162142136,WHIPPER SNAPPER DISTILLERY LTD,self,abr-bulk-name,high,,https://data.gov.au/data/dataset/abn-bulk-extract,name jaccard 1.00 via entity name 'WHIPPER SNAPPER DISTILLERY LTD'; ABN ACT from 2013; Australian Public Company; main business location WA 6004 (postcode agrees); ACN 162142136; GST ACT; ABR record updated 2020
whipper-snapper-distillery,Whipper Snapper Distillery,Australia,au-asic,162142136,WHIPPER SNAPPER DISTILLERY LTD,self,asic-bulk-name,high,,https://data.gov.au/data/dataset/asic-companies,name jaccard 1.00 on 'WHIPPER SNAPPER DISTILLERY LTD'; ASIC status REGD; APUB/LMSH/ULST; registered 30/01/2013; state of registration n/a; ABN 60162142136
white-oat-distillery,White Oat Distillery,Australia,au-abr,62641736325,SOUTHERN DRINKS PTY LTD,self,abr-bulk-name,high,,https://data.gov.au/data/dataset/abn-bulk-extract,name jaccard 1.00 via business name 'WHITE OAT DISTILLERY'; ABN ACT from 2020; Australian Private Company; main business location QLD 4215 (state agrees); ACN 641736325; GST ACT; ABR record updated 2021
white-oat-distillery,White Oat Distillery,Australia,au-asic,641736325,SOUTHERN DRINKS PTY LTD,self,abr-acn-link,high,,https://data.gov.au/data/dataset/asic-companies,ACN from ABN 62641736325 (SOUTHERN DRINKS PTY LTD); ASIC status REGD; APTY/LMSH/PROP; registered 15/06/2020; state of registration n/a; ABN 62641736325
wild-flower-gin-distilling,Wild Flower Gin Distilling,Australia,au-abr,26216123828,The Trustee for The Wild Flower Trust,self,abr-bulk-name,medium,,https://data.gov.au/data/dataset/abn-bulk-extract,name jaccard 1.00 via entity name 'The Trustee for The Wild Flower Trust'; ABN ACT from 2025; Discretionary Trading Trust; main business location QLD 4405 (state agrees); ACN none; GST ACT; ABR record updated 2025
wild-lot-distillery,Wild Lot Distillery,Australia,au-abr,39677695411,WILD LOT DISTILLERY PTY LTD,self,abr-bulk-name,high,,https://data.gov.au/data/dataset/abn-bulk-extract,name jaccard 1.00 via entity name 'WILD LOT DISTILLERY PTY LTD'; ABN ACT from 2024; Australian Private Company; main business location WA 6288 (postcode agrees); ACN 677695411; GST ACT; ABR record updated 2025
wild-lot-distillery,Wild Lot Distillery,Australia,au-asic,677695411,WILD LOT DISTILLERY PTY LTD,self,asic-bulk-name,high,,https://data.gov.au/data/dataset/asic-companies,name jaccard 1.00 on 'WILD LOT DISTILLERY PTY LTD'; ASIC status REGD; APTY/LMSH/PROP; registered 28/05/2024; state of registration n/a; ABN 39677695411
wildbrumby-schnapps-distillery,Wildbrumby Schnapps Distillery,Australia,au-abr,71697995850,WILD BRUMBY DISTILLERY PTY LTD,operator,abr-bulk-name,high,,https://data.gov.au/data/dataset/abn-bulk-extract,name jaccard 1.00 via entity name 'WILD BRUMBY DISTILLERY PTY LTD'; ABN ACT from 2026; Australian Private Company; main business location NSW 2627 (postcode agrees); ACN 697995850; GST ACT; ABR record updated 2026
wildbrumby-schnapps-distillery,Wildbrumby Schnapps Distillery,Australia,au-asic,697995850,WILD BRUMBY DISTILLERY PTY LTD,operator,asic-bulk-name,high,,https://data.gov.au/data/dataset/asic-companies,name jaccard 1.00 on 'WILD BRUMBY DISTILLERY PTY LTD'; ASIC status REGD; APTY/LMSH/PROP; registered 12/05/2026; state of registration n/a; ABN 71697995850
wildbrumby-schnapps-distillery,Wildbrumby Schnapps Distillery,Australia,au-abr,41656136864,WILD BRUMBY DISTILLERY PTY LTD,operator,abr-bulk-name,medium,,https://data.gov.au/data/dataset/abn-bulk-extract,name jaccard 1.00 via entity name 'WILD BRUMBY DISTILLERY PTY LTD'; ABN CAN from 2022; Australian Private Company; main business location NSW 2627 (postcode agrees); ACN 656136864; GST CAN; ABR record updated 2022
willing-distillery,Willing Distillery,Australia,au-abr,57119638080,"(individual, sole trader ABN; trades as WILLING DISTILLERY)",self,abr-bulk-name,medium,,https://data.gov.au/data/dataset/abn-bulk-extract,name jaccard 1.00 via business name 'WILLING DISTILLERY'; ABN ACT from 2020; Individual/Sole Trader; main business location NT 0820 (postcode agrees); ACN none; GST ACT; ABR record updated 2021
wilmot-hills-orchard-distillery,Wilmot Hills Orchard & Distillery,Australia,au-abr,99109149783,The trustee for The Hanrone Trust,self,abr-bulk-name,high,,https://data.gov.au/data/dataset/abn-bulk-extract,name jaccard 1.00 via business name 'Wilmot Hills Orchard & Distillery'; ABN ACT from 2005; Discretionary Trading Trust; main business location WA 6152; ACN none; GST ACT; ABR record updated 2019
winding-road-distilling,Winding Road Distilling,Australia,au-abr,28620204293,WINDING ROAD DISTILLING CO. PTY LTD,self,abr-bulk-name,high,,https://data.gov.au/data/dataset/abn-bulk-extract,name jaccard 1.00 via entity name 'WINDING ROAD DISTILLING CO. PTY LTD'; ABN ACT from 2017; Australian Private Company; main business location NSW 2478 (postcode agrees); ACN 620204293; GST ACT; ABR record updated 2017
winding-road-distilling,Winding Road Distilling,Australia,au-asic,620204293,WINDING ROAD DISTILLING CO. PTY LTD,self,asic-bulk-name,high,,https://data.gov.au/data/dataset/asic-companies,name jaccard 1.00 on 'WINDING ROAD DISTILLING CO. PTY LTD'; ASIC status REGD; APTY/LMSH/PROP; registered 03/07/2017; state of registration n/a; ABN 28620204293
wolf-and-woman-distillery-pty-ltd,Wolf and Woman Distillery Pty Ltd,Australia,au-abr,36645965251,WOLF AND WOMAN DISTILLERY PTY LTD,self,abr-bulk-name,high,,https://data.gov.au/data/dataset/abn-bulk-extract,name jaccard 1.00 via entity name 'WOLF AND WOMAN DISTILLERY PTY LTD'; ABN ACT from 2020; Australian Private Company; main business location NSW 2518 (postcode agrees); ACN 645965251; GST ACT; ABR record updated 2023
wolf-and-woman-distillery-pty-ltd,Wolf and Woman Distillery Pty Ltd,Australia,au-asic,645965251,WOLF AND WOMAN DISTILLERY PTY LTD,self,asic-bulk-name,high,,https://data.gov.au/data/dataset/asic-companies,name jaccard 1.00 on 'WOLF AND WOMAN DISTILLERY PTY LTD'; ASIC status REGD; APTY/LMSH/PROP; registered 17/11/2020; state of registration n/a; ABN 36645965251
wolf-lane-distillery,Wolf Lane Distillery,Australia,au-abr,75611696345,SARRANT GROUP PTY LTD,self,abr-bulk-name,high,,https://data.gov.au/data/dataset/abn-bulk-extract,name jaccard 1.00 via business name 'Wolf Lane Distillery'; ABN ACT from 2016; Australian Private Company; main business location QLD 4870 (postcode agrees); ACN 611696345; GST ACT; ABR record updated 2025
wolf-lane-distillery,Wolf Lane Distillery,Australia,au-asic,611696345,SARRANT GROUP PTY LTD,self,abr-acn-link,high,,https://data.gov.au/data/dataset/asic-companies,ACN from ABN 75611696345 (SARRANT GROUP PTY LTD); ASIC status REGD; APTY/LMSH/PROP; registered 06/04/2016; state of registration n/a; ABN 75611696345
wolf-lane-distillery,Wolf Lane Distillery,Australia,au-asic,643696931,THREE WOLVES PTY LTD,self,asic-bulk-name,medium,,https://data.gov.au/data/dataset/asic-companies,"name jaccard 1.00 on 'WOLF LANE DISTILLERY PTY LTD'; ASIC status REGD; APTY/LMSH/PROP; registered 21/08/2020; state of registration n/a; ABN 49643696931; FORMER name, current name THREE WOLVES PTY LTD"
wolfsbane-distillery,Wolfsbane distillery,Australia,au-abr,88654659257,WOLFSBANE PTY LTD,self,abr-bulk-name,medium,,https://data.gov.au/data/dataset/abn-bulk-extract,name jaccard 1.00 via entity name 'WOLFSBANE PTY LTD'; ABN ACT from 2021; Australian Private Company; main business location WA 6008 (postcode agrees); ACN 654659257; GST ACT; ABR record updated 2025
wolfsbane-distillery,Wolfsbane distillery,Australia,au-asic,654659257,WOLFSBANE PTY LTD,self,abr-acn-link,medium,,https://data.gov.au/data/dataset/asic-companies,ACN from ABN 88654659257 (WOLFSBANE PTY LTD); ASIC status REGD; APTY/LMSH/PROP; registered 20/10/2021; state of registration n/a; ABN 88654659257
woodlands-distillery,Woodlands Distillery,Australia,au-abr,37629680637,WOODLANDS DISTILLERY PTY LTD,self,abr-bulk-name,high,,https://data.gov.au/data/dataset/abn-bulk-extract,name jaccard 1.00 via entity name 'WOODLANDS DISTILLERY PTY LTD'; ABN ACT from 2018; Australian Private Company; main business location WA 6330 (state agrees); ACN 629680637; GST ACT; ABR record updated 2022
woodlands-distillery,Woodlands Distillery,Australia,au-asic,629680637,WOODLANDS DISTILLERY PTY LTD,self,asic-bulk-name,high,,https://data.gov.au/data/dataset/asic-companies,name jaccard 1.00 on 'WOODLANDS DISTILLERY PTY LTD'; ASIC status REGD; APTY/LMSH/PROP; registered 29/10/2018; state of registration n/a; ABN 37629680637
yack-creek-distillery-brewery,Yack Creek Distillery / Brewery,Australia,au-abr,92605058455,DANDAH DISTILLERY PTY. LTD.,self,abr-bulk-name,high,,https://data.gov.au/data/dataset/abn-bulk-extract,name jaccard 1.00 via business name 'Yack Creek Distillery'; ABN ACT from 2015; Australian Private Company; main business location VIC 3749 (postcode agrees); ACN 605058455; GST ACT; ABR record updated 2021
yack-creek-distillery-brewery,Yack Creek Distillery / Brewery,Australia,au-asic,605058455,DANDAH DISTILLERY PTY. LTD.,self,abr-acn-link,high,,https://data.gov.au/data/dataset/asic-companies,ACN from ABN 92605058455 (DANDAH DISTILLERY PTY. LTD.); ASIC status REGD; APTY/LMSH/PROP; registered 31/03/2015; state of registration n/a; ABN 92605058455
yamba-distilling-co-cellar-door,Yamba Distilling Co. Cellar Door,Australia,au-abr,34697797676,JB & JA PTY LTD,self,abr-bulk-name,low,,https://data.gov.au/data/dataset/abn-bulk-extract,name jaccard 0.50 via business name 'Yamba Distillery'; ABN ACT from 2026; Australian Private Company; main business location NSW 2464 (postcode agrees); ACN 697797676; GST ACT; ABR record updated 2026
yamba-distilling-co-cellar-door,Yamba Distilling Co. Cellar Door,Australia,au-abr,69348364811,PACIFIC HOTEL UNIT TRUST,self,abr-bulk-name,low,,https://data.gov.au/data/dataset/abn-bulk-extract,name jaccard 0.50 via business name 'Yamba Liquor'; ABN ACT from 2000; Fixed Unit Trust; main business location NSW 2464 (postcode agrees); ACN none; GST ACT; ABR record updated 2017
yamba-distilling-co-cellar-door,Yamba Distilling Co. Cellar Door,Australia,au-abr,59647403450,YAMBA DISTILLERY COMPANY PTY LTD.,self,abr-bulk-name,low,,https://data.gov.au/data/dataset/abn-bulk-extract,name jaccard 0.50 via entity name 'YAMBA DISTILLERY COMPANY PTY LTD.'; ABN CAN from 2021; Australian Private Company; main business location NSW 2464 (postcode agrees); ACN 647403450; GST CAN; ABR record updated 2026
yamba-distilling-co-cellar-door,Yamba Distilling Co. Cellar Door,Australia,au-asic,697797676,JB & JA PTY LTD,self,abr-acn-link,low,,https://data.gov.au/data/dataset/asic-companies,ACN from ABN 34697797676 (JB & JA PTY LTD); ASIC status REGD; APTY/LMSH/PROP; registered 06/05/2026; state of registration n/a; ABN 34697797676
zenith-distillery,Zenith Distillery,Australia,au-abr,34631168566,ZENITH DISTILLERY PTY LTD,self,abr-bulk-name,high,,https://data.gov.au/data/dataset/abn-bulk-extract,name jaccard 1.00 via entity name 'ZENITH DISTILLERY PTY LTD'; ABN ACT from 2019; Australian Private Company; main business location TAS 7253 (postcode agrees); ACN 631168566; GST ACT; ABR record updated 2021
zenith-distillery,Zenith Distillery,Australia,au-asic,631168566,ZENITH DISTILLERY PTY LTD,self,asic-bulk-name,high,,https://data.gov.au/data/dataset/asic-companies,name jaccard 1.00 on 'ZENITH DISTILLERY PTY LTD'; ASIC status REGD; APTY/LMSH/PROP; registered 23/01/2019; state of registration n/a; ABN 34631168566
zenith-distillery,Zenith Distillery,Australia,au-asic,683967535,ZENITH LIQUOR HOLDINGS PTY LTD,self,asic-bulk-name,medium,,https://data.gov.au/data/dataset/asic-companies,name jaccard 1.00 on 'ZENITH LIQUOR HOLDINGS PTY LTD'; ASIC status REGD; APTY/LMSH/PROP; registered 24/01/2025; state of registration n/a; ABN 0
auld-farm-distillery,Auld Farm Distillery,New Zealand,nz-companies,6476179,AULD DISTILLERY LIMITED,self,nz-search-page-name,low,,https://app.companiesoffice.govt.nz/companies/app/ui/pages/companies/6476179,"name jaccard 1.00; status Registered; NZ Limited Company; incorporated 04 Oct 2017; registered office Mcintyre Dick & Partners, 160 Spey Street, Invercargill, Invercargill, 9810, New Zealand; NZBN 9429046388841; from the saved first page of results for 'distillery' (20 Sep 2026), not a live query"
aurora-distillery,Aurora Distillery,New Zealand,nz-companies,7875736,AURORA DISTILLERY LIMITED,self,nz-search-page-name,high,,https://app.companiesoffice.govt.nz/companies/app/ui/pages/companies/7875736,"name jaccard 1.00; status Registered; NZ Limited Company; incorporated 30 Jan 2020; registered office Mark Faircloth, 76 Hikunui Road, Rd 1, Kahutara, 5771, New Zealand (location agrees); NZBN 9429047911406; from the saved first page of results for 'distillery' (20 Sep 2026), not a live query"
ruapehu-distillery,Ruapehu Distillery,New Zealand,nz-companies,8960748,RUAPEHU DISTILLERY LIMITED,self,nz-search-page-name,high,,https://app.companiesoffice.govt.nz/companies/app/ui/pages/companies/8960748,"name jaccard 1.00; status Registered; NZ Limited Company; incorporated 11 Oct 2023; registered office 8 Kowhai Crescent, Ohakune, Ohakune, 4625, New Zealand (location agrees); NZBN 9429051661649; from the saved first page of results for 'distillery' (20 Sep 2026), not a live query"
