slug,distillery_name,country,registry,company_number,company_name,relation,match_method,confidence,verified,source,note
alembic-distillery,Alembic Distillery,Japan,jp-houjin-bangou,5220001022974,株式会社Alembic,self,hand,high,,https://www.houjin-bangou.nta.go.jp/download/zenken/,"Alembic Co., Kanazawa; NTA spirits licence 2022, site 金沢市大野町4丁目ハ17 = pin address; pin website alembic.jp; register-checked 20 Sep 2026: 石川県金沢市大野町４丁目ハ１７番 〒9200331; register record open; number assigned 2019-07-03"
alembic-distillery,Alembic Distillery,Japan,jp-houjin-bangou,4220005001380,大野醤油醸造協業組合,self,postcode-signal,low,,https://www.houjin-bangou.nta.go.jp/download/zenken/,"shared premises only, names do not overlap; same 7-digit postcode as the pin and a drinks word in the name; 石川県金沢市大野町４丁目甲１８番地６ 〒9200331; register record open; number assigned 2015-10-05"
amamioshima-kaiun-distillery,Amamioshima Kaiun Distillery,Japan,jp-houjin-bangou,5340001010471,奄美大島酒造株式会社,self,romaji-bridge,high,,https://www.houjin-bangou.nta.go.jp/download/zenken/,register furigana アマミオオシマシュゾウ equals pin/domain token 'ananiosina' once drinks words are removed; drinks word in name; 鹿児島県奄美市名瀬入舟町８番２１号 〒8940034; register record open; number assigned 2015-10-05
amamioshima-kaiun-distillery,Amamioshima Kaiun Distillery,Japan,jp-houjin-bangou,1340001010483,株式会社奄美大島開運酒造,self,hand,high,,https://www.houjin-bangou.nta.go.jp/download/zenken/,"Amami Oshima Kaiun Shuzo, Uken; pin website lento.co.jp; register-checked 20 Sep 2026: 鹿児島県大島郡宇検村大字湯湾２９２４番地２ 〒8943301; register record open; number assigned 2015-10-05"
amamioshima-kaiun-distillery,Amamioshima Kaiun Distillery,Japan,jp-houjin-bangou,2340001010920,株式会社奄美大島宇検農産,self,romaji-bridge,low,,https://www.houjin-bangou.nta.go.jp/download/zenken/,pin/domain token 'ananiosina' in register furigana アマミオオシマウケンノウサン; same postcode but no drinks word (lead only); 鹿児島県大島郡宇検村大字湯湾２９２０番地４ 〒8943301; register record closed 2019-09-02 (reason code 11)
amamioshima-kaiun-distillery,Amamioshima Kaiun Distillery,Japan,jp-houjin-bangou,4340001022237,株式会社奄美大島宇検農産,self,romaji-bridge,low,,https://www.houjin-bangou.nta.go.jp/download/zenken/,pin/domain token 'ananiosina' in register furigana アマミオオシマウケンノウサン; same postcode but no drinks word (lead only); 鹿児島県大島郡宇検村大字湯湾２９２０番地４ 〒8943301; register record open; number assigned 2019-09-06
amanokawashuzo-or-amanokawa-distillery,Amanokawashuzō or Amanokawa Distillery,Japan,jp-houjin-bangou,6310001010093,天の川酒造株式会社,self,hand,high,,https://www.houjin-bangou.nta.go.jp/download/zenken/,"Amanokawa Shuzo Co., Iki; pin website amanokawashuzo.com; register-checked 20 Sep 2026: 長崎県壱岐市郷ノ浦町田中触８０８番地 〒8115117; register record open; number assigned 2015-10-05"
asaka-distillery,Asaka Distillery,Japan,jp-houjin-bangou,4380001005337,笹の川酒造株式会社,operator,hand,high,,https://www.houjin-bangou.nta.go.jp/download/zenken/,"Sasanokawa Shuzo, Koriyama; Asaka distillery is its whisky site; pin website sasanokawa.co.jp; register-checked 20 Sep 2026: 福島県郡山市笹川１丁目１７８番地 〒9630108; register record open; number assigned 2015-10-05"
asaka-distillery,Asaka Distillery,Japan,jp-houjin-bangou,3380001035483,株式会社あさか,self,romaji-bridge,low,,https://www.houjin-bangou.nta.go.jp/download/zenken/,register furigana アサカ equals pin/domain token 'asaka' but no drinks word and no postcode agreement (lead only); 福島県郡山市富田町字墨染１５番地４阿部ビル２０２号 〒9638041; register record open; number assigned 2025-07-30
asaka-distillery,Asaka Distillery,Japan,jp-houjin-bangou,7380001026082,株式会社あさか,self,romaji-bridge,low,,https://www.houjin-bangou.nta.go.jp/download/zenken/,register furigana アサカ equals pin/domain token 'asaka' but no drinks word and no postcode agreement (lead only); 福島県郡山市開成４丁目９番１７号 〒9638851; register record open; number assigned 2015-10-26
asaka-distillery,Asaka Distillery,Japan,jp-houjin-bangou,9380001036261,株式会社ASAKA,self,romaji-bridge,low,,https://www.houjin-bangou.nta.go.jp/download/zenken/,register furigana アサカ equals pin/domain token 'asaka' but no drinks word and no postcode agreement (lead only); 福島県郡山市大槻町字下町１３２－５ 〒9630201; register record open; number assigned 2026-08-17
blue-rabbit-distillery,Blue Rabbit Distillery,Japan,jp-houjin-bangou,7010803003530,合同会社Blue Rabbit Distillery,self,hand,high,,https://www.houjin-bangou.nta.go.jp/download/zenken/,"Blue Rabbit Distillery LLC; NTA spirits licence 2022, site 大田区田園調布本町57-2 = pin address; register-checked 20 Sep 2026: 東京都大田区田園調布１丁目１２番５号 〒1450071; register record open; number assigned 2020-11-05"
chichibu-distillery,Chichibu distillery,Japan,jp-houjin-bangou,2030001091463,株式会社ベンチャーウイスキー,self,hand,high,,https://www.houjin-bangou.nta.go.jp/download/zenken/,"Venture Whisky Ltd (Ichiro Akuto), Chichibu, Saitama; runs Chichibu distillery; register-checked 20 Sep 2026: 埼玉県秩父市みどりが丘４９番地 〒3680067; register record open; number assigned 2015-10-05"
chichibu-distillery,Chichibu distillery,Japan,jp-houjin-bangou,2030001163832,ベンチャーウイスキーホールディングス株式会社,self,postcode-signal,low,,https://www.houjin-bangou.nta.go.jp/download/zenken/,"shared premises only, names do not overlap; same 7-digit postcode as the pin and a drinks word in the name; 埼玉県秩父市みどりが丘４９番地 〒3680067; register record open; number assigned 2024-12-10"
chita-distillery,Chita distillery,Japan,jp-houjin-bangou,3120001136159,サントリーホールディングス株式会社,group,hand,high,,https://www.houjin-bangou.nta.go.jp/download/zenken/,Suntory group parent; register-checked 20 Sep 2026: 大阪府大阪市北区堂島浜２丁目１番４０号 〒5300004; register record open; number assigned 2015-10-05
chita-distillery,Chita distillery,Japan,jp-houjin-bangou,6120001117949,サングレイン株式会社,operator,hand,high,,https://www.houjin-bangou.nta.go.jp/download/zenken/,"Sungrain Ltd, Suntory subsidiary that runs the Chita grain distillery (Kitahama-machi, Chita); register-checked 20 Sep 2026: 大阪府大阪市東淀川区東中島１丁目１７－５ステュディオ新大阪８１６号 〒5330033; register record open; number assigned 2015-10-05"
chita-distillery,Chita distillery,Japan,jp-houjin-bangou,5180001094985,サントリー知多蒸溜所株式会社,self,postcode-signal,low,,https://www.houjin-bangou.nta.go.jp/download/zenken/,"shared premises only, names do not overlap; same 7-digit postcode as the pin and a drinks word in the name; 愛知県知多市北浜町１６番地 〒4780046; register record open; number assigned 2015-10-05"
dewa-distillery,出羽蒸留所／DEWA Distillery,Japan,jp-houjin-bangou,8390001016635,出羽蒸留所株式会社,self,hand,high,,https://www.houjin-bangou.nta.go.jp/download/zenken/,"Dewa Distillery Co., Oguni; register address 小国町小坂町40-1 = pin address; pin website dewadistillery.com; register-checked 20 Sep 2026: 山形県西置賜郡小国町大字小国小坂町４０番地１ 〒9991363; register record open; number assigned 2021-10-13"
dewa-distillery,出羽蒸留所／DEWA Distillery,Japan,jp-houjin-bangou,7120003022972,出羽合同会社,self,kanji-name,low,,https://www.houjin-bangou.nta.go.jp/download/zenken/,kanji name equal after normalisation (出羽) but in another prefecture; 大阪府大阪市平野区加美北１丁目２３番２７号４０１号室 〒5470001; register record closed 2023-11-08 (reason code 01)
dewa-distillery,出羽蒸留所／DEWA Distillery,Japan,jp-houjin-bangou,3011802005307,有限会社出羽,self,kanji-name,low,,https://www.houjin-bangou.nta.go.jp/download/zenken/,kanji name equal after normalisation (出羽) but in another prefecture; 東京都葛飾区水元５丁目１５番１４号 〒1250032; register record open; number assigned 2015-10-05
dewa-distillery,出羽蒸留所／DEWA Distillery,Japan,jp-houjin-bangou,6011101047452,株式会社出羽,self,kanji-name,low,,https://www.houjin-bangou.nta.go.jp/download/zenken/,kanji name equal after normalisation (出羽) but in another prefecture; 東京都新宿区西新宿２丁目６番１号 〒1600023; register record open; number assigned 2015-10-05
dewa-distillery,出羽蒸留所／DEWA Distillery,Japan,jp-houjin-bangou,6390001014459,桜川酒造株式会社,self,postcode-signal,low,,https://www.houjin-bangou.nta.go.jp/download/zenken/,"shared premises only, names do not overlap; same 7-digit postcode as the pin and a drinks word in the name; 山形県西置賜郡小国町大字小国小坂町２１３番地 〒9991363; register record open; number assigned 2016-04-13"
dewa-distillery,出羽蒸留所／DEWA Distillery,Japan,jp-houjin-bangou,7390001013179,株式会社出羽,self,kanji-name,medium,,https://www.houjin-bangou.nta.go.jp/download/zenken/,kanji name equal after dropping generic words (出羽); 山形県酒田市両羽町５番地の４ 〒9980832; register record open; number assigned 2015-10-05
di-tripper-distillery,Di Tripper distillery ディ・トリッパー蒸留所,Japan,jp-houjin-bangou,3420003002188,株式会社BEHIND THE CASK,self,hand,high,,https://www.houjin-bangou.nta.go.jp/download/zenken/,"Behind the Cask Co.; NTA whisky licence 2023, trading name ディ・トリッパー蒸留所, site 函館市元町31-20 = pin address; register-checked 20 Sep 2026: 北海道函館市元町３２番５号 〒0400054; register record open; number assigned 2020-09-15"
distillery-japan,ガイアフロー静岡蒸溜所,Japan,jp-houjin-bangou,2080001018230,ガイアフロー株式会社,group,hand,high,,https://www.houjin-bangou.nta.go.jp/download/zenken/,"Gaiaflow Co., parent/importer; pin website gaiaflow.co.jp; register-checked 20 Sep 2026: 静岡県静岡市葵区落合５５５番地 〒4212223; register record open; number assigned 2015-10-05"
distillery-japan,ガイアフロー静岡蒸溜所,Japan,jp-houjin-bangou,6080001019910,ガイアフローディスティリング株式会社,self,hand,high,,https://www.houjin-bangou.nta.go.jp/download/zenken/,"Gaiaflow Distilling Co., operating company of Shizuoka distillery (Ochiai, Aoi-ku); register-checked 20 Sep 2026: 静岡県静岡市葵区落合５５５番地 〒4212223; register record open; number assigned 2015-10-05"
distillery-japan-10,比嘉酒造,Japan,jp-houjin-bangou,4360002017481,有限会社比嘉酒造,self,hand,high,,https://www.houjin-bangou.nta.go.jp/download/zenken/,"Higa Shuzo (Zanpa awamori), Yomitan; pin website zanpa.co.jp; register-checked 20 Sep 2026: 沖縄県中頭郡読谷村字長浜１０６１番地 〒9040324; register record open; number assigned 2015-10-05"
distillery-japan-10,比嘉酒造,Japan,jp-houjin-bangou,1360002018887,有限会社残波,self,romaji-bridge,low,,https://www.houjin-bangou.nta.go.jp/download/zenken/,register furigana ザンパ equals pin/domain token 'zanpa' but no drinks word and no postcode agreement (lead only); 沖縄県中頭郡読谷村字波平１７２０番地 〒9040322; register record open; number assigned 2015-10-05
distillery-japan-12,三岳酒造,Japan,jp-houjin-bangou,9340001009881,三岳酒造株式会社,self,hand,high,,https://www.houjin-bangou.nta.go.jp/download/zenken/,"Mitake Shuzo, Yakushima; pin website mitake-shochu.com; register-checked 20 Sep 2026: 鹿児島県熊毛郡屋久島町安房２６２５番地１９ 〒8914311; register record open; number assigned 2015-10-05"
distillery-japan-12,三岳酒造,Japan,jp-houjin-bangou,5340001006602,株式会社みたけ,self,romaji-bridge,low,,https://www.houjin-bangou.nta.go.jp/download/zenken/,register furigana ミタケ equals pin/domain token 'nitake' but no drinks word and no postcode agreement (lead only); 鹿児島県鹿児島市四元町１０９７番地１ 〒8992708; register record closed 2022-05-02 (reason code 11)
distillery-japan-13,The Kyoto Distillery,Japan,jp-houjin-bangou,2130001054294,株式会社京都蒸溜所,self,hand,high,,https://www.houjin-bangou.nta.go.jp/download/zenken/,The Kyoto Distillery Co. (KI NO BI gin); pin website kinobigin.com; NTA spirits licence 2016 at 南区吉祥院; register-checked 20 Sep 2026: 京都府京都市中京区河原町通二条上る清水町３５８番地 〒6040911; register record open; number assigned 2015-10-05
distillery-japan-14,二世古酒造,Japan,jp-houjin-bangou,3430002057125,有限会社二世古酒造,self,hand,high,,https://www.houjin-bangou.nta.go.jp/download/zenken/,"Niseko Shuzo Co., Kutchan; pin website niseko-shuzo.com; register-checked 20 Sep 2026: 北海道虻田郡倶知安町字旭４７番地 〒0440083; register record open; number assigned 2015-10-05"
distillery-japan-14,二世古酒造,Japan,jp-houjin-bangou,4430001051813,ニセコワイス観光株式会社,self,romaji-bridge,low,,https://www.houjin-bangou.nta.go.jp/download/zenken/,pin/domain token 'niseko' in register furigana ニセコワイスカンコウ; same postcode but no drinks word (lead only); 北海道虻田郡倶知安町字旭３９２番地 〒0440083; register record open; number assigned 2015-10-05
distillery-japan-14,二世古酒造,Japan,jp-houjin-bangou,8430001095476,Niseko Alice株式会社,self,romaji-bridge,low,,https://www.houjin-bangou.nta.go.jp/download/zenken/,pin/domain token 'niseko' in register furigana ニセコアリス; same postcode but no drinks word (lead only); 北海道虻田郡倶知安町字旭３２番地１ 〒0440083; register record open; number assigned 2025-10-16
distillery-japan-18,西酒造,Japan,jp-houjin-bangou,7340001005536,西酒造株式会社,self,hand,high,,https://www.houjin-bangou.nta.go.jp/download/zenken/,"Nishi Shuzo Co., Hioki; pin website nishi-shuzo.co.jp; register-checked 20 Sep 2026: 鹿児島県日置市吹上町与倉４９７０番地１７ 〒8993309; register record open; number assigned 2015-10-05"
distillery-japan-18,西酒造,Japan,jp-houjin-bangou,4140001078332,小西酒造株式会社,self,licence-houjin,low,,https://www.houjin-bangou.nta.go.jp/download/zenken/,"法人番号 from NTA licence list r01 (発泡酒, site 伊丹市東有岡2丁目13番地, trading name '小西酒造株式会社 富士山蔵'); prefecture differs (pin 鹿児島県, register 兵庫県); 兵庫県伊丹市東有岡２丁目１３番地 〒6640845; register record open; number assigned 2015-10-05"
distillery-japan-18,西酒造,Japan,jp-houjin-bangou,1340001006903,西酒販株式会社,self,postcode-signal,low,,https://www.houjin-bangou.nta.go.jp/download/zenken/,same 7-digit postcode as the pin and a drinks word in the name; 鹿児島県日置市吹上町与倉４９７０番地１７ 〒8993309; register record closed 2020-08-03 (reason code 11)
distillery-japan-18,西酒造,Japan,jp-houjin-bangou,8290001049876,西酒造株式会社,self,kanji-name,medium,,https://www.houjin-bangou.nta.go.jp/download/zenken/,kanji name equal once legal suffixes are removed (西酒造); 鹿児島県日置市吹上町与倉３１４２番１０ 〒8993309; register record closed 2020-08-03 (reason code 11)
distillery-japan-19,小正醸造日置蒸留所,Japan,jp-houjin-bangou,2340001000062,小正醸造株式会社,self,hand,high,,https://www.houjin-bangou.nta.go.jp/download/zenken/,"Komasa Jyozo Co., Hioki; the Hioki distillery is its main shochu site; pin website komasa.co.jp; register-checked 20 Sep 2026: 鹿児島県日置市日吉町日置３３０９番地 〒8993101; register record open; number assigned 2015-10-05"
distillery-japan-19,小正醸造日置蒸留所,Japan,jp-houjin-bangou,4340001024605,小正ホールディングス株式会社,self,romaji-bridge,low,,https://www.houjin-bangou.nta.go.jp/download/zenken/,pin/domain token 'konasa' in register furigana コマサホールディングス; same postcode but no drinks word (lead only); 鹿児島県日置市日吉町日置３３０９番地 〒8993101; register record open; number assigned 2022-04-05
distillery-japan-19,小正醸造日置蒸留所,Japan,jp-houjin-bangou,5340002004051,有限会社小正商店,self,romaji-bridge,low,,https://www.houjin-bangou.nta.go.jp/download/zenken/,register furigana コマサショウテン equals pin/domain token 'konasa' but no drinks word and no postcode agreement (lead only); 鹿児島県鹿児島市下荒田１丁目６番３号 〒8900056; register record open; number assigned 2015-10-05
distillery-japan-2,Kirishima Shuzo,Japan,jp-houjin-bangou,3350001012675,霧島酒造株式会社,self,hand,high,,https://www.houjin-bangou.nta.go.jp/download/zenken/,"Kirishima Shuzo Co., Miyakonojo; pin website kirishima.co.jp; register-checked 20 Sep 2026: 宮崎県都城市下川東４丁目２８号１番 〒8850011; register record open; number assigned 2015-10-05"
distillery-japan-2,Kirishima Shuzo,Japan,jp-houjin-bangou,1350002018491,有限会社霧島,self,romaji-bridge,low,,https://www.houjin-bangou.nta.go.jp/download/zenken/,register furigana キリシマ equals pin/domain token 'kirisina' but no drinks word and no postcode agreement (lead only); 宮崎県小林市南西方９６５番地１４ 〒8860005; register record open; number assigned 2015-10-05
distillery-japan-2,Kirishima Shuzo,Japan,jp-houjin-bangou,1350003002081,合同会社霧島,self,romaji-bridge,low,,https://www.houjin-bangou.nta.go.jp/download/zenken/,register furigana キリシマ equals pin/domain token 'kirisina' but no drinks word and no postcode agreement (lead only); 宮崎県都城市山田町山田１１０３１番地１５ 〒8894601; register record open; number assigned 2015-10-05
distillery-japan-2,Kirishima Shuzo,Japan,jp-houjin-bangou,2350003004309,合同会社きりしま,self,romaji-bridge,low,,https://www.houjin-bangou.nta.go.jp/download/zenken/,register furigana キリシマ equals pin/domain token 'kirisina' but no drinks word and no postcode agreement (lead only); 宮崎県都城市高野町１５８４番地 〒8850221; register record open; number assigned 2023-03-07
distillery-japan-2,Kirishima Shuzo,Japan,jp-houjin-bangou,3350002018259,有限会社きりしま,self,romaji-bridge,low,,https://www.houjin-bangou.nta.go.jp/download/zenken/,register furigana キリシマ equals pin/domain token 'kirisina' but no drinks word and no postcode agreement (lead only); 宮崎県小林市野尻町三ケ野山３２７３番地 〒8860213; register record open; number assigned 2015-10-05
distillery-japan-2,Kirishima Shuzo,Japan,jp-houjin-bangou,4350001010075,株式会社キリシマ,self,romaji-bridge,low,,https://www.houjin-bangou.nta.go.jp/download/zenken/,register furigana キリシマ equals pin/domain token 'kirisina' but no drinks word and no postcode agreement (lead only); 宮崎県えびの市大字原田１３９７番地４ 〒8894301; register record closed 2020-04-09 (reason code 01)
distillery-japan-2,Kirishima Shuzo,Japan,jp-houjin-bangou,5350001014785,株式会社KIRISHIMA,self,romaji-bridge,low,,https://www.houjin-bangou.nta.go.jp/download/zenken/,register furigana キリシマ equals pin/domain token 'kirisina' but no drinks word and no postcode agreement (lead only); 宮崎県都城市丸谷町２７２５番地１ 〒8851105; register record closed 2023-02-08 (reason code 01)
distillery-japan-20,小正醸造嘉之助蒸溜所,Japan,jp-houjin-bangou,2340001000062,小正醸造株式会社,group,hand,high,,https://www.houjin-bangou.nta.go.jp/download/zenken/,"Komasa Jyozo, parent shochu house (Hioki); register-checked 20 Sep 2026: 鹿児島県日置市日吉町日置３３０９番地 〒8993101; register record open; number assigned 2015-10-05"
distillery-japan-20,小正醸造嘉之助蒸溜所,Japan,jp-houjin-bangou,9340001023759,小正嘉之助蒸溜所株式会社,self,hand,high,,https://www.houjin-bangou.nta.go.jp/download/zenken/,Komasa Kanosuke Distillery Co.; pin website kanosuke.com; register-checked 20 Sep 2026: 鹿児島県日置市日吉町神之川８４５番地３ 〒8992421; register record open; number assigned 2021-05-17
distillery-japan-21,Satsuma Musou,Japan,jp-houjin-bangou,3340001001910,さつま無双株式会社,self,hand,high,,https://www.houjin-bangou.nta.go.jp/download/zenken/,"Satsuma Musou Co., Kagoshima city; pin website satsumamusou.co.jp; register-checked 20 Sep 2026: 鹿児島県鹿児島市七ツ島１丁目１番１７ 〒8910132; register record open; number assigned 2015-10-05"
distillery-japan-21,Satsuma Musou,Japan,jp-houjin-bangou,1340001011960,株式会社さつま,self,romaji-bridge,low,,https://www.houjin-bangou.nta.go.jp/download/zenken/,register furigana サツマ equals pin/domain token 'satuna' but no drinks word and no postcode agreement (lead only); 鹿児島県阿久根市赤瀬川３８４３番地 〒8991611; register record open; number assigned 2015-10-05
distillery-japan-21,Satsuma Musou,Japan,jp-houjin-bangou,5340003001782,合同会社SATSUMA,self,romaji-bridge,low,,https://www.houjin-bangou.nta.go.jp/download/zenken/,register furigana サツマ equals pin/domain token 'satuna' but no drinks word and no postcode agreement (lead only); 鹿児島県鹿児島市山下町１２番１２号一二三ビル２０８号 〒8920816; register record open; number assigned 2015-10-05
distillery-japan-21,Satsuma Musou,Japan,jp-houjin-bangou,6340001022202,株式会社SATUMA,self,romaji-bridge,low,,https://www.houjin-bangou.nta.go.jp/download/zenken/,register furigana サツマ equals pin/domain token 'satuna' but no drinks word and no postcode agreement (lead only); 鹿児島県霧島市国分下井２０８４番地 〒8994463; register record open; number assigned 2019-08-13
distillery-japan-21,Satsuma Musou,Japan,jp-houjin-bangou,6340002016319,有限会社薩摩,self,romaji-bridge,low,,https://www.houjin-bangou.nta.go.jp/download/zenken/,register furigana サツマ equals pin/domain token 'satuna' but no drinks word and no postcode agreement (lead only); 鹿児島県姶良市平松２２０３番地５ 〒8995652; register record open; number assigned 2015-10-05
distillery-japan-21,Satsuma Musou,Japan,jp-houjin-bangou,7011501025528,株式会社honeyboy&co.,self,licence-houjin,medium,,https://www.houjin-bangou.nta.go.jp/download/zenken/,"ambiguous: 2 companies match equally; 法人番号 from NTA licence list r04 (リキュール, site 鹿児島市荒田二丁目40番17号, trading name '株式会社honeyboy&co.Satsuma Craft'); 鹿児島県鹿児島市荒田２丁目４０－１７－１Ｆ 〒8900054; register record open; number assigned 2020-01-27"
distillery-japan-21,Satsuma Musou,Japan,jp-houjin-bangou,6340001012590,薩摩酒造株式会社,self,romaji-bridge,medium,,https://www.houjin-bangou.nta.go.jp/download/zenken/,ambiguous: 2 companies match equally; register furigana サツマシュゾウ equals pin/domain token 'satuna' once drinks words are removed; drinks word in name; 鹿児島県枕崎市立神本町２６番地 〒8980025; register record open; number assigned 2015-10-05
distillery-japan-22,薩摩酒造火の神蒸溜所,Japan,jp-houjin-bangou,6340001012590,薩摩酒造株式会社,operator,hand,high,,https://www.houjin-bangou.nta.go.jp/download/zenken/,"Satsuma Shuzo, Makurazaki; Hinokami distillery licensed for whisky 2021 (NTA list); register-checked 20 Sep 2026: 鹿児島県枕崎市立神本町２６番地 〒8980025; register record open; number assigned 2015-10-05"
distillery-japan-23,佐多宗二商店,Japan,jp-houjin-bangou,7340002024584,有限会社佐多宗二商店,self,hand,high,,https://www.houjin-bangou.nta.go.jp/download/zenken/,"Sata Soji Shoten (Akayane), Minamikyushu; pin website akayane.co.jp; register-checked 20 Sep 2026: 鹿児島県南九州市頴娃町別府４９１０番地 〒8910704; register record open; number assigned 2015-10-05"
distillery-japan-23,佐多宗二商店,Japan,jp-houjin-bangou,2340001012982,株式会社佐多酒販,self,postcode-signal,low,,https://www.houjin-bangou.nta.go.jp/download/zenken/,"shared premises only, names do not overlap; same 7-digit postcode as the pin and a drinks word in the name; 鹿児島県南九州市頴娃町別府４９１０番地 〒8910704; register record open; number assigned 2015-10-05"
distillery-japan-24,紅櫻蒸溜所,Japan,jp-houjin-bangou,5430001075258,紅櫻蒸溜所株式会社,self,hand,high,,https://www.houjin-bangou.nta.go.jp/download/zenken/,Benizakura Distillery Co.; register address 札幌市南区澄川389-6 = pin address; pin website hlwhisky.co.jp (Hokkaido Liberty Whisky brand); register-checked 20 Sep 2026: 北海道札幌市南区澄川３８９番地６ 〒0050007; register record open; number assigned 2017-10-31
distillery-japan-24,紅櫻蒸溜所,Japan,jp-houjin-bangou,8010501040222,紅櫻株式会社,self,kanji-name,low,,https://www.houjin-bangou.nta.go.jp/download/zenken/,kanji name equal after normalisation (紅櫻) but in another prefecture; 東京都葛飾区鎌倉１丁目３５番１１号 〒1250053; register record open; number assigned 2016-11-02
distillery-japan-25,濱田酒造,Japan,jp-houjin-bangou,4340001009011,濵田酒造株式会社,self,hand,high,,https://www.houjin-bangou.nta.go.jp/download/zenken/,"Hamada Shuzo Co. (register spelling 濵田), Ichikikushikino (Denbee-gura); pin website hamadasyuzou.co.jp; register-checked 20 Sep 2026: 鹿児島県いちき串木野市湊町４丁目１番地 〒8992101; register record open; number assigned 2015-10-05"
distillery-japan-25,濱田酒造,Japan,jp-houjin-bangou,3340002017889,有限会社白石酒造,self,postcode-signal,low,,https://www.houjin-bangou.nta.go.jp/download/zenken/,"shared premises only, names do not overlap; same 7-digit postcode as the pin and a drinks word in the name; 鹿児島県いちき串木野市湊町１丁目３４２番地 〒8992101; register record open; number assigned 2015-10-05"
distillery-japan-25,濱田酒造,Japan,jp-houjin-bangou,4340001009036,若松酒造株式会社,self,postcode-signal,low,,https://www.houjin-bangou.nta.go.jp/download/zenken/,"shared premises only, names do not overlap; same 7-digit postcode as the pin and a drinks word in the name; 鹿児島県いちき串木野市湊町１丁目１８２番地 〒8992101; register record open; number assigned 2015-10-05"
distillery-japan-25,濱田酒造,Japan,jp-houjin-bangou,9340001009031,大和桜酒造株式会社,self,postcode-signal,low,,https://www.houjin-bangou.nta.go.jp/download/zenken/,"shared premises only, names do not overlap; same 7-digit postcode as the pin and a drinks word in the name; 鹿児島県いちき串木野市湊町３丁目１２５番地 〒8992101; register record open; number assigned 2015-10-05"
distillery-japan-26,Takara Shuzo Shimabara Factory,Japan,jp-houjin-bangou,4130001014981,宝ホールディングス株式会社,group,hand,high,,https://www.houjin-bangou.nta.go.jp/download/zenken/,"Takara Holdings, parent; register-checked 20 Sep 2026: 京都府京都市下京区四条通烏丸東入長刀鉾町２０番地 〒6008008; register record open; number assigned 2015-10-05"
distillery-japan-26,Takara Shuzo Shimabara Factory,Japan,jp-houjin-bangou,5130001024146,宝酒造株式会社,operator,hand,high,,https://www.houjin-bangou.nta.go.jp/download/zenken/,"Takara Shuzo Co. (Kyoto HQ) runs the Shimabara plant, Nagasaki; register-checked 20 Sep 2026: 京都府京都市伏見区竹中町６０９番地 〒6128061; register record open; number assigned 2015-10-05"
distillery-japan-28,薩摩酒造 花渡川蒸溜所,Japan,jp-houjin-bangou,6340001012590,薩摩酒造株式会社,operator,hand,high,,https://www.houjin-bangou.nta.go.jp/download/zenken/,"Satsuma Shuzo, Makurazaki; Kedogawa distillery (Meijigura); register-checked 20 Sep 2026: 鹿児島県枕崎市立神本町２６番地 〒8980025; register record open; number assigned 2015-10-05"
distillery-japan-29,奄美大島酒造,Japan,jp-houjin-bangou,5340001010471,奄美大島酒造株式会社,self,hand,high,,https://www.houjin-bangou.nta.go.jp/download/zenken/,Amami Oshima Shuzo (Jougo); pin website jougo.co.jp; register-checked 20 Sep 2026: 鹿児島県奄美市名瀬入舟町８番２１号 〒8940034; register record open; number assigned 2015-10-05
distillery-japan-3,Machida Shuzo,Japan,jp-houjin-bangou,4340001010737,町田酒造株式会社,self,hand,high,,https://www.houjin-bangou.nta.go.jp/download/zenken/,"Machida Shuzo (Sato no Akebono), Amami; register-checked 20 Sep 2026: 鹿児島県大島郡龍郷町大勝３３２１番地 〒8940105; register record open; number assigned 2015-10-05"
distillery-japan-30,薩摩金山蔵,Japan,jp-houjin-bangou,4340001009011,濵田酒造株式会社,group,hand,high,,https://www.houjin-bangou.nta.go.jp/download/zenken/,"Hamada Shuzo (濵田酒造), Ichikikushikino; Satsuma Kinzangura is its gold-mine site, run through 薩摩金山蔵株式会社 (kanji-name row); register-checked 20 Sep 2026: 鹿児島県いちき串木野市湊町４丁目１番地 〒8992101; register record open; number assigned 2015-10-05"
distillery-japan-30,薩摩金山蔵,Japan,jp-houjin-bangou,2340001008980,薩摩金山蔵株式会社,self,kanji-name,low,,https://www.houjin-bangou.nta.go.jp/download/zenken/,site is group-run per the hand row; name match is a lead; kanji name equal once legal suffixes are removed (薩摩金山蔵); 鹿児島県いちき串木野市野下１３６６５番地 〒8960073; register record open; number assigned 2015-10-05
distillery-japan-31,月光川蒸留所,Japan,jp-houjin-bangou,7390001006769,楯の川酒造株式会社,operator,hand,high,,https://www.houjin-bangou.nta.go.jp/download/zenken/,"Tatenokawa Shuzo, Sakata; Gakkogawa distillery (Yuza) is its gin/whisky site; pin website gakkogawa.com; register-checked 20 Sep 2026: 山形県酒田市山楯字清水田２７番地 〒9996724; register record open; number assigned 2015-10-05"
distillery-japan-31,月光川蒸留所,Japan,jp-houjin-bangou,5390001016729,月光川蒸留所株式会社,self,kanji-name,low,,https://www.houjin-bangou.nta.go.jp/download/zenken/,site is group-run per the hand row; name match is a lead; kanji name equal once legal suffixes are removed (月光川); 山形県飽海郡遊佐町菅里字菅野３７番地１４ 〒9998531; register record open; number assigned 2021-12-27
distillery-japan-32,遊佐蒸留所,Japan,jp-houjin-bangou,5390001006168,株式会社金龍,operator,hand,high,,https://www.houjin-bangou.nta.go.jp/download/zenken/,Kinryu Co. (Yamagata sake/shochu house) built and runs Yuza distillery; pin website yuza-disty.jp; register-checked 20 Sep 2026: 山形県酒田市黒森字草刈谷地１８０番地の１ 〒9980111; register record open; number assigned 2015-10-05
distillery-japan-32,遊佐蒸留所,Japan,jp-houjin-bangou,3370003003968,合同会社遊佐,self,kanji-name,low,,https://www.houjin-bangou.nta.go.jp/download/zenken/,kanji name equal after normalisation (遊佐) but in another prefecture; 宮城県宮城郡利府町しらかし台５丁目５番地４ 〒9810134; register record open; number assigned 2017-10-16
distillery-japan-32,遊佐蒸留所,Japan,jp-houjin-bangou,4370001044162,株式会社遊佐,self,kanji-name,low,,https://www.houjin-bangou.nta.go.jp/download/zenken/,kanji name equal after normalisation (遊佐) but in another prefecture; 宮城県栗原市一迫柳目字曽根寺町東２３番地１ 〒9872309; register record open; number assigned 2019-03-25
distillery-japan-32,遊佐蒸留所,Japan,jp-houjin-bangou,5011001117174,株式会社遊佐,self,kanji-name,low,,https://www.houjin-bangou.nta.go.jp/download/zenken/,kanji name equal after normalisation (遊佐) but in another prefecture; 東京都目黒区鷹番２丁目３番８号 〒1520004; register record open; number assigned 2017-07-07
distillery-japan-32,遊佐蒸留所,Japan,jp-houjin-bangou,5020003017118,合同会社遊佐,self,kanji-name,low,,https://www.houjin-bangou.nta.go.jp/download/zenken/,kanji name equal after normalisation (遊佐) but in another prefecture; 神奈川県横浜市青葉区荏子田１丁目８－７ 〒2250005; register record open; number assigned 2019-12-25
distillery-japan-32,遊佐蒸留所,Japan,jp-houjin-bangou,7020002010914,有限会社遊佐,self,kanji-name,low,,https://www.houjin-bangou.nta.go.jp/download/zenken/,kanji name equal after normalisation (遊佐) but in another prefecture; 神奈川県横浜市磯子区岡村４丁目２７番２０号 〒2350021; register record open; number assigned 2015-10-05
distillery-japan-33,"Miyakonojo Shuzo Co., Ltd.",Japan,jp-houjin-bangou,9350001008817,株式会社都城酒造,self,hand,high,,https://www.houjin-bangou.nta.go.jp/download/zenken/,Miyakonojo Shuzo Co.; pin website ms-c.co.jp; register-checked 20 Sep 2026: 宮崎県都城市乙房町２８８７番地１ 〒8850112; register record open; number assigned 2015-10-05
distillery-japan-4,中井酒造株式会社,Japan,jp-houjin-bangou,8270001005088,中井酒造株式会社,self,hand,high,,https://www.houjin-bangou.nta.go.jp/download/zenken/,"Nakai Shuzo Co., Kurayoshi (sanin-sake.jp); register-checked 20 Sep 2026: 鳥取県倉吉市中河原５５５番地 〒6820856; register record open; number assigned 2015-10-05"
distillery-japan-4,中井酒造株式会社,Japan,jp-houjin-bangou,4190001031591,株式会社中井酒造,self,kanji-name,low,,https://www.houjin-bangou.nta.go.jp/download/zenken/,kanji name equal after normalisation (中井酒造) but in another prefecture; 大阪府大阪市浪速区難波中３丁目９番３－３０８号 〒5560011; register record open; number assigned 2024-08-28
distillery-japan-4,中井酒造株式会社,Japan,jp-houjin-bangou,3270003001544,合同会社山印,self,romaji-bridge,low,,https://www.houjin-bangou.nta.go.jp/download/zenken/,register furigana サンイン equals pin/domain token 'sanin' but no drinks word and no postcode agreement (lead only); 鳥取県米子市西福原４丁目５番５０号 〒6830805; register record open; number assigned 2023-08-04
distillery-japan-5,沼津蒸留所,Japan,jp-houjin-bangou,9080101021243,株式会社FLAVOUR,self,hand,high,,https://www.houjin-bangou.nta.go.jp/download/zenken/,"FLAVOUR Co.; NTA spirits licence 2020, trading name 株式会社FLAVOUR沼津蒸留所, site 沼津市上土町8 = pin address; pin website flavour.jp; register-checked 20 Sep 2026: 静岡県沼津市上土町８ 〒4100802; register record open; number assigned 2019-07-08"
distillery-japan-5,沼津蒸留所,Japan,jp-houjin-bangou,6011702008968,有限会社沼津,self,kanji-name,low,,https://www.houjin-bangou.nta.go.jp/download/zenken/,kanji name equal after normalisation (沼津) but in another prefecture; 東京都江戸川区西瑞江５丁目８番地９ 〒1340015; register record open; number assigned 2015-10-05
distillery-japan-7,Nekka (Oku-Aizu Distillery),Japan,jp-houjin-bangou,5380003003676,合同会社ねっか,self,hand,high,,https://www.houjin-bangou.nta.go.jp/download/zenken/,"Nekka LLC, Tadami; pin website nekka.jp; register-checked 20 Sep 2026: 福島県南会津郡只見町大字梁取字沖９９８番 〒9680603; register record open; number assigned 2016-07-19"
distillery-japan-8,屋久島伝承蔵 本坊酒造,Japan,jp-houjin-bangou,6340001003887,本坊酒造株式会社,operator,hand,high,,https://www.houjin-bangou.nta.go.jp/download/zenken/,Hombo Shuzo; Yakushima Denshogura is its shochu/whisky ageing site on Yakushima; register-checked 20 Sep 2026: 鹿児島県鹿児島市南栄３丁目２７番地 〒8910122; register record open; number assigned 2015-10-05
distillery-japan-8,屋久島伝承蔵 本坊酒造,Japan,jp-houjin-bangou,7340001003886,株式会社本坊商店,self,romaji-bridge,low,,https://www.houjin-bangou.nta.go.jp/download/zenken/,register furigana ホンボウショウテン equals pin/domain token 'honbo' but no drinks word and no postcode agreement (lead only); 鹿児島県鹿児島市錦江町８番５６号 〒8920836; register record open; number assigned 2015-10-05
distillery-japan-8,屋久島伝承蔵 本坊酒造,Japan,jp-houjin-bangou,9340002011259,有限会社ホンボー,self,romaji-bridge,low,,https://www.houjin-bangou.nta.go.jp/download/zenken/,register furigana ホンボー equals pin/domain token 'honbo' but no drinks word and no postcode agreement (lead only); 鹿児島県鹿児島市坂之上７丁目３２番４１号 〒8910150; register record open; number assigned 2015-10-05
distillery-japan-8,屋久島伝承蔵 本坊酒造,Japan,jp-houjin-bangou,9340001009881,三岳酒造株式会社,self,postcode-signal,low,,https://www.houjin-bangou.nta.go.jp/download/zenken/,"shared premises only, names do not overlap; same 7-digit postcode as the pin and a drinks word in the name; 鹿児島県熊毛郡屋久島町安房２６２５番地１９ 〒8914311; register record open; number assigned 2015-10-05"
distillery-japan-9,伊江島蒸留所,Japan,jp-houjin-bangou,5360003008776,合同会社伊江島,self,kanji-name,medium,,https://www.houjin-bangou.nta.go.jp/download/zenken/,kanji name equal after dropping generic words (伊江島); 沖縄県国頭郡伊江村字川平４９８番地伊江漁業協同組合内 〒9050503; register record open; number assigned 2018-04-06
donan-distillery,Donan Distillery,Japan,jp-houjin-bangou,7360003005094,株式会社どなん酒造,self,hand,high,,https://www.houjin-bangou.nta.go.jp/download/zenken/,"Donan Shuzo, Yonaguni; register furigana ドナンシュゾウ, same postcode as the pin; pin website donan.thebase.in; register-checked 20 Sep 2026: 沖縄県八重山郡与那国町字与那国２０８７番地 〒9071801; register record open; number assigned 2015-10-05"
donan-distillery,Donan Distillery,Japan,jp-houjin-bangou,4360001013300,入波平酒造株式会社,self,postcode-signal,low,,https://www.houjin-bangou.nta.go.jp/download/zenken/,"shared premises only, names do not overlap; same 7-digit postcode as the pin and a drinks word in the name; 沖縄県八重山郡与那国町字与那国１５８番地の１ 〒9071801; register record open; number assigned 2015-10-05"
donan-distillery,Donan Distillery,Japan,jp-houjin-bangou,6360003005095,合名会社崎元酒造所,self,postcode-signal,low,,https://www.houjin-bangou.nta.go.jp/download/zenken/,"shared premises only, names do not overlap; same 7-digit postcode as the pin and a drinks word in the name; 沖縄県八重山郡与那国町字与那国２３２９番地 〒9071801; register record open; number assigned 2015-10-05"
donan-distillery,Donan Distillery,Japan,jp-houjin-bangou,7360003005111,合資会社崎元酒造所,self,postcode-signal,low,,https://www.houjin-bangou.nta.go.jp/download/zenken/,same 7-digit postcode as the pin and a drinks word in the name; 沖縄県八重山郡与那国町字与那国３６２番地の１ 〒9071801; register record closed 2016-02-01 (reason code 21)
echigo-yakuso-distillery,Echigo Yakuso Distillery,Japan,jp-houjin-bangou,9110001018864,株式会社越後薬草,self,hand,high,,https://www.houjin-bangou.nta.go.jp/download/zenken/,"Echigo Yakuso Co., Joetsu (YASO gin); pin website yaso80gin.jp; register-checked 20 Sep 2026: 新潟県上越市大字小猿屋７３番地 〒9420055; register record open; number assigned 2015-10-05"
echigo-yakuso-distillery,Echigo Yakuso Distillery,Japan,jp-houjin-bangou,5110001031912,株式会社越後薬草販売,self,romaji-bridge,low,,https://www.houjin-bangou.nta.go.jp/download/zenken/,pin/domain token 'etigo' in register furigana エチゴヤクソウハンバイ; same postcode but no drinks word (lead only); 新潟県上越市大字小猿屋７３番地 〒9420055; register record open; number assigned 2016-11-10
echigo-yakuso-distillery,Echigo Yakuso Distillery,Japan,jp-houjin-bangou,7110001000725,株式会社越後屋酒店,self,romaji-bridge,low,,https://www.houjin-bangou.nta.go.jp/download/zenken/,pin/domain token 'etigo' in register furigana エチゴヤサケテン (core 'etigoya'); drinks word in name; 新潟県新潟市東区太平３丁目１４番地１２ 〒9500005; register record closed 2020-05-19 (reason code 01)
echigo-yakuso-distillery,Echigo Yakuso Distillery,Japan,jp-houjin-bangou,4110001007731,株式会社越後酒造場,self,romaji-bridge,medium,,https://www.houjin-bangou.nta.go.jp/download/zenken/,ambiguous: 3 companies match equally; register furigana エチゴシュゾウジョウ equals pin/domain token 'etigo' once drinks words are removed; drinks word in name; 新潟県新潟市北区葛塚３３０６番地１ 〒9503321; register record open; number assigned 2015-10-05
echigo-yakuso-distillery,Echigo Yakuso Distillery,Japan,jp-houjin-bangou,4110001008226,エチゴビール株式会社,self,romaji-bridge,medium,,https://www.houjin-bangou.nta.go.jp/download/zenken/,ambiguous: 3 companies match equally; register furigana エチゴビール equals pin/domain token 'etigo' once drinks words are removed; drinks word in name; 新潟県新潟市西蒲区松山２番地 〒9530016; register record open; number assigned 2015-10-05
echigo-yakuso-distillery,Echigo Yakuso Distillery,Japan,jp-houjin-bangou,7110001026200,越後ワイン株式会社,self,romaji-bridge,medium,,https://www.houjin-bangou.nta.go.jp/download/zenken/,ambiguous: 3 companies match equally; register furigana エチゴワイン equals pin/domain token 'etigo' once drinks words are removed; drinks word in name; 新潟県南魚沼市茗荷沢１１１１番地１ 〒9497231; register record open; number assigned 2015-10-05
eigashima-whiskey-distillery-white-oak-distillery,Eigashima Whiskey Distillery(旧White Oak Distillery),Japan,jp-houjin-bangou,5140001034581,江井ケ嶋酒造株式会社,self,hand,high,,https://www.houjin-bangou.nta.go.jp/download/zenken/,"Eigashima Shuzo Co. (register spelling 江井ケ嶋), Akashi; White Oak distillery; pin website ei-sake.jp; register-checked 20 Sep 2026: 兵庫県明石市大久保町西島９１９番地 〒6740065; register record open; number assigned 2015-10-05"
eigashima-whiskey-distillery-white-oak-distillery,Eigashima Whiskey Distillery(旧White Oak Distillery),Japan,jp-houjin-bangou,3140002028444,有限会社江井島鉄工所,self,romaji-bridge,low,,https://www.houjin-bangou.nta.go.jp/download/zenken/,pin/domain token 'eigasina' in register furigana エイガシマテッコウショ; same postcode but no drinks word (lead only); 兵庫県明石市大久保町西島８２２番地の８ 〒6740065; register record open; number assigned 2015-10-05
eigashima-whiskey-distillery-white-oak-distillery,Eigashima Whiskey Distillery(旧White Oak Distillery),Japan,jp-houjin-bangou,4140005005431,明石酒造協同組合,self,postcode-signal,low,,https://www.houjin-bangou.nta.go.jp/download/zenken/,"shared premises only, names do not overlap; same 7-digit postcode as the pin and a drinks word in the name; 兵庫県明石市大久保町西島９１９番地江井ケ嶋酒造株式会社内 〒6740065; register record open; number assigned 2015-10-05"
eigashima-whiskey-distillery-white-oak-distillery,Eigashima Whiskey Distillery(旧White Oak Distillery),Japan,jp-houjin-bangou,6140001034580,あかねリカー株式会社,self,postcode-signal,low,,https://www.houjin-bangou.nta.go.jp/download/zenken/,"shared premises only, names do not overlap; same 7-digit postcode as the pin and a drinks word in the name; 兵庫県明石市大久保町西島９０２番地の１ 〒6740065; register record open; number assigned 2015-10-05"
eigashima-whiskey-distillery-white-oak-distillery,Eigashima Whiskey Distillery(旧White Oak Distillery),Japan,jp-houjin-bangou,6140001035083,大和酒造株式会社,self,postcode-signal,low,,https://www.houjin-bangou.nta.go.jp/download/zenken/,"shared premises only, names do not overlap; same 7-digit postcode as the pin and a drinks word in the name; 兵庫県明石市大久保町西島１０６３番地の２ 〒6740065; register record open; number assigned 2015-10-05"
eigashima-whiskey-distillery-white-oak-distillery,Eigashima Whiskey Distillery(旧White Oak Distillery),Japan,jp-houjin-bangou,6140001117229,明石ビール株式会社,self,postcode-signal,low,,https://www.houjin-bangou.nta.go.jp/download/zenken/,"shared premises only, names do not overlap; same 7-digit postcode as the pin and a drinks word in the name; 兵庫県明石市大久保町西島１１９４番地 〒6740065; register record open; number assigned 2020-04-24"
eigashima-whiskey-distillery-white-oak-distillery,Eigashima Whiskey Distillery(旧White Oak Distillery),Japan,jp-houjin-bangou,6140005005470,明石酒造組合,self,postcode-signal,low,,https://www.houjin-bangou.nta.go.jp/download/zenken/,"shared premises only, names do not overlap; same 7-digit postcode as the pin and a drinks word in the name; 兵庫県明石市大久保町西島９１９番地江井ケ嶋酒造株式会社内 〒6740065; register record open; number assigned 2015-10-05"
eigashima-whiskey-distillery-white-oak-distillery,Eigashima Whiskey Distillery(旧White Oak Distillery),Japan,jp-houjin-bangou,8140001034447,明石ブルワリー株式会社,self,postcode-signal,low,,https://www.houjin-bangou.nta.go.jp/download/zenken/,same 7-digit postcode as the pin and a drinks word in the name; 兵庫県明石市大久保町西島１１９４番地 〒6740065; register record closed 2020-12-07 (reason code 01)
eigashima-whiskey-distillery-white-oak-distillery,Eigashima Whiskey Distillery(旧White Oak Distillery),Japan,jp-houjin-bangou,9140002029197,有限会社田中満酒店,self,postcode-signal,low,,https://www.houjin-bangou.nta.go.jp/download/zenken/,"shared premises only, names do not overlap; same 7-digit postcode as the pin and a drinks word in the name; 兵庫県明石市大久保町西島２０２番地の３ 〒6740065; register record open; number assigned 2015-10-05"
fugaku-distillery-sasakawa-whisky-co-ltd,"Fugaku Distillery_SASAKAWA WHISKY CO.,LTD",Japan,jp-houjin-bangou,4010401158845,SASAKAWA WHISKY株式会社,self,hand,high,,https://www.houjin-bangou.nta.go.jp/download/zenken/,"Sasakawa Whisky Co., Fujiyoshida; NTA whisky licence 2023 at 富士吉田市上吉田4918-1 = pin address; pin website sasakawa-whisky.jp; register-checked 20 Sep 2026: 東京都渋谷区渋谷３丁目１番１号 〒1500002; register record open; number assigned 2021-03-16"
fugaku-distillery-sasakawa-whisky-co-ltd,"Fugaku Distillery_SASAKAWA WHISKY CO.,LTD",Japan,jp-houjin-bangou,7090001009983,株式会社富岳貸切自動車,self,romaji-bridge,low,,https://www.houjin-bangou.nta.go.jp/download/zenken/,pin/domain token 'hugaku' in register furigana フガクカシキリジドウシャ; same postcode but no drinks word (lead only); 山梨県富士吉田市上吉田１丁目１０番１９号 〒4030005; register record open; number assigned 2015-10-05
fugaku-distillery-sasakawa-whisky-co-ltd,"Fugaku Distillery_SASAKAWA WHISKY CO.,LTD",Japan,jp-houjin-bangou,2090001009625,川村酒類販売株式会社,self,postcode-signal,low,,https://www.houjin-bangou.nta.go.jp/download/zenken/,"shared premises only, names do not overlap; same 7-digit postcode as the pin and a drinks word in the name; 山梨県富士吉田市上吉田３丁目１５番２２号 〒4030005; register record open; number assigned 2015-10-05"
fukagawa-distillery,Fukagawa Distillery,Japan,jp-houjin-bangou,3010601060901,株式会社深川蒸留所,self,hand,high,,https://www.houjin-bangou.nta.go.jp/download/zenken/,"Fukagawa Distillery Co., Koto-ku Hirano 2-3-15 = pin address; pin website fukagawa-distillery.tokyo; register-checked 20 Sep 2026: 東京都江東区平野２丁目３番１５号 〒1350023; register record open; number assigned 2022-04-01"
fukagawa-distillery,Fukagawa Distillery,Japan,jp-houjin-bangou,3010502009535,有限会社深川,self,romaji-bridge,low,,https://www.houjin-bangou.nta.go.jp/download/zenken/,register furigana フカガワ equals pin/domain token 'hukagawa' but no drinks word and no postcode agreement (lead only); 東京都台東区東上野３丁目２番５号 〒1100015; register record closed 2022-09-27 (reason code 01)
fukagawa-distillery,Fukagawa Distillery,Japan,jp-houjin-bangou,3010601059646,株式会社深川研究所,self,romaji-bridge,low,,https://www.houjin-bangou.nta.go.jp/download/zenken/,register furigana フカガワケンキュウショ equals pin/domain token 'hukagawa' but no drinks word and no postcode agreement (lead only); 東京都江東区石島２０番８号 〒1350014; register record open; number assigned 2021-07-13
fukagawa-distillery,Fukagawa Distillery,Japan,jp-houjin-bangou,5010601005532,深川株式会社,self,romaji-bridge,low,,https://www.houjin-bangou.nta.go.jp/download/zenken/,register furigana フカガワ equals pin/domain token 'hukagawa' but no drinks word and no postcode agreement (lead only); 東京都江東区東陽３丁目２３番２６号 〒1350016; register record closed 2024-06-24 (reason code 01)
fukagawa-distillery,Fukagawa Distillery,Japan,jp-houjin-bangou,7010601006009,株式会社フカガワ,self,romaji-bridge,low,,https://www.houjin-bangou.nta.go.jp/download/zenken/,register furigana フカガワ equals pin/domain token 'hukagawa' but no drinks word and no postcode agreement (lead only); 東京都江東区北砂１丁目８番１０号サンライズ１０１号室 〒1360073; register record closed 2024-07-04 (reason code 01)
fukagawa-distillery,Fukagawa Distillery,Japan,jp-houjin-bangou,9010003037583,合同会社深川,self,romaji-bridge,low,,https://www.houjin-bangou.nta.go.jp/download/zenken/,register furigana フカガワ equals pin/domain token 'hukagawa' but no drinks word and no postcode agreement (lead only); 東京都中央区京橋１丁目４番１１－５０２号 〒1040031; register record open; number assigned 2022-05-02
fukano-shuzo-distillery,Fukano Shuzo Distillery,Japan,jp-houjin-bangou,1330001016226,深野酒造株式会社,self,hand,high,,https://www.houjin-bangou.nta.go.jp/download/zenken/,"Fukano Shuzo Co., Hitoyoshi; pin website fukanowhisky.com; register-checked 20 Sep 2026: 熊本県人吉市合ノ原町３３３番地 〒8680026; register record open; number assigned 2015-10-05"
fukano-shuzo-distillery,Fukano Shuzo Distillery,Japan,jp-houjin-bangou,7330001016039,高橋酒造株式会社,self,postcode-signal,low,,https://www.houjin-bangou.nta.go.jp/download/zenken/,"shared premises only, names do not overlap; same 7-digit postcode as the pin and a drinks word in the name; 熊本県人吉市合ノ原町４９８番地 〒8680026; register record open; number assigned 2015-10-05"
furusawa-distillery,Furusawa Distillery,Japan,jp-houjin-bangou,1350001009541,株式会社ニチナン,self,romaji-bridge,low,,https://www.houjin-bangou.nta.go.jp/download/zenken/,register furigana ニチナン equals pin/domain token 'nitinan' but no drinks word and no postcode agreement (lead only); 宮崎県日南市大字平山２２３７番地３ 〒8870033; register record open; number assigned 2015-10-05
furusawa-distillery,Furusawa Distillery,Japan,jp-houjin-bangou,4350003001659,三嶋酒造合名会社,self,postcode-signal,low,,https://www.houjin-bangou.nta.go.jp/download/zenken/,"shared premises only, names do not overlap; same 7-digit postcode as the pin and a drinks word in the name; 宮崎県日南市大堂津３丁目２番２５号 〒8893141; register record open; number assigned 2023-08-31"
furusawa-distillery,Furusawa Distillery,Japan,jp-houjin-bangou,5350001009463,谷口醸造株式会社,self,postcode-signal,low,,https://www.houjin-bangou.nta.go.jp/download/zenken/,"shared premises only, names do not overlap; same 7-digit postcode as the pin and a drinks word in the name; 宮崎県日南市大堂津２丁目２番１８号 〒8893141; register record open; number assigned 2015-10-05"
furusawa-distillery,Furusawa Distillery,Japan,jp-houjin-bangou,6350003001632,近藤醸造合名会社,self,postcode-signal,low,,https://www.houjin-bangou.nta.go.jp/download/zenken/,same 7-digit postcode as the pin and a drinks word in the name; 宮崎県日南市大堂津３丁目２番１号 〒8893141; register record closed 2016-05-17 (reason code 01)
furusawa-distillery,Furusawa Distillery,Japan,jp-houjin-bangou,6350003001640,竹井醸造合名会社,self,postcode-signal,low,,https://www.houjin-bangou.nta.go.jp/download/zenken/,"shared premises only, names do not overlap; same 7-digit postcode as the pin and a drinks word in the name; 宮崎県日南市大堂津４丁目４番１０号 〒8893141; register record open; number assigned 2015-10-05"
furusawa-distillery,Furusawa Distillery,Japan,jp-houjin-bangou,9350003001654,古澤醸造合名会社,self,hand,medium,,https://www.houjin-bangou.nta.go.jp/download/zenken/,"Furusawa Jozo (Yaezakura), Nichinan; pin website nichinan-yaezakura.jp; number left to the register lookup; register-checked 20 Sep 2026: 宮崎県日南市大堂津４丁目１０番１号 〒8893141; register record open; number assigned 2015-10-05"
goto-retto-distillery-inc,Goto Retto Distillery Inc.,Japan,jp-houjin-bangou,3310001011128,株式会社五島列島酒造,self,hand,high,,https://www.houjin-bangou.nta.go.jp/download/zenken/,Goto Retto Shuzo Co.; pin website gotoretto.jp; register-checked 20 Sep 2026: 長崎県五島市三井楽町濱ノ畔３１５８番地 〒8530601; register record open; number assigned 2015-10-05
goto-tsubaki-distillery,GOTO TSUBAKI DISTILLERY,Japan,jp-houjin-bangou,1310001017597,株式会社五島つばき蒸溜所,self,romaji-bridge,high,,https://www.houjin-bangou.nta.go.jp/download/zenken/,pin/domain token 'tubaki' in register furigana ゴトウツバキジョウリュウショ; same postcode; drinks word in name; 長崎県五島市戸岐町１２２３番地５ 〒8530054; register record open; number assigned 2021-11-22
goto-tsubaki-distillery,GOTO TSUBAKI DISTILLERY,Japan,jp-houjin-bangou,8310001004952,株式会社椿,self,romaji-bridge,low,,https://www.houjin-bangou.nta.go.jp/download/zenken/,register furigana ツバキ equals pin/domain token 'tubaki' but no drinks word and no postcode agreement (lead only); 長崎県長崎市油屋町２番１２－３０２号 〒8500832; register record open; number assigned 2015-10-05
hakushu-distillery,Hakushu distillery,Japan,jp-houjin-bangou,3120001136159,サントリーホールディングス株式会社,group,hand,high,,https://www.houjin-bangou.nta.go.jp/download/zenken/,Suntory group parent; register-checked 20 Sep 2026: 大阪府大阪市北区堂島浜２丁目１番４０号 〒5300004; register record open; number assigned 2015-10-05
hakushu-distillery,Hakushu distillery,Japan,jp-houjin-bangou,1120001133100,サントリー株式会社,operator,hand,high,,https://www.houjin-bangou.nta.go.jp/download/zenken/,"Suntory's operating company; Hakushu is a Suntory malt distillery, Hokuto, Yamanashi; register-checked 20 Sep 2026: 大阪府大阪市北区堂島浜２丁目１番４０号 〒5300004; register record open; number assigned 2015-10-05"
hakushu-distillery,Hakushu distillery,Japan,jp-houjin-bangou,5090001012551,株式会社羽毛工房白州,self,romaji-bridge,low,,https://www.houjin-bangou.nta.go.jp/download/zenken/,pin/domain token 'hakusyu' in register furigana ウモウコウボウハクシュウ; same postcode but no drinks word (lead only); 山梨県北杜市白州町鳥原２１６８番地 〒4080316; register record open; number assigned 2015-10-05
hakushu-distillery,Hakushu distillery,Japan,jp-houjin-bangou,5090003001131,合同会社eファーム甲斐白州,self,romaji-bridge,low,,https://www.houjin-bangou.nta.go.jp/download/zenken/,pin/domain token 'hakusyu' in register furigana イーファームカイハクシュウ; same postcode but no drinks word (lead only); 山梨県北杜市白州町鳥原６６９番地 〒4080316; register record open; number assigned 2015-10-05
hakushu-distillery,Hakushu distillery,Japan,jp-houjin-bangou,9090002013826,有限会社白州電気サービス,self,romaji-bridge,low,,https://www.houjin-bangou.nta.go.jp/download/zenken/,pin/domain token 'hakusyu' in register furigana ハクシュウデンキサービス; same postcode but no drinks word (lead only); 山梨県北杜市白州町鳥原２２９６番地 〒4080316; register record open; number assigned 2015-10-05
hakushu-distillery,Hakushu distillery,Japan,jp-houjin-bangou,9090003003082,合同会社白州ハイドロジェンオペレーションズ,self,romaji-bridge,low,,https://www.houjin-bangou.nta.go.jp/download/zenken/,pin/domain token 'hakusyu' in register furigana ハクシュウハイドロジェンオペレーションズ; same postcode but no drinks word (lead only); 山梨県北杜市白州町鳥原２８８４番地１ 〒4080316; register record open; number assigned 2026-07-07
hanyu-distillery,Hanyu distillery,Japan,jp-houjin-bangou,7030001032867,株式会社東亜酒造,self,hand,high,,https://www.houjin-bangou.nta.go.jp/download/zenken/,"Toa Shuzo Co., Hanyu, Saitama; pin website toashuzo.com; register-checked 20 Sep 2026: 埼玉県羽生市西４丁目１番地１１ 〒3480054; register record open; number assigned 2015-10-05"
hanyu-distillery,Hanyu distillery,Japan,jp-houjin-bangou,4030002042521,有限会社羽生福祉用具,self,romaji-bridge,low,,https://www.houjin-bangou.nta.go.jp/download/zenken/,pin/domain token 'hanyu' in register furigana ハニュウフクシヨウグ; same postcode but no drinks word (lead only); 埼玉県羽生市西４丁目１９番地４ 〒3480054; register record closed 2025-07-28 (reason code 01)
hanyu-distillery,Hanyu distillery,Japan,jp-houjin-bangou,6030001032901,羽生味噌醸造株式会社,self,romaji-bridge,medium,,https://www.houjin-bangou.nta.go.jp/download/zenken/,pin/domain token 'hanyu' in register furigana ハニュウミソジョウゾウ; same postcode; drinks word in name; 埼玉県羽生市西２丁目２１番５４号 〒3480054; register record closed 2025-06-26 (reason code 01)
hekinan-distillery-aioi-unibio-co-ltd,Hekinan Distillery - Aioi Unibio Co Ltd,Japan,jp-houjin-bangou,2180301039643,相生ユニビオ株式会社,self,hand,high,,https://www.houjin-bangou.nta.go.jp/download/zenken/,"Aioi Unibio Co., Hekinan; pin website unibio.jp; register-checked 20 Sep 2026: 愛知県西尾市下町丸山５番地 〒4450891; register record open; number assigned 2025-03-26"
hekinan-distillery-aioi-unibio-co-ltd,Hekinan Distillery - Aioi Unibio Co Ltd,Japan,jp-houjin-bangou,5180301039871,小笠原味淋醸造株式会社,self,postcode-signal,low,,https://www.houjin-bangou.nta.go.jp/download/zenken/,"shared premises only, names do not overlap; same 7-digit postcode as the pin and a drinks word in the name; 愛知県碧南市弥生町４丁目２１番地 〒4470814; register record open; number assigned 2025-06-03"
helios-distillery-co-ltd-sawauchi-jozosho,"Helios Distillery Co.,Ltd. Sawauchi Jozosho",Japan,jp-houjin-bangou,9360001012140,ヘリオス酒造株式会社,operator,hand,high,,https://www.houjin-bangou.nta.go.jp/download/zenken/,"Helios Shuzo Co., Nago, Okinawa; Sawauchi Jozosho (Iwate) is its beer site; register-checked 20 Sep 2026: 沖縄県名護市字許田４０５番地 〒9050024; register record open; number assigned 2015-10-05"
hida-takayama-distillery,Hida Takayama Distillery,Japan,jp-houjin-bangou,9200002025900,有限会社舩坂酒造店,operator,hand,medium,,https://www.houjin-bangou.nta.go.jp/download/zenken/,"Funasaka Shuzoten, Takayama; Hida Takayama distillery; pin website whisky-hida.com; register-checked 20 Sep 2026: 岐阜県高山市上三之町１０５番地 〒5060846; register record open; number assigned 2015-10-05"
hida-takayama-distillery,Hida Takayama Distillery,Japan,jp-houjin-bangou,2200003005247,合同会社たかやま,self,romaji-bridge,low,,https://www.houjin-bangou.nta.go.jp/download/zenken/,register furigana タカヤマ equals pin/domain token 'takayana' but no drinks word and no postcode agreement (lead only); 岐阜県高山市高根町中洞７６７番地４ 〒5093416; register record open; number assigned 2021-07-07
hikari-distillery-limited,Hikari Distillery Limited,Japan,jp-houjin-bangou,1010901037502,光ディスティラリー株式会社,self,hand,high,,https://www.houjin-bangou.nta.go.jp/download/zenken/,"Hikari Distillery Ltd, Konosu; register furigana ヒカリディスティラリー, same postcode as the pin; register-checked 20 Sep 2026: 埼玉県鴻巣市小谷６２５番地 〒3690133; register record open; number assigned 2016-02-01"
hikari-distillery-limited,Hikari Distillery Limited,Japan,jp-houjin-bangou,1030001125569,株式会社光,self,romaji-bridge,low,,https://www.houjin-bangou.nta.go.jp/download/zenken/,register furigana ヒカリ equals pin/domain token 'hikari' but no drinks word and no postcode agreement (lead only); 埼玉県熊谷市円光１丁目１３番９号 〒3600813; register record open; number assigned 2018-05-09
hikari-distillery-limited,Hikari Distillery Limited,Japan,jp-houjin-bangou,1030001136319,光株式会社,self,romaji-bridge,low,,https://www.houjin-bangou.nta.go.jp/download/zenken/,register furigana ヒカリ equals pin/domain token 'hikari' but no drinks word and no postcode agreement (lead only); 埼玉県さいたま市大宮区桜木町２丁目３７２番地市野屋ビル１階 〒3300854; register record open; number assigned 2020-05-14
hikari-distillery-limited,Hikari Distillery Limited,Japan,jp-houjin-bangou,1030001160970,株式会社光,self,romaji-bridge,low,,https://www.houjin-bangou.nta.go.jp/download/zenken/,register furigana ヒカリ equals pin/domain token 'hikari' but no drinks word and no postcode agreement (lead only); 埼玉県加須市下高柳２００番地１５ 〒3470033; register record open; number assigned 2024-06-18
hikari-distillery-limited,Hikari Distillery Limited,Japan,jp-houjin-bangou,1030003028290,合同会社ひかり,self,romaji-bridge,low,,https://www.houjin-bangou.nta.go.jp/download/zenken/,register furigana ヒカリ equals pin/domain token 'hikari' but no drinks word and no postcode agreement (lead only); 埼玉県朝霞市北原２丁目１１番６号サンパルク朝霞台Ｃ２０１ 〒3510036; register record open; number assigned 2025-12-17
hikari-distillery-limited,Hikari Distillery Limited,Japan,jp-houjin-bangou,2030001053463,株式会社ひかり,self,romaji-bridge,low,,https://www.houjin-bangou.nta.go.jp/download/zenken/,register furigana ヒカリ equals pin/domain token 'hikari' but no drinks word and no postcode agreement (lead only); 埼玉県越谷市川柳町１丁目５６５番地１ 〒3430827; register record open; number assigned 2015-10-05
hikari-distillery-limited,Hikari Distillery Limited,Japan,jp-houjin-bangou,2030001088567,株式会社ひかり,self,romaji-bridge,low,,https://www.houjin-bangou.nta.go.jp/download/zenken/,register furigana ヒカリ equals pin/domain token 'hikari' but no drinks word and no postcode agreement (lead only); 埼玉県熊谷市美土里町２丁目５１番地１号 〒3600845; register record open; number assigned 2015-10-05
hikari-distillery-limited,Hikari Distillery Limited,Japan,jp-houjin-bangou,2030001089053,株式会社ひかり,self,romaji-bridge,low,,https://www.houjin-bangou.nta.go.jp/download/zenken/,register furigana ヒカリ equals pin/domain token 'hikari' but no drinks word and no postcode agreement (lead only); 埼玉県熊谷市新堀１１３１番地１籠原団地１０－５０４号 〒3600841; register record open; number assigned 2015-10-05
hikari-distillery-limited,Hikari Distillery Limited,Japan,jp-houjin-bangou,2030001156068,株式会社HIKARI,self,romaji-bridge,low,,https://www.houjin-bangou.nta.go.jp/download/zenken/,register furigana ヒカリ equals pin/domain token 'hikari' but no drinks word and no postcode agreement (lead only); 埼玉県朝霞市根岸台７丁目２３番５１号 〒3510005; register record open; number assigned 2023-09-21
hikari-distillery-limited,Hikari Distillery Limited,Japan,jp-houjin-bangou,2030003022227,合同会社HIKARI,self,romaji-bridge,low,,https://www.houjin-bangou.nta.go.jp/download/zenken/,register furigana ヒカリ equals pin/domain token 'hikari' but no drinks word and no postcode agreement (lead only); 埼玉県坂戸市南町３４番７号ＫＩＶオフィス南町Ｅ号室 〒3500233; register record open; number assigned 2023-07-28
hikari-distillery-limited,Hikari Distillery Limited,Japan,jp-houjin-bangou,2030003027259,光合同会社,self,romaji-bridge,low,,https://www.houjin-bangou.nta.go.jp/download/zenken/,register furigana ヒカリ equals pin/domain token 'hikari' but no drinks word and no postcode agreement (lead only); 埼玉県熊谷市千代３６４番地２ 〒3600107; register record open; number assigned 2025-07-28
hikari-distillery-limited,Hikari Distillery Limited,Japan,jp-houjin-bangou,3030001034545,株式会社輝,self,romaji-bridge,low,,https://www.houjin-bangou.nta.go.jp/download/zenken/,register furigana ヒカリ equals pin/domain token 'hikari' but no drinks word and no postcode agreement (lead only); 埼玉県所沢市日吉町９番１８号博多屋ビル４Ｆ 〒3591123; register record closed 2018-07-09 (reason code 01)
hikari-distillery-limited,Hikari Distillery Limited,Japan,jp-houjin-bangou,3030003015122,光合同会社,self,romaji-bridge,low,,https://www.houjin-bangou.nta.go.jp/download/zenken/,register furigana ヒカリ equals pin/domain token 'hikari' but no drinks word and no postcode agreement (lead only); 埼玉県川口市西川口１丁目２６番５号 〒3320021; register record open; number assigned 2020-04-10
hikari-distillery-limited,Hikari Distillery Limited,Japan,jp-houjin-bangou,3030003023521,光合同会社,self,romaji-bridge,low,,https://www.houjin-bangou.nta.go.jp/download/zenken/,register furigana ヒカリ equals pin/domain token 'hikari' but no drinks word and no postcode agreement (lead only); 埼玉県川口市芝２丁目２０番１３号 〒3330866; register record open; number assigned 2024-01-30
hikari-distillery-limited,Hikari Distillery Limited,Japan,jp-houjin-bangou,4030001036292,株式会社ヒカリ,self,romaji-bridge,low,,https://www.houjin-bangou.nta.go.jp/download/zenken/,register furigana ヒカリ equals pin/domain token 'hikari' but no drinks word and no postcode agreement (lead only); 埼玉県八潮市大字大曽根１４１１番地３ 〒3400834; register record closed 2026-08-06 (reason code 01)
hikari-distillery-limited,Hikari Distillery Limited,Japan,jp-houjin-bangou,4030001113455,株式会社HIKARI,self,romaji-bridge,low,,https://www.houjin-bangou.nta.go.jp/download/zenken/,register furigana ヒカリ equals pin/domain token 'hikari' but no drinks word and no postcode agreement (lead only); 埼玉県川越市中台南１丁目５番地１７ 〒3501150; register record open; number assigned 2016-03-30
hikari-distillery-limited,Hikari Distillery Limited,Japan,jp-houjin-bangou,4030003017497,合同会社ひかり,self,romaji-bridge,low,,https://www.houjin-bangou.nta.go.jp/download/zenken/,register furigana ヒカリ equals pin/domain token 'hikari' but no drinks word and no postcode agreement (lead only); 埼玉県川口市並木３丁目４番２１号パイオランドマンション１階 〒3320034; register record open; number assigned 2021-06-25
hikari-distillery-limited,Hikari Distillery Limited,Japan,jp-houjin-bangou,5030001085157,株式会社ヒカリ,self,romaji-bridge,low,,https://www.houjin-bangou.nta.go.jp/download/zenken/,register furigana ヒカリ equals pin/domain token 'hikari' but no drinks word and no postcode agreement (lead only); 埼玉県熊谷市上之７５４番地６ 〒3600012; register record open; number assigned 2015-10-05
hikari-distillery-limited,Hikari Distillery Limited,Japan,jp-houjin-bangou,5030002023454,有限会社ひかり,self,romaji-bridge,low,,https://www.houjin-bangou.nta.go.jp/download/zenken/,register furigana ヒカリ equals pin/domain token 'hikari' but no drinks word and no postcode agreement (lead only); 埼玉県蓮田市本町１番２５号 〒3490123; register record open; number assigned 2015-10-05
hikari-distillery-limited,Hikari Distillery Limited,Japan,jp-houjin-bangou,5030003026415,輝星合同会社,self,romaji-bridge,low,,https://www.houjin-bangou.nta.go.jp/download/zenken/,register furigana ヒカリ equals pin/domain token 'hikari' but no drinks word and no postcode agreement (lead only); 埼玉県志木市上宗岡４丁目５－３０－３ 〒3530001; register record open; number assigned 2025-03-28
hikari-distillery-limited,Hikari Distillery Limited,Japan,jp-houjin-bangou,6011703003893,合同会社ひかり,self,romaji-bridge,low,,https://www.houjin-bangou.nta.go.jp/download/zenken/,register furigana ヒカリ equals pin/domain token 'hikari' but no drinks word and no postcode agreement (lead only); 埼玉県ふじみ野市元福岡１丁目３番１８号和貴ハイム２０１号 〒3560008; register record open; number assigned 2024-07-05
hikari-distillery-limited,Hikari Distillery Limited,Japan,jp-houjin-bangou,6030001139829,株式会社HIKALEE,self,romaji-bridge,low,,https://www.houjin-bangou.nta.go.jp/download/zenken/,register furigana ヒカリ equals pin/domain token 'hikari' but no drinks word and no postcode agreement (lead only); 埼玉県川口市上青木６丁目３１番１６号 〒3330844; register record open; number assigned 2020-12-17
hikari-distillery-limited,Hikari Distillery Limited,Japan,jp-houjin-bangou,6030003025969,合同会社ヒカリ,self,romaji-bridge,low,,https://www.houjin-bangou.nta.go.jp/download/zenken/,register furigana ヒカリ equals pin/domain token 'hikari' but no drinks word and no postcode agreement (lead only); 埼玉県朝霞市栄町３丁目５番１１－７０７号 〒3510012; register record open; number assigned 2025-01-28
hikari-distillery-limited,Hikari Distillery Limited,Japan,jp-houjin-bangou,7030001100153,株式会社光,self,romaji-bridge,low,,https://www.houjin-bangou.nta.go.jp/download/zenken/,register furigana ヒカリ equals pin/domain token 'hikari' but no drinks word and no postcode agreement (lead only); 埼玉県新座市新堀１丁目１１番２１号 〒3520032; register record open; number assigned 2015-10-05
hikari-distillery-limited,Hikari Distillery Limited,Japan,jp-houjin-bangou,7030003026776,HIKARI合同会社,self,romaji-bridge,low,,https://www.houjin-bangou.nta.go.jp/download/zenken/,register furigana ヒカリ equals pin/domain token 'hikari' but no drinks word and no postcode agreement (lead only); 埼玉県越谷市大字平方１２６９番地１ 〒3430002; register record open; number assigned 2025-05-19
hikari-distillery-limited,Hikari Distillery Limited,Japan,jp-houjin-bangou,8030001120019,株式会社ひかり,self,romaji-bridge,low,,https://www.houjin-bangou.nta.go.jp/download/zenken/,register furigana ヒカリ equals pin/domain token 'hikari' but no drinks word and no postcode agreement (lead only); 埼玉県朝霞市溝沼５丁目１３番１－６号 〒3510023; register record open; number assigned 2017-04-28
hikari-distillery-limited,Hikari Distillery Limited,Japan,jp-houjin-bangou,8030001153778,株式会社ひかり,self,romaji-bridge,low,,https://www.houjin-bangou.nta.go.jp/download/zenken/,register furigana ヒカリ equals pin/domain token 'hikari' but no drinks word and no postcode agreement (lead only); 埼玉県さいたま市西区大字西遊馬４７７番地２９ 〒3310061; register record open; number assigned 2023-05-18
hikari-distillery-limited,Hikari Distillery Limited,Japan,jp-houjin-bangou,8030001161649,HIKARI株式会社,self,romaji-bridge,low,,https://www.houjin-bangou.nta.go.jp/download/zenken/,register furigana ヒカリ equals pin/domain token 'hikari' but no drinks word and no postcode agreement (lead only); 埼玉県富士見市西みずほ台１丁目１６番２１ 〒3540018; register record open; number assigned 2024-08-01
hikari-distillery-limited,Hikari Distillery Limited,Japan,jp-houjin-bangou,8030003014004,ヒカリ合同会社,self,romaji-bridge,low,,https://www.houjin-bangou.nta.go.jp/download/zenken/,register furigana ヒカリ equals pin/domain token 'hikari' but no drinks word and no postcode agreement (lead only); 埼玉県越谷市新明町１－１３２－１ラ・ルミエールＢ１０２ 〒3430000; register record open; number assigned 2019-08-29
hikari-distillery-limited,Hikari Distillery Limited,Japan,jp-houjin-bangou,8030003018467,合同会社光,self,romaji-bridge,low,,https://www.houjin-bangou.nta.go.jp/download/zenken/,register furigana ヒカリ equals pin/domain token 'hikari' but no drinks word and no postcode agreement (lead only); 埼玉県さいたま市北区宮原町３丁目１８６番１号コスモ大宮宮原４０２号室 〒3310812; register record open; number assigned 2021-12-09
hikari-distillery-limited,Hikari Distillery Limited,Japan,jp-houjin-bangou,8030003025397,合同会社ヒカリ,self,romaji-bridge,low,,https://www.houjin-bangou.nta.go.jp/download/zenken/,register furigana ヒカリ equals pin/domain token 'hikari' but no drinks word and no postcode agreement (lead only); 埼玉県北葛飾郡杉戸町大字宮前１３７番地１０８ 〒3450004; register record closed 2025-09-05 (reason code 01)
hikari-distillery-limited,Hikari Distillery Limited,Japan,jp-houjin-bangou,9030001064660,株式会社光ビル,self,romaji-bridge,low,,https://www.houjin-bangou.nta.go.jp/download/zenken/,register furigana ヒカリビル equals pin/domain token 'hikari' but no drinks word and no postcode agreement (lead only); 埼玉県越谷市大字袋山２０４５番地１ 〒3430032; register record open; number assigned 2015-10-05
hikari-distillery-limited,Hikari Distillery Limited,Japan,jp-houjin-bangou,9030001101265,株式会社光,self,romaji-bridge,low,,https://www.houjin-bangou.nta.go.jp/download/zenken/,register furigana ヒカリ equals pin/domain token 'hikari' but no drinks word and no postcode agreement (lead only); 埼玉県深谷市柏合３１１番地４ 〒3660817; register record open; number assigned 2015-10-05
hikari-distillery-limited,Hikari Distillery Limited,Japan,jp-houjin-bangou,9030001118813,株式会社hikari,self,romaji-bridge,low,,https://www.houjin-bangou.nta.go.jp/download/zenken/,register furigana ヒカリ equals pin/domain token 'hikari' but no drinks word and no postcode agreement (lead only); 埼玉県さいたま市大宮区宮町２丁目７７マル星第２ビル２階 〒3300802; register record open; number assigned 2017-02-21
hikari-distillery-limited,Hikari Distillery Limited,Japan,jp-houjin-bangou,9030001153505,株式会社ひかり,self,romaji-bridge,low,,https://www.houjin-bangou.nta.go.jp/download/zenken/,register furigana ヒカリ equals pin/domain token 'hikari' but no drinks word and no postcode agreement (lead only); 埼玉県八潮市八潮３丁目１９番地１６ミラマーレ１０６ 〒3400815; register record open; number assigned 2023-04-19
hikari-distillery-limited,Hikari Distillery Limited,Japan,jp-houjin-bangou,9030002051633,HIKARI有限会社,self,romaji-bridge,low,,https://www.houjin-bangou.nta.go.jp/download/zenken/,register furigana ヒカリ equals pin/domain token 'hikari' but no drinks word and no postcode agreement (lead only); 埼玉県草加市新栄３丁目８番地５ 〒3400056; register record closed 2020-05-20 (reason code 01)
hikari-distillery-limited,Hikari Distillery Limited,Japan,jp-houjin-bangou,9030003007997,合同会社光商店,self,romaji-bridge,low,,https://www.houjin-bangou.nta.go.jp/download/zenken/,register furigana ヒカリショウテン equals pin/domain token 'hikari' but no drinks word and no postcode agreement (lead only); 埼玉県川口市大字安行吉岡１４１６番地の４５ 〒3340072; register record closed 2019-02-18 (reason code 01)
hikari-distillery-limited,Hikari Distillery Limited,Japan,jp-houjin-bangou,9030003016627,合同会社ひかり,self,romaji-bridge,low,,https://www.houjin-bangou.nta.go.jp/download/zenken/,register furigana ヒカリ equals pin/domain token 'hikari' but no drinks word and no postcode agreement (lead only); 埼玉県狭山市柏原７２２番地の２ 〒3501335; register record closed 2025-09-26 (reason code 01)
hikari-distillery-limited,Hikari Distillery Limited,Japan,jp-houjin-bangou,9030003029793,合同会社ひかり,self,romaji-bridge,low,,https://www.houjin-bangou.nta.go.jp/download/zenken/,register furigana ヒカリ equals pin/domain token 'hikari' but no drinks word and no postcode agreement (lead only); 埼玉県春日部市粕壁４丁目２番２６号 〒3440061; register record open; number assigned 2026-08-10
hikari-distillery-limited,Hikari Distillery Limited,Japan,jp-houjin-bangou,6030002083943,有限会社吉田酒店,self,postcode-signal,low,,https://www.houjin-bangou.nta.go.jp/download/zenken/,"shared premises only, names do not overlap; same 7-digit postcode as the pin and a drinks word in the name; 埼玉県鴻巣市小谷５７８番地１ 〒3690133; register record open; number assigned 2015-10-05"
hitachino-brewing-tokyo-distillery,Hitachino Brewing Tokyo Distillery,Japan,jp-houjin-bangou,1050001004647,木内酒造株式会社,operator,hand,high,,https://www.houjin-bangou.nta.go.jp/download/zenken/,"Kiuchi Brewery; Hitachino Brewing Lab Tokyo distillery, Akihabara; register-checked 20 Sep 2026: 茨城県那珂市鴻巣１２５７番地 〒3110133; register record open; number assigned 2015-10-05"
iichiko-hita-distillery,iichiko Hita Distillery,Japan,jp-houjin-bangou,9320001007648,三和酒類株式会社,operator,hand,high,,https://www.houjin-bangou.nta.go.jp/download/zenken/,"Sanwa Shurui Co., Usa; iichiko Hita distillery is its shochu site; pin website iichiko.co.jp; register-checked 20 Sep 2026: 大分県宇佐市大字山本２２３１番地の１ 〒8790467; register record open; number assigned 2015-10-05"
iichiko-hita-distillery,iichiko Hita Distillery,Japan,jp-houjin-bangou,2320001009972,老松酒造株式会社,self,postcode-signal,low,,https://www.houjin-bangou.nta.go.jp/download/zenken/,"shared premises only, names do not overlap; same 7-digit postcode as the pin and a drinks word in the name; 大分県日田市大鶴町２９１２番地 〒8770000; register record open; number assigned 2015-10-05"
iichiko-hita-distillery,iichiko Hita Distillery,Japan,jp-houjin-bangou,2320001021416,株式会社井上酒造,self,postcode-signal,low,,https://www.houjin-bangou.nta.go.jp/download/zenken/,"shared premises only, names do not overlap; same 7-digit postcode as the pin and a drinks word in the name; 大分県日田市大字大肥２２２０番地の１ 〒8770000; register record open; number assigned 2025-10-27"
iichiko-hita-distillery,iichiko Hita Distillery,Japan,jp-houjin-bangou,5320003001264,合同会社田中醸造場,self,postcode-signal,low,,https://www.houjin-bangou.nta.go.jp/download/zenken/,"shared premises only, names do not overlap; same 7-digit postcode as the pin and a drinks word in the name; 大分県日田市大字日高１２１１番地の２ 〒8770000; register record open; number assigned 2015-10-05"
iichiko-hita-distillery,iichiko Hita Distillery,Japan,jp-houjin-bangou,6320005006806,酒楽神社,self,postcode-signal,low,,https://www.houjin-bangou.nta.go.jp/download/zenken/,"shared premises only, names do not overlap; same 7-digit postcode as the pin and a drinks word in the name; 大分県日田市大字友田２３５番地 〒8770000; register record open; number assigned 2015-10-05"
iichiko-hita-distillery,iichiko Hita Distillery,Japan,jp-houjin-bangou,7320002019363,有限会社円酒店,self,postcode-signal,low,,https://www.houjin-bangou.nta.go.jp/download/zenken/,"shared premises only, names do not overlap; same 7-digit postcode as the pin and a drinks word in the name; 大分県日田市大字庄手６４６番地の４ 〒8770000; register record open; number assigned 2015-10-05"
ikawa-distillery,Ikawa Distillery,Japan,jp-houjin-bangou,3080001023493,十山株式会社,self,hand,high,,https://www.houjin-bangou.nta.go.jp/download/zenken/,"Juzan Co. (Tokai Pulp group), Ikawa distillery; pin website juzan.co.jp; register-checked 20 Sep 2026: 静岡県静岡市葵区田代１３０１番地の１ 〒4280505; register record open; number assigned 2020-04-06"
ikinokura-distillery-co-ltd,"Ikinokura Distillery Co., Ltd.",Japan,jp-houjin-bangou,6310001010283,壱岐の蔵酒造株式会社,self,hand,high,,https://www.houjin-bangou.nta.go.jp/download/zenken/,"Ikinokura Shuzo Co., Iki; pin website ikinokura.co.jp; register-checked 20 Sep 2026: 長崎県壱岐市芦辺町湯岳本村触５２０番地 〒8115753; register record open; number assigned 2015-10-05"
iseya-distillery,Iseya Distillery,Japan,jp-houjin-bangou,9021001070724,株式会社伊勢屋酒造,self,hand,high,,https://www.houjin-bangou.nta.go.jp/download/zenken/,"Iseya Shuzo, Sagamihara; pin website iseyashuzo.com; register-checked 20 Sep 2026: 神奈川県相模原市緑区小原６８１ 〒2520173; register record open; number assigned 2020-08-31"
iseya-distillery,Iseya Distillery,Japan,jp-houjin-bangou,1021001036146,株式会社伊勢屋,self,romaji-bridge,low,,https://www.houjin-bangou.nta.go.jp/download/zenken/,register furigana イセヤ equals pin/domain token 'iseya' but no drinks word and no postcode agreement (lead only); 神奈川県平塚市宮の前１番２１号 〒2540035; register record open; number assigned 2015-10-05
iseya-distillery,Iseya Distillery,Japan,jp-houjin-bangou,3021002050986,有限会社伊勢屋,self,romaji-bridge,low,,https://www.houjin-bangou.nta.go.jp/download/zenken/,register furigana イセヤ equals pin/domain token 'iseya' but no drinks word and no postcode agreement (lead only); 神奈川県小田原市本町３丁目６番２２号 〒2500012; register record open; number assigned 2015-10-05
iseya-distillery,Iseya Distillery,Japan,jp-houjin-bangou,4020001072009,株式会社いせや,self,romaji-bridge,low,,https://www.houjin-bangou.nta.go.jp/download/zenken/,register furigana イセヤ equals pin/domain token 'iseya' but no drinks word and no postcode agreement (lead only); 神奈川県川崎市川崎区砂子１丁目１番地１２ 〒2100006; register record open; number assigned 2015-10-05
iseya-distillery,Iseya Distillery,Japan,jp-houjin-bangou,4020001165167,伊勢屋株式会社,self,romaji-bridge,low,,https://www.houjin-bangou.nta.go.jp/download/zenken/,register furigana イセヤ equals pin/domain token 'iseya' but no drinks word and no postcode agreement (lead only); 神奈川県横浜市鶴見区江ケ崎町２２番６号 〒2300002; register record open; number assigned 2025-10-09
iseya-distillery,Iseya Distillery,Japan,jp-houjin-bangou,6020001068855,株式会社イセヤ,self,romaji-bridge,low,,https://www.houjin-bangou.nta.go.jp/download/zenken/,register furigana イセヤ equals pin/domain token 'iseya' but no drinks word and no postcode agreement (lead only); 神奈川県横浜市港北区高田東４丁目２３番９号 〒2230065; register record open; number assigned 2015-10-05
iseya-distillery,Iseya Distillery,Japan,jp-houjin-bangou,7020002009510,有限会社伊勢屋,self,romaji-bridge,low,,https://www.houjin-bangou.nta.go.jp/download/zenken/,register furigana イセヤ equals pin/domain token 'iseya' but no drinks word and no postcode agreement (lead only); 神奈川県横浜市磯子区森３丁目９番１０号 〒2350023; register record open; number assigned 2015-10-05
iseya-distillery,Iseya Distillery,Japan,jp-houjin-bangou,7021002037443,有限会社伊勢屋,self,romaji-bridge,low,,https://www.houjin-bangou.nta.go.jp/download/zenken/,register furigana イセヤ equals pin/domain token 'iseya' but no drinks word and no postcode agreement (lead only); 神奈川県藤沢市辻堂２丁目９番２０号 〒2510047; register record open; number assigned 2015-10-05
iseya-distillery,Iseya Distillery,Japan,jp-houjin-bangou,8330001029576,株式会社ISEYA,self,romaji-bridge,low,,https://www.houjin-bangou.nta.go.jp/download/zenken/,register furigana イセヤ equals pin/domain token 'iseya' but no drinks word and no postcode agreement (lead only); 神奈川県横浜市西区花咲町６丁目１４３番１８１２号 〒2200022; register record open; number assigned 2022-03-31
iseya-distillery,Iseya Distillery,Japan,jp-houjin-bangou,9020001135693,株式会社イセヤ,self,romaji-bridge,low,,https://www.houjin-bangou.nta.go.jp/download/zenken/,register furigana イセヤ equals pin/domain token 'iseya' but no drinks word and no postcode agreement (lead only); 神奈川県川崎市多摩区生田３丁目８番３４号 〒2140038; register record open; number assigned 2020-04-08
ishigaki-distillery,Ishigaki Distillery,Japan,jp-houjin-bangou,1360003015933,合同会社石垣酒店,self,romaji-bridge,high,,https://www.houjin-bangou.nta.go.jp/download/zenken/,register furigana イシガキサケテン equals pin/domain token 'isigaki' once drinks words are removed; drinks word in name; 沖縄県石垣市美崎町８番地９石垣島ヴィレッジ１Ｆ 〒9070012; register record open; number assigned 2026-06-11
ishigaki-distillery,Ishigaki Distillery,Japan,jp-houjin-bangou,6360001031250,石垣ディスティラリー株式会社,self,hand,high,,https://www.houjin-bangou.nta.go.jp/download/zenken/,Ishigaki Distillery Co.; register address 石垣市字崎枝530-5 = pin address; pin website ishigaki-distillery.com; register-checked 20 Sep 2026: 沖縄県石垣市字崎枝５３０番地５ 〒9070452; register record open; number assigned 2022-11-25
ishigaki-distillery,Ishigaki Distillery,Japan,jp-houjin-bangou,8360001030894,株式会社石垣,self,romaji-bridge,low,,https://www.houjin-bangou.nta.go.jp/download/zenken/,register furigana イシガキ equals pin/domain token 'isigaki' but no drinks word and no postcode agreement (lead only); 沖縄県石垣市字大川１９２－１石垣ビル１階 〒9070022; register record open; number assigned 2022-09-02
ishigura-museum-shirakane-distillery,Shirakane Shuzo - Ishigura Distillery,Japan,jp-houjin-bangou,7340001007953,白金酒造株式会社,self,hand,high,,https://www.houjin-bangou.nta.go.jp/download/zenken/,"Shirakane Shuzo Co., Aira; Ishigura; pin website shirakane.jp; register-checked 20 Sep 2026: 鹿児島県姶良市脇元１９３３番地 〒8995651; register record open; number assigned 2015-10-05"
kenten,Kenten,Japan,jp-houjin-bangou,2010001015762,堅展実業株式会社,operator,hand,high,,https://www.houjin-bangou.nta.go.jp/download/zenken/,"Kenten Jitsugyo Co. (Tokyo) owns and runs Akkeshi distillery, Hokkaido; pin website akkeshi-distillery.com; register-checked 20 Sep 2026: 東京都千代田区内幸町１丁目１番１号 〒1000011; register record open; number assigned 2015-10-05"
kenten,Kenten,Japan,jp-houjin-bangou,2460002004505,有限会社厚岸自動車工業,self,romaji-bridge,low,,https://www.houjin-bangou.nta.go.jp/download/zenken/,pin/domain token 'akesi' in register furigana アッケシジドウシャコウギョウ; same postcode but no drinks word (lead only); 北海道厚岸郡厚岸町宮園３丁目６１番地 〒0881124; register record open; number assigned 2015-10-05
kenten,Kenten,Japan,jp-houjin-bangou,7460001003073,株式会社ホンダオート厚岸,self,romaji-bridge,low,,https://www.houjin-bangou.nta.go.jp/download/zenken/,pin/domain token 'akesi' in register furigana ホンダオートアッケシ; same postcode but no drinks word (lead only); 北海道厚岸郡厚岸町宮園２丁目３０８番地 〒0881124; register record open; number assigned 2015-10-05
kirin-fuji-gotemba-distillery,Kirin Fuji Gotemba Distillery,Japan,jp-houjin-bangou,5010001034768,キリンホールディングス株式会社,group,hand,high,,https://www.houjin-bangou.nta.go.jp/download/zenken/,Kirin group parent; register-checked 20 Sep 2026: 東京都中野区中野４丁目１０番２号 〒1640001; register record open; number assigned 2015-10-05
kirin-fuji-gotemba-distillery,Kirin Fuji Gotemba Distillery,Japan,jp-houjin-bangou,8080101004397,キリンディスティラリー株式会社,operator,hand,high,,https://www.houjin-bangou.nta.go.jp/download/zenken/,"Kirin Distillery Co., Gotemba; runs the Fuji Gotemba distillery; register-checked 20 Sep 2026: 静岡県御殿場市柴怒田９７０番地 〒4120003; register record open; number assigned 2015-10-05"
kirin-fuji-gotemba-distillery,Kirin Fuji Gotemba Distillery,Japan,jp-houjin-bangou,9080003002572,合同会社キリン,self,romaji-bridge,low,,https://www.houjin-bangou.nta.go.jp/download/zenken/,register furigana キリン equals pin/domain token 'kirin' but no drinks word and no postcode agreement (lead only); 静岡県静岡市清水区矢倉町５番１８－２０１号 〒4240802; register record open; number assigned 2021-05-12
komaki-distillery,Komaki Distillery,Japan,jp-houjin-bangou,9340001009106,小牧醸造株式会社,self,hand,high,,https://www.houjin-bangou.nta.go.jp/download/zenken/,"Komaki Jozo Co., Satsuma; pin website komakijozo.co.jp; register-checked 20 Sep 2026: 鹿児島県薩摩郡さつま町時吉１２番地 〒8951816; register record open; number assigned 2015-10-05"
komaki-distillery,Komaki Distillery,Japan,jp-houjin-bangou,5340001001719,株式会社コマキ,self,romaji-bridge,low,,https://www.houjin-bangou.nta.go.jp/download/zenken/,register furigana コマキ equals pin/domain token 'konaki' but no drinks word and no postcode agreement (lead only); 鹿児島県鹿児島市郡元１丁目１番２号 〒8900065; register record closed 2021-08-30 (reason code 01)
komoro-distillery,Komoro Distillery,Japan,jp-houjin-bangou,5010001195635,軽井沢蒸留酒製造株式会社,self,hand,high,,https://www.houjin-bangou.nta.go.jp/download/zenken/,"Karuizawa Distillers Inc., Komoro; pin website komorodistillery.com; register-checked 20 Sep 2026: 東京都港区虎ノ門１丁目３番１号東京虎ノ門グローバルスクエア５階 〒1050001; register record open; number assigned 2018-10-16"
komoro-distillery,Komoro Distillery,Japan,jp-houjin-bangou,6100001008514,株式会社ダスキン小諸,self,romaji-bridge,low,,https://www.houjin-bangou.nta.go.jp/download/zenken/,pin/domain token 'konoro' in register furigana ダスキンコモロ; same postcode but no drinks word (lead only); 長野県小諸市甲１５５７番地１ 〒3840801; register record open; number assigned 2015-10-05
komoro-distillery,Komoro Distillery,Japan,jp-houjin-bangou,9100002012396,有限会社小諸設備,self,romaji-bridge,low,,https://www.houjin-bangou.nta.go.jp/download/zenken/,pin/domain token 'konoro' in register furigana コモロセツビ; same postcode but no drinks word (lead only); 長野県小諸市甲字腰巻２１１７番地５ 〒3840801; register record closed 2018-12-04 (reason code 01)
komoro-distillery,Komoro Distillery,Japan,jp-houjin-bangou,3100002039222,有限会社酒井建設,self,postcode-signal,low,,https://www.houjin-bangou.nta.go.jp/download/zenken/,same 7-digit postcode as the pin and a drinks word in the name; 長野県小諸市甲３６４８番地 〒3840801; register record closed 2024-01-25 (reason code 21)
komoro-distillery,Komoro Distillery,Japan,jp-houjin-bangou,8100002012372,有限会社黒沢酒店,self,postcode-signal,low,,https://www.houjin-bangou.nta.go.jp/download/zenken/,same 7-digit postcode as the pin and a drinks word in the name; 長野県小諸市甲１４６２番地５ 〒3840801; register record closed 2016-02-18 (reason code 01)
komoro-distillery,Komoro Distillery,Japan,jp-houjin-bangou,9100003006050,合同会社小諸蒸留所,self,hand,medium,,https://www.houjin-bangou.nta.go.jp/download/zenken/,"Komoro Distillery LLC; register furigana コモロジョウリュウジョ, same postcode as the pin; register-checked 20 Sep 2026: 長野県小諸市甲字大犬窪４６０２－６ 〒3840801; register record open; number assigned 2021-04-16"
kyotango-mairingen-distillery,Kyotango Mairingen Distillery,Japan,jp-houjin-bangou,6130001054588,株式会社丹後王国,operator,hand,low,,https://www.houjin-bangou.nta.go.jp/download/zenken/,"Mairingen distillery, Kyotango; operator unconfirmed; pin website mairingen.jp; register-checked 20 Sep 2026: 京都府京丹後市弥栄町鳥取１２３番地 〒6270133; register record closed 2021-05-14 (reason code 01)"
kyoto-whisky-distillery,Kyoto Whisky Distillery,Japan,jp-houjin-bangou,3130001065118,京都酒造株式会社,self,hand,high,,https://www.houjin-bangou.nta.go.jp/download/zenken/,"Kyoto Shuzo Co., Kyotamba; pin website kyotoshuzo.com; register-checked 20 Sep 2026: 京都府船井郡京丹波町坂原南林１１番地 〒6291131; register record open; number assigned 2019-08-16"
mars-komagatake-distillery,Mars Komagatake distillery,Japan,jp-houjin-bangou,6340001003887,本坊酒造株式会社,operator,hand,high,,https://www.houjin-bangou.nta.go.jp/download/zenken/,"Hombo Shuzo, Kagoshima; Mars Shinshu (Komagatake) is its Nagano distillery; register-checked 20 Sep 2026: 鹿児島県鹿児島市南栄３丁目２７番地 〒8910122; register record open; number assigned 2015-10-05"
mars-komagatake-distillery,Mars Komagatake distillery,Japan,jp-houjin-bangou,1100002034464,有限会社正木屋酒店,self,postcode-signal,low,,https://www.houjin-bangou.nta.go.jp/download/zenken/,"shared premises only, names do not overlap; same 7-digit postcode as the pin and a drinks word in the name; 長野県上伊那郡宮田村３２５６番地 〒3994301; register record open; number assigned 2015-10-05"
mars-komagatake-distillery,Mars Komagatake distillery,Japan,jp-houjin-bangou,3100002033836,有限会社入田細田酒店,self,postcode-signal,low,,https://www.houjin-bangou.nta.go.jp/download/zenken/,"shared premises only, names do not overlap; same 7-digit postcode as the pin and a drinks word in the name; 長野県上伊那郡宮田村３２６９番地 〒3994301; register record open; number assigned 2015-10-05"
mars-komagatake-distillery,Mars Komagatake distillery,Japan,jp-houjin-bangou,7100003002869,合資会社小池酒店,self,postcode-signal,low,,https://www.houjin-bangou.nta.go.jp/download/zenken/,"shared premises only, names do not overlap; same 7-digit postcode as the pin and a drinks word in the name; 長野県上伊那郡宮田村３５４３番地１ 〒3994301; register record open; number assigned 2015-10-05"
mars-tsunuki-distillery,Mars Tsunuki distillery,Japan,jp-houjin-bangou,6340001003887,本坊酒造株式会社,operator,hand,high,,https://www.houjin-bangou.nta.go.jp/download/zenken/,"Hombo Shuzo, Kagoshima; Mars Tsunuki is its Minamisatsuma distillery; register-checked 20 Sep 2026: 鹿児島県鹿児島市南栄３丁目２７番地 〒8910122; register record open; number assigned 2015-10-05"
mars-tsunuki-distillery,Mars Tsunuki distillery,Japan,jp-houjin-bangou,7340001003886,株式会社本坊商店,self,romaji-bridge,low,,https://www.houjin-bangou.nta.go.jp/download/zenken/,register furigana ホンボウショウテン equals pin/domain token 'honbo' but no drinks word and no postcode agreement (lead only); 鹿児島県鹿児島市錦江町８番５６号 〒8920836; register record open; number assigned 2015-10-05
mars-tsunuki-distillery,Mars Tsunuki distillery,Japan,jp-houjin-bangou,9340002011259,有限会社ホンボー,self,romaji-bridge,low,,https://www.houjin-bangou.nta.go.jp/download/zenken/,register furigana ホンボー equals pin/domain token 'honbo' but no drinks word and no postcode agreement (lead only); 鹿児島県鹿児島市坂之上７丁目３２番４１号 〒8910150; register record open; number assigned 2015-10-05
mars-tsunuki-distillery,Mars Tsunuki distillery,Japan,jp-houjin-bangou,5340005005880,医療法人酒瀬川医院,self,postcode-signal,low,,https://www.houjin-bangou.nta.go.jp/download/zenken/,"shared premises only, names do not overlap; same 7-digit postcode as the pin and a drinks word in the name; 鹿児島県南さつま市加世田津貫５９８９番地 〒8993611; register record open; number assigned 2015-10-05"
mitosaya-botanical-distillery,Mitosaya Botanical Distillery,Japan,jp-houjin-bangou,5040001098232,mitosaya株式会社,self,hand,high,,https://www.houjin-bangou.nta.go.jp/download/zenken/,"mitosaya Co., Otaki; pin website mitosaya.com; register-checked 20 Sep 2026: 千葉県夷隅郡大多喜町大多喜４８６ 〒2980216; register record open; number assigned 2017-01-05"
miyagikyo-distillery,Miyagikyo Distillery,Japan,jp-houjin-bangou,6010601036386,アサヒグループホールディングス株式会社,group,hand,high,,https://www.houjin-bangou.nta.go.jp/download/zenken/,"Asahi Group, Nikka's parent; register-checked 20 Sep 2026: 東京都墨田区吾妻橋１丁目２３番１号 〒1300001; register record open; number assigned 2015-10-05"
miyagikyo-distillery,Miyagikyo Distillery,Japan,jp-houjin-bangou,2010401021550,ニッカウヰスキー株式会社,operator,hand,high,,https://www.houjin-bangou.nta.go.jp/download/zenken/,Nikka Whisky Distilling Co.; Miyagikyo is Nikka's second distillery (Sendai); register-checked 20 Sep 2026: 北海道余市郡余市町黒川町７丁目６番地 〒0460003; register record open; number assigned 2015-10-05
mohodori-distillery,Mohodori Distillery,Japan,jp-houjin-bangou,7420002012300,有限会社サンアップル醸造ジャパン,self,postcode-signal,low,,https://www.houjin-bangou.nta.go.jp/download/zenken/,"shared premises only, names do not overlap; same 7-digit postcode as the pin and a drinks word in the name; 青森県五所川原市字大町５０８番地５ 〒0370063; register record open; number assigned 2015-10-05"
mori-izo-distillery,Mori Izo Distillery,Japan,jp-houjin-bangou,2340002026627,有限会社森伊蔵酒造,self,hand,high,,https://www.houjin-bangou.nta.go.jp/download/zenken/,"Mori Izo Shuzo, Tarumizu; pin website moriizo.com; register-checked 20 Sep 2026: 鹿児島県垂水市牛根境１３３７番地 〒8994631; register record open; number assigned 2015-10-05"
mori-izo-distillery,Mori Izo Distillery,Japan,jp-houjin-bangou,3340002014250,有限会社森三,self,romaji-bridge,low,,https://www.houjin-bangou.nta.go.jp/download/zenken/,register furigana モリゾウ equals pin/domain token 'norizo' but no drinks word and no postcode agreement (lead only); 鹿児島県霧島市国分中央４丁目８－２３ 〒8994332; register record open; number assigned 2015-10-05
mori-izo-distillery,Mori Izo Distillery,Japan,jp-houjin-bangou,8340001018041,株式会社徳蔵,self,romaji-bridge,low,,https://www.houjin-bangou.nta.go.jp/download/zenken/,register furigana ノリゾウ equals pin/domain token 'norizo' but no drinks word and no postcode agreement (lead only); 鹿児島県奄美市名瀬有屋町１９番地５ 〒8940062; register record open; number assigned 2015-10-05
mori-izo-distillery,Mori Izo Distillery,Japan,jp-houjin-bangou,1340002026628,有限会社森伊藏酒販,self,postcode-signal,low,,https://www.houjin-bangou.nta.go.jp/download/zenken/,"shared premises only, names do not overlap; same 7-digit postcode as the pin and a drinks word in the name; 鹿児島県垂水市牛根境１３５４番地 〒8994631; register record open; number assigned 2015-10-05"
muhyo-distillery,Muhyo Distillery,Japan,jp-houjin-bangou,8310001005001,霧氷酒造株式会社,self,hand,high,,https://www.houjin-bangou.nta.go.jp/download/zenken/,Muhyo Shuzo Co.; register address 長崎市神浦夏井町391 = pin address; pin website nagasaki-muhyou.com; register-checked 20 Sep 2026: 長崎県長崎市神浦夏井町３９１番地 〒8512413; register record open; number assigned 2015-10-05
nagahama-distillery,Nagahama Distillery,Japan,jp-houjin-bangou,7160001006882,長浜浪漫ビール株式会社,operator,hand,high,,https://www.houjin-bangou.nta.go.jp/download/zenken/,Nagahama Roman Beer Co.; Nagahama distillery sits in its brewpub; pin website romanbeer.com; register-checked 20 Sep 2026: 滋賀県長浜市朝日町１４番１号 〒5260056; register record open; number assigned 2015-10-05
nanbubijin-distillery,NANBUBIJIN DISTILLERY,Japan,jp-houjin-bangou,8400001007847,株式会社南部美人,self,hand,high,,https://www.houjin-bangou.nta.go.jp/download/zenken/,"Nanbu Bijin Co., Ninohe; spirits licence 2021 (NTA list); pin website nanbubijin.co.jp; register-checked 20 Sep 2026: 岩手県二戸市福岡字上町１３番地 〒0286101; register record open; number assigned 2015-10-05"
nanbubijin-distillery,NANBUBIJIN DISTILLERY,Japan,jp-houjin-bangou,1400005004590,二戸小売酒販組合,self,postcode-signal,low,,https://www.houjin-bangou.nta.go.jp/download/zenken/,"shared premises only, names do not overlap; same 7-digit postcode as the pin and a drinks word in the name; 岩手県二戸市福岡字長嶺５１番地１ 〒0286101; register record open; number assigned 2015-10-05"
nanbubijin-distillery,NANBUBIJIN DISTILLERY,Japan,jp-houjin-bangou,9400005004583,二戸酒類商業協同組合,self,postcode-signal,low,,https://www.houjin-bangou.nta.go.jp/download/zenken/,"shared premises only, names do not overlap; same 7-digit postcode as the pin and a drinks word in the name; 岩手県二戸市福岡字長嶺５１番地１ 〒0286101; register record open; number assigned 2015-10-05"
naturadistill,naturadistill 川内村蒸溜所,Japan,jp-houjin-bangou,4380001033338,株式会社Kokage,operator,hand,high,,https://www.houjin-bangou.nta.go.jp/download/zenken/,"Kokage Co.; NTA spirits licence 2024, trading name naturadistill, site 川内村上川内字町分396-2 = pin address; register-checked 20 Sep 2026: 福島県双葉郡川内村大字上川内字町分３９６番地２ 〒9791201; register record open; number assigned 2022-12-15"
naturadistill,naturadistill 川内村蒸溜所,Japan,jp-houjin-bangou,4380001028379,かわうちワイン株式会社,self,postcode-signal,low,,https://www.houjin-bangou.nta.go.jp/download/zenken/,"shared premises only, names do not overlap; same 7-digit postcode as the pin and a drinks word in the name; 福島県双葉郡川内村大字上川内字大平２番地の１ 〒9791201; register record open; number assigned 2017-08-09"
neo-blue-distillery,Neo Blue Distillery,Japan,jp-houjin-bangou,9250001017704,株式会社Neo Blue Distillery,self,hand,high,,https://www.houjin-bangou.nta.go.jp/download/zenken/,"Neo Blue Distillery Co.; NTA spirits licence 2019, site 長門市油谷新別名960-7 = pin address; register-checked 20 Sep 2026: 山口県長門市油谷新別名９６０番地７ 〒7594503; register record open; number assigned 2019-05-21"
neo-blue-distillery,Neo Blue Distillery,Japan,jp-houjin-bangou,6250002014083,大津酒類醸造有限会社,self,postcode-signal,low,,https://www.houjin-bangou.nta.go.jp/download/zenken/,"shared premises only, names do not overlap; same 7-digit postcode as the pin and a drinks word in the name; 山口県長門市油谷新別名９８番地 〒7594503; register record open; number assigned 2015-10-05"
nikka-whiskey-distillery-kashiwa-factory,Nikka Whiskey Distillery Kashiwa Factory,Japan,jp-houjin-bangou,2010401021550,ニッカウヰスキー株式会社,operator,hand,high,,https://www.houjin-bangou.nta.go.jp/download/zenken/,Nikka Whisky Distilling Co.; Kashiwa is a Nikka blending/bottling plant (Chiba); register-checked 20 Sep 2026: 北海道余市郡余市町黒川町７丁目６番地 〒0460003; register record open; number assigned 2015-10-05
nikka-whiskey-distillery-kashiwa-factory,Nikka Whiskey Distillery Kashiwa Factory,Japan,jp-houjin-bangou,1040002089408,有限会社カシワ,self,romaji-bridge,low,,https://www.houjin-bangou.nta.go.jp/download/zenken/,register furigana カシワ equals pin/domain token 'kasiwa' but no drinks word and no postcode agreement (lead only); 千葉県柏市小青田５丁目１２番 〒2770803; register record closed 2025-11-17 (reason code 01)
nikka-whiskey-distillery-kashiwa-factory,Nikka Whiskey Distillery Kashiwa Factory,Japan,jp-houjin-bangou,3040001065408,柏エレベータ工業株式会社,self,romaji-bridge,low,,https://www.houjin-bangou.nta.go.jp/download/zenken/,pin/domain token 'kasiwa' in register furigana カシワエレベータコウギョウ; same postcode but no drinks word (lead only); 千葉県柏市増尾１６３番地 〒2770033; register record open; number assigned 2015-10-05
nikka-whiskey-distillery-kashiwa-factory,Nikka Whiskey Distillery Kashiwa Factory,Japan,jp-houjin-bangou,4011001128214,株式会社Kasiwa,self,romaji-bridge,low,,https://www.houjin-bangou.nta.go.jp/download/zenken/,register furigana カシワ equals pin/domain token 'kasiwa' but no drinks word and no postcode agreement (lead only); 千葉県鎌ケ谷市新鎌ケ谷４丁目１２番７号ワイズキューブ２０４号 〒2730107; register record open; number assigned 2019-05-28
nikka-whiskey-distillery-kashiwa-factory,Nikka Whiskey Distillery Kashiwa Factory,Japan,jp-houjin-bangou,7040001130769,株式会社KASHIWA研究所,self,romaji-bridge,low,,https://www.houjin-bangou.nta.go.jp/download/zenken/,register furigana カシワケンキュウジョ equals pin/domain token 'kasiwa' but no drinks word and no postcode agreement (lead only); 千葉県印西市大塚３丁目２２番地２３ 〒2701352; register record open; number assigned 2023-11-06
nikka-whiskey-distillery-kashiwa-factory,Nikka Whiskey Distillery Kashiwa Factory,Japan,jp-houjin-bangou,6010405002361,ニッカウヰスキー労働組合,self,postcode-signal,low,,https://www.houjin-bangou.nta.go.jp/download/zenken/,"shared premises only, names do not overlap; same 7-digit postcode as the pin and a drinks word in the name; 千葉県柏市増尾９６７番地 〒2770033; register record open; number assigned 2015-10-05"
nikka-whiskey-distillery-kashiwa-factory,Nikka Whiskey Distillery Kashiwa Factory,Japan,jp-houjin-bangou,7040002090500,有限会社竹井酒店,self,postcode-signal,low,,https://www.houjin-bangou.nta.go.jp/download/zenken/,"shared premises only, names do not overlap; same 7-digit postcode as the pin and a drinks word in the name; 千葉県柏市増尾１丁目２０番２号 〒2770033; register record open; number assigned 2015-10-05"
niseko-distillery-co-ltd,"Niseko Distillery Co., Ltd.",Japan,jp-houjin-bangou,8110001026471,八海醸造株式会社,group,hand,high,,https://www.houjin-bangou.nta.go.jp/download/zenken/,"Hakkaisan Brewery, Niseko Distillery's parent; register-checked 20 Sep 2026: 新潟県南魚沼市長森１０５１番地 〒9497112; register record open; number assigned 2015-10-05"
niseko-distillery-co-ltd,"Niseko Distillery Co., Ltd.",Japan,jp-houjin-bangou,7430001078374,株式会社ニセコ蒸溜所,self,hand,high,,https://www.houjin-bangou.nta.go.jp/download/zenken/,Niseko Distillery Co.; licensed for whisky and spirits 2021 (NTA list); register-checked 20 Sep 2026: 北海道虻田郡ニセコ町字ニセコ４７８番地１５ 〒0481511; register record open; number assigned 2019-02-25
niseko-distillery-co-ltd,"Niseko Distillery Co., Ltd.",Japan,jp-houjin-bangou,1430001051808,株式会社ニセコプリンスホテル,self,romaji-bridge,low,,https://www.houjin-bangou.nta.go.jp/download/zenken/,pin/domain token 'niseko' in register furigana ニセコプリンスホテル; same postcode but no drinks word (lead only); 北海道虻田郡ニセコ町字ニセコ４１３番地の５５ 〒0481511; register record open; number assigned 2015-10-05
niseko-distillery-co-ltd,"Niseko Distillery Co., Ltd.",Japan,jp-houjin-bangou,1430001092793,Niseko Custom Homes株式会社,self,romaji-bridge,low,,https://www.houjin-bangou.nta.go.jp/download/zenken/,pin/domain token 'niseko' in register furigana ニセコカスタムホームズ; same postcode but no drinks word (lead only); 北海道虻田郡ニセコ町字ニセコ４４６番地３３ 〒0481511; register record open; number assigned 2024-10-07
niseko-distillery-co-ltd,"Niseko Distillery Co., Ltd.",Japan,jp-houjin-bangou,1430001096002,株式会社NISEKO TAJ,self,romaji-bridge,low,,https://www.houjin-bangou.nta.go.jp/download/zenken/,pin/domain token 'niseko' in register furigana ニセコタージ; same postcode but no drinks word (lead only); 北海道虻田郡ニセコ町字ニセコ４２９番地４５ 〒0481511; register record open; number assigned 2026-01-08
niseko-distillery-co-ltd,"Niseko Distillery Co., Ltd.",Japan,jp-houjin-bangou,1430002057242,有限会社ミスニセコ,self,romaji-bridge,low,,https://www.houjin-bangou.nta.go.jp/download/zenken/,pin/domain token 'niseko' in register furigana ミスニセコ; same postcode but no drinks word (lead only); 北海道虻田郡ニセコ町字ニセコ９９番地３ 〒0481511; register record open; number assigned 2015-10-05
niseko-distillery-co-ltd,"Niseko Distillery Co., Ltd.",Japan,jp-houjin-bangou,2430003015330,ニセコほたる倶楽部合同会社,self,romaji-bridge,low,,https://www.houjin-bangou.nta.go.jp/download/zenken/,pin/domain token 'niseko' in register furigana ニセコホタルクラブ; same postcode but no drinks word (lead only); 北海道虻田郡ニセコ町字ニセコ３１５番地１３６ 〒0481511; register record open; number assigned 2023-08-08
niseko-distillery-co-ltd,"Niseko Distillery Co., Ltd.",Japan,jp-houjin-bangou,3430001050898,中央バスニセコ観光開発株式会社,self,romaji-bridge,low,,https://www.houjin-bangou.nta.go.jp/download/zenken/,pin/domain token 'niseko' in register furigana チュウオウバスニセコカンコウカイハツ; same postcode but no drinks word (lead only); 北海道虻田郡ニセコ町字ニセコ４８５番地 〒0481511; register record open; number assigned 2015-10-05
niseko-distillery-co-ltd,"Niseko Distillery Co., Ltd.",Japan,jp-houjin-bangou,3430001051806,株式会社ニセコミルキーズ,self,romaji-bridge,low,,https://www.houjin-bangou.nta.go.jp/download/zenken/,pin/domain token 'niseko' in register furigana ニセコミルキーズ; same postcode but no drinks word (lead only); 北海道虻田郡ニセコ町字ニセコ４８２番地１ 〒0481511; register record open; number assigned 2015-10-05
niseko-distillery-co-ltd,"Niseko Distillery Co., Ltd.",Japan,jp-houjin-bangou,3430001095431,Niseko Construction株式会社,self,romaji-bridge,low,,https://www.houjin-bangou.nta.go.jp/download/zenken/,pin/domain token 'niseko' in register furigana ニセココンストラクション; same postcode but no drinks word (lead only); 北海道虻田郡ニセコ町字ニセコ３８４番地３０ 〒0481511; register record open; number assigned 2025-10-16
niseko-distillery-co-ltd,"Niseko Distillery Co., Ltd.",Japan,jp-houjin-bangou,3430002057125,有限会社二世古酒造,self,romaji-bridge,low,,https://www.houjin-bangou.nta.go.jp/download/zenken/,site is group-run per the hand row; name match is a lead; register furigana ニセコシュゾウ equals pin/domain token 'niseko' once drinks words are removed; drinks word in name; 北海道虻田郡倶知安町字旭４７番地 〒0440083; register record open; number assigned 2015-10-05
niseko-distillery-co-ltd,"Niseko Distillery Co., Ltd.",Japan,jp-houjin-bangou,4430001076372,Annupuri Management Niseko株式会社,self,romaji-bridge,low,,https://www.houjin-bangou.nta.go.jp/download/zenken/,pin/domain token 'niseko' in register furigana アンヌプリマネージメントニセコ; same postcode but no drinks word (lead only); 北海道虻田郡ニセコ町字ニセコ４２３番地９ 〒0481511; register record open; number assigned 2018-04-16
niseko-distillery-co-ltd,"Niseko Distillery Co., Ltd.",Japan,jp-houjin-bangou,4430001091702,株式会社デルソーレニセコ,self,romaji-bridge,low,,https://www.houjin-bangou.nta.go.jp/download/zenken/,pin/domain token 'niseko' in register furigana デルソーレニセコ; same postcode but no drinks word (lead only); 北海道虻田郡ニセコ町字ニセコ４８３番地１ 〒0481511; register record open; number assigned 2024-05-08
niseko-distillery-co-ltd,"Niseko Distillery Co., Ltd.",Japan,jp-houjin-bangou,5430003004652,サンクチュアリー・ニセコ合同会社,self,romaji-bridge,low,,https://www.houjin-bangou.nta.go.jp/download/zenken/,pin/domain token 'niseko' in register furigana サンクチュアリーニセコ; same postcode but no drinks word (lead only); 北海道虻田郡ニセコ町字ニセコ３１５番地１２２ 〒0481511; register record open; number assigned 2015-10-05
niseko-distillery-co-ltd,"Niseko Distillery Co., Ltd.",Japan,jp-houjin-bangou,6430001051803,株式会社ニセコグランドホテル,self,romaji-bridge,low,,https://www.houjin-bangou.nta.go.jp/download/zenken/,pin/domain token 'niseko' in register furigana ニセコグランドホテル; same postcode but no drinks word (lead only); 北海道虻田郡ニセコ町字ニセコ４１２番地 〒0481511; register record open; number assigned 2015-10-05
niseko-distillery-co-ltd,"Niseko Distillery Co., Ltd.",Japan,jp-houjin-bangou,6430001058666,Niseko Black株式会社,self,romaji-bridge,low,,https://www.houjin-bangou.nta.go.jp/download/zenken/,pin/domain token 'niseko' in register furigana ニセコブラック; same postcode but no drinks word (lead only); 北海道虻田郡ニセコ町字ニセコ４３５番地１ 〒0481511; register record open; number assigned 2015-10-05
niseko-distillery-co-ltd,"Niseko Distillery Co., Ltd.",Japan,jp-houjin-bangou,6430001084407,Niseko Development株式会社,self,romaji-bridge,low,,https://www.houjin-bangou.nta.go.jp/download/zenken/,pin/domain token 'niseko' in register furigana ニセコディベロップメント; same postcode but no drinks word (lead only); 北海道虻田郡ニセコ町字ニセコ３８４番地２７ 〒0481511; register record open; number assigned 2021-06-23
niseko-distillery-co-ltd,"Niseko Distillery Co., Ltd.",Japan,jp-houjin-bangou,7430001069811,株式会社NISEKO TAJ,self,romaji-bridge,low,,https://www.houjin-bangou.nta.go.jp/download/zenken/,pin/domain token 'niseko' in register furigana ニセコタージ; same postcode but no drinks word (lead only); 北海道虻田郡ニセコ町字ニセコ４２９番地４５ 〒0481511; register record closed 2019-11-27 (reason code 11)
niseko-distillery-co-ltd,"Niseko Distillery Co., Ltd.",Japan,jp-houjin-bangou,8430001077672,株式会社ニセコハイランドコテージ&リゾート,self,romaji-bridge,low,,https://www.houjin-bangou.nta.go.jp/download/zenken/,pin/domain token 'niseko' in register furigana ニセコハイランドコテージアンドリゾート; same postcode but no drinks word (lead only); 北海道虻田郡ニセコ町字ニセコ１８６番地１４ 〒0481511; register record open; number assigned 2018-11-07
nishihira-shuzo-kokuto-shochu-distillery,Nishihira Shuzo Kokuto Shochu Distillery,Japan,jp-houjin-bangou,8340001010691,西平酒造株式会社,self,hand,high,,https://www.houjin-bangou.nta.go.jp/download/zenken/,"Nishihira Shuzo Co., Amami; pin website nishihira-shuzo.com; register-checked 20 Sep 2026: 鹿児島県奄美市名瀬小俣町１１番２１号 〒8940012; register record open; number assigned 2015-10-05"
nozawa-onsen-distillery,Nozawa Onsen Distillery,Japan,jp-houjin-bangou,9100002004006,有限会社野澤酒店,self,romaji-bridge,high,,https://www.houjin-bangou.nta.go.jp/download/zenken/,register furigana ノザワサケテン equals pin/domain token 'nozawa' once drinks words are removed; drinks word in name; 長野県長野市三輪２丁目５番１３号 〒3800803; register record open; number assigned 2015-10-05
nozawa-onsen-distillery,Nozawa Onsen Distillery,Japan,jp-houjin-bangou,9100001034061,Nozawa Onsen Distillery株式会社,self,hand,high,,https://www.houjin-bangou.nta.go.jp/download/zenken/,"Nozawa Onsen Distillery Co.; NTA spirits licence 2022, site 野沢温泉村豊郷9394 = pin address; register-checked 20 Sep 2026: 長野県下高井郡野沢温泉村大字豊郷９３９４ 〒3892502; register record open; number assigned 2021-03-22"
nozawa-onsen-distillery,Nozawa Onsen Distillery,Japan,jp-houjin-bangou,2100001011959,株式会社野沢温泉,self,romaji-bridge,low,,https://www.houjin-bangou.nta.go.jp/download/zenken/,pin/domain token 'nozawa' in register furigana ノザワオンセン; same postcode but no drinks word (lead only); 長野県下高井郡野沢温泉村大字豊郷７６５３番地 〒3892502; register record open; number assigned 2015-10-05
nozawa-onsen-distillery,Nozawa Onsen Distillery,Japan,jp-houjin-bangou,2100001035636,株式会社野沢温泉企画,self,romaji-bridge,low,,https://www.houjin-bangou.nta.go.jp/download/zenken/,pin/domain token 'nozawa' in register furigana ノザワオンセンキカク; same postcode but no drinks word (lead only); 長野県下高井郡野沢温泉村大字豊郷４３９１番地 〒3892502; register record open; number assigned 2022-08-25
nozawa-onsen-distillery,Nozawa Onsen Distillery,Japan,jp-houjin-bangou,2100002025173,有限会社ノザワ,self,romaji-bridge,low,,https://www.houjin-bangou.nta.go.jp/download/zenken/,register furigana ノザワ equals pin/domain token 'nozawa' but no drinks word and no postcode agreement (lead only); 長野県塩尻市大字大門１０７９番地１８５ 〒3990744; register record closed 2024-12-16 (reason code 01)
nozawa-onsen-distillery,Nozawa Onsen Distillery,Japan,jp-houjin-bangou,2100003007550,Welcome Nozawa合同会社,self,romaji-bridge,low,,https://www.houjin-bangou.nta.go.jp/download/zenken/,pin/domain token 'nozawa' in register furigana ウェルカムノザワ; same postcode but no drinks word (lead only); 長野県下高井郡野沢温泉村大字豊郷９７５３番地９ 〒3892502; register record open; number assigned 2024-05-17
nozawa-onsen-distillery,Nozawa Onsen Distillery,Japan,jp-houjin-bangou,3100001017988,株式会社野沢ホスピタリティー,self,romaji-bridge,low,,https://www.houjin-bangou.nta.go.jp/download/zenken/,pin/domain token 'nozawa' in register furigana ノザワホスピタリティー; same postcode but no drinks word (lead only); 長野県下高井郡野沢温泉村大字豊郷９５３５ 〒3892502; register record open; number assigned 2015-10-05
nozawa-onsen-distillery,Nozawa Onsen Distillery,Japan,jp-houjin-bangou,3100001021701,株式会社ノザワ,self,romaji-bridge,low,,https://www.houjin-bangou.nta.go.jp/download/zenken/,register furigana ノザワ equals pin/domain token 'nozawa' but no drinks word and no postcode agreement (lead only); 長野県上伊那郡辰野町中央２２１番地１ 〒3990427; register record open; number assigned 2015-10-05
nozawa-onsen-distillery,Nozawa Onsen Distillery,Japan,jp-houjin-bangou,3100003005990,合同会社野沢温泉燃料サービス,self,romaji-bridge,low,,https://www.houjin-bangou.nta.go.jp/download/zenken/,pin/domain token 'nozawa' in register furigana ノザワオンセンネンリョウサービス; same postcode but no drinks word (lead only); 長野県下高井郡野沢温泉村大字豊郷９２８３番地 〒3892502; register record open; number assigned 2021-03-02
nozawa-onsen-distillery,Nozawa Onsen Distillery,Japan,jp-houjin-bangou,4100001011940,のざわ温泉交通株式会社,self,romaji-bridge,low,,https://www.houjin-bangou.nta.go.jp/download/zenken/,pin/domain token 'nozawa' in register furigana ノザワオンセンコウツウ; same postcode but no drinks word (lead only); 長野県下高井郡野沢温泉村大字豊郷９２５８番地８ 〒3892502; register record open; number assigned 2015-10-05
nozawa-onsen-distillery,Nozawa Onsen Distillery,Japan,jp-houjin-bangou,4100002017499,有限会社野沢堂,self,romaji-bridge,low,,https://www.houjin-bangou.nta.go.jp/download/zenken/,pin/domain token 'nozawa' in register furigana ノザワドウ; same postcode but no drinks word (lead only); 長野県下高井郡野沢温泉村大字豊郷９４９２番地 〒3892502; register record open; number assigned 2015-10-05
nozawa-onsen-distillery,Nozawa Onsen Distillery,Japan,jp-houjin-bangou,5100002017498,有限会社野沢温泉ホテル,self,romaji-bridge,low,,https://www.houjin-bangou.nta.go.jp/download/zenken/,pin/domain token 'nozawa' in register furigana ノザワオンセンホテル; same postcode but no drinks word (lead only); 長野県下高井郡野沢温泉村大字豊郷７９２３番地３ 〒3892502; register record open; number assigned 2015-10-05
nozawa-onsen-distillery,Nozawa Onsen Distillery,Japan,jp-houjin-bangou,5100003008918,HERITAGE NOZAWA合同会社,self,romaji-bridge,low,,https://www.houjin-bangou.nta.go.jp/download/zenken/,pin/domain token 'nozawa' in register furigana ヘリテージノザワ; same postcode but no drinks word (lead only); 長野県下高井郡野沢温泉村大字豊郷９７０８番地５ 〒3892502; register record open; number assigned 2026-08-26
nozawa-onsen-distillery,Nozawa Onsen Distillery,Japan,jp-houjin-bangou,6100001039732,株式会社野沢グランドホテル,self,romaji-bridge,low,,https://www.houjin-bangou.nta.go.jp/download/zenken/,pin/domain token 'nozawa' in register furigana ノザワグランドホテル; same postcode but no drinks word (lead only); 長野県下高井郡野沢温泉村大字豊郷８８８８番地 〒3892502; register record open; number assigned 2026-06-17
nozawa-onsen-distillery,Nozawa Onsen Distillery,Japan,jp-houjin-bangou,6100002017506,有限会社ノザワ缶詰工業,self,romaji-bridge,low,,https://www.houjin-bangou.nta.go.jp/download/zenken/,pin/domain token 'nozawa' in register furigana ノザワカンヅメコウギョウ; same postcode but no drinks word (lead only); 長野県下高井郡野沢温泉村大字豊郷９３９４番地 〒3892502; register record closed 2021-05-14 (reason code 01)
nozawa-onsen-distillery,Nozawa Onsen Distillery,Japan,jp-houjin-bangou,6100003005385,合同会社野沢R・C,self,romaji-bridge,low,,https://www.houjin-bangou.nta.go.jp/download/zenken/,pin/domain token 'nozawa' in register furigana ノザワアールシー; same postcode but no drinks word (lead only); 長野県下高井郡野沢温泉村大字豊郷９７５７番地５ 〒3892502; register record open; number assigned 2019-07-17
nozawa-onsen-distillery,Nozawa Onsen Distillery,Japan,jp-houjin-bangou,6100003005988,合同会社Snow Palace Nozawa,self,romaji-bridge,low,,https://www.houjin-bangou.nta.go.jp/download/zenken/,pin/domain token 'nozawa' in register furigana スノーパレスノザワ; same postcode but no drinks word (lead only); 長野県下高井郡野沢温泉村大字豊郷４４２４－２ 〒3892502; register record closed 2025-07-31 (reason code 01)
nozawa-onsen-distillery,Nozawa Onsen Distillery,Japan,jp-houjin-bangou,7100002017505,有限会社野沢オート,self,romaji-bridge,low,,https://www.houjin-bangou.nta.go.jp/download/zenken/,pin/domain token 'nozawa' in register furigana ノザワオート; same postcode but no drinks word (lead only); 長野県下高井郡野沢温泉村大字豊郷４４９０番地５ 〒3892502; register record open; number assigned 2015-10-05
nozawa-onsen-distillery,Nozawa Onsen Distillery,Japan,jp-houjin-bangou,8100001035449,ロク・ノザワ株式会社,self,romaji-bridge,low,,https://www.houjin-bangou.nta.go.jp/download/zenken/,pin/domain token 'nozawa' in register furigana ロクノザワ; same postcode but no drinks word (lead only); 長野県下高井郡野沢温泉村大字豊郷新田９７３１ 〒3892502; register record open; number assigned 2022-06-21
nozawa-onsen-distillery,Nozawa Onsen Distillery,Japan,jp-houjin-bangou,8100002017504,有限会社野沢ビューホテル嶋田屋,self,romaji-bridge,low,,https://www.houjin-bangou.nta.go.jp/download/zenken/,pin/domain token 'nozawa' in register furigana ノザワビューホテルシマダヤ; same postcode but no drinks word (lead only); 長野県下高井郡野沢温泉村大字豊郷８８５８番地 〒3892502; register record open; number assigned 2015-10-05
nozawa-onsen-distillery,Nozawa Onsen Distillery,Japan,jp-houjin-bangou,8100003004831,Nozawa Management合同会社,self,romaji-bridge,low,,https://www.houjin-bangou.nta.go.jp/download/zenken/,pin/domain token 'nozawa' in register furigana ノザワマネジメント; same postcode but no drinks word (lead only); 長野県下高井郡野沢温泉村大字豊郷９４１８－４ 〒3892502; register record open; number assigned 2017-12-01
nozawa-onsen-distillery,Nozawa Onsen Distillery,Japan,jp-houjin-bangou,9100001029400,野沢温泉スポーツサービス株式会社,self,romaji-bridge,low,,https://www.houjin-bangou.nta.go.jp/download/zenken/,pin/domain token 'nozawa' in register furigana ノザワオンセンスポーツサービス; same postcode but no drinks word (lead only); 長野県下高井郡野沢温泉村大字豊郷８００５番地２ 〒3892502; register record open; number assigned 2016-06-03
nozawa-onsen-distillery,Nozawa Onsen Distillery,Japan,jp-houjin-bangou,9100001039003,株式会社野沢農産,self,romaji-bridge,low,,https://www.houjin-bangou.nta.go.jp/download/zenken/,pin/domain token 'nozawa' in register furigana ノザワノウサン; same postcode but no drinks word (lead only); 長野県下高井郡野沢温泉村大字豊郷３１７２番地１ 〒3892502; register record open; number assigned 2025-10-06
nozawa-onsen-distillery,Nozawa Onsen Distillery,Japan,jp-houjin-bangou,9100002030299,株式会社野沢,self,romaji-bridge,low,,https://www.houjin-bangou.nta.go.jp/download/zenken/,register furigana ノザワ equals pin/domain token 'nozawa' but no drinks word and no postcode agreement (lead only); 長野県茅野市北山北大塩道６８９１番地２ 〒3910301; register record open; number assigned 2015-10-05
nozawa-onsen-distillery,Nozawa Onsen Distillery,Japan,jp-houjin-bangou,3100002017500,有限会社野沢酒店,self,postcode-signal,low,,https://www.houjin-bangou.nta.go.jp/download/zenken/,"shared premises only, names do not overlap; same 7-digit postcode as the pin and a drinks word in the name; 長野県下高井郡野沢温泉村大字豊郷字麻釜８７７７番地 〒3892502; register record open; number assigned 2015-10-05"
nozawa-onsen-distillery,Nozawa Onsen Distillery,Japan,jp-houjin-bangou,5100003001435,合資会社酒屋旅館,self,postcode-signal,low,,https://www.houjin-bangou.nta.go.jp/download/zenken/,"shared premises only, names do not overlap; same 7-digit postcode as the pin and a drinks word in the name; 長野県下高井郡野沢温泉村大字豊郷９３２９番地 〒3892502; register record open; number assigned 2015-10-05"
nozawa-onsen-distillery,Nozawa Onsen Distillery,Japan,jp-houjin-bangou,8100002017495,有限会社長野屋酒店,self,postcode-signal,low,,https://www.houjin-bangou.nta.go.jp/download/zenken/,"shared premises only, names do not overlap; same 7-digit postcode as the pin and a drinks word in the name; 長野県下高井郡野沢温泉村大字豊郷９５７０番地 〒3892502; register record open; number assigned 2015-10-05"
nozawa-onsen-distillery,Nozawa Onsen Distillery,Japan,jp-houjin-bangou,9100002017486,有限会社千代田酒店,self,postcode-signal,low,,https://www.houjin-bangou.nta.go.jp/download/zenken/,same 7-digit postcode as the pin and a drinks word in the name; 長野県下高井郡野沢温泉村大字豊郷９７４０番地の１ 〒3892502; register record closed 2024-08-26 (reason code 01)
nozawa-onsen-distillery,Nozawa Onsen Distillery,Japan,jp-houjin-bangou,7100002002408,有限会社下澤酒店,self,romaji-bridge,medium,,https://www.houjin-bangou.nta.go.jp/download/zenken/,pin/domain token 'nozawa' in register furigana シモザワサケテン (core 'sinozawa'); drinks word in name; 長野県長野市吉田１丁目７番１９号 〒3810043; register record open; number assigned 2015-10-05
number-eight-distillery,NUMBER EIGHT DISTILLERY,Japan,jp-houjin-bangou,7013201012145,株式会社HUGE,operator,hand,high,,https://www.houjin-bangou.nta.go.jp/download/zenken/,"HUGE Co. (restaurant group) runs Number Eight distillery at Quays Pacific Grill, Yokohama Hammerhead; NTA beer licence 2019 names 法人番号7013201012145; pin website huge.co.jp; register-checked 20 Sep 2026: 東京都渋谷区神宮前１丁目４番２０号 〒1500001; register record open; number assigned 2015-10-05"
number-eight-distillery,NUMBER EIGHT DISTILLERY,Japan,jp-houjin-bangou,2130001054294,株式会社京都蒸溜所,self,licence-houjin,low,,https://www.houjin-bangou.nta.go.jp/download/zenken/,"法人番号 from NTA licence list h28 (スピリッツ, site 京都市南区吉祥院嶋野間詰町15番地, trading name ''); prefecture differs (pin 神奈川県, register 京都府); 京都府京都市中京区河原町通二条上る清水町３５８番地 〒6040911; register record open; number assigned 2015-10-05"
okumikawa-distillery,Okumikawa Distillery,Japan,jp-houjin-bangou,1180302017731,奥三河蒸留研究所有限会社,self,hand,high,,https://www.houjin-bangou.nta.go.jp/download/zenken/,"Okumikawa Distillation Laboratory; register furigana オクミカワジョウリュウケンキュウジョ, Shinshiro; pin website valoreland.com; register-checked 20 Sep 2026: 愛知県北設楽郡設楽町津具字原１２０番地 〒4412601; register record open; number assigned 2015-10-05"
okumikawa-distillery,Okumikawa Distillery,Japan,jp-houjin-bangou,7180301024161,株式会社オクミカワ,self,romaji-bridge,low,,https://www.houjin-bangou.nta.go.jp/download/zenken/,register furigana オクミカワ equals pin/domain token 'okunikawa' but no drinks word and no postcode agreement (lead only); 愛知県北設楽郡設楽町清崎字水口５番地２ 〒4412302; register record open; number assigned 2015-10-05
osuzuyama-distillery,Osuzuyama Distillery,Japan,jp-houjin-bangou,2350001005705,株式会社黒木本店,group,hand,high,,https://www.houjin-bangou.nta.go.jp/download/zenken/,"Kuroki Honten, Takanabe; Osuzuyama distillery is its mountain site (Kijo); register-checked 20 Sep 2026: 宮崎県児湯郡高鍋町大字北高鍋７７６番地 〒8840002; register record open; number assigned 2015-10-05"
osuzuyama-distillery,Osuzuyama Distillery,Japan,jp-houjin-bangou,5350001005553,株式会社尾鈴山蒸留所,self,hand,high,,https://www.houjin-bangou.nta.go.jp/download/zenken/,"Osuzuyama Distillery Co.; register address 木城町石河内, same postcode as the pin; register-checked 20 Sep 2026: 宮崎県児湯郡木城町大字石河内字倉谷６５６番１７ 〒8840104; register record open; number assigned 2015-10-05"
rikashitsu-distillery-utsunomiya,Rikashitsu Distillery UTSUNOMIYA,Japan,jp-houjin-bangou,7060003002824,うつのみや合同会社,self,romaji-bridge,low,,https://www.houjin-bangou.nta.go.jp/download/zenken/,register furigana ウツノミヤ equals pin/domain token 'utunoniya' but no drinks word and no postcode agreement (lead only); 栃木県宇都宮市さつき２丁目２番４号 〒3210141; register record open; number assigned 2018-05-16
rikashitsu-distillery-utsunomiya,Rikashitsu Distillery UTSUNOMIYA,Japan,jp-houjin-bangou,2060002004280,有限会社酒井屋商店,self,postcode-signal,low,,https://www.houjin-bangou.nta.go.jp/download/zenken/,same 7-digit postcode as the pin and a drinks word in the name; 栃木県宇都宮市西１丁目１番１９号 〒3200861; register record closed 2020-10-14 (reason code 01)
rikashitsu-distillery-utsunomiya,Rikashitsu Distillery UTSUNOMIYA,Japan,jp-houjin-bangou,4060002009253,有限会社山田屋酒店,self,postcode-signal,low,,https://www.houjin-bangou.nta.go.jp/download/zenken/,same 7-digit postcode as the pin and a drinks word in the name; 栃木県宇都宮市西２丁目１番２号 〒3200861; register record closed 2017-11-15 (reason code 01)
rikashitsu-distillery-utsunomiya,Rikashitsu Distillery UTSUNOMIYA,Japan,jp-houjin-bangou,2060001024379,宇都宮ブルワリー株式会社,self,romaji-bridge,medium,,https://www.houjin-bangou.nta.go.jp/download/zenken/,ambiguous: 2 companies match equally; register furigana ウツノミヤブルワリー equals pin/domain token 'utunoniya' once drinks words are removed; drinks word in name; 栃木県宇都宮市池上町３番８号 〒3200801; register record open; number assigned 2015-10-05
rikashitsu-distillery-utsunomiya,Rikashitsu Distillery UTSUNOMIYA,Japan,jp-houjin-bangou,6060001000657,宇都宮酒造株式会社,self,romaji-bridge,medium,,https://www.houjin-bangou.nta.go.jp/download/zenken/,ambiguous: 2 companies match equally; register furigana ウツノミヤシュゾウ equals pin/domain token 'utunoniya' once drinks words are removed; drinks word in name; 栃木県宇都宮市柳田町２４８番地 〒3210902; register record open; number assigned 2015-10-05
rikashitsu-distillery-utsunomiya,Rikashitsu Distillery UTSUNOMIYA,Japan,jp-houjin-bangou,5010602029365,リカシツ株式会社,self,hand,medium,,https://www.houjin-bangou.nta.go.jp/download/zenken/,"Rikashitsu (laboratory glassware shop) distillery, Utsunomiya; pin website rikashitsu.jp; number left to the register lookup; register-checked 20 Sep 2026: 東京都江東区平野１丁目９番７－１０２号 〒1350023; register record open; number assigned 2015-10-05"
saburomaru-distillery,Saburomaru Distillery,Japan,jp-houjin-bangou,7230001008450,若鶴酒造株式会社,operator,hand,high,,https://www.houjin-bangou.nta.go.jp/download/zenken/,"Wakatsuru Shuzo Co., Tonami; Saburomaru is its whisky distillery; pin website wakatsuru.co.jp; register-checked 20 Sep 2026: 富山県砺波市三郎丸２０８番地 〒9391308; register record open; number assigned 2015-10-05"
sakimoto-awamori-distillery,Sakimoto Awamori Distillery,Japan,jp-houjin-bangou,3360003000537,咲元酒造株式会社,self,hand,high,,https://www.houjin-bangou.nta.go.jp/download/zenken/,"Sakimoto Shuzo Co., Onna; pin website sakimoto-awamori.com; register-checked 20 Sep 2026: 沖縄県国頭郡恩納村字山田１４３７番１ 〒9040416; register record open; number assigned 2015-10-05"
sakimoto-awamori-distillery,Sakimoto Awamori Distillery,Japan,jp-houjin-bangou,6360003005095,合名会社崎元酒造所,self,romaji-bridge,medium,,https://www.houjin-bangou.nta.go.jp/download/zenken/,pin/domain token 'sakinoto' in register furigana サキモトシュゾウショ (core 'sakinotosyo'); drinks word in name; 沖縄県八重山郡与那国町字与那国２３２９番地 〒9071801; register record open; number assigned 2015-10-05
sakimoto-sake-distillery,Sakimoto Sake Distillery,Japan,jp-houjin-bangou,3360003000537,咲元酒造株式会社,self,romaji-bridge,high,,https://www.houjin-bangou.nta.go.jp/download/zenken/,register furigana サキモトシュゾウ equals pin/domain token 'sakinoto' once drinks words are removed; drinks word in name; 沖縄県国頭郡恩納村字山田１４３７番１ 〒9040416; register record open; number assigned 2015-10-05
sakimoto-sake-distillery,Sakimoto Sake Distillery,Japan,jp-houjin-bangou,6360003005095,合名会社崎元酒造所,self,hand,high,,https://www.houjin-bangou.nta.go.jp/download/zenken/,"Sakimoto Shuzosho, Yonaguni; pin website sakimotoshuzo.com; register-checked 20 Sep 2026: 沖縄県八重山郡与那国町字与那国２３２９番地 〒9071801; register record open; number assigned 2015-10-05"
sakimoto-sake-distillery,Sakimoto Sake Distillery,Japan,jp-houjin-bangou,4360001013300,入波平酒造株式会社,self,postcode-signal,low,,https://www.houjin-bangou.nta.go.jp/download/zenken/,"shared premises only, names do not overlap; same 7-digit postcode as the pin and a drinks word in the name; 沖縄県八重山郡与那国町字与那国１５８番地の１ 〒9071801; register record open; number assigned 2015-10-05"
sakimoto-sake-distillery,Sakimoto Sake Distillery,Japan,jp-houjin-bangou,7360003005094,株式会社どなん酒造,self,postcode-signal,low,,https://www.houjin-bangou.nta.go.jp/download/zenken/,"shared premises only, names do not overlap; same 7-digit postcode as the pin and a drinks word in the name; 沖縄県八重山郡与那国町字与那国２０８７番地 〒9071801; register record open; number assigned 2015-10-05"
sakimoto-sake-distillery,Sakimoto Sake Distillery,Japan,jp-houjin-bangou,7360003005111,合資会社崎元酒造所,self,postcode-signal,low,,https://www.houjin-bangou.nta.go.jp/download/zenken/,same 7-digit postcode as the pin and a drinks word in the name; 沖縄県八重山郡与那国町字与那国３６２番地の１ 〒9071801; register record closed 2016-02-01 (reason code 21)
setouchi-distillery,SETOUCHI DISTILLERY（セトウチディステラリー）,Japan,jp-houjin-bangou,2240001026613,株式会社三宅本店,operator,hand,high,,https://www.houjin-bangou.nta.go.jp/download/zenken/,"Miyake Honten (Sempuku sake), Kure; Setouchi distillery whisky licence 2021 (NTA list); register-checked 20 Sep 2026: 広島県呉市本通７丁目９番１０号 〒7370045; register record open; number assigned 2015-10-05"
setouchi-distillery,SETOUCHI DISTILLERY（セトウチディステラリー）,Japan,jp-houjin-bangou,1240001054912,瀬戸内醸造所株式会社,self,romaji-bridge,low,,https://www.houjin-bangou.nta.go.jp/download/zenken/,site is group-run per the hand row; name match is a lead; register furigana セトウチジョウゾウショ equals pin/domain token 'setoti' once drinks words are removed; drinks word in name; 広島県竹原市本町３丁目１０番３７号 〒7250022; register record open; number assigned 2019-09-10
setouchi-distillery,SETOUCHI DISTILLERY（セトウチディステラリー）,Japan,jp-houjin-bangou,2240001059407,株式会社セトウチ,self,romaji-bridge,low,,https://www.houjin-bangou.nta.go.jp/download/zenken/,register furigana セトウチ equals pin/domain token 'setoti' but no drinks word and no postcode agreement (lead only); 広島県広島市西区観音本町２丁目７番２９号 〒7330033; register record open; number assigned 2022-03-02
setouchi-distillery,SETOUCHI DISTILLERY（セトウチディステラリー）,Japan,jp-houjin-bangou,4240001038202,株式会社セトウチ,self,romaji-bridge,low,,https://www.houjin-bangou.nta.go.jp/download/zenken/,register furigana セトウチ equals pin/domain token 'setoti' but no drinks word and no postcode agreement (lead only); 広島県尾道市向島町５５４７番地５ 〒7220073; register record open; number assigned 2015-10-05
setouchi-distillery,SETOUCHI DISTILLERY（セトウチディステラリー）,Japan,jp-houjin-bangou,4240001055643,株式会社せとうち,self,romaji-bridge,low,,https://www.houjin-bangou.nta.go.jp/download/zenken/,register furigana セトウチ equals pin/domain token 'setoti' but no drinks word and no postcode agreement (lead only); 広島県尾道市御調町市１００番地 〒7220311; register record open; number assigned 2020-02-06
setouchi-distillery,SETOUCHI DISTILLERY（セトウチディステラリー）,Japan,jp-houjin-bangou,4260001003716,株式会社瀬戸内ビル,self,romaji-bridge,low,,https://www.houjin-bangou.nta.go.jp/download/zenken/,register furigana セトウチビル equals pin/domain token 'setoti' but no drinks word and no postcode agreement (lead only); 広島県福山市新市町大字新市３００番地１ 〒7293103; register record open; number assigned 2015-10-05
setouchi-distillery,SETOUCHI DISTILLERY（セトウチディステラリー）,Japan,jp-houjin-bangou,5240001038944,株式会社セトウチ,self,romaji-bridge,low,,https://www.houjin-bangou.nta.go.jp/download/zenken/,register furigana セトウチ equals pin/domain token 'setoti' but no drinks word and no postcode agreement (lead only); 広島県尾道市瀬戸田町林１２６０番地１ 〒7222416; register record open; number assigned 2015-10-05
setouchi-distillery,SETOUCHI DISTILLERY（セトウチディステラリー）,Japan,jp-houjin-bangou,9240001037257,株式会社セトウチ,self,romaji-bridge,low,,https://www.houjin-bangou.nta.go.jp/download/zenken/,register furigana セトウチ equals pin/domain token 'setoti' but no drinks word and no postcode agreement (lead only); 広島県竹原市東野町１５８番地の３ 〒7250004; register record open; number assigned 2015-10-05
setouchi-distillery,SETOUCHI DISTILLERY（セトウチディステラリー）,Japan,jp-houjin-bangou,2240002034524,有限会社渡辺酒店,self,postcode-signal,low,,https://www.houjin-bangou.nta.go.jp/download/zenken/,"shared premises only, names do not overlap; same 7-digit postcode as the pin and a drinks word in the name; 広島県呉市本通３丁目５番１号 〒7370045; register record open; number assigned 2015-10-05"
setouchi-distillery,SETOUCHI DISTILLERY（セトウチディステラリー）,Japan,jp-houjin-bangou,8240002033693,有限会社野田屋酒販,self,postcode-signal,low,,https://www.houjin-bangou.nta.go.jp/download/zenken/,"shared premises only, names do not overlap; same 7-digit postcode as the pin and a drinks word in the name; 広島県呉市本通５丁目９番１５号 〒7370045; register record open; number assigned 2015-10-05"
setouchi-distillery,SETOUCHI DISTILLERY（セトウチディステラリー）,Japan,jp-houjin-bangou,9240002033882,有限会社東谷酒店,self,postcode-signal,low,,https://www.houjin-bangou.nta.go.jp/download/zenken/,"shared premises only, names do not overlap; same 7-digit postcode as the pin and a drinks word in the name; 広島県呉市本通６丁目１番２号 〒7370045; register record open; number assigned 2015-10-05"
shibataya-brewery-distillery,SHIBATAYA Brewery & Distillery,Japan,jp-houjin-bangou,6011201002456,株式会社柴田屋酒店,operator,hand,medium,,https://www.houjin-bangou.nta.go.jp/download/zenken/,"Shibataya (sake retailer/brewer, sake-ya-japan.com) runs the Sayama brewery-distillery; number left to the register lookup; register-checked 20 Sep 2026: 東京都中野区中央５丁目３番１１号 〒1640011; register record open; number assigned 2015-10-05"
shibataya-brewery-distillery,SHIBATAYA Brewery & Distillery,Japan,jp-houjin-bangou,2030001079905,株式会社芝田屋,self,romaji-bridge,low,,https://www.houjin-bangou.nta.go.jp/download/zenken/,register furigana シバタヤ equals pin/domain token 'sibataya' but no drinks word and no postcode agreement (lead only); 埼玉県川口市芝中田１丁目１番地１ 〒3330847; register record open; number assigned 2015-10-05
shinobu-distillery,Shinobu Distillery,Japan,jp-houjin-bangou,6110003003883,株式会社新潟小規模蒸溜所,self,hand,high,,https://www.houjin-bangou.nta.go.jp/download/zenken/,"Niigata Micro Distillery Co. (Shinobu), Nishikan; pin website shinobudistillery.com; register-checked 20 Sep 2026: 新潟県新潟市江南区亀田工業団地１丁目３番５号 〒9500141; register record closed 2026-07-06 (reason code 11)"
shinobu-distillery,Shinobu Distillery,Japan,jp-houjin-bangou,3110002010149,有限会社志のぶ,self,romaji-bridge,low,,https://www.houjin-bangou.nta.go.jp/download/zenken/,register furigana シノブ equals pin/domain token 'sinobu' but no drinks word and no postcode agreement (lead only); 新潟県新潟市南区能登４２０番地８ 〒9501213; register record open; number assigned 2015-10-05
shinobu-distillery,Shinobu Distillery,Japan,jp-houjin-bangou,2110001037268,株式会社加島屋酒販,self,postcode-signal,low,,https://www.houjin-bangou.nta.go.jp/download/zenken/,same 7-digit postcode as the pin and a drinks word in the name; 新潟県新潟市西蒲区越前浜５３５４番地 〒9530012; register record closed 2023-10-10 (reason code 11)
shinobu-distillery,Shinobu Distillery,Japan,jp-houjin-bangou,8110001008305,新潟麦酒株式会社,self,postcode-signal,low,,https://www.houjin-bangou.nta.go.jp/download/zenken/,"shared premises only, names do not overlap; same 7-digit postcode as the pin and a drinks word in the name; 新潟県新潟市西蒲区越前浜５１２０番地 〒9530012; register record open; number assigned 2015-10-05"
shirahama-distillery,SHIRAHAMA DISTILLERY,Japan,jp-houjin-bangou,3090001016793,南アルプスワインアンドビバレッジ株式会社,operator,hand,medium,,https://www.houjin-bangou.nta.go.jp/download/zenken/,"Shirahama distillery (Shimoda) is run by Minami Alps Wine & Beverage (whisky licence 2021, NTA list); check; register-checked 20 Sep 2026: 山梨県南都留郡西桂町下暮地３６７番地 〒4030021; register record open; number assigned 2021-02-01"
shirahama-distillery,SHIRAHAMA DISTILLERY,Japan,jp-houjin-bangou,1080001010832,株式会社白浜,self,romaji-bridge,low,,https://www.houjin-bangou.nta.go.jp/download/zenken/,register furigana シラハマ equals pin/domain token 'sirahana' but no drinks word and no postcode agreement (lead only); 静岡県静岡市清水区折戸４３３番地の１２３ 〒4240902; register record open; number assigned 2015-10-05
shochu-distillery-museum-toji-no-sato-kasasa,Toji no Sato Kasasa,Japan,jp-houjin-bangou,2340001012537,株式会社杜氏の里笠沙,self,hand,high,,https://www.houjin-bangou.nta.go.jp/download/zenken/,"Toji no Sato Kasasa Co.; register furigana トウジノサトカササ, same postcode as the pin; pin website toujinosato.co.jp; register-checked 20 Sep 2026: 鹿児島県南さつま市笠沙町赤生木６７６２番地 〒8971302; register record open; number assigned 2015-10-05"
sicx-gin-distillery-cafe-bar,SiCX Kyoto Distillery,Japan,jp-houjin-bangou,,株式会社FEC,operator,hand,low,,https://www.houjin-bangou.nta.go.jp/download/zenken/,"no register number read; FEC Co.; NTA spirits licence 2022, trading name SiCX京都東山, site 東山区下堀詰町234 = pin address; 17 register rows share this name in 京都府, number not resolved"
sicx-gin-distillery-cafe-bar,SiCX Kyoto Distillery,Japan,jp-houjin-bangou,2011001129338,株式会社FEC,self,licence-houjin,low,,https://www.houjin-bangou.nta.go.jp/download/zenken/,"法人番号 from NTA licence list r04 (スピリッツ, site 京都市東山区鞘町通七条上る下堀詰町234番地, trading name 'SiCX京都東山蒸留所'); prefecture differs (pin 京都府, register 東京都); 東京都目黒区東山３丁目６－１３ミリオンベル１０１ 〒1530043; register record open; number assigned 2019-08-06"
sugimoto-shochu-distillery,Sugimoto Shochu Distillery,Japan,jp-houjin-bangou,4340003001040,杉本酒造株式会社,self,hand,high,,https://www.houjin-bangou.nta.go.jp/download/zenken/,"Sugimoto Shuzo Co., Nagashima; instagram-only pin website; register-checked 20 Sep 2026: 鹿児島県出水郡長島町蔵之元２４９７番地１ 〒8991301; register record open; number assigned 2015-10-05"
suntory-osumi-distillery,Suntory Osumi Distillery,Japan,jp-houjin-bangou,3120001136159,サントリーホールディングス株式会社,group,hand,high,,https://www.houjin-bangou.nta.go.jp/download/zenken/,Suntory group parent; register-checked 20 Sep 2026: 大阪府大阪市北区堂島浜２丁目１番４０号 〒5300004; register record open; number assigned 2015-10-05
suntory-osumi-distillery,Suntory Osumi Distillery,Japan,jp-houjin-bangou,2340001015192,大隅酒造株式会社,self,hand,high,,https://www.houjin-bangou.nta.go.jp/download/zenken/,"Osumi Shuzo Co., Soo; Suntory shochu subsidiary; pin website osumishuzo.co.jp; register-checked 20 Sep 2026: 鹿児島県曽於市大隅町坂元８６０番地１ 〒8998422; register record open; number assigned 2015-10-05"
suntory-osumi-distillery,Suntory Osumi Distillery,Japan,jp-houjin-bangou,2340001022767,株式会社おおすみ,self,romaji-bridge,low,,https://www.houjin-bangou.nta.go.jp/download/zenken/,register furigana オオスミ equals pin/domain token 'osuni' but no drinks word and no postcode agreement (lead only); 鹿児島県肝属郡肝付町前田３７１０番地 〒8931206; register record open; number assigned 2020-04-08
suntory-osumi-distillery,Suntory Osumi Distillery,Japan,jp-houjin-bangou,7340001012276,株式会社オオスミ,self,romaji-bridge,low,,https://www.houjin-bangou.nta.go.jp/download/zenken/,register furigana オオスミ equals pin/domain token 'osuni' but no drinks word and no postcode agreement (lead only); 鹿児島県鹿児島市新栄町１０番１－７１０号 〒8900072; register record open; number assigned 2015-10-05
suntory-osumi-distillery,Suntory Osumi Distillery,Japan,jp-houjin-bangou,5340005007514,大隅酒造事業協同組合,self,postcode-signal,low,,https://www.houjin-bangou.nta.go.jp/download/zenken/,same 7-digit postcode as the pin and a drinks word in the name; 鹿児島県曽於市大隅町坂元８６０番地１ 〒8998422; register record closed 2017-11-22 (reason code 01)
tagohinke-brewery-products,Tagohinke Brewery Products,Japan,jp-houjin-bangou,6260003000981,株式会社多胡本家酒造場,self,hand,medium,,https://www.houjin-bangou.nta.go.jp/download/zenken/,Tago Honke Shuzojo (Tsuyama beer); wikidata row already holds 6260003000981; register-checked 20 Sep 2026: 岡山県津山市楢６９番地 〒7081111; register record open; number assigned 2015-10-05
takahashi-shuzo-co-ltd-taragi-distillery,"Takahashi Shuzo Co., Ltd. Taragi Distillery",Japan,jp-houjin-bangou,7330001016039,高橋酒造株式会社,self,hand,high,,https://www.houjin-bangou.nta.go.jp/download/zenken/,"Takahashi Shuzo Co. (Hakutake), Hitoyoshi; Taragi distillery; pin website hakutake.co.jp; register-checked 20 Sep 2026: 熊本県人吉市合ノ原町４９８番地 〒8680026; register record open; number assigned 2015-10-05"
takahashi-shuzo-co-ltd-taragi-distillery,"Takahashi Shuzo Co., Ltd. Taragi Distillery",Japan,jp-houjin-bangou,3330002026032,有限会社高橋ビル,self,romaji-bridge,low,,https://www.houjin-bangou.nta.go.jp/download/zenken/,register furigana タカハシビル equals pin/domain token 'takahasi' but no drinks word and no postcode agreement (lead only); 熊本県八代市弥生町１５番地の３ 〒8660846; register record open; number assigned 2015-10-05
takahashi-shuzo-co-ltd-taragi-distillery,"Takahashi Shuzo Co., Ltd. Taragi Distillery",Japan,jp-houjin-bangou,4330001006265,株式会社高橋商店,self,romaji-bridge,low,,https://www.houjin-bangou.nta.go.jp/download/zenken/,register furigana タカハシショウテン equals pin/domain token 'takahasi' but no drinks word and no postcode agreement (lead only); 熊本県熊本市南区流通団地１丁目４８番地 〒8620967; register record open; number assigned 2015-10-05
takahashi-shuzo-co-ltd-taragi-distillery,"Takahashi Shuzo Co., Ltd. Taragi Distillery",Japan,jp-houjin-bangou,8330001016368,高橋ホールディングス株式会社,self,romaji-bridge,low,,https://www.houjin-bangou.nta.go.jp/download/zenken/,pin/domain token 'takahasi' in register furigana タカハシホールディングス; same postcode but no drinks word (lead only); 熊本県球磨郡多良木町大字奥野８１３番地 〒8680504; register record open; number assigned 2015-10-05
takahashi-shuzo-co-ltd-taragi-distillery,"Takahashi Shuzo Co., Ltd. Taragi Distillery",Japan,jp-houjin-bangou,2330001015953,株式会社白岳酒造研究所,self,romaji-bridge,medium,,https://www.houjin-bangou.nta.go.jp/download/zenken/,ambiguous: 2 companies match equally; register furigana ハクタケシュゾウケンキュウショ equals pin/domain token 'hakutake' once drinks words are removed; drinks word in name; 熊本県人吉市井ノ口町７９２番地７ 〒8680027; register record open; number assigned 2015-10-05
takahashi-shuzo-co-ltd-taragi-distillery,"Takahashi Shuzo Co., Ltd. Taragi Distillery",Japan,jp-houjin-bangou,9330003004188,合資会社高橋酒店,self,romaji-bridge,medium,,https://www.houjin-bangou.nta.go.jp/download/zenken/,ambiguous: 2 companies match equally; register furigana タカハシサケテン equals pin/domain token 'takahasi' once drinks words are removed; drinks word in name; 熊本県人吉市城本町１０２９番地の１ 〒8680016; register record open; number assigned 2015-10-05
tankyu-distillery,丹丘蒸留所株式会社 Tankyu Distillery,Japan,jp-houjin-bangou,4010001211946,丹丘蒸留所株式会社,self,hand,high,,https://www.houjin-bangou.nta.go.jp/download/zenken/,"Tankyu Distillery Co., Higashikawa; pin name carries the kanji legal name; register-checked 20 Sep 2026: 北海道上川郡東川町西２号北２３番地 〒0711402; register record open; number assigned 2020-09-01"
tankyu-distillery,丹丘蒸留所株式会社 Tankyu Distillery,Japan,jp-houjin-bangou,4430003011195,合同会社TANG-Q,self,romaji-bridge,low,,https://www.houjin-bangou.nta.go.jp/download/zenken/,register furigana タンキュウ equals pin/domain token 'tankyu' but no drinks word and no postcode agreement (lead only); 北海道札幌市豊平区福住三条５丁目１番５３号 〒0620043; register record open; number assigned 2020-01-27
tankyu-distillery,丹丘蒸留所株式会社 Tankyu Distillery,Japan,jp-houjin-bangou,5440003001368,合同会社探求,self,romaji-bridge,low,,https://www.houjin-bangou.nta.go.jp/download/zenken/,register furigana タンキュウ equals pin/domain token 'tankyu' but no drinks word and no postcode agreement (lead only); 北海道函館市亀田港町１６番１号 〒0410822; register record open; number assigned 2021-01-20
tankyu-distillery,丹丘蒸留所株式会社 Tankyu Distillery,Japan,jp-houjin-bangou,5462503000145,合同会社炭九,self,romaji-bridge,low,,https://www.houjin-bangou.nta.go.jp/download/zenken/,register furigana タンキュウ equals pin/domain token 'tankyu' but no drinks word and no postcode agreement (lead only); 北海道標津郡中標津町東九条北１０丁目２番地２ 〒0861049; register record open; number assigned 2015-10-05
tankyu-distillery,丹丘蒸留所株式会社 Tankyu Distillery,Japan,jp-houjin-bangou,1200001023920,三千櫻酒造株式会社,self,postcode-signal,low,,https://www.houjin-bangou.nta.go.jp/download/zenken/,"shared premises only, names do not overlap; same 7-digit postcode as the pin and a drinks word in the name; 北海道上川郡東川町西２号北２３番地 〒0711402; register record open; number assigned 2015-10-05"
tenkyo-distillery,Tenkyo Distillery,Japan,jp-houjin-bangou,2380001003870,天鏡ホールディングス株式会社,operator,hand,medium,,https://www.houjin-bangou.nta.go.jp/download/zenken/,"Tenkyo Holdings, Bandai (register address 磐梯町更科字天鏡, same postcode as the pin); pin website tenkyo.jp; register-checked 20 Sep 2026: 福島県耶麻郡磐梯町大字更科字天鏡１ 〒9693302; register record open; number assigned 2015-10-05"
tenkyo-distillery,Tenkyo Distillery,Japan,jp-houjin-bangou,1380001029792,天鏡マーケティング株式会社,self,romaji-bridge,low,,https://www.houjin-bangou.nta.go.jp/download/zenken/,pin/domain token 'tenkyo' in register furigana テンキョウマーケティング; same postcode but no drinks word (lead only); 福島県耶麻郡磐梯町大字更科字天鏡１ 〒9693302; register record open; number assigned 2019-02-22
tenkyo-distillery,Tenkyo Distillery,Japan,jp-houjin-bangou,5380001029475,天鏡株式会社,self,romaji-bridge,low,,https://www.houjin-bangou.nta.go.jp/download/zenken/,site is group-run per the hand row; name match is a lead; register furigana テンキョウ equals pin/domain token 'tenkyo' once drinks words are removed; same postcode; 福島県耶麻郡磐梯町大字更科字天鏡１ 〒9693302; register record open; number assigned 2018-10-05
the-ontake-distillery,THE ONTAKE DISTILLERY,Japan,jp-houjin-bangou,7340001005536,西酒造株式会社,operator,hand,high,,https://www.houjin-bangou.nta.go.jp/download/zenken/,"Nishi Shuzo Co., Hioki; Ontake distillery is its whisky site, Kagoshima city; register-checked 20 Sep 2026: 鹿児島県日置市吹上町与倉４９７０番地１７ 〒8993309; register record open; number assigned 2015-10-05"
three-aroma-distillery,THREE Aroma Distillery 呼子蒸留所,Japan,jp-houjin-bangou,7010701020322,株式会社ACRO,operator,hand,medium,,https://www.houjin-bangou.nta.go.jp/download/zenken/,"ACRO Inc. (THREE cosmetics brand, POLA ORBIS group) runs the Yobuko aroma distillery, Karatsu; register row chosen by the 西五反田 head office; register-checked 20 Sep 2026: 東京都品川区西五反田２丁目２７番４号 〒1410031; register record open; number assigned 2015-10-05"
three-aroma-distillery,THREE Aroma Distillery 呼子蒸留所,Japan,jp-houjin-bangou,2300002011054,有限会社山下酒造場,self,postcode-signal,low,,https://www.houjin-bangou.nta.go.jp/download/zenken/,same 7-digit postcode as the pin and a drinks word in the name; 佐賀県唐津市呼子町呼子３７５０番地２ 〒8470303; register record closed 2016-02-16 (reason code 21)
three-aroma-distillery,THREE Aroma Distillery 呼子蒸留所,Japan,jp-houjin-bangou,4300001007456,山下酒類販売株式会社,self,postcode-signal,low,,https://www.houjin-bangou.nta.go.jp/download/zenken/,same 7-digit postcode as the pin and a drinks word in the name; 佐賀県唐津市呼子町呼子４０１７番地１ 〒8470303; register record closed 2016-12-16 (reason code 21)
tl-pearce-distillery,TL Pearce Distillery,Japan,jp-houjin-bangou,6040001113262,TL Enterprises株式会社,self,hand,high,,https://www.houjin-bangou.nta.go.jp/download/zenken/,"TL Enterprises Co.; NTA spirits licence 2022, trading name TL Pearce Distillery, site 野田市七光台181-6 = pin address; register-checked 20 Sep 2026: 千葉県野田市七光台１８１番地６ 〒2780051; register record open; number assigned 2020-04-13"
togari-onsen-distillery,Togari Onsen Distillery,Japan,jp-houjin-bangou,5020001117349,きよかわ株式会社,self,hand,high,,https://www.houjin-bangou.nta.go.jp/download/zenken/,"Kiyokawa Co., Iiyama; Iiyama distillery spirits licence 2021 (NTA list); pin website kiyokawa-sake.co.jp; register-checked 20 Sep 2026: 長野県飯山市大字豊田５１２３番地３０ 〒3892411; register record open; number assigned 2016-08-05"
tokyo-hachioji-distillery,Tokyo Hachioji Distillery,Japan,jp-houjin-bangou,9013101000025,石川酒造株式会社,operator,hand,low,,https://www.houjin-bangou.nta.go.jp/download/zenken/,Hachioji distillery; operator unconfirmed; pin website hachioji-distillery.jp; register-checked 20 Sep 2026: 東京都福生市大字熊川１番地 〒1970003; register record open; number assigned 2015-10-05
tokyo-hachioji-distillery,Tokyo Hachioji Distillery,Japan,jp-houjin-bangou,1010501053577,八王子株式会社,self,romaji-bridge,low,,https://www.houjin-bangou.nta.go.jp/download/zenken/,register furigana ハチオウジ equals pin/domain token 'hatiozi' but no drinks word and no postcode agreement (lead only); 東京都台東区蔵前４丁目３４番７号５０２号室 〒1110051; register record open; number assigned 2025-02-10
tokyo-hachioji-distillery,Tokyo Hachioji Distillery,Japan,jp-houjin-bangou,4010102008886,有限会社ホンダショップ八王子WEST,self,romaji-bridge,low,,https://www.houjin-bangou.nta.go.jp/download/zenken/,pin/domain token 'hatiozi' in register furigana ホンダショップハチオウジウエスト; same postcode but no drinks word (lead only); 東京都八王子市椚田町５８６番地の２ 〒1930942; register record open; number assigned 2015-10-05
tokyo-riverside-distillery,Tokyo Riverside Distillery,Japan,jp-houjin-bangou,4011001132364,エシカル・スピリッツ株式会社,self,hand,high,,https://www.houjin-bangou.nta.go.jp/download/zenken/,"Ethical Spirits & Co.; Tokyo Riverside distillery, Kuramae (NTA licence 2021); register-checked 20 Sep 2026: 東京都台東区蔵前３丁目９－３臼井ビル４階 〒1110051; register record open; number assigned 2020-02-17"
tokyo-riverside-distillery,Tokyo Riverside Distillery,Japan,jp-houjin-bangou,2010501004975,株式会社酒井商店,self,postcode-signal,low,,https://www.houjin-bangou.nta.go.jp/download/zenken/,"shared premises only, names do not overlap; same 7-digit postcode as the pin and a drinks word in the name; 東京都台東区蔵前３丁目２番４号 〒1110051; register record open; number assigned 2015-10-05"
tokyo-riverside-distillery,Tokyo Riverside Distillery,Japan,jp-houjin-bangou,5010401118567,株式会社未来酒店,self,postcode-signal,low,,https://www.houjin-bangou.nta.go.jp/download/zenken/,"shared premises only, names do not overlap; same 7-digit postcode as the pin and a drinks word in the name; 東京都台東区蔵前３丁目９－３臼井ビル５階 〒1110051; register record open; number assigned 2015-10-05"
tokyo-riverside-distillery,Tokyo Riverside Distillery,Japan,jp-houjin-bangou,9010502014744,有限会社酒井勝商店,self,postcode-signal,low,,https://www.houjin-bangou.nta.go.jp/download/zenken/,"shared premises only, names do not overlap; same 7-digit postcode as the pin and a drinks word in the name; 東京都台東区蔵前２丁目６番７号 〒1110051; register record open; number assigned 2015-10-05"
toranomon-distillery,Toranomon Distillery,Japan,jp-houjin-bangou,1011001130073,株式会社虎ノ門蒸留所,self,hand,high,,https://www.houjin-bangou.nta.go.jp/download/zenken/,"Toranomon Distillery Co.; register furigana トラノモンジョウリュウジョ, Minato-ku; register-checked 20 Sep 2026: 東京都目黒区碑文谷５丁目１１番１１号 〒1520003; register record open; number assigned 2019-09-27"
toranomon-distillery,Toranomon Distillery,Japan,jp-houjin-bangou,1011803003955,合同会社虎ノ門商店,self,romaji-bridge,low,,https://www.houjin-bangou.nta.go.jp/download/zenken/,register furigana トラノモンショウテン equals pin/domain token 'toranonon' but no drinks word and no postcode agreement (lead only); 東京都足立区本木２丁目８番１１号 〒1230853; register record open; number assigned 2020-01-14
toranomon-distillery,Toranomon Distillery,Japan,jp-houjin-bangou,3010403035960,虎ノ門合同会社,self,romaji-bridge,low,,https://www.houjin-bangou.nta.go.jp/download/zenken/,register furigana トラノモン equals pin/domain token 'toranonon' but no drinks word and no postcode agreement (lead only); 東京都港区西麻布１丁目２番１３号デュオ・スカーラ西麻布タワーＣＥＮＴＲＡＬ２０１号室 〒1060031; register record open; number assigned 2025-09-05
toranomon-distillery,Toranomon Distillery,Japan,jp-houjin-bangou,6010403009771,虎ノ門合同会社,self,romaji-bridge,low,,https://www.houjin-bangou.nta.go.jp/download/zenken/,register furigana トラノモン equals pin/domain token 'toranonon' but no drinks word and no postcode agreement (lead only); 東京都港区虎ノ門３丁目１８番１２－５０２号株式会社虎ノ門会計神谷町分室内 〒1050001; register record closed 2021-04-05 (reason code 01)
toranomon-distillery,Toranomon Distillery,Japan,jp-houjin-bangou,6010403030265,合同会社虎ノ門,self,romaji-bridge,low,,https://www.houjin-bangou.nta.go.jp/download/zenken/,register furigana トラノモン equals pin/domain token 'toranonon' but no drinks word and no postcode agreement (lead only); 東京都港区麻布台３丁目１番６号 〒1060041; register record open; number assigned 2023-06-06
toranomon-distillery,Toranomon Distillery,Japan,jp-houjin-bangou,7010403030339,合同会社とらのもん,self,romaji-bridge,low,,https://www.houjin-bangou.nta.go.jp/download/zenken/,register furigana トラノモン equals pin/domain token 'toranonon' but no drinks word and no postcode agreement (lead only); 東京都港区虎ノ門１丁目２３番２－４２１１号 〒1050001; register record open; number assigned 2023-06-16
toranomon-distillery,Toranomon Distillery,Japan,jp-houjin-bangou,8010403023110,合同会社虎ノ門,self,romaji-bridge,low,,https://www.houjin-bangou.nta.go.jp/download/zenken/,register furigana トラノモン equals pin/domain token 'toranonon' but no drinks word and no postcode agreement (lead only); 東京都港区元赤坂１丁目１番８号株式会社赤坂国際会計内 〒1070051; register record closed 2021-12-10 (reason code 01)
toranomon-distillery,Toranomon Distillery,Japan,jp-houjin-bangou,8010901008661,株式会社とらの門,self,romaji-bridge,low,,https://www.houjin-bangou.nta.go.jp/download/zenken/,register furigana トラノモン equals pin/domain token 'toranonon' but no drinks word and no postcode agreement (lead only); 東京都世田谷区用賀２丁目３６番１９号 〒1580097; register record open; number assigned 2015-10-05
toranomon-distillery,Toranomon Distillery,Japan,jp-houjin-bangou,9013202004610,有限会社虎ノ門ビル,self,romaji-bridge,low,,https://www.houjin-bangou.nta.go.jp/download/zenken/,register furigana トラノモンビル equals pin/domain token 'toranonon' but no drinks word and no postcode agreement (lead only); 東京都目黒区祐天寺２丁目９番４号 〒1530052; register record open; number assigned 2015-10-05
whisky-student,当別蒸溜所 / ㈱Whisky Student,Japan,jp-houjin-bangou,4430001092857,株式会社Whisky Student,self,hand,high,,https://www.houjin-bangou.nta.go.jp/download/zenken/,"Whisky Student Co., Tobetsu distillery; pin name carries ㈱Whisky Student; register-checked 20 Sep 2026: 北海道石狩郡当別町字弁華別２４３番地１ 〒0610208; register record open; number assigned 2024-10-15"
yabu-distillery-restaurant,Yabu Distillery Restaurant,Japan,jp-houjin-bangou,3120101031961,オキナ酒造株式会社,self,postcode-signal,low,,https://www.houjin-bangou.nta.go.jp/download/zenken/,"shared premises only, names do not overlap; same 7-digit postcode as the pin and a drinks word in the name; 大阪府大阪市中央区南船場２丁目３番１７号 〒5420081; register record open; number assigned 2015-10-05"
yabu-distillery-restaurant,Yabu Distillery Restaurant,Japan,jp-houjin-bangou,3120101053007,ワールド・スピリッツ株式会社,self,postcode-signal,low,,https://www.houjin-bangou.nta.go.jp/download/zenken/,same 7-digit postcode as the pin and a drinks word in the name; 大阪府大阪市中央区南船場４丁目１０番５号南船場ＳＯＨＯビル７０２ 〒5420081; register record closed 2026-06-22 (reason code 01)
yabu-distillery-restaurant,Yabu Distillery Restaurant,Japan,jp-houjin-bangou,6120001280185,杜康酒造株式会社,self,postcode-signal,low,,https://www.houjin-bangou.nta.go.jp/download/zenken/,"shared premises only, names do not overlap; same 7-digit postcode as the pin and a drinks word in the name; 大阪府大阪市中央区南船場２丁目４番２３号東泉ビル５０５号室 〒5420081; register record open; number assigned 2025-10-10"
yabu-distillery-restaurant,Yabu Distillery Restaurant,Japan,jp-houjin-bangou,8120001082753,セント・ミハエルワインアンドスピリッツ株式会社,self,postcode-signal,low,,https://www.houjin-bangou.nta.go.jp/download/zenken/,"shared premises only, names do not overlap; same 7-digit postcode as the pin and a drinks word in the name; 大阪府大阪市中央区南船場３丁目５番２６号 〒5420081; register record open; number assigned 2015-10-05"
yabu-distillery-restaurant,Yabu Distillery Restaurant,Japan,jp-houjin-bangou,9120002052597,有限会社ワインパラダイスジャパン,self,postcode-signal,low,,https://www.houjin-bangou.nta.go.jp/download/zenken/,"shared premises only, names do not overlap; same 7-digit postcode as the pin and a drinks word in the name; 大阪府大阪市中央区南船場１丁目１１番９号 〒5420081; register record open; number assigned 2015-10-05"
yamaga-distillery,Yamaga Distillery,Japan,jp-houjin-bangou,9330001019287,株式会社山鹿蒸溜所,self,hand,high,,https://www.houjin-bangou.nta.go.jp/download/zenken/,Yamaga Distillery Co.; pin website yamagadistillery.co.jp; register-checked 20 Sep 2026: 熊本県山鹿市鹿央町合里字北原９８０番地１ 〒8610565; register record open; number assigned 2015-10-05
yamaga-distillery,Yamaga Distillery,Japan,jp-houjin-bangou,9330003004386,株式会社弥永商店,self,romaji-bridge,low,,https://www.houjin-bangou.nta.go.jp/download/zenken/,register furigana ヤナガショウテン equals pin/domain token 'yanaga' but no drinks word and no postcode agreement (lead only); 熊本県球磨郡多良木町大字多良木１３８５番地の２ 〒8680501; register record open; number assigned 2015-10-05
yamazaki-distillery,Yamazaki distillery,Japan,jp-houjin-bangou,3120001136159,サントリーホールディングス株式会社,group,hand,high,,https://www.houjin-bangou.nta.go.jp/download/zenken/,Suntory group parent; register-checked 20 Sep 2026: 大阪府大阪市北区堂島浜２丁目１番４０号 〒5300004; register record open; number assigned 2015-10-05
yamazaki-distillery,Yamazaki distillery,Japan,jp-houjin-bangou,1120001133100,サントリー株式会社,operator,hand,high,,https://www.houjin-bangou.nta.go.jp/download/zenken/,"Suntory's operating company (Suntory Spirits/Beer/Wine merged 2022); Yamazaki is a Suntory malt distillery, Shimamoto, Osaka; register-checked 20 Sep 2026: 大阪府大阪市北区堂島浜２丁目１番４０号 〒5300004; register record open; number assigned 2015-10-05"
yamazaki-distillery,Yamazaki distillery,Japan,jp-houjin-bangou,1120002023325,有限会社山崎商店,self,romaji-bridge,low,,https://www.houjin-bangou.nta.go.jp/download/zenken/,register furigana ヤマザキショウテン equals pin/domain token 'yanazaki' but no drinks word and no postcode agreement (lead only); 大阪府大阪市西区千代崎１丁目１８番９号 〒5500023; register record open; number assigned 2015-10-05
yamazaki-distillery,Yamazaki distillery,Japan,jp-houjin-bangou,1120002079144,有限会社山崎,self,romaji-bridge,low,,https://www.houjin-bangou.nta.go.jp/download/zenken/,register furigana ヤマザキ equals pin/domain token 'yanazaki' but no drinks word and no postcode agreement (lead only); 大阪府守口市南寺方南通２丁目２番１３号 〒5700044; register record open; number assigned 2015-10-05
yamazaki-distillery,Yamazaki distillery,Japan,jp-houjin-bangou,1120901019365,株式会社ヤマザキ,self,romaji-bridge,low,,https://www.houjin-bangou.nta.go.jp/download/zenken/,register furigana ヤマザキ equals pin/domain token 'yanazaki' but no drinks word and no postcode agreement (lead only); 大阪府池田市石橋４丁目７番１３号 〒5630032; register record open; number assigned 2015-10-05
yamazaki-distillery,Yamazaki distillery,Japan,jp-houjin-bangou,2120001195651,株式会社山﨑,self,romaji-bridge,low,,https://www.houjin-bangou.nta.go.jp/download/zenken/,register furigana ヤマザキ equals pin/domain token 'yanazaki' but no drinks word and no postcode agreement (lead only); 大阪府大阪市西区北堀江１丁目８番１４号 〒5500014; register record open; number assigned 2016-01-14
yamazaki-distillery,Yamazaki distillery,Japan,jp-houjin-bangou,3120101021839,株式会社山崎,self,romaji-bridge,low,,https://www.houjin-bangou.nta.go.jp/download/zenken/,register furigana ヤマザキ equals pin/domain token 'yanazaki' but no drinks word and no postcode agreement (lead only); 大阪府堺市美原区多治井２９番地の１ 〒5870012; register record open; number assigned 2015-10-05
yamazaki-distillery,Yamazaki distillery,Japan,jp-houjin-bangou,3120901033083,株式会社ヤマザキ,self,romaji-bridge,low,,https://www.houjin-bangou.nta.go.jp/download/zenken/,register furigana ヤマザキ equals pin/domain token 'yanazaki' but no drinks word and no postcode agreement (lead only); 大阪府茨木市田中町６番２３号 〒5670025; register record open; number assigned 2015-10-05
yamazaki-distillery,Yamazaki distillery,Japan,jp-houjin-bangou,4120001136884,株式会社山咲,self,romaji-bridge,low,,https://www.houjin-bangou.nta.go.jp/download/zenken/,register furigana ヤマザキ equals pin/domain token 'yanazaki' but no drinks word and no postcode agreement (lead only); 大阪府大阪市大正区三軒家東２丁目１２番６９－３１３号 〒5510002; register record open; number assigned 2015-10-05
yamazaki-distillery,Yamazaki distillery,Japan,jp-houjin-bangou,5120001026928,株式会社山﨑商店,self,romaji-bridge,low,,https://www.houjin-bangou.nta.go.jp/download/zenken/,register furigana ヤマザキショウテン equals pin/domain token 'yanazaki' but no drinks word and no postcode agreement (lead only); 大阪府大阪市西区九条南４丁目１６番１１号４０５ 〒5500025; register record open; number assigned 2015-10-05
yamazaki-distillery,Yamazaki distillery,Japan,jp-houjin-bangou,5120901012465,株式会社山崎電気商会,self,romaji-bridge,low,,https://www.houjin-bangou.nta.go.jp/download/zenken/,pin/domain token 'yanazaki' in register furigana ヤマザキデンキショウカイ; same postcode but no drinks word (lead only); 大阪府三島郡島本町山崎３丁目３番３号 〒6180001; register record open; number assigned 2015-10-05
yamazaki-distillery,Yamazaki distillery,Japan,jp-houjin-bangou,5122001024382,株式会社山﨑,self,romaji-bridge,low,,https://www.houjin-bangou.nta.go.jp/download/zenken/,register furigana ヤマザキ equals pin/domain token 'yanazaki' but no drinks word and no postcode agreement (lead only); 大阪府大東市北楠の里町１番１２号 〒5740007; register record open; number assigned 2015-10-05
yamazaki-distillery,Yamazaki distillery,Japan,jp-houjin-bangou,6120101042007,株式会社山﨑,self,romaji-bridge,low,,https://www.houjin-bangou.nta.go.jp/download/zenken/,register furigana ヤマザキ equals pin/domain token 'yanazaki' but no drinks word and no postcode agreement (lead only); 大阪府和泉市府中町７丁目５番１８号 〒5940071; register record open; number assigned 2015-10-05
yamazaki-distillery,Yamazaki distillery,Japan,jp-houjin-bangou,6122002015009,有限会社やまざき,self,romaji-bridge,low,,https://www.houjin-bangou.nta.go.jp/download/zenken/,register furigana ヤマザキ equals pin/domain token 'yanazaki' but no drinks word and no postcode agreement (lead only); 大阪府八尾市高安町北１丁目８４番地２－１０６号 〒5810871; register record open; number assigned 2015-10-05
yamazaki-distillery,Yamazaki distillery,Japan,jp-houjin-bangou,9120001040289,株式会社ヤマザキ,self,romaji-bridge,low,,https://www.houjin-bangou.nta.go.jp/download/zenken/,register furigana ヤマザキ equals pin/domain token 'yanazaki' but no drinks word and no postcode agreement (lead only); 大阪府大阪市住之江区北加賀屋１丁目２番４５号 〒5590011; register record open; number assigned 2015-10-05
yamazaki-distillery,Yamazaki distillery,Japan,jp-houjin-bangou,9120101007493,株式会社山崎,self,romaji-bridge,low,,https://www.houjin-bangou.nta.go.jp/download/zenken/,register furigana ヤマザキ equals pin/domain token 'yanazaki' but no drinks word and no postcode agreement (lead only); 大阪府堺市南区三木閉１４８番地の１ 〒5900154; register record open; number assigned 2015-10-05
yamazaki-distillery,Yamazaki distillery,Japan,jp-houjin-bangou,9120101042862,株式会社山崎商店,self,romaji-bridge,low,,https://www.houjin-bangou.nta.go.jp/download/zenken/,register furigana ヤマザキショウテン equals pin/domain token 'yanazaki' but no drinks word and no postcode agreement (lead only); 大阪府泉大津市本町１番１号 〒5950063; register record open; number assigned 2015-10-05
yanbaru-distillery-inc,Yanbaru Distillery Inc.,Japan,jp-houjin-bangou,8360003004673,やんばる酒造株式会社,self,hand,high,,https://www.houjin-bangou.nta.go.jp/download/zenken/,"Yanbaru Shuzo Co., Ogimi (Maruta awamori); pin website takazato-maruta.jp; register-checked 20 Sep 2026: 沖縄県国頭郡大宜味村字田嘉里４１７番地 〒9051301; register record open; number assigned 2015-10-05"
yanbaru-distillery-inc,Yanbaru Distillery Inc.,Japan,jp-houjin-bangou,5360001033917,株式会社やんばるリンクス,self,romaji-bridge,low,,https://www.houjin-bangou.nta.go.jp/download/zenken/,pin/domain token 'yanbaru' in register furigana ヤンバルリンクス; same postcode but no drinks word (lead only); 沖縄県国頭郡大宜味村字田嘉里５３５番地 〒9051301; register record open; number assigned 2024-07-11
yanbaru-distillery-inc,Yanbaru Distillery Inc.,Japan,jp-houjin-bangou,5360003013768,TAKAZATO合同会社,self,romaji-bridge,low,,https://www.houjin-bangou.nta.go.jp/download/zenken/,register furigana タカザト equals pin/domain token 'takazato' but no drinks word and no postcode agreement (lead only); 沖縄県島尻郡久米島町字儀間１９７番地 〒9013115; register record open; number assigned 2024-03-08
yasato-distillery,Yasato Distillery,Japan,jp-houjin-bangou,1050001004647,木内酒造株式会社,operator,hand,high,,https://www.houjin-bangou.nta.go.jp/download/zenken/,"Kiuchi Brewery (Hitachino Nest); Yasato distillery is its whisky site, Ishioka; pin website kiuchibrewery.co.jp; register-checked 20 Sep 2026: 茨城県那珂市鴻巣１２５７番地 〒3110133; register record open; number assigned 2015-10-05"
yasato-distillery,Yasato Distillery,Japan,jp-houjin-bangou,3050003000907,合同会社やさと,self,romaji-bridge,low,,https://www.houjin-bangou.nta.go.jp/download/zenken/,register furigana ヤサト equals pin/domain token 'yasato' but no drinks word and no postcode agreement (lead only); 茨城県石岡市宇治会３７４番地４ 〒3150162; register record closed 2021-11-08 (reason code 01)
yasato-distillery,Yasato Distillery,Japan,jp-houjin-bangou,3050003007844,八郷合同会社,self,romaji-bridge,low,,https://www.houjin-bangou.nta.go.jp/download/zenken/,register furigana ヤサト equals pin/domain token 'yasato' but no drinks word and no postcode agreement (lead only); 茨城県石岡市山崎９６７ 〒3150125; register record open; number assigned 2023-10-10
yoichi-distillery,Yoichi Distillery,Japan,jp-houjin-bangou,6010601036386,アサヒグループホールディングス株式会社,group,hand,high,,https://www.houjin-bangou.nta.go.jp/download/zenken/,"Asahi Group, Nikka's parent; register-checked 20 Sep 2026: 東京都墨田区吾妻橋１丁目２３番１号 〒1300001; register record open; number assigned 2015-10-05"
yoichi-distillery,Yoichi Distillery,Japan,jp-houjin-bangou,2010401021550,ニッカウヰスキー株式会社,operator,hand,high,,https://www.houjin-bangou.nta.go.jp/download/zenken/,Nikka Whisky Distilling Co.; Yoichi is Nikka's first distillery (Hokkaido); register-checked 20 Sep 2026: 北海道余市郡余市町黒川町７丁目６番地 〒0460003; register record open; number assigned 2015-10-05
yoichi-distillery,Yoichi Distillery,Japan,jp-houjin-bangou,1430001073307,ニッカ余市ヴィンヤード株式会社,self,romaji-bridge,low,,https://www.houjin-bangou.nta.go.jp/download/zenken/,pin/domain token 'yoiti' in register furigana ニッカヨイチヴィンヤード; same postcode but no drinks word (lead only); 北海道余市郡余市町黒川町７丁目６番地 〒0460003; register record open; number assigned 2017-02-10
yoichi-distillery,Yoichi Distillery,Japan,jp-houjin-bangou,2430001051121,余市産業株式会社,self,romaji-bridge,low,,https://www.houjin-bangou.nta.go.jp/download/zenken/,pin/domain token 'yoiti' in register furigana ヨイチサンギョウ; same postcode but no drinks word (lead only); 北海道余市郡余市町黒川町１１７５番地 〒0460003; register record open; number assigned 2015-10-05
yoichi-distillery,Yoichi Distillery,Japan,jp-houjin-bangou,2430003012352,余市ビール合同会社,self,romaji-bridge,low,,https://www.houjin-bangou.nta.go.jp/download/zenken/,site is group-run per the hand row; name match is a lead; register furigana ヨイチビール equals pin/domain token 'yoiti' once drinks words are removed; same postcode; 北海道余市郡余市町黒川町８丁目７ 〒0460003; register record open; number assigned 2021-01-20
yoichi-distillery,Yoichi Distillery,Japan,jp-houjin-bangou,3430001051120,余市精菱機械株式会社,self,romaji-bridge,low,,https://www.houjin-bangou.nta.go.jp/download/zenken/,pin/domain token 'yoiti' in register furigana ヨイチセイリョウキカイ; same postcode but no drinks word (lead only); 北海道余市郡余市町黒川町９丁目１４７番地 〒0460003; register record open; number assigned 2015-10-05
yoichi-distillery,Yoichi Distillery,Japan,jp-houjin-bangou,4430001051152,株式会社産クラよいち,self,romaji-bridge,low,,https://www.houjin-bangou.nta.go.jp/download/zenken/,pin/domain token 'yoiti' in register furigana サンクラヨイチ; same postcode but no drinks word (lead only); 北海道余市郡余市町黒川町１３０１番地 〒0460003; register record open; number assigned 2015-10-05
yoichi-distillery,Yoichi Distillery,Japan,jp-houjin-bangou,4430001091479,余市リキュールファクトリー株式会社,self,romaji-bridge,low,,https://www.houjin-bangou.nta.go.jp/download/zenken/,pin/domain token 'yoiti' in register furigana ヨイチリキュールファクトリー; same postcode but no drinks word (lead only); 北海道余市郡余市町黒川町８丁目２番地 〒0460003; register record open; number assigned 2024-04-08
yoichi-distillery,Yoichi Distillery,Japan,jp-houjin-bangou,5430001051119,余市石油株式会社,self,romaji-bridge,low,,https://www.houjin-bangou.nta.go.jp/download/zenken/,pin/domain token 'yoiti' in register furigana ヨイチセキユ; same postcode but no drinks word (lead only); 北海道余市郡余市町黒川町８８２番地 〒0460003; register record open; number assigned 2015-10-05
yoichi-distillery,Yoichi Distillery,Japan,jp-houjin-bangou,5430001082948,株式会社よひち,self,romaji-bridge,low,,https://www.houjin-bangou.nta.go.jp/download/zenken/,register furigana ヨヒチ equals pin/domain token 'yoiti' but no drinks word and no postcode agreement (lead only); 北海道札幌市中央区北十三条西１８丁目１番地１０クリーンリバーフィネス桑園西１００５号 〒0600013; register record open; number assigned 2020-12-16
yoichi-distillery,Yoichi Distillery,Japan,jp-houjin-bangou,5430001090513,株式会社余市リテール,self,romaji-bridge,low,,https://www.houjin-bangou.nta.go.jp/download/zenken/,pin/domain token 'yoiti' in register furigana ヨイチリテール; same postcode but no drinks word (lead only); 北海道余市郡余市町黒川町８８５番地４ 〒0460003; register record open; number assigned 2023-11-27
yoichi-distillery,Yoichi Distillery,Japan,jp-houjin-bangou,5430003017811,合同会社余市技研,self,romaji-bridge,low,,https://www.houjin-bangou.nta.go.jp/download/zenken/,pin/domain token 'yoiti' in register furigana ヨイチギケン; same postcode but no drinks word (lead only); 北海道余市郡余市町黒川町１１２２番地４ 〒0460003; register record open; number assigned 2025-06-30
yoichi-distillery,Yoichi Distillery,Japan,jp-houjin-bangou,6430001093606,余市Kプロジェクト株式会社,self,romaji-bridge,low,,https://www.houjin-bangou.nta.go.jp/download/zenken/,pin/domain token 'yoiti' in register furigana ヨイチケイプロジェクト; same postcode but no drinks word (lead only); 北海道余市郡余市町黒川町１２丁目８０番地　センターコートⅠ　７０３号室 〒0460003; register record open; number assigned 2025-02-05
yoichi-distillery,Yoichi Distillery,Japan,jp-houjin-bangou,6430002036555,有限会社余市トレーディング,self,romaji-bridge,low,,https://www.houjin-bangou.nta.go.jp/download/zenken/,pin/domain token 'yoiti' in register furigana ヨイチトレーディング; same postcode but no drinks word (lead only); 北海道余市郡余市町黒川町１８丁目９番地１３ 〒0460003; register record open; number assigned 2015-10-05
yoichi-distillery,Yoichi Distillery,Japan,jp-houjin-bangou,6430002056685,有限会社余市葬祭社,self,romaji-bridge,low,,https://www.houjin-bangou.nta.go.jp/download/zenken/,pin/domain token 'yoiti' in register furigana ヨイチソウサイシャ; same postcode but no drinks word (lead only); 北海道余市郡余市町黒川町１２丁目８３番地４ 〒0460003; register record open; number assigned 2015-10-05
yoichi-distillery,Yoichi Distillery,Japan,jp-houjin-bangou,7430001051125,株式会社余市振興公社,self,romaji-bridge,low,,https://www.houjin-bangou.nta.go.jp/download/zenken/,pin/domain token 'yoiti' in register furigana ヨイチシンコウコウシャ; same postcode but no drinks word (lead only); 北海道余市郡余市町黒川町５丁目４３番地 〒0460003; register record closed 2021-07-30 (reason code 01)
yoichi-distillery,Yoichi Distillery,Japan,jp-houjin-bangou,8430001089346,株式会社余市ドリームス,self,romaji-bridge,low,,https://www.houjin-bangou.nta.go.jp/download/zenken/,pin/domain token 'yoiti' in register furigana ヨイチドリームス; same postcode but no drinks word (lead only); 北海道余市郡余市町黒川町４丁目１２２番 〒0460003; register record open; number assigned 2023-06-14
yoichi-distillery,Yoichi Distillery,Japan,jp-houjin-bangou,9430001067185,株式会社日本清酒余市ファーム,self,romaji-bridge,low,,https://www.houjin-bangou.nta.go.jp/download/zenken/,site is group-run per the hand row; name match is a lead; pin/domain token 'yoiti' in register furigana ニッポンセイシュヨイチファーム; same postcode; drinks word in name; 北海道余市郡余市町黒川町１３１８番地 〒0460003; register record open; number assigned 2015-10-05
yoichi-distillery,Yoichi Distillery,Japan,jp-houjin-bangou,9430001085641,株式会社ベッカライ余市,self,romaji-bridge,low,,https://www.houjin-bangou.nta.go.jp/download/zenken/,pin/domain token 'yoiti' in register furigana ベッカライヨイチ; same postcode but no drinks word (lead only); 北海道余市郡余市町黒川町１２丁目７３番地６ 〒0460003; register record open; number assigned 2021-12-21
yoichi-distillery,Yoichi Distillery,Japan,jp-houjin-bangou,9430001091714,株式会社余市ウイスキー,self,romaji-bridge,low,,https://www.houjin-bangou.nta.go.jp/download/zenken/,site is group-run per the hand row; name match is a lead; register furigana ヨイチウイスキー equals pin/domain token 'yoiti' once drinks words are removed; drinks word in name; 北海道余市郡余市町沢町２丁目２６ 〒0460022; register record open; number assigned 2024-05-02
yoichi-distillery,Yoichi Distillery,Japan,jp-houjin-bangou,1430001051080,ニッカディスティラリーサービス株式会社,self,postcode-signal,low,,https://www.houjin-bangou.nta.go.jp/download/zenken/,"shared premises only, names do not overlap; same 7-digit postcode as the pin and a drinks word in the name; 北海道余市郡余市町黒川町７丁目１３３番地 〒0460003; register record open; number assigned 2015-10-05"
yoichi-distillery,Yoichi Distillery,Japan,jp-houjin-bangou,4430005008124,余市小売酒販組合,self,postcode-signal,low,,https://www.houjin-bangou.nta.go.jp/download/zenken/,"shared premises only, names do not overlap; same 7-digit postcode as the pin and a drinks word in the name; 北海道余市郡余市町黒川町３丁目１１４番地 〒0460003; register record open; number assigned 2015-10-05"
yoichi-distillery,Yoichi Distillery,Japan,jp-houjin-bangou,9430001073258,株式会社しりべしワインプロジェクト,self,postcode-signal,low,,https://www.houjin-bangou.nta.go.jp/download/zenken/,"shared premises only, names do not overlap; same 7-digit postcode as the pin and a drinks word in the name; 北海道余市郡余市町黒川町８丁目７番地 〒0460003; register record open; number assigned 2017-02-06"
yokohama-gin-distillery,Yokohama Gin Distillery,Japan,jp-houjin-bangou,4020001102541,横浜ベイブルーイング株式会社,self,hand,high,,https://www.houjin-bangou.nta.go.jp/download/zenken/,Yokohama Bay Brewing Co.; pin website yokohamabaybrewing.jp; register-checked 20 Sep 2026: 神奈川県横浜市中区福富町東通２番地１５ 〒2310044; register record open; number assigned 2015-10-05
yokohama-gin-distillery,Yokohama Gin Distillery,Japan,jp-houjin-bangou,2020001025843,株式会社神田酒店,self,postcode-signal,low,,https://www.houjin-bangou.nta.go.jp/download/zenken/,"shared premises only, names do not overlap; same 7-digit postcode as the pin and a drinks word in the name; 神奈川県横浜市中区日ノ出町１丁目３３番地 〒2310066; register record open; number assigned 2015-10-05"
yoshida-denzai-distillery,Yoshida Denzai Distillery,Japan,jp-houjin-bangou,6010501014285,吉田電材工業株式会社,operator,hand,high,,https://www.houjin-bangou.nta.go.jp/download/zenken/,Yoshida Denzai Kogyo (electrical parts maker) built the Murakami grain distillery; pin website yoshidadenzai-distillery.com; register-checked 20 Sep 2026: 東京都台東区台東３丁目４３番６号 〒1100016; register record open; number assigned 2015-10-05
yoshida-denzai-distillery,Yoshida Denzai Distillery,Japan,jp-houjin-bangou,1110001016512,株式会社ヨシダ,self,romaji-bridge,low,,https://www.houjin-bangou.nta.go.jp/download/zenken/,register furigana ヨシダ equals pin/domain token 'yosida' but no drinks word and no postcode agreement (lead only); 新潟県燕市笹曲１番１号 〒9590117; register record open; number assigned 2015-10-05
yoshida-denzai-distillery,Yoshida Denzai Distillery,Japan,jp-houjin-bangou,4430002057768,有限会社吉田商店,self,romaji-bridge,low,,https://www.houjin-bangou.nta.go.jp/download/zenken/,register furigana ヨシダショウテン equals pin/domain token 'yosida' but no drinks word and no postcode agreement (lead only); 新潟県佐渡市相川鹿伏３６１番地 〒9521583; register record open; number assigned 2015-10-05
yoshida-denzai-distillery,Yoshida Denzai Distillery,Japan,jp-houjin-bangou,7110001010559,株式会社ヨシダ,self,romaji-bridge,low,,https://www.houjin-bangou.nta.go.jp/download/zenken/,register furigana ヨシダ equals pin/domain token 'yosida' but no drinks word and no postcode agreement (lead only); 新潟県新潟市西蒲区漆山２７２８番地 〒9530054; register record open; number assigned 2015-10-05
yoshida-denzai-distillery,Yoshida Denzai Distillery,Japan,jp-houjin-bangou,7110002015631,有限会社吉田商店,self,romaji-bridge,low,,https://www.houjin-bangou.nta.go.jp/download/zenken/,register furigana ヨシダショウテン equals pin/domain token 'yosida' but no drinks word and no postcode agreement (lead only); 新潟県新発田市豊町４丁目４番２０号 〒9570016; register record open; number assigned 2015-10-05
zuisen-distillery-co-ltd-head-office,Zuisen Distillery,Japan,jp-houjin-bangou,4360001001172,瑞泉酒造株式会社,self,hand,high,,https://www.houjin-bangou.nta.go.jp/download/zenken/,"Zuisen Shuzo Co., Shuri, Naha; pin website zuisen.co.jp; register-checked 20 Sep 2026: 沖縄県那覇市首里崎山町１丁目３５番地 〒9030814; register record open; number assigned 2015-10-05"
