slug,distillery_name,country,registry,company_number,company_name,relation,match_method,confidence,verified,source,note
10-000-drops-craft-distillers,"10,000 Drops Craft Distillers",United States,ttb-basic-permit,MN-S-20036,"10,000 DROPS CRAFT DISTILLERS LLC",self,ttb-name-state,high,,https://www.ttb.gov/public-information/foia/list-of-permittees,"jaccard 1.00 via operating; premises Faribault, MN; dba 10,000 Drops Craft Distillers; list of 2026-09-20"
10-torr-distilling-and-brewing,10 Torr Distilling and Brewing,United States,ttb-basic-permit,NV-S-20011,10 TORR DISTILLING & BREWING COMPANY LLC,self,ttb-name-state,high,,https://www.ttb.gov/public-information/foia/list-of-permittees,"jaccard 1.00 via operating; premises Reno, NV; dba 10 Torr Distilling and Brewing Company; list of 2026-09-20"
10th-mountain-whiskey-spirit-company,10th Mountain Whiskey & Spirit Company,United States,ttb-basic-permit,CO-S-20030,"10TH MOUNTAIN WHISKEY AND SPIRIT COMPANY, LLC",self,ttb-name-state,high,,https://www.ttb.gov/public-information/foia/list-of-permittees,"jaccard 1.00 via operating; premises Gypsum, CO; dba 10th Mountain Whiskey and Spirit Company; list of 2026-09-20"
10th-street-distillery,10th Street Distillery,United States,ttb-basic-permit,CA-S-20187,"MILBEV, LLC",operator,ttb-name-state,high,,https://www.ttb.gov/public-information/foia/list-of-permittees,"jaccard 1.00 via operating; premises San Jose, CA; dba 10th Street Distillery; list of 2026-09-20"
13th-colony-distillery,13th Colony Distillery,United States,ttb-basic-permit,GA-S-15002,"THIRTEENTH COLONY DISTILLERIES, LLC",self,ttb-premises,medium,,https://www.ttb.gov/public-information/foia/list-of-permittees,"same premises: 305 N Dudley St, Americus 31709, street overlap 1.00, name overlap 0.33; list of 2026-09-20"
13th-hour-distilling,13th Hour Distilling,United States,ttb-basic-permit,RI-S-20014,"13TH HOUR DISTILLING, LLC",self,ttb-name-state,high,,https://www.ttb.gov/public-information/foia/list-of-permittees,"jaccard 1.00 via operating; premises Westerly, RI; dba 13TH HOUR DISTILLING; list of 2026-09-20"
1620-distilling-company,1620 Distilling Company,United States,ttb-basic-permit,KY-S-20117,"1620 DISTILLING COMPANY, LLC",self,ttb-name-state,medium,,https://www.ttb.gov/public-information/foia/list-of-permittees,"jaccard 1.00 via owner; premises Prestonsburg, KY; list of 2026-09-20"
1675-spirits,1675 Spirits,United States,ttb-basic-permit,PA-S-15019,"FREE PEOPLE DISTILLING, INC.",operator,ttb-name-state,medium,,https://www.ttb.gov/public-information/foia/list-of-permittees,"jaccard 1.00 via operating; premises Bensalem, PA; dba 1675 Spirits; list of 2026-09-20"
1693-distillery,1693 Distillery,United States,ttb-basic-permit,TX-S-20139,"1693 DISTILLERY, LLC",self,ttb-name-state,medium,,https://www.ttb.gov/public-information/foia/list-of-permittees,"jaccard 1.00 via owner; premises Fredericksburg, TX; dba The Distillery at Luckenbach Road; list of 2026-09-20"
173-craft-distillery,173° Craft Distillery,United States,ttb-basic-permit,IA-S-20038,173° CRAFT DISTILLERY LLC,self,ttb-name-state,medium,,https://www.ttb.gov/public-information/foia/list-of-permittees,"jaccard 1.00 via operating; premises Clear Lake, IA; dba 173 Craft Distillery; list of 2026-09-20"
1861-distillery,1861 Distillery,United States,ttb-basic-permit,GA-S-20063,"1861 DISTILLERY, INC.",self,ttb-name-state,medium,,https://www.ttb.gov/public-information/foia/list-of-permittees,"jaccard 1.00 via operating; premises Thomasville, GA; dba 1861 Distillery; list of 2026-09-20"
1874-distilling-ltd,1874 Distilling LTD,United States,ttb-basic-permit,CO-S-20114,1874 DISTILLING LTD.,self,ttb-name-state,medium,,https://www.ttb.gov/public-information/foia/list-of-permittees,"jaccard 1.00 via owner; premises Del Norte, CO; list of 2026-09-20"
18th-street-brewery-distillery,18th Street Brewery & Distillery,United States,ttb-basic-permit,IN-S-20042,18TH STREET DISTILLERY LLC,self,ttb-name-state,high,,https://www.ttb.gov/public-information/foia/list-of-permittees,"jaccard 1.00 via owner; premises Hammond, IN; list of 2026-09-20"
1968-cellars-winery-distillery,1968 Cellars Winery & Distillery,United States,ttb-basic-permit,CA-S-20048,"GABI'S VINEYARD, INC.",operator,ttb-name-state,medium,,https://www.ttb.gov/public-information/foia/list-of-permittees,"jaccard 1.00 via operating; premises Temecula, CA; dba 1968 Cellars; list of 2026-09-20"
2-jas-distilling-llc,"2 JAS Distilling, LLC",United States,ttb-basic-permit,PA-S-20132,2 JAS DISTILLING LLC,self,ttb-name-state,high,,https://www.ttb.gov/public-information/foia/list-of-permittees,"jaccard 1.00 via owner; premises Pittsburgh, PA; list of 2026-09-20"
2-loons-distillery,2 Loons Distillery,United States,ttb-basic-permit,WA-S-20033,"2 LOONS DISTILLERY, LLC",self,ttb-name-state,high,,https://www.ttb.gov/public-information/foia/list-of-permittees,"jaccard 1.00 via operating; premises Loon Lake, WA; dba 2 Loons Distillery; list of 2026-09-20"
21st-amendment-distillery,21st Amendment Distillery,United States,ttb-basic-permit,FL-S-20131,"21ST AMENDMENT DISTILLERY, LLC",self,ttb-name-state,high,,https://www.ttb.gov/public-information/foia/list-of-permittees,"jaccard 1.00 via owner; premises Vero Beach, FL; list of 2026-09-20"
28-mile-distilling-company,28 Mile Distilling Company,United States,ttb-basic-permit,IL-S-20048,"28 MILE VODKA COMPANY, LLC",self,ttb-name-state,high,,https://www.ttb.gov/public-information/foia/list-of-permittees,"jaccard 1.00 via operating; premises Highwood, IL; dba 28 Mile Distilling Company; list of 2026-09-20"
3-hundred-days-distilling,3 Hundred Days Distilling,United States,ttb-basic-permit,CO-S-20039,3 HUNDRED LLC,self,ttb-name-state,high,,https://www.ttb.gov/public-information/foia/list-of-permittees,"jaccard 1.00 via operating; premises Monument, CO; dba 3 Hundred Days Distilling; list of 2026-09-20"
3-oaks-distillery-llc,"3-Oaks Distillery, LLC",United States,ttb-basic-permit,IA-S-20006,"3-OAKS DISTILLERY, L.L.C.",self,ttb-name-state,medium,,https://www.ttb.gov/public-information/foia/list-of-permittees,"jaccard 0.77 via owner; premises Holy Cross, IA; list of 2026-09-20"
30a-distilling-co,30A Distilling Co,United States,ttb-basic-permit,FL-S-20117,"30A DISTILLING CO, LLC",self,ttb-name-state,medium,,https://www.ttb.gov/public-information/foia/list-of-permittees,"jaccard 1.00 via operating; premises Santa Rosa Beach, FL; dba 30A Distilling Co; list of 2026-09-20"
316-distillery,316 Distillery,United States,ttb-basic-permit,AR-S-20021,316 DISTILLERY LLC,self,ttb-name-state,medium,,https://www.ttb.gov/public-information/foia/list-of-permittees,"jaccard 1.00 via operating; premises Camden, AR; dba 316 Distillery; list of 2026-09-20"
36522-the-distillery,36522 THE DISTILLERY,United States,ttb-basic-permit,CA-S-20455,36522 HOLDINGS LLC,self,ttb-name-state,medium,,https://www.ttb.gov/public-information/foia/list-of-permittees,"jaccard 1.00 via operating; premises Temecula, CA; dba The 36522 Distillery; list of 2026-09-20"
3br-distillery,3BR Distillery,United States,ttb-basic-permit,NJ-S-20059,3BR DISTILLERY LLC,self,ttb-name-state,medium,,https://www.ttb.gov/public-information/foia/list-of-permittees,"jaccard 1.00 via owner; premises Keyport, NJ; list of 2026-09-20"
4-kings-distillery,4 Kings Distillery,United States,ttb-basic-permit,NY-S-20317,4 KINGS DISTILLERY LLC,self,ttb-name-state,high,,https://www.ttb.gov/public-information/foia/list-of-permittees,"jaccard 1.00 via operating; premises Newfane, NY; dba 4 Kings Distillery; list of 2026-09-20"
4-one-2-distillery,4 One 2 Distillery,United States,ttb-basic-permit,MI-S-20196,JOY FAITH HOPE ENTERPRISE LLC,operator,ttb-premises,medium,,https://www.ttb.gov/public-information/foia/list-of-permittees,"same premises: 739 S Main St, Wayland 49348, street overlap 1.00, name overlap 0.00; list of 2026-09-20"
4-spirits-distillery,4 Spirits Distillery,United States,ttb-basic-permit,OR-S-15036,4 SPIRITS DISTILLERY LLC,self,ttb-name-state,medium,,https://www.ttb.gov/public-information/foia/list-of-permittees,"jaccard 1.00 via operating; premises Corvallis, OR; dba 4 SPIRITS DISTILLERY; list of 2026-09-20"
45th-parallel-distillery,45th Parallel Distillery,United States,ttb-basic-permit,WI-S-15004,"45TH PARALLEL SPIRITS, LLC",self,ttb-name-state,high,,https://www.ttb.gov/public-information/foia/list-of-permittees,"jaccard 1.00 via owner; premises New Richmond, WI; list of 2026-09-20"
5-mile-mountain-distillery,5 Mile Mountain Distillery,United States,ttb-basic-permit,VA-S-20009,DARK HOLLOW HOOCH LLC,operator,ttb-name-state,medium,,https://www.ttb.gov/public-information/foia/list-of-permittees,"jaccard 0.60 via operating; premises Floyd, VA; dba Five Mile Mountain Distillery; list of 2026-09-20"
503-distilling,503 Distilling,United States,ttb-basic-permit,OR-S-20101,503 DISTILLING CORPORATION,self,ttb-name-state,medium,,https://www.ttb.gov/public-information/foia/list-of-permittees,"jaccard 1.00 via operating; premises Portland, OR; dba 503 Distilling; list of 2026-09-20"
5rocks-distilling-co,5Rocks Distilling Co.,United States,ttb-basic-permit,MN-S-20048,BRAINERD DISTILLING COMPANY,operator,ttb-name-state,high,,https://www.ttb.gov/public-information/foia/list-of-permittees,"jaccard 1.00 via operating; premises Brainerd, MN; dba 5ROCKS DISTILLING CO; list of 2026-09-20"
797-distillery,797 Distillery,United States,ttb-basic-permit,TN-S-20161,797 DISTILLERY LLC,self,ttb-name-state,medium,,https://www.ttb.gov/public-information/foia/list-of-permittees,"jaccard 1.00 via operating; premises Covington, TN; dba 797 Distillery; list of 2026-09-20"
82west-distilling,82°West Distilling,United States,ttb-basic-permit,FL-S-20040,"THE RUM PROJECT, LLC",operator,ttb-premises,medium,,https://www.ttb.gov/public-information/foia/list-of-permittees,"same premises: 6430 N Florida Ave, Tampa 33604, street overlap 1.00, name overlap 0.00; dba 82 West Distilling; list of 2026-09-20"
8aees-distilling-company,8aees Distilling Company,United States,ttb-basic-permit,OK-S-20022,"8AEES DISTILLERY, LLC",self,ttb-name-state,medium,,https://www.ttb.gov/public-information/foia/list-of-permittees,"jaccard 1.00 via operating; premises Shattuck, OK; dba 8aees Distilling Co.; list of 2026-09-20"
8th-day,8th Day,United States,ttb-basic-permit,IN-S-20031,8TH DAY DISTILLERY LLC,self,ttb-name-state,high,,https://www.ttb.gov/public-information/foia/list-of-permittees,"jaccard 1.00 via operating; premises Indianapolis, IN; dba 8th Day Distillery; list of 2026-09-20"
a-m-scott-distillery,A.M. Scott Distillery,United States,ttb-basic-permit,OH-S-20124,"A.M. SCOTT DISTILLERY, LLC",self,ttb-name-state,medium,,https://www.ttb.gov/public-information/foia/list-of-permittees,"jaccard 1.00 via owner; premises Dayton, OH; list of 2026-09-20"
a-r-whitehead-distillery,A.R. Whitehead Distillery,United States,ttb-basic-permit,PA-S-20164,ANDREW WHITEHEAD,self,ttb-name-state,high,,https://www.ttb.gov/public-information/foia/list-of-permittees,"jaccard 1.00 via operating; premises Susquehanna, PA; dba A.R. Whitehead Distillery; owner is an individual; list of 2026-09-20"
abbott-and-wallace-distillery,Abbott and Wallace Distillery,United States,ttb-basic-permit,CO-S-20065,"ABBOTT & WALLACE DISTILLING COMPANY, LLC",self,ttb-name-state,high,,https://www.ttb.gov/public-information/foia/list-of-permittees,"jaccard 1.00 via operating; premises Longmont, CO; dba Abbott & Wallace Distilling Company; list of 2026-09-20"
abiqua-spirit-distillery,Abiqua Spirit Distillery,United States,ttb-basic-permit,OR-S-20063,ABIQUA SPIRIT DISTILLERY LLC,self,ttb-name-state,high,,https://www.ttb.gov/public-information/foia/list-of-permittees,"jaccard 1.00 via owner; premises Silverton, OR; dba Bridge City Spirits; list of 2026-09-20"
acre-distilling-co,Acre Distilling Co.,United States,ttb-basic-permit,TX-S-20051,"ACRE DISTILLING COMPANY, LLC",self,ttb-name-state,medium,,https://www.ttb.gov/public-information/foia/list-of-permittees,"jaccard 1.00 via operating; premises Fort Worth, TX; dba The Acre Distilling Co.; list of 2026-09-20"
adirondack-distilling-company,Adirondack Distilling Company,United States,ttb-basic-permit,NY-S-20003,THE ADIRONDACK DISTILLING COMPANY INC.,self,ttb-name-state,high,,https://www.ttb.gov/public-information/foia/list-of-permittees,"jaccard 1.00 via operating; premises Utica, NY; dba Adirondack Distilling Company; list of 2026-09-20"
adrift-distillers,Adrift Distillers,United States,ttb-basic-permit,WA-S-20106,ADRIFT DISTILLERS INC.,self,ttb-name-state,high,,https://www.ttb.gov/public-information/foia/list-of-permittees,"jaccard 1.00 via operating; premises Long Beach, WA; dba Adrift Distillers; list of 2026-09-20"
adventure-distilling-company,Adventure Distilling Company,United States,ttb-basic-permit,TN-S-20094,"DK BUSINESS VENTURES, LLC",operator,ttb-name-state,high,,https://www.ttb.gov/public-information/foia/list-of-permittees,"jaccard 1.00 via operating; premises Cosby, TN; dba Adventure Distilling Co.; list of 2026-09-20"
adventurous-stills,Adventurous Stills,United States,ttb-basic-permit,AZ-S-20068,"OUTLAW DISTILLERY AZ, LLC",operator,ttb-premises,medium,,https://www.ttb.gov/public-information/foia/list-of-permittees,"same premises: 2125 E 5Th St Ste 102, Tempe 85288, street overlap 1.00, name overlap 0.00; dba Outlaw Distillery; list of 2026-09-20"
aerodrome-distilling,Aerodrome Distilling,United States,ttb-basic-permit,TX-S-20140,AVIATOR DISTILLING LLC,operator,ttb-premises,medium,,https://www.ttb.gov/public-information/foia/list-of-permittees,"same premises: 401 Aviation Dr, Corpus Christi 78418, street overlap 1.00, name overlap 0.00; list of 2026-09-20"
aft-distillery,AFT Distillery,United States,ttb-basic-permit,TX-S-20091,"AUSTRIAN FARMS OF TEXAS, LLC",operator,ttb-name-state,medium,,https://www.ttb.gov/public-information/foia/list-of-permittees,"jaccard 1.00 via operating; premises Luling, TX; dba AFT Distillery; list of 2026-09-20"
aggregation-distilling-company,Aggregation Distilling Company,United States,ttb-basic-permit,FL-S-20172,AGGREGATION DISTILLING COMPANY LLC,self,ttb-name-state,high,,https://www.ttb.gov/public-information/foia/list-of-permittees,"jaccard 1.00 via operating; premises Crystal River, FL; dba Aggregation Distilling; list of 2026-09-20"
alabama-distillery-co,Alabama Distillery Co.,United States,ttb-basic-permit,AL-S-20041,"STASHHOUSE WHISKEY CO., LLC",operator,ttb-premises,medium,,https://www.ttb.gov/public-information/foia/list-of-permittees,"same premises: 123 Lindsey Rd, Cullman 35055, street overlap 1.00, name overlap 0.00; list of 2026-09-20"
alamo-distilling-company,Alamo Distilling Company,United States,ttb-basic-permit,TX-S-20045,"ALAMO PREMIUM DISTILLERY, INC.",self,ttb-name-state,medium,,https://www.ttb.gov/public-information/foia/list-of-permittees,"jaccard 1.00 via operating; premises San Antonio, TX; dba Alamo Distilling Company; list of 2026-09-20"
albany-distilling-company,Albany Distilling Company,United States,ttb-basic-permit,NY-S-15044,"THE ALBANY DISTILLING COMPANY, INC.",self,ttb-name-state,high,,https://www.ttb.gov/public-information/foia/list-of-permittees,"jaccard 1.00 via owner; premises Albany, NY; dba The Albany Distilling Company, ADCo; list of 2026-09-20"
alchemy-distillery,Alchemy Distillery,United States,ttb-basic-permit,CA-S-20066,ALCHEMY DISTILLERY LLC,self,ttb-name-state,high,,https://www.ttb.gov/public-information/foia/list-of-permittees,"jaccard 1.00 via operating; premises Arcata, CA; dba Alchemy Distillery; list of 2026-09-20"
algodones-distillery,Algodones Distillery,United States,ttb-basic-permit,NM-S-20003,"ALGODONES DISTILLERY, LLC",self,ttb-name-state,high,,https://www.ttb.gov/public-information/foia/list-of-permittees,"jaccard 1.00 via owner; premises Algodones, NM; list of 2026-09-20"
alistair-s-distillery,Alistair's Distillery,United States,ttb-basic-permit,NY-S-20212,ALISTAIR'S DISTILLERY LLC,self,ttb-name-state,high,,https://www.ttb.gov/public-information/foia/list-of-permittees,"jaccard 1.00 via owner; premises Lodi, NY; list of 2026-09-20"
alley-6-craft-distillery,Alley 6 Craft Distillery,United States,ttb-basic-permit,CA-S-20067,"ALLEY 6 CRAFT DISTILLERY, LLC",self,ttb-name-state,high,,https://www.ttb.gov/public-information/foia/list-of-permittees,"jaccard 1.00 via operating; premises Healdsburg, CA; dba Alley 6 Craft Distillery; list of 2026-09-20"
almendra-winery-distillery,Almendra Winery & Distillery,United States,ttb-basic-permit,CA-S-20110,ALMENDRA WINERY & DISTILLERY INC.,self,ttb-name-state,high,,https://www.ttb.gov/public-information/foia/list-of-permittees,"jaccard 1.00 via operating; premises Durham, CA; dba Almendra Winery & Distillery; list of 2026-09-20"
alpha-brewing-co-distillery,Alpha Brewing Co & Distillery,United States,ttb-basic-permit,MO-S-20108,ABC DISTILLERY LLC,operator,ttb-name-state,medium,,https://www.ttb.gov/public-information/foia/list-of-permittees,"jaccard 1.00 via operating; premises St. Louis, MO; dba Alpha Brewing Company Distillery; list of 2026-09-20"
alpine-distilling,Alpine Distilling,United States,ttb-basic-permit,UT-S-20012,GA LLC,operator,ttb-name-state,high,,https://www.ttb.gov/public-information/foia/list-of-permittees,"jaccard 1.00 via operating; premises Park City, UT; dba Alpine Distilling; list of 2026-09-20"
altered-spirits-distillery,Altered Spirits Distillery,United States,ttb-basic-permit,WI-S-20061,"ALTERED SPIRITS DISTILLERY, LLC",self,ttb-name-state,high,,https://www.ttb.gov/public-information/foia/list-of-permittees,"jaccard 1.00 via owner; premises Slinger, WI; list of 2026-09-20"
altered-state-distillery,Altered State Distillery,United States,ttb-basic-permit,PA-S-20124,ALTERED STATE DISTILLERY LLC,self,ttb-name-state,high,,https://www.ttb.gov/public-information/foia/list-of-permittees,"jaccard 1.00 via operating; premises Erie, PA; dba Altered State Distillery; list of 2026-09-20"
american-fifth-spirits,American Fifth Spirits,United States,ttb-basic-permit,MI-S-20200,"Q5 DISTILLERY, LLC",operator,ttb-name-state,high,,https://www.ttb.gov/public-information/foia/list-of-permittees,"jaccard 1.00 via operating; premises Lansing, MI; dba American Fifth; list of 2026-09-20"
american-oak-distillery,American Oak Distillery,United States,ttb-basic-permit,NY-S-20142,"AMERICAN OAK DISTILLERY, LLC",self,ttb-name-state,high,,https://www.ttb.gov/public-information/foia/list-of-permittees,"jaccard 1.00 via owner; premises Bolton Landing, NY; list of 2026-09-20"
anchorage-distillery,Anchorage Distillery,United States,ttb-basic-permit,AK-S-20006,ANCHORAGE DISTILLERY LLC,self,ttb-name-state,high,,https://www.ttb.gov/public-information/foia/list-of-permittees,"jaccard 1.00 via owner; premises Anchorage, AK; pin has no address, matched nationwide; list of 2026-09-20"
andersons-eatery-and-distillery,Andersons Eatery and Distillery,United States,ttb-basic-permit,TX-S-20221,TWO OLD DISTILLERS LLC,operator,ttb-name-state,medium,,https://www.ttb.gov/public-information/foia/list-of-permittees,"jaccard 0.60 via operating; premises Denton, TX; dba Andersons; list of 2026-09-20"
ann-arbor-distilling-company,Ann Arbor Distilling Company,United States,ttb-basic-permit,MI-S-20049,"ANN ARBOR DISTILLING COMPANY, LLC",self,ttb-name-state,high,,https://www.ttb.gov/public-information/foia/list-of-permittees,"jaccard 1.00 via owner; premises Ann Arbor, MI; list of 2026-09-20"
antler-run-distilling,Antler Run Distilling,United States,ttb-basic-permit,NY-S-20152,"ANTLER RUN DISTILLING, LLC",self,ttb-name-state,high,,https://www.ttb.gov/public-information/foia/list-of-permittees,"jaccard 1.00 via owner; premises Keuka Park, NY; list of 2026-09-20"
anvil-forge-brewing-and-distilling-company,Anvil & Forge Brewing and Distilling Company,United States,ttb-basic-permit,IL-S-20064,"ANVIL & FORGE BREWING AND DISTILLING  COMPANY, LLC",self,ttb-name-state,high,,https://www.ttb.gov/public-information/foia/list-of-permittees,"jaccard 1.00 via owner; premises Springfield, IL; list of 2026-09-20"
appalachian-distillery,Appalachian Distillery,United States,ttb-basic-permit,WV-S-20042,"IKES FORK, LLC",operator,ttb-premises,medium,,https://www.ttb.gov/public-information/foia/list-of-permittees,"same premises: 3875 Cedar Lakes Dr, Ripley 25271, street overlap 1.00, name overlap 0.00; list of 2026-09-20"
appalachian-heritage-distillery,Appalachian Heritage Distillery,United States,ttb-basic-permit,VA-S-20092,APPALACHIAN HERITAGE DISTILLERY LLC,self,ttb-name-state,high,,https://www.ttb.gov/public-information/foia/list-of-permittees,"jaccard 1.00 via owner; premises Damascus, VA; list of 2026-09-20"
apple-dave-s-distillery,Apple Dave's Distillery,United States,ttb-basic-permit,NY-S-20073,APPLE DAVE'S DISTILLERY LLC,self,ttb-name-state,high,,https://www.ttb.gov/public-information/foia/list-of-permittees,"jaccard 1.00 via owner; premises Warwick, NY; list of 2026-09-20"
arbor-distillery,Arbor Distillery,United States,ttb-basic-permit,ME-S-20041,ARBOR DISTILLERY LLC,self,ttb-name-state,medium,,https://www.ttb.gov/public-information/foia/list-of-permittees,"jaccard 1.00 via owner; premises Oakfield, ME; list of 2026-09-20"
archetype-distillery,Archetype Distillery,United States,ttb-basic-permit,CO-S-20083,"ARCHETYPE DISTILLERY, LLC",self,ttb-name-state,high,,https://www.ttb.gov/public-information/foia/list-of-permittees,"jaccard 1.00 via operating; premises Gypsum, CO; dba Archetype Distillery; list of 2026-09-20"
arizona-distilling-co,Arizona Distilling Co.,United States,ttb-basic-permit,AZ-S-20001,ARIZONA SPIRITS LLC,self,ttb-name-state,high,,https://www.ttb.gov/public-information/foia/list-of-permittees,"jaccard 1.00 via operating; premises Tempe, AZ; dba Arizona Distilling Co.; list of 2026-09-20"
ark-distillery,ARK Distillery,United States,ttb-basic-permit,CT-S-20033,ARK DISTILLERY LLC,self,ttb-name-state,medium,,https://www.ttb.gov/public-information/foia/list-of-permittees,"jaccard 1.00 via owner; premises Colchester, CT; list of 2026-09-20"
art-of-the-spirits-distillery,Art of the Spirits Distillery,United States,ttb-basic-permit,CO-S-20178,"ART OF THE SPIRITS WHISKEY, LLC",self,ttb-name-state,medium,,https://www.ttb.gov/public-information/foia/list-of-permittees,"jaccard 1.00 via owner; premises Colorado Springs, CO; list of 2026-09-20"
asbury-park-distilling-co,Asbury Park Distilling Co,United States,ttb-basic-permit,NJ-S-20028,"ASBURY PARK DISTILLING, LLC",self,ttb-name-state,high,,https://www.ttb.gov/public-information/foia/list-of-permittees,"jaccard 1.00 via operating; premises Asbury Park, NJ; dba Asbury Park Distilling Co.; list of 2026-09-20"
ashlynn-distillery,Ashlynn Distillery,United States,ttb-basic-permit,PA-S-20218,ASHLYNN DISTILLERY LLC,self,ttb-name-state,high,,https://www.ttb.gov/public-information/foia/list-of-permittees,"jaccard 1.00 via operating; premises Morrisville, PA; dba Ashlynn Distillery; list of 2026-09-20"
aspen-distillers,Aspen Distillers,United States,ttb-basic-permit,CO-S-20119,ASPEN DISTILLERS LLC,self,ttb-name-state,low,,https://www.ttb.gov/public-information/foia/list-of-permittees,"jaccard 1.00 via operating; premises Basalt, CO; dba Aspen Distillers; list of 2026-09-20"
aspen-sky-winery-distillery-event-center,"Aspen Sky - Winery, Distillery & Event Center",United States,ttb-basic-permit,WI-S-20085,ASPEN SKY LLC,self,ttb-name-state,medium,,https://www.ttb.gov/public-information/foia/list-of-permittees,"jaccard 0.60 via operating; premises Slinger, WI; dba Aspen Sky; list of 2026-09-20"
asw-distillery,ASW Distillery,United States,ttb-basic-permit,GA-S-20014,"ASW DISTILLERY, LLC",self,ttb-name-state,medium,,https://www.ttb.gov/public-information/foia/list-of-permittees,"jaccard 1.00 via operating; premises Atlanta, GA; dba ASW Distillery; list of 2026-09-20"
asw-exchange,ASW Exchange,United States,ttb-basic-permit,GA-S-20014,"ASW DISTILLERY, LLC",self,ttb-name-state,medium,,https://www.ttb.gov/public-information/foia/list-of-permittees,"jaccard 0.60 via operating; premises Atlanta, GA; dba ASW Distillery; list of 2026-09-20"
asylum,Asylum,United States,ttb-basic-permit,MT-S-20025,"ASYLUM DISTILLERY, INC.",self,ttb-name-state,high,,https://www.ttb.gov/public-information/foia/list-of-permittees,"jaccard 1.00 via owner; premises Billings, MT; list of 2026-09-20"
atlanta-hard-cider-company,Atlanta Hard Cider Company,United States,ttb-basic-permit,GA-S-20066,"ATLANTA HARD CIDER CO. & DISTILLERY, INC.",self,ttb-name-state,high,,https://www.ttb.gov/public-information/foia/list-of-permittees,"jaccard 1.00 via owner; premises Marietta, GA; list of 2026-09-20"
augusta-distillery,Augusta Distillery,United States,ttb-basic-permit,KY-S-20087,AUGUSTA SWEET WATER HOLDINGS LLC,self,ttb-name-state,high,,https://www.ttb.gov/public-information/foia/list-of-permittees,"jaccard 1.00 via operating; premises Augusta, KY; dba Augusta Distillery; list of 2026-09-20"
awildan-distilling,Awildan Distilling,United States,ttb-basic-permit,WI-S-20060,AWILDAN DISTILLING LLC,self,ttb-name-state,high,,https://www.ttb.gov/public-information/foia/list-of-permittees,"jaccard 1.00 via owner; premises Sun Prairie, WI; list of 2026-09-20"
axe-and-the-oak-distillery,Axe and the Oak Distillery,United States,ttb-basic-permit,CO-S-20034,AXE AND THE OAK DISTILLERY LLC,self,ttb-name-state,high,,https://www.ttb.gov/public-information/foia/list-of-permittees,"jaccard 1.00 via owner; premises Colorado Springs, CO; list of 2026-09-20"
axe-handle-distilling,Axe Handle Distilling,United States,ttb-basic-permit,VA-S-20077,"OLD VIRGINIA HAND HEWN LOG HOMES, INC.",operator,ttb-name-state,high,,https://www.ttb.gov/public-information/foia/list-of-permittees,"jaccard 1.00 via operating; premises Pennington Gap, VA; dba Axe Handle Distilling; list of 2026-09-20"
azeo-distillery,Azeo Distillery,United States,ttb-basic-permit,CA-S-20079,"HORN ENTERPRISES, INC.",operator,ttb-premises,medium,,https://www.ttb.gov/public-information/foia/list-of-permittees,"same premises: 3230 Riverside Ave Unit # 190, Paso Robles 93446, street overlap 1.00, name overlap 0.00; dba WASTED YOUTH SPIRITS; list of 2026-09-20"
b-h-james-distillers,B.H. James Distillers,United States,ttb-basic-permit,KY-S-20076,"MICKBOURBON, LLC",operator,ttb-name-state,high,,https://www.ttb.gov/public-information/foia/list-of-permittees,"jaccard 1.00 via operating; premises Adairville, KY; dba B. H. James Distillers; list of 2026-09-20"
backwards-distilling-company,Backwards Distilling Company,United States,ttb-basic-permit,WY-S-20002,"BACKWARDS DISTILLING COMPANY, LLC",self,ttb-name-state,high,,https://www.ttb.gov/public-information/foia/list-of-permittees,"jaccard 1.00 via owner; premises Mills, WY; list of 2026-09-20"
bad-alfred-s-distilling,BAD Alfred's Distilling,United States,ttb-basic-permit,MD-S-20006,"CASSINELLI WINERY & VINEYARDS, LLC",operator,ttb-premises,medium,,https://www.ttb.gov/public-information/foia/list-of-permittees,"same premises: 323, 325, 327 High St., Chestertown 21620, street overlap 1.00, name overlap 0.00; list of 2026-09-20"
bad-alibi-distillery,Bad Alibi Distillery,United States,ttb-basic-permit,CO-S-20165,"BAD ALIBI DISTILLERY, LLC",self,ttb-name-state,high,,https://www.ttb.gov/public-information/foia/list-of-permittees,"jaccard 1.00 via operating; premises Craig, CO; dba Bad Alibi Distillery; list of 2026-09-20"
bad-dog-distillery,Bad Dog Distillery,United States,ttb-basic-permit,WA-S-20054,"BAD DOG DISTILLERY, LLC",self,ttb-name-state,high,,https://www.ttb.gov/public-information/foia/list-of-permittees,"jaccard 1.00 via operating; premises Arlington, WA; dba Bad Dog Distillery; list of 2026-09-20"
badlands-artisan-distillery-bistro,Badlands Artisan Distillery & Bistro,United States,ttb-basic-permit,OR-S-20081,BADLANDS ARTISAN DISTILLERY LLC,self,ttb-name-state,medium,,https://www.ttb.gov/public-information/foia/list-of-permittees,"jaccard 0.60 via operating; premises La Pine, OR; dba Badlands Artisan Distillery; list of 2026-09-20"
badlands-distillery,Badlands Distillery,United States,ttb-basic-permit,SD-S-20006,BADLANDS DISTILLERY LLC,self,ttb-name-state,high,,https://www.ttb.gov/public-information/foia/list-of-permittees,"jaccard 1.00 via owner; premises Kadoka, SD; list of 2026-09-20"
bakalian-family-distilling,Bakalian Family Distilling,United States,ttb-basic-permit,TX-S-20195,SUGAR ISLAND LLC,operator,ttb-name-state,high,,https://www.ttb.gov/public-information/foia/list-of-permittees,"jaccard 1.00 via operating; premises Bryan, TX; dba Bakalian Family Distilling; list of 2026-09-20"
balance-distilling-company,Balance Distilling Company,United States,ttb-basic-permit,KY-S-20093,"BALANCE DISTILLING COMPANY, LLC",self,ttb-name-state,high,,https://www.ttb.gov/public-information/foia/list-of-permittees,"jaccard 1.00 via owner; premises Smiths Grove, KY; list of 2026-09-20"
baldwin-city-distillery,Baldwin City Distillery,United States,ttb-basic-permit,KS-S-20018,"MAPLE LEAF ORCHARDS, LLC",operator,ttb-premises,medium,,https://www.ttb.gov/public-information/foia/list-of-permittees,"same premises: 1747 N 200 Rd, Baldwin City 66006, street overlap 1.00, name overlap 0.00; dba Cider Still House; list of 2026-09-20"
ballistic-distillery,Ballistic Distillery,United States,ttb-basic-permit,WA-S-20127,"BALLISTIC DISTILLERY, LLC",self,ttb-name-state,high,,https://www.ttb.gov/public-information/foia/list-of-permittees,"jaccard 1.00 via owner; premises Spokane, WA; list of 2026-09-20"
ballmer-peak-distillery-green-mountain,Ballmer Peak Distillery - Green Mountain,United States,ttb-basic-permit,CO-S-20108,BALLMER PEAK SPIRITS COMPANY LLC,self,ttb-name-state,medium,,https://www.ttb.gov/public-information/foia/list-of-permittees,"jaccard 0.60 via operating; premises Lakewood, CO; dba Ballmer Peak Distillery; list of 2026-09-20"
ballmer-peak-distillery-sheridan,Ballmer Peak Distillery - Sheridan,United States,ttb-basic-permit,CO-S-20108,BALLMER PEAK SPIRITS COMPANY LLC,self,ttb-name-state,medium,,https://www.ttb.gov/public-information/foia/list-of-permittees,"jaccard 0.77 via operating; premises Lakewood, CO; dba Ballmer Peak Distillery; list of 2026-09-20"
banner-distilling-co,Banner Distilling Co.,United States,ttb-basic-permit,TX-S-20011,"BANNER DISTILLING CO., LLC",self,ttb-name-state,high,,https://www.ttb.gov/public-information/foia/list-of-permittees,"jaccard 1.00 via operating; premises Manor, TX; dba Banner Distilling Co.; list of 2026-09-20"
bardenay-distilling-co,Bardenay Distilling Co.,United States,ttb-basic-permit,ID-S-121,"BARDENAY, INC.",self,ttb-name-state,high,,https://www.ttb.gov/public-information/foia/list-of-permittees,"jaccard 1.00 via operating; premises Boise, ID; dba BARDENAY; list of 2026-09-20"
bardenay-restaurant-distillery-boise,Bardenay Restaurant & Distillery | Boise,United States,ttb-basic-permit,ID-S-121,"BARDENAY, INC.",self,ttb-name-state,medium,,https://www.ttb.gov/public-information/foia/list-of-permittees,"jaccard 0.60 via operating; premises Boise, ID; dba BARDENAY; list of 2026-09-20"
bardenay-restaurant-distillery-coeur-d-alene,Bardenay Restaurant & Distillery - Coeur d'Alene,United States,ttb-basic-permit,ID-S-15001,"BARDENAY, INC.",self,ttb-premises,medium,,https://www.ttb.gov/public-information/foia/list-of-permittees,"same premises: 1710 W Riverstone Dr, Coeur D Alene 83814, street overlap 1.00, name overlap 0.33; dba BARDENAY; list of 2026-09-20"
bardenay-restaurant-distillery-eagle,Bardenay Restaurant & Distillery | Eagle,United States,ttb-basic-permit,ID-S-122,"BARDENAY, INC.",self,ttb-name-state,medium,,https://www.ttb.gov/public-information/foia/list-of-permittees,"jaccard 0.60 via operating; premises Eagle, ID; dba BARDENAY; list of 2026-09-20"
bardstown-bourbon-company,Bardstown Bourbon Company,United States,ttb-basic-permit,KY-S-20041,"THE BARDSTOWN BOURBON COMPANY, LLC",self,ttb-name-state,high,,https://www.ttb.gov/public-information/foia/list-of-permittees,"jaccard 1.00 via owner; premises Bardstown, KY; list of 2026-09-20"
barley-and-boar-restaurant-brewhouse-distillery,Barley and Boar - Restaurant • Brewhouse • Distillery,United States,ttb-basic-permit,CA-S-20453,BU BREWING LLC,operator,ttb-name-state,medium,,https://www.ttb.gov/public-information/foia/list-of-permittees,"jaccard 0.77 via operating; premises Atascadero, CA; dba Barley and Boar Kitchen and Distillery; list of 2026-09-20"
barn-dog-distillery,Barn Dog Distillery,United States,ttb-basic-permit,NY-S-20153,BARN DOG CRAFT DISTILLING LLC,self,ttb-name-state,high,,https://www.ttb.gov/public-information/foia/list-of-permittees,"jaccard 1.00 via operating; premises East Aurora, NY; dba Barn Dog Craft Distilling; list of 2026-09-20"
barnstormer-distillery,Barnstormer Distillery,United States,ttb-basic-permit,IL-S-20046,BARNSTORMER DISTILLERIES INC.,self,ttb-name-state,high,,https://www.ttb.gov/public-information/foia/list-of-permittees,"jaccard 1.00 via operating; premises Rockford, IL; dba Barnstormer Distillery; list of 2026-09-20"
barr-hill-by-caledonia-spirits-distillery,Barr Hill by Caledonia Spirits Distillery,United States,ttb-basic-permit,VT-S-20030,"CALEDONIA SPIRITS, INC.",operator,ttb-premises,medium,,https://www.ttb.gov/public-information/foia/list-of-permittees,"same premises: 116 Gin Ln, Montpelier 05602, street overlap 1.00, name overlap 0.25; dba Caledonia Spirits; list of 2026-09-20"
barrel-21-distillery-dining,Barrel 21 Distillery & Dining,United States,ttb-basic-permit,PA-S-20037,"C & D BREWING VENTURES, INC.",operator,ttb-name-state,high,,https://www.ttb.gov/public-information/foia/list-of-permittees,"jaccard 1.00 via operating; premises State College, PA; dba Barrel 21 Distillery and Dining; list of 2026-09-20"
barrel-house-distillery,Barrel House Distillery,United States,ttb-basic-permit,KY-S-15005,"WOODSHED BEVERAGE, LLC",operator,ttb-name-state,medium,,https://www.ttb.gov/public-information/foia/list-of-permittees,"jaccard 0.60 via operating; premises Lexington, KY; dba BARREL HOUSE DISTILLING COMPANY; list of 2026-09-20"
barrelhouse-6-distillery,BARRELHOUSE 6 DISTILLERY,United States,ttb-basic-permit,NY-S-20191,1836 DISTILLING LLC,operator,ttb-name-state,high,,https://www.ttb.gov/public-information/foia/list-of-permittees,"jaccard 1.00 via operating; premises Hammondsport, NY; dba Barrelhouse 6 Distillery; list of 2026-09-20"
bartlett-maine-estate-winery-and-distillery,Bartlett Maine Estate Winery and Distillery,United States,ttb-basic-permit,ME-S-15001,BARTLETT MAINE ESTATE WINERY,self,ttb-name-state,high,,https://www.ttb.gov/public-information/foia/list-of-permittees,"jaccard 1.00 via owner; premises Gouldsboro, ME; owner is an individual; list of 2026-09-20"
barton-1792-distillery,Barton 1792 Distillery,United States,ttb-basic-permit,KY-S-20030,"SAZERAC DISTILLERS, LLC",operator,ttb-name-state,high,,https://www.ttb.gov/public-information/foia/list-of-permittees,"jaccard 1.00 via operating; premises Bardstown, KY; dba Barton 1792 Distillery; list of 2026-09-20"
bastin-distillery,Bastin Distillery,United States,ttb-basic-permit,PA-S-20242,BASTIN DISTILLERY LLC,self,ttb-name-state,high,,https://www.ttb.gov/public-information/foia/list-of-permittees,"jaccard 1.00 via owner; premises Saxonburg, PA; list of 2026-09-20"
batson-river-brewing-distilling,Batson River Brewing & Distilling,United States,ttb-basic-permit,ME-S-20024,"LUCKY DOG DISTILLING, LLC",operator,ttb-name-state,high,,https://www.ttb.gov/public-information/foia/list-of-permittees,"jaccard 1.00 via operating; premises Biddeford, ME; dba Batson River Brewing & Distilling; list of 2026-09-20"
batson-river-brewing-distilling-kennebunk,Batson River Brewing & Distilling - Kennebunk,United States,ttb-basic-permit,ME-S-20024,"LUCKY DOG DISTILLING, LLC",operator,ttb-name-state,low,,https://www.ttb.gov/public-information/foia/list-of-permittees,"jaccard 0.67 via operating; premises Biddeford, ME; dba Batson River Brewing & Distilling; list of 2026-09-20"
battlefield-brew-works-spirits-of-gettysburg-distillery,Battlefield Brew Works & Spirits of Gettysburg Distillery,United States,ttb-basic-permit,PA-S-20017,"GETTYSBURY BATTLEFIELD BREW WORKS, LP",self,ttb-name-state,medium,,https://www.ttb.gov/public-information/foia/list-of-permittees,"jaccard 0.70 via owner; premises Gettysburg, PA; dba Spirits of Gettysburg Distillery; list of 2026-09-20"
bayou-rum-louisiana-spirits-distillery,Bayou Rum Louisiana Spirits Distillery,United States,ttb-basic-permit,LA-S-20001,"LOUISIANA SPIRITS, LLC",self,ttb-name-state,medium,,https://www.ttb.gov/public-information/foia/list-of-permittees,"jaccard 0.60 via owner; premises Lacassine, LA; list of 2026-09-20"
bayou-terrebonne-distillers,Bayou Terrebonne Distillers,United States,ttb-basic-permit,LA-S-20028,"BAYOU TERREBONNE DISTILLERS, L.L.C.",self,ttb-name-state,medium,,https://www.ttb.gov/public-information/foia/list-of-permittees,"jaccard 0.77 via owner; premises Houma, LA; list of 2026-09-20"
beachwood-brewing-distilling,Beachwood Brewing & Distilling,United States,ttb-basic-permit,CA-S-20418,"BEACHWOOD BLENDERY, LLC",self,ttb-name-state,high,,https://www.ttb.gov/public-information/foia/list-of-permittees,"jaccard 1.00 via operating; premises Long Beach, CA; dba Beachwood Distilling; list of 2026-09-20"
bear-creek-distillery,Bear Creek Distillery,United States,ttb-basic-permit,CO-S-20014,"BEAR CREEK DISTILLERY, LLLP",self,ttb-name-state,high,,https://www.ttb.gov/public-information/foia/list-of-permittees,"jaccard 1.00 via operating; premises Denver, CO; dba Bear Creek Distillery; list of 2026-09-20"
bear-wallow-distillery,Bear Wallow Distillery,United States,ttb-basic-permit,IN-S-20002,"THE OLD COPPER STILL DISTILLING COMPANY, LLC",operator,ttb-name-state,high,,https://www.ttb.gov/public-information/foia/list-of-permittees,"jaccard 1.00 via operating; premises Nashville, IN; dba Bear Wallow Distillery; list of 2026-09-20"
bearded-wheat-distillery,Bearded Wheat Distillery,United States,ttb-basic-permit,TX-S-20323,PHILIP WEST,self,ttb-name-state,high,,https://www.ttb.gov/public-information/foia/list-of-permittees,"jaccard 1.00 via operating; premises Hillsboro, TX; dba Bearded Wheat Distillery; owner is an individual; list of 2026-09-20"
beaver-creek-distillery,Beaver Creek Distillery,United States,ttb-basic-permit,MS-S-20010,"BEAVER CREEK BOTANICALS, LLC",self,ttb-name-state,high,,https://www.ttb.gov/public-information/foia/list-of-permittees,"jaccard 1.00 via operating; premises Bassfield, MS; dba Beaver Creek Distillery; list of 2026-09-20"
beaver-pond-distillery,Beaver Pond Distillery,United States,ttb-basic-permit,MA-S-20018,"BEAVER POND DISTILLERY, INC.",self,ttb-name-state,high,,https://www.ttb.gov/public-information/foia/list-of-permittees,"jaccard 1.00 via operating; premises Petersham, MA; dba Beaver Pond Distillery; list of 2026-09-20"
before-the-barrel-distillery,Before The Barrel Distillery,United States,ttb-basic-permit,PA-S-20207,BEFORE THE BARREL DISTILLERY LLC,self,ttb-name-state,high,,https://www.ttb.gov/public-information/foia/list-of-permittees,"jaccard 1.00 via owner; premises Erie, PA; list of 2026-09-20"
bella-bambini-distillery,Bella Bambini Distillery,United States,ttb-basic-permit,PA-S-20075,BELLA BAMBINI CELLO LLC,self,ttb-name-state,medium,,https://www.ttb.gov/public-information/foia/list-of-permittees,"jaccard 0.77 via owner; premises Coraopolis, PA; list of 2026-09-20"
bella-loma-tasting-room-and-distillery,Bella Loma - Tasting Room and Distillery,United States,ttb-basic-permit,TX-S-20260,BELLA LOMA L.L.C.,self,ttb-name-state,medium,,https://www.ttb.gov/public-information/foia/list-of-permittees,"jaccard 0.77 via owner; premises Spicewood, TX; list of 2026-09-20"
belle-isle-moonshine,Belle Isle Moonshine,United States,ttb-basic-permit,VA-S-20020,BELLE ISLE CRAFT SPIRITS INC.,self,ttb-name-state,high,,https://www.ttb.gov/public-information/foia/list-of-permittees,"jaccard 1.00 via operating; premises Richmond, VA; dba Belle Isle Craft Spirits; list of 2026-09-20"
belle-of-dayton-distillery,Belle of Dayton Distillery,United States,ttb-basic-permit,OH-S-20012,FIVE POINTS DISTILLERY LLC,operator,ttb-name-state,high,,https://www.ttb.gov/public-information/foia/list-of-permittees,"jaccard 1.00 via operating; premises Dayton, OH; dba Belle of Dayton; list of 2026-09-20"
bellemara-distillery,Bellemara Distillery,United States,ttb-basic-permit,NJ-S-20057,CW BREWING AND DISTILLING LLC,operator,ttb-name-state,high,,https://www.ttb.gov/public-information/foia/list-of-permittees,"jaccard 1.00 via operating; premises Hillsborough, NJ; dba Bellemara Distillery; list of 2026-09-20"
bellewood-farms-distillery,Bellewood Farms & Distillery,United States,ttb-basic-permit,WA-S-20008,"BELLEWOOD ACRES, INC",self,ttb-name-state,high,,https://www.ttb.gov/public-information/foia/list-of-permittees,"jaccard 1.00 via operating; premises Lynden, WA; dba BelleWood Distilling; list of 2026-09-20"
belmont-farms-distillery,Belmont Farms Distillery,United States,ttb-basic-permit,VA-S-589,"BELMONT FARMS OF VIRGINIA, INC.",self,ttb-name-state,high,,https://www.ttb.gov/public-information/foia/list-of-permittees,"jaccard 1.00 via operating; premises Culpeper, VA; dba BELMONT FARMS; list of 2026-09-20"
bendistillery,Bendistillery,United States,ttb-basic-permit,OR-S-125,"BENDISTILLERY, INC.",self,ttb-name-state,high,,https://www.ttb.gov/public-information/foia/list-of-permittees,"jaccard 1.00 via owner; premises Bend, OR; list of 2026-09-20"
bendt-distilling-co,BENDT Distilling Co.,United States,ttb-basic-permit,TX-S-20035,BENDT DISTILLING LLC,self,ttb-name-state,medium,,https://www.ttb.gov/public-information/foia/list-of-permittees,"jaccard 1.00 via operating; premises Lewisville, TX; dba Bendt Distilling Co.; list of 2026-09-20"
bens-den-at-gulf-coast-distillers,Ben’s Den at Gulf Coast Distillers,United States,ttb-basic-permit,TX-S-20046,"BUFFALO BAYOU DISTILLERIES, LLC",operator,ttb-name-state,low,,https://www.ttb.gov/public-information/foia/list-of-permittees,"jaccard 0.50 via operating; premises Houston, TX; dba Gulf Coast Distillers; list of 2026-09-20"
bently-heritage-estate-distillery-public-house,Bently Heritage Estate Distillery & Public House,United States,ttb-basic-permit,NV-S-20034,"HIGH SIERRA DISTILLERY, LLC",operator,ttb-premises,medium,,https://www.ttb.gov/public-information/foia/list-of-permittees,"same premises: 1601 Water St, Minden 89423, street overlap 1.00, name overlap 0.00; dba Minden Mill Distilling; list of 2026-09-20"
berkshire-mountain-distillers,Berkshire Mountain Distillers,United States,ttb-basic-permit,MA-S-15002,"BERKSHIRE MOUNTAIN DISTILLERS, INC.",self,ttb-name-state,high,,https://www.ttb.gov/public-information/foia/list-of-permittees,"jaccard 1.00 via operating; premises Sheffield, MA; dba Berkshire Mountain Distillers; list of 2026-09-20"
bethel-rd-distillary-winery,Bethel Rd Distillary & Winery,United States,ttb-basic-permit,CA-S-354,NIELS UDSEN AND BERIT UDSEN,operator,ttb-premises,medium,,https://www.ttb.gov/public-information/foia/list-of-permittees,"same premises: 1266 N Bethel Rd, Templeton 93465, street overlap 1.00, name overlap 0.25; dba Bethel Road Distillery; list of 2026-09-20"
beyond-distilling-company,Beyond Distilling Company,United States,ttb-basic-permit,SC-S-20047,"BEYOND DISTILLING COMPANY, LLC",self,ttb-name-state,high,,https://www.ttb.gov/public-information/foia/list-of-permittees,"jaccard 1.00 via owner; premises North Charleston, SC; list of 2026-09-20"
bhakta-griswold-campus,Bhakta-Griswold Campus,United States,ttb-basic-permit,VT-S-20043,"BALTHAZAR REX, LLC",operator,ttb-premises,medium,,https://www.ttb.gov/public-information/foia/list-of-permittees,"same premises: 1 Brennan Cir, Poultney 05764, street overlap 1.00, name overlap 0.00; list of 2026-09-20"
bier-distillery-brewery,Bier Distillery & Brewery,United States,ttb-basic-permit,MI-S-20030,BIER BARREL DISTILLERY LLC,self,ttb-name-state,medium,,https://www.ttb.gov/public-information/foia/list-of-permittees,"jaccard 0.77 via operating; premises Comstock Park, MI; dba Bier Distillery; list of 2026-09-20"
big-bottom-distilling,Big Bottom Distilling,United States,ttb-basic-permit,OR-S-20142,"BIG BOTTOM DISTILLING, LLC",self,ttb-name-state,high,,https://www.ttb.gov/public-information/foia/list-of-permittees,"jaccard 1.00 via owner; premises Hillsboro, OR; list of 2026-09-20"
big-creek-distilling-co,Big Creek Distilling Co.,United States,ttb-basic-permit,GA-S-20073,BIG CREEK BEVERAGE COMPANY LLC,self,ttb-name-state,high,,https://www.ttb.gov/public-information/foia/list-of-permittees,"jaccard 1.00 via operating; premises Dahlonega, GA; dba Big Creek Distilling Co.; list of 2026-09-20"
big-cypress-distillery,Big Cypress Distillery,United States,ttb-basic-permit,FL-S-20035,"BIG CYPRESS DISTILLERY, LLC",self,ttb-name-state,high,,https://www.ttb.gov/public-information/foia/list-of-permittees,"jaccard 1.00 via owner; premises Miami, FL; list of 2026-09-20"
big-dog-distillery,Big Dog Distillery,United States,ttb-basic-permit,ND-S-20007,BIG DOG BEVERAGES LLC,self,ttb-name-state,high,,https://www.ttb.gov/public-information/foia/list-of-permittees,"jaccard 1.00 via operating; premises Bismarck, ND; dba Big Dog Beverages LLC; list of 2026-09-20"
big-machine-distillery,Big Machine Distillery,United States,ttb-basic-permit,TN-S-20003,TENN SOUTH DISTILLERY LLC,operator,ttb-name-state,high,,https://www.ttb.gov/public-information/foia/list-of-permittees,"jaccard 1.00 via operating; premises Lynnville, TN; dba Big Machine Distillery; list of 2026-09-20"
big-machine-distillery-tavern,Big Machine Distillery & Tavern,United States,ttb-basic-permit,TN-S-20100,TENN SOUTH DISTILLERY LLC,operator,ttb-name-state,medium,,https://www.ttb.gov/public-information/foia/list-of-permittees,"jaccard 0.77 via operating; premises Nashville, TN; dba Big Machine Distillery; list of 2026-09-20"
big-spring-spirits,Big Spring Spirits,United States,ttb-basic-permit,PA-S-20015,"NITTANY VALLEY DISTILLING, LLC",operator,ttb-name-state,high,,https://www.ttb.gov/public-information/foia/list-of-permittees,"jaccard 1.00 via operating; premises Bellefonte, PA; dba Big Spring Spirits; list of 2026-09-20"
birch-point-distillery,Birch Point Distillery,United States,ttb-basic-permit,WI-S-20114,BIRCH POINT DISTILLERY LLC,self,ttb-name-state,high,,https://www.ttb.gov/public-information/foia/list-of-permittees,"jaccard 1.00 via operating; premises Westby, WI; dba Birch Point Distillery; list of 2026-09-20"
bird-creek-distillery,Bird Creek Distillery,United States,ttb-basic-permit,OR-S-20117,"WILDERNESS DISTILLERY, LLC",operator,ttb-name-state,high,,https://www.ttb.gov/public-information/foia/list-of-permittees,"jaccard 1.00 via operating; premises Portland, OR; dba Bird Creek Distillery; list of 2026-09-20"
birdseye-hollow-farm-and-distillery,Birdseye Hollow Farm and Distillery,United States,ttb-basic-permit,NY-S-20277,BIRDSEYE FARMS LLC,self,ttb-name-state,high,,https://www.ttb.gov/public-information/foia/list-of-permittees,"jaccard 1.00 via operating; premises Hammondsport, NY; dba Birdseye Hollow Farm & Distillery; list of 2026-09-20"
bismarck-brewing,Bismarck Brewing,United States,ttb-basic-permit,ND-S-20008,BISMARCK DISTILLERY LLC,self,ttb-name-state,medium,,https://www.ttb.gov/public-information/foia/list-of-permittees,"jaccard 1.00 via operating; premises Lincoln, ND; dba Bismarck Distillery; pin has no address, matched nationwide; list of 2026-09-20"
bitter-tom-s-distillery,Bitter Tom's Distillery,United States,ttb-basic-permit,MI-S-20179,BITTER TOMS MANUFACTURING LLC,self,ttb-name-state,medium,,https://www.ttb.gov/public-information/foia/list-of-permittees,"jaccard 1.00 via operating; premises Rochester Hills, MI; dba Bitter Tom's; list of 2026-09-20"
bko-distillery,BKO Distillery,United States,ttb-basic-permit,OH-S-20071,BKO INC.,self,ttb-name-state,medium,,https://www.ttb.gov/public-information/foia/list-of-permittees,"jaccard 1.00 via operating; premises Medina, OH; dba BKO Inc; list of 2026-09-20"
black-creek-distilleries,Black Creek Distilleries,United States,ttb-basic-permit,FL-S-20070,"BLACK CREEK DISTILLERIES, INC.",self,ttb-name-state,high,,https://www.ttb.gov/public-information/foia/list-of-permittees,"jaccard 1.00 via operating; premises Middleburg, FL; dba Black Creek Distilleries; list of 2026-09-20"
black-diamond-brewery-and-distillery,Black Diamond Brewery and Distillery,United States,ttb-basic-permit,OH-S-20059,HOCKING TECHNICAL COLLEGE,operator,ttb-name-state,high,,https://www.ttb.gov/public-information/foia/list-of-permittees,"jaccard 1.00 via operating; premises New Straitsville, OH; dba Black Diamond Distillery; list of 2026-09-20"
black-diamond-brewery-and-distillery-circleville,Black Diamond Brewery and Distillery Circleville,United States,ttb-basic-permit,OH-S-20059,HOCKING TECHNICAL COLLEGE,operator,ttb-name-state,low,,https://www.ttb.gov/public-information/foia/list-of-permittees,"jaccard 0.67 via operating; premises New Straitsville, OH; dba Black Diamond Distillery; list of 2026-09-20"
black-diamond-brewery-distillery-waverly,Black Diamond Brewery & Distillery - Waverly,United States,ttb-basic-permit,OH-S-20059,HOCKING TECHNICAL COLLEGE,operator,ttb-name-state,low,,https://www.ttb.gov/public-information/foia/list-of-permittees,"jaccard 0.67 via operating; premises New Straitsville, OH; dba Black Diamond Distillery; list of 2026-09-20"
black-dog-distillery-l-l-c,Black Dog Distillery L.L.C.,United States,ttb-basic-permit,IL-S-20106,"BLACK DOG DISTILLERY, LLC",self,ttb-name-state,medium,,https://www.ttb.gov/public-information/foia/list-of-permittees,"jaccard 0.77 via operating; premises Plainfield, IL; dba Black Dog Distillery; list of 2026-09-20"
black-draft-farm-distillery,Black Draft Farm & Distillery,United States,ttb-basic-permit,WV-S-20004,BLACK DRAFT FARM LLC,self,ttb-name-state,high,,https://www.ttb.gov/public-information/foia/list-of-permittees,"jaccard 1.00 via owner; premises Martinsburg, WV; list of 2026-09-20"
black-frost-distilling,Black Frost Distilling,United States,ttb-basic-permit,MN-S-20072,"BLACK FROST DISTILLING, LLC",self,ttb-name-state,high,,https://www.ttb.gov/public-information/foia/list-of-permittees,"jaccard 1.00 via operating; premises New Ulm, MN; dba Black Frost Distilling; list of 2026-09-20"
black-gold-distilling,Black Gold Distilling,United States,ttb-basic-permit,NM-S-20053,BLACK GOLD DISTILLING LLC,self,ttb-name-state,high,,https://www.ttb.gov/public-information/foia/list-of-permittees,"jaccard 1.00 via operating; premises Hobbs, NM; dba Black Gold Distilling; list of 2026-09-20"
black-patch-distilling-company,Black Patch Distilling Company,United States,ttb-basic-permit,AL-S-20022,"BLACK PATCH DISTILLING COMPANY, LLC",self,ttb-name-state,high,,https://www.ttb.gov/public-information/foia/list-of-permittees,"jaccard 1.00 via operating; premises Huntsville, AL; dba Black Patch Distilling Company; list of 2026-09-20"
black-sheep-distillery,Black Sheep Distillery,United States,ttb-basic-permit,NY-S-20257,BLACK SHEEP DISTILLERY LLC,self,ttb-name-state,high,,https://www.ttb.gov/public-information/foia/list-of-permittees,"jaccard 1.00 via owner; premises Prattsburgh, NY; list of 2026-09-20"
black-shire-distillery-tasting-room,Black Shire Distillery Tasting Room,United States,ttb-basic-permit,MO-S-20041,"DIERBERG EDUCATIONAL FOUNDATION, INC.",operator,ttb-name-state,high,,https://www.ttb.gov/public-information/foia/list-of-permittees,"jaccard 1.00 via operating; premises Hermann, MO; dba Black Shire Distillery; list of 2026-09-20"
blackbird-distillery,Blackbird Distillery,United States,ttb-basic-permit,PA-S-20007,"BLACKBIRD DISTILLERY, LLC",self,ttb-name-state,high,,https://www.ttb.gov/public-information/foia/list-of-permittees,"jaccard 1.00 via owner; premises Brookville, PA; dba 727 Spirits; list of 2026-09-20"
blackdrop-distillery,Blackdrop Distillery,United States,ttb-basic-permit,SD-S-20017,BLACK DROP DISTILLERY LLC,operator,ttb-premises,medium,,https://www.ttb.gov/public-information/foia/list-of-permittees,"same premises: 127 Ohio St, Wakonda 57073, street overlap 1.00, name overlap 0.00; list of 2026-09-20"
blackhat-distillery,Blackhat Distillery,United States,ttb-basic-permit,CO-S-20050,"BLUE FISH DISTILLERY, INC.",operator,ttb-name-state,high,,https://www.ttb.gov/public-information/foia/list-of-permittees,"jaccard 1.00 via operating; premises Colorado Springs, CO; dba Blackhat Distillery; list of 2026-09-20"
blackland-distillery,Blackland Distillery,United States,ttb-basic-permit,TX-S-20222,"M DISTILLERY, LLC",operator,ttb-name-state,high,,https://www.ttb.gov/public-information/foia/list-of-permittees,"jaccard 1.00 via operating; premises Fort Worth, TX; dba Blackland Distillery; list of 2026-09-20"
blackpot-distillery,Blackpot Distillery,United States,ttb-basic-permit,MT-S-20021,BLACKPOT DISTILLERY L.L.C.,self,ttb-name-state,medium,,https://www.ttb.gov/public-information/foia/list-of-permittees,"jaccard 0.60 via owner; premises Belgrade, MT; list of 2026-09-20"
blacksmith-distillery,Blacksmith Distillery,United States,ttb-basic-permit,MO-S-20068,"BLACKSMITH ARTISANAL SPIRITS, LLC",self,ttb-name-state,high,,https://www.ttb.gov/public-information/foia/list-of-permittees,"jaccard 1.00 via operating; premises Lohman, MO; dba Blacksmith Artisanal Spirits; list of 2026-09-20"
blaum-bros-distillery,Blaum Bros Distillery,United States,ttb-basic-permit,IL-S-20010,"BLAUM BROS. DISTILLING CO., LLC",self,ttb-name-state,high,,https://www.ttb.gov/public-information/foia/list-of-permittees,"jaccard 1.00 via operating; premises Galena, IL; dba Blaum Bros. Distilling Co.; list of 2026-09-20"
blended-distilling-llc,"Blended Distilling, LLC",United States,ttb-basic-permit,NE-S-20028,BLENDED DISTILLING LLC,self,ttb-name-state,high,,https://www.ttb.gov/public-information/foia/list-of-permittees,"jaccard 1.00 via operating; premises York, NE; dba Blended Distilling; list of 2026-09-20"
blue-flag-distillery,Blue Flag Distillery,United States,ttb-basic-permit,TX-S-20343,BLUE FLAG DISTILLERY LLC,self,ttb-name-state,high,,https://www.ttb.gov/public-information/foia/list-of-permittees,"jaccard 1.00 via owner; premises Fort Worth, TX; list of 2026-09-20"
blue-rascal-distillery,Blue Rascal Distillery,United States,ttb-basic-permit,NJ-S-20052,BLUE RASCAL LLC,self,ttb-name-state,high,,https://www.ttb.gov/public-information/foia/list-of-permittees,"jaccard 1.00 via operating; premises Hammonton, NJ; dba Blue Rascal Distillery; list of 2026-09-20"
blue-ridge-distilling-co-inc,Blue Ridge Distilling Co Inc,United States,ttb-basic-permit,NC-S-15012,"BLUE RIDGE DISTILLING CO., INC.",self,ttb-name-state,high,,https://www.ttb.gov/public-information/foia/list-of-permittees,"jaccard 1.00 via owner; premises Bostic, NC; list of 2026-09-20"
blue-rook-cane-spirits-distillery,Blue Rook Cane Spirits Distillery,United States,ttb-basic-permit,KY-S-20054,"AMBRABEV, LLC",operator,ttb-name-state,high,,https://www.ttb.gov/public-information/foia/list-of-permittees,"jaccard 1.00 via operating; premises Danville, KY; dba Blue Rook Cane Spirits; list of 2026-09-20"
blue-sky-distillery,Blue Sky Distillery,United States,ttb-basic-permit,VA-S-20034,"BLUE SKY DISTILLERY, LLC",self,ttb-name-state,high,,https://www.ttb.gov/public-information/foia/list-of-permittees,"jaccard 1.00 via owner; premises Smithfield, VA; list of 2026-09-20"
bluebird-distilling,Bluebird Distilling,United States,ttb-basic-permit,PA-S-20022,"BLUEBIRD DISTILLING, LLC",self,ttb-name-state,high,,https://www.ttb.gov/public-information/foia/list-of-permittees,"jaccard 1.00 via operating; premises Phoenixville, PA; dba Bluebird Distilling; list of 2026-09-20"
bluegrass-distillers,Bluegrass Distillers,United States,ttb-basic-permit,KY-S-20006,"BLUEGRASS DISTILLERS, LLC",self,ttb-name-state,high,,https://www.ttb.gov/public-information/foia/list-of-permittees,"jaccard 1.00 via operating; premises Midway, KY; dba Bluegrass Distillers; pin has no address, matched nationwide; list of 2026-09-20"
bluestem-distillery,Bluestem Distillery,United States,ttb-basic-permit,IL-S-20026,"B. T. O. DISTILLERS, LLC",operator,ttb-name-state,high,,https://www.ttb.gov/public-information/foia/list-of-permittees,"jaccard 1.00 via operating; premises Bethalto, IL; dba Bluestem Distillery; list of 2026-09-20"
bluewater-organic-distilling,Bluewater Organic Distilling,United States,ttb-basic-permit,WA-S-20013,BLUEWATER DISTILLING LLC,self,ttb-name-state,medium,,https://www.ttb.gov/public-information/foia/list-of-permittees,"jaccard 0.60 via operating; premises Everett, WA; dba Bluewater; list of 2026-09-20"
bns-brewing-and-distillery,BNS Brewing and Distillery.,United States,ttb-basic-permit,CA-S-20142,SANTEE SALOON LLC,operator,ttb-name-state,medium,,https://www.ttb.gov/public-information/foia/list-of-permittees,"jaccard 1.00 via operating; premises Santee, CA; dba BNS Brewing and Distilling Co; list of 2026-09-20"
boardroom-spirits-distillery,Boardroom Spirits Distillery,United States,ttb-basic-permit,PA-S-20039,"BOARDROOM SPIRITS, LLC",self,ttb-name-state,high,,https://www.ttb.gov/public-information/foia/list-of-permittees,"jaccard 1.00 via owner; premises Lansdale, PA; list of 2026-09-20"
bob-s-classic-restaurant-distillery,Bob's Classic Restaurant & Distillery,United States,ttb-basic-permit,WA-S-20095,"STOCK TWENTY-ONE, LLC",operator,ttb-premises,medium,,https://www.ttb.gov/public-information/foia/list-of-permittees,"same premises: 474 Grant Rd, East Wenatchee 98802, street overlap 1.00, name overlap 0.00; list of 2026-09-20"
bogue-sound-distillery,Bogue Sound Distillery,United States,ttb-basic-permit,NC-S-20060,"BOGUE SOUND DISTILLERY, INC.",self,ttb-name-state,high,,https://www.ttb.gov/public-information/foia/list-of-permittees,"jaccard 1.00 via operating; premises Bogue, NC; dba Bogue Sound Distillery; list of 2026-09-20"
bomb-city-distillery,Bomb City Distillery,United States,ttb-basic-permit,TX-S-20138,"BOMB CITY ENTERPRISES, LLC",self,ttb-name-state,medium,,https://www.ttb.gov/public-information/foia/list-of-permittees,"jaccard 0.77 via operating; premises Amarillo, TX; dba Bomb City Enterprises; list of 2026-09-20"
bonetree-distillery,Bonetree Distillery,United States,ttb-basic-permit,CA-S-20282,"BONETREE DISTILLERY, LLC",self,ttb-name-state,high,,https://www.ttb.gov/public-information/foia/list-of-permittees,"jaccard 1.00 via owner; premises Huntington Beach, CA; list of 2026-09-20"
boone-county-distilling-co,Boone County Distilling Co.,United States,ttb-basic-permit,KY-S-20032,"BOONE COUNTY DISTILLING COMPANY, LLC",self,ttb-name-state,high,,https://www.ttb.gov/public-information/foia/list-of-permittees,"jaccard 1.00 via owner; premises Boone County, KY; list of 2026-09-20"
boot-hill-distillery,Boot Hill Distillery,United States,ttb-basic-permit,KS-S-20003,BOOT HILL DISTILLERY LLC,self,ttb-name-state,high,,https://www.ttb.gov/public-information/foia/list-of-permittees,"jaccard 1.00 via owner; premises Dodge City, KS; list of 2026-09-20"
bootleg-distilling,BootLeg Distilling,United States,ttb-basic-permit,WV-S-20029,BOOTLEG DISTILLING LLC,self,ttb-name-state,high,,https://www.ttb.gov/public-information/foia/list-of-permittees,"jaccard 1.00 via operating; premises Martinsburg, WV; dba Bootleg Distilling; list of 2026-09-20"
bootleggers-distillery,Bootleggers Distillery,United States,ttb-basic-permit,TN-S-20022,BOOTLEGGERS LLC,self,ttb-name-state,high,,https://www.ttb.gov/public-information/foia/list-of-permittees,"jaccard 1.00 via operating; premises Hartford, TN; dba Bootleggers Distillery; list of 2026-09-20"
boston-harbor-distillery,Boston Harbor Distillery,United States,ttb-basic-permit,MA-S-20095,EKS VENTURES INC.,operator,ttb-name-state,high,,https://www.ttb.gov/public-information/foia/list-of-permittees,"jaccard 1.00 via operating; premises Boston, MA; dba Boston Harbor Distillery; list of 2026-09-20"
boundary-oak-distillery,Boundary Oak Distillery,United States,ttb-basic-permit,KY-S-20010,BOUNDARY OAK DISTILLERY LLC,self,ttb-name-state,high,,https://www.ttb.gov/public-information/foia/list-of-permittees,"jaccard 1.00 via operating; premises Radcliff, KY; dba Boundary Oak Distillery; list of 2026-09-20"
bourbon-30,Bourbon 30,United States,ttb-basic-permit,KY-S-20053,BOURBON 30 SPIRITS LLC,self,ttb-name-state,high,,https://www.ttb.gov/public-information/foia/list-of-permittees,"jaccard 1.00 via owner; premises Frankfort, KY; dba J. Mattingly 1845; pin has no address, matched nationwide; list of 2026-09-20"
bourbon-30-spirits-j-mattingly-1845-distillery,Bourbon 30 Spirits/J. Mattingly 1845 Distillery,United States,ttb-basic-permit,KY-S-20053,BOURBON 30 SPIRITS LLC,operator,ttb-name-state,high,,https://www.ttb.gov/public-information/foia/list-of-permittees,"jaccard 0.85 via operating; premises Frankfort, KY; dba J. Mattingly 1845; list of 2026-09-20"
boxwood-distillery,Boxwood Distillery,United States,ttb-basic-permit,SC-S-20057,"BOXWOOD DISTILLERY, LLC",self,ttb-name-state,high,,https://www.ttb.gov/public-information/foia/list-of-permittees,"jaccard 1.00 via owner; premises Florence, SC; list of 2026-09-20"
bozeman-spirits-distillery,Bozeman Spirits Distillery,United States,ttb-basic-permit,MT-S-20006,"BOZEMAN SPIRITS, LLC",self,ttb-name-state,high,,https://www.ttb.gov/public-information/foia/list-of-permittees,"jaccard 1.00 via operating; premises Bozeman, MT; dba BOZEMAN SPIRITS DISTILLERY; list of 2026-09-20"
brady-s-distillery,Brady's Distillery,United States,ttb-basic-permit,VA-S-20085,BRADY DISTILLERY LLC,operator,ttb-name-state,high,,https://www.ttb.gov/public-information/foia/list-of-permittees,"jaccard 1.00 via operating; premises Roanoke, VA; dba Brady's Distillery; list of 2026-09-20"
branch-barrel-distilling,Branch & Barrel Distilling,United States,ttb-basic-permit,CO-S-20056,"BROKEN ARROW SPIRITS ,LLC",operator,ttb-name-state,high,,https://www.ttb.gov/public-information/foia/list-of-permittees,"jaccard 1.00 via operating; premises Centennial, CO; dba BRANCH & BARREL DISTILLING; list of 2026-09-20"
branchwater-farms,Branchwater Farms,United States,ttb-basic-permit,NY-S-20204,"BRANCHWATER FARMS, LLC",self,ttb-name-state,medium,,https://www.ttb.gov/public-information/foia/list-of-permittees,"jaccard 1.00 via owner; premises Milan, NY; list of 2026-09-20"
brand-y-distillery,Brand Y Distillery,United States,ttb-basic-permit,NY-S-20214,BRAND Y DISTILLERY LLC,self,ttb-name-state,medium,,https://www.ttb.gov/public-information/foia/list-of-permittees,"jaccard 1.00 via operating; premises Cortland, NY; dba Brand Y Distillery LLC; list of 2026-09-20"
brandywine-branch-distillers,Brandywine Branch Distillers,United States,ttb-basic-permit,PA-S-20034,"BRANDYWINE BRANCH DISTILLERS, LLC",self,ttb-name-state,high,,https://www.ttb.gov/public-information/foia/list-of-permittees,"jaccard 1.00 via owner; premises Elverson, PA; dba Botanery Barn Distilling; list of 2026-09-20"
breckenridge-distillery-restaurant,Breckenridge Distillery Restaurant,United States,ttb-basic-permit,CO-S-15015,DOUBLE DIAMOND DISTILLERY LLC,operator,ttb-name-state,high,,https://www.ttb.gov/public-information/foia/list-of-permittees,"jaccard 1.00 via operating; premises Breckenridge, CO; dba BRECKENRIDGE DISTILLERY; list of 2026-09-20"
brentford-distillers-llc,"Brentford Distillers, LLC",United States,ttb-basic-permit,IL-S-20090,BRENTFORD DISTILLERS LLC,self,ttb-name-state,high,,https://www.ttb.gov/public-information/foia/list-of-permittees,"jaccard 1.00 via owner; premises Decatur, IL; list of 2026-09-20"
breuckelen-distilling,Breuckelen Distilling,United States,ttb-basic-permit,NY-S-15028,BREUCKELEN DISTILLING COMPANY INCORPORATED,self,ttb-name-state,high,,https://www.ttb.gov/public-information/foia/list-of-permittees,"jaccard 1.00 via owner; premises Brooklyn, NY; list of 2026-09-20"
brickway-brewery-distillery,Brickway Brewery & Distillery,United States,ttb-basic-permit,NE-S-20002,"BORGATA BREWING AND DISTILLING, LLC",operator,ttb-name-state,high,,https://www.ttb.gov/public-information/foia/list-of-permittees,"jaccard 1.00 via operating; premises Omaha, NE; dba Brickway Brewing and Distilling; list of 2026-09-20"
brinson-spirits-distillery-winery-and-restaurant,"Brinson Spirits Distillery, Winery, and Restaurant",United States,ttb-basic-permit,SC-S-20064,BRINSON SPIRITS LLC,self,ttb-name-state,high,,https://www.ttb.gov/public-information/foia/list-of-permittees,"jaccard 1.00 via operating; premises Blacksburg, SC; dba Brinson Spirits; list of 2026-09-20"
broad-branch-distillery,Broad Branch Distillery,United States,ttb-basic-permit,NC-S-20022,"BROAD BRANCH DISTILLERY, LLC",self,ttb-name-state,high,,https://www.ttb.gov/public-information/foia/list-of-permittees,"jaccard 1.00 via owner; premises Winston Salem, NC; list of 2026-09-20"
broadslab-distillery-llc,Broadslab Distillery LLC,United States,ttb-basic-permit,NC-S-15011,"BROADSLAB DISTILLERY, LLC",self,ttb-name-state,high,,https://www.ttb.gov/public-information/foia/list-of-permittees,"jaccard 1.00 via owner; premises Benson, NC; list of 2026-09-20"
broken-spirits-distillery,Broken Spirits Distillery,United States,ttb-basic-permit,CA-S-20493,SMOKE AND FIRE SOCIAL EATERY LLC,operator,ttb-name-state,high,,https://www.ttb.gov/public-information/foia/list-of-permittees,"jaccard 1.00 via operating; premises Long Beach, CA; dba Broken Spirits Distillery; list of 2026-09-20"
brother-justus-whiskey-company,Brother Justus Whiskey Company,United States,ttb-basic-permit,MN-S-20015,BROTHER JUSTUS WHISKEY CO. LLC,self,ttb-name-state,high,,https://www.ttb.gov/public-information/foia/list-of-permittees,"jaccard 1.00 via owner; premises Minneapolis, MN; list of 2026-09-20"
brothers-wright-distilling-co,Brothers Wright Distilling Co.,United States,ttb-basic-permit,KY-S-20099,BROTHERS WRIGHT DISTILLING CO LLC,self,ttb-name-state,high,,https://www.ttb.gov/public-information/foia/list-of-permittees,"jaccard 1.00 via owner; premises Aflex, KY; list of 2026-09-20"
brough-brothers-distillery,Brough Brothers Distillery,United States,ttb-basic-permit,KY-S-20062,VICTORY GLOBAL LLC,operator,ttb-name-state,high,,https://www.ttb.gov/public-information/foia/list-of-permittees,"jaccard 1.00 via operating; premises Louisville, KY; dba Brough Brothers Distillery; list of 2026-09-20"
brown-forman-distillery,Brown-Forman Distillery,United States,ttb-basic-permit,KY-S-10,BROWN-FORMAN CORPORATION,self,ttb-name-state,high,,https://www.ttb.gov/public-information/foia/list-of-permittees,"jaccard 1.00 via owner; premises Louisville, KY; list of 2026-09-20"
brucato-l-restaurant-and-distillery,Brucato l Restaurant and Distillery,United States,ttb-basic-permit,CA-S-20264,"CHENERY, LLC",operator,ttb-name-state,high,,https://www.ttb.gov/public-information/foia/list-of-permittees,"jaccard 1.00 via operating; premises San Francisco, CA; dba Brucato Spirits; list of 2026-09-20"
buffalo-city-distillery,Buffalo City Distillery,United States,ttb-basic-permit,NC-S-20105,"BUFFALO CITY DISTILLERY, LLC",self,ttb-name-state,high,,https://www.ttb.gov/public-information/foia/list-of-permittees,"jaccard 1.00 via owner; premises Point Harbor, NC; dba BCD Distillery; list of 2026-09-20"
buffalo-distilling-company,Buffalo Distilling Company,United States,ttb-basic-permit,NY-S-15054,BUFFALO DISTILLING COMPANY INC.,self,ttb-name-state,high,,https://www.ttb.gov/public-information/foia/list-of-permittees,"jaccard 1.00 via operating; premises Buffalo, NY; dba Buffalo Distilling Company; list of 2026-09-20"
buffalo-trace-distillery,Buffalo Trace Distillery,United States,ttb-basic-permit,KY-S-9,"BUFFALO TRACE DISTILLERY, INC.",self,ttb-name-state,high,,https://www.ttb.gov/public-information/foia/list-of-permittees,"jaccard 1.00 via operating; premises Frankfort, KY; dba BUFFALO TRACE DISTILLERY; list of 2026-09-20"
bulgari-distillery,Bulgari Distillery,United States,ttb-basic-permit,MA-S-20093,LORD HOBO BREWING COMPANY LLC,operator,ttb-premises,medium,,https://www.ttb.gov/public-information/foia/list-of-permittees,"same premises: 5 Draper St, Woburn 01801, street overlap 0.33, name overlap 0.00; list of 2026-09-20"
bull-run-distillery,Bull Run Distillery,United States,ttb-basic-permit,OR-S-15048,BULL RUN DISTILLERY LLC,self,ttb-name-state,high,,https://www.ttb.gov/public-information/foia/list-of-permittees,"jaccard 1.00 via operating; premises Portland, OR; dba BULL RUN DISTILLING COMPANY; list of 2026-09-20"
bully-boy-distillers,Bully Boy Distillers,United States,ttb-basic-permit,MA-S-15003,"BULLY BOY DISTILLERS, LLC",self,ttb-name-state,high,,https://www.ttb.gov/public-information/foia/list-of-permittees,"jaccard 1.00 via operating; premises Boston, MA; dba BULLY BOY DISTILLERS; list of 2026-09-20"
burlock-and-barrel-distillery,Burlock and Barrel Distillery,United States,ttb-basic-permit,FL-S-20050,"BURLOCK & BARREL DISTILLERS OF FLORIDA, LLC",self,ttb-name-state,medium,,https://www.ttb.gov/public-information/foia/list-of-permittees,"jaccard 0.60 via operating; premises Jacksonville, FL; dba Burlock & Barrel Distillers of Florida; list of 2026-09-20"
burnt-barn-distilling-co,Burnt Barn Distilling Co.,United States,ttb-basic-permit,CA-S-20391,"BURNT BARN DISTILLING CO., LLC",self,ttb-name-state,high,,https://www.ttb.gov/public-information/foia/list-of-permittees,"jaccard 1.00 via operating; premises Paradise, CA; dba Burnt Barn Distilling Co.; list of 2026-09-20"
burnt-barrel-brewery-distillery,Burnt Barrel Brewery & Distillery,United States,ttb-basic-permit,MO-S-20115,"BURNT BARREL MEADERY, LLC",self,ttb-name-state,high,,https://www.ttb.gov/public-information/foia/list-of-permittees,"jaccard 1.00 via operating; premises Lake St Louis, MO; dba Burnt Barrel Distillery; list of 2026-09-20"
burnt-church-distillery-llc,"Burnt Church Distillery, LLC",United States,ttb-basic-permit,SC-S-20044,BURNT CHURCH DISTILLERY LLC,self,ttb-name-state,high,,https://www.ttb.gov/public-information/foia/list-of-permittees,"jaccard 1.00 via operating; premises Bluffton, SC; dba Burnt Church Distillery; list of 2026-09-20"
caledonia-spirits-inc,Caledonia Spirits Inc.,United States,ttb-basic-permit,VT-S-20030,"CALEDONIA SPIRITS, INC.",self,ttb-name-state,high,,https://www.ttb.gov/public-information/foia/list-of-permittees,"jaccard 1.00 via operating; premises Montpelier, VT; dba Caledonia Spirits; pin has no address, matched nationwide; list of 2026-09-20"
california-tacos-cantina-and-distillery,California Tacos Cantina and Distillery,United States,ttb-basic-permit,CA-S-20348,MICHAEL EDWARDS ENTERPRISE LLC,operator,ttb-name-state,high,,https://www.ttb.gov/public-information/foia/list-of-permittees,"jaccard 1.00 via operating; premises Buellton, CA; dba California Tacos Cantina & Distillery; list of 2026-09-20"
call-family-distillers,Call Family Distillers,United States,ttb-basic-permit,NC-S-20029,"CALL FAMILY DISTILLERS, LLC",self,ttb-name-state,medium,,https://www.ttb.gov/public-information/foia/list-of-permittees,"jaccard 1.00 via owner; premises Wilkesboro, NC; list of 2026-09-20"
cane-land-distillery,Cane Land Distillery,United States,ttb-basic-permit,LA-S-20017,"OXBOW RUM DISTILLERY, LLC",operator,ttb-premises,medium,,https://www.ttb.gov/public-information/foia/list-of-permittees,"same premises: 760 St. Phillip St, Baton Rouge 70802, street overlap 0.33, name overlap 0.00; list of 2026-09-20"
cannon-beach-distillery,Cannon Beach Distillery,United States,ttb-basic-permit,OR-S-20001,"CANNON BEACH DISTILLERY, LLC",self,ttb-name-state,high,,https://www.ttb.gov/public-information/foia/list-of-permittees,"jaccard 1.00 via owner; premises Cannon Beach, OR; pin has no address, matched nationwide; list of 2026-09-20"
cantilever-distillery,Cantilever Distillery,United States,ttb-basic-permit,MN-S-20044,CANTILEVER BRIDGE DISTILLERY LLC,self,ttb-name-state,medium,,https://www.ttb.gov/public-information/foia/list-of-permittees,"jaccard 0.60 via owner; premises Ranier, MN; list of 2026-09-20"
canyon-diablo-distillery,Canyon Diablo Distillery,United States,ttb-basic-permit,AZ-S-20004,"CANYON DIABLO SPIRITS, LLC",self,ttb-name-state,high,,https://www.ttb.gov/public-information/foia/list-of-permittees,"jaccard 1.00 via operating; premises Flagstaff, AZ; dba Canyon Diablo Spirits; list of 2026-09-20"
cape-charles-distillery,Cape Charles Distillery,United States,ttb-basic-permit,VA-S-20053,CAPE CHARLES DISTILLERY LLC,self,ttb-name-state,high,,https://www.ttb.gov/public-information/foia/list-of-permittees,"jaccard 1.00 via owner; premises Cape Charles, VA; list of 2026-09-20"
cape-fear-distillery,Cape Fear Distillery,United States,ttb-basic-permit,NC-S-20044,"CAPE FEAR VINEYARD AND WINERY, LLC",self,ttb-name-state,high,,https://www.ttb.gov/public-information/foia/list-of-permittees,"jaccard 1.00 via operating; premises Elizabethtown, NC; dba Cape Fear Distillery; list of 2026-09-20"
cape-fear-distillery-bald-head-island-nc,"Cape Fear Distillery - Bald Head Island, NC",United States,ttb-basic-permit,NC-S-20164,"CAPE FEAR VINEYARD AND WINERY, LLC",self,ttb-name-state,low,,https://www.ttb.gov/public-information/foia/list-of-permittees,"jaccard 0.50 via operating; premises Bald Head Island, NC; dba Cape Fear Distillery; list of 2026-09-20"
cape-island-distillers,Cape & Island Distillers,United States,ttb-basic-permit,MA-S-20024,"CAPE AND ISLAND DISTILLERS, LLC",self,ttb-name-state,high,,https://www.ttb.gov/public-information/foia/list-of-permittees,"jaccard 1.00 via owner; premises Mashpee, MA; pin has no address, matched nationwide; list of 2026-09-20"
capstone-spirits-distillery,Capstone Spirits Distillery,United States,ttb-basic-permit,WV-S-20037,"CAPSTONE SPIRITS, LLC",self,ttb-name-state,high,,https://www.ttb.gov/public-information/foia/list-of-permittees,"jaccard 1.00 via owner; premises Berkeley Springs, WV; list of 2026-09-20"
cardinal-sin-distillery,Cardinal Sin Distillery,United States,ttb-basic-permit,MO-S-15012,"ST. LOUIS DISTILLERY, LLC",operator,ttb-premises,medium,,https://www.ttb.gov/public-information/foia/list-of-permittees,"same premises: 825 S Main St, Saint Charles 63301, street overlap 1.00, name overlap 0.00; dba ST. LOUIS DISTILLERY; list of 2026-09-20"
cardinal-spirits,Cardinal Spirits,United States,ttb-basic-permit,IN-S-20003,CARDINAL SPIRITS LLC,self,ttb-name-state,high,,https://www.ttb.gov/public-information/foia/list-of-permittees,"jaccard 1.00 via operating; premises Bloomington, IN; dba Cardinal Spirits; list of 2026-09-20"
carefree-spirits-distillery,Carefree Spirits Distillery,United States,ttb-basic-permit,AZ-S-20029,ELYSIAN DESERT DISTILLERIES INC.,operator,ttb-name-state,high,,https://www.ttb.gov/public-information/foia/list-of-permittees,"jaccard 1.00 via operating; premises Carefree, AZ; dba Carefree Spirits Distillery; list of 2026-09-20"
caribbean-moonshine,Caribbean Moonshine,United States,ttb-basic-permit,FL-S-20165,"SUNSHINE CELLARS ORLANDO, LLC",operator,ttb-name-state,high,,https://www.ttb.gov/public-information/foia/list-of-permittees,"jaccard 1.00 via operating; premises Orlando, FL; dba Caribbean Moonshine; list of 2026-09-20"
carleton-s-prize-distilling-llc,Carleton's Prize Distilling LLC,United States,ttb-basic-permit,VT-S-20058,CARLETON'S PRIZE DISTILLING LLC,self,ttb-name-state,high,,https://www.ttb.gov/public-information/foia/list-of-permittees,"jaccard 1.00 via operating; premises Williston, VT; dba Carleton’s Prize Distilling; list of 2026-09-20"
cart-horse-distilling,Cart/Horse Distilling,United States,ttb-basic-permit,PA-S-20052,"CART/HORSE DISTILLING, LLC",self,ttb-name-state,high,,https://www.ttb.gov/public-information/foia/list-of-permittees,"jaccard 1.00 via owner; premises Edinboro, PA; list of 2026-09-20"
casa-w-distillery-llc,"Casa W Distillery, LLC",United States,ttb-basic-permit,PA-S-20196,"CASA W DISTILLERY, LLC",self,ttb-name-state,high,,https://www.ttb.gov/public-information/foia/list-of-permittees,"jaccard 1.00 via owner; premises Wyomissing, PA; list of 2026-09-20"
cascade-street-distillery,Cascade Street Distillery,United States,ttb-basic-permit,OR-S-20021,"NORTHWEST NATURAL SPIRITS, LLC",operator,ttb-name-state,medium,,https://www.ttb.gov/public-information/foia/list-of-permittees,"jaccard 0.60 via operating; premises Sisters, OR; dba Cascade Spirits; list of 2026-09-20"
casey-jones-distillery,Casey Jones Distillery,United States,ttb-basic-permit,KY-S-20022,STILLWORKS LLC,operator,ttb-name-state,high,,https://www.ttb.gov/public-information/foia/list-of-permittees,"jaccard 1.00 via operating; premises Hopkinsville, KY; dba Casey Jones Distillery; list of 2026-09-20"
cash-butte-distillery,Cash Butte Distillery,United States,ttb-basic-permit,WA-S-20111,"CASH BUTTE DISTILLERY, LLC",self,ttb-name-state,high,,https://www.ttb.gov/public-information/foia/list-of-permittees,"jaccard 1.00 via owner; premises Royal City, WA; list of 2026-09-20"
castle-spirits-distillery,Castle Spirits Distillery,United States,ttb-basic-permit,OK-S-20009,"IGG ENTERPRISES, LLC",operator,ttb-name-state,high,,https://www.ttb.gov/public-information/foia/list-of-permittees,"jaccard 1.00 via operating; premises Oklahoma City, OK; dba Castle Spirits; list of 2026-09-20"
cat-s-eye-distillery,Cat's Eye Distillery,United States,ttb-basic-permit,IA-S-20016,"CAT'S EYE DISTILLERY, LLC",self,ttb-name-state,high,,https://www.ttb.gov/public-information/foia/list-of-permittees,"jaccard 1.00 via owner; premises Bettendorf, IA; list of 2026-09-20"
cathead-distillery,Cathead Distillery,United States,ttb-basic-permit,MS-S-15000,"BOTTLE TREE BEVERAGE COMPANY, LLC",operator,ttb-name-state,high,,https://www.ttb.gov/public-information/foia/list-of-permittees,"jaccard 1.00 via operating; premises Jackson, MS; dba Cathead Distillery; list of 2026-09-20"
cathedral-ledge-distillery,Cathedral Ledge Distillery,United States,ttb-basic-permit,NH-S-20020,"CATHEDRAL LEDGE DISTILLERY, INC.",self,ttb-name-state,high,,https://www.ttb.gov/public-information/foia/list-of-permittees,"jaccard 1.00 via owner; premises North Conway, NH; list of 2026-09-20"
catoctin-creek-distillery,Catoctin Creek Distillery,United States,ttb-basic-permit,VA-S-15012,"CATOCTIN CREEK DISTILLING COMPANY, LLC",self,ttb-name-state,medium,,https://www.ttb.gov/public-information/foia/list-of-permittees,"jaccard 1.00 via owner; premises Purcellville, VA; pin has no address, matched nationwide; list of 2026-09-20"
catoctin-creek-distilling-company,Catoctin Creek Distilling Company,United States,ttb-basic-permit,VA-S-15012,"CATOCTIN CREEK DISTILLING COMPANY, LLC",self,ttb-name-state,high,,https://www.ttb.gov/public-information/foia/list-of-permittees,"jaccard 1.00 via owner; premises Purcellville, VA; list of 2026-09-20"
cattle-and-cask-distillery,Cattle and Cask Distillery,United States,ttb-basic-permit,NE-S-20037,NIXERS DISTILLED SPIRITS LLC,operator,ttb-name-state,high,,https://www.ttb.gov/public-information/foia/list-of-permittees,"jaccard 1.00 via operating; premises Wisner, NE; dba Cattle & Cask; list of 2026-09-20"
caudill-bros-distillery,Caudill Bros Distillery,United States,ttb-basic-permit,WA-S-20109,MICHAEL R. CAUDILL,self,ttb-name-state,medium,,https://www.ttb.gov/public-information/foia/list-of-permittees,"jaccard 0.60 via operating; premises Port Angeles, WA; dba Caudill Distillery; owner is an individual; list of 2026-09-20"
cedar-creek-winery-brewing-co-and-distillery,"Cedar Creek Winery, Brewing Co and Distillery",United States,ttb-basic-permit,IN-S-20035,CEDAR CREEK DISTILLERY LLC,self,ttb-name-state,high,,https://www.ttb.gov/public-information/foia/list-of-permittees,"jaccard 1.00 via owner; premises Martinsville, IN; list of 2026-09-20"
cedar-ridge-distillery,Cedar Ridge Distillery,United States,ttb-basic-permit,IA-S-15000,"CEDAR RIDGE VINEYARD, LLC",self,ttb-name-state,high,,https://www.ttb.gov/public-information/foia/list-of-permittees,"jaccard 1.00 via operating; premises Swisher, IA; dba CEDAR RIDGE DISTILLERY; list of 2026-09-20"
cellar-bold-distillery,Cellar Bold & Distillery,United States,ttb-basic-permit,GA-S-20130,BOLD NOT CRAZY LLC,self,ttb-name-state,medium,,https://www.ttb.gov/public-information/foia/list-of-permittees,"jaccard 1.00 via operating; premises Powder Springs, GA; dba Cellar Bold & Distillery; list of 2026-09-20"
centerfire-distillery,Centerfire Distillery,United States,ttb-basic-permit,ID-S-20020,CENTERFIRE DISTILLERY LLC,self,ttb-name-state,high,,https://www.ttb.gov/public-information/foia/list-of-permittees,"jaccard 1.00 via operating; premises Nampa, ID; dba Centerfire Spirits; list of 2026-09-20"
central-coast-distillery,Central Coast Distillery,United States,ttb-basic-permit,CA-S-20601,"CENTRAL COAST BREWING, INC.",self,ttb-name-state,high,,https://www.ttb.gov/public-information/foia/list-of-permittees,"jaccard 1.00 via operating; premises San Luis Obipso, CA; dba Central Coast Brewing & Distilling; list of 2026-09-20"
central-ct-distillers-llc,Central CT Distillers LLC,United States,ttb-basic-permit,CT-S-15006,CENTRAL CT DISTILLERS LLC,self,ttb-name-state,high,,https://www.ttb.gov/public-information/foia/list-of-permittees,"jaccard 1.00 via operating; premises East Hartford, CT; dba CENTRAL CT DISTILLERS; list of 2026-09-20"
central-standard-crafthouse-kitchen-craft-distillery,Central Standard Crafthouse & Kitchen & Craft Distillery,United States,ttb-basic-permit,WI-S-20010,CENTRAL STANDARD LLC,self,ttb-name-state,medium,,https://www.ttb.gov/public-information/foia/list-of-permittees,"jaccard 0.60 via operating; premises Milwaukee, WI; dba Central Standard LLC; list of 2026-09-20"
cf-i,CF&I,United States,ttb-basic-permit,OR-S-131,NEW DEAL DISTILLERY LLC,operator,ttb-premises,medium,,https://www.ttb.gov/public-information/foia/list-of-permittees,"same premises: 900 Se Salmon, Portland 97214, street overlap 0.67, name overlap 0.00; list of 2026-09-20"
ch-distillery,CH Distillery,United States,ttb-basic-permit,IL-S-20007,773 LLC,operator,ttb-name-state,medium,,https://www.ttb.gov/public-information/foia/list-of-permittees,"jaccard 1.00 via operating; premises Chicago, IL; dba CH DISTILLERY; list of 2026-09-20"
ch-distillery-joto-sushi,CH Distillery | Jōtō Sushi,United States,ttb-basic-permit,IL-S-20007,773 LLC,self,ttb-premises,low,,https://www.ttb.gov/public-information/foia/list-of-permittees,"shared premises only, names do not overlap; same premises: 564 W Randolph St Ste 1E, Chicago 60661, street overlap 0.75, name overlap 0.33; dba CH DISTILLERY; list of 2026-09-20"
chainbridge-distillery,ChainBridge Distillery,United States,ttb-basic-permit,FL-S-20059,"CHAINBRIDGE DISTILLERY, LLC",self,ttb-name-state,high,,https://www.ttb.gov/public-information/foia/list-of-permittees,"jaccard 1.00 via owner; premises Oakland Park, FL; list of 2026-09-20"
chambers-bay-distillery,Chambers Bay Distillery,United States,ttb-basic-permit,WA-S-20079,"CHAMBERS BAY DISTILLERY, LLC",self,ttb-name-state,high,,https://www.ttb.gov/public-information/foia/list-of-permittees,"jaccard 1.00 via operating; premises University Place, WA; dba Chambers Bay Distillery; list of 2026-09-20"
chankaska-creek-ranch-winery-distillery,"Chankaska Creek Ranch, Winery, & Distillery",United States,ttb-basic-permit,MN-S-20011,"CHANKASKA CREEK RANCH & WINERY, LLC",self,ttb-name-state,high,,https://www.ttb.gov/public-information/foia/list-of-permittees,"jaccard 1.00 via operating; premises Kasota, MN; dba Chankaska Creek Ranch & Winery; list of 2026-09-20"
channel-islands-distillery,Channel Islands Distillery,United States,ttb-basic-permit,CA-S-20046,JOSEPH FREAS & MICHAEL MACHUZAK,self,ttb-name-state,high,,https://www.ttb.gov/public-information/foia/list-of-permittees,"jaccard 1.00 via operating; premises Ventura, CA; dba Channel Islands Distillery; owner is an individual; list of 2026-09-20"
chapline-distillery,Chapline Distillery,United States,ttb-basic-permit,TX-S-20200,CHAPLINE DISTILLERY LLC,self,ttb-name-state,high,,https://www.ttb.gov/public-information/foia/list-of-permittees,"jaccard 1.00 via operating; premises Bulverde, TX; dba Chapline Distillery; list of 2026-09-20"
charbay-distillery,Charbay Distillery,United States,ttb-basic-permit,CA-S-20153,"CHARBAY DISTILLERS, LLC",self,ttb-name-state,high,,https://www.ttb.gov/public-information/foia/list-of-permittees,"jaccard 1.00 via operating; premises Ukiah, CA; dba Charbay  Distillery; list of 2026-09-20"
charis-winery-distillery,Charis Winery & Distillery,United States,ttb-basic-permit,MD-S-20027,CHARIS WINERY INC,self,ttb-name-state,high,,https://www.ttb.gov/public-information/foia/list-of-permittees,"jaccard 1.00 via operating; premises Cumberland, MD; dba Charis Winery & Distillery; list of 2026-09-20"
charleston-distilling-co,Charleston Distilling Co,United States,ttb-basic-permit,SC-S-20012,"CHARLESTON DISTILLERS, LLC",self,ttb-name-state,high,,https://www.ttb.gov/public-information/foia/list-of-permittees,"jaccard 1.00 via owner; premises Charleston, SC; dba Holy City Spirits And Distilling Co; list of 2026-09-20"
chateau-aeronautique-winery-blue-skies-brewery-mile-high-distillery-airpark,"Chateau Aeronautique Winery, Blue Skies Brewery & Mile High Distillery ~ Airpark",United States,ttb-basic-permit,MI-S-20253,"CHATEAU AERONAUTIQUE WINERY, LLC",self,ttb-premises,low,,https://www.ttb.gov/public-information/foia/list-of-permittees,"shared premises only, names do not overlap; same premises: 1849 Rives Eaton Rd, Jackson 49201, street overlap 1.00, name overlap 0.33; dba Mile High Distillery; list of 2026-09-20"
chateau-aeronautique-winery-blue-skies-brewery-mile-high-distillery-irish-hills,"Chateau Aeronautique Winery, Blue Skies Brewery & Mile High Distillery ~ Irish Hills",United States,ttb-basic-permit,MI-S-20225,"CHATEAU AERONAUTIQUE WINERY, LLC",self,ttb-premises,low,,https://www.ttb.gov/public-information/foia/list-of-permittees,"shared premises only, names do not overlap; same premises: 12000 N Pentecost Hwy, Onsted 49265, street overlap 0.67, name overlap 0.33; dba Mile High Distillery; list of 2026-09-20"
chattanooga-whiskey,Chattanooga Whiskey,United States,ttb-basic-permit,TN-S-20028,"TNSH, LLC",operator,ttb-premises,medium,,https://www.ttb.gov/public-information/foia/list-of-permittees,"same premises: 1439 Market St, Chattanooga 37402, street overlap 1.00, name overlap 0.00; dba The Tennessee Stillhouse Company; list of 2026-09-20"
chattermark-distillers,Chattermark Distillers,United States,ttb-basic-permit,MA-S-20032,"THE BOSTON DISTILLING COMPANY, LLC",operator,ttb-name-state,high,,https://www.ttb.gov/public-information/foia/list-of-permittees,"jaccard 1.00 via operating; premises Charlestown, MA; dba Chattermark Distillers; list of 2026-09-20"
chattooga-belle-farm-distillery,Chattooga Belle Farm Distillery,United States,ttb-basic-permit,SC-S-20019,"CHATTOOGA BELLE FARM DISTILLERY, LLC",self,ttb-name-state,high,,https://www.ttb.gov/public-information/foia/list-of-permittees,"jaccard 1.00 via owner; premises Long Creek, SC; list of 2026-09-20"
chemist-spirits,Chemist Spirits,United States,ttb-basic-permit,NC-S-20039,"DALTON DISTILLERY, LLC",operator,ttb-premises,medium,,https://www.ttb.gov/public-information/foia/list-of-permittees,"same premises: 251 Biltmore Ave Bldg 200, Asheville 28801, street overlap 0.67, name overlap 0.00; list of 2026-09-20"
chesapeake-bay-distillery,Chesapeake Bay Distillery,United States,ttb-basic-permit,VA-S-15003,CHESAPEAKE BAY DISTILLERY LLC,self,ttb-name-state,high,,https://www.ttb.gov/public-information/foia/list-of-permittees,"jaccard 1.00 via owner; premises Virginia Beach, VA; dba Waterman Spirits; list of 2026-09-20"
chicken-hill-distillery,Chicken Hill Distillery,United States,ttb-basic-permit,PA-S-20080,CHICKEN HILL DISTILLERY AND BREWING LLC,self,ttb-name-state,high,,https://www.ttb.gov/public-information/foia/list-of-permittees,"jaccard 1.00 via operating; premises Kersey, PA; dba Chicken Hill Distillery & Brewing; list of 2026-09-20"
chippewa-river-distillery,Chippewa River Distillery,United States,ttb-basic-permit,WI-S-20017,CHIPPEWA RIVER DISTILLERY AND BREWERY LLC,self,ttb-name-state,high,,https://www.ttb.gov/public-information/foia/list-of-permittees,"jaccard 1.00 via operating; premises Chippewa Falls, WI; dba Chippewa River Distillery; list of 2026-09-20"
chronicles-distilling,Chronicles Distilling,United States,ttb-basic-permit,WY-S-20009,"CHRONICLES DISTILLING, LLC",self,ttb-name-state,high,,https://www.ttb.gov/public-information/foia/list-of-permittees,"jaccard 1.00 via operating; premises Cheyenne, WY; dba Chronicles Distilling; list of 2026-09-20"
chuckanut-bay-distillery,Chuckanut Bay Distillery,United States,ttb-basic-permit,WA-S-20011,"CHUCKANUT BAY DISTILLERY, INC.",self,ttb-name-state,high,,https://www.ttb.gov/public-information/foia/list-of-permittees,"jaccard 1.00 via owner; premises Bellingham, WA; list of 2026-09-20"
cincinnati-distilling,Cincinnati Distilling,United States,ttb-basic-permit,OH-S-20042,"MARCH FIRST MANUFACTURING, LLC",operator,ttb-name-state,high,,https://www.ttb.gov/public-information/foia/list-of-permittees,"jaccard 1.00 via operating; premises Cincinnati, OH; dba Cincinnati Distilling; list of 2026-09-20"
circle-city-whiskey-co,Circle City Whiskey Co.,United States,ttb-basic-permit,IN-S-20109,"IBWE WHISKEY COMPANY, LLC",operator,ttb-name-state,high,,https://www.ttb.gov/public-information/foia/list-of-permittees,"jaccard 1.00 via operating; premises Indianapolis, IN; dba Circle City Whiskey Company; list of 2026-09-20"
city-distilling,City Distilling,United States,ttb-basic-permit,PA-S-20127,CITY DISTILLING LLC,self,ttb-name-state,medium,,https://www.ttb.gov/public-information/foia/list-of-permittees,"jaccard 1.00 via operating; premises Philadelphia, PA; dba City Distilling LLC; list of 2026-09-20"
city-gate-spirits,City Gate Spirits,United States,ttb-basic-permit,FL-S-20086,FORT VISTA LLC,operator,ttb-name-state,high,,https://www.ttb.gov/public-information/foia/list-of-permittees,"jaccard 1.00 via operating; premises St. Augustine, FL; dba City Gate Spirits; list of 2026-09-20"
city-walk-brewing-distilling,City Walk Brewing & Distilling,United States,ttb-basic-permit,NC-S-20150,"CRANFORD BREWING, LLC",operator,ttb-premises,medium,,https://www.ttb.gov/public-information/foia/list-of-permittees,"same premises: 205 Main Ave Ne, Hickory 28601, street overlap 0.75, name overlap 0.00; list of 2026-09-20"
cj-spirits-craft-distillery,CJ Spirits Craft Distillery,United States,ttb-basic-permit,PA-S-20013,"CJ SPIRITS, LLC",self,ttb-name-state,medium,,https://www.ttb.gov/public-information/foia/list-of-permittees,"jaccard 1.00 via operating; premises Kane, PA; dba CJ Spirits, LLC; list of 2026-09-20"
claremont-distillery,Claremont Distillery,United States,ttb-basic-permit,NJ-S-20007,CLAREMONT DISTILLED SPIRITS INC,self,ttb-name-state,high,,https://www.ttb.gov/public-information/foia/list-of-permittees,"jaccard 1.00 via owner; premises Hamburg, NJ; list of 2026-09-20"
clear-creek-winery-distillery,Clear Creek Winery & Distillery,United States,ttb-basic-permit,TX-S-20155,"LONE STAR KEMAH VENTURES, L.P., BACCUS CAPITAL MANAGEMENT, L.L.C.",operator,ttb-premises,medium,,https://www.ttb.gov/public-information/foia/list-of-permittees,"same premises: 709 Harris Ave, Kemah 77565, street overlap 1.00, name overlap 0.00; dba Meticulous Wine & Spirits; list of 2026-09-20"
clear-water-distilling-co,Clear Water Distilling Co.,United States,ttb-basic-permit,UT-S-20019,"CLEARWATER DISTILLING COMPANY, LLC",operator,ttb-premises,medium,,https://www.ttb.gov/public-information/foia/list-of-permittees,"same premises: 564 W 700 S Ste 401, Pleasant Grove 84062, street overlap 1.00, name overlap 0.00; dba Clearwater Distilling Company; list of 2026-09-20"
cleveland-whiskey,Cleveland Whiskey,United States,ttb-basic-permit,OH-S-20083,"VISPIRI, INC.",operator,ttb-name-state,high,,https://www.ttb.gov/public-information/foia/list-of-permittees,"jaccard 1.00 via operating; premises Cleveland, OH; dba Cleveland Whiskey; list of 2026-09-20"
coal-pick-distillery,Coal Pick Distillery,United States,ttb-basic-permit,KY-S-20051,"C & K DISTILLERY, LLC",operator,ttb-name-state,high,,https://www.ttb.gov/public-information/foia/list-of-permittees,"jaccard 1.00 via operating; premises Drakesboro, KY; dba Coal Pick Distillery; list of 2026-09-20"
coastal-bend-distilling-company,Coastal Bend Distilling Company,United States,ttb-basic-permit,TX-S-20107,"COASTAL BEND DISTILLING COMPANY, LLC",self,ttb-name-state,high,,https://www.ttb.gov/public-information/foia/list-of-permittees,"jaccard 1.00 via owner; premises Beeville, TX; list of 2026-09-20"
cobble-ridge-distillery,Cobble Ridge Distillery,United States,ttb-basic-permit,CA-S-20088,BANGOR WINE GROUP LLC,operator,ttb-name-state,high,,https://www.ttb.gov/public-information/foia/list-of-permittees,"jaccard 1.00 via operating; premises Bangor, CA; dba Cobble Ridge Distillery; list of 2026-09-20"
cold-spring-hollow-distillery-llc,Cold Spring Hollow Distillery Llc,United States,ttb-basic-permit,PA-S-20106,COLD SPRING HOLLOW DISTILLERY LLC,self,ttb-name-state,high,,https://www.ttb.gov/public-information/foia/list-of-permittees,"jaccard 1.00 via operating; premises Mercersburg, PA; dba Cold Spring Hollow Distillery; list of 2026-09-20"
company-distilling,Company Distilling,United States,ttb-basic-permit,TN-S-20130,"TRI STAR SPIRITS, LLC",operator,ttb-name-state,low,,https://www.ttb.gov/public-information/foia/list-of-permittees,"jaccard 1.00 via operating; premises Thompsons Station, TN; dba Company Distilling; list of 2026-09-20"
comstock-distillers,Comstock Distillers,United States,ttb-basic-permit,NV-S-1,COMSTOCK DISTILLERS LLC,self,ttb-name-state,high,,https://www.ttb.gov/public-information/foia/list-of-permittees,"jaccard 1.00 via operating; premises Reno, NV; dba Comstock Distillers; list of 2026-09-20"
conecuh-ridge-distillery,Conecuh Ridge Distillery,United States,ttb-basic-permit,AL-S-20052,"CONECUH RIDGE DISTILLERY, LLC",self,ttb-name-state,high,,https://www.ttb.gov/public-information/foia/list-of-permittees,"jaccard 1.00 via owner; premises Troy, AL; dba Clyde Mays; list of 2026-09-20"
conneaut-cellars-winery-distillery,Conneaut Cellars Winery & Distillery,United States,ttb-basic-permit,PA-S-20016,"CONNEAUT CELLARS, INC.",self,ttb-name-state,high,,https://www.ttb.gov/public-information/foia/list-of-permittees,"jaccard 1.00 via operating; premises Conneaut Lake, PA; dba Conneaut Cellars Distillery; list of 2026-09-20"
connecticut-distilling-tasting-lounge,Connecticut Distilling Tasting Lounge,United States,ttb-basic-permit,CT-S-20016,CONTINUUM DISTILLING LLC,operator,ttb-name-state,medium,,https://www.ttb.gov/public-information/foia/list-of-permittees,"jaccard 0.60 via operating; premises Waterbury, CT; dba Connecticut Distilling; list of 2026-09-20"
contrast-distillery,Contrast Distillery,United States,ttb-basic-permit,SC-S-20052,"CONTRAST DISTILLERY, LLC",self,ttb-name-state,high,,https://www.ttb.gov/public-information/foia/list-of-permittees,"jaccard 1.00 via owner; premises Simpsonville, SC; list of 2026-09-20"
cool-spring-distillery,Cool Spring Distillery,United States,ttb-basic-permit,VA-S-20105,COOL SPRING DISTILLERY LLC,self,ttb-name-state,high,,https://www.ttb.gov/public-information/foia/list-of-permittees,"jaccard 1.00 via operating; premises Lovettsville, VA; dba Cool Spring Distillery; list of 2026-09-20"
cooperstown-distillery,Cooperstown Distillery,United States,ttb-basic-permit,NY-S-20015,"COOPERSTOWN DISTILLERY, LLC",self,ttb-name-state,high,,https://www.ttb.gov/public-information/foia/list-of-permittees,"jaccard 1.00 via operating; premises Cooperstown, NY; dba Cooperstown Distillery; list of 2026-09-20"
cooperstown-distillery-beverage-exchange,Cooperstown Distillery Beverage Exchange,United States,ttb-basic-permit,NY-S-20015,"COOPERSTOWN DISTILLERY, LLC",self,ttb-name-state,medium,,https://www.ttb.gov/public-information/foia/list-of-permittees,"jaccard 0.60 via operating; premises Cooperstown, NY; dba Cooperstown Distillery; list of 2026-09-20"
copper-bonnet-distillery,Copper Bonnet Distillery,United States,ttb-basic-permit,PA-S-20278,ROCKY'S REVELS LLC,operator,ttb-name-state,high,,https://www.ttb.gov/public-information/foia/list-of-permittees,"jaccard 1.00 via operating; premises West Grove, PA; dba Copper Bonnet Distillery; list of 2026-09-20"
copper-bottom-craft-distillery,Copper Bottom Craft Distillery,United States,ttb-basic-permit,FL-S-20042,"FOUR SEAS DISTILLING COMPANY, LLC",operator,ttb-name-state,medium,,https://www.ttb.gov/public-information/foia/list-of-permittees,"jaccard 0.77 via operating; premises Holly Hill, FL; dba Copper Bottom Craft Disttillery; list of 2026-09-20"
copper-cannon-distillery,Copper Cannon Distillery,United States,ttb-basic-permit,NH-S-20011,"COPPER CANNON DISTILLERY, LLC",self,ttb-name-state,high,,https://www.ttb.gov/public-information/foia/list-of-permittees,"jaccard 1.00 via owner; premises West Chesterfield, NH; list of 2026-09-20"
copper-cat-distillery,Copper Cat Distillery,United States,ttb-basic-permit,WA-S-20151,COPPER CAT LLC,self,ttb-name-state,high,,https://www.ttb.gov/public-information/foia/list-of-permittees,"jaccard 1.00 via owner; premises Woodinville, WA; list of 2026-09-20"
copper-compass-craft-distilling-co,Copper Compass Craft Distilling Co.,United States,ttb-basic-permit,MD-S-20050,DISTRICT CANDOR DISTILLING LLC,operator,ttb-name-state,high,,https://www.ttb.gov/public-information/foia/list-of-permittees,"jaccard 1.00 via operating; premises White Plains, MD; dba Copper Compass Distilling; list of 2026-09-20"
copper-creek-distillery,Copper Creek Distillery,United States,ttb-basic-permit,NC-S-20100,"COPPER CREEK DISTILLERY, LLC.",self,ttb-name-state,high,,https://www.ttb.gov/public-information/foia/list-of-permittees,"jaccard 1.00 via owner; premises Marion, NC; list of 2026-09-20"
copper-crow,Copper Crow,United States,ttb-basic-permit,WI-S-20029,"COPPER CROW DISTILLERY, LLC",self,ttb-name-state,high,,https://www.ttb.gov/public-information/foia/list-of-permittees,"jaccard 1.00 via owner; premises Bayfield, WI; list of 2026-09-20"
copper-fiddle-distillery,Copper Fiddle Distillery,United States,ttb-basic-permit,IL-S-20011,"COPPER FIDDLE DISTILLERY, LLC",self,ttb-name-state,high,,https://www.ttb.gov/public-information/foia/list-of-permittees,"jaccard 1.00 via operating; premises Lake Zurich, IL; dba Copper Fiddle Distillery, LLC; list of 2026-09-20"
copper-forge-distilling,Copper Forge Distilling,United States,ttb-basic-permit,IN-S-20064,"COPPER FORGE DISTILLING, LLC",self,ttb-name-state,high,,https://www.ttb.gov/public-information/foia/list-of-permittees,"jaccard 1.00 via owner; premises Fort Wayne, IN; list of 2026-09-20"
copper-fox-distillery,Copper Fox Distillery,United States,ttb-basic-permit,VA-S-15002,"COPPER FOX DISTILLERY ENTERPRISES, L.L.C.",self,ttb-name-state,medium,,https://www.ttb.gov/public-information/foia/list-of-permittees,"jaccard 0.60 via owner; premises Sperryville, VA; list of 2026-09-20"
copper-fox-distillery-williamsburg,Copper Fox Distillery Williamsburg,United States,ttb-basic-permit,VA-S-20032,"COPPER FOX DISTILLERY ENTERPRISES, L.L.C.",self,ttb-name-state,low,,https://www.ttb.gov/public-information/foia/list-of-permittees,"jaccard 0.50 via owner; premises Williamsburg, VA; list of 2026-09-20"
copper-kettle-distilling,Copper Kettle Distilling,United States,ttb-basic-permit,MI-S-20220,COPPER KETTLE II LLC,self,ttb-name-state,high,,https://www.ttb.gov/public-information/foia/list-of-permittees,"jaccard 1.00 via operating; premises Prudenville, MI; dba Copper Kettle; list of 2026-09-20"
copper-mule-distillery,Copper Mule Distillery,United States,ttb-basic-permit,MO-S-20049,"ROCKY TOP ENTERPRISES, LLC",operator,ttb-name-state,high,,https://www.ttb.gov/public-information/foia/list-of-permittees,"jaccard 1.00 via operating; premises Hermann, MO; dba Copper Mule Distillery; list of 2026-09-20"
copper-run-distillery,Copper Run Distillery,United States,ttb-basic-permit,MO-S-20064,COPPER RUN ENTERPRISES LLC,self,ttb-name-state,high,,https://www.ttb.gov/public-information/foia/list-of-permittees,"jaccard 1.00 via operating; premises Branson West, MO; dba Copper Run Distillery; list of 2026-09-20"
copper-shot-distillery,Copper Shot Distillery,United States,ttb-basic-permit,TX-S-20095,COPPER SHOT DISTILLERY INC.,self,ttb-name-state,high,,https://www.ttb.gov/public-information/foia/list-of-permittees,"jaccard 1.00 via operating; premises Bastrop, TX; dba Copper Shot Distillery Inc; list of 2026-09-20"
copper-still-distillery,Copper Still Distillery,United States,ttb-basic-permit,AZ-S-20028,"COPPER STILL DISTILLERY, LLC",self,ttb-name-state,high,,https://www.ttb.gov/public-information/foia/list-of-permittees,"jaccard 1.00 via owner; premises Lake Havasu City, AZ; list of 2026-09-20"
copperfield-distilling,Copperfield Distilling,United States,ttb-basic-permit,TX-S-20274,"COPPERFIELD DISTILLING, LLC",self,ttb-name-state,high,,https://www.ttb.gov/public-information/foia/list-of-permittees,"jaccard 1.00 via owner; premises Cypress, TX; list of 2026-09-20"
copperhead-hill-distillery,Copperhead Hill Distillery,United States,ttb-basic-permit,OK-S-20028,"QUAD T, LLC",operator,ttb-name-state,medium,,https://www.ttb.gov/public-information/foia/list-of-permittees,"jaccard 0.77 via operating; premises Caddo, OK; dba CopperHead Hill Distilerry; list of 2026-09-20"
copperworks-distilling-co,Copperworks Distilling Co.,United States,ttb-basic-permit,WA-S-20028,BIG DERBY DISTILLING COMPANY,operator,ttb-name-state,high,,https://www.ttb.gov/public-information/foia/list-of-permittees,"jaccard 1.00 via operating; premises Seattle, WA; dba Copperworks Distilling Company; list of 2026-09-20"
corbin-cash-distillery,Corbin Cash Distillery,United States,ttb-basic-permit,CA-S-15089,"SOUZA ENTERPRISES, INC.",operator,ttb-name-state,high,,https://www.ttb.gov/public-information/foia/list-of-permittees,"jaccard 1.00 via operating; premises Atwater, CA; dba Corbin Cash Spirits; list of 2026-09-20"
core-brewing-distilling-co,Core Brewing & Distilling Co.,United States,ttb-basic-permit,AR-S-20003,CORE BREWING AND DISTILLING COMPANY,self,ttb-name-state,medium,,https://www.ttb.gov/public-information/foia/list-of-permittees,"jaccard 1.00 via operating; premises Springdale, AR; dba Core Distilling Company; list of 2026-09-20"
corsair-distillery,Corsair Distillery,United States,ttb-basic-permit,TN-S-20110,CORSAIR ARTISAN LLC,self,ttb-name-state,high,,https://www.ttb.gov/public-information/foia/list-of-permittees,"jaccard 1.00 via operating; premises Ashland City, TN; dba Corsair Distillery; pin has no address, matched nationwide; list of 2026-09-20"
cotherman-distilling-company,Cotherman Distilling Company,United States,ttb-basic-permit,FL-S-20019,"COTHERMAN DISTILLING COMPANY, LLC",self,ttb-name-state,high,,https://www.ttb.gov/public-information/foia/list-of-permittees,"jaccard 1.00 via owner; premises Dunedin, FL; list of 2026-09-20"
cotton-reed,Cotton & Reed,United States,ttb-basic-permit,DC-S-20006,"COTTON & REED, INC.",self,ttb-name-state,high,,https://www.ttb.gov/public-information/foia/list-of-permittees,"jaccard 1.00 via operating; premises Washington, DC; dba Cotton & Reed; list of 2026-09-20"
county-seat-spirits,County Seat Spirits,United States,ttb-basic-permit,PA-S-20019,COUNTY SEAT SPIRITS LLC,self,ttb-name-state,high,,https://www.ttb.gov/public-information/foia/list-of-permittees,"jaccard 1.00 via owner; premises Allentown, PA; pin has no address, matched nationwide; list of 2026-09-20"
courthouse-distillery,Courthouse Distillery,United States,ttb-basic-permit,CA-S-20502,"DELIVERY SB, LLC",operator,ttb-premises,medium,,https://www.ttb.gov/public-information/foia/list-of-permittees,"same premises: 1114 State St Ste 20, Santa Barbara 93101, street overlap 1.00, name overlap 0.00; dba 1114 Crafthouse; list of 2026-09-20"
covalent-spirits-distillery-tasting-room,Covalent Spirits Distillery & Tasting Room,United States,ttb-basic-permit,MD-S-20061,COVALENT SPIRITS LLC,self,ttb-name-state,high,,https://www.ttb.gov/public-information/foia/list-of-permittees,"jaccard 1.00 via owner; premises Westminster, MD; list of 2026-09-20"
cowboy-country-distilling,Cowboy Country Distilling,United States,ttb-basic-permit,WY-S-20008,"COWBOY COUNTRY DISTILLING, INC.",self,ttb-name-state,high,,https://www.ttb.gov/public-information/foia/list-of-permittees,"jaccard 1.00 via owner; premises Pinedale, WY; list of 2026-09-20"
craftco-distillery-social-house,CraftCo Distillery & Social House,United States,ttb-basic-permit,MI-S-20062,"COPPERCRAFT DISTILLERY, LLC",operator,ttb-premises,medium,,https://www.ttb.gov/public-information/foia/list-of-permittees,"same premises: 184 120Th Ave, Holland 49424, street overlap 1.00, name overlap 0.00; list of 2026-09-20"
crazy-loon-distillery,Crazy Loon Distillery,United States,ttb-basic-permit,NY-S-20199,CRAZY LOON DISTILLARY LLC,self,ttb-name-state,high,,https://www.ttb.gov/public-information/foia/list-of-permittees,"jaccard 1.00 via operating; premises Chestertown, NY; dba Crazy Loon Distillery; list of 2026-09-20"
creek-bottom-brewing-distillery-restaurant,"Creek Bottom Brewing, Distillery & Restaurant",United States,ttb-basic-permit,VA-S-20109,CREEK BOTTOM BREWING LLC,self,ttb-name-state,high,,https://www.ttb.gov/public-information/foia/list-of-permittees,"jaccard 1.00 via operating; premises Galax, VA; dba Creek Bottom Brewing; list of 2026-09-20"
crooked-creek-distillery,Crooked Creek Distillery,United States,ttb-basic-permit,PA-S-20279,"CROOKED CREEK OPERATIONS, LLC",self,ttb-name-state,low,,https://www.ttb.gov/public-information/foia/list-of-permittees,"jaccard 0.67 via owner; premises Mount Pleasant, PA; dba Chain Reaction Distilling; list of 2026-09-20"
crooked-palm-cabana-islamorada-brewery-distillery,Crooked Palm Cabana (Islamorada Brewery & Distillery),United States,ttb-basic-permit,FL-S-20175,ISLAMORADA DISTILLING LLC,operator,ttb-name-state,high,,https://www.ttb.gov/public-information/foia/list-of-permittees,"jaccard 0.85 via operating; premises Tavernier, FL; dba CROOKED PALM CABANA; list of 2026-09-20"
crossroad-distilling-company,Crossroad Distilling Company,United States,ttb-basic-permit,NY-S-20245,CROSSROAD SPIRITS COMPANY LLC,self,ttb-name-state,high,,https://www.ttb.gov/public-information/foia/list-of-permittees,"jaccard 1.00 via owner; premises Westfield, NY; list of 2026-09-20"
crostwater-distilled-spirits,Crostwater Distilled Spirits,United States,ttb-basic-permit,PA-S-20210,KLYR RUM LLC,operator,ttb-premises,medium,,https://www.ttb.gov/public-information/foia/list-of-permittees,"same premises: 506 Industrial Dr, Lewisberry 17339, street overlap 1.00, name overlap 0.00; dba KLYR Rum LLC/Holy Water Distillery; list of 2026-09-20"
crowded-barrel-whiskey-co,Crowded Barrel Whiskey Co.,United States,ttb-basic-permit,TX-S-20094,"VALENTINE WEISS WHISKEY, INCORPORATED",operator,ttb-premises,medium,,https://www.ttb.gov/public-information/foia/list-of-permittees,"same premises: 16221 Crystal Hills Dr Bldg D, Austin 78737, street overlap 0.50, name overlap 0.00; list of 2026-09-20"
crown-rose-estate-weddings-and-distillery,Crown Rose Estate Weddings and Distillery,United States,ttb-basic-permit,MD-S-20056,"CROWN ROSE, INC.",self,ttb-name-state,medium,,https://www.ttb.gov/public-information/foia/list-of-permittees,"jaccard 0.77 via operating; premises Knoxville, MD; dba Crown Rose Estate; list of 2026-09-20"
crystal-rain-distillery-inc,"Crystal Rain Distillery, Inc",United States,ttb-basic-permit,IL-S-20042,"CRYSTAL RAIN DISTILLERY, INC.",self,ttb-name-state,high,,https://www.ttb.gov/public-information/foia/list-of-permittees,"jaccard 1.00 via operating; premises Wheeling, IL; dba Crystal Rain Distillery, Inc.; list of 2026-09-20"
crystal-ridge-distillery,Crystal Ridge Distillery,United States,ttb-basic-permit,AR-S-20012,CRYSTAL RIDGE DISTILLERY INCORPORATED,self,ttb-name-state,high,,https://www.ttb.gov/public-information/foia/list-of-permittees,"jaccard 1.00 via operating; premises Hot Springs, AR; dba Crystal Ridge Distillery; list of 2026-09-20"
cultivated-cocktails-distillery-tavern,Cultivated Cocktails Distillery Tavern,United States,ttb-basic-permit,NC-S-20041,H&H DISTILLERY LLC,operator,ttb-name-state,low,,https://www.ttb.gov/public-information/foia/list-of-permittees,"jaccard 0.67 via operating; premises Ashville, NC; dba Cultivated Cocktails; list of 2026-09-20"
cultus-bay-distillery,Cultus Bay Distillery,United States,ttb-basic-permit,WA-S-15087,"CULTUS BAY DISTILLERY, LLC",self,ttb-name-state,high,,https://www.ttb.gov/public-information/foia/list-of-permittees,"jaccard 1.00 via operating; premises Clinton, WA; dba CULTUS BAY DISTILLERY; list of 2026-09-20"
cut-spike-distillery,Cut Spike Distillery,United States,ttb-basic-permit,NE-S-20031,"NEBRASKA BEVERAGE PARTNERS, LLC",operator,ttb-premises,medium,,https://www.ttb.gov/public-information/foia/list-of-permittees,"same premises: 11941 Centennial Rd Ste 1,2,3, La Vista 68128, street overlap 1.00, name overlap 0.00; dba Brickway Brewing & Distilling; list of 2026-09-20"
cutler-s-artisan-distillery,Cutler's Artisan Distillery,United States,ttb-basic-permit,CA-S-20091,"CUTLER'S ARTISAN SPIRITS, INC.",self,ttb-name-state,high,,https://www.ttb.gov/public-information/foia/list-of-permittees,"jaccard 1.00 via owner; premises Santa Barbara, CA; list of 2026-09-20"
cutler-s-distillery-public-house,Cutler's Distillery & Public House,United States,ttb-basic-permit,CA-S-20091,"CUTLER'S ARTISAN SPIRITS, INC.",self,ttb-name-state,medium,,https://www.ttb.gov/public-information/foia/list-of-permittees,"jaccard 0.60 via owner; premises Santa Barbara, CA; list of 2026-09-20"
dahlbeck-distillery,Dahlbeck Distillery,United States,ttb-basic-permit,MO-S-20088,"BOOTHEEL SPIRITS DISTILLERY, LLC",operator,ttb-name-state,high,,https://www.ttb.gov/public-information/foia/list-of-permittees,"jaccard 1.00 via operating; premises East Prairie, MO; dba Dahlbeck Distillery; list of 2026-09-20"
daily-objective-distillery,Daily Objective Distillery,United States,ttb-basic-permit,MO-S-20134,DAILY OBJECTIVE LLC,self,ttb-name-state,high,,https://www.ttb.gov/public-information/foia/list-of-permittees,"jaccard 1.00 via owner; premises Amsterdam, MO; list of 2026-09-20"
dakota-spirits-distillery,Dakota Spirits Distillery,United States,ttb-basic-permit,SD-S-15000,"DAKOTA SPIRITS DISTILLERY, LLC",self,ttb-name-state,high,,https://www.ttb.gov/public-information/foia/list-of-permittees,"jaccard 1.00 via owner; premises Pierre, SD; dba BICKERING BROTHERS; list of 2026-09-20"
dalton-distillery,Dalton Distillery,United States,ttb-basic-permit,GA-S-20005,"DALTON DISTILLERS, LLC",self,ttb-name-state,high,,https://www.ttb.gov/public-information/foia/list-of-permittees,"jaccard 1.00 via operating; premises Dalton, GA; dba Dalton Distillery, LLC; pin has no address, matched nationwide; list of 2026-09-20"
dampfwerk-distilling,Dampfwerk Distilling,United States,ttb-basic-permit,MN-S-20025,THE DAMPFWERK DISTILLERY CO,self,ttb-name-state,high,,https://www.ttb.gov/public-information/foia/list-of-permittees,"jaccard 1.00 via operating; premises Saint Louis Park, MN; dba Dampfwerk Distilling; list of 2026-09-20"
dancing-goat-distillery,Dancing Goat Distillery,United States,ttb-basic-permit,WI-S-20030,"DANCING GOAT DISTILLERY, LLC",self,ttb-name-state,high,,https://www.ttb.gov/public-information/foia/list-of-permittees,"jaccard 1.00 via owner; premises Cambridge, WI; list of 2026-09-20"
dancing-rabbit-distillery,Dancing Rabbit Distillery,United States,ttb-basic-permit,NH-S-20021,BIT CHERRY LEAF LLC,operator,ttb-name-state,high,,https://www.ttb.gov/public-information/foia/list-of-permittees,"jaccard 1.00 via operating; premises Laconia, NH; dba Dancing Rabbit; list of 2026-09-20"
dangerous-boys-distillery-llc,Dangerous Boys Distillery LLC,United States,ttb-basic-permit,VT-S-20052,DANGEROUS BOYS DISTILLERY LLC,self,ttb-name-state,high,,https://www.ttb.gov/public-information/foia/list-of-permittees,"jaccard 1.00 via owner; premises Underhill, VT; list of 2026-09-20"
dark-island-spirits-distillery,Dark Island Spirits Distillery,United States,ttb-basic-permit,NY-S-20012,DARK ISLAND SPIRITS INC.,self,ttb-name-state,high,,https://www.ttb.gov/public-information/foia/list-of-permittees,"jaccard 1.00 via owner; premises Alexandria Bay, NY; dba Eleanor Glen Distillery; pin has no address, matched nationwide; list of 2026-09-20"
dark-waters-distillery,Dark Waters Distillery,United States,ttb-basic-permit,CT-S-20022,"DARK WATERS DISTILLERY, LLC",self,ttb-name-state,high,,https://www.ttb.gov/public-information/foia/list-of-permittees,"jaccard 1.00 via operating; premises Groton, CT; dba Dark Waters Distillery; list of 2026-09-20"
daufuskie-island-distillery,Daufuskie Island Distillery,United States,ttb-basic-permit,SC-S-20015,"DAUFUSKIE ISLAND RUM COMPANY, LLC",self,ttb-name-state,high,,https://www.ttb.gov/public-information/foia/list-of-permittees,"jaccard 1.00 via operating; premises Daufuskie Island, SC; dba Daufuskie Island Distillery; list of 2026-09-20"
davis-valley-winery-distillery,Davis Valley Winery & Distillery,United States,ttb-basic-permit,VA-S-20059,"DAVIS VALLEY WINERY AND VINEYARD, INC.",self,ttb-name-state,high,,https://www.ttb.gov/public-information/foia/list-of-permittees,"jaccard 1.00 via operating; premises Saltville, VA; dba Davis Valley Distillery; list of 2026-09-20"
dawson-distillery,Dawson Distillery,United States,ttb-basic-permit,AL-S-20019,"DAWSON DISTILLERY, LLC",self,ttb-name-state,high,,https://www.ttb.gov/public-information/foia/list-of-permittees,"jaccard 1.00 via owner; premises Leighton, AL; list of 2026-09-20"
dayton-barrel-works,Dayton Barrel Works,United States,ttb-basic-permit,OH-S-20091,"THE DAYTON BEER COMPANY, LLC",self,ttb-name-state,high,,https://www.ttb.gov/public-information/foia/list-of-permittees,"jaccard 1.00 via operating; premises Dayton, OH; dba Dayton Barrel Works; pin has no address, matched nationwide; list of 2026-09-20"
deacon-giles-distillery,Deacon Giles Distillery,United States,ttb-basic-permit,MA-S-20017,"DEACON GILES, INC.",self,ttb-name-state,high,,https://www.ttb.gov/public-information/foia/list-of-permittees,"jaccard 1.00 via operating; premises Salem, MA; dba Deacon Giles Distillery; list of 2026-09-20"
dead-lightning-distillery,Dead Lightning Distillery,United States,ttb-basic-permit,PA-S-20066,"DEAD LIGHTNING DISTILLERY, LLC",self,ttb-name-state,high,,https://www.ttb.gov/public-information/foia/list-of-permittees,"jaccard 1.00 via operating; premises Lemoyne, PA; dba Dead Lightning Distillery; list of 2026-09-20"
dead-man-walking-distillery-llc,"Dead Man Walking Distillery, LLC",United States,ttb-basic-permit,PA-S-20216,"DEAD MAN WALKING DISTILLERY, LLC",self,ttb-name-state,high,,https://www.ttb.gov/public-information/foia/list-of-permittees,"jaccard 1.00 via owner; premises Bloomsburg, PA; list of 2026-09-20"
dead-of-night-distillery,Dead of Night Distillery,United States,ttb-basic-permit,CA-S-20200,"DEAD OF NIGHT DISTILLERY, INC.",self,ttb-name-state,high,,https://www.ttb.gov/public-information/foia/list-of-permittees,"jaccard 1.00 via owner; premises Los Angeles, CA; dba Echo Mtn.; list of 2026-09-20"
deep-creek-distilling,Deep Creek Distilling,United States,ttb-basic-permit,VA-S-20063,DEEP CREEK DISTILLING COMPANY LLC,self,ttb-name-state,high,,https://www.ttb.gov/public-information/foia/list-of-permittees,"jaccard 1.00 via operating; premises Chesapeake, VA; dba Deep Creek Distilling Company LLC; list of 2026-09-20"
deep-eddy-vodka-distillery,Deep Eddy Vodka Distillery,United States,ttb-basic-permit,TX-S-20101,"HEAVEN HILL DISTILLERIES, INC.",operator,ttb-premises,medium,,https://www.ttb.gov/public-information/foia/list-of-permittees,"same premises: 150 A Precision Dr, Buda 78610, street overlap 0.67, name overlap 0.00; list of 2026-09-20"
deep-roots-distillery,Deep Roots Distillery,United States,ttb-basic-permit,MA-S-20057,"DEEP ROOTS DISTILLERY USA, LLC",self,ttb-name-state,high,,https://www.ttb.gov/public-information/foia/list-of-permittees,"jaccard 1.00 via operating; premises Fiskdale, MA; dba Deep Roots Distillery USA; pin has no address, matched nationwide; list of 2026-09-20"
deep-roots-distillery-brimfield,Deep Roots Distillery Brimfield,United States,ttb-basic-permit,MA-S-20057,"DEEP ROOTS DISTILLERY USA, LLC",self,ttb-name-state,low,,https://www.ttb.gov/public-information/foia/list-of-permittees,"jaccard 0.67 via operating; premises Fiskdale, MA; dba Deep Roots Distillery USA; list of 2026-09-20"
deep-roots-distillery-usa,Deep Roots Distillery USA,United States,ttb-basic-permit,MA-S-20057,"DEEP ROOTS DISTILLERY USA, LLC",self,ttb-name-state,high,,https://www.ttb.gov/public-information/foia/list-of-permittees,"jaccard 1.00 via operating; premises Fiskdale, MA; dba Deep Roots Distillery USA; list of 2026-09-20"
deer-ridge-distillery,Deer Ridge Distillery,United States,ttb-basic-permit,MO-S-20122,DEER RIDGE DISTILLERY LLC,self,ttb-name-state,high,,https://www.ttb.gov/public-information/foia/list-of-permittees,"jaccard 1.00 via operating; premises Eldon, MO; dba Deer Ridge Distillery; list of 2026-09-20"
deerfish-distilling-co,Deerfish Distilling Co.,United States,ttb-basic-permit,AL-S-20060,DEERFISH DISTILLING CO. LLC,self,ttb-name-state,high,,https://www.ttb.gov/public-information/foia/list-of-permittees,"jaccard 1.00 via operating; premises Mobile, AL; dba Deerfish Distilling Co.; list of 2026-09-20"
dehner-distillery,Dehner Distillery,United States,ttb-basic-permit,IA-S-20013,"DEHNER DISTILLERY, LLC",self,ttb-name-state,high,,https://www.ttb.gov/public-information/foia/list-of-permittees,"jaccard 1.00 via operating; premises Clive, IA; dba Dehner Distillery; list of 2026-09-20"
deki,DEKI,United States,ttb-basic-permit,CO-S-20082,DEKI LTD.,self,ttb-name-state,medium,,https://www.ttb.gov/public-information/foia/list-of-permittees,"jaccard 1.00 via operating; premises Lafayette, CO; dba DEKI Spirits; list of 2026-09-20"
delta-dirt-distillery,Delta Dirt Distillery,United States,ttb-basic-permit,AR-S-20009,"DELTA DIRT DISTILLERY, INC.",self,ttb-name-state,high,,https://www.ttb.gov/public-information/foia/list-of-permittees,"jaccard 1.00 via owner; premises Helena, AR; list of 2026-09-20"
denning-s-point-distillery,Denning's Point Distillery,United States,ttb-basic-permit,NY-S-20035,DENNING'S POINT DISTILLERY LLC,self,ttb-name-state,high,,https://www.ttb.gov/public-information/foia/list-of-permittees,"jaccard 1.00 via owner; premises Beacon, NY; list of 2026-09-20"
dented-brick-distillery,Dented Brick Distillery,United States,ttb-basic-permit,UT-S-20009,"SALT LAKE CITY DISTILLERY, LLC",operator,ttb-name-state,high,,https://www.ttb.gov/public-information/foia/list-of-permittees,"jaccard 1.00 via operating; premises South Salt Lake, UT; dba Dented Brick Distillery; list of 2026-09-20"
denver-distillery,Denver Distillery,United States,ttb-basic-permit,CO-S-20081,"DENVER DISTILLERY, LLC",self,ttb-name-state,high,,https://www.ttb.gov/public-information/foia/list-of-permittees,"jaccard 1.00 via operating; premises Denver, CO; dba Denver Distillery; list of 2026-09-20"
derailed-distillery,Derailed Distillery,United States,ttb-basic-permit,OH-S-20119,DERAILED DISTILLERY LLC,self,ttb-name-state,high,,https://www.ttb.gov/public-information/foia/list-of-permittees,"jaccard 1.00 via operating; premises Marietta, OH; dba Derailed Distillery; list of 2026-09-20"
desert-cane-distillery,Desert Cane Distillery,United States,ttb-basic-permit,NV-S-20022,DESERT CANE LLC,self,ttb-name-state,high,,https://www.ttb.gov/public-information/foia/list-of-permittees,"jaccard 1.00 via operating; premises Pahrump, NV; dba Desert Cane LLC; list of 2026-09-20"
desert-diamond-distillery,Desert Diamond Distillery,United States,ttb-basic-permit,AZ-S-15005,"DESERT DIAMOND DISTILLERY, INC.",self,ttb-name-state,high,,https://www.ttb.gov/public-information/foia/list-of-permittees,"jaccard 1.00 via owner; premises Kingman, AZ; list of 2026-09-20"
desert-ghost-distilling-co,Desert Ghost Distilling Co,United States,ttb-basic-permit,TX-S-20316,"DESERT GHOST DISTILLING COMPANY, LLC",self,ttb-name-state,high,,https://www.ttb.gov/public-information/foia/list-of-permittees,"jaccard 1.00 via operating; premises Marathon, TX; dba Desert Ghost Distilling Company; list of 2026-09-20"
desert-rock-winery-distillery,Desert Rock Winery & Distillery,United States,ttb-basic-permit,AZ-S-20037,DESERT ROCK INDUSTRIES LLC,self,ttb-name-state,high,,https://www.ttb.gov/public-information/foia/list-of-permittees,"jaccard 1.00 via operating; premises Scottsdale, AZ; dba Desert Rock; list of 2026-09-20"
detroit-city-distillery-tasting-room,Detroit City Distillery - Tasting room,United States,ttb-basic-permit,MI-S-20010,"DETROIT CITY DISTILLERY, LLC",self,ttb-name-state,high,,https://www.ttb.gov/public-information/foia/list-of-permittees,"jaccard 1.00 via owner; premises Detroit, MI; dba The Spirits of Detroit; list of 2026-09-20"
deviation-distilling,Deviation Distilling,United States,ttb-basic-permit,CO-S-20066,DEVIATION DISTILLING LLC,self,ttb-name-state,high,,https://www.ttb.gov/public-information/foia/list-of-permittees,"jaccard 1.00 via owner; premises Sheridan, CO; list of 2026-09-20"
devil-s-due-distillery,Devil's Due Distillery,United States,ttb-basic-permit,WV-S-20033,DEVIL'S DUE DISTILLERY LLC,self,ttb-name-state,high,,https://www.ttb.gov/public-information/foia/list-of-permittees,"jaccard 1.00 via operating; premises Kearneysville, WV; dba Devil's Due Distillery; list of 2026-09-20"
devils-creek-distillery,Devils Creek Distillery,United States,ttb-basic-permit,CA-S-20139,"DEVILS CREEK ENTERPRISES,  LLC",self,ttb-name-state,high,,https://www.ttb.gov/public-information/foia/list-of-permittees,"jaccard 1.00 via operating; premises Mammoth Lakes, CA; dba Devils Creek Distillery; list of 2026-09-20"
devils-river-whiskey-distillery,Devils River Whiskey Distillery,United States,ttb-basic-permit,TX-S-20161,"DEVILS RIVER DISTILLERY, LLC",self,ttb-name-state,high,,https://www.ttb.gov/public-information/foia/list-of-permittees,"jaccard 1.00 via owner; premises San Antonio, TX; list of 2026-09-20"
dietz-distillery,Dietz Distillery,United States,ttb-basic-permit,TX-S-20151,"DIETZ DISTILLERY, LLC",self,ttb-name-state,medium,,https://www.ttb.gov/public-information/foia/list-of-permittees,"jaccard 1.00 via owner; premises Fredericksburg, TX; list of 2026-09-20"
dikindurt-distillery,DikinDurt Distillery,United States,ttb-basic-permit,NY-S-20042,DIKINDURT DISTILLERY LLC,self,ttb-name-state,high,,https://www.ttb.gov/public-information/foia/list-of-permittees,"jaccard 1.00 via owner; premises Herkimer, NY; list of 2026-09-20"
dilley-rae-pacific-distillery,Dilley Rae - Pacific Distillery,United States,ttb-basic-permit,OR-S-20098,DILLEY RAE LLC,self,ttb-name-state,medium,,https://www.ttb.gov/public-information/foia/list-of-permittees,"jaccard 0.77 via owner; premises Cornelius, OR; list of 2026-09-20"
dirty-water-distillery,Dirty Water Distillery,United States,ttb-basic-permit,MA-S-20004,"DIRTY WATER DISTILLERY, LLC",self,ttb-name-state,high,,https://www.ttb.gov/public-information/foia/list-of-permittees,"jaccard 1.00 via owner; premises Plymouth, MA; pin has no address, matched nationwide; list of 2026-09-20"
dismal-harmony-distilling,Dismal Harmony Distilling,United States,ttb-basic-permit,NJ-S-20063,DISMAL HARMONY DISTILLING LLC,self,ttb-name-state,high,,https://www.ttb.gov/public-information/foia/list-of-permittees,"jaccard 1.00 via operating; premises Morristown, NJ; dba Dismal Harmony Distilling; list of 2026-09-20"
distillerie-acadian,Distillerie Acadian,United States,ttb-basic-permit,LA-S-20012,"DISTILLERIE ACADIAN, L.L.C.",self,ttb-name-state,medium,,https://www.ttb.gov/public-information/foia/list-of-permittees,"jaccard 0.60 via owner; premises New Iberia, LA; list of 2026-09-20"
distillery-291,Distillery 291,United States,ttb-basic-permit,CO-S-20102,"DISTILLERY 291, INC.",self,ttb-name-state,medium,,https://www.ttb.gov/public-information/foia/list-of-permittees,"jaccard 1.00 via owner; premises Colorado Springs, CO; list of 2026-09-20"
distillery-64,Distillery 64,United States,ttb-basic-permit,IN-S-20074,DISTILLERY 64 LLC,self,ttb-name-state,medium,,https://www.ttb.gov/public-information/foia/list-of-permittees,"jaccard 1.00 via owner; premises New Albany, IN; list of 2026-09-20"
distillery-98,Distillery 98,United States,ttb-basic-permit,FL-S-20077,"DISTILLERY 98, LLC",self,ttb-name-state,medium,,https://www.ttb.gov/public-information/foia/list-of-permittees,"jaccard 1.00 via operating; premises Santa Rosa Beach, FL; dba Distillery 98; list of 2026-09-20"
distillery-of-modern-art-in-chamblee-georgia-atlanta,"Distillery of Modern Art in Chamblee, Georgia Atlanta",United States,ttb-basic-permit,GA-S-20041,"DOMA VENTURES, INC.",operator,ttb-name-state,low,,https://www.ttb.gov/public-information/foia/list-of-permittees,"jaccard 0.50 via operating; premises Chamblee, GA; dba Distillery of Modern Art; list of 2026-09-20"
divine-distillers,Divine Distillers,United States,ttb-basic-permit,OR-S-20066,DIVINE DISTILLERS INC.,self,ttb-name-state,high,,https://www.ttb.gov/public-information/foia/list-of-permittees,"jaccard 1.00 via operating; premises Independence, OR; dba Divine Distillers; list of 2026-09-20"
dog-distilling-company,DoG Distilling Company,United States,ttb-basic-permit,OH-S-20151,DOG DISTILLING COMPANY,self,ttb-name-state,medium,,https://www.ttb.gov/public-information/foia/list-of-permittees,"jaccard 1.00 via operating; premises Lewis Center, OH; dba DOG Distilling Company; list of 2026-09-20"
dogmaster-distillery,Dogmaster Distillery,United States,ttb-basic-permit,MO-S-20014,DOGMASTER DISTILLERY L.L.C.,self,ttb-name-state,high,,https://www.ttb.gov/public-information/foia/list-of-permittees,"jaccard 1.00 via operating; premises Columbia, MO; dba DogMaster Distillery; list of 2026-09-20"
doire-distilling,Doire Distilling,United States,ttb-basic-permit,NH-S-20014,"DOIRE DISTILLING, LLC",self,ttb-name-state,medium,,https://www.ttb.gov/public-information/foia/list-of-permittees,"jaccard 1.00 via operating; premises Derry, NH; dba Doire Distilling; list of 2026-09-20"
dominion-distillery,Dominion Distillery,United States,ttb-basic-permit,WA-S-20037,"DOMINION DISTILLERY, LLC",self,ttb-name-state,high,,https://www.ttb.gov/public-information/foia/list-of-permittees,"jaccard 1.00 via operating; premises Kettle Falls, WA; dba Dominion Distillery; list of 2026-09-20"
door-county-distillery,Door County Distillery,United States,ttb-basic-permit,WI-S-15018,C & N CORPORATION,operator,ttb-name-state,high,,https://www.ttb.gov/public-information/foia/list-of-permittees,"jaccard 1.00 via operating; premises Sturgeon Bay, WI; dba DOOR COUNTY DISTILLERY; list of 2026-09-20"
dorcol-distilling,Dorćol Distilling,United States,ttb-basic-permit,TX-S-20015,DORCOL DISTILLING COMPANY,self,ttb-name-state,high,,https://www.ttb.gov/public-information/foia/list-of-permittees,"jaccard 1.00 via owner; premises San Antonio, TX; list of 2026-09-20"
doundrins-distilling,Doundrins Distilling,United States,ttb-basic-permit,WI-S-20045,DOUNDRINS DISTILLING LLC,self,ttb-name-state,high,,https://www.ttb.gov/public-information/foia/list-of-permittees,"jaccard 1.00 via owner; premises Cottage Grove, WI; list of 2026-09-20"
dovetail-distillery,DOVETAIL DISTILLERY,United States,ttb-basic-permit,NV-S-20029,DOVETAIL DISTILLERY LLC,self,ttb-name-state,high,,https://www.ttb.gov/public-information/foia/list-of-permittees,"jaccard 1.00 via owner; premises Mound House, NV; list of 2026-09-20"
dowling-distilling,Dowling Distilling,United States,ttb-basic-permit,TX-S-20282,ALSTYNE'S BEVERAGE GROUP CORPORATION,operator,ttb-premises,medium,,https://www.ttb.gov/public-information/foia/list-of-permittees,"same premises: 126 S Main St, Van Alstyne 75495, street overlap 0.50, name overlap 0.00; list of 2026-09-20"
downslope-distilling,Downslope Distilling,United States,ttb-basic-permit,CO-S-15014,"DOWNSLOPE DISTILLING, INC.",self,ttb-name-state,high,,https://www.ttb.gov/public-information/foia/list-of-permittees,"jaccard 1.00 via owner; premises Centennial, CO; list of 2026-09-20"
dr-distillery,DR Distillery,United States,ttb-basic-permit,PA-S-20024,DR DISTILLERY LLC,self,ttb-name-state,low,,https://www.ttb.gov/public-information/foia/list-of-permittees,"jaccard 1.00 via owner; premises Slippery  Rock, PA; list of 2026-09-20"
dragon-distillery,Dragon Distillery,United States,ttb-basic-permit,MD-S-20016,"DRAGON DISTILLERY, LLC",self,ttb-name-state,high,,https://www.ttb.gov/public-information/foia/list-of-permittees,"jaccard 1.00 via owner; premises Frederick, MD; list of 2026-09-20"
dragon-s-mouth-distillery,Dragon's Mouth Distillery,United States,ttb-basic-permit,IN-S-20082,"DRAGON'S MOUTH DISTILLERY, LLC",self,ttb-name-state,high,,https://www.ttb.gov/public-information/foia/list-of-permittees,"jaccard 1.00 via owner; premises Elkhart, IN; list of 2026-09-20"
dragonfyre-distillery,Dragonfyre Distillery,United States,ttb-basic-permit,NY-S-20092,DRAGONFYRE DISTILLERY LLC,self,ttb-name-state,high,,https://www.ttb.gov/public-information/foia/list-of-permittees,"jaccard 1.00 via operating; premises Marathon, NY; dba Dragonfyre Distillery; list of 2026-09-20"
dread-river-distilling-company,Dread River Distilling Company,United States,ttb-basic-permit,AL-S-20029,"DREAD RIVER DISTILLING COMPANY, LLC",self,ttb-name-state,high,,https://www.ttb.gov/public-information/foia/list-of-permittees,"jaccard 1.00 via owner; premises Birmingham, AL; list of 2026-09-20"
drift-distillery-smokehouse,Drift Distillery & Smokehouse,United States,ttb-basic-permit,CA-S-20154,"DRIFT BRANDS, LLC",self,ttb-name-state,medium,,https://www.ttb.gov/public-information/foia/list-of-permittees,"jaccard 0.60 via operating; premises San Clemente, CA; dba DRIFT DISTILLERY; list of 2026-09-20"
driftless-glen-distillery,Driftless Glen Distillery,United States,ttb-basic-permit,WI-S-20012,"DRIFTLESS GLEN DISTILLERY, LLC",self,ttb-name-state,high,,https://www.ttb.gov/public-information/foia/list-of-permittees,"jaccard 1.00 via owner; premises Baraboo, WI; list of 2026-09-20"
dripping-springs-distilling-small-batch-vodka-savor-it,Dripping Springs Distilling - Small Batch Vodka - Savor It,United States,ttb-basic-permit,TX-S-20083,"SAN LUIS SPIRITS DISTILLING CO., LLC",self,ttb-premises,low,,https://www.ttb.gov/public-information/foia/list-of-permittees,"shared premises only, names do not overlap; same premises: 5330 Bell Springs Rd, Dripping Springs 78620, street overlap 1.00, name overlap 0.33; dba Dripping Springs Distilling; list of 2026-09-20"
drop-of-the-creator,Drop of the Creator,United States,ttb-basic-permit,TX-S-20290,DROP OF THE CREATOR LLC,self,ttb-name-state,high,,https://www.ttb.gov/public-information/foia/list-of-permittees,"jaccard 1.00 via operating; premises Houston, TX; dba Drop of the Creator; list of 2026-09-20"
drop-zone-distilling-company-llc,"Drop Zone Distilling Company, LLC",United States,ttb-basic-permit,TN-S-20122,"DROP ZONE DISTILLING COMPANY, LLC",self,ttb-name-state,high,,https://www.ttb.gov/public-information/foia/list-of-permittees,"jaccard 1.00 via owner; premises Knoxville, TN; list of 2026-09-20"
dry-diggings-distillery,Dry Diggings Distillery,United States,ttb-basic-permit,CA-S-20018,"AURUM SIERRA, INC.",operator,ttb-name-state,high,,https://www.ttb.gov/public-information/foia/list-of-permittees,"jaccard 1.00 via operating; premises El Dorado Hills, CA; dba Dry Diggings Distillery; list of 2026-09-20"
dry-fly-distillery,Dry Fly Distillery,United States,ttb-basic-permit,WA-S-15010,DRY FLY DISTILLING INC,self,ttb-name-state,medium,,https://www.ttb.gov/public-information/foia/list-of-permittees,"jaccard 1.00 via owner; premises Spokane, WA; pin has no address, matched nationwide; list of 2026-09-20"
dry-hills-distillery,Dry Hills Distillery,United States,ttb-basic-permit,MT-S-20012,DRY HILLS DISTILLERY LLC,self,ttb-name-state,high,,https://www.ttb.gov/public-information/foia/list-of-permittees,"jaccard 1.00 via operating; premises Bozeman, MT; dba Dry Hills Distillery; list of 2026-09-20"
dry-point-distillers,Dry Point Distillers,United States,ttb-basic-permit,NM-S-20012,CREATIVE SPIRITS DISTILLERY,self,ttb-name-state,high,,https://www.ttb.gov/public-information/foia/list-of-permittees,"jaccard 1.00 via operating; premises Las Cruces, NM; dba Dry Point Distillers; owner is an individual; list of 2026-09-20"
dry-run-spirits-distillery,Dry Run Spirits Distillery,United States,ttb-basic-permit,WV-S-20031,DRY RUN SPIRITS LLC,self,ttb-name-state,high,,https://www.ttb.gov/public-information/foia/list-of-permittees,"jaccard 1.00 via operating; premises Franklin, WV; dba Dry Run Spirits; list of 2026-09-20"
duck-creek-winery-denmark-distilling-new-denmark-brewing-company,Duck Creek Winery/ Denmark Distilling/ New Denmark Brewing Company,United States,ttb-basic-permit,WI-S-20037,DUCK CREEK VINEYARD AND WINERY LLC,self,ttb-name-state,medium,,https://www.ttb.gov/public-information/foia/list-of-permittees,"jaccard 0.77 via owner; premises Denmark, WI; dba Denmark Distilling; list of 2026-09-20"
duckworth-distillery,Duckworth Distillery,United States,ttb-basic-permit,TX-S-20037,DUCKWORTH DISTILLERY LLC,self,ttb-name-state,high,,https://www.ttb.gov/public-information/foia/list-of-permittees,"jaccard 1.00 via operating; premises Dallas, TX; dba Duckworth Distillery; list of 2026-09-20"
dueling-grounds-distillery,Dueling Grounds Distillery,United States,ttb-basic-permit,KY-S-20013,DUELING GROUNDS DISTILLERY LLC,self,ttb-name-state,high,,https://www.ttb.gov/public-information/foia/list-of-permittees,"jaccard 1.00 via owner; premises Franklin, KY; list of 2026-09-20"
duluth-whiskey-project,Duluth Whiskey Project,United States,ttb-basic-permit,MN-S-20038,"DULUTH WHISKEY PROJECT, LLC",self,ttb-name-state,high,,https://www.ttb.gov/public-information/foia/list-of-permittees,"jaccard 1.00 via owner; premises Duluth, MN; list of 2026-09-20"
dune-valley-distillery,Dune Valley Distillery,United States,ttb-basic-permit,CO-S-20117,A. CARBONE AND COMPANY LLC,operator,ttb-name-state,high,,https://www.ttb.gov/public-information/foia/list-of-permittees,"jaccard 1.00 via operating; premises Mosca, CO; dba Dune Valley Distillery; list of 2026-09-20"
dusty-barn-distillery,Dusty Barn Distillery,United States,ttb-basic-permit,IN-S-20006,SOUTHERN INDIANA  DISTILLING INC.,operator,ttb-name-state,high,,https://www.ttb.gov/public-information/foia/list-of-permittees,"jaccard 1.00 via operating; premises Mount Vernon, IN; dba Dusty Barn Distillery; list of 2026-09-20"
duvall-distillery,Duvall Distillery,United States,ttb-basic-permit,WA-S-20103,"DUVALL DISTILLERY, LLC",self,ttb-name-state,high,,https://www.ttb.gov/public-information/foia/list-of-permittees,"jaccard 1.00 via operating; premises Duvall, WA; dba Duvall Distillery; list of 2026-09-20"
eagle-cliffs-distillery,Eagle Cliffs Distillery,United States,ttb-basic-permit,WA-S-15068,"KOEHLER ENTERPRISES, INC.",operator,ttb-name-state,high,,https://www.ttb.gov/public-information/foia/list-of-permittees,"jaccard 1.00 via operating; premises Longview, WA; dba EAGLE CLIFFS DISTILLERY; pin has no address, matched nationwide; list of 2026-09-20"
eagle-park-brewing-distilling-company,Eagle Park Brewing & Distilling Company,United States,ttb-basic-permit,WI-S-20052,EAGLE TRACE BREWING COMPANY LLC,self,ttb-name-state,high,,https://www.ttb.gov/public-information/foia/list-of-permittees,"jaccard 1.00 via operating; premises Muskego, WI; dba Eagle Park Distilling; list of 2026-09-20"
east-tennessee-distillery,East Tennessee Distillery,United States,ttb-basic-permit,TN-S-15013,"TNSH, LLC",operator,ttb-name-state,high,,https://www.ttb.gov/public-information/foia/list-of-permittees,"jaccard 1.00 via operating; premises Chattanooga, TN; dba Tennessee Stillhouse; list of 2026-09-20"
eastern-kille-distillery,Eastern Kille Distillery,United States,ttb-basic-permit,MI-S-20048,"GRAY SKIES DISTILLERY, LLC",operator,ttb-name-state,high,,https://www.ttb.gov/public-information/foia/list-of-permittees,"jaccard 1.00 via operating; premises Rockford, MI; dba EASTERN KILLE DISTILLERY; list of 2026-09-20"
echo-spirits-distilling-co,Echo Spirits Distilling Co.,United States,ttb-basic-permit,OH-S-20070,"ETOHIO, LLC",operator,ttb-name-state,medium,,https://www.ttb.gov/public-information/foia/list-of-permittees,"jaccard 1.00 via operating; premises Columbus, OH; dba Echo Spirits Distilling Co.; list of 2026-09-20"
eda-rhyne-distilling-company,Eda Rhyne Distilling Company,United States,ttb-basic-permit,NC-S-20059,"PINNIX DISTILLERY, INC.",operator,ttb-name-state,high,,https://www.ttb.gov/public-information/foia/list-of-permittees,"jaccard 1.00 via operating; premises Asheville, NC; dba Eda Rhyne Distilling Company; list of 2026-09-20"
edwin-coe-spirits,Edwin Coe Spirits,United States,ttb-basic-permit,IN-S-20036,EDWIN COE LLC,self,ttb-name-state,high,,https://www.ttb.gov/public-information/foia/list-of-permittees,"jaccard 1.00 via owner; premises Churubusco, IN; list of 2026-09-20"
eichelberger-distillery-at-dills-tavern,Eichelberger Distillery at Dills Tavern,United States,ttb-basic-permit,PA-S-20268,"NORTHERN YORK COUNTY HISTORICAL AND PRESERVATION SOCIETY, INC.",operator,ttb-name-state,high,,https://www.ttb.gov/public-information/foia/list-of-permittees,"jaccard 1.00 via operating; premises Dillsburg, PA; dba Eichelberger Distillery at Dills Tavern; list of 2026-09-20"
eight-oaks-farm-distillery,Eight Oaks Farm Distillery,United States,ttb-basic-permit,PA-S-20031,EIGHT OAKS CRAFT DISTILLERY COMPANY,self,ttb-name-state,high,,https://www.ttb.gov/public-information/foia/list-of-permittees,"jaccard 1.00 via operating; premises New Tripoli, PA; dba Eight Oaks Farm Distillery; pin has no address, matched nationwide; list of 2026-09-20"
eighth-district-distilling-company,Eighth District Distilling Company,United States,ttb-basic-permit,CT-S-20040,LIQD LLC,operator,ttb-name-state,high,,https://www.ttb.gov/public-information/foia/list-of-permittees,"jaccard 1.00 via operating; premises Manchester, CT; dba Eighth District Distilling Company; list of 2026-09-20"
elevation-5003-distillery,Elevation 5003 Distillery,United States,ttb-basic-permit,CO-S-20084,ELEVATION 5003 DISTILLERY,self,ttb-name-state,high,,https://www.ttb.gov/public-information/foia/list-of-permittees,"jaccard 1.00 via operating; premises Fort Collins, CO; dba Elevation 5003 Distillery; owner is an individual; list of 2026-09-20"
elk-heights-distillery,Elk Heights Distillery,United States,ttb-basic-permit,WA-S-20171,ELK HEIGHTS DISTILLERY LLC,self,ttb-name-state,high,,https://www.ttb.gov/public-information/foia/list-of-permittees,"jaccard 1.00 via operating; premises Ellensburg, WA; dba Elk Heights Distillery; list of 2026-09-20"
elk-store-winery-distillery,Elk Store Winery & Distillery,United States,ttb-basic-permit,TX-S-20104,"ELK STORE WINERY DISTILLERY, LLC",self,ttb-name-state,high,,https://www.ttb.gov/public-information/foia/list-of-permittees,"jaccard 1.00 via owner; premises Fredericksburg, TX; list of 2026-09-20"
ellicott-distilling,Ellicott Distilling,United States,ttb-basic-permit,MD-S-20040,"ELLICOTT DISTILLING COMPANY, LLC",self,ttb-name-state,high,,https://www.ttb.gov/public-information/foia/list-of-permittees,"jaccard 1.00 via owner; premises Ellicott City, MD; list of 2026-09-20"
ellicottville-distillery,Ellicottville Distillery,United States,ttb-basic-permit,NY-S-20069,ELLICOTTVILLE DISTILLERY LLC,self,ttb-name-state,high,,https://www.ttb.gov/public-information/foia/list-of-permittees,"jaccard 1.00 via owner; premises Ellicottville, NY; list of 2026-09-20"
elysian-desert-distilleries,Elysian Desert Distilleries,United States,ttb-basic-permit,AZ-S-20029,ELYSIAN DESERT DISTILLERIES INC.,self,ttb-name-state,high,,https://www.ttb.gov/public-information/foia/list-of-permittees,"jaccard 1.00 via owner; premises Carefree, AZ; dba Carefree Spirits Distillery; pin has no address, matched nationwide; list of 2026-09-20"
empty-barrel-distillery,Empty Barrel Distillery,United States,ttb-basic-permit,WI-S-20102,"EMPTY BARREL, LLC",self,ttb-name-state,high,,https://www.ttb.gov/public-information/foia/list-of-permittees,"jaccard 1.00 via owner; premises Waupaca, WI; list of 2026-09-20"
enchanted-rock-vodka,Enchanted Rock Vodka,United States,ttb-basic-permit,TX-S-15016,"REBECCA CREEK DISTILLERY, LLC",operator,ttb-premises,medium,,https://www.ttb.gov/public-information/foia/list-of-permittees,"same premises: 26605 Bulverde Rd, San Antonio 78260, street overlap 1.00, name overlap 0.00; dba Rebecca Creek Distillery, LLC; list of 2026-09-20"
end-of-days-distillery,End of Days Distillery,United States,ttb-basic-permit,NC-S-20078,EOD DISTILLERY LLC,operator,ttb-premises,medium,,https://www.ttb.gov/public-information/foia/list-of-permittees,"same premises: 1815 Castle St, Wilmington 28403, street overlap 1.00, name overlap 0.00; dba EOD Distillery, LLC; list of 2026-09-20"
english-prairie-distilling-co,English Prairie Distilling Co.,United States,ttb-basic-permit,WI-S-20094,ENGLISH PRAIRIE DISTILLING COMPANY LLC,self,ttb-name-state,high,,https://www.ttb.gov/public-information/foia/list-of-permittees,"jaccard 1.00 via operating; premises Muscoda, WI; dba English Prairie Distilling Co; list of 2026-09-20"
erie-distillery,Erie Distillery,United States,ttb-basic-permit,PA-S-20090,"ERIE DISTILLERY, LLC",self,ttb-name-state,medium,,https://www.ttb.gov/public-information/foia/list-of-permittees,"jaccard 1.00 via owner; premises Erie, PA; list of 2026-09-20"
ernest-scarano-distillery,Ernest Scarano Distillery,United States,ttb-basic-permit,OH-S-20103,"ESDISTILLERY, LLC",operator,ttb-premises,medium,,https://www.ttb.gov/public-information/foia/list-of-permittees,"same premises: 348 Rice St, Elmore 43416, street overlap 1.00, name overlap 0.00; dba ESDISTILLERY, LLC; list of 2026-09-20"
essential-spirits-alambic-distilleries,Essential Spirits Alambic Distilleries,United States,ttb-basic-permit,CA-S-349,CLASSICK IMPORT & EXPORT LLC,operator,ttb-name-state,high,,https://www.ttb.gov/public-information/foia/list-of-permittees,"jaccard 1.00 via operating; premises Mt View, CA; dba ESSENTIAL SPIRITS ALAMBIC DISTILLERIES; list of 2026-09-20"
estes-park-distilling-co,Estes Park Distilling Co.,United States,ttb-basic-permit,CO-S-20131,"ESTES PARK DISTILLING CO., LLC",self,ttb-name-state,high,,https://www.ttb.gov/public-information/foia/list-of-permittees,"jaccard 1.00 via operating; premises Estes Park, CO; dba Estes Park Distilling Company; list of 2026-09-20"
ethanology,Ethanology,United States,ttb-basic-permit,MI-S-20065,ETHANOLOGY L.L.C.,self,ttb-name-state,high,,https://www.ttb.gov/public-information/foia/list-of-permittees,"jaccard 1.00 via operating; premises Elk Rapids, MI; dba Ethanology; list of 2026-09-20"
everglades-distillers,Everglades Distillers,United States,ttb-basic-permit,FL-S-20095,EVERGLADES DISTILLERS LLC,self,ttb-name-state,high,,https://www.ttb.gov/public-information/foia/list-of-permittees,"jaccard 1.00 via owner; premises Immokalee, FL; list of 2026-09-20"
evolve-distilling,Evolve Distilling,United States,ttb-basic-permit,CA-S-20436,"EVOLVE DISTILLING, INC.",self,ttb-name-state,high,,https://www.ttb.gov/public-information/foia/list-of-permittees,"jaccard 1.00 via operating; premises Claremont, CA; dba Evolve Distilling; list of 2026-09-20"
ewing-young-distillery,Ewing Young Distillery,United States,ttb-basic-permit,OR-S-20061,AMERICAN PIONEER SPIRITS AT EWING YOUNG FARM LLC,self,ttb-name-state,high,,https://www.ttb.gov/public-information/foia/list-of-permittees,"jaccard 1.00 via operating; premises Newberg, OR; dba Ewing Young Distillery; list of 2026-09-20"
excise-distillery,Excise Distillery,United States,ttb-basic-permit,PA-S-20168,EXCISE DISTILLERY LLC,self,ttb-name-state,high,,https://www.ttb.gov/public-information/foia/list-of-permittees,"jaccard 1.00 via owner; premises Carrolltown, PA; list of 2026-09-20"
fainting-goat-spirits,Fainting Goat Spirits,United States,ttb-basic-permit,NC-S-20040,"FAINTING GOAT SPIRITS, LLC",self,ttb-name-state,high,,https://www.ttb.gov/public-information/foia/list-of-permittees,"jaccard 1.00 via owner; premises Greensboro, NC; list of 2026-09-20"
fair-play-distillers,Fair Play Distillers,United States,ttb-basic-permit,PA-S-20209,"FAIR PLAY DISTILLERS, INC.",self,ttb-name-state,high,,https://www.ttb.gov/public-information/foia/list-of-permittees,"jaccard 1.00 via operating; premises Williamsport, PA; dba Fair Play Distillers; list of 2026-09-20"
falcon-spirits-distillery,Falcon Spirits Distillery,United States,ttb-basic-permit,CA-S-20010,FALCON SPIRITS LLC,self,ttb-name-state,high,,https://www.ttb.gov/public-information/foia/list-of-permittees,"jaccard 1.00 via owner; premises Richmond, CA; list of 2026-09-20"
fallen-oak-distilling,Fallen Oak Distilling,United States,ttb-basic-permit,MD-S-20080,"LONE OAK BREWING COMPANY, LLC",self,ttb-name-state,high,,https://www.ttb.gov/public-information/foia/list-of-permittees,"jaccard 1.00 via operating; premises Olney, MD; dba Fallen Oak Distilling; list of 2026-09-20"
far-better-distillery,Far Better Distillery,United States,ttb-basic-permit,TN-S-20099,"FAR BETTER, LLC",self,ttb-name-state,high,,https://www.ttb.gov/public-information/foia/list-of-permittees,"jaccard 1.00 via operating; premises Nashville, TN; dba Far Better Distillery; list of 2026-09-20"
felene-distillery,Felene Distillery,United States,ttb-basic-permit,CO-S-20125,FELENE INC.,self,ttb-name-state,high,,https://www.ttb.gov/public-information/foia/list-of-permittees,"jaccard 1.00 via operating; premises Denver, CO; dba Felene Vodka; list of 2026-09-20"
fence-stile-vineyards-winery-distillery,"Fence Stile Vineyards, Winery & Distillery",United States,ttb-basic-permit,MO-S-20091,"FENCE STILE, LLC",self,ttb-name-state,high,,https://www.ttb.gov/public-information/foia/list-of-permittees,"jaccard 1.00 via operating; premises Excelsior Spring, MO; dba Fence Stile Vineyards, Winery and Distillery; list of 2026-09-20"
fenton-winery-brewery-dream-machine-distillery,Fenton Winery & Brewery/Dream Machine Distillery,United States,ttb-basic-permit,MI-S-20177,"SHERROW VENTURES, LLC",self,ttb-premises,low,,https://www.ttb.gov/public-information/foia/list-of-permittees,"shared premises only, names do not overlap; same premises: 1370 N Long Lake Rd, Fenton 48430, street overlap 1.00, name overlap 0.33; dba Fenton Winery & Brewery; list of 2026-09-20"
fenwicks-distillery,Fenwicks Distillery,United States,ttb-basic-permit,IN-S-20099,"FENWICK FARMS DISTILLING COMPANY, LLC",operator,ttb-name-state,high,,https://www.ttb.gov/public-information/foia/list-of-permittees,"jaccard 1.00 via operating; premises Rensselaer, IN; dba Fenwicks Distillery; list of 2026-09-20"
ferino-distillery,Ferino Distillery,United States,ttb-basic-permit,NV-S-20023,"SALUTE SPIRITS, INC.",operator,ttb-name-state,high,,https://www.ttb.gov/public-information/foia/list-of-permittees,"jaccard 1.00 via operating; premises Reno, NV; dba Ferino Distillery; list of 2026-09-20"
fernweh-distilling-co,Fernweh Distilling Co.,United States,ttb-basic-permit,MO-S-20037,"WEISS HOLDINGS, LLC",operator,ttb-name-state,high,,https://www.ttb.gov/public-information/foia/list-of-permittees,"jaccard 1.00 via operating; premises Hermann, MO; dba Fernweh Distilling Company; pin has no address, matched nationwide; list of 2026-09-20"
fierce-whiskers-distillery,Fierce Whiskers Distillery,United States,ttb-basic-permit,TX-S-20183,"FIERCE WHISKERS DISTILLERY, LLC",self,ttb-name-state,high,,https://www.ttb.gov/public-information/foia/list-of-permittees,"jaccard 1.00 via owner; premises Austin, TX; pin has no address, matched nationwide; list of 2026-09-20"
fifth-state-distillery,Fifth State Distillery,United States,ttb-basic-permit,CT-S-20009,SOUTHAMPTON PARTNERS LLC,operator,ttb-name-state,high,,https://www.ttb.gov/public-information/foia/list-of-permittees,"jaccard 1.00 via operating; premises Bridgeport, CT; dba Fifth State Distillery; list of 2026-09-20"
fifty-two-aces-distillery,Fifty two aces distillery,United States,ttb-basic-permit,KS-S-20031,FIFTY TWO ACES LLC,self,ttb-name-state,high,,https://www.ttb.gov/public-information/foia/list-of-permittees,"jaccard 1.00 via operating; premises Paxico, KS; dba Fifty Two Aces Distillery; list of 2026-09-20"
filibuster-distillery,Filibuster Distillery,United States,ttb-basic-permit,VA-S-20011,FILIBUSTER BARRELS LLC,self,ttb-name-state,medium,,https://www.ttb.gov/public-information/foia/list-of-permittees,"jaccard 1.00 via operating; premises Mauretown, VA; dba FILIBUSTER; list of 2026-09-20"
finger-lakes-distilling,Finger Lakes Distilling,United States,ttb-basic-permit,NY-S-15018,FINGER LAKES DISTILLING LLC,self,ttb-name-state,high,,https://www.ttb.gov/public-information/foia/list-of-permittees,"jaccard 1.00 via operating; premises Burdett, NY; dba Finger Lakes Distilling LLC; list of 2026-09-20"
fink-s-milling-and-distilling,Fink's Milling and Distilling,United States,ttb-basic-permit,AL-S-20057,FINK'S MILLING & DISTILLING LLC,self,ttb-name-state,high,,https://www.ttb.gov/public-information/foia/list-of-permittees,"jaccard 1.00 via operating; premises Florala, AL; dba Fink's Milling & Distilling; list of 2026-09-20"
fiore-winery-distillery,Fiore Winery & Distillery,United States,ttb-basic-permit,MD-S-15000,"FIORE WINERY, INC.",self,ttb-name-state,medium,,https://www.ttb.gov/public-information/foia/list-of-permittees,"jaccard 1.00 via owner; premises Pylesville, MD; list of 2026-09-20"
fire-oak-distillery,Fire Oak Distillery,United States,ttb-basic-permit,TX-S-20052,"ENDSLEY, INC.",operator,ttb-name-state,high,,https://www.ttb.gov/public-information/foia/list-of-permittees,"jaccard 1.00 via operating; premises Liberty Hill, TX; dba Fire Oak Distillery; list of 2026-09-20"
firefly-distillery,FireFly Distillery,United States,ttb-basic-permit,SC-S-15002,FIREFLY DISTILLERY LLC,self,ttb-name-state,high,,https://www.ttb.gov/public-information/foia/list-of-permittees,"jaccard 1.00 via operating; premises North Charleston, SC; dba FIREFLY DISTILLERY; list of 2026-09-20"
fireside-distillers,Fireside Distillers,United States,ttb-basic-permit,OR-S-20031,CRESCENDO INC.,operator,ttb-name-state,high,,https://www.ttb.gov/public-information/foia/list-of-permittees,"jaccard 1.00 via operating; premises Eugene, OR; dba Fireside Distillers; list of 2026-09-20"
firestone-robertson-distilling-co,Firestone & Robertson Distilling CO,United States,ttb-basic-permit,TX-S-15023,"FIRESTONE & ROBERTSON DISTILLING COMPANY, LLC",self,ttb-name-state,high,,https://www.ttb.gov/public-information/foia/list-of-permittees,"jaccard 1.00 via owner; premises Fort Worth, TX; list of 2026-09-20"
firewater-distillery,Firewater Distillery,United States,ttb-basic-permit,ID-S-20028,"FIREWATER DISTILLERY, LLC",self,ttb-name-state,high,,https://www.ttb.gov/public-information/foia/list-of-permittees,"jaccard 1.00 via owner; premises Worley, ID; dba Rainfire Spirits; list of 2026-09-20"
five-points-distilling-lone-elm-whiskey,Five Points Distilling / Lone Elm Whiskey,United States,ttb-basic-permit,TX-S-20006,"FIVE POINTS DISTILLING, LLC.",self,ttb-name-state,medium,,https://www.ttb.gov/public-information/foia/list-of-permittees,"jaccard 0.60 via operating; premises Forney, TX; dba Five Points Distilling; list of 2026-09-20"
five-saints-distilling,Five Saints Distilling,United States,ttb-basic-permit,PA-S-20021,FIVE SAINTS DISTILLING AND INTERNATIONAL SPIRITS LLC,self,ttb-name-state,medium,,https://www.ttb.gov/public-information/foia/list-of-permittees,"jaccard 0.77 via owner; premises Norristown, PA; list of 2026-09-20"
flag-hill-distillery-winery,Flag Hill Distillery & Winery,United States,ttb-basic-permit,NH-S-20001,"FLAG HILL DISTILLERY, LLC",self,ttb-name-state,high,,https://www.ttb.gov/public-information/foia/list-of-permittees,"jaccard 1.00 via operating; premises Lee, NH; dba Flag Hill Distillery; list of 2026-09-20"
flaming-aces-distillery-llc,Flaming Aces Distillery LLC,United States,ttb-basic-permit,TN-S-20158,FLAMING ACES DISTILLERY LLC,self,ttb-name-state,high,,https://www.ttb.gov/public-information/foia/list-of-permittees,"jaccard 1.00 via owner; premises Elizabethton, TN; list of 2026-09-20"
flatrock-distilling-company,Flatrock Distilling Company,United States,ttb-basic-permit,OH-S-20029,FLATROCK BREWING COMPANY,self,ttb-name-state,high,,https://www.ttb.gov/public-information/foia/list-of-permittees,"jaccard 1.00 via operating; premises Toledo, OH; dba Flatrock Distilling Company; list of 2026-09-20"
florida-distillers,Florida Distillers,United States,ttb-basic-permit,FL-S-15010,MICHAN CORPORATION,operator,ttb-name-state,high,,https://www.ttb.gov/public-information/foia/list-of-permittees,"jaccard 1.00 via operating; premises Umatilla, FL; dba FLORIDA FARM DISTILLERS; list of 2026-09-20"
flying-leap-vineyards-distillery-winery-estate-elgin-az,"Flying Leap Vineyards & Distillery (Winery Estate - Elgin, AZ)",United States,ttb-basic-permit,AZ-S-20011,"FLYING LEAP VINEYARDS, INC.",self,ttb-name-state,medium,,https://www.ttb.gov/public-information/foia/list-of-permittees,"jaccard 0.70 via owner; premises Elgin, AZ; dba Flying Leap Distillery; list of 2026-09-20"
fog-s-end-distillery,Fog's End Distillery,United States,ttb-basic-permit,CA-S-15018,"FOG'S END DISTILLERY, LLC",self,ttb-name-state,high,,https://www.ttb.gov/public-information/foia/list-of-permittees,"jaccard 1.00 via operating; premises Gonzales, CA; dba Fog's End Distillery; list of 2026-09-20"
foggy-bottom-distillery,Foggy Bottom Distillery,United States,ttb-basic-permit,CA-S-20152,FOGGY BOTTOM DISTILLERY LLC,self,ttb-name-state,high,,https://www.ttb.gov/public-information/foia/list-of-permittees,"jaccard 1.00 via operating; premises Los Osos, CA; dba Foggy Bottom Distillery; list of 2026-09-20"
foothills-distillery-llc-seventeen-twelve-spirits,Foothills Distillery LLC / Seventeen Twelve Spirits,United States,ttb-basic-permit,NC-S-20015,"FOOTHILLS DISTILLERY, LLC",self,ttb-premises,medium,,https://www.ttb.gov/public-information/foia/list-of-permittees,"same premises: 300 Thornburg Dr Se Ste A, Conover 28613, street overlap 1.00, name overlap 0.33; list of 2026-09-20"
forager-distillery-at-greylock-works,Forager Distillery at Greylock Works,United States,ttb-basic-permit,MA-S-20029,"OFF-PISTE ENTERPRISES, LLC",operator,ttb-premises,medium,,https://www.ttb.gov/public-information/foia/list-of-permittees,"same premises: 506 State Rd Ste 501, North Adams 01247, street overlap 1.00, name overlap 0.25; dba Forager; list of 2026-09-20"
fordham-lee-distillery,Fordham Lee Distillery,United States,ttb-basic-permit,MD-S-20036,"FORDHAM LEE DISTILLERY, LLC",self,ttb-name-state,high,,https://www.ttb.gov/public-information/foia/list-of-permittees,"jaccard 1.00 via owner; premises Middletown, MD; list of 2026-09-20"
forge-foundry-distillery,Forge & Foundry Distillery,United States,ttb-basic-permit,MN-S-20056,FORGE AND FOUNDRY DISTILLERY COMPANY,self,ttb-name-state,high,,https://www.ttb.gov/public-information/foia/list-of-permittees,"jaccard 1.00 via owner; premises Stillwater, MN; list of 2026-09-20"
forgotten-50-distillery,Forgotten 50 Distillery,United States,ttb-basic-permit,MD-S-20066,FORGOTTEN FIFTY LLC,self,ttb-premises,medium,,https://www.ttb.gov/public-information/foia/list-of-permittees,"same premises: 10103 Old Ocean City Blvd, Berlin 21811, street overlap 1.00, name overlap 0.33; dba Forgotten Fifty Distilling; list of 2026-09-20"
forward-slash-distillery-blending-house,Forward Slash Distillery & Blending House,United States,ttb-basic-permit,FL-S-20129,"ARTIFACT SPIRITS, LLC",operator,ttb-name-state,medium,,https://www.ttb.gov/public-information/foia/list-of-permittees,"jaccard 0.77 via operating; premises Winter Park, FL; dba Forward/Slash; list of 2026-09-20"
founding-farmers-distillers,Founding Farmers & Distillers,United States,ttb-basic-permit,DC-S-20007,"FARMERS & DISTILLERS DC, LLC",self,ttb-premises,medium,,https://www.ttb.gov/public-information/foia/list-of-permittees,"same premises: 600 Massachusetts Ave Nw, Washington 20001, street overlap 1.00, name overlap 0.33; list of 2026-09-20"
founding-fathers-distillery,Founding Fathers Distillery,United States,ttb-basic-permit,NC-S-20062,"FOUNDING FATHERS DISTILLERY, LTD.",self,ttb-name-state,high,,https://www.ttb.gov/public-information/foia/list-of-permittees,"jaccard 1.00 via owner; premises High Point, NC; list of 2026-09-20"
foundry-distilling-company,Foundry Distilling Company,United States,ttb-basic-permit,IA-S-20019,"FOUNDRY DISTILLING COMPANY, LLC",self,ttb-name-state,high,,https://www.ttb.gov/public-information/foia/list-of-permittees,"jaccard 1.00 via owner; premises West Des Moines, IA; list of 2026-09-20"
four-birds-distilling-company,Four Birds Distilling Company,United States,ttb-basic-permit,PA-S-20186,FOUR BIRDS DISTILLING COMPANY,self,ttb-name-state,high,,https://www.ttb.gov/public-information/foia/list-of-permittees,"jaccard 1.00 via owner; premises Jersey Shore, PA; list of 2026-09-20"
four-fathers-distillery,Four Fathers Distillery,United States,ttb-basic-permit,FL-S-20039,FOUR FATHERS DISTILLERY LLC,self,ttb-name-state,high,,https://www.ttb.gov/public-information/foia/list-of-permittees,"jaccard 1.00 via owner; premises Jacksonville, FL; list of 2026-09-20"
four-fights-distilling,Four Fights Distilling,United States,ttb-basic-permit,NY-S-20062,FOUR FIGHTS DISTILLING LLC,self,ttb-name-state,high,,https://www.ttb.gov/public-information/foia/list-of-permittees,"jaccard 1.00 via operating; premises Rochester, NY; dba Four Fights Distilling; pin has no address, matched nationwide; list of 2026-09-20"
four-finger-distillery-lebanon,Four Finger Distillery Lebanon,United States,ttb-basic-permit,IN-S-20016,12-05 DISTILLERY LLC,operator,ttb-name-state,medium,,https://www.ttb.gov/public-information/foia/list-of-permittees,"jaccard 0.77 via operating; premises Lebanon, IN; dba Four Finger Distillery; list of 2026-09-20"
four-hounds-distilling,Four Hounds Distilling,United States,ttb-basic-permit,NC-S-20094,"FOUR HOUNDS DISTILLING, LLC",self,ttb-name-state,high,,https://www.ttb.gov/public-information/foia/list-of-permittees,"jaccard 1.00 via owner; premises Carolina Beach, NC; list of 2026-09-20"
four-roses-distillery,Four Roses Distillery,United States,ttb-basic-permit,KY-S-47,FOUR ROSES DISTILLERY LLC,self,ttb-name-state,high,,https://www.ttb.gov/public-information/foia/list-of-permittees,"jaccard 1.00 via owner; premises Lawrenceburg, KY; pin has no address, matched nationwide; list of 2026-09-20"
frank-lin-distillers-products-ltd,"Frank-Lin Distillers Products, Ltd.",United States,ttb-basic-permit,CA-S-117,"FRANK-LIN DISTILLERS PRODUCTS, LTD.",self,ttb-name-state,high,,https://www.ttb.gov/public-information/foia/list-of-permittees,"jaccard 1.00 via owner; premises Fairfield, CA; list of 2026-09-20"
fraser-valley-distilling,Fraser Valley Distilling,United States,ttb-basic-permit,CO-S-20098,"FRASER VALLEY DISTILLING COMPANY, LLC",self,ttb-name-state,high,,https://www.ttb.gov/public-information/foia/list-of-permittees,"jaccard 1.00 via operating; premises Fraser, CO; dba Fraser Valley Distilling; list of 2026-09-20"
frazier-creek-brewing-distilling-co,Frazier Creek Brewing & Distilling Co,United States,ttb-basic-permit,FL-S-20154,"TREASURE COAST BREWING & DISTILLING, LLC",operator,ttb-name-state,high,,https://www.ttb.gov/public-information/foia/list-of-permittees,"jaccard 1.00 via operating; premises Stuart, FL; dba Frazier Creek Brewing & Distilling Company; list of 2026-09-20"
freeland-spirits,Freeland Spirits,United States,ttb-basic-permit,OR-S-20057,FREELAND SPIRITS LLC,self,ttb-name-state,high,,https://www.ttb.gov/public-information/foia/list-of-permittees,"jaccard 1.00 via operating; premises Portland, OR; dba Freeland Spirits; list of 2026-09-20"
french-distillers-alchemists-llc,"French Distillers & Alchemists, LLC",United States,ttb-basic-permit,NY-S-20064,"FRENCH DISTILLERS & ALCHEMISTS, LLC",self,ttb-name-state,high,,https://www.ttb.gov/public-information/foia/list-of-permittees,"jaccard 1.00 via owner; premises Lisle, NY; list of 2026-09-20"
fresh-bourbon-distillery,Fresh Bourbon Distillery,United States,ttb-basic-permit,KY-S-20110,"FRESH BOURBON, LLC",self,ttb-name-state,high,,https://www.ttb.gov/public-information/foia/list-of-permittees,"jaccard 1.00 via owner; premises Lexington, KY; list of 2026-09-20"
frey-ranch,Frey Ranch,United States,ttb-basic-permit,NV-S-15003,"CHURCHILL VINEYARDS, LLC",operator,ttb-name-state,high,,https://www.ttb.gov/public-information/foia/list-of-permittees,"jaccard 1.00 via operating; premises Fallon, NV; dba FREY RANCH ESTATE DISTILLERY; list of 2026-09-20"
friendship-brewing-distilling-company,Friendship Brewing & Distilling Company,United States,ttb-basic-permit,MO-S-20117,"FRIENDSHIP BREWING COMPANY, LLC",self,ttb-name-state,high,,https://www.ttb.gov/public-information/foia/list-of-permittees,"jaccard 1.00 via owner; premises Flint Hill, MO; list of 2026-09-20"
front-porch-distillery,Front Porch Distillery,United States,ttb-basic-permit,TX-S-20077,CIBOLO CREEK RESOURCES CORP. D/B/A FRONT PORCH DISTILLERY,self,ttb-name-state,high,,https://www.ttb.gov/public-information/foia/list-of-permittees,"jaccard 1.00 via operating; premises Nacogdoches, TX; dba Front Porch Distillery; list of 2026-09-20"
fruitcraft-winery-distillery-event-venue,"FruitCraft - Winery, Distillery & Event Venue",United States,ttb-basic-permit,CA-S-20566,CALIFORNIA FRUIT WINE CORP.,operator,ttb-name-state,medium,,https://www.ttb.gov/public-information/foia/list-of-permittees,"jaccard 0.60 via operating; premises San Diego, CA; dba FruitCraft; list of 2026-09-20"
full-throttle-distillery,Full Throttle Distillery,United States,ttb-basic-permit,TN-S-20009,"FULL THROTTLE SLOON SHINE, LLC",self,ttb-name-state,medium,,https://www.ttb.gov/public-information/foia/list-of-permittees,"jaccard 0.60 via owner; premises Trimble, TN; list of 2026-09-20"
full-throttle-distillery-grill-smokehouse,Full Throttle Distillery Grill & SmokeHouse,United States,ttb-basic-permit,MO-S-20123,"FTD BRANSON, LLC",operator,ttb-name-state,medium,,https://www.ttb.gov/public-information/foia/list-of-permittees,"jaccard 0.60 via operating; premises Branson, MO; dba Full Throttle Distillery; list of 2026-09-20"
galveston-distilling-co,Galveston Distilling Co,United States,ttb-basic-permit,TX-S-20276,GALVESTON DISTILLING CO LLC,self,ttb-name-state,high,,https://www.ttb.gov/public-information/foia/list-of-permittees,"jaccard 1.00 via owner; premises Galveston, TX; list of 2026-09-20"
gamblers-bay-distillery,Gamblers Bay Distillery,United States,ttb-basic-permit,FL-S-20091,GAMBLERS BAY DISTILLERY LLC,self,ttb-name-state,high,,https://www.ttb.gov/public-information/foia/list-of-permittees,"jaccard 1.00 via operating; premises Tampa, FL; dba Gamblers Bay Distillery; list of 2026-09-20"
garage-oil-distillery,Garage Oil Distillery,United States,ttb-basic-permit,TX-S-20320,"GARAGE OIL, LLC",self,ttb-name-state,high,,https://www.ttb.gov/public-information/foia/list-of-permittees,"jaccard 1.00 via operating; premises Rockdale, TX; dba Garage Oil Distillery; list of 2026-09-20"
garden-state-distillery,Garden State Distillery,United States,ttb-basic-permit,NJ-S-20049,GARDEN STATE DISTILLERY LLC,self,ttb-name-state,high,,https://www.ttb.gov/public-information/foia/list-of-permittees,"jaccard 1.00 via operating; premises Brick, NJ; dba Garden State Distillery; pin has no address, matched nationwide; list of 2026-09-20"
garrison-brothers-distillery,Garrison Brothers Distillery,United States,ttb-basic-permit,TX-S-15006,"LONE STAR DISTILLERY, LLC",operator,ttb-name-state,high,,https://www.ttb.gov/public-information/foia/list-of-permittees,"jaccard 1.00 via operating; premises Hye, TX; dba GARRISON BROTHERS DISTILLERY; pin has no address, matched nationwide; list of 2026-09-20"
gasparilla-distillery-cocktail-bar,Gasparilla Distillery & Cocktail Bar,United States,ttb-basic-permit,FL-S-20046,"TAMPA BAY RUM COMPANY, LLC",operator,ttb-premises,medium,,https://www.ttb.gov/public-information/foia/list-of-permittees,"same premises: 2102 E 4Th Ave, Tampa 33605, street overlap 1.00, name overlap 0.00; list of 2026-09-20"
general-george-stillhouse,General George Stillhouse,United States,ttb-basic-permit,KY-S-20113,GENERAL GEORGE STILLHOUSE LIMITED LIABILITY COMPANY,self,ttb-name-state,high,,https://www.ttb.gov/public-information/foia/list-of-permittees,"jaccard 1.00 via operating; premises Falls Of Rough, KY; dba General George Stillhouse; list of 2026-09-20"
geneva-lake-distilling-winery,Geneva Lake Distilling + Winery,United States,ttb-basic-permit,WI-S-20044,JACKSON WINE LLC,operator,ttb-name-state,high,,https://www.ttb.gov/public-information/foia/list-of-permittees,"jaccard 1.00 via operating; premises Lake Geneva, WI; dba Geneva Lake Distilling; list of 2026-09-20"
genius-liquids-distillery,Genius Liquids Distillery,United States,ttb-basic-permit,TX-S-20004,"GENIUS LIQUIDS, LLC",self,ttb-name-state,high,,https://www.ttb.gov/public-information/foia/list-of-permittees,"jaccard 1.00 via owner; premises Bastrop, TX; dba Genius Distiller; list of 2026-09-20"
george-dickel,George Dickel,United States,ttb-basic-permit,TN-S-15003,"DIAGEO AMERICAS SUPPLY, INC.",operator,ttb-premises,medium,,https://www.ttb.gov/public-information/foia/list-of-permittees,"same premises: 1950 Cascade Hollow Rd, Tullahoma 37388, street overlap 1.00, name overlap 0.00; dba CASCADE HOLLOW DISTILLING CO.; list of 2026-09-20"
georgetown-distillery-restaurant,Georgetown Distillery & Restaurant,United States,ttb-basic-permit,CA-S-20321,GEORGETOWN DISTILLERY LLC,self,ttb-name-state,high,,https://www.ttb.gov/public-information/foia/list-of-permittees,"jaccard 1.00 via owner; premises Georgetown, CA; list of 2026-09-20"
gia-distillery,GIA Distillery,United States,ttb-basic-permit,NC-S-20065,"GIA DISTILLERY, INC",self,ttb-name-state,medium,,https://www.ttb.gov/public-information/foia/list-of-permittees,"jaccard 1.00 via owner; premises Madison, NC; list of 2026-09-20"
glacial-lakes-distillery-llc,"Glacial Lakes Distillery, LLC",United States,ttb-basic-permit,SD-S-20002,"GLACIAL LAKES DISTILLERY, LLC",self,ttb-name-state,high,,https://www.ttb.gov/public-information/foia/list-of-permittees,"jaccard 1.00 via owner; premises Watertown, SD; list of 2026-09-20"
glacier-45-distillery,GLACIER 45 DISTILLERY,United States,ttb-basic-permit,OR-S-20041,GLACIER45 LLC,operator,ttb-premises,medium,,https://www.ttb.gov/public-information/foia/list-of-permittees,"same premises: 1901 Main St, Baker City 97814, street overlap 1.00, name overlap 0.00; dba Glacier45 Distillery; list of 2026-09-20"
glacier-distilling-company,Glacier Distilling Company,United States,ttb-basic-permit,MT-S-15009,"GLACIER DISTILLING, LLC",self,ttb-name-state,high,,https://www.ttb.gov/public-information/foia/list-of-permittees,"jaccard 1.00 via operating; premises Coram, MT; dba Glacier Distilling Company; list of 2026-09-20"
glenn-s-creek-distilling,Glenn's Creek Distilling,United States,ttb-basic-permit,KY-S-20017,"GLENNS CREEK DISTILLING, LLC",self,ttb-name-state,high,,https://www.ttb.gov/public-information/foia/list-of-permittees,"jaccard 1.00 via owner; premises Frankfort, KY; list of 2026-09-20"
glenpharmer-distillery,GlenPharmer Distillery,United States,ttb-basic-permit,MA-S-20037,"GLENPHARMER DISTILLERY, LLC",self,ttb-name-state,high,,https://www.ttb.gov/public-information/foia/list-of-permittees,"jaccard 1.00 via owner; premises Franklin, MA; list of 2026-09-20"
glens-falls-distillery,Glens falls distillery,United States,ttb-basic-permit,NY-S-20081,NORTHEAST CRAFT SPIRITS LLC,operator,ttb-name-state,high,,https://www.ttb.gov/public-information/foia/list-of-permittees,"jaccard 1.00 via operating; premises Glens Falls, NY; dba Glens Falls Distillery; list of 2026-09-20"
gobbler-springs-distillery,Gobbler Springs Distillery,United States,ttb-basic-permit,TN-S-20046,"GOBBLER SPRINGS DISTILLERY, LLC",self,ttb-name-state,high,,https://www.ttb.gov/public-information/foia/list-of-permittees,"jaccard 1.00 via operating; premises Lawrenceburg, TN; dba Gobbler Springs Distillery, LLC; list of 2026-09-20"
gold-dirt-distillery,Gold Dirt Distillery,United States,ttb-basic-permit,CO-S-20104,"REMUS SPIRITS, LLC",operator,ttb-name-state,high,,https://www.ttb.gov/public-information/foia/list-of-permittees,"jaccard 1.00 via operating; premises Rollinsville, CO; dba Gold Dirt Distillery; list of 2026-09-20"
golden-beaver-distillery,Golden Beaver Distillery,United States,ttb-basic-permit,CA-S-20291,GOLDEN BEAVER DISTILLERY INC.,self,ttb-name-state,high,,https://www.ttb.gov/public-information/foia/list-of-permittees,"jaccard 1.00 via operating; premises Chico, CA; dba Golden Beaver Distillery; list of 2026-09-20"
golden-beaver-distillery-park-ave-still-house,Golden Beaver Distillery - Park Ave Still House,United States,ttb-basic-permit,CA-S-20291,GOLDEN BEAVER DISTILLERY INC.,self,ttb-name-state,medium,,https://www.ttb.gov/public-information/foia/list-of-permittees,"jaccard 0.60 via operating; premises Chico, CA; dba Golden Beaver Distillery; list of 2026-09-20"
golden-moon-distillery,Golden Moon Distillery,United States,ttb-basic-permit,CO-S-20003,"MAISON DE LA VIE, LTD.",operator,ttb-name-state,high,,https://www.ttb.gov/public-information/foia/list-of-permittees,"jaccard 1.00 via operating; premises Golden, CO; dba Golden Moon Distillery; list of 2026-09-20"
golden-pond-distilleries-inc,"Golden Pond Distilleries, Inc.",United States,ttb-basic-permit,KY-S-20116,"GOLDEN POND DISTILLERIES, INC",self,ttb-name-state,high,,https://www.ttb.gov/public-information/foia/list-of-permittees,"jaccard 1.00 via operating; premises Cadiz, KY; dba Golden Pond Distilleries; list of 2026-09-20"
goldsliquorsdistillery,Gold’sLiquorsDistillery,United States,ttb-basic-permit,FL-S-20183,GOLD'S LIQUORS LLC,operator,ttb-premises,medium,,https://www.ttb.gov/public-information/foia/list-of-permittees,"same premises: 720 Wesley Ave Unit 11, Tarpon Springs 34689, street overlap 1.00, name overlap 0.00; dba Gold's Liquors; list of 2026-09-20"
gompers-distillery-and-speakeasy,Gompers Distillery and Speakeasy,United States,ttb-basic-permit,OR-S-20077,"GOMPERS GIN, LLC",self,ttb-name-state,medium,,https://www.ttb.gov/public-information/foia/list-of-permittees,"jaccard 0.60 via operating; premises Redmond, OR; dba Gompers Distillery; list of 2026-09-20"
good-liquid-distilling-company,Good Liquid Distilling Company,United States,ttb-basic-permit,FL-S-20134,"GL DISTILLERY LWR, LLC",operator,ttb-name-state,high,,https://www.ttb.gov/public-information/foia/list-of-permittees,"jaccard 1.00 via operating; premises Sarasota, FL; dba Good Liquid Distillery; list of 2026-09-20"
good-shepherd-distillery,Good Shepherd Distillery,United States,ttb-basic-permit,NY-S-20194,GOOD SHEPHERD DISTILLERY LLC,self,ttb-name-state,high,,https://www.ttb.gov/public-information/foia/list-of-permittees,"jaccard 1.00 via owner; premises Mamaroneck, NY; dba Sound Shore Distillery; pin has no address, matched nationwide; list of 2026-09-20"
gorget-distilling-co,Gorget Distilling Co.,United States,ttb-basic-permit,SC-S-20024,"GORGET DISTILLING CO.,",self,ttb-name-state,high,,https://www.ttb.gov/public-information/foia/list-of-permittees,"jaccard 1.00 via operating; premises Lugoff, SC; dba Gorget Distilling; list of 2026-09-20"
grain-vine-craft-distillery,Grain + Vine Craft Distillery,United States,ttb-basic-permit,CA-S-20410,"GREY WOLF VINEYARDS & CELLARS, INC.",operator,ttb-name-state,high,,https://www.ttb.gov/public-information/foia/list-of-permittees,"jaccard 1.00 via operating; premises Paso Robles, CA; dba Grain and Vine; list of 2026-09-20"
grand-teton-distillery,Grand Teton Distillery,United States,ttb-basic-permit,ID-S-20001,"GRAND TETON VODKA, INC.",self,ttb-name-state,high,,https://www.ttb.gov/public-information/foia/list-of-permittees,"jaccard 1.00 via owner; premises Driggs, ID; list of 2026-09-20"
grand-traverse-distillery,Grand Traverse Distillery,United States,ttb-basic-permit,MI-S-15003,"GRAND TRAVERSE DISTILLERY, L.L.C.",self,ttb-name-state,high,,https://www.ttb.gov/public-information/foia/list-of-permittees,"jaccard 1.00 via operating; premises Traverse City, MI; dba GRAND TRAVERSE DISTILLERY; list of 2026-09-20"
grandaddy-mimm-s-distilling-co-the-co-op,"Grandaddy Mimm's Distilling Co. ""The Co-Op""",United States,ttb-basic-permit,GA-S-20012,"GRANDADDY MIMMS, LLC",self,ttb-name-state,medium,,https://www.ttb.gov/public-information/foia/list-of-permittees,"jaccard 0.77 via operating; premises Blairsville, GA; dba Grandaddy Mimm's Distilling Co.; list of 2026-09-20"
grandaddy-mimm-s-distilling-co-the-garage,"Grandaddy Mimm's Distilling Co. ""The Garage""",United States,ttb-basic-permit,GA-S-20129,"GRANDADDY MIMMS, LLC",self,ttb-name-state,medium,,https://www.ttb.gov/public-information/foia/list-of-permittees,"jaccard 0.77 via operating; premises Dawsonville, GA; dba Grandaddy Mimm's Distilling Co.; list of 2026-09-20"
granite-mountain-distillery,Granite Mountain Distillery,United States,ttb-basic-permit,GA-S-20112,GRANITE MOUNTAIN CRAFT DISTILLERY LLC,self,ttb-name-state,high,,https://www.ttb.gov/public-information/foia/list-of-permittees,"jaccard 1.00 via operating; premises Stone Mountain, GA; dba Granite Mountain Craft Distillery LLC; list of 2026-09-20"
graybeard-distillery,Graybeard Distillery,United States,ttb-basic-permit,NC-S-20054,"GRAYBEARD DISTILLERY, INC.",self,ttb-name-state,high,,https://www.ttb.gov/public-information/foia/list-of-permittees,"jaccard 1.00 via owner; premises Durham, NC; pin has no address, matched nationwide; list of 2026-09-20"
great-jones-distilling-co,Great Jones Distilling Co,United States,ttb-basic-permit,NY-S-20134,"GREAT JONES DISTILLERS, LLC",self,ttb-name-state,high,,https://www.ttb.gov/public-information/foia/list-of-permittees,"jaccard 1.00 via operating; premises New York, NY; dba The Great Jones Distillery; list of 2026-09-20"
great-lakes-bay-distillery,Great Lakes Bay Distillery,United States,ttb-basic-permit,MI-S-20264,GREAT LAKES BAY DISTILLERY LLC,self,ttb-name-state,high,,https://www.ttb.gov/public-information/foia/list-of-permittees,"jaccard 1.00 via owner; premises Sterling, MI; list of 2026-09-20"
great-northern-distilling,Great Northern Distilling,United States,ttb-basic-permit,WI-S-20007,"DISTILLERY PARTNERS, LLC",operator,ttb-name-state,high,,https://www.ttb.gov/public-information/foia/list-of-permittees,"jaccard 1.00 via operating; premises Stevens Point, WI; dba Great Northern Distilling; list of 2026-09-20"
great-plains-distillery,Great Plains Distillery,United States,ttb-basic-permit,NE-S-20006,"GREAT PLAINS DISTILLERY, L.L.C.",self,ttb-name-state,high,,https://www.ttb.gov/public-information/foia/list-of-permittees,"jaccard 1.00 via operating; premises Scottsbluff, NE; dba great plains distillery; list of 2026-09-20"
great-wagon-road-distillery-waxhaw,Great Wagon Road Distillery Waxhaw,United States,ttb-basic-permit,NC-S-20129,HIBERNIA DISTILLING COMPANY LLC,operator,ttb-name-state,high,,https://www.ttb.gov/public-information/foia/list-of-permittees,"jaccard 0.85 via operating; premises Waxhaw, NC; dba Great Wagon Road Distilling Company; list of 2026-09-20"
great-wagon-road-distilling-company,Great Wagon Road Distilling Company,United States,ttb-basic-permit,NC-S-20090,HIBERNIA DISTILLING COMPANY LLC,operator,ttb-name-state,high,,https://www.ttb.gov/public-information/foia/list-of-permittees,"jaccard 1.00 via operating; premises Concord, NC; dba Great Wagon Road Distilling Company; list of 2026-09-20"
green-frog-distillery,Green Frog Distillery,United States,ttb-basic-permit,IA-S-15014,GREEN FROG DISTILLERY LLC,self,ttb-name-state,high,,https://www.ttb.gov/public-information/foia/list-of-permittees,"jaccard 1.00 via owner; premises Keokuk, IA; dba greenfrog distillery l.l.c.; list of 2026-09-20"
green-mountain-distillers,Green Mountain Distillers,United States,ttb-basic-permit,VT-S-20013,DALMATION SPIRITS LLC,operator,ttb-name-state,high,,https://www.ttb.gov/public-information/foia/list-of-permittees,"jaccard 1.00 via operating; premises Brandon, VT; dba Green Mountain Spirits; list of 2026-09-20"
greenbar-distillery,Greenbar Distillery,United States,ttb-basic-permit,CA-S-15002,MODERN SPIRITS LLC,operator,ttb-name-state,high,,https://www.ttb.gov/public-information/foia/list-of-permittees,"jaccard 1.00 via operating; premises Los Angeles, CA; dba GREENBAR DISTILLERY; list of 2026-09-20"
greenhook-ginsmiths,Greenhook Ginsmiths,United States,ttb-basic-permit,NY-S-15043,GREEN FARMS II LLC,operator,ttb-premises,medium,,https://www.ttb.gov/public-information/foia/list-of-permittees,"same premises: 208 Dupont St, Brooklyn 11222, street overlap 1.00, name overlap 0.00; list of 2026-09-20"
grey-matter-distillery,Grey Matter Distillery,United States,ttb-basic-permit,FL-S-20025,"GREY MATTER DISTILLERY, LLC",self,ttb-name-state,high,,https://www.ttb.gov/public-information/foia/list-of-permittees,"jaccard 1.00 via operating; premises Atlantic Beach, FL; dba Grey Matter Distillery; list of 2026-09-20"
griffo-distillery,Griffo Distillery,United States,ttb-basic-permit,CA-S-20053,GRIFFO DISTILLERY LLC,self,ttb-name-state,high,,https://www.ttb.gov/public-information/foia/list-of-permittees,"jaccard 1.00 via operating; premises Petaluma, CA; dba Griffo Distillery; list of 2026-09-20"
gristmill-distillers-inc,"Gristmill distillers, inc.",United States,ttb-basic-permit,NY-S-20038,"GRISTMILL DISTILLERS, INC.",self,ttb-name-state,high,,https://www.ttb.gov/public-information/foia/list-of-permittees,"jaccard 1.00 via owner; premises Keene, NY; list of 2026-09-20"
grumpy-goat-distillery,Grumpy Goat Distillery,United States,ttb-basic-permit,PA-S-20128,"GRUMPY GOAT DISTILLERY, LLC",self,ttb-name-state,high,,https://www.ttb.gov/public-information/foia/list-of-permittees,"jaccard 1.00 via operating; premises Franklin, PA; dba Grumpy Goat Distillery; list of 2026-09-20"
gulch-distillers,Gulch Distillers,United States,ttb-basic-permit,MT-S-20003,"TEN MILE DISTILLING, LLC",operator,ttb-name-state,medium,,https://www.ttb.gov/public-information/foia/list-of-permittees,"jaccard 1.00 via operating; premises Helena, MT; dba Gulch Distillers; list of 2026-09-20"
gull-lake-distilling-co,Gull Lake Distilling Co.,United States,ttb-basic-permit,MI-S-20125,GULL LAKE DISTILLING COMPANY LLC,self,ttb-name-state,high,,https://www.ttb.gov/public-information/foia/list-of-permittees,"jaccard 1.00 via owner; premises Galesburg, MI; list of 2026-09-20"
gunpowder-creek-distillers,Gunpowder Creek Distillers,United States,ttb-basic-permit,NC-S-20052,"GUNPOWDER CREEK DISTILLERS, LLC",self,ttb-name-state,high,,https://www.ttb.gov/public-information/foia/list-of-permittees,"jaccard 1.00 via operating; premises Hickory, NC; dba Gunpowder Creek Distillers; list of 2026-09-20"
gutter-bound-distillery,Gutter Bound Distillery,United States,ttb-basic-permit,TN-S-20076,GUTTER BOUND DISTILLERY LLC,self,ttb-name-state,high,,https://www.ttb.gov/public-information/foia/list-of-permittees,"jaccard 1.00 via operating; premises Hurricane Mills, TN; dba Gutter Bound Distillery; list of 2026-09-20"
gypsy-distillery,Gypsy Distillery,United States,ttb-basic-permit,MI-S-20078,HIGH FIVE SPIRITS LLC,operator,ttb-name-state,medium,,https://www.ttb.gov/public-information/foia/list-of-permittees,"jaccard 1.00 via operating; premises Petoskey, MI; dba Gypsy Vodka; list of 2026-09-20"
haberdasher-artisan-distillery,Haberdasher Artisan Distillery,United States,ttb-basic-permit,IN-S-20048,"BEMIS DISTILLERS, LLC",operator,ttb-name-state,high,,https://www.ttb.gov/public-information/foia/list-of-permittees,"jaccard 1.00 via operating; premises Franklin, IN; dba Haberdasher Artisan Distillery; list of 2026-09-20"
half-moon-bay-distillery,Half Moon Bay Distillery,United States,ttb-basic-permit,CA-S-20407,"JAYDOUR, LLC",operator,ttb-name-state,high,,https://www.ttb.gov/public-information/foia/list-of-permittees,"jaccard 1.00 via operating; premises Half Moon Bay, CA; dba Half Moon Bay Distillery; list of 2026-09-20"
hampshire-hills-distillery,Hampshire Hills Distillery,United States,ttb-basic-permit,TN-S-20136,HAMPSHIRE HILLS DISTILLERY LLC,self,ttb-name-state,high,,https://www.ttb.gov/public-information/foia/list-of-permittees,"jaccard 1.00 via operating; premises Hampshire, TN; dba Hampshire Hills Distillery; list of 2026-09-20"
handen-distillery,Handen Distillery,United States,ttb-basic-permit,WI-S-20026,"JKLM DISTILLING PARTNERS, LLC",operator,ttb-name-state,high,,https://www.ttb.gov/public-information/foia/list-of-permittees,"jaccard 1.00 via operating; premises Cedarburg, WI; dba Händen Distillery; list of 2026-09-20"
hangar-13-distillery,Hangar 13 Distillery,United States,ttb-basic-permit,TN-S-20163,"HANGAR 13 DISTILLERY, LLC",self,ttb-name-state,high,,https://www.ttb.gov/public-information/foia/list-of-permittees,"jaccard 1.00 via operating; premises Ashland City, TN; dba Hangar 13 Distillery; list of 2026-09-20"
hanson-of-sonoma-distillery,Hanson of Sonoma Distillery,United States,ttb-basic-permit,CA-S-20023,"HANSON SPIRITS, LLC",self,ttb-name-state,medium,,https://www.ttb.gov/public-information/foia/list-of-permittees,"jaccard 0.60 via operating; premises Sonoma, CA; dba Hanson Spirits, LLC; list of 2026-09-20"
hard-truth-distilling-co,Hard Truth Distilling Co.,United States,ttb-basic-permit,IN-S-20088,HARD TRUTH DISTILLING COMPANY LLC,self,ttb-name-state,high,,https://www.ttb.gov/public-information/foia/list-of-permittees,"jaccard 1.00 via operating; premises Columbus, IN; dba Hard Truth Distilling Company; list of 2026-09-20"
hardscoop-distillery-winery,Hardscoop Distillery & Winery,United States,ttb-basic-permit,SC-S-20029,"HARDSCOOP, INC",self,ttb-name-state,high,,https://www.ttb.gov/public-information/foia/list-of-permittees,"jaccard 1.00 via operating; premises Charleston, SC; dba Hardscoop Distillery; list of 2026-09-20"
hartfield-co,Hartfield & Co.,United States,ttb-basic-permit,KY-S-20018,BUCHANAN GRIGGS INC.,operator,ttb-name-state,high,,https://www.ttb.gov/public-information/foia/list-of-permittees,"jaccard 1.00 via operating; premises Paris, KY; dba Hartfield & Co.; list of 2026-09-20"
hartford-flavor-company-distillery,Hartford Flavor Company Distillery,United States,ttb-basic-permit,CT-S-20007,HARTFORD FLAVOR COMPANY,self,ttb-name-state,high,,https://www.ttb.gov/public-information/foia/list-of-permittees,"jaccard 1.00 via owner; premises Hartford, CT; dba Wild Elixirs; list of 2026-09-20"
hartman-s-distilling-co,Hartman's Distilling Co.,United States,ttb-basic-permit,NY-S-20167,"GILDED BUFFALO, LLC",operator,ttb-name-state,high,,https://www.ttb.gov/public-information/foia/list-of-permittees,"jaccard 1.00 via operating; premises Buffalo, NY; dba Hartman's Distilling Co.; list of 2026-09-20"
harvest-spirits-farm-distillery,Harvest Spirits Farm Distillery,United States,ttb-basic-permit,NY-S-15010,"HARVEST SPIRITS, LLC",self,ttb-name-state,high,,https://www.ttb.gov/public-information/foia/list-of-permittees,"jaccard 1.00 via operating; premises Valatie, NY; dba Harvest Spirits; list of 2026-09-20"
hatch-distilling-co,Hatch Distilling Co.,United States,ttb-basic-permit,WI-S-20036,HICKORY VIEW DISTILLERY LLC,operator,ttb-name-state,medium,,https://www.ttb.gov/public-information/foia/list-of-permittees,"jaccard 1.00 via operating; premises Egg Harbor, WI; dba Hatch Distilling Company; list of 2026-09-20"
hatfield-family-distillery,Hatfield Family Distillery,United States,ttb-basic-permit,WV-S-20013,"THE SWEETER SIDE OF THE FEUD, INC.",operator,ttb-premises,medium,,https://www.ttb.gov/public-information/foia/list-of-permittees,"same premises: 224 Haines Branch Rd, Charleston 25320, street overlap 1.00, name overlap 0.00; dba The Sweeter Side of the Fued Spirits; list of 2026-09-20"
hatfield-sons-distillery,Hatfield & Sons Distillery,United States,ttb-basic-permit,IN-S-20059,"HATFIELD & SONS, LLC",self,ttb-name-state,high,,https://www.ttb.gov/public-information/foia/list-of-permittees,"jaccard 1.00 via owner; premises Fort Wayne, IN; list of 2026-09-20"
hawk-mountain-distillery,Hawk Mountain Distillery,United States,ttb-basic-permit,PA-S-20140,SPITZENBURG CIDER HOUSE LLC,operator,ttb-name-state,high,,https://www.ttb.gov/public-information/foia/list-of-permittees,"jaccard 1.00 via operating; premises Breinigsville, PA; dba Hawk Mountain Distillery; list of 2026-09-20"
hazard-s-distillery,Hazard's Distillery,United States,ttb-basic-permit,PA-S-20060,"HAZARD'S DISTILLERY, INC.",self,ttb-name-state,high,,https://www.ttb.gov/public-information/foia/list-of-permittees,"jaccard 1.00 via owner; premises Miffintown, PA; list of 2026-09-20"
heads-tails-distillery,Heads & Tails Distillery,United States,ttb-basic-permit,ID-S-20023,"NA TRI MADRAI, LLC",operator,ttb-name-state,high,,https://www.ttb.gov/public-information/foia/list-of-permittees,"jaccard 1.00 via operating; premises Idaho Falls, ID; dba Heads & Tails Spirits; list of 2026-09-20"
heart-of-the-mitten-distillery,Heart of the Mitten Distillery,United States,ttb-basic-permit,MI-S-20270,TODD STEPHEN LOCICERO,self,ttb-name-state,high,,https://www.ttb.gov/public-information/foia/list-of-permittees,"jaccard 1.00 via operating; premises Mt Pleasant, MI; dba Heart of the Mitten Distillery; owner is an individual; list of 2026-09-20"
heathermeade-distilling,Heathermeade Distilling,United States,ttb-basic-permit,NJ-S-20012,HEATHERMEADE DISTILLING LLC,self,ttb-name-state,high,,https://www.ttb.gov/public-information/foia/list-of-permittees,"jaccard 1.00 via owner; premises Kenilworth, NJ; list of 2026-09-20"
heaven-hill,Heaven Hill,United States,ttb-basic-permit,KY-S-779,"HEAVEN HILL DISTILLERIES, INC.",self,ttb-name-state,high,,https://www.ttb.gov/public-information/foia/list-of-permittees,"jaccard 1.00 via owner; premises Louisville, KY; list of 2026-09-20"
heaven-hill-springs-distillery,Heaven Hill Springs Distillery,United States,ttb-basic-permit,KY-S-85,"HEAVEN HILL DISTILLERIES, INC.",self,ttb-name-state,medium,,https://www.ttb.gov/public-information/foia/list-of-permittees,"jaccard 0.77 via owner; premises Bardstown, KY; list of 2026-09-20"
heaven-s-door-distillery,Heaven's Door Distillery,United States,ttb-basic-permit,KY-S-20046,PATRIOT BRANDS LLC,operator,ttb-premises,medium,,https://www.ttb.gov/public-information/foia/list-of-permittees,"same premises: 12606 Castle Hwy, Pleasureville 40057, street overlap 1.00, name overlap 0.00; dba Six Mile Creek Distillery; list of 2026-09-20"
hemingway-distillery,Hemingway Distillery,United States,ttb-basic-permit,FL-S-20057,"HEMINGWAY RUM COMPANY, LLC",self,ttb-name-state,high,,https://www.ttb.gov/public-information/foia/list-of-permittees,"jaccard 1.00 via owner; premises Lakeland, FL; dba Hemingway Signature Spirits Collection; list of 2026-09-20"
heritage-distilling-company,Heritage Distilling Company,United States,ttb-basic-permit,OR-S-20037,"HERITAGE DISTILLING COMPANY, INC.",self,ttb-name-state,high,,https://www.ttb.gov/public-information/foia/list-of-permittees,"jaccard 1.00 via operating; premises Eugene, OR; dba Heritage Distilling Company, Inc.; pin has no address, matched nationwide; list of 2026-09-20"
herman-marshall-distillery,Herman Marshall Distillery,United States,ttb-basic-permit,TX-S-20230,"DRY COUNTY DISTILLERIES, LLC",operator,ttb-premises,medium,,https://www.ttb.gov/public-information/foia/list-of-permittees,"same premises: 703 N Hwy 78 Dr, Wylie 75098, street overlap 0.50, name overlap 0.00; list of 2026-09-20"
hewn-spirits-distillery,Hewn Spirits Distillery,United States,ttb-basic-permit,PA-S-20009,HEWN SPIRITS LLC,self,ttb-name-state,low,,https://www.ttb.gov/public-information/foia/list-of-permittees,"jaccard 1.00 via owner; premises Pipersville, PA; list of 2026-09-20"
hidden-ships-distillery,Hidden Ships Distillery,United States,ttb-basic-permit,NC-S-20135,"HIDDEN SHIPS DISTILLERY, LLC",self,ttb-name-state,high,,https://www.ttb.gov/public-information/foia/list-of-permittees,"jaccard 1.00 via operating; premises Surf City, NC; dba Hidden Ships Distillery; list of 2026-09-20"
hideaway-distillery,Hideaway Distillery,United States,ttb-basic-permit,OR-S-20052,"HIDEAWAY DISTILLERY, LLC",self,ttb-name-state,high,,https://www.ttb.gov/public-information/foia/list-of-permittees,"jaccard 1.00 via owner; premises Lebanon, OR; list of 2026-09-20"
high-bank-distillery-co,High Bank Distillery Co,United States,ttb-basic-permit,OH-S-20053,HIGH BANK DISTILLERY LLC,self,ttb-name-state,high,,https://www.ttb.gov/public-information/foia/list-of-permittees,"jaccard 1.00 via operating; premises Grandview Heights, OH; dba High Bank Distillery; list of 2026-09-20"
high-bank-distillery-co-gahanna,High Bank Distillery Co. Gahanna,United States,ttb-basic-permit,OH-S-20116,HIGH BANK DISTILLERY LLC,self,ttb-name-state,medium,,https://www.ttb.gov/public-information/foia/list-of-permittees,"jaccard 0.77 via operating; premises Gahanna, OH; dba High Bank Distillery; list of 2026-09-20"
high-bank-distillery-co-westerville,High Bank Distillery Co. Westerville,United States,ttb-basic-permit,OH-S-20139,HIGH BANK DISTILLERY LLC,self,ttb-name-state,medium,,https://www.ttb.gov/public-information/foia/list-of-permittees,"jaccard 0.77 via operating; premises Westerville, OH; dba High Bank Distillery; list of 2026-09-20"
high-mark-distillery-high-mark-barrel-house,High Mark Distillery /High Mark Barrel House,United States,ttb-basic-permit,NV-S-20025,"HIGH MARK DISTILLERY, INC.",self,ttb-name-state,high,,https://www.ttb.gov/public-information/foia/list-of-permittees,"jaccard 1.00 via operating; premises Reno, NV; dba High Mark Barrel House; list of 2026-09-20"
high-peaks-distilling-llc,High Peaks Distilling LLC,United States,ttb-basic-permit,NY-S-15058,HIGH PEAKS DISTILLING LLC,self,ttb-name-state,high,,https://www.ttb.gov/public-information/foia/list-of-permittees,"jaccard 1.00 via owner; premises Lake George, NY; list of 2026-09-20"
high-west-distillery,High West Distillery,United States,ttb-basic-permit,UT-S-15001,"HIGH WEST DISTILLERY, LLC",self,ttb-name-state,high,,https://www.ttb.gov/public-information/foia/list-of-permittees,"jaccard 1.00 via owner; premises Park City, UT; list of 2026-09-20"
high-wire-distilling,High Wire Distilling,United States,ttb-basic-permit,SC-S-20005,"COLONY CRAFT BEVERAGE COMPANY, LLC",operator,ttb-name-state,high,,https://www.ttb.gov/public-information/foia/list-of-permittees,"jaccard 1.00 via operating; premises Charleston, SC; dba High Wire Distilling Co.; list of 2026-09-20"
higher-ground-distilling,Higher Ground Distilling,United States,ttb-basic-permit,NY-S-20192,"HIGHER GROUND DISTILLING COMPANY, LLC",self,ttb-name-state,high,,https://www.ttb.gov/public-information/foia/list-of-permittees,"jaccard 1.00 via owner; premises Mayfield, NY; list of 2026-09-20"
highlands-distillery,Highlands Distillery,United States,ttb-basic-permit,CO-S-20064,BLU CELLAR DOOR LLC,operator,ttb-name-state,high,,https://www.ttb.gov/public-information/foia/list-of-permittees,"jaccard 1.00 via operating; premises Grand Junction, CO; dba Highlands Distillery; list of 2026-09-20"
highlands-distilling-company,Highlands Distilling Company,United States,ttb-basic-permit,VA-S-20068,"HIGHLANDS DISTILLING COMPANY, LLC",self,ttb-name-state,high,,https://www.ttb.gov/public-information/foia/list-of-permittees,"jaccard 1.00 via owner; premises Marion, VA; list of 2026-09-20"
highside-distilling,Highside Distilling,United States,ttb-basic-permit,WA-S-20115,"HIGHSIDE DISTILLING, LLC",self,ttb-name-state,high,,https://www.ttb.gov/public-information/foia/list-of-permittees,"jaccard 1.00 via owner; premises Bainbridge Island, WA; list of 2026-09-20"
highway-distillery,Highway Distillery,United States,ttb-basic-permit,TX-S-20096,"THE HIGHWAY DISTILLERY, LLC",self,ttb-name-state,high,,https://www.ttb.gov/public-information/foia/list-of-permittees,"jaccard 1.00 via operating; premises Houston, TX; dba THE HIGHWAY DISTILLERY, LLC; list of 2026-09-20"
hill-top-distillery,Hill Top Distillery,United States,ttb-basic-permit,VA-S-20067,"HILL TOP DISTILLERY, LLC",self,ttb-name-state,high,,https://www.ttb.gov/public-information/foia/list-of-permittees,"jaccard 1.00 via operating; premises Maidens, VA; dba Hill Top Distillery, LLC; list of 2026-09-20"
hillrock-estate-distillery,Hillrock Estate Distillery,United States,ttb-basic-permit,NY-S-15040,HILLROCK LLC,self,ttb-name-state,high,,https://www.ttb.gov/public-information/foia/list-of-permittees,"jaccard 1.00 via operating; premises Ancram, NY; dba HILLROCK FARM; list of 2026-09-20"
hilton-head-distillery,Hilton Head Distillery,United States,ttb-basic-permit,SC-S-20027,"HILTON HEAD DISTILLERY, LLC",self,ttb-name-state,high,,https://www.ttb.gov/public-information/foia/list-of-permittees,"jaccard 1.00 via operating; premises Hilton Head Island, SC; dba Hilton Head Distillery; list of 2026-09-20"
hinterhaus-distilling,Hinterhaus Distilling,United States,ttb-basic-permit,CA-S-20311,HINTERHAUS DISTILLING LLC,self,ttb-name-state,high,,https://www.ttb.gov/public-information/foia/list-of-permittees,"jaccard 1.00 via owner; premises Arnold, CA; list of 2026-09-20"
hochatown-distilling-company,Hochatown Distilling Company,United States,ttb-basic-permit,OK-S-20004,"HOCHATOWN DISTILLING COMPANY, LLC",self,ttb-name-state,high,,https://www.ttb.gov/public-information/foia/list-of-permittees,"jaccard 1.00 via owner; premises Broken Bow, OK; list of 2026-09-20"
hocking-hills-moonshine,Hocking Hills Moonshine,United States,ttb-basic-permit,OH-S-20026,"HOCKING HILLS MOONSHINE, LLC",self,ttb-name-state,high,,https://www.ttb.gov/public-information/foia/list-of-permittees,"jaccard 1.00 via owner; premises Logan, OH; list of 2026-09-20"
hogback-distillery-office,Hogback Distillery,United States,ttb-basic-permit,CO-S-20090,"NATAJACS, INC.",operator,ttb-name-state,high,,https://www.ttb.gov/public-information/foia/list-of-permittees,"jaccard 1.00 via operating; premises Boulder, CO; dba Hogback Distillery; list of 2026-09-20"
hognose-distilling,Hognose Distilling,United States,ttb-basic-permit,MD-S-20007,"LOUTHAN DISTILLING, LLC",operator,ttb-premises,medium,,https://www.ttb.gov/public-information/foia/list-of-permittees,"same premises: 4251 Harford Rd, Baltimore 21214, street overlap 1.00, name overlap 0.00; dba Louthan Distilling; list of 2026-09-20"
holla-distillery-factory-outlet,HOLLA Distillery Factory Outlet,United States,ttb-basic-permit,PA-S-20246,ALLOH DISTILLING LLC,operator,ttb-premises,medium,,https://www.ttb.gov/public-information/foia/list-of-permittees,"same premises: 1940 Bank Ln, York 17408, street overlap 1.00, name overlap 0.00; list of 2026-09-20"
hollerhorn-distilling,Hollerhorn Distilling,United States,ttb-basic-permit,NY-S-20159,HOLLERHORN DISTILLING LLC,self,ttb-name-state,high,,https://www.ttb.gov/public-information/foia/list-of-permittees,"jaccard 1.00 via owner; premises Naples, NY; list of 2026-09-20"
hollow-creek-distillery,Hollow Creek Distillery,United States,ttb-basic-permit,SC-S-20018,"HOLLOW CREEK DISTILLERY, LLC",self,ttb-name-state,high,,https://www.ttb.gov/public-information/foia/list-of-permittees,"jaccard 1.00 via owner; premises Leesville, SC; list of 2026-09-20"
hollywood-distillery-inc,Hollywood Distillery Inc.,United States,ttb-basic-permit,CA-S-20509,HOLLYWOOD DISTILLERY INC.,self,ttb-name-state,high,,https://www.ttb.gov/public-information/foia/list-of-permittees,"jaccard 1.00 via owner; premises Los Angeles, CA; list of 2026-09-20"
holman-distillery-open-by-appointment,Holman Distillery- OPEN by Appointment,United States,ttb-basic-permit,NC-S-20045,"HOLMAN DISTILLERY, LLC",operator,ttb-premises,medium,,https://www.ttb.gov/public-information/foia/list-of-permittees,"same premises: 385 Hose Rd, Moravian Falls 28654, street overlap 1.00, name overlap 0.25; dba Holman Distillery; list of 2026-09-20"
holy-ghost-distillery-inc,"Holy Ghost Distillery, Inc.",United States,ttb-basic-permit,PA-S-20136,"HOLY GHOST DISTILLERY, INC.",self,ttb-name-state,high,,https://www.ttb.gov/public-information/foia/list-of-permittees,"jaccard 1.00 via owner; premises White Haven, PA; list of 2026-09-20"
homosassa-distillery-brewing-company,Homosassa Distillery & Brewing Company,United States,ttb-basic-permit,FL-S-20173,HOMOSASSA DISTILLERY COMPANY LLC,self,ttb-name-state,high,,https://www.ttb.gov/public-information/foia/list-of-permittees,"jaccard 1.00 via operating; premises Homosassa, FL; dba Homosassa Distillery Company; list of 2026-09-20"
honey-house-distillery,Honey House Distillery,United States,ttb-basic-permit,CO-S-20007,HONEY HOUSE DISTILLERY,self,ttb-name-state,medium,,https://www.ttb.gov/public-information/foia/list-of-permittees,"jaccard 1.00 via owner; premises Durango, CO; owner is an individual; list of 2026-09-20"
hoochie-hooch-distillery,Hoochie Hooch Distillery,United States,ttb-basic-permit,AL-S-20049,"HOOCHIE HOOCH DISTILLERY, GP",self,ttb-name-state,high,,https://www.ttb.gov/public-information/foia/list-of-permittees,"jaccard 1.00 via operating; premises Dothan, AL; dba Hoochie Hooch Distillery; owner is an individual; list of 2026-09-20"
hood-crest-winery-and-distillers,Hood Crest Winery and Distillers,United States,ttb-basic-permit,OR-S-20075,"FORMULATION DESIGN, INC.",operator,ttb-name-state,high,,https://www.ttb.gov/public-information/foia/list-of-permittees,"jaccard 1.00 via operating; premises Hood River, OR; dba Hood Crest Distillers; list of 2026-09-20"
hood-river-distillers-inc,Hood River Distillers Inc,United States,ttb-basic-permit,OR-S-20053,"HOOD RIVER DISTILLERS, INC.",self,ttb-name-state,high,,https://www.ttb.gov/public-information/foia/list-of-permittees,"jaccard 1.00 via owner; premises Hood River, OR; list of 2026-09-20"
hood-river-distillers-tasting-room,Hood River Distillers Tasting Room,United States,ttb-basic-permit,OR-S-20053,"HOOD RIVER DISTILLERS, INC.",self,ttb-name-state,high,,https://www.ttb.gov/public-information/foia/list-of-permittees,"jaccard 1.00 via owner; premises Hood River, OR; list of 2026-09-20"
hook-flask-still-works,Hook & Flask Still Works,United States,ttb-basic-permit,PA-S-20117,HOOK & IRONS DISTILLERY LLC,operator,ttb-name-state,high,,https://www.ttb.gov/public-information/foia/list-of-permittees,"jaccard 1.00 via operating; premises Carlisle, PA; dba Hook & Flask Still Works; list of 2026-09-20"
hook-ladder-distillery,Hook & Ladder Distillery,United States,ttb-basic-permit,TN-S-20024,HOOK & LADDER DISTILLERY LLC,self,ttb-name-state,high,,https://www.ttb.gov/public-information/foia/list-of-permittees,"jaccard 1.00 via owner; premises Kingsport, TN; list of 2026-09-20"
hooker-mountain-farm-distillery,Hooker Mountain Farm & Distillery,United States,ttb-basic-permit,VT-S-20014,"HOOKER MOUNTAIN FARM, L3C",self,ttb-name-state,high,,https://www.ttb.gov/public-information/foia/list-of-permittees,"jaccard 1.00 via operating; premises Cabot, VT; dba Hooker Mountain Farm Distillery; owner is an individual; list of 2026-09-20"
hops-and-hardware-distillery,Hops and Hardware Distillery,United States,ttb-basic-permit,PA-S-20152,HOPS AND HARDWARE DISTILLERY LLC,self,ttb-name-state,high,,https://www.ttb.gov/public-information/foia/list-of-permittees,"jaccard 1.00 via operating; premises Bristol, PA; dba Hops and Hardware Distillery; list of 2026-09-20"
hot-springs-distilling-llc,Hot Springs Distilling LLC,United States,ttb-basic-permit,AR-S-20014,"HOT SPRINGS DISTILLING, LLC",self,ttb-name-state,high,,https://www.ttb.gov/public-information/foia/list-of-permittees,"jaccard 1.00 via owner; premises Hot Springs, AR; list of 2026-09-20"
house-of-applejay-distillery,House Of Applejay Distillery,United States,ttb-basic-permit,GA-S-20114,"HOUSE OF APPLEJAY, INC.",self,ttb-name-state,high,,https://www.ttb.gov/public-information/foia/list-of-permittees,"jaccard 1.00 via owner; premises East Ellijay, GA; list of 2026-09-20"
humboldt-distillery,Humboldt Distillery,United States,ttb-basic-permit,CA-S-20288,"REDWOOD SPIRITS, LLC",operator,ttb-name-state,high,,https://www.ttb.gov/public-information/foia/list-of-permittees,"jaccard 1.00 via operating; premises Fortuna, CA; dba Humboldt Distillery; list of 2026-09-20"
hungry-run-distillery,Hungry Run Distillery,United States,ttb-basic-permit,PA-S-20043,"HUNGRY RUN WINE & SPIRITS, LLC",self,ttb-name-state,high,,https://www.ttb.gov/public-information/foia/list-of-permittees,"jaccard 1.00 via operating; premises Lewistown, PA; dba Hungry Run Distillery DBA; list of 2026-09-20"
hunt-club-distillery-llc,"Hunt Club Distillery, LLC",United States,ttb-basic-permit,IN-S-20019,HUNT CLUB DISTILLERY LLC,self,ttb-name-state,high,,https://www.ttb.gov/public-information/foia/list-of-permittees,"jaccard 1.00 via owner; premises Sheridan, IN; list of 2026-09-20"
hush-and-whisper-distillery-co,Hush and Whisper Distillery Co.,United States,ttb-basic-permit,TX-S-20146,"HUSH & WHISPER, LLC",self,ttb-name-state,high,,https://www.ttb.gov/public-information/foia/list-of-permittees,"jaccard 1.00 via owner; premises Bryan, TX; list of 2026-09-20"
icw-brewery-136-distillery,ICW Brewery & 136 Distillery,United States,ttb-basic-permit,NC-S-20170,ICW BREWERY LLC,self,ttb-name-state,medium,,https://www.ttb.gov/public-information/foia/list-of-permittees,"jaccard 0.60 via owner; premises Belhaven, NC; list of 2026-09-20"
independent-distilling-company,Independent Distilling Company,United States,ttb-basic-permit,AZ-S-20016,THE INDEPENDENT DISTILLERY LLC,self,ttb-name-state,medium,,https://www.ttb.gov/public-information/foia/list-of-permittees,"jaccard 1.00 via operating; premises Tucson, AZ; dba The Independent Distillery; pin has no address, matched nationwide; list of 2026-09-20"
independent-spirits-distillery,Independent Spirits Distillery,United States,ttb-basic-permit,NJ-S-20032,"INDEPENDENT SPIRITS DISTILLERY, LLC",self,ttb-name-state,high,,https://www.ttb.gov/public-information/foia/list-of-permittees,"jaccard 1.00 via operating; premises Woolwich Township, NJ; dba Independent Spirits Distillery; list of 2026-09-20"
indian-creek-distillery,Indian Creek Distillery,United States,ttb-basic-permit,OH-S-15022,INDIAN CREEK DISTILLERY LLC,self,ttb-name-state,high,,https://www.ttb.gov/public-information/foia/list-of-permittees,"jaccard 1.00 via owner; premises New Carlisle, OH; list of 2026-09-20"
indian-river-distillery,Indian River Distillery,United States,ttb-basic-permit,FL-S-20137,VERO BEACH DISTILLING LLC,operator,ttb-name-state,high,,https://www.ttb.gov/public-information/foia/list-of-permittees,"jaccard 1.00 via operating; premises Vero Beach, FL; dba Indian River Distillery; list of 2026-09-20"
infinity-beverages-winery-and-distillery,Infinity Beverages Winery and Distillery,United States,ttb-basic-permit,WI-S-20001,"INFINITY BEVERAGES, LLC",self,ttb-name-state,high,,https://www.ttb.gov/public-information/foia/list-of-permittees,"jaccard 1.00 via operating; premises Eau Claire, WI; dba Infinity Beverages Winery & Distillery; list of 2026-09-20"
iowa-distilling-company,Iowa Distilling Company,United States,ttb-basic-permit,IA-S-20001,DUNKEL CORPORATION,operator,ttb-name-state,medium,,https://www.ttb.gov/public-information/foia/list-of-permittees,"jaccard 1.00 via operating; premises Cumming, IA; dba Iowa Distilling Company; list of 2026-09-20"
iron-bull-distillery,Iron Bull Distillery,United States,ttb-basic-permit,MD-S-20064,"SAZERAC OF NEW HAMPSHIRE, LLC",operator,ttb-name-state,high,,https://www.ttb.gov/public-information/foia/list-of-permittees,"jaccard 1.00 via operating; premises Baltimore, MD; dba Iron Bull Distillery; list of 2026-09-20"
iron-city-distilling,Iron City Distilling,United States,ttb-basic-permit,PA-S-20228,"IRON CITY DISTILLING, LLC",self,ttb-name-state,high,,https://www.ttb.gov/public-information/foia/list-of-permittees,"jaccard 1.00 via owner; premises Creighton, PA; list of 2026-09-20"
iron-fish-distillery,Iron Fish Distillery,United States,ttb-basic-permit,MI-S-20054,"IRON FISH DISTILLERY, LLC",self,ttb-name-state,high,,https://www.ttb.gov/public-information/foia/list-of-permittees,"jaccard 1.00 via operating; premises Thompsonville, MI; dba Iron Fish Distillery; list of 2026-09-20"
iron-goat-distillery,Iron Goat Distillery,United States,ttb-basic-permit,TX-S-20344,IRON GOAT DISTILLERY LLC,self,ttb-name-state,high,,https://www.ttb.gov/public-information/foia/list-of-permittees,"jaccard 1.00 via operating; premises Fredericksburg, TX; dba Iron Goat Distillery; list of 2026-09-20"
iron-shoe-distillery,Iron Shoe Distillery,United States,ttb-basic-permit,MI-S-20092,"IRON SHOE DISTILLING, LLC",self,ttb-name-state,high,,https://www.ttb.gov/public-information/foia/list-of-permittees,"jaccard 1.00 via owner; premises Niles, MI; list of 2026-09-20"
iron-smoke-distillery,Iron Smoke Distillery,United States,ttb-basic-permit,NY-S-20036,IRON SMOKE WHISKEY LLC,self,ttb-name-state,high,,https://www.ttb.gov/public-information/foia/list-of-permittees,"jaccard 1.00 via owner; premises Fairport, NY; list of 2026-09-20"
iron-street-distillery,Iron Street Distillery,United States,ttb-basic-permit,MN-S-20073,IRON STREET DISTILLERY LLC,self,ttb-name-state,high,,https://www.ttb.gov/public-information/foia/list-of-permittees,"jaccard 1.00 via operating; premises St Cloud, MN; dba Iron Street Distillery; list of 2026-09-20"
iron-vault-distillery,Iron Vault Distillery,United States,ttb-basic-permit,OH-S-20054,"IRON VAULT DISTILLERY, LLC",self,ttb-name-state,high,,https://www.ttb.gov/public-information/foia/list-of-permittees,"jaccard 1.00 via owner; premises Galion, OH; list of 2026-09-20"
iron-wolf-ranch-and-distillery,Iron Wolf Ranch and Distillery,United States,ttb-basic-permit,TX-S-20081,"IWD ENTERPRISES, LLC",operator,ttb-name-state,high,,https://www.ttb.gov/public-information/foia/list-of-permittees,"jaccard 1.00 via operating; premises Spicewood, TX; dba Iron Wolf Ranch & Distillery; list of 2026-09-20"
ironclad-distillery-co,Ironclad Distillery Co.,United States,ttb-basic-permit,VA-S-20022,"IRONCLAD DISTILLERY, INC",self,ttb-name-state,high,,https://www.ttb.gov/public-information/foia/list-of-permittees,"jaccard 1.00 via operating; premises Newport News, VA; dba Ironclad Distillery; list of 2026-09-20"
ironroot-republic-distilling,Ironroot Republic Distilling,United States,ttb-basic-permit,TX-S-20026,"LIKARISH ENTERPRISES, INC.",operator,ttb-name-state,high,,https://www.ttb.gov/public-information/foia/list-of-permittees,"jaccard 1.00 via operating; premises Denison, TX; dba Ironroot Republic Distilling; list of 2026-09-20"
irons-one-distillery,Irons One Distillery,United States,ttb-basic-permit,AL-S-20007,"IRONS DISTILLERY, LLC",self,ttb-name-state,medium,,https://www.ttb.gov/public-information/foia/list-of-permittees,"jaccard 0.60 via owner; premises Huntsville, AL; list of 2026-09-20"
ironton-distillery-and-crafthouse,Ironton Distillery and Crafthouse,United States,ttb-basic-permit,CO-S-20073,"BASECAMP CONCEPTS, LLC",operator,ttb-name-state,high,,https://www.ttb.gov/public-information/foia/list-of-permittees,"jaccard 1.00 via operating; premises Louisville, CO; dba Ironton Distillery and Crafthouse; pin has no address, matched nationwide; list of 2026-09-20"
ironton-distillery-pop-up-bar,Ironton Distillery (Pop-Up Bar),United States,ttb-basic-permit,CO-S-20073,"BASECAMP CONCEPTS, LLC",self,ttb-premises,low,,https://www.ttb.gov/public-information/foia/list-of-permittees,"shared premises only, names do not overlap; same premises: 1303 Empire Rd, Louisville 80027, street overlap 1.00, name overlap 0.33; dba Ironton Distillery and Crafthouse; list of 2026-09-20"
islamorada-brewery-distillery-islamorada,Islamorada Brewery & Distillery (Islamorada),United States,ttb-basic-permit,FL-S-20124,ISLAMORADA DISTILLING LLC,self,ttb-name-state,high,,https://www.ttb.gov/public-information/foia/list-of-permittees,"jaccard 1.00 via operating; premises Fort Pierce, FL; dba ISLAMORADA BEVERAGES; list of 2026-09-20"
j-carver-distillery,J. Carver Distillery,United States,ttb-basic-permit,MN-S-20006,"LAKE COUNTRY LIBARE DISTILLING, LLC",operator,ttb-name-state,high,,https://www.ttb.gov/public-information/foia/list-of-permittees,"jaccard 1.00 via operating; premises Waconia, MN; dba J. Carver Distillery; list of 2026-09-20"
j-henry-sons-bourbon-tasting-room-farm,J. Henry & Sons Bourbon Tasting Room & Farm,United States,ttb-basic-permit,WI-S-15022,HENRY FARMS PRAIRIE SPIRITS LLC,operator,ttb-premises,medium,,https://www.ttb.gov/public-information/foia/list-of-permittees,"same premises: 7794 Patton Rd, Dane 53529, street overlap 1.00, name overlap 0.25; dba Henry Farms Prairie Spirits; list of 2026-09-20"
j-p-trodden-distilling,J.p. Trodden Distilling,United States,ttb-basic-permit,WA-S-15057,J.P. TRODDEN DISTILLING L.L.C.,self,ttb-name-state,high,,https://www.ttb.gov/public-information/foia/list-of-permittees,"jaccard 1.00 via operating; premises Snohomish, WA; dba J.P. TRODDEN DISTILLING; list of 2026-09-20"
j-rieger-co,J. Rieger & Co.,United States,ttb-basic-permit,MO-S-20016,"JACOB RIEGER & COMPANY, LLC",self,ttb-premises,medium,,https://www.ttb.gov/public-information/foia/list-of-permittees,"same premises: 2700 Guinotte Ave, Kansas City 64120, street overlap 1.00, name overlap 0.33; dba Jacob Rieger & Company; list of 2026-09-20"
j-riley-distillery,J. Riley Distillery,United States,ttb-basic-permit,CA-S-20059,J RILEY DISTILLERY INC.,self,ttb-name-state,high,,https://www.ttb.gov/public-information/foia/list-of-permittees,"jaccard 1.00 via operating; premises Redlands, CA; dba J. RILEY DISTILLERY; list of 2026-09-20"
jackazz-distilling-llc,Jackazz Distilling LLC,United States,ttb-basic-permit,PA-S-20105,JACK-AZZ DISTILLING LLC,operator,ttb-premises,medium,,https://www.ttb.gov/public-information/foia/list-of-permittees,"same premises: 48 Kushwa Rd, Spring Glen 17978, street overlap 1.00, name overlap 0.00; list of 2026-09-20"
jackson-purchase-distillery,Jackson Purchase Distillery,United States,ttb-basic-permit,KY-S-20096,"JACKSON PURCHASE DISTILLERY, LLC",self,ttb-name-state,high,,https://www.ttb.gov/public-information/foia/list-of-permittees,"jaccard 1.00 via owner; premises Hickman, KY; list of 2026-09-20"
james-bay-distillers-ltd,"James Bay Distillers, Ltd.",United States,ttb-basic-permit,WA-S-20124,"JAMES BAY DISTILLERS, LTD.",self,ttb-name-state,high,,https://www.ttb.gov/public-information/foia/list-of-permittees,"jaccard 1.00 via operating; premises Everett, WA; dba James Bay Distillers, Ltd.; list of 2026-09-20"
jayne-st-distilling-co,Jayne St Distilling Co,United States,ttb-basic-permit,NY-S-20231,JAYNE STREET FAMILY LLC,self,ttb-premises,medium,,https://www.ttb.gov/public-information/foia/list-of-permittees,"same premises: 41 Jayne St, Florida 10921, street overlap 1.00, name overlap 0.33; list of 2026-09-20"
jeptha-creed-distillery,Jeptha Creed Distillery,United States,ttb-basic-permit,KY-S-20038,"RUT 'N STRUT DISTILLERY, LLC",operator,ttb-name-state,high,,https://www.ttb.gov/public-information/foia/list-of-permittees,"jaccard 1.00 via operating; premises Shelbyville, KY; dba Jeptha Creed Distillery; list of 2026-09-20"
jersey-artisan-distilling,Jersey Artisan Distilling,United States,ttb-basic-permit,NJ-S-20002,"JERSEY ARTISAN DISTILLING, INC",self,ttb-name-state,high,,https://www.ttb.gov/public-information/foia/list-of-permittees,"jaccard 1.00 via owner; premises Fairfield, NJ; dba Innovative Spirits; list of 2026-09-20"
jettywave-distillery,Jettywave Distillery,United States,ttb-basic-permit,CA-S-20343,JETTY BREAK HOLDINGS INC.,operator,ttb-name-state,high,,https://www.ttb.gov/public-information/foia/list-of-permittees,"jaccard 1.00 via operating; premises Half Moon Bay, CA; dba JettyWave Distillery; list of 2026-09-20"
jim-beam,Jim Beam,United States,ttb-basic-permit,KY-S-230,JIM BEAM BRANDS CO.,self,ttb-name-state,medium,,https://www.ttb.gov/public-information/foia/list-of-permittees,"jaccard 0.77 via owner; premises Clermont, KY; list of 2026-09-20"
john-emerald-distilling-company,John Emerald Distilling Company,United States,ttb-basic-permit,AL-S-20003,JOHN EMERALD DISTILLING COMPANY LLC,self,ttb-name-state,high,,https://www.ttb.gov/public-information/foia/list-of-permittees,"jaccard 1.00 via operating; premises Opelika, AL; dba John Emerald Distilling Company; list of 2026-09-20"
john-fitch-distilling-company,John Fitch Distilling Company,United States,ttb-basic-permit,CT-S-20023,"JOHN FITCH DISTILLING, LLC",self,ttb-name-state,high,,https://www.ttb.gov/public-information/foia/list-of-permittees,"jaccard 1.00 via owner; premises South Windsor, CT; dba Old Route Two Spirits; list of 2026-09-20"
johnny-pickles-distillery,Johnny Pickles Distillery,United States,ttb-basic-permit,TX-S-20237,JOHNNY PICKLES DISTILLERY LLC,self,ttb-name-state,high,,https://www.ttb.gov/public-information/foia/list-of-permittees,"jaccard 1.00 via operating; premises Seguin, TX; dba Johnny Pickles Distillery; list of 2026-09-20"
johnny-s-distillery,Johnny's Distillery,United States,ttb-basic-permit,PA-S-20252,"JOHNNY'S DISTILLERY, LLC",self,ttb-name-state,high,,https://www.ttb.gov/public-information/foia/list-of-permittees,"jaccard 1.00 via owner; premises Butler, PA; list of 2026-09-20"
johnson-county-distillery,Johnson County Distillery,United States,ttb-basic-permit,TX-S-20057,"JOHNSON COUNTY DISTILLERY, LLC",self,ttb-name-state,high,,https://www.ttb.gov/public-information/foia/list-of-permittees,"jaccard 1.00 via operating; premises Cleburne, TX; dba Johnson County Distillery; list of 2026-09-20"
joppenbergh-gap-distilling,Joppenbergh Gap Distilling,United States,ttb-basic-permit,NY-S-20294,JOPPENBERGH GAP DISTILLING LLC,self,ttb-name-state,high,,https://www.ttb.gov/public-information/foia/list-of-permittees,"jaccard 1.00 via operating; premises Tillson, NY; dba Joppenbergh Gap Distilling; list of 2026-09-20"
joshua-tree-distilling-company,Joshua Tree Distilling Company,United States,ttb-basic-permit,CA-S-20331,JOSHUA TREE DISTILLING COMPANY LLC,self,ttb-name-state,high,,https://www.ttb.gov/public-information/foia/list-of-permittees,"jaccard 1.00 via owner; premises Yucca Valley, CA; list of 2026-09-20"
journeyman-distillery,Journeyman Distillery,United States,ttb-basic-permit,MI-S-15025,"JOURNEYMAN DISTILLERY, LLC",self,ttb-name-state,high,,https://www.ttb.gov/public-information/foia/list-of-permittees,"jaccard 1.00 via operating; premises Three Oaks, MI; dba Journeyman DIstillery; list of 2026-09-20"
jt-meleck-distillers,JT Meleck Distillers,United States,ttb-basic-permit,LA-S-20020,FRUGE SPIRITS LLC,operator,ttb-premises,medium,,https://www.ttb.gov/public-information/foia/list-of-permittees,"same premises: 7172 Church Point Hwy, Branch 70516, street overlap 1.00, name overlap 0.00; list of 2026-09-20"
judge-richard-distillery,Judge Richard Distillery,United States,ttb-basic-permit,IA-S-20050,"JUDGE RICHARD DISTILLERY, LLC",self,ttb-name-state,high,,https://www.ttb.gov/public-information/foia/list-of-permittees,"jaccard 1.00 via operating; premises Carson, IA; dba Judge Richard Distillery; list of 2026-09-20"
judson-moore-distillery,Judson & Moore Distillery,United States,ttb-basic-permit,IL-S-20061,JUDSON & MOORE DISTILLERY LLC,self,ttb-name-state,high,,https://www.ttb.gov/public-information/foia/list-of-permittees,"jaccard 1.00 via operating; premises Chicago, IL; dba Judson & Moore Distillery; list of 2026-09-20"
julie-s-dream-winery-distillery-vineyards,Julie's Dream Winery Distillery Vineyards,United States,ttb-basic-permit,CA-S-20286,"JULIE’S DREAM VINEYARDS, WINERY AND DISTILLERY, LLC",self,ttb-name-state,high,,https://www.ttb.gov/public-information/foia/list-of-permittees,"jaccard 1.00 via owner; premises Temecula, CA; list of 2026-09-20"
junction-35-spirits-disillery,Junction 35 Spirits Disillery,United States,ttb-basic-permit,TN-S-20077,"JUNCTION 35, LLC",self,ttb-name-state,medium,,https://www.ttb.gov/public-information/foia/list-of-permittees,"jaccard 0.77 via operating; premises Pigeon Forge, TN; dba Junction 35; list of 2026-09-20"
just-rum,Just Rum,United States,ttb-basic-permit,OR-S-20073,JUST A DISTILLERY INC.,self,ttb-name-state,high,,https://www.ttb.gov/public-information/foia/list-of-permittees,"jaccard 1.00 via owner; premises Sandy, OR; list of 2026-09-20"
k-j-wood-distillers-llc,"K J Wood Distillers, LLC",United States,ttb-basic-permit,CO-S-20015,"K J WOOD DISTILLERS, INC",self,ttb-name-state,high,,https://www.ttb.gov/public-information/foia/list-of-permittees,"jaccard 1.00 via owner; premises Ouray, CO; list of 2026-09-20"
k-spoetzl-brewery-distillery,K. Spoetzl Brewery & Distillery,United States,ttb-basic-permit,TX-S-20257,"SPOETZL BREWERY, INC.",self,ttb-name-state,medium,,https://www.ttb.gov/public-information/foia/list-of-permittees,"jaccard 0.60 via operating; premises Shiner, TX; dba Spoetzl Brewery; list of 2026-09-20"
kalifornia-distilleries,Kalifornia Distilleries,United States,ttb-basic-permit,CA-S-20257,"KALIFORNIA DISTILLERIES, INC.",self,ttb-name-state,high,,https://www.ttb.gov/public-information/foia/list-of-permittees,"jaccard 1.00 via operating; premises Murrieta, CA; dba Kalifornia Distilleries; list of 2026-09-20"
kaptain-jimmy-s-restaurant-distillery,Kaptain Jimmy's Restaurant & Distillery,United States,ttb-basic-permit,MA-S-15008,AEL DISTILLERIES INC.,operator,ttb-premises,medium,,https://www.ttb.gov/public-information/foia/list-of-permittees,"same premises: 916 Suffield St Unit 2, Agawam 01001, street overlap 1.00, name overlap 0.00; list of 2026-09-20"
karma-vineyards-distillery,Karma Vineyards & Distillery,United States,ttb-basic-permit,WA-S-20245,KARMA VINEYARDS LLC,self,ttb-name-state,high,,https://www.ttb.gov/public-information/foia/list-of-permittees,"jaccard 1.00 via operating; premises Entiat, WA; dba Karma Vineyards; list of 2026-09-20"
katy-lynn-distillery-llc,Katy Lynn Distillery LLC,United States,ttb-basic-permit,IL-S-20073,KATY LYNN WINERY AND DISTILLERY LLC,self,ttb-name-state,high,,https://www.ttb.gov/public-information/foia/list-of-permittees,"jaccard 1.00 via operating; premises Carbondale, IL; dba Katy Lynn Winery LLC; list of 2026-09-20"
keir-family-distillery,Keir Family Distillery,United States,ttb-basic-permit,PA-S-20171,KEIR FAMILY DISTILLERY LLC,self,ttb-name-state,medium,,https://www.ttb.gov/public-information/foia/list-of-permittees,"jaccard 1.00 via operating; premises Warren Center, PA; dba Keir Family Distillery; list of 2026-09-20"
kennay-farms-distilling,Kennay Farms Distilling,United States,ttb-basic-permit,IL-S-20043,"KENNAY FARMS DISTILLING, LLC",self,ttb-name-state,high,,https://www.ttb.gov/public-information/foia/list-of-permittees,"jaccard 1.00 via owner; premises Rochelle, IL; list of 2026-09-20"
kentucky-artisan-distillery,Kentucky Artisan Distillery,United States,ttb-basic-permit,KY-S-20004,COPPERHEAD DISTILLERY COMPANY,operator,ttb-name-state,high,,https://www.ttb.gov/public-information/foia/list-of-permittees,"jaccard 1.00 via operating; premises Crestwood, KY; dba Kentucky Artisan Distillery; list of 2026-09-20"
kentucky-mist-distillery,Kentucky Mist Distillery,United States,ttb-basic-permit,SC-S-20035,KENTUCKY MIST DISTILLERY NORTH BEACH LLC,self,ttb-name-state,medium,,https://www.ttb.gov/public-information/foia/list-of-permittees,"jaccard 0.77 via owner; premises North Myrtle Beach, SC; list of 2026-09-20"
kentucky-mist-moonshine-distillery,Kentucky Mist Moonshine Distillery,United States,ttb-basic-permit,KY-S-20035,"KENTUCKY MIST MOONSHINE, INC.",self,ttb-name-state,high,,https://www.ttb.gov/public-information/foia/list-of-permittees,"jaccard 1.00 via owner; premises Whitesburg, KY; list of 2026-09-20"
kentucky-peerless-distilling-co,Kentucky Peerless Distilling Co.,United States,ttb-basic-permit,KY-S-20019,"KENTUCKY PEERLESS DISTILLING COMPANY, LLC",self,ttb-name-state,high,,https://www.ttb.gov/public-information/foia/list-of-permittees,"jaccard 1.00 via owner; premises Louisville, KY; list of 2026-09-20"
kettner-distillery,Kettner Distillery,United States,ttb-basic-permit,CA-S-20316,"KETTNER DISTILLERY, LLC",self,ttb-name-state,high,,https://www.ttb.gov/public-information/foia/list-of-permittees,"jaccard 1.00 via operating; premises San Diego, CA; dba Kettner Distillery; list of 2026-09-20"
killdeer-distilling,Killdeer Distilling,United States,ttb-basic-permit,OR-S-20062,FIRST WATER SPIRITS LLC,operator,ttb-name-state,high,,https://www.ttb.gov/public-information/foia/list-of-permittees,"jaccard 1.00 via operating; premises Newberg, OR; dba KILLDEER DISTILLING; list of 2026-09-20"
killington-distillery-still-on-the-mountain,Killington Distillery - Still on the Mountain,United States,ttb-basic-permit,VT-S-20031,"KILLINGTON DISTILLERY, LLC",self,ttb-premises,medium,,https://www.ttb.gov/public-information/foia/list-of-permittees,"same premises: 47 Old Mill Rd, Killington 05751, street overlap 1.00, name overlap 0.33; dba Killington Distillery; list of 2026-09-20"
king-distillery-llc,"King Distillery, LLC.",United States,ttb-basic-permit,WA-S-20225,KING CIDER LLC,self,ttb-name-state,low,,https://www.ttb.gov/public-information/foia/list-of-permittees,"jaccard 1.00 via operating; premises Vashon, WA; dba King Cider; list of 2026-09-20"
king-s-family-distillery,King's Family Distillery,United States,ttb-basic-permit,TN-S-20088,"KING'S FAMILY DISTILLERY, INC.",self,ttb-name-state,medium,,https://www.ttb.gov/public-information/foia/list-of-permittees,"jaccard 1.00 via operating; premises Sevierville, TN; dba King's Family Distillery; list of 2026-09-20"
kings-county-distillery,Kings County Distillery,United States,ttb-basic-permit,NY-S-15023,KINGS COUNTY DISTILLERY LLC,self,ttb-name-state,high,,https://www.ttb.gov/public-information/foia/list-of-permittees,"jaccard 1.00 via owner; premises Brooklyn, NY; pin has no address, matched nationwide; list of 2026-09-20"
klocke-estate,Klocke Estate,United States,ttb-basic-permit,NY-S-20240,"KLOCKE ESTATE DISTILLERY, LLC",self,ttb-name-state,high,,https://www.ttb.gov/public-information/foia/list-of-permittees,"jaccard 1.00 via operating; premises Hudson, NY; dba Klocke Estate; list of 2026-09-20"
knowlton-house-distillery,Knowlton House Distillery,United States,ttb-basic-permit,WI-S-20070,MULLINS DISTILLERY LLC,operator,ttb-name-state,high,,https://www.ttb.gov/public-information/foia/list-of-permittees,"jaccard 1.00 via operating; premises Mosinee, WI; dba Knowlton House Distillery; list of 2026-09-20"
ko-distilling,KO Distilling,United States,ttb-basic-permit,VA-S-20017,KARLSON & O'MARA DISTILLERIES LLC,operator,ttb-name-state,medium,,https://www.ttb.gov/public-information/foia/list-of-permittees,"jaccard 1.00 via operating; premises Manassas, VA; dba KO Distilling; list of 2026-09-20"
koenig-distillery,Koenig Distillery,United States,ttb-basic-permit,ID-S-20002,KOENIG DISTILLERY INC.,self,ttb-name-state,high,,https://www.ttb.gov/public-information/foia/list-of-permittees,"jaccard 1.00 via operating; premises Caldwell, ID; dba Koenig Distillery; list of 2026-09-20"
koltiska-distillery,Koltiska Distillery,United States,ttb-basic-permit,WY-S-20018,"KOLTISKA DISTILLERY, INC.",self,ttb-name-state,high,,https://www.ttb.gov/public-information/foia/list-of-permittees,"jaccard 1.00 via operating; premises Sheridan, WY; dba Koltiska Distillery; list of 2026-09-20"
koval-distillery,Koval Distillery,United States,ttb-basic-permit,IL-S-15007,KOVAL INC.,self,ttb-name-state,medium,,https://www.ttb.gov/public-information/foia/list-of-permittees,"jaccard 1.00 via operating; premises Chicago, IL; dba KOVAL Distillery; list of 2026-09-20"
krobar-craft-distillery,KROBĀR Craft Distillery,United States,ttb-basic-permit,CA-S-20242,"KROBAR CRAFT DISTILLERY, LLC",self,ttb-name-state,high,,https://www.ttb.gov/public-information/foia/list-of-permittees,"jaccard 1.00 via operating; premises San Luis Obispo, CA; dba Krobar Craft Distillery; list of 2026-09-20"
krooked-moon-distillery,Krooked Moon Distillery,United States,ttb-basic-permit,MO-S-20072,KROOKED MOON DISTILLERY LLC,self,ttb-name-state,high,,https://www.ttb.gov/public-information/foia/list-of-permittees,"jaccard 1.00 via operating; premises Owensville, MO; dba Krooked Moon Distillery; list of 2026-09-20"
krooked-tusker-distillery,Krooked Tusker Distillery,United States,ttb-basic-permit,NY-S-20093,BHAGWAN MALT WORKS LLC,operator,ttb-name-state,high,,https://www.ttb.gov/public-information/foia/list-of-permittees,"jaccard 1.00 via operating; premises Hammondsport, NY; dba Krooked Tusker Distillery; list of 2026-09-20"
krookid-leyk-distilling,Krookid Leyk Distilling,United States,ttb-basic-permit,NY-S-20180,"KROOK-ID LEYK DISTILLING, LLC",operator,ttb-name-state,high,,https://www.ttb.gov/public-information/foia/list-of-permittees,"jaccard 1.00 via operating; premises Hammondsport, NY; dba Krookid Leyk Distilling LLC; list of 2026-09-20"
la-bay-gin-distillerie-californienne,La Bay Gin Distillerie Californienne,United States,ttb-basic-permit,CA-S-20438,LA BAY GIN - DISTILLERIE CALIFORNIENNE L.L.C.,self,ttb-name-state,medium,,https://www.ttb.gov/public-information/foia/list-of-permittees,"jaccard 0.77 via owner; premises Los Angeles, CA; list of 2026-09-20"
la-crosse-distilling-co,La Crosse Distilling Co.,United States,ttb-basic-permit,WI-S-20038,"DRIFTLESS PURE, LLC",operator,ttb-premises,medium,,https://www.ttb.gov/public-information/foia/list-of-permittees,"same premises: 129 E Vine St, La Crosse 54601, street overlap 0.67, name overlap 0.00; dba Red State Spirits; list of 2026-09-20"
lahood-company-distillery,LaHood & Company Distillery,United States,ttb-basic-permit,GA-S-20108,LAHOOD & COMPANY LLC,self,ttb-name-state,high,,https://www.ttb.gov/public-information/foia/list-of-permittees,"jaccard 1.00 via owner; premises Montezuma, GA; list of 2026-09-20"
lake-erie-distillery,Lake Erie Distillery,United States,ttb-basic-permit,OH-S-20080,LAKE ERIE CIDER & BREWERY INC.,self,ttb-name-state,high,,https://www.ttb.gov/public-information/foia/list-of-permittees,"jaccard 1.00 via owner; premises Willoughby, OH; dba Lake Erie Distilery; list of 2026-09-20"
lake-george-distilling-co,Lake George Distilling Co,United States,ttb-basic-permit,NY-S-20014,"LAKE GEORGE DISTILLING COMPANY, LLC",self,ttb-name-state,high,,https://www.ttb.gov/public-information/foia/list-of-permittees,"jaccard 1.00 via owner; premises Fort Ann, NY; list of 2026-09-20"
lakeside-distillery,Lakeside Distillery,United States,ttb-basic-permit,MT-S-20035,LAKESIDE DISTILLERY LLC,self,ttb-name-state,high,,https://www.ttb.gov/public-information/foia/list-of-permittees,"jaccard 1.00 via operating; premises Townsend, MT; dba Lakeside Distillery; list of 2026-09-20"
lancaster-craft-spirits-distillery,Lancaster Craft Spirits Distillery,United States,ttb-basic-permit,PA-S-20175,LANCASTER BREWING COMPANY,self,ttb-name-state,high,,https://www.ttb.gov/public-information/foia/list-of-permittees,"jaccard 1.00 via operating; premises Lancaster, PA; dba LANCASTER CRAFT SPIRITS; list of 2026-09-20"
land-run-distillery,Land Run Distillery,United States,ttb-basic-permit,OK-S-20027,"LAND RUN DISTILLERY, LLC",self,ttb-name-state,high,,https://www.ttb.gov/public-information/foia/list-of-permittees,"jaccard 1.00 via owner; premises Newkirk, OK; list of 2026-09-20"
las-cruces-distilling-co,Las Cruces Distilling Co,United States,ttb-basic-permit,NM-S-20051,ICEBOX BREWING LC,self,ttb-name-state,high,,https://www.ttb.gov/public-information/foia/list-of-permittees,"jaccard 1.00 via operating; premises Las Cruces, NM; dba Las Cruces Distilling Company; owner is an individual; list of 2026-09-20"
las-vegas-distillery,Las Vegas Distillery,United States,ttb-basic-permit,NV-S-15004,"LAS VEGAS DISTILLERY, LLC",self,ttb-name-state,medium,,https://www.ttb.gov/public-information/foia/list-of-permittees,"jaccard 1.00 via owner; premises Henderson, NV; list of 2026-09-20"
last-chance-distilling,Last Chance Distilling,United States,ttb-basic-permit,WA-S-20220,"LAST CHANCE DISTILLING, LLC",self,ttb-name-state,high,,https://www.ttb.gov/public-information/foia/list-of-permittees,"jaccard 1.00 via owner; premises Twisp, WA; list of 2026-09-20"
last-shot-distillery,Last Shot Distillery,United States,ttb-basic-permit,NY-S-20065,"SKANEATELES DISTILLERIES, LLC",operator,ttb-name-state,high,,https://www.ttb.gov/public-information/foia/list-of-permittees,"jaccard 1.00 via operating; premises Skaneateles, NY; dba Last Shot Distillery; list of 2026-09-20"
lawrenceville-distilling-co,Lawrenceville Distilling Co.,United States,ttb-basic-permit,PA-S-20082,"CONFLUENCE DISTILLING, LLC",operator,ttb-name-state,high,,https://www.ttb.gov/public-information/foia/list-of-permittees,"jaccard 1.00 via operating; premises Verona, PA; dba Lawrenceville Distilling Company; list of 2026-09-20"
lazy-guy-distillery,Lazy Guy Distillery,United States,ttb-basic-permit,GA-S-20007,"LAZY GUY BRANDS, INC.",self,ttb-name-state,high,,https://www.ttb.gov/public-information/foia/list-of-permittees,"jaccard 1.00 via operating; premises Kennesaw, GA; dba Lazy Guy Distillery; list of 2026-09-20"
lazy-rw-distillery,Lazy RW Distillery,United States,ttb-basic-permit,NE-S-20005,"LAZY RW ENTERPRISES, LLC",self,ttb-name-state,medium,,https://www.ttb.gov/public-information/foia/list-of-permittees,"jaccard 0.77 via owner; premises Moorefield, NE; list of 2026-09-20"
lbi-distilling-company,LBI Distilling Company,United States,ttb-basic-permit,NJ-S-20080,LBI DISTILLERY LLC,self,ttb-name-state,low,,https://www.ttb.gov/public-information/foia/list-of-permittees,"jaccard 1.00 via operating; premises Little Egg Harbor, NJ; dba LBI Distillery; list of 2026-09-20"
leanderthal-distilling,Leanderthal Distilling,United States,ttb-basic-permit,TX-S-20043,SQUARE PEG DISTILLING LLC,operator,ttb-name-state,high,,https://www.ttb.gov/public-information/foia/list-of-permittees,"jaccard 1.00 via operating; premises Leander, TX; dba Leanderthal Distilling; list of 2026-09-20"
leatherwood-distillery,Leatherwood Distillery,United States,ttb-basic-permit,TN-S-20168,"LEATHERWOOD DISTILLERY, LLC",self,ttb-name-state,high,,https://www.ttb.gov/public-information/foia/list-of-permittees,"jaccard 1.00 via operating; premises Clarksville, TN; dba Leatherwood Distillery; list of 2026-09-20"
ledgerock-distillery-llc,Ledgerock Distillery LLC,United States,ttb-basic-permit,WI-S-20032,LEDGEROCK DISTILLERY LLC,self,ttb-name-state,high,,https://www.ttb.gov/public-information/foia/list-of-permittees,"jaccard 1.00 via owner; premises Fond Du Lac, WI; list of 2026-09-20"
left-coast-brewing-co-tasting-room-smokehouse-distillery-irvine,"Left Coast Brewing Co. - Tasting Room, Smokehouse & Distillery Irvine",United States,ttb-basic-permit,CA-S-20211,LEFT COAST BREWING COMPANY,self,ttb-name-state,high,,https://www.ttb.gov/public-information/foia/list-of-permittees,"jaccard 0.85 via operating; premises Irvine, CA; dba Left Coast Brewing Co. Tasting Room Smokehouse Distillery; list of 2026-09-20"
left-coast-brewing-co-tasting-room-smokehouse-distillery-ontario,"Left Coast Brewing Co. - Tasting Room, Smokehouse & Distillery Ontario",United States,ttb-basic-permit,CA-S-20480,LEFT COAST BREWING COMPANY,self,ttb-name-state,high,,https://www.ttb.gov/public-information/foia/list-of-permittees,"jaccard 0.85 via operating; premises Ontario, CA; dba Left Coast Brewing Co. Tasting Room Smokehouse Distillery; list of 2026-09-20"
left-turn-distilling-craft-cocktails-spirits,"Left Turn Distilling, Craft Cocktails & Spirits.",United States,ttb-basic-permit,NM-S-20002,LEFT TURN INC.,self,ttb-name-state,medium,,https://www.ttb.gov/public-information/foia/list-of-permittees,"jaccard 0.77 via operating; premises Albuquerque, NM; dba Left Turn Distilling; list of 2026-09-20"
legends-distillery,Legends Distillery,United States,ttb-basic-permit,GA-S-20019,SPIRITS OF THE USA LLC,operator,ttb-premises,medium,,https://www.ttb.gov/public-information/foia/list-of-permittees,"same premises: 210 Industrial Park Dr, Cumming 30040, street overlap 0.75, name overlap 0.00; dba SpiritsUSA and Conservative Dads; list of 2026-09-20"
leiper-s-fork-distillery,Leiper's Fork Distillery,United States,ttb-basic-permit,TN-S-20032,"LEIPER'S FORK DISTILLERY, LLC",self,ttb-name-state,high,,https://www.ttb.gov/public-information/foia/list-of-permittees,"jaccard 1.00 via operating; premises Franklin, TN; dba Leiper's Fork Distillery, LLC; list of 2026-09-20"
leopold-bros,Leopold Bros,United States,ttb-basic-permit,CO-S-15012,"ANN ARBOR BREWING COMPANY, L.L.C.",operator,ttb-name-state,high,,https://www.ttb.gov/public-information/foia/list-of-permittees,"jaccard 1.00 via operating; premises Denver, CO; dba LEOPOLD BROS.; pin has no address, matched nationwide; list of 2026-09-20"
les-cheneaux-distillers,Les Cheneaux Distillers,United States,ttb-basic-permit,MI-S-20064,"LES CHENEAUX DISTILLERS, INC.",self,ttb-name-state,high,,https://www.ttb.gov/public-information/foia/list-of-permittees,"jaccard 1.00 via owner; premises Cedarville, MI; list of 2026-09-20"
letterpress-distilling,Letterpress Distilling,United States,ttb-basic-permit,WA-S-20012,"LETTERPRESS DISTILLING, LLC",self,ttb-name-state,high,,https://www.ttb.gov/public-information/foia/list-of-permittees,"jaccard 1.00 via owner; premises Seattle, WA; list of 2026-09-20"
lewis-station-winery-distillery-kitchen,"Lewis Station Winery, Distillery & Kitchen",United States,ttb-basic-permit,WI-S-20086,THE WINE VINEYARD LLC,operator,ttb-name-state,medium,,https://www.ttb.gov/public-information/foia/list-of-permittees,"jaccard 0.77 via operating; premises Lake Mills, WI; dba Lewis Station Winery & Distillery; list of 2026-09-20"
lexington-brewing-distilling-co,Lexington Brewing & Distilling Co,United States,ttb-basic-permit,KY-S-15010,"ALLTECH'S BEVERAGE DIVISION, LLC",operator,ttb-name-state,medium,,https://www.ttb.gov/public-information/foia/list-of-permittees,"jaccard 0.60 via operating; premises Lexington, KY; dba Alltech's Lexington Distilling Co.; list of 2026-09-20"
lf-heritage-distilling-co-on-limestone-farm,LF Heritage Distilling Co. On Limestone Farm,United States,ttb-basic-permit,KY-S-20114,"LIMESTONE FARMS, LLC",operator,ttb-premises,medium,,https://www.ttb.gov/public-information/foia/list-of-permittees,"same premises: 197 Soards Rd, Georgetown 40324, street overlap 1.00, name overlap 0.25; dba Limestone Farms, LLC; list of 2026-09-20"
liberty-pole-spirits,Liberty Pole Spirits,United States,ttb-basic-permit,PA-S-20046,"MINGO CREEK CRAFT DISTILLERS, LLC",operator,ttb-name-state,high,,https://www.ttb.gov/public-information/foia/list-of-permittees,"jaccard 1.00 via operating; premises Washington, PA; dba Liberty Pole Spirits; list of 2026-09-20"
lil-dog-moonshine,Li’l Dog Moonshine,United States,ttb-basic-permit,PA-S-20214,LI'L DOG MOONSHINE LLC,self,ttb-name-state,high,,https://www.ttb.gov/public-information/foia/list-of-permittees,"jaccard 1.00 via owner; premises Elizabeth, PA; list of 2026-09-20"
limestone-branch,Limestone Branch,United States,ttb-basic-permit,KY-S-20105,"LUXCO, INC.",operator,ttb-name-state,high,,https://www.ttb.gov/public-information/foia/list-of-permittees,"jaccard 1.00 via operating; premises Lebanon, KY; dba Limestone Branch Distillery; list of 2026-09-20"
list-distillery-mr-tom-s-spirits,List Distillery - Mr. Tom's Spirits,United States,ttb-basic-permit,FL-S-20037,LIST DISTILLERY LLC,self,ttb-name-state,medium,,https://www.ttb.gov/public-information/foia/list-of-permittees,"jaccard 0.60 via owner; premises Fort Myers, FL; list of 2026-09-20"
litchfield-distillery,Litchfield Distillery,United States,ttb-basic-permit,CT-S-20006,HARDSCRABBLE LLC,operator,ttb-name-state,high,,https://www.ttb.gov/public-information/foia/list-of-permittees,"jaccard 1.00 via operating; premises Litchfield, CT; dba Litchfield Distillery; list of 2026-09-20"
little-toad-creek-brewery-distillery,Little Toad Creek Brewery & Distillery,United States,ttb-basic-permit,NM-S-20001,LITTLE TOAD CREEK LLC,self,ttb-name-state,high,,https://www.ttb.gov/public-information/foia/list-of-permittees,"jaccard 1.00 via operating; premises Silver City, NM; dba Little Toad Creek Distillery; list of 2026-09-20"
little-toad-creek-brewery-distillery-las-cruces,Little Toad Creek Brewery & Distillery Las Cruces,United States,ttb-basic-permit,NM-S-20001,LITTLE TOAD CREEK LLC,self,ttb-name-state,low,,https://www.ttb.gov/public-information/foia/list-of-permittees,"jaccard 0.75 via operating; premises Silver City, NM; dba Little Toad Creek Distillery; list of 2026-09-20"
live-free-distillery,Live Free Distillery,United States,ttb-basic-permit,NH-S-20015,SKEETER SHINE LLC,operator,ttb-name-state,high,,https://www.ttb.gov/public-information/foia/list-of-permittees,"jaccard 1.00 via operating; premises Manchester, NH; dba Live Free Distillery; list of 2026-09-20"
living-spirits-distillery-and-cocktail-bar,Living Spirits Distillery and Cocktail Bar,United States,ttb-basic-permit,NJ-S-20074,ING SPIRITS OPERATION INC.,operator,ttb-name-state,medium,,https://www.ttb.gov/public-information/foia/list-of-permittees,"jaccard 0.60 via operating; premises Hackettstown, NJ; dba Living Spirits; list of 2026-09-20"
living-the-dream-distillery,Living The Dream Distillery,United States,ttb-basic-permit,TX-S-20304,"LIVING THE DREAM DISTILLERY, LLC",self,ttb-name-state,high,,https://www.ttb.gov/public-information/foia/list-of-permittees,"jaccard 1.00 via owner; premises El Paso, TX; list of 2026-09-20"
llewellyn-distillery,Llewellyn Distillery,United States,ttb-basic-permit,KS-S-20032,"LLEWELLYN LIMITED, LLC",self,ttb-name-state,high,,https://www.ttb.gov/public-information/foia/list-of-permittees,"jaccard 1.00 via operating; premises El Dorado, KS; dba Llewellyn, Ltd.; list of 2026-09-20"
local-cider,Local Cider,United States,ttb-basic-permit,CO-S-20001,LOCAL DISTILLING INC,self,ttb-name-state,medium,,https://www.ttb.gov/public-information/foia/list-of-permittees,"jaccard 1.00 via owner; premises Golden, CO; dba Clean Man Products; pin has no address, matched nationwide; list of 2026-09-20"
lock-1-distilling-company,Lock 1 Distilling Company,United States,ttb-basic-permit,NY-S-20098,LOCK 1 DISTILLING COMPANY LLC,self,ttb-name-state,high,,https://www.ttb.gov/public-information/foia/list-of-permittees,"jaccard 1.00 via operating; premises Phoenix, NY; dba Lock 1 Distilling Company; list of 2026-09-20"
lockhouse-distillery,Lockhouse Distillery,United States,ttb-basic-permit,NY-S-20013,EIGHT BUFFALO SPIRITS LLC,operator,ttb-name-state,high,,https://www.ttb.gov/public-information/foia/list-of-permittees,"jaccard 1.00 via operating; premises Buffalo, NY; dba Lockhouse Distillery; pin has no address, matched nationwide; list of 2026-09-20"
lockwood-distilling-co,Lockwood Distilling Co.,United States,ttb-basic-permit,TX-S-20294,LOCKWOOD DISTILLING COMPANY TRES LLC,self,ttb-name-state,high,,https://www.ttb.gov/public-information/foia/list-of-permittees,"jaccard 1.00 via operating; premises Mckinney, TX; dba Lockwood Distilling Company; list of 2026-09-20"
lockwood-distilling-company-mckinney,Lockwood Distilling Company - McKinney,United States,ttb-basic-permit,TX-S-20294,LOCKWOOD DISTILLING COMPANY TRES LLC,self,ttb-name-state,medium,,https://www.ttb.gov/public-information/foia/list-of-permittees,"jaccard 0.60 via operating; premises Mckinney, TX; dba Lockwood Distilling Company; list of 2026-09-20"
locorum-distillery,Locōrum Distillery,United States,ttb-basic-permit,NC-S-20101,LOCORUM DISTILLERY LLC,self,ttb-name-state,high,,https://www.ttb.gov/public-information/foia/list-of-permittees,"jaccard 1.00 via owner; premises Warrenton, NC; list of 2026-09-20"
log-still-distillery,Log Still Distillery,United States,ttb-basic-permit,KY-S-20092,"LOG STILL DISTILLING, LLC",self,ttb-name-state,high,,https://www.ttb.gov/public-information/foia/list-of-permittees,"jaccard 1.00 via operating; premises Gethsemane, KY; dba Log Still Distilling, LLC; list of 2026-09-20"
loggerhead-distillery,Loggerhead Distillery,United States,ttb-basic-permit,FL-S-20078,"LOGGERHEAD DISTILLERY, LLC",self,ttb-name-state,high,,https://www.ttb.gov/public-information/foia/list-of-permittees,"jaccard 1.00 via operating; premises Sanford, FL; dba Loggerhead Distillery; list of 2026-09-20"
lolo-creek-distillery,Lolo Creek Distillery,United States,ttb-basic-permit,MT-S-20019,"LOLO CREEK DISTILLERY, LLC",self,ttb-name-state,high,,https://www.ttb.gov/public-information/foia/list-of-permittees,"jaccard 1.00 via operating; premises Lolo, MT; dba LOLO CREEK DISTILLERY; list of 2026-09-20"
lonely-oak-distillery,Lonely Oak Distillery,United States,ttb-basic-permit,IA-S-20011,"LONELY OAK DISTILLERY, LLC",self,ttb-name-state,high,,https://www.ttb.gov/public-information/foia/list-of-permittees,"jaccard 1.00 via owner; premises Earling, IA; list of 2026-09-20"
long-dogs-distilling,Long Dogs Distilling,United States,ttb-basic-permit,NE-S-20020,"LONG DOGS DISTILLING, LLC",self,ttb-name-state,high,,https://www.ttb.gov/public-information/foia/list-of-permittees,"jaccard 1.00 via operating; premises Arapahoe, NE; dba Long Dogs Distilling; list of 2026-09-20"
long-road-distillers,Long Road Distillers,United States,ttb-basic-permit,MI-S-20024,LONG ROAD DISTILLERS LLC,self,ttb-name-state,high,,https://www.ttb.gov/public-information/foia/list-of-permittees,"jaccard 1.00 via operating; premises Grand Rapids, MI; dba Long Road Distillers; list of 2026-09-20"
longleaf-distilling-co,Longleaf Distilling Co.,United States,ttb-basic-permit,GA-S-20113,"LONGLEAF DISTILLING, LLC",self,ttb-name-state,high,,https://www.ttb.gov/public-information/foia/list-of-permittees,"jaccard 1.00 via operating; premises Macon, GA; dba Longleaf Distilling Co.; list of 2026-09-20"
loon-liquors,Loon Liquors,United States,ttb-basic-permit,MN-S-20008,"LOON LIQUORS, LLC",self,ttb-name-state,high,,https://www.ttb.gov/public-information/foia/list-of-permittees,"jaccard 1.00 via operating; premises Northfield, MN; dba Loon Liquors; pin has no address, matched nationwide; list of 2026-09-20"
loon-liquors-distillery-pizzeria,Loon Liquors Distillery & Pizzeria,United States,ttb-basic-permit,MN-S-20008,"LOON LIQUORS, LLC",self,ttb-name-state,medium,,https://www.ttb.gov/public-information/foia/list-of-permittees,"jaccard 0.60 via operating; premises Northfield, MN; dba Loon Liquors; list of 2026-09-20"
loping-crow-distillery,Loping Crow Distillery,United States,ttb-basic-permit,NC-S-20116,"LOPING CROW DISTILLERY, L.L.C.",self,ttb-name-state,medium,,https://www.ttb.gov/public-information/foia/list-of-permittees,"jaccard 0.77 via owner; premises Albemarle, NC; list of 2026-09-20"
los-angeles-distillery,Los Angeles Distillery,United States,ttb-basic-permit,CA-S-20077,LOS ANGELES DISTILLERY,self,ttb-name-state,high,,https://www.ttb.gov/public-information/foia/list-of-permittees,"jaccard 1.00 via owner; premises Culver City, CA; owner is an individual; list of 2026-09-20"
lost-ark-distilling-company,Lost Ark Distilling Company,United States,ttb-basic-permit,MD-S-20015,"LOST ARK DISTILLING COMPANY, LLC",self,ttb-name-state,high,,https://www.ttb.gov/public-information/foia/list-of-permittees,"jaccard 1.00 via operating; premises Columbia, MD; dba Lost Ark Distilling Company; pin has no address, matched nationwide; list of 2026-09-20"
lost-state-distilling,Lost State Distilling,United States,ttb-basic-permit,TN-S-20066,"LOST STATE DISTILLING, LLC",self,ttb-name-state,high,,https://www.ttb.gov/public-information/foia/list-of-permittees,"jaccard 1.00 via owner; premises Bristol, TN; list of 2026-09-20"
loup-river-distilling,Loup River Distilling,United States,ttb-basic-permit,NE-S-20029,"SEVEN COUNTY SPIRITS, LLC",operator,ttb-name-state,high,,https://www.ttb.gov/public-information/foia/list-of-permittees,"jaccard 1.00 via operating; premises St Paul, NE; dba Loup River Distilling; list of 2026-09-20"
love-katie-distilling,"Love, Katie Distilling",United States,ttb-basic-permit,PA-S-20235,"LOVE, KATIE DISTILLING LLC",self,ttb-name-state,high,,https://www.ttb.gov/public-information/foia/list-of-permittees,"jaccard 1.00 via owner; premises Sharpsburg, PA; list of 2026-09-20"
lucky-duck-distillery,Lucky Duck Distillery,United States,ttb-basic-permit,SC-S-20013,"LUCKY DUCK DISTILLERY, LLC",self,ttb-name-state,high,,https://www.ttb.gov/public-information/foia/list-of-permittees,"jaccard 1.00 via owner; premises Yemassee, SC; list of 2026-09-20"
lucky-guys-distilling,Lucky Guys Distilling,United States,ttb-basic-permit,WI-S-20064,"TRES LUCKY, LLC",self,ttb-name-state,high,,https://www.ttb.gov/public-information/foia/list-of-permittees,"jaccard 1.00 via operating; premises Hudson, WI; dba Lucky Guys Distillery; list of 2026-09-20"
lucky-sign-spirits-distillery,Lucky Sign Spirits Distillery,United States,ttb-basic-permit,PA-S-20130,"ENTERPRISE SPIRITS, LLC",operator,ttb-name-state,high,,https://www.ttb.gov/public-information/foia/list-of-permittees,"jaccard 1.00 via operating; premises West Deer, PA; dba Lucky Sign Spirits; list of 2026-09-20"
lugo-s-craft-distillery,Lugo's Craft Distillery,United States,ttb-basic-permit,FL-S-20100,"LUGO'S CRAFT SPIRITS, LLC",self,ttb-name-state,medium,,https://www.ttb.gov/public-information/foia/list-of-permittees,"jaccard 1.00 via operating; premises Lakeland, FL; dba Lugo's Craft Spirits; list of 2026-09-20"
lula-restaurant-distillery,Lula Restaurant Distillery,United States,ttb-basic-permit,LA-S-20016,"LULA HOLDINGS, LLC",self,ttb-name-state,medium,,https://www.ttb.gov/public-information/foia/list-of-permittees,"jaccard 1.00 via operating; premises New Orleans, LA; dba Lula Restaurant & Distillery; list of 2026-09-20"
luminary-distilling,Luminary Distilling,United States,ttb-basic-permit,PA-S-20055,"LUMINARY DISTILLING, LLC",self,ttb-name-state,high,,https://www.ttb.gov/public-information/foia/list-of-permittees,"jaccard 1.00 via operating; premises Erie, PA; dba Luminary Distilling; list of 2026-09-20"
luther-distilling-co,Luther Distilling Co,United States,ttb-basic-permit,FL-S-20206,LUTHER DISTILLING CO LLC,self,ttb-name-state,high,,https://www.ttb.gov/public-information/foia/list-of-permittees,"jaccard 1.00 via operating; premises Mcalpin, FL; dba Luther Distilling Co; list of 2026-09-20"
lux-row-distillers,Lux Row Distillers,United States,ttb-basic-permit,KY-S-20106,"LUXCO, INC.",operator,ttb-name-state,high,,https://www.ttb.gov/public-information/foia/list-of-permittees,"jaccard 1.00 via operating; premises Bardstown, KY; dba Lux Row Distillers; pin has no address, matched nationwide; list of 2026-09-20"
m-t-distilling,M & T Distilling,United States,ttb-basic-permit,NC-S-20123,"M & T DISTILLING, LLC",self,ttb-name-state,medium,,https://www.ttb.gov/public-information/foia/list-of-permittees,"jaccard 1.00 via owner; premises Hendersonville, NC; list of 2026-09-20"
mackay-distillers,Mackay Distillers,United States,ttb-basic-permit,CA-S-20052,MACKAY LLC,self,ttb-name-state,high,,https://www.ttb.gov/public-information/foia/list-of-permittees,"jaccard 1.00 via operating; premises San Marcos, CA; dba MACKAY Distillers; list of 2026-09-20"
mad-rabbit-distillery-pub,Mad Rabbit Distillery - Pub,United States,ttb-basic-permit,CO-S-20055,"MAD RABBIT DISTILLERY, INC.",self,ttb-name-state,medium,,https://www.ttb.gov/public-information/foia/list-of-permittees,"jaccard 0.77 via owner; premises Westminster, CO; dba High Proof Distillery; list of 2026-09-20"
mad-river-distillers-burlington,Mad River Distillers Burlington,United States,ttb-basic-permit,VT-S-20002,"COLD SPRING SPIRITS, LLC",operator,ttb-name-state,low,,https://www.ttb.gov/public-information/foia/list-of-permittees,"jaccard 0.67 via operating; premises Warren, VT; dba Mad River Distillers; list of 2026-09-20"
madison-county-distillery,Madison County Distillery,United States,ttb-basic-permit,NY-S-20085,"MADISON COUNTY DISTILLERY, LLC",self,ttb-name-state,high,,https://www.ttb.gov/public-information/foia/list-of-permittees,"jaccard 1.00 via owner; premises Cazenovia, NY; list of 2026-09-20"
madrona-distillery,Madrona Distillery,United States,ttb-basic-permit,WA-S-20237,"MADRONA DISTILLING, INC.",self,ttb-name-state,high,,https://www.ttb.gov/public-information/foia/list-of-permittees,"jaccard 1.00 via operating; premises Redmond, WA; dba Madrona Distillery; list of 2026-09-20"
magnanini-winery-restaurant-distillery-wedding-venue,"Magnanini Winery, Restaurant, Distillery & Wedding Venue",United States,ttb-basic-permit,NY-S-15009,"MAGNANINI FARM WINERY, INC.",self,ttb-name-state,medium,,https://www.ttb.gov/public-information/foia/list-of-permittees,"jaccard 0.60 via owner; premises Wallkill, NY; dba THE FARM DISTILLERY; list of 2026-09-20"
main-street-distillery,Main Street Distillery,United States,ttb-basic-permit,NY-S-20138,"MAIN STREET DISTILLERY, LLC",self,ttb-name-state,high,,https://www.ttb.gov/public-information/foia/list-of-permittees,"jaccard 1.00 via owner; premises Argyle, NY; list of 2026-09-20"
main-street-moonshine,Main Street Moonshine,United States,ttb-basic-permit,PA-S-20126,"JLSKM PROPERTIES, LLC",operator,ttb-name-state,high,,https://www.ttb.gov/public-information/foia/list-of-permittees,"jaccard 1.00 via operating; premises Schuylkill Haven, PA; dba Main Street Moonshine; list of 2026-09-20"
maine-craft-distilling,Maine Craft Distilling,United States,ttb-basic-permit,ME-S-15000,"MAINE DISTILLERIES, LLC",self,ttb-name-state,low,,https://www.ttb.gov/public-information/foia/list-of-permittees,"jaccard 1.00 via operating; premises Freeport, ME; dba Maine Distilleries, LLC; list of 2026-09-20"
maker-s-mark,Maker's Mark,United States,ttb-basic-permit,KY-S-3,"MAKER'S MARK DISTILLERY, INC.",self,ttb-name-state,high,,https://www.ttb.gov/public-information/foia/list-of-permittees,"jaccard 1.00 via owner; premises Loretto, KY; list of 2026-09-20"
mammoth-distilling,Mammoth Distilling,United States,ttb-basic-permit,MI-S-20023,MAMMOTH DISTILLING LLC,self,ttb-name-state,high,,https://www.ttb.gov/public-information/foia/list-of-permittees,"jaccard 1.00 via owner; premises Central Lake, MI; list of 2026-09-20"
manchester-distilling,Manchester Distilling,United States,ttb-basic-permit,KY-S-20167,MANCHESTER DISTILLING LLC,self,ttb-name-state,high,,https://www.ttb.gov/public-information/foia/list-of-permittees,"jaccard 1.00 via operating; premises Manchester, KY; dba Manchester Distilling LLC; list of 2026-09-20"
manifest-distilling,Manifest Distilling,United States,ttb-basic-permit,FL-S-20044,"MANIFEST DISTILLING, LLC",self,ttb-name-state,high,,https://www.ttb.gov/public-information/foia/list-of-permittees,"jaccard 1.00 via operating; premises Jacksonville, FL; dba Manifest Distilling; list of 2026-09-20"
manncave-distilling-inc,MannCave Distilling Inc.,United States,ttb-basic-permit,WV-S-20015,"SPIKEWORLD ENTERPRISES, INC.",operator,ttb-name-state,high,,https://www.ttb.gov/public-information/foia/list-of-permittees,"jaccard 1.00 via operating; premises Weston, WV; dba MannCave Distilling; list of 2026-09-20"
manson-distilling,Manson Distilling,United States,ttb-basic-permit,WA-S-20166,"MANSON DISTILLERY, LLC",self,ttb-name-state,high,,https://www.ttb.gov/public-information/foia/list-of-permittees,"jaccard 1.00 via operating; premises Manson, WA; dba Manson Distilling; list of 2026-09-20"
maplewood-brewery-distillery,Maplewood Brewery & Distillery,United States,ttb-basic-permit,IL-S-20022,"MERCENARY BREWERY & DISTILLERY, LLC",operator,ttb-name-state,high,,https://www.ttb.gov/public-information/foia/list-of-permittees,"jaccard 1.00 via operating; premises Chicago, IL; dba Maplewood Brewing Company; list of 2026-09-20"
marble-caves-distillery,Marble Caves Distillery,United States,ttb-basic-permit,OR-S-20029,RODERICK W. WARNER,self,ttb-name-state,high,,https://www.ttb.gov/public-information/foia/list-of-permittees,"jaccard 1.00 via operating; premises Cave Junction, OR; dba Marble Caves Distillery; owner is an individual; list of 2026-09-20"
marble-distilling-the-distillery-inn,Marble Distilling & The Distillery Inn,United States,ttb-basic-permit,CO-S-20128,"MARBLE DISTILLING COMPANY, INC.",self,ttb-name-state,medium,,https://www.ttb.gov/public-information/foia/list-of-permittees,"jaccard 0.60 via operating; premises Carbondale, CO; dba Marble Distilling Co; list of 2026-09-20"
march-first-brewing-and-distilling,March First Brewing and Distilling,United States,ttb-basic-permit,OH-S-20096,"MARCH FIRST MANUFACTURING, LLC",self,ttb-name-state,high,,https://www.ttb.gov/public-information/foia/list-of-permittees,"jaccard 1.00 via operating; premises Cincinnati, OH; dba March First Brewing & Distilling; list of 2026-09-20"
marfa-spirit-co,Marfa Spirit Co.,United States,ttb-basic-permit,TX-S-20168,"MARFA DISTILLING COMPANY, LLC",self,ttb-name-state,medium,,https://www.ttb.gov/public-information/foia/list-of-permittees,"jaccard 1.00 via owner; premises Marfa, TX; list of 2026-09-20"
marlin-barrel-distillery,Marlin & Barrel Distillery,United States,ttb-basic-permit,FL-S-20211,HIGH CASK DISTILLERY LLC,operator,ttb-name-state,high,,https://www.ttb.gov/public-information/foia/list-of-permittees,"jaccard 1.00 via operating; premises Fernandina Beach, FL; dba Marlin and Barrel Distillery; list of 2026-09-20"
mason-dixon-distillery,Mason Dixon Distillery,United States,ttb-basic-permit,PA-S-20028,"CENTRAL PENN DISTILLING, INC.",operator,ttb-name-state,high,,https://www.ttb.gov/public-information/foia/list-of-permittees,"jaccard 1.00 via operating; premises Gettysburg, PA; dba Mason Dixon Distillery; list of 2026-09-20"
mastrogiannis-distillery-winery,Mastrogiannis Distillery & Winery,United States,ttb-basic-permit,WA-S-20089,MASTROGIANNIS DISTILLERY LLC,self,ttb-name-state,high,,https://www.ttb.gov/public-information/foia/list-of-permittees,"jaccard 1.00 via operating; premises Lakewood, WA; dba Mastrogiannis Distillery; list of 2026-09-20"
matchbook-distilling-co,Matchbook Distilling Co.,United States,ttb-basic-permit,NY-S-20121,MATCHBOOK DISTILLING COMPANY LLC,self,ttb-name-state,high,,https://www.ttb.gov/public-information/foia/list-of-permittees,"jaccard 1.00 via owner; premises Greenport, NY; list of 2026-09-20"
maw-s-mountain-moonshine,Maw's Mountain Moonshine,United States,ttb-basic-permit,FL-S-20139,"MAW'S MOUNTAIN MOONSHINE, LLC",self,ttb-name-state,high,,https://www.ttb.gov/public-information/foia/list-of-permittees,"jaccard 1.00 via operating; premises Mount Dora, FL; dba Maw's Mountain Moonshine; list of 2026-09-20"
maws-mountain-moonshine-kissimmee,Maws Mountain Moonshine - Kissimmee,United States,ttb-basic-permit,FL-S-20184,"MAW'S MOUNTAIN MOONSHINE, LLC",self,ttb-name-state,medium,,https://www.ttb.gov/public-information/foia/list-of-permittees,"jaccard 0.77 via operating; premises Kissimmee, FL; dba Maw's Mountain Moonshine; list of 2026-09-20"
mayberry-spirits-distillery,Mayberry Spirits Distillery,United States,ttb-basic-permit,NC-S-20007,STEVEN COX,operator,ttb-name-state,high,,https://www.ttb.gov/public-information/foia/list-of-permittees,"jaccard 1.00 via operating; premises Mount Airy, NC; dba Mayberry Distillery; pin has no address, matched nationwide; list of 2026-09-20"
mb-roland-distillery,MB Roland Distillery,United States,ttb-basic-permit,KY-S-15009,"MB ROLAND DISTILLERY, INC.",self,ttb-name-state,high,,https://www.ttb.gov/public-information/foia/list-of-permittees,"jaccard 1.00 via owner; premises Pembroke, KY; list of 2026-09-20"
mb-roland-distillery-cave-du-bourbon,MB Roland Distillery-Cave Du Bourbon,United States,ttb-basic-permit,KY-S-15009,"MB ROLAND DISTILLERY, INC.",self,ttb-name-state,high,,https://www.ttb.gov/public-information/foia/list-of-permittees,"jaccard 1.00 via owner; premises Pembroke, KY; list of 2026-09-20"
mcclintock-distilling,McClintock Distilling,United States,ttb-basic-permit,MD-S-20017,MCCLINTOCK DISTILLING LLC.,self,ttb-name-state,high,,https://www.ttb.gov/public-information/foia/list-of-permittees,"jaccard 1.00 via operating; premises Frederick, MD; dba McClintock Distilling; list of 2026-09-20"
mclaughlin-distillery,McLaughlin Distillery,United States,ttb-basic-permit,PA-S-20033,KIM K MCLAUGHLIN,self,ttb-name-state,high,,https://www.ttb.gov/public-information/foia/list-of-permittees,"jaccard 1.00 via operating; premises Sewickley, PA; dba McLaughlin Distillery; owner is an individual; list of 2026-09-20"
mean-mule-distillery-company,Mean Mule Distillery Company,United States,ttb-basic-permit,MO-S-20044,MEAN MULE DISTILLERY CO LLC,self,ttb-name-state,high,,https://www.ttb.gov/public-information/foia/list-of-permittees,"jaccard 1.00 via operating; premises Kansas City, MO; dba Mean Mule Distilling co; list of 2026-09-20"
meinelschmidt-distillery,Meinelschmidt Distillery,United States,ttb-basic-permit,MD-S-20057,"MEINELSCHMIDT DISTILLERY, INC.",self,ttb-name-state,high,,https://www.ttb.gov/public-information/foia/list-of-permittees,"jaccard 1.00 via owner; premises Hagerstown, MD; list of 2026-09-20"
mendocino-spirits-tamar-distillery,Mendocino Spirits/Tamar Distillery,United States,ttb-basic-permit,CA-S-15091,"TAMAR DISTILLERY, INC.",self,ttb-name-state,medium,,https://www.ttb.gov/public-information/foia/list-of-permittees,"jaccard 0.60 via owner; premises Redwood Valley, CA; dba AMERICAN CRAFT WHISKEY DISTILLERY; list of 2026-09-20"
mermaid-spirits-distillery,Mermaid Spirits Distillery,United States,ttb-basic-permit,PA-S-20078,"MERMAID SPIRITS, LLC",self,ttb-name-state,high,,https://www.ttb.gov/public-information/foia/list-of-permittees,"jaccard 1.00 via owner; premises Huntingdon Valley, PA; list of 2026-09-20"
michigan-moonshine-distillery,Michigan Moonshine Distillery,United States,ttb-basic-permit,MI-S-15017,"MICHIGAN BEER CELLAR, LLC",self,ttb-name-state,high,,https://www.ttb.gov/public-information/foia/list-of-permittees,"jaccard 1.00 via owner; premises Sparta, MI; list of 2026-09-20"
michter-s-shively-distillery,Michter's Shively Distillery,United States,ttb-basic-permit,KY-S-20003,MICHTER'S DISTILLERY LLC,self,ttb-name-state,medium,,https://www.ttb.gov/public-information/foia/list-of-permittees,"jaccard 0.60 via owner; premises Louisville, KY; list of 2026-09-20"
middle-west-distillery,Middle West Distillery,United States,ttb-basic-permit,OH-S-15012,"MIDDLE WEST SPIRITS, LLC",self,ttb-name-state,high,,https://www.ttb.gov/public-information/foia/list-of-permittees,"jaccard 1.00 via operating; premises Columbus, OH; dba Middle west Spirits; list of 2026-09-20"
midnight-run-distillery,Midnight Run Distillery,United States,ttb-basic-permit,GA-S-20011,MIDNIGHT RUN DISTILLERY LLC,self,ttb-name-state,high,,https://www.ttb.gov/public-information/foia/list-of-permittees,"jaccard 1.00 via owner; premises Bartow, GA; list of 2026-09-20"
midstate-distillery,Midstate Distillery,United States,ttb-basic-permit,PA-S-20026,"MIDSTATE DISTILLERY, INC.",self,ttb-name-state,high,,https://www.ttb.gov/public-information/foia/list-of-permittees,"jaccard 1.00 via owner; premises Harrisburg, PA; list of 2026-09-20"
milam-and-greene-whiskey-distillery-and-tasting-room,Milam and Greene Whiskey Distillery and Tasting Room,United States,ttb-basic-permit,TX-S-20075,"PROVISION SPIRIT, LLC",operator,ttb-premises,medium,,https://www.ttb.gov/public-information/foia/list-of-permittees,"same premises: 208 Carlie Ln, Blanco 78606, street overlap 1.00, name overlap 0.00; list of 2026-09-20"
milk-street-distillery,Milk Street Distillery,United States,ttb-basic-permit,NJ-S-20024,MILK STREET DISTILLERY LIMITED LIABILITY COMPANY,self,ttb-name-state,medium,,https://www.ttb.gov/public-information/foia/list-of-permittees,"jaccard 0.77 via owner; premises Branchville, NJ; list of 2026-09-20"
mill-street-grains-gatherings-event-venue-and-distillery,Mill Street Grains & Gatherings Event Venue and Distillery,United States,ttb-basic-permit,OH-S-20097,"MSD DISTILLERY, LTD.",operator,ttb-name-state,low,,https://www.ttb.gov/public-information/foia/list-of-permittees,"jaccard 0.50 via operating; premises Utica, OH; dba Mill Street Distillery; list of 2026-09-20"
mine-hill-distillery,Mine Hill Distillery,United States,ttb-basic-permit,CT-S-20014,MINE HILL DISTILLERY LLC,self,ttb-name-state,high,,https://www.ttb.gov/public-information/foia/list-of-permittees,"jaccard 1.00 via operating; premises Roxbury, CT; dba Mine Hill Distillery LLC.; list of 2026-09-20"
minglewood-distilling-company,Minglewood Distilling Company,United States,ttb-basic-permit,OH-S-20039,"MINGLEWOOD DISTILLING COMPANY, LTD.",self,ttb-name-state,high,,https://www.ttb.gov/public-information/foia/list-of-permittees,"jaccard 1.00 via owner; premises Wooster, OH; list of 2026-09-20"
minhas-distillery,Minhas Distillery,United States,ttb-basic-permit,WI-S-15019,GLOBAL UNIVERSAL SRL,self,ttb-name-state,high,,https://www.ttb.gov/public-information/foia/list-of-permittees,"jaccard 1.00 via operating; premises Monroe, WI; dba MINHAS MICRO DISTILLERY; owner is an individual; list of 2026-09-20"
mission-spirits-distillery,Mission Spirits Distillery,United States,ttb-basic-permit,NJ-S-20060,MISSION SPIRITS LLC,self,ttb-name-state,high,,https://www.ttb.gov/public-information/foia/list-of-permittees,"jaccard 1.00 via operating; premises Millville, NJ; dba Mission Spirits; list of 2026-09-20"
missouri-ridge-distillery-brewery,Missouri Ridge Distillery & Brewery,United States,ttb-basic-permit,MO-S-20028,MISSOURI RIDGE DISTILLERY LLC,self,ttb-name-state,high,,https://www.ttb.gov/public-information/foia/list-of-permittees,"jaccard 1.00 via operating; premises Branson, MO; dba Missouri Ridge Distillery; list of 2026-09-20"
mlh-distillery-llc,MLH Distillery LLC,United States,ttb-basic-permit,PA-S-20110,"MLH DISTILLERY, LLC",self,ttb-name-state,medium,,https://www.ttb.gov/public-information/foia/list-of-permittees,"jaccard 1.00 via owner; premises Grove City, PA; list of 2026-09-20"
moab-distillery,Moab Distillery,United States,ttb-basic-permit,UT-S-20010,"MOAB BREWERS, L.L.C.",self,ttb-name-state,medium,,https://www.ttb.gov/public-information/foia/list-of-permittees,"jaccard 1.00 via operating; premises Moab, UT; dba Moab Distillery; list of 2026-09-20"
molly-brown-distillery,Molly Brown Distillery,United States,ttb-basic-permit,CO-S-20080,"THESIS, LLC",operator,ttb-name-state,high,,https://www.ttb.gov/public-information/foia/list-of-permittees,"jaccard 1.00 via operating; premises Denver, CO; dba Molly Brown Distillery; list of 2026-09-20"
momentum-distillery,Momentum Distillery,United States,ttb-basic-permit,NC-S-20114,MOMENTUM SPIRITS LLC,self,ttb-name-state,high,,https://www.ttb.gov/public-information/foia/list-of-permittees,"jaccard 1.00 via operating; premises Wilmington, NC; dba Momentum Spirits LLC; list of 2026-09-20"
monkey-hollow-winery-distillery,Monkey Hollow Winery & Distillery,United States,ttb-basic-permit,IN-S-20020,"HEDINGER FARMS, LLC",operator,ttb-name-state,high,,https://www.ttb.gov/public-information/foia/list-of-permittees,"jaccard 1.00 via operating; premises St. Meinrad, IN; dba Monkey Hollow Distillery; list of 2026-09-20"
monson-ranch-distillers,Monson Ranch Distillers,United States,ttb-basic-permit,WA-S-15042,SECOND CHANCE SPIRITS INCORPORATED,operator,ttb-name-state,high,,https://www.ttb.gov/public-information/foia/list-of-permittees,"jaccard 1.00 via operating; premises Prosser, WA; dba Monson Ranch Distillers; list of 2026-09-20"
montana-distillery,Montana Distillery,United States,ttb-basic-permit,MT-S-20029,MONTANA WHISKEY COMPANY LLC,self,ttb-name-state,high,,https://www.ttb.gov/public-information/foia/list-of-permittees,"jaccard 1.00 via operating; premises Missoula, MT; dba Montana Whiskey Co.; list of 2026-09-20"
montanya-distillers-cocktail-bar,Montanya Distillers | Cocktail Bar,United States,ttb-basic-permit,CO-S-15026,"MONTANYA DISTILLERS, LLC",self,ttb-name-state,medium,,https://www.ttb.gov/public-information/foia/list-of-permittees,"jaccard 0.60 via owner; premises Crested Butte, CO; list of 2026-09-20"
montanya-distillers-distillery-tour,Montanya Distillers | Distillery TOUR,United States,ttb-basic-permit,CO-S-15026,"MONTANYA DISTILLERS, LLC",self,ttb-name-state,medium,,https://www.ttb.gov/public-information/foia/list-of-permittees,"jaccard 0.60 via owner; premises Crested Butte, CO; list of 2026-09-20"
montauk-distilling-co,Montauk Distilling Co.,United States,ttb-basic-permit,NY-S-20178,HAMPTON RUM COMPANY INC,operator,ttb-name-state,high,,https://www.ttb.gov/public-information/foia/list-of-permittees,"jaccard 1.00 via operating; premises Riverhead, NY; dba Montauk Distilling Co.; list of 2026-09-20"
monte-piccolo-farm-and-distillery,Monte Piccolo Farm and Distillery,United States,ttb-basic-permit,VA-S-20016,MONTE PICCOLO LLC,self,ttb-name-state,high,,https://www.ttb.gov/public-information/foia/list-of-permittees,"jaccard 1.00 via owner; premises Charlottesville, VA; list of 2026-09-20"
montgomery-distillery,Montgomery Distillery,United States,ttb-basic-permit,MT-S-15011,"MONTGOMERY DISTILLERY, INC.",self,ttb-name-state,high,,https://www.ttb.gov/public-information/foia/list-of-permittees,"jaccard 1.00 via operating; premises Missoula, MT; dba MONTGOMERY DISTILLERY; list of 2026-09-20"
moon-drops-distillery,Moon Drops Distillery,United States,ttb-basic-permit,IN-S-20080,"MOON DROPS DISTILLERY, LLC",self,ttb-name-state,high,,https://www.ttb.gov/public-information/foia/list-of-permittees,"jaccard 1.00 via operating; premises Fortville, IN; dba Moon Drops Distillery; list of 2026-09-20"
moonrise-distillery,Moonrise Distillery,United States,ttb-basic-permit,GA-S-20003,"MOONRISE DISTILLERY, INC.",self,ttb-name-state,high,,https://www.ttb.gov/public-information/foia/list-of-permittees,"jaccard 1.00 via owner; premises Clayton, GA; list of 2026-09-20"
moonshine-mine-distillery,Moonshine Mine Distillery,United States,ttb-basic-permit,PA-S-20074,"MOONSHINE MINE DISTILLERY, INC.",self,ttb-name-state,high,,https://www.ttb.gov/public-information/foia/list-of-permittees,"jaccard 1.00 via owner; premises Nanty Glo, PA; list of 2026-09-20"
moonshine-ridge,Moonshine Ridge,United States,ttb-basic-permit,NY-S-20168,NORTH RIDGE DISTILLERY. LLC,self,ttb-name-state,medium,,https://www.ttb.gov/public-information/foia/list-of-permittees,"jaccard 1.00 via owner; premises Medina, NY; pin has no address, matched nationwide; list of 2026-09-20"
moravian-sons-distillery,Moravian Sons Distillery,United States,ttb-basic-permit,MI-S-20181,MORAVIAN SONS DISTILLING LLC.,self,ttb-name-state,high,,https://www.ttb.gov/public-information/foia/list-of-permittees,"jaccard 1.00 via operating; premises Lowell, MI; dba Moravian Sons Distilling; list of 2026-09-20"
morea-distillery,Morea Distillery,United States,ttb-basic-permit,TN-S-20140,MOREA DISTILLERY LLC,self,ttb-name-state,medium,,https://www.ttb.gov/public-information/foia/list-of-permittees,"jaccard 1.00 via owner; premises Riceville, TN; dba SILVER ROCK; list of 2026-09-20"
morton-distilleries,Morton Distilleries,United States,ttb-basic-permit,OK-S-20006,"MORTON DISTILLERIES, LLC",self,ttb-name-state,high,,https://www.ttb.gov/public-information/foia/list-of-permittees,"jaccard 1.00 via owner; premises Henryetta, OK; dba Wild Bills; list of 2026-09-20"
mosaic-distillery,Mosaic Distillery,United States,ttb-basic-permit,MI-S-20216,119 WEST ENTERPRISES LLC,operator,ttb-premises,medium,,https://www.ttb.gov/public-information/foia/list-of-permittees,"same premises: 119 W Bridge St & 110 W Chart St, Plainwell 49080, street overlap 0.75, name overlap 0.00; list of 2026-09-20"
mossback-distilling-co,Mossback Distilling Co.,United States,ttb-basic-permit,TN-S-20104,"MOSSBACK DISTILLERY, LLC",self,ttb-name-state,high,,https://www.ttb.gov/public-information/foia/list-of-permittees,"jaccard 1.00 via owner; premises Jefferson City, TN; list of 2026-09-20"
motherwell-distilling-co,Motherwell Distilling Co,United States,ttb-basic-permit,VA-S-20153,"MOTHERWELL DISTILLING CO, LLC",self,ttb-name-state,high,,https://www.ttb.gov/public-information/foia/list-of-permittees,"jaccard 1.00 via operating; premises Alexandria, VA; dba Motherwell Distilling Co; list of 2026-09-20"
motor-city-gas-whiskey-distillery,Motor City Gas Whiskey Distillery,United States,ttb-basic-permit,MI-S-20009,"D'STILL, LLC",operator,ttb-name-state,high,,https://www.ttb.gov/public-information/foia/list-of-permittees,"jaccard 1.00 via operating; premises Royal Oak, MI; dba Motor City Gas; list of 2026-09-20"
mountain-cut-distillery,Mountain Cut Distillery,United States,ttb-basic-permit,TN-S-20145,OUTLAW TENNESSEE DISTILLERY LLC,operator,ttb-name-state,high,,https://www.ttb.gov/public-information/foia/list-of-permittees,"jaccard 1.00 via operating; premises Sevierville, TN; dba Mountain Cut Distillery; list of 2026-09-20"
moxycello-distillery-tasting-sales-room-cocktails,moxYcello - Distillery Tasting/Sales Room & Cocktails,United States,ttb-basic-permit,CO-S-20148,LAURASQUARED LLC,self,ttb-premises,low,,https://www.ttb.gov/public-information/foia/list-of-permittees,"shared premises only, names do not overlap; same premises: 9719 Coal Mine Ave Unit E, Littleton 80123, street overlap 0.80, name overlap 0.33; dba moxYcello; list of 2026-09-20"
mt-defiance-cidery-distillery,Mt. Defiance Cidery & Distillery,United States,ttb-basic-permit,VA-S-20152,"MOUNT DEFIANCE CIDERY & DISTILLERY, LLC",self,ttb-name-state,high,,https://www.ttb.gov/public-information/foia/list-of-permittees,"jaccard 1.00 via operating; premises Luray, VA; dba Mt. Defiance Cidery & Distillery; pin has no address, matched nationwide; list of 2026-09-20"
muddy-river-distillery,Muddy River Distillery,United States,ttb-basic-permit,NC-S-15013,MUDDY RIVER DISTILLERY LLC,self,ttb-name-state,high,,https://www.ttb.gov/public-information/foia/list-of-permittees,"jaccard 1.00 via owner; premises Belmont, NC; list of 2026-09-20"
murder-creek-distillery,Murder Creek Distillery,United States,ttb-basic-permit,AL-S-20030,MURDER CREEK DISTILLERY LLC,self,ttb-name-state,high,,https://www.ttb.gov/public-information/foia/list-of-permittees,"jaccard 1.00 via operating; premises Montgomery, AL; dba Murder Creek Distillery; list of 2026-09-20"
murlarkey-distilled-spirits,MurLarkey Distilled Spirits,United States,ttb-basic-permit,VA-S-20014,"MURLARKEY DISTILLED SPIRITS, LLC",self,ttb-name-state,high,,https://www.ttb.gov/public-information/foia/list-of-permittees,"jaccard 1.00 via owner; premises Manassas, VA; dba MurLarkey's; pin has no address, matched nationwide; list of 2026-09-20"
murr-ma-distilling-company,Murr-ma Distilling Company,United States,ttb-basic-permit,MA-S-20030,"MURR-MA DISTILLING COMPANY, LLC.",self,ttb-name-state,high,,https://www.ttb.gov/public-information/foia/list-of-permittees,"jaccard 1.00 via owner; premises Easthampton, MA; list of 2026-09-20"
murray-s-fools-distilling-company,Murray's Fools Distilling Company,United States,ttb-basic-permit,NY-S-20072,"MURRAY'S FOOLS DISTILLING CO., LLC",self,ttb-name-state,high,,https://www.ttb.gov/public-information/foia/list-of-permittees,"jaccard 1.00 via owner; premises Altona, NY; list of 2026-09-20"
murto-made-distillery,Murto Made Distillery,United States,ttb-basic-permit,NC-S-20067,"MURTO MADE, LLC",self,ttb-name-state,high,,https://www.ttb.gov/public-information/foia/list-of-permittees,"jaccard 1.00 via operating; premises Huntersville, NC; dba Murto Made Distillery; list of 2026-09-20"
muscle-craft-distillery,Muscle Craft Distillery,United States,ttb-basic-permit,FL-S-20142,"PASSION JUICE BAR, LLC",operator,ttb-name-state,high,,https://www.ttb.gov/public-information/foia/list-of-permittees,"jaccard 1.00 via operating; premises Stuart, FL; dba Muscle Craft Distillery; list of 2026-09-20"
muskrat-distilling,Muskrat Distilling,United States,ttb-basic-permit,MI-S-20180,"SHORTCUT SPIRITS, LLC",operator,ttb-name-state,high,,https://www.ttb.gov/public-information/foia/list-of-permittees,"jaccard 1.00 via operating; premises Boyne City, MI; dba Muskrat Distilling; list of 2026-09-20"
mutation-brewing-and-distilling-company,Mutation Brewing and Distilling Company,United States,ttb-basic-permit,GA-S-20143,"P&S BREWING HOLDINGS, LLC",operator,ttb-premises,medium,,https://www.ttb.gov/public-information/foia/list-of-permittees,"same premises: 5825 Roswell Rd, Sandy Springs 30328, street overlap 0.67, name overlap 0.00; list of 2026-09-20"
myer-farm-distillers,Myer Farm Distillers,United States,ttb-basic-permit,NY-S-15048,"PLOW & FIDDLE SPIRITS, LLC",operator,ttb-name-state,medium,,https://www.ttb.gov/public-information/foia/list-of-permittees,"jaccard 1.00 via operating; premises Ovid, NY; dba MYER FARM DISTILLERS; list of 2026-09-20"
mystic-farm-distilling-company,Mystic Farm & Distilling Company,United States,ttb-basic-permit,NC-S-20156,"MYSTIC FARM & DISTILLERY, INC.",self,ttb-name-state,high,,https://www.ttb.gov/public-information/foia/list-of-permittees,"jaccard 1.00 via owner; premises Durham, NC; list of 2026-09-20"
mythology-distillery,Mythology Distillery,United States,ttb-basic-permit,CO-S-20087,"LOHI DISTILLED, LLC",operator,ttb-name-state,high,,https://www.ttb.gov/public-information/foia/list-of-permittees,"jaccard 1.00 via operating; premises Steamboat Springs, CO; dba Mythology Distillery; list of 2026-09-20"
name-brandt-distilling,Name Brandt Distilling,United States,ttb-basic-permit,OH-S-20128,"PAUL AND PETER BRANDT, LLC",operator,ttb-name-state,high,,https://www.ttb.gov/public-information/foia/list-of-permittees,"jaccard 1.00 via operating; premises Middletown, OH; dba Name Brandt Distilling; list of 2026-09-20"
napa-valley-craft-distillery-tm,Napa Valley Craft Distillery tm.,United States,ttb-basic-permit,CA-S-20009,ROBERT CONTRERAS,operator,ttb-name-state,medium,,https://www.ttb.gov/public-information/foia/list-of-permittees,"jaccard 0.77 via operating; premises Benicia, CA; dba Napa Valley Craft Distillery; list of 2026-09-20"
napa-valley-distillery-oxbow,Napa Valley Distillery | Oxbow,United States,ttb-basic-permit,CA-S-15085,"NAPA VALLEY LIMONCELLO COMPANY, LLC",self,ttb-name-state,medium,,https://www.ttb.gov/public-information/foia/list-of-permittees,"jaccard 0.77 via operating; premises Napa, CA; dba NAPA VALLEY DISTILLERY; list of 2026-09-20"
nashoba-valley-winery-distillery-brewery-and-restaurant,"Nashoba Valley Winery, Distillery, Brewery and Restaurant",United States,ttb-basic-permit,MA-S-96,"NASHOBA VALLEY SPIRITS, LTD.",self,ttb-name-state,high,,https://www.ttb.gov/public-information/foia/list-of-permittees,"jaccard 1.00 via owner; premises Bolton, MA; list of 2026-09-20"
nashville-barrel-company-distillery-and-whiskey-bar,Nashville Barrel Company Distillery and Whiskey Bar,United States,ttb-basic-permit,TN-S-20096,"NASHVILLE BARREL COMPANY, LLC",self,ttb-name-state,high,,https://www.ttb.gov/public-information/foia/list-of-permittees,"jaccard 1.00 via operating; premises Nashville, TN; dba Nashville Barrel Company; list of 2026-09-20"
nauti-distilery,Nauti Distilery,United States,ttb-basic-permit,NJ-S-20022,CAPE MAY SPIRITS LLC,operator,ttb-name-state,medium,,https://www.ttb.gov/public-information/foia/list-of-permittees,"jaccard 0.60 via operating; premises Cape May, NJ; dba Nauti Spirits; list of 2026-09-20"
nearest-green-distillery,Nearest Green Distillery,United States,ttb-basic-permit,TN-S-20150,"NEAREST GREEN DISTILLERY, INC.",self,ttb-name-state,high,,https://www.ttb.gov/public-information/foia/list-of-permittees,"jaccard 1.00 via operating; premises Columbia, TN; dba Nearest Green Distillery; list of 2026-09-20"
neeley-family-distillery,Neeley Family Distillery,United States,ttb-basic-permit,KY-S-20131,"NEELEY FAMILY DISTILLERY, INC.",self,ttb-name-state,high,,https://www.ttb.gov/public-information/foia/list-of-permittees,"jaccard 1.00 via operating; premises Sparta, KY; dba Neeley Family Distillery; list of 2026-09-20"
nelson-s-green-brier-distillery,Nelson's Green Brier Distillery,United States,ttb-basic-permit,TN-S-20005,"NELSON'S GREEN BRIER DISTILLERY, LLC",self,ttb-name-state,high,,https://www.ttb.gov/public-information/foia/list-of-permittees,"jaccard 1.00 via operating; premises Nashville, TN; dba Nelson's Green Brier; list of 2026-09-20"
nevada-h-c-distilling-company,Nevada H&C Distilling Company,United States,ttb-basic-permit,NV-S-15006,NEVADA DISTILLING COMPANY LLC,self,ttb-name-state,high,,https://www.ttb.gov/public-information/foia/list-of-permittees,"jaccard 1.00 via operating; premises Las Vegas, NV; dba NEVADA H&C DISTILLING CO.; list of 2026-09-20"
new-artisan-distillery,New Artisan Distillery,United States,ttb-basic-permit,TX-S-20098,SILVER NICKEL DISTILLERY LLC,operator,ttb-premises,medium,,https://www.ttb.gov/public-information/foia/list-of-permittees,"same premises: 8202 Chancellor Row, Dallas 75247, street overlap 1.00, name overlap 0.00; dba Silver Nickel Distillery; list of 2026-09-20"
new-basin-distilling-company,New Basin Distilling Company,United States,ttb-basic-permit,OR-S-20020,NEW BASIN DISTILLING COMPANY LLC,self,ttb-name-state,high,,https://www.ttb.gov/public-information/foia/list-of-permittees,"jaccard 1.00 via owner; premises Madras, OR; list of 2026-09-20"
new-brighton-forge-farm-and-distillery,"New Brighton Forge, Farm, and Distillery",United States,ttb-basic-permit,OR-S-20118,NEW BRIGHTON DISTILLERY LLC,self,ttb-name-state,medium,,https://www.ttb.gov/public-information/foia/list-of-permittees,"jaccard 0.60 via operating; premises Mcminnville, OR; dba New Brighton Distillery; list of 2026-09-20"
new-castle-union-station-craft-distillery,New Castle Union Station Craft Distillery,United States,ttb-basic-permit,PA-S-20206,NEW CASTLE UNION STATION CRAFT DISTILLERY INC,self,ttb-name-state,high,,https://www.ttb.gov/public-information/foia/list-of-permittees,"jaccard 1.00 via operating; premises New Castle, PA; dba New Castle Union Station Craft Distillery; list of 2026-09-20"
new-england-distilling-co,New England Distilling Co,United States,ttb-basic-permit,ME-S-15007,"NEW ENGLAND DISTILLING, LLC",self,ttb-name-state,high,,https://www.ttb.gov/public-information/foia/list-of-permittees,"jaccard 1.00 via owner; premises Portland, ME; list of 2026-09-20"
new-england-sweetwater-farm-distillery,New England Sweetwater Farm & Distillery,United States,ttb-basic-permit,NH-S-20023,SWEETWATER HOLDINGS LLC,self,ttb-name-state,high,,https://www.ttb.gov/public-information/foia/list-of-permittees,"jaccard 1.00 via operating; premises Winchester, NH; dba New England Sweetwater Farm and Distillery; list of 2026-09-20"
new-heritage-distilling,New Heritage Distilling,United States,ttb-basic-permit,WV-S-20023,"NEW HERITAGE DISTILLING, LLC",self,ttb-name-state,high,,https://www.ttb.gov/public-information/foia/list-of-permittees,"jaccard 1.00 via operating; premises Davis, WV; dba New Heritage Distilling; list of 2026-09-20"
new-liberty-distillery,New Liberty Distillery,United States,ttb-basic-permit,PA-S-20018,MILLSTONE SPIRITS GROUP LLC,operator,ttb-name-state,high,,https://www.ttb.gov/public-information/foia/list-of-permittees,"jaccard 1.00 via operating; premises Philadelphia, PA; dba New Liberty Distillery; list of 2026-09-20"
new-mexico-hard-cider-taproom,New Mexico Hard Cider Taproom,United States,ttb-basic-permit,NM-S-20041,"ALTAR SPIRITS, LLC",operator,ttb-premises,medium,,https://www.ttb.gov/public-information/foia/list-of-permittees,"same premises: 545 Camino De La Familia, Santa Fe 87501, street overlap 1.00, name overlap 0.00; dba As Above, So Below Distillery; list of 2026-09-20"
new-riff-distillery,New Riff Distillery,United States,ttb-basic-permit,KY-S-20015,"NEW RIFF DISTILLING, LLC.",self,ttb-name-state,high,,https://www.ttb.gov/public-information/foia/list-of-permittees,"jaccard 1.00 via owner; premises Newport, KY; list of 2026-09-20"
new-world-distillery,New World Distillery,United States,ttb-basic-permit,UT-S-20011,NEW WORLD DISTILLERY INC.,self,ttb-name-state,high,,https://www.ttb.gov/public-information/foia/list-of-permittees,"jaccard 1.00 via operating; premises Eden, UT; dba New World Distillery; list of 2026-09-20"
newport-craft-brewing-distilling-co,Newport Craft Brewing & Distilling Co.,United States,ttb-basic-permit,RI-S-15000,"COASTAL EXTREME BREWING CO., LLC",operator,ttb-name-state,high,,https://www.ttb.gov/public-information/foia/list-of-permittees,"jaccard 1.00 via operating; premises Newport, RI; dba Newport Distilling Company; list of 2026-09-20"
nightside-distillery,Nightside Distillery,United States,ttb-basic-permit,WA-S-20085,"NIGHTSIDE DISTILLERY, LLC",self,ttb-name-state,high,,https://www.ttb.gov/public-information/foia/list-of-permittees,"jaccard 1.00 via operating; premises Edgewood, WA; dba NIghtside Distillery; list of 2026-09-20"
njoy-spirits,NJoy Spirits,United States,ttb-basic-permit,FL-S-20005,"NJOY SPIRITS, LLC",self,ttb-name-state,low,,https://www.ttb.gov/public-information/foia/list-of-permittees,"jaccard 1.00 via operating; premises Weeki Wachee, FL; dba NJoy Spirits; list of 2026-09-20"
noble-cut-distillery,Noble Cut Distillery,United States,ttb-basic-permit,OH-S-20041,APG BEVERAGE LLC,operator,ttb-name-state,high,,https://www.ttb.gov/public-information/foia/list-of-permittees,"jaccard 1.00 via operating; premises Gahanna, OH; dba Noble Cut Distillery; list of 2026-09-20"
nobleton-s-distilling-house,Nobleton's Distilling House,United States,ttb-basic-permit,MO-S-20056,NOBLETONS LLC,self,ttb-name-state,high,,https://www.ttb.gov/public-information/foia/list-of-permittees,"jaccard 1.00 via operating; premises Union, MO; dba Nobletons Distilling House; list of 2026-09-20"
noco-distillery-speakeasy,NOCO Distillery & Speakeasy,United States,ttb-basic-permit,CO-S-20075,"NOCO DISTILLERY, INC.",self,ttb-name-state,medium,,https://www.ttb.gov/public-information/foia/list-of-permittees,"jaccard 0.60 via operating; premises Fort Collins, CO; dba NoCo Distillery; list of 2026-09-20"
noel-family-distillery,NOËL Family Distillery,United States,ttb-basic-permit,LA-S-20029,"NOEL FAMILY DISTILLERY, L.L.C.",self,ttb-name-state,medium,,https://www.ttb.gov/public-information/foia/list-of-permittees,"jaccard 1.00 via operating; premises Donaldsonville, LA; dba Noel Family Distillery; list of 2026-09-20"
nomad-distilling-co,Nomad Distilling Co.,United States,ttb-basic-permit,PA-S-20091,REVEL SPIRITS LLC,operator,ttb-name-state,medium,,https://www.ttb.gov/public-information/foia/list-of-permittees,"jaccard 1.00 via operating; premises Williamsport, PA; dba Nomad Distilling Co.; list of 2026-09-20"
norseman-distillery,Norseman Distillery,United States,ttb-basic-permit,MN-S-20002,NORSEMAN DISTILLERY LLC,self,ttb-name-state,high,,https://www.ttb.gov/public-information/foia/list-of-permittees,"jaccard 1.00 via operating; premises Minneapolis, MN; dba Norseman Distillery; list of 2026-09-20"
north-ridge-distillery,North Ridge Distillery,United States,ttb-basic-permit,NY-S-20168,NORTH RIDGE DISTILLERY. LLC,self,ttb-name-state,high,,https://www.ttb.gov/public-information/foia/list-of-permittees,"jaccard 1.00 via owner; premises Medina, NY; list of 2026-09-20"
north-shore-distillery-llc,"North Shore Distillery, LLC",United States,ttb-basic-permit,IL-S-15002,"NORTH SHORE DISTILLERY, LLC",self,ttb-name-state,high,,https://www.ttb.gov/public-information/foia/list-of-permittees,"jaccard 1.00 via owner; premises Mundelein, IL; list of 2026-09-20"
northern-latitudes-distillery,Northern Latitudes Distillery,United States,ttb-basic-permit,MI-S-20001,"NORTHERN LATITUDES DISTILLERY, LLC",self,ttb-name-state,high,,https://www.ttb.gov/public-information/foia/list-of-permittees,"jaccard 1.00 via owner; premises Lake Leelanau, MI; list of 2026-09-20"
northern-row-brewery-distillery-taproom,"Northern Row Brewery, Distillery & Taproom",United States,ttb-basic-permit,OH-S-20034,"OTR DISTILLERS, LLC",operator,ttb-premises,medium,,https://www.ttb.gov/public-information/foia/list-of-permittees,"same premises: 111 W Mcmicken Ave Bldg 1A, Cincinnati 45202, street overlap 0.60, name overlap 0.00; dba OTR Distillers; list of 2026-09-20"
northern-waters-distillery,Northern Waters Distillery,United States,ttb-basic-permit,WI-S-20011,"NORTHERN WATERS DISTILLERY, LLC",self,ttb-name-state,high,,https://www.ttb.gov/public-information/foia/list-of-permittees,"jaccard 1.00 via owner; premises Minocqua, WI; list of 2026-09-20"
northern-yankee-moonshine-llc,Northern Yankee Moonshine .LLC,United States,ttb-basic-permit,OH-S-20118,NORTHERN YANKEE MOONSHINE LLC,self,ttb-name-state,high,,https://www.ttb.gov/public-information/foia/list-of-permittees,"jaccard 1.00 via operating; premises Ripley, OH; dba Northern Yankee Moonshine; list of 2026-09-20"
northside-distilling-co,Northside Distilling Co.,United States,ttb-basic-permit,OH-S-20023,LEO DISTILLING LLC,operator,ttb-name-state,high,,https://www.ttb.gov/public-information/foia/list-of-permittees,"jaccard 1.00 via operating; premises Cincinnati, OH; dba Northside Distilling Company; list of 2026-09-20"
northwest-spirits,Northwest Spirits,United States,ttb-basic-permit,WA-S-20169,"SEATTLE CAFE, INC.",operator,ttb-name-state,high,,https://www.ttb.gov/public-information/foia/list-of-permittees,"jaccard 1.00 via operating; premises Woodinville, WA; dba Northwest Spirits; list of 2026-09-20"
o-neill-vintners-distillers,O'Neill Vintners & Distillers,United States,ttb-basic-permit,CA-S-15001,O'NEILL BEVERAGES CO. LLC,self,ttb-name-state,high,,https://www.ttb.gov/public-information/foia/list-of-permittees,"jaccard 1.00 via operating; premises Parlier, CA; dba O'NEILL VINTNERS & DISTILLERS; list of 2026-09-20"
o-shaughnessy-distilling-co,O'Shaughnessy Distilling Co.,United States,ttb-basic-permit,MN-S-20060,"O'SHAUGHNESSY DISTILLING, LLC",self,ttb-name-state,high,,https://www.ttb.gov/public-information/foia/list-of-permittees,"jaccard 1.00 via operating; premises Minneapolis, MN; dba O’Shaughnessy Distilling Co.; list of 2026-09-20"
oak-and-grist-distilling-company-llc,Oak and Grist Distilling Company LLC,United States,ttb-basic-permit,NC-S-20049,OAK & GRIST DISTILLING COMPANY L.L.C.,self,ttb-name-state,high,,https://www.ttb.gov/public-information/foia/list-of-permittees,"jaccard 1.00 via operating; premises Black Mountain, NC; dba Oak & Grist Distilling Company; list of 2026-09-20"
oak-house-distillery,Oak House Distillery,United States,ttb-basic-permit,GA-S-20093,BOFFIN CRAFT DISTILLERY LLC,operator,ttb-name-state,medium,,https://www.ttb.gov/public-information/foia/list-of-permittees,"jaccard 1.00 via operating; premises Athens, GA; dba Oak House Distillery; list of 2026-09-20"
oakhurst-spirits,Oakhurst Spirits,United States,ttb-basic-permit,CA-S-20167,"OAKHURST SPIRITS, INC.",self,ttb-name-state,high,,https://www.ttb.gov/public-information/foia/list-of-permittees,"jaccard 1.00 via operating; premises Oakhurst, CA; dba Oakhurst Spirits; list of 2026-09-20"
oakley-brothers-distillery,Oakley Brothers Distillery,United States,ttb-basic-permit,IN-S-20010,OAKLEY BROTHERS DISTILLERY LLC,self,ttb-name-state,high,,https://www.ttb.gov/public-information/foia/list-of-permittees,"jaccard 1.00 via owner; premises Anderson, IN; list of 2026-09-20"
oaklore-distilling-co,Oaklore Distilling Co.,United States,ttb-basic-permit,NC-S-20120,OAKLORE DISTILLING COMPANY LLC,self,ttb-name-state,high,,https://www.ttb.gov/public-information/foia/list-of-permittees,"jaccard 1.00 via owner; premises Matthews, NC; list of 2026-09-20"
oasis-distillery,OASIS Distillery,United States,ttb-basic-permit,CA-S-20345,OASIS DISTILLERY LLC,self,ttb-name-state,medium,,https://www.ttb.gov/public-information/foia/list-of-permittees,"jaccard 1.00 via owner; premises Palm Springs, CA; list of 2026-09-20"
obbink-distilling,Obbink Distilling,United States,ttb-basic-permit,MN-S-20068,MAD HATTER WHISKEY LLC,operator,ttb-name-state,high,,https://www.ttb.gov/public-information/foia/list-of-permittees,"jaccard 1.00 via operating; premises St Joseph, MN; dba Obbink Distillery; list of 2026-09-20"
ocean-s-daughter-distillery,Ocean's Daughter Distillery,United States,ttb-basic-permit,WA-S-20136,"WESTPORT WINERY, INC.",operator,ttb-name-state,high,,https://www.ttb.gov/public-information/foia/list-of-permittees,"jaccard 1.00 via operating; premises Aberdeen, WA; dba Ocean's Daughter Distillery; list of 2026-09-20"
ocoee-river-distilling,Ocoee River Distilling,United States,ttb-basic-permit,TN-S-20141,COPPER BASIN ENTERPRISES LLC,operator,ttb-premises,medium,,https://www.ttb.gov/public-information/foia/list-of-permittees,"same premises: 307 Main St, Ducktown 37326, street overlap 1.00, name overlap 0.00; list of 2026-09-20"
ogden-s-own-distillery,Ogden's Own Distillery,United States,ttb-basic-permit,UT-S-15002,"OGDEN'S OWN DISTILLERY, INC",self,ttb-name-state,high,,https://www.ttb.gov/public-information/foia/list-of-permittees,"jaccard 1.00 via owner; premises Ogden, UT; list of 2026-09-20"
ohso-brewery-distillery,OHSO Brewery + Distillery,United States,ttb-basic-permit,AZ-S-20006,"FROSTY 3,  LLC",operator,ttb-premises,medium,,https://www.ttb.gov/public-information/foia/list-of-permittees,"same premises: 15681 N Hayden Rd Ste 112, Scottsdale 85260, street overlap 0.67, name overlap 0.00; dba O.H.S.O. Eatery + Distillery; list of 2026-09-20"
old-55-distillery,Old 55 Distillery,United States,ttb-basic-permit,IN-S-20013,KINSMEN DISTILLERY LLC,operator,ttb-name-state,high,,https://www.ttb.gov/public-information/foia/list-of-permittees,"jaccard 1.00 via operating; premises Newtown, IN; dba Old 55 Distillery; list of 2026-09-20"
old-a1a-distillery,Old A1A Distillery,United States,ttb-basic-permit,FL-S-20197,"FLAGLER BEACHFRONT WINERY, INC.",operator,ttb-name-state,high,,https://www.ttb.gov/public-information/foia/list-of-permittees,"jaccard 1.00 via operating; premises Flagler Beach, FL; dba Old A1A Distillery; list of 2026-09-20"
old-alker-distillery,Old Alker Distillery,United States,ttb-basic-permit,LA-S-20056,"THE OLD ALKER DISTILLERY, LLC",self,ttb-name-state,high,,https://www.ttb.gov/public-information/foia/list-of-permittees,"jaccard 1.00 via owner; premises New Orleans, LA; list of 2026-09-20"
old-courthouse-distilling,Old Courthouse Distilling,United States,ttb-basic-permit,MD-S-20042,OLD COURTHOUSE DISTILLING LLC,self,ttb-name-state,high,,https://www.ttb.gov/public-information/foia/list-of-permittees,"jaccard 1.00 via operating; premises Centreville, MD; dba Old Courthouse Distilling; list of 2026-09-20"
old-dominick-s,Old Dominick's,United States,ttb-basic-permit,TN-S-20035,"OLD DOMINICK DISTILLERY, LLC",operator,ttb-premises,medium,,https://www.ttb.gov/public-information/foia/list-of-permittees,"same premises: 305 S Front St, Memphis 38103, street overlap 1.00, name overlap 0.00; dba Old Dominick Distillery; list of 2026-09-20"
old-forester-distillery,Old Forester Distillery,United States,ttb-basic-permit,KY-S-15023,"BROWN-FORMAN DISTILLERY, INC.",operator,ttb-name-state,high,,https://www.ttb.gov/public-information/foia/list-of-permittees,"jaccard 1.00 via operating; premises Louisville, KY; dba OLD FORESTER DISTILLING CO.; list of 2026-09-20"
old-forge-distillery,Old Forge Distillery,United States,ttb-basic-permit,TN-S-20012,"OLD FORGE DISTILLERY, LLC",self,ttb-name-state,high,,https://www.ttb.gov/public-information/foia/list-of-permittees,"jaccard 1.00 via owner; premises Pigeon Forge, TN; list of 2026-09-20"
old-fourth-distillery,Old Fourth Distillery,United States,ttb-basic-permit,GA-S-20004,"OLD FOURTH DISTILLERY, LTD. CO.",self,ttb-name-state,high,,https://www.ttb.gov/public-information/foia/list-of-permittees,"jaccard 1.00 via operating; premises Atlanta, GA; dba Old Fourth Distillery; pin has no address, matched nationwide; list of 2026-09-20"
old-fourth-distillery-kitchen,Old Fourth Distillery + Kitchen,United States,ttb-basic-permit,GA-S-20004,"OLD FOURTH DISTILLERY, LTD. CO.",self,ttb-name-state,medium,,https://www.ttb.gov/public-information/foia/list-of-permittees,"jaccard 0.60 via operating; premises Atlanta, GA; dba Old Fourth Distillery; list of 2026-09-20"
old-glory-distilling-company,Old Glory Distilling Company,United States,ttb-basic-permit,TN-S-20026,CUNNINGHAM SPIRITS LLC,operator,ttb-name-state,high,,https://www.ttb.gov/public-information/foia/list-of-permittees,"jaccard 1.00 via operating; premises Clarksville, TN; dba Old Glory Distilling Company; list of 2026-09-20"
old-harbor-distilling-co,Old Harbor Distilling Co.,United States,ttb-basic-permit,CA-S-20031,"SKUBIC ENTERPRISES, LLC",operator,ttb-name-state,high,,https://www.ttb.gov/public-information/foia/list-of-permittees,"jaccard 1.00 via operating; premises San Diego, CA; dba Old Harbor Distilling Company; list of 2026-09-20"
old-home-distillers,Old Home Distillers,United States,ttb-basic-permit,NY-S-20058,FORSTER-JARVIS LLC,operator,ttb-name-state,high,,https://www.ttb.gov/public-information/foia/list-of-permittees,"jaccard 1.00 via operating; premises Lebanon, NY; dba Old Home Distillers; list of 2026-09-20"
old-homestead-distilling-co,Old Homestead Distilling Co.,United States,ttb-basic-permit,IN-S-20113,OLD HOMESTEAD DISTILLING CO.,self,ttb-name-state,high,,https://www.ttb.gov/public-information/foia/list-of-permittees,"jaccard 1.00 via owner; premises Birdseye, IN; list of 2026-09-20"
old-humble-distilling-company,Old Humble Distilling Company,United States,ttb-basic-permit,TX-S-20025,BIG THICKET DISTILLING COMPANY,operator,ttb-name-state,high,,https://www.ttb.gov/public-information/foia/list-of-permittees,"jaccard 1.00 via operating; premises Humble, TX; dba Old Humble Distilling Company; list of 2026-09-20"
old-log-cabin-distillery,Old Log Cabin Distillery,United States,ttb-basic-permit,WA-S-20200,EVERGREEN DISTILLERY LLC,operator,ttb-name-state,high,,https://www.ttb.gov/public-information/foia/list-of-permittees,"jaccard 1.00 via operating; premises Seattle, WA; dba Old Log Cabin Distillery; list of 2026-09-20"
old-mission-distilling,Old Mission Distilling,United States,ttb-basic-permit,MI-S-20007,"NORTHERN UNITED BREWING COMPANY, LLC",operator,ttb-name-state,high,,https://www.ttb.gov/public-information/foia/list-of-permittees,"jaccard 1.00 via operating; premises Dexter, MI; dba Mission Micro Distillery; list of 2026-09-20"
old-nick-williams-co-farm-distillery,Old Nick Williams Co. Farm & Distillery,United States,ttb-basic-permit,NC-S-20057,"THE OLD NICK WILLIAMS COMPANY, INC.",self,ttb-name-state,high,,https://www.ttb.gov/public-information/foia/list-of-permittees,"jaccard 1.00 via operating; premises Lewisville, NC; dba Old Nick Williams Company; list of 2026-09-20"
old-ozarkian-distillery,Old Ozarkian Distillery,United States,ttb-basic-permit,MO-S-20067,OLD OZARKIAN DISTILLERY LLC,self,ttb-name-state,high,,https://www.ttb.gov/public-information/foia/list-of-permittees,"jaccard 1.00 via operating; premises Union, MO; dba Old Ozarkian Distillery; list of 2026-09-20"
old-prentice-distillery,Old Prentice Distillery,United States,ttb-basic-permit,KY-S-47,FOUR ROSES DISTILLERY LLC,operator,ttb-premises,medium,,https://www.ttb.gov/public-information/foia/list-of-permittees,"same premises: 1224 Bonds Mill Rd, Lawrenceburg 40342, street overlap 1.00, name overlap 0.00; list of 2026-09-20"
old-pueblo-distilling-company,Old Pueblo Distilling Company,United States,ttb-basic-permit,AZ-S-20023,"TOWN UNDER BLACK DISTILLERY, L.L.C.",operator,ttb-premises,medium,,https://www.ttb.gov/public-information/foia/list-of-permittees,"same premises: 3810 E 44Th St Unit 307-311, Tucson 85713, street overlap 0.75, name overlap 0.00; list of 2026-09-20"
old-republic-distillery,Old Republic Distillery,United States,ttb-basic-permit,PA-S-20002,"OLD REPUBLIC DISTILLERY, INC",self,ttb-name-state,high,,https://www.ttb.gov/public-information/foia/list-of-permittees,"jaccard 1.00 via owner; premises York, PA; list of 2026-09-20"
old-savannah-distillery,Old Savannah Distillery,United States,ttb-basic-permit,GA-S-20021,SAVANNAH SPRITS DISTILLING LTD. COMPANY,self,ttb-name-state,high,,https://www.ttb.gov/public-information/foia/list-of-permittees,"jaccard 1.00 via operating; premises Savannah, GA; dba Savannah Spirits Distilling Co.; list of 2026-09-20"
old-scotland-road-distillery,Old Scotland Road Distillery,United States,ttb-basic-permit,NY-S-20195,"OLD SCOTLAND ROAD DISTILLERY, LLC",self,ttb-name-state,high,,https://www.ttb.gov/public-information/foia/list-of-permittees,"jaccard 1.00 via owner; premises Akron, NY; list of 2026-09-20"
old-soldier-distillery,Old Soldier Distillery,United States,ttb-basic-permit,WA-S-20063,"FACTOTUM NORTHWEST, LLC",operator,ttb-name-state,high,,https://www.ttb.gov/public-information/foia/list-of-permittees,"jaccard 1.00 via operating; premises Tacoma, WA; dba Old Soldier Distillery; list of 2026-09-20"
old-sugar-distillery,Old Sugar Distillery,United States,ttb-basic-permit,WI-S-15011,"OLD SUGAR DISTILLERY, LLC",self,ttb-name-state,high,,https://www.ttb.gov/public-information/foia/list-of-permittees,"jaccard 1.00 via owner; premises Madison, WI; list of 2026-09-20"
old-taylor-distillery,Old Taylor distillery,United States,ttb-basic-permit,KY-S-20020,"PERISTYLE, LLC",operator,ttb-premises,medium,,https://www.ttb.gov/public-information/foia/list-of-permittees,"same premises: 4445 Mccracken Pike, Frankfort 40601, street overlap 1.00, name overlap 0.00; dba Castle & Key Distillery; list of 2026-09-20"
old-tennessee-distilling-co,Old Tennessee Distilling Co.,United States,ttb-basic-permit,TN-S-15013,"TNSH, LLC",operator,ttb-name-state,high,,https://www.ttb.gov/public-information/foia/list-of-permittees,"jaccard 1.00 via operating; premises Chattanooga, TN; dba Tennessee Stillhouse; list of 2026-09-20"
old-town-distillery-by-wonder,Old Town Distillery by Wonder,United States,ttb-basic-permit,MI-S-20021,OLD TOWN DISTILLERY LLC,self,ttb-premises,medium,,https://www.ttb.gov/public-information/foia/list-of-permittees,"same premises: 124 S Michigan Ave, Saginaw 48602, street overlap 1.00, name overlap 0.33; list of 2026-09-20"
old-trestle-distillery,Old Trestle Distillery,United States,ttb-basic-permit,CA-S-20120,OLD TRESTLE DISTILLERY LLC,self,ttb-name-state,high,,https://www.ttb.gov/public-information/foia/list-of-permittees,"jaccard 1.00 via operating; premises Truckee, CA; dba Old Trestle Distillery; list of 2026-09-20"
olde-raleigh-distillery,Olde Raleigh Distillery,United States,ttb-basic-permit,NC-S-20089,OLDE RALEIGH DISTILLERY LLC,self,ttb-name-state,high,,https://www.ttb.gov/public-information/foia/list-of-permittees,"jaccard 1.00 via operating; premises Zebulon, NC; dba Olde Raleigh Distillery; list of 2026-09-20"
ole-smoky-distillery,Ole Smoky Distillery,United States,ttb-basic-permit,TN-S-15004,"OLE SMOKY DISTILLERY, LLC",self,ttb-name-state,high,,https://www.ttb.gov/public-information/foia/list-of-permittees,"jaccard 1.00 via operating; premises Gatlinburg, TN; dba Ole Smoky Distillery; list of 2026-09-20"
ole-smoky-moonshine,Ole Smoky Moonshine,United States,ttb-basic-permit,TN-S-15004,"OLE SMOKY DISTILLERY, LLC",self,ttb-name-state,high,,https://www.ttb.gov/public-information/foia/list-of-permittees,"jaccard 1.00 via operating; premises Gatlinburg, TN; dba Ole Smoky Distillery; list of 2026-09-20"
olympia-distilling-co-shoebox-spirits,Olympia Distilling Co. (Shoebox Spirits),United States,ttb-basic-permit,WA-S-15071,"CHEHALIS BREWING GROUP, LLC",operator,ttb-name-state,high,,https://www.ttb.gov/public-information/foia/list-of-permittees,"jaccard 1.00 via operating; premises Tumwater, WA; dba Shoebox Spirits & Olympia Distilling Co; list of 2026-09-20"
one-eight-distilling,One Eight Distilling,United States,ttb-basic-permit,DC-S-20002,"ONE EIGHT DISTILLING, LLC",self,ttb-name-state,high,,https://www.ttb.gov/public-information/foia/list-of-permittees,"jaccard 1.00 via owner; premises Washington, DC; list of 2026-09-20"
one-handsome-bastard-distillery,One Handsome Bastard Distillery,United States,ttb-basic-permit,AZ-S-20063,1 HB LLC,operator,ttb-premises,medium,,https://www.ttb.gov/public-information/foia/list-of-permittees,"same premises: 7042 E Indian School Rd, Scottsdale 85251, street overlap 1.00, name overlap 0.00; dba 1 HB; list of 2026-09-20"
oola-distillery-production-tours-visit-by-appointment-only,OOLA Distillery Production & Tours (Visit by Appointment Only),United States,ttb-basic-permit,WA-S-15058,"OOLA INDUSTRIES, LLC",operator,ttb-premises,medium,,https://www.ttb.gov/public-information/foia/list-of-permittees,"same premises: 4755 Colorado Ave S Ste B, Seattle 98134, street overlap 1.00, name overlap 0.20; dba OOLA DISTILLERY; list of 2026-09-20"
open-road-distilling-co,Open Road Distilling Co.,United States,ttb-basic-permit,VA-S-20114,MHG RESTON LLC,operator,ttb-name-state,high,,https://www.ttb.gov/public-information/foia/list-of-permittees,"jaccard 1.00 via operating; premises Reston, VA; dba Open Road Distillery; list of 2026-09-20"
orange-county-distillery,Orange County Distillery,United States,ttb-basic-permit,NY-S-20029,"ORANGE COUNTY DISTILLERY, LLC",self,ttb-name-state,high,,https://www.ttb.gov/public-information/foia/list-of-permittees,"jaccard 1.00 via owner; premises Goshen, NY; list of 2026-09-20"
orcas-island-distillery,Orcas Island Distillery,United States,ttb-basic-permit,WA-S-20057,ORCAS ISLAND DISTILLERY LLC,self,ttb-name-state,high,,https://www.ttb.gov/public-information/foia/list-of-permittees,"jaccard 1.00 via operating; premises Orcas, WA; dba Orcas Island Distillery; list of 2026-09-20"
oregon-grain-growers-brand-distillery,Oregon Grain Growers Brand Distillery,United States,ttb-basic-permit,OR-S-20040,"OREGON GRAIN GROWERS BRAND DISTILLERY, INC.",self,ttb-name-state,high,,https://www.ttb.gov/public-information/foia/list-of-permittees,"jaccard 1.00 via owner; premises Pendleton, OR; list of 2026-09-20"
oregon-spirit-distillers,Oregon Spirit Distillers,United States,ttb-basic-permit,OR-S-15027,MAVERICK SPIRIT LLC,operator,ttb-name-state,high,,https://www.ttb.gov/public-information/foia/list-of-permittees,"jaccard 1.00 via operating; premises Bend, OR; dba OREGON SPIRIT DISTILLERS; list of 2026-09-20"
orkney-springs-distillery,Orkney Springs Distillery,United States,ttb-basic-permit,VA-S-20081,"7 HOLLOWS FARM, LLC",operator,ttb-name-state,high,,https://www.ttb.gov/public-information/foia/list-of-permittees,"jaccard 1.00 via operating; premises Alexandria, VA; dba Orkney Springs Distillery; list of 2026-09-20"
osocalis-distillery,Osocalis Distillery,United States,ttb-basic-permit,CA-S-328,"OSOCALIS, INC.",self,ttb-name-state,high,,https://www.ttb.gov/public-information/foia/list-of-permittees,"jaccard 1.00 via operating; premises Soquel, CA; dba Osocalis, Inc.; list of 2026-09-20"
otter-creek-farmstead-and-distillery,Otter Creek Farmstead and Distillery,United States,ttb-basic-permit,AL-S-20055,OTTER CREEK DISTILLERY LLC,self,ttb-name-state,medium,,https://www.ttb.gov/public-information/foia/list-of-permittees,"jaccard 0.77 via operating; premises Ohatchee, AL; dba OTTER CREEK DISTILLERY; list of 2026-09-20"
outer-banks-distilling,Outer Banks Distilling,United States,ttb-basic-permit,NC-S-20018,OUTER BANKS CRAFT DISTILLING LLC,self,ttb-name-state,high,,https://www.ttb.gov/public-information/foia/list-of-permittees,"jaccard 1.00 via owner; premises Manteo, NC; dba Kill Devil Rum; list of 2026-09-20"
outlaw-distillery,Outlaw Distillery,United States,ttb-basic-permit,UT-S-20026,"OUTLAW SPIRITS, LLC",self,ttb-name-state,high,,https://www.ttb.gov/public-information/foia/list-of-permittees,"jaccard 1.00 via operating; premises Midvale, UT; dba Outlaw Distillery; list of 2026-09-20"
oversea-distillery-bar,Oversea Distillery & Bar,United States,ttb-basic-permit,MD-S-20074,OVERSEA DISTILLERY LLC,self,ttb-name-state,high,,https://www.ttb.gov/public-information/foia/list-of-permittees,"jaccard 1.00 via operating; premises Columbia, MD; dba Oversea Distillery; list of 2026-09-20"
ozan-winery-yh-distillery,Ozan Winery & YH Distillery,United States,ttb-basic-permit,AL-S-20016,"SOUTHEAST WINE, LLC",operator,ttb-name-state,medium,,https://www.ttb.gov/public-information/foia/list-of-permittees,"jaccard 0.60 via operating; premises Calera, AL; dba YH Spirits; list of 2026-09-20"
ozark-distillery,Ozark Distillery,United States,ttb-basic-permit,MO-S-20007,"OZARK DISTILLERY, LLC",self,ttb-name-state,medium,,https://www.ttb.gov/public-information/foia/list-of-permittees,"jaccard 1.00 via owner; premises Osage Beach, MO; list of 2026-09-20"
pacifick-distillers,Pacifick Distillers,United States,ttb-basic-permit,OR-S-15050,"PACIFICK DISTILLERS, INC.",self,ttb-name-state,high,,https://www.ttb.gov/public-information/foia/list-of-permittees,"jaccard 1.00 via owner; premises Astoria, OR; list of 2026-09-20"
painted-stave-distilling,Painted Stave Distilling,United States,ttb-basic-permit,DE-S-20002,"LEGACY DISTILLING, LLC",operator,ttb-name-state,high,,https://www.ttb.gov/public-information/foia/list-of-permittees,"jaccard 1.00 via operating; premises Smyrna, DE; dba Painted Stave Distilling; list of 2026-09-20"
palmer-distilling-co,Palmer Distilling Co,United States,ttb-basic-permit,PA-S-20023,W.P. PALMER DISTILLING COMPANY,self,ttb-name-state,medium,,https://www.ttb.gov/public-information/foia/list-of-permittees,"jaccard 0.60 via owner; premises Philadelphia, PA; list of 2026-09-20"
panther-distillery,Panther Distillery,United States,ttb-basic-permit,MN-S-20029,"PANTHER DISTILLERY, LLC",self,ttb-name-state,high,,https://www.ttb.gov/public-information/foia/list-of-permittees,"jaccard 1.00 via operating; premises Osakis, MN; dba Panther Distillery; list of 2026-09-20"
pap-s-hilltop-distillery,Pap's Hilltop Distillery,United States,ttb-basic-permit,OH-S-20101,PAP'S HILLTOP DISTILLERY LLC,self,ttb-name-state,high,,https://www.ttb.gov/public-information/foia/list-of-permittees,"jaccard 1.00 via owner; premises Bainbridge, OH; list of 2026-09-20"
paradise-north-distillery,Paradise North Distillery,United States,ttb-basic-permit,WI-S-20055,PARADISE NORTH DISTILLERY CO.,self,ttb-name-state,high,,https://www.ttb.gov/public-information/foia/list-of-permittees,"jaccard 1.00 via owner; premises Green Bay, WI; list of 2026-09-20"
park-family-farms-distillery,Park Family Farms Distillery,United States,ttb-basic-permit,PA-S-20079,"PARK FAMILY FARMS, LLC",self,ttb-name-state,medium,,https://www.ttb.gov/public-information/foia/list-of-permittees,"jaccard 1.00 via operating; premises Stahlstown, PA; dba PARK FAMILY FARMS DISTILLERY; list of 2026-09-20"
parkway-distillery,Parkway Distillery,United States,ttb-basic-permit,MO-S-20121,"PARKWAY DISTILLERY, LLC",self,ttb-name-state,high,,https://www.ttb.gov/public-information/foia/list-of-permittees,"jaccard 1.00 via operating; premises St. Joseph, MO; dba Parkway Distillery; list of 2026-09-20"
patapsco-distillery,Patapsco Distillery,United States,ttb-basic-permit,MD-S-20023,PATAPSCO DISTILLING COMPANY,self,ttb-name-state,high,,https://www.ttb.gov/public-information/foia/list-of-permittees,"jaccard 1.00 via owner; premises Sykesville, MD; list of 2026-09-20"
pathfinder-farm-distillery,Pathfinder Farm Distillery,United States,ttb-basic-permit,MD-S-20049,"PLEASANT VALLEY DISTILLERY, LLC",operator,ttb-name-state,high,,https://www.ttb.gov/public-information/foia/list-of-permittees,"jaccard 1.00 via operating; premises Keedysville, MD; dba Pathfinder Farm; list of 2026-09-20"
pauley-hollow-distillery-llc,"Pauley Hollow Distillery, LLC",United States,ttb-basic-permit,KY-S-20039,"PAULEY HOLLOW DISTILLERY, LLC",self,ttb-name-state,high,,https://www.ttb.gov/public-information/foia/list-of-permittees,"jaccard 1.00 via owner; premises Forest Hills, KY; list of 2026-09-20"
peach-street-distillery,Peach Street Distillery,United States,ttb-basic-permit,CO-S-20189,"WHISKEY BIZ, LLC",operator,ttb-name-state,high,,https://www.ttb.gov/public-information/foia/list-of-permittees,"jaccard 1.00 via operating; premises Palisade, CO; dba Peach Street Distillery; list of 2026-09-20"
pendrays-distillery,Pendrays Distillery,United States,ttb-basic-permit,CA-S-20039,"PASOPORT WINE COMPANY, INC.",operator,ttb-name-state,high,,https://www.ttb.gov/public-information/foia/list-of-permittees,"jaccard 1.00 via operating; premises Templeton, CA; dba Pendray's Distillery; list of 2026-09-20"
pennsylvania-distilling-company,Pennsylvania Distilling Company,United States,ttb-basic-permit,PA-S-20065,PENNSYLVANIA DISTILLING COMPANY LLC,self,ttb-name-state,high,,https://www.ttb.gov/public-information/foia/list-of-permittees,"jaccard 1.00 via owner; premises Malvern, PA; list of 2026-09-20"
pennsylvania-pure-distilleries,Pennsylvania Pure Distilleries,United States,ttb-basic-permit,PA-S-15002,"PENNSYLVANIA PURE DISTILLERIES, LLC",self,ttb-name-state,high,,https://www.ttb.gov/public-information/foia/list-of-permittees,"jaccard 1.00 via owner; premises Glenshaw, PA; list of 2026-09-20"
pensive-distilling-company,Pensive Distilling Company,United States,ttb-basic-permit,KY-S-20073,"COAST 2 COAST CATTLE & LAND COMPANY, LLC",operator,ttb-name-state,high,,https://www.ttb.gov/public-information/foia/list-of-permittees,"jaccard 1.00 via operating; premises Newport, KY; dba Pensive Distilling Company; list of 2026-09-20"
perlick-distillery,Perlick Distillery,United States,ttb-basic-permit,WI-S-20028,PERLICK DISTILLERY LLC,self,ttb-name-state,high,,https://www.ttb.gov/public-information/foia/list-of-permittees,"jaccard 1.00 via operating; premises Sarona, WI; dba Perlick Distillery, LLC; list of 2026-09-20"
phantom-v-distilling-company-llc,Phantom V Distilling Company LLC,United States,ttb-basic-permit,MO-S-20055,PHANTOM V DISTILLING COMPANY LLC,self,ttb-name-state,high,,https://www.ttb.gov/public-information/foia/list-of-permittees,"jaccard 1.00 via owner; premises Warrensburg, MO; dba Shine Shack; list of 2026-09-20"
philadelphia-distilling,Philadelphia Distilling,United States,ttb-basic-permit,PA-S-15000,PHILADELPHIA DISTILLING LLC,self,ttb-name-state,high,,https://www.ttb.gov/public-information/foia/list-of-permittees,"jaccard 1.00 via owner; premises Philadelphia, PA; list of 2026-09-20"
piedmont-distillers,Piedmont Distillers,United States,ttb-basic-permit,NC-S-4,"PIEDMONT DISTILLERS, INC.",self,ttb-name-state,high,,https://www.ttb.gov/public-information/foia/list-of-permittees,"jaccard 1.00 via owner; premises Madison, NC; list of 2026-09-20"
pilot-house-distilling,Pilot House Distilling,United States,ttb-basic-permit,OR-S-20139,"PILOT HOUSE DISTILLING, INC.",self,ttb-name-state,low,,https://www.ttb.gov/public-information/foia/list-of-permittees,"jaccard 1.00 via operating; premises Astoria, OR; dba Pilot House Distilling; list of 2026-09-20"
pinckney-bend-distillery,Pinckney Bend Distillery,United States,ttb-basic-permit,MO-S-15013,ARTISAN SPIRITS LLC,operator,ttb-name-state,high,,https://www.ttb.gov/public-information/foia/list-of-permittees,"jaccard 1.00 via operating; premises New Haven, MO; dba PINCKNEY BEND DISTILLING COMPANY; list of 2026-09-20"
pine-bluffs-distilling,Pine Bluffs Distilling,United States,ttb-basic-permit,WY-S-20007,WMC/PBD LLC,operator,ttb-name-state,high,,https://www.ttb.gov/public-information/foia/list-of-permittees,"jaccard 1.00 via operating; premises Pine Blufffs, WY; dba Pine Bluffs Distilling; list of 2026-09-20"
pine-tavern-distillery,Pine Tavern Distillery,United States,ttb-basic-permit,NJ-S-20014,PINE TAVERN DISTILLERY LLC,self,ttb-name-state,high,,https://www.ttb.gov/public-information/foia/list-of-permittees,"jaccard 1.00 via owner; premises Monroeville, NJ; list of 2026-09-20"
pink-bench-distilling,Pink Bench Distilling,United States,ttb-basic-permit,MT-S-20039,"NAIAD CREATIVE, INC.",operator,ttb-name-state,high,,https://www.ttb.gov/public-information/foia/list-of-permittees,"jaccard 1.00 via operating; premises Troy, MT; dba Pink Bench Distilling; list of 2026-09-20"
plank-road-distillery,Plank Road Distillery,United States,ttb-basic-permit,WI-S-20043,"PLANK ROAD DISTILLERY, LLC",self,ttb-name-state,high,,https://www.ttb.gov/public-information/foia/list-of-permittees,"jaccard 1.00 via owner; premises Plymouth, WI; list of 2026-09-20"
ponfeigh-distillery,Ponfeigh Distillery,United States,ttb-basic-permit,PA-S-20229,PONFEIGH DISTILLERY LLC,self,ttb-name-state,high,,https://www.ttb.gov/public-information/foia/list-of-permittees,"jaccard 1.00 via operating; premises Somerset, PA; dba Ponfeigh; list of 2026-09-20"
pontchartrain-distilling-co-paul-kelly-vodka,Pontchartrain Distilling Co (Paul Kelly Vodka),United States,ttb-basic-permit,LA-S-20040,"PONTCHARTRAIN DISTILLING COMPANY, LLC",self,ttb-premises,medium,,https://www.ttb.gov/public-information/foia/list-of-permittees,"same premises: 515 W 7Th St, Bogalusa 70427, street overlap 1.00, name overlap 0.33; list of 2026-09-20"
porchjam-distillery,Porchjam Distillery,United States,ttb-basic-permit,LA-S-20022,BOOTLEG DISTILLATION LLC,operator,ttb-name-state,high,,https://www.ttb.gov/public-information/foia/list-of-permittees,"jaccard 1.00 via operating; premises New Orleans, LA; dba Porchjam Distillation; list of 2026-09-20"
porchlight-distillery,PorchLight Distillery,United States,ttb-basic-permit,TX-S-20322,PORCHLIGHT DISTILLERY LLC,self,ttb-name-state,high,,https://www.ttb.gov/public-information/foia/list-of-permittees,"jaccard 1.00 via owner; premises Mason, TX; list of 2026-09-20"
port-chilkoot-distillery,Port Chilkoot Distillery,United States,ttb-basic-permit,AK-S-20003,PORT CHILKOOT DISTILLERY LLC,self,ttb-name-state,high,,https://www.ttb.gov/public-information/foia/list-of-permittees,"jaccard 1.00 via operating; premises Haines, AK; dba Port Chilkoot Distillery; list of 2026-09-20"
potter-jane-distilling-company,Potter Jane Distilling Company,United States,ttb-basic-permit,KY-S-20156,J & D DISTILLING COMPANY LLC,operator,ttb-name-state,high,,https://www.ttb.gov/public-information/foia/list-of-permittees,"jaccard 1.00 via operating; premises Springfield, KY; dba Potter Jane Distilling Company; list of 2026-09-20"
pour-decisions-distillery,Pour Decisions Distillery,United States,ttb-basic-permit,PA-S-20193,MABSCO ENTERPRISES LLC,operator,ttb-name-state,high,,https://www.ttb.gov/public-information/foia/list-of-permittees,"jaccard 1.00 via operating; premises Montoursville, PA; dba Pour Decisions Distillery; list of 2026-09-20"
premiere-distillery-llc,Premiere Distillery LLC,United States,ttb-basic-permit,IL-S-15018,"PREMIERE DISTILLERY, LLC",self,ttb-name-state,high,,https://www.ttb.gov/public-information/foia/list-of-permittees,"jaccard 1.00 via owner; premises Gurnee, IL; list of 2026-09-20"
preservation-distillery-farm,Preservation Distillery + Farm,United States,ttb-basic-permit,KY-S-20044,PRESERVATION DISTILLERY LLC,self,ttb-name-state,high,,https://www.ttb.gov/public-information/foia/list-of-permittees,"jaccard 1.00 via owner; premises Bardstown, KY; list of 2026-09-20"
prichard-s-distillery,Prichard's Distillery,United States,ttb-basic-permit,TN-S-12,"PRICHARDS' DISTILLERY, INC.",self,ttb-name-state,high,,https://www.ttb.gov/public-information/foia/list-of-permittees,"jaccard 1.00 via operating; premises Kelso, TN; dba Prichards Distillery; list of 2026-09-20"
private-label-distillery,Private Label Distillery,United States,ttb-basic-permit,CO-S-20013,"PRIVATE LABEL DISTILLERY, LLC",self,ttb-name-state,medium,,https://www.ttb.gov/public-information/foia/list-of-permittees,"jaccard 1.00 via owner; premises Colorado Springs, CO; list of 2026-09-20"
privateer-rum-distillery,Privateer Rum Distillery,United States,ttb-basic-permit,MA-S-15005,"PRIVATEER INTERNATIONAL, LLC",self,ttb-name-state,high,,https://www.ttb.gov/public-information/foia/list-of-permittees,"jaccard 1.00 via operating; premises Ipswich, MA; dba Privateer Rum; list of 2026-09-20"
probably-shouldn-t-distillery,Probably Shouldn't Distillery,United States,ttb-basic-permit,WA-S-20119,PROBABLY SHOULDN'T DISTILLERY LLC,self,ttb-name-state,high,,https://www.ttb.gov/public-information/foia/list-of-permittees,"jaccard 1.00 via operating; premises Everson, WA; dba Probably Shouldn't Distillery; list of 2026-09-20"
produce-waterfront-spirits-co,Produce & Waterfront Spirits Co.,United States,ttb-basic-permit,CA-S-20525,BRAWL LLC,operator,ttb-premises,medium,,https://www.ttb.gov/public-information/foia/list-of-permittees,"same premises: 369 3Rd St, Oakland 94607, street overlap 1.00, name overlap 0.00; dba P&W Spirits Co.; list of 2026-09-20"
proof-artisan-distillers,Proof Artisan Distillers,United States,ttb-basic-permit,ND-S-20001,"PROOF ARTISAN DISTILLERS, LLC",self,ttb-name-state,medium,,https://www.ttb.gov/public-information/foia/list-of-permittees,"jaccard 1.00 via operating; premises Fargo, ND; dba Proof Artisan Distillers; list of 2026-09-20"
puerto-rico-distillery,Puerto Rico Distillery,United States,ttb-basic-permit,MD-S-20047,"PUERTO RICO DISTILLERY, LLC",self,ttb-name-state,high,,https://www.ttb.gov/public-information/foia/list-of-permittees,"jaccard 1.00 via operating; premises Brunswick, MD; dba Puerto Rico Distillery; list of 2026-09-20"
pullman-distillery,Pullman Distillery,United States,ttb-basic-permit,CO-S-20129,PROST LLC,operator,ttb-name-state,high,,https://www.ttb.gov/public-information/foia/list-of-permittees,"jaccard 1.00 via operating; premises Frisco, CO; dba Pullman Distillery; list of 2026-09-20"
pure-distilling,Pure Distilling,United States,ttb-basic-permit,CO-S-20179,PURE DISTILLING INC,self,ttb-name-state,medium,,https://www.ttb.gov/public-information/foia/list-of-permittees,"jaccard 1.00 via owner; premises Colorado Springs, CO; list of 2026-09-20"
purple-toad-winery-and-distillery,Purple Toad Winery and Distillery,United States,ttb-basic-permit,KY-S-20153,"DOSSEY VINEYARDS, LLC",operator,ttb-name-state,high,,https://www.ttb.gov/public-information/foia/list-of-permittees,"jaccard 1.00 via operating; premises Paducah, KY; dba Purple Toad Distillery; list of 2026-09-20"
pursuit-distilling-co,Pursuit Distilling Co.,United States,ttb-basic-permit,WA-S-20098,"WHITE RIVER DISTILLERS, LLC",operator,ttb-name-state,high,,https://www.ttb.gov/public-information/foia/list-of-permittees,"jaccard 1.00 via operating; premises Enumclaw, WA; dba Pursuit Distilling Co.; list of 2026-09-20"
pursuit-spirits-distillery,Pursuit Spirits Distillery,United States,ttb-basic-permit,KY-S-20132,"PURSUIT SPIRITS, LLC",self,ttb-name-state,high,,https://www.ttb.gov/public-information/foia/list-of-permittees,"jaccard 1.00 via operating; premises Louisville, KY; dba Pursuit Spirits; list of 2026-09-20"
quartz-mountain-distillers,Quartz Mountain Distillers,United States,ttb-basic-permit,WA-S-20134,"QUARTZ MOUNTAIN DISTILLERS, INC",self,ttb-name-state,high,,https://www.ttb.gov/public-information/foia/list-of-permittees,"jaccard 1.00 via operating; premises Vancouver, WA; dba Quartz Mountain Distillers; list of 2026-09-20"
quincy-street-distillery,Quincy Street Distillery,United States,ttb-basic-permit,IL-S-20001,"BLUE STAR POTABLES, LLC",operator,ttb-name-state,high,,https://www.ttb.gov/public-information/foia/list-of-permittees,"jaccard 1.00 via operating; premises Riverside, IL; dba Quincy Street Distillery; list of 2026-09-20"
r-farm-distilling-co,R/Farm Distilling Co.,United States,ttb-basic-permit,MO-S-20077,"ROSIER FARMS DISTILLING CO., LLC",operator,ttb-name-state,medium,,https://www.ttb.gov/public-information/foia/list-of-permittees,"jaccard 1.00 via operating; premises Mound City, MO; dba R/Farm Distilling Company; list of 2026-09-20"
r-m-rose-and-company-distillers,R.M. Rose And Company Distillers,United States,ttb-basic-permit,GA-S-20009,R.M. ROSE COMPANY,self,ttb-name-state,medium,,https://www.ttb.gov/public-information/foia/list-of-permittees,"jaccard 1.00 via owner; premises Dillard, GA; list of 2026-09-20"
r6-distillery,R6 DISTILLERY,United States,ttb-basic-permit,CA-S-20603,ET ALIAE SPIRITS LLC,operator,ttb-premises,medium,,https://www.ttb.gov/public-information/foia/list-of-permittees,"same premises: 909 E El Segundo Blvd, El Segundo 90245, street overlap 1.00, name overlap 0.00; dba rum et al.; list of 2026-09-20"
rabbit-hole-distillery,Rabbit Hole Distillery,United States,ttb-basic-permit,KY-S-20045,"RABBIT HOLE SPIRITS, LLC",self,ttb-name-state,high,,https://www.ttb.gov/public-information/foia/list-of-permittees,"jaccard 1.00 via owner; premises Louisville, KY; list of 2026-09-20"
ragged-branch-distillery,Ragged Branch Distillery,United States,ttb-basic-permit,VA-S-20012,"RAGGED MOUNTAIN FARM, LLC",self,ttb-name-state,high,,https://www.ttb.gov/public-information/foia/list-of-permittees,"jaccard 1.00 via operating; premises Charlottesville, VA; dba Ragged Branch; list of 2026-09-20"
railroad-distillery,Railroad Distillery,United States,ttb-basic-permit,NJ-S-20065,RAILROAD RUM LLC,self,ttb-name-state,high,,https://www.ttb.gov/public-information/foia/list-of-permittees,"jaccard 1.00 via operating; premises Belford, NJ; dba Railroad Rum; list of 2026-09-20"
ramhorn-distillery,Ramhorn Distillery,United States,ttb-basic-permit,PA-S-20121,"THE EXPERT GROUP, LTD",operator,ttb-name-state,high,,https://www.ttb.gov/public-information/foia/list-of-permittees,"jaccard 1.00 via operating; premises Dubois, PA; dba Ramhorn Distillery; list of 2026-09-20"
ranger-creek-brewing-distilling,Ranger Creek Brewing & Distilling,United States,ttb-basic-permit,TX-S-15017,"RANGER CREEK BREWING & DISTILLING, LLC",self,ttb-name-state,high,,https://www.ttb.gov/public-information/foia/list-of-permittees,"jaccard 1.00 via operating; premises San Antonio, TX; dba ranger creek distilling; list of 2026-09-20"
raven-ranch-distilling-co-kaweah-brewing-co,Raven Ranch Distilling Co. & Kaweah Brewing Co.,United States,ttb-basic-permit,CA-S-20545,KMH ENTERPRISES LLC,operator,ttb-name-state,medium,,https://www.ttb.gov/public-information/foia/list-of-permittees,"jaccard 0.77 via operating; premises Exeter, CA; dba Raven Ranch Distillery; list of 2026-09-20"
re-find-distillery-villicana-winery,RE:FIND Distillery & Villicana Winery,United States,ttb-basic-permit,CA-S-20387,VILLICANA WINE & SPIRITS,self,ttb-name-state,medium,,https://www.ttb.gov/public-information/foia/list-of-permittees,"jaccard 0.77 via operating; premises Paso Robles, CA; dba RE:FIND DISTILLERY; owner is an individual; list of 2026-09-20"
real-spirits-distilling,Real Spirits Distilling,United States,ttb-basic-permit,TX-S-20039,"HUMULUS LUPULUS ENTERPRISES, INC.",operator,ttb-name-state,medium,,https://www.ttb.gov/public-information/foia/list-of-permittees,"jaccard 1.00 via operating; premises Blanco, TX; dba Real Spirits Distilling Company; list of 2026-09-20"
recklesstown-farm-distillery,Recklesstown Farm Distillery,United States,ttb-basic-permit,NJ-S-20047,RECKLESSTOWN FARM DISTILLERY LLC,self,ttb-name-state,high,,https://www.ttb.gov/public-information/foia/list-of-permittees,"jaccard 1.00 via owner; premises Columbus, NJ; list of 2026-09-20"
red-boot-distillery,Red Boot Distillery,United States,ttb-basic-permit,IA-S-20028,"JDSO, INC.",operator,ttb-name-state,high,,https://www.ttb.gov/public-information/foia/list-of-permittees,"jaccard 1.00 via operating; premises Des Moines, IA; dba Red Boot Distillery and Red Boot Beverage; list of 2026-09-20"
red-brick-craft-distillery,Red Brick Craft Distillery,United States,ttb-basic-permit,PA-S-20030,RED BRICK CRAFT DISTILLERY LLC,self,ttb-name-state,high,,https://www.ttb.gov/public-information/foia/list-of-permittees,"jaccard 1.00 via owner; premises Philadelphia, PA; list of 2026-09-20"
red-cedar-spirits,Red Cedar Spirits,United States,ttb-basic-permit,MI-S-15019,"WORKING BUGS, LLC",operator,ttb-name-state,high,,https://www.ttb.gov/public-information/foia/list-of-permittees,"jaccard 1.00 via operating; premises East Lansing, MI; dba Red Cedar Spirits; list of 2026-09-20"
red-eagle-distillery,Red Eagle Distillery,United States,ttb-basic-permit,OH-S-15020,"SOUTH RIVER VINEYARD, INC.",operator,ttb-name-state,high,,https://www.ttb.gov/public-information/foia/list-of-permittees,"jaccard 1.00 via operating; premises Geneva, OH; dba RED EAGLE SPIRITS & DISTILLERY; list of 2026-09-20"
red-fork-distillery,Red Fork Distillery,United States,ttb-basic-permit,OK-S-20007,"RED FORK DISTILLERY, LLC",self,ttb-name-state,high,,https://www.ttb.gov/public-information/foia/list-of-permittees,"jaccard 1.00 via owner; premises Tulsa, OK; list of 2026-09-20"
red-horse-distillery,Red Horse Distillery,United States,ttb-basic-permit,FL-S-20122,RED HORSE DISTILLERY LLC,self,ttb-name-state,high,,https://www.ttb.gov/public-information/foia/list-of-permittees,"jaccard 1.00 via operating; premises Ft Myers, FL; dba Red Horse Distillery; list of 2026-09-20"
red-ox-distillery,Red Ox Distillery,United States,ttb-basic-permit,MO-S-20106,RED OX DISTILLERY LLC,self,ttb-name-state,high,,https://www.ttb.gov/public-information/foia/list-of-permittees,"jaccard 1.00 via owner; premises Foristell, MO; dba Red Ox Distillery / Red State Spirits / Horseshoe Spirits / Blue State Spirits; list of 2026-09-20"
red-river-brewing-company-distillery,Red River Brewing Company & Distillery,United States,ttb-basic-permit,NM-S-20027,"RED RIVER BREWING COMPANY, LLC",self,ttb-name-state,high,,https://www.ttb.gov/public-information/foia/list-of-permittees,"jaccard 1.00 via operating; premises Red River, NM; dba Red River Brewing Company; list of 2026-09-20"
rediviva-distilling,Rediviva Distilling,United States,ttb-basic-permit,WA-S-20135,COLUMBIA MANUFACTURING & TECHNOLOGY CENTER LLC,operator,ttb-name-state,high,,https://www.ttb.gov/public-information/foia/list-of-permittees,"jaccard 1.00 via operating; premises Washougal, WA; dba Rediviva Distilling; list of 2026-09-20"
redmont-distilling-co,Redmont Distilling Co,United States,ttb-basic-permit,AL-S-20008,"REDMONT DISTILLING COMPANY, LLC",self,ttb-name-state,high,,https://www.ttb.gov/public-information/foia/list-of-permittees,"jaccard 1.00 via operating; premises Birmingham, AL; dba Redmont Distilling Company LLC; list of 2026-09-20"
redwall-distillery,Redwall Distillery,United States,ttb-basic-permit,AZ-S-20021,SEDONA DISTILLERY LLC,operator,ttb-name-state,high,,https://www.ttb.gov/public-information/foia/list-of-permittees,"jaccard 1.00 via operating; premises Sedona, AZ; dba Redwall Distillery; list of 2026-09-20"
regeneration-distilling-co,Regeneration Distilling Co.,United States,ttb-basic-permit,KY-S-20063,WILLY'S DISTILLERY LLC,operator,ttb-premises,medium,,https://www.ttb.gov/public-information/foia/list-of-permittees,"same premises: 31 E Broadway St, Winchester 40391, street overlap 1.00, name overlap 0.00; dba Wildcat Willy's Distillery, LLC; list of 2026-09-20"
regret-distillery,Regret Distillery,United States,ttb-basic-permit,MA-S-20069,"REGRET DISTILLERY, LLC",self,ttb-name-state,high,,https://www.ttb.gov/public-information/foia/list-of-permittees,"jaccard 1.00 via owner; premises Raynham, MA; list of 2026-09-20"
remedy-distillery,Remedy Distillery,United States,ttb-basic-permit,GA-S-20056,"REMEDY DISTILLERY, LLC",self,ttb-name-state,high,,https://www.ttb.gov/public-information/foia/list-of-permittees,"jaccard 1.00 via owner; premises Flowery Branch, GA; list of 2026-09-20"
reservoir-distillery,Reservoir Distillery,United States,ttb-basic-permit,VA-S-15011,"RESERVOIR DISTILLERY, LLC",self,ttb-name-state,high,,https://www.ttb.gov/public-information/foia/list-of-permittees,"jaccard 1.00 via operating; premises Richmond, VA; dba Reservoir Distillery, LLC; list of 2026-09-20"
restless-spirits-distilling-company,Restless Spirits Distilling Company,United States,ttb-basic-permit,MO-S-20022,"RESTLESS SPIRITS DISTILLING COMPANY, LLC",self,ttb-name-state,high,,https://www.ttb.gov/public-information/foia/list-of-permittees,"jaccard 1.00 via owner; premises North Kansas City, MO; list of 2026-09-20"
revelton-distilling-company,Revelton Distilling Company,United States,ttb-basic-permit,IA-S-20029,"REVELTON DISTILLING COMPANY, INC.",self,ttb-name-state,high,,https://www.ttb.gov/public-information/foia/list-of-permittees,"jaccard 1.00 via owner; premises Osceola, IA; list of 2026-09-20"
reverend-spirits-r-d-wilhelm-distillery,Reverend Spirits R.D. Wilhelm Distillery,United States,ttb-basic-permit,VA-S-20043,RD WILHELM LLC,self,ttb-premises,low,,https://www.ttb.gov/public-information/foia/list-of-permittees,"shared premises only, names do not overlap; same premises: 1120 W Olney Rd, Norfolk 23507, street overlap 1.00, name overlap 0.33; dba Reverend Spirits; list of 2026-09-20"
revolution-spirits-distilling-co,Revolution Spirits Distilling Co.,United States,ttb-basic-permit,TX-S-20020,"REVOLUTION SPIRITS DISTILLING CO., LLC",self,ttb-name-state,high,,https://www.ttb.gov/public-information/foia/list-of-permittees,"jaccard 1.00 via operating; premises Austin, TX; dba Revolution Spirits; list of 2026-09-20"
rhine-hall-distillery,Rhine Hall Distillery,United States,ttb-basic-permit,IL-S-20008,SOLBERG DISTILLING LLC,operator,ttb-name-state,high,,https://www.ttb.gov/public-information/foia/list-of-permittees,"jaccard 1.00 via operating; premises Chicago, IL; dba RHINE HALL; list of 2026-09-20"
rick-thomas-distillery,Rick Thomas Distillery,United States,ttb-basic-permit,CO-S-20162,RICK THOMAS DISTILLERY LLC,self,ttb-name-state,high,,https://www.ttb.gov/public-information/foia/list-of-permittees,"jaccard 1.00 via operating; premises Black Hawk, CO; dba Rick Thomas Distillery; list of 2026-09-20"
ridge-runner-distillery,Ridge Runner Distillery,United States,ttb-basic-permit,PA-S-20029,RIDGE RUNNER DISTILLERY LLC,self,ttb-name-state,high,,https://www.ttb.gov/public-information/foia/list-of-permittees,"jaccard 1.00 via owner; premises Chalk Hill, PA; list of 2026-09-20"
ripple-creek-craft-distilling,Ripple Creek Craft Distilling,United States,ttb-basic-permit,PA-S-20308,RIPPLE CREEK CRAFT DISTILLING LLC,self,ttb-name-state,high,,https://www.ttb.gov/public-information/foia/list-of-permittees,"jaccard 1.00 via operating; premises Winfield, PA; dba Ripple Creek Craft Distilling; list of 2026-09-20"
river-basin-distillery,River Basin Distillery,United States,ttb-basic-permit,LA-S-20021,"RIVER BASIN DISTILLERY, LLC",self,ttb-name-state,high,,https://www.ttb.gov/public-information/foia/list-of-permittees,"jaccard 1.00 via owner; premises New Orleans, LA; list of 2026-09-20"
river-bend-winery-distillery,River Bend Winery & Distillery,United States,ttb-basic-permit,WI-S-20079,"RIVER BEND WINERY & DISTILLERY, LLC",self,ttb-name-state,high,,https://www.ttb.gov/public-information/foia/list-of-permittees,"jaccard 1.00 via owner; premises Chippewa Falls, WI; list of 2026-09-20"
river-city-distillery-llc,"River City Distillery, LLC",United States,ttb-basic-permit,VA-S-20127,"RIVER CITY DISTILLERY, LLC",self,ttb-name-state,high,,https://www.ttb.gov/public-information/foia/list-of-permittees,"jaccard 1.00 via operating; premises Radford, VA; dba River City Distillery; list of 2026-09-20"
river-hill-distillery,River Hill Distillery,United States,ttb-basic-permit,VA-S-20006,"RIVER HILL WINE AND SPIRITS, LLC",self,ttb-name-state,high,,https://www.ttb.gov/public-information/foia/list-of-permittees,"jaccard 1.00 via operating; premises Luray, VA; dba River Hill Wine and Spirits LLC.; list of 2026-09-20"
river-raisin-distillery,River Raisin Distillery,United States,ttb-basic-permit,MI-S-20091,RIVER RAISIN DISTILLERY LLC,self,ttb-name-state,high,,https://www.ttb.gov/public-information/foia/list-of-permittees,"jaccard 1.00 via owner; premises Manchester, MI; list of 2026-09-20"
rivers-distillery,River’s Distillery,United States,ttb-basic-permit,GA-S-15008,DAN KENNETH RIVERS SR.,self,ttb-premises,medium,,https://www.ttb.gov/public-information/foia/list-of-permittees,"same premises: 540 W Third St, Jackson 30233, street overlap 0.50, name overlap 0.33; list of 2026-09-20"
roaring-river-distillery,Roaring River Distillery,United States,ttb-basic-permit,TN-S-20079,AMERICAN MOONSHINE LLC,operator,ttb-name-state,high,,https://www.ttb.gov/public-information/foia/list-of-permittees,"jaccard 1.00 via operating; premises Gainesboro, TN; dba Roaring River Distillery; list of 2026-09-20"
robert-james-distillery-formerly-shumrick-leys,Robert James Distillery (formerly Shumrick & Leys),United States,ttb-basic-permit,OH-S-20121,"BECKMAN BROTHERS DISTILLERY, LLC",operator,ttb-premises,medium,,https://www.ttb.gov/public-information/foia/list-of-permittees,"same premises: 2810 Hghland Ave, Norwood 45212, street overlap 0.33, name overlap 0.00; dba Beckman Brothers Distillery; list of 2026-09-20"
rock-12-distillery,Rock 12 Distillery,United States,ttb-basic-permit,CA-S-20182,MARKO SUPUT AND SARAH SUPUT,self,ttb-name-state,high,,https://www.ttb.gov/public-information/foia/list-of-permittees,"jaccard 1.00 via operating; premises Lompoc, CA; dba Rock 12 Distillery; owner is an individual; list of 2026-09-20"
rock-bottom-distillers,Rock Bottom Distillers,United States,ttb-basic-permit,SC-S-20002,"ROCK BOTTOM DISTILLERS, LLC",self,ttb-name-state,high,,https://www.ttb.gov/public-information/foia/list-of-permittees,"jaccard 1.00 via owner; premises Spartanburg, SC; list of 2026-09-20"
rock-filter-distillery,Rock Filter Distillery,United States,ttb-basic-permit,MN-S-20027,ROCKFILTER DISTILLERY LLC,operator,ttb-premises,medium,,https://www.ttb.gov/public-information/foia/list-of-permittees,"same premises: 113 Maple Dr, Spring Grove 55974, street overlap 1.00, name overlap 0.00; list of 2026-09-20"
rock-solid-distillery,Rock Solid Distillery,United States,ttb-basic-permit,GA-S-20042,"MILLER B. TWIST PRODUCTIONS, LLC",operator,ttb-name-state,high,,https://www.ttb.gov/public-information/foia/list-of-permittees,"jaccard 1.00 via operating; premises Winder, GA; dba Rock Solid Distillery; pin has no address, matched nationwide; list of 2026-09-20"
rock-town-distillery,Rock Town Distillery,United States,ttb-basic-permit,AR-S-15003,"ROCK TOWN DISTILLERY, INC.",self,ttb-name-state,high,,https://www.ttb.gov/public-information/foia/list-of-permittees,"jaccard 1.00 via operating; premises Little Rock, AR; dba ROCK TOWN DISTILLERY; list of 2026-09-20"
rockin-a-distillery,rockin a distillery,United States,ttb-basic-permit,MO-S-20035,"ROCKIN' A DISTILLERY, LLC",self,ttb-name-state,high,,https://www.ttb.gov/public-information/foia/list-of-permittees,"jaccard 1.00 via operating; premises Creighton, MO; dba Rockin' A Distillery; list of 2026-09-20"
rocking-m-ranch-distillery,Rocking M Ranch Distillery,United States,ttb-basic-permit,TX-S-15031,"TEXAS BOURBON, INC.",operator,ttb-name-state,high,,https://www.ttb.gov/public-information/foia/list-of-permittees,"jaccard 1.00 via operating; premises Henrietta, TX; dba ROCKING M RANCH DISTILLERY; list of 2026-09-20"
rockpit-brewing-distilling,RockPit Brewing & Distilling,United States,ttb-basic-permit,FL-S-20153,ROCKPIT BREWING LLC,self,ttb-name-state,high,,https://www.ttb.gov/public-information/foia/list-of-permittees,"jaccard 1.00 via operating; premises Orlando, FL; dba RockPit Brewing; list of 2026-09-20"
rolling-oak-distillery,Rolling Oak Distillery,United States,ttb-basic-permit,TN-S-20114,ROLLING OAK FARMS,self,ttb-name-state,high,,https://www.ttb.gov/public-information/foia/list-of-permittees,"jaccard 1.00 via operating; premises Dunlap, TN; dba Rolling Oak Distillery; owner is an individual; list of 2026-09-20"
rolling-still-distillery,Rolling Still Distillery,United States,ttb-basic-permit,NM-S-20018,"ROLLING STILL, LLC",self,ttb-name-state,high,,https://www.ttb.gov/public-information/foia/list-of-permittees,"jaccard 1.00 via operating; premises Taos, NM; dba Rolling Still; list of 2026-09-20"
rollins-distillery,Rollins Distillery,United States,ttb-basic-permit,FL-S-20003,"ROLLINS DISTILLERY, INC.",self,ttb-name-state,high,,https://www.ttb.gov/public-information/foia/list-of-permittees,"jaccard 1.00 via owner; premises Gulf Breeze, FL; list of 2026-09-20"
roosters-rise-n-shine-distillery,ROOSTERS RISE -N- SHINE DISTILLERY,United States,ttb-basic-permit,VA-S-20147,"ROOSTERS RISE -N- SHINE DISTILLERY, LLC",self,ttb-name-state,high,,https://www.ttb.gov/public-information/foia/list-of-permittees,"jaccard 1.00 via owner; premises Moneta, VA; list of 2026-09-20"
rose-city-distilling,Rose City Distilling,United States,ttb-basic-permit,OR-S-20002,"ROSE CITY DISTILLING, CO.",self,ttb-name-state,high,,https://www.ttb.gov/public-information/foia/list-of-permittees,"jaccard 1.00 via operating; premises Portland, OR; dba Rose City Distilling; list of 2026-09-20"
rosie-cheeks-distillery,Rosie Cheeks Distillery,United States,ttb-basic-permit,MD-S-20067,ROSIE CHEEKS LLC,self,ttb-name-state,high,,https://www.ttb.gov/public-information/foia/list-of-permittees,"jaccard 1.00 via operating; premises Walkersville, MD; dba Rosie Cheeks; list of 2026-09-20"
roulaison-distilling-co,Roulaison Distilling Co,United States,ttb-basic-permit,LA-S-20015,ROULAISON DISTILLING CO,self,ttb-name-state,high,,https://www.ttb.gov/public-information/foia/list-of-permittees,"jaccard 1.00 via owner; premises New Orleans, LA; list of 2026-09-20"
round-mountain-distilling,Round Mountain Distilling,United States,ttb-basic-permit,TX-S-20149,"ROUND MOUNTAIN DISTILLING, LLC",self,ttb-name-state,high,,https://www.ttb.gov/public-information/foia/list-of-permittees,"jaccard 1.00 via owner; premises Round Mountain, TX; list of 2026-09-20"
round-river-distilling,Round River Distilling,United States,ttb-basic-permit,WI-S-20065,ROUND RIVER DISTILLING LLC,self,ttb-name-state,high,,https://www.ttb.gov/public-information/foia/list-of-permittees,"jaccard 1.00 via operating; premises Viroqua, WI; dba Round River Distilling LLC; list of 2026-09-20"
round-turn-distilliing,Round Turn Distilliing,United States,ttb-basic-permit,ME-S-20007,DMC ENTERPRISES LLC,operator,ttb-name-state,medium,,https://www.ttb.gov/public-information/foia/list-of-permittees,"jaccard 0.77 via operating; premises Biddeford, ME; dba Round Turn Distilling; list of 2026-09-20"
routt-distillery,Routt Distillery,United States,ttb-basic-permit,CO-S-20135,WZ SPIRITS LTD.,operator,ttb-name-state,medium,,https://www.ttb.gov/public-information/foia/list-of-permittees,"jaccard 1.00 via operating; premises Steamboat Springs, CO; dba Routt Distillery; list of 2026-09-20"
rpg-distilling,RPG-Distilling,United States,ttb-basic-permit,OH-S-20161,JOSHUA LANGSDORF,self,ttb-name-state,medium,,https://www.ttb.gov/public-information/foia/list-of-permittees,"jaccard 1.00 via operating; premises Rayland, OH; dba RPG-Distilling; owner is an individual; list of 2026-09-20"
rum-tropic-distillery,Rum Tropic Distillery,United States,ttb-basic-permit,CT-S-20030,RUM TROPIC LLC,self,ttb-name-state,high,,https://www.ttb.gov/public-information/foia/list-of-permittees,"jaccard 1.00 via operating; premises Stonington, CT; dba Rum Tropic; list of 2026-09-20"
rush-creek-distilling,Rush Creek Distilling,United States,ttb-basic-permit,IL-S-20030,"RUSH CREEK DISTILLING, LLC",self,ttb-name-state,high,,https://www.ttb.gov/public-information/foia/list-of-permittees,"jaccard 1.00 via operating; premises Harvard, IL; dba Rush Creek Distilling, LLC; list of 2026-09-20"
rusted-crow-distillery,Rusted Crow Distillery,United States,ttb-basic-permit,MI-S-20027,RUSTED CROW SPIRITS LLC,self,ttb-name-state,high,,https://www.ttb.gov/public-information/foia/list-of-permittees,"jaccard 1.00 via operating; premises Dearborn Heights, MI; dba Rusted Crow Spirits; list of 2026-09-20"
rusty-musket-distilling-co,Rusty Musket Distilling Co.,United States,ttb-basic-permit,PA-S-20178,"BREWSON VENTURES, LLC",operator,ttb-name-state,high,,https://www.ttb.gov/public-information/foia/list-of-permittees,"jaccard 1.00 via operating; premises Boswell, PA; dba Rusty Musket; list of 2026-09-20"
s-b-farms-distillery,S & B Farms Distillery,United States,ttb-basic-permit,IA-S-20021,"S & B FARMSTEAD, LLC",self,ttb-name-state,medium,,https://www.ttb.gov/public-information/foia/list-of-permittees,"jaccard 1.00 via operating; premises Bancroft, IA; dba S&B Farms Distillery; list of 2026-09-20"
saddlestone-distillery,Saddlestone Distillery,United States,ttb-basic-permit,KY-S-15024,SADDLESTONE DISTILLERY LLC,self,ttb-name-state,high,,https://www.ttb.gov/public-information/foia/list-of-permittees,"jaccard 1.00 via owner; premises Midway, KY; list of 2026-09-20"
safe-house-distilling-co,Safe House Distilling Co.,United States,ttb-basic-permit,NM-S-20023,"BTK, LLC",operator,ttb-name-state,medium,,https://www.ttb.gov/public-information/foia/list-of-permittees,"jaccard 1.00 via operating; premises Albuquerque, NM; dba Safe House Distilling Co.; list of 2026-09-20"
sagamore-spirit-distillery,Sagamore Spirit Distillery,United States,ttb-basic-permit,MD-S-20019,"SAGAMORE WHISKEY, LLC",self,ttb-name-state,high,,https://www.ttb.gov/public-information/foia/list-of-permittees,"jaccard 1.00 via operating; premises Baltimore, MD; dba Sagamore Spirit; pin has no address, matched nationwide; list of 2026-09-20"
sailbird-distilling,Sailbird Distilling,United States,ttb-basic-permit,FL-S-20090,"THE PAPAGALO COMPANY, LLC",operator,ttb-name-state,high,,https://www.ttb.gov/public-information/foia/list-of-permittees,"jaccard 1.00 via operating; premises St Augustine, FL; dba SAILBIRD DISTILLING COMPANY; list of 2026-09-20"
saint-augustine-distiliery,Saint Augustine Distiliery,United States,ttb-basic-permit,FL-S-20115,"ST. AUGUSTINE DISTILLERY COMPANY, LLC",operator,ttb-premises,medium,,https://www.ttb.gov/public-information/foia/list-of-permittees,"same premises: 112 Riberia St, St. Augustine 32084, street overlap 1.00, name overlap 0.25; dba St. Augustine Distillery Company; list of 2026-09-20"
saint-johnsbury-distillery,Saint Johnsbury Distillery,United States,ttb-basic-permit,VT-S-20022,"ST. JOHNSBURY DISTILLERY, INC.",self,ttb-premises,medium,,https://www.ttb.gov/public-information/foia/list-of-permittees,"same premises: 74 Eastern Ave, St. Johnsbury 05819, street overlap 1.00, name overlap 0.33; dba St. Johnsbury Distillery; list of 2026-09-20"
salem-spirits-moonshine,Salem Spirits Moonshine,United States,ttb-basic-permit,PA-S-15017,"SALEM SPIRITS, LLC",self,ttb-name-state,high,,https://www.ttb.gov/public-information/foia/list-of-permittees,"jaccard 1.00 via owner; premises Greensburg, PA; list of 2026-09-20"
salida-distillery,Salida Distillery,United States,ttb-basic-permit,CO-S-20158,SALIDA DISTILLERY LLC,self,ttb-name-state,high,,https://www.ttb.gov/public-information/foia/list-of-permittees,"jaccard 1.00 via operating; premises Salida, CO; dba Salida Distillery; list of 2026-09-20"
salty-stash,Salty Stash,United States,ttb-basic-permit,VA-S-20086,SALTY STASH DISTILLERY LLC,self,ttb-name-state,high,,https://www.ttb.gov/public-information/foia/list-of-permittees,"jaccard 1.00 via owner; premises Allisonia, VA; pin has no address, matched nationwide; list of 2026-09-20"
salvation-spirits-distillery,Salvation Spirits Distillery,United States,ttb-basic-permit,TX-S-20184,"SALVATION SPIRITS, LLC",self,ttb-name-state,high,,https://www.ttb.gov/public-information/foia/list-of-permittees,"jaccard 1.00 via owner; premises Fredericksburg, TX; list of 2026-09-20"
samuel-berton-distilling,Samuel Berton Distilling,United States,ttb-basic-permit,MO-S-20131,TJB DISTILLERY LLC,operator,ttb-name-state,high,,https://www.ttb.gov/public-information/foia/list-of-permittees,"jaccard 1.00 via operating; premises Labadie, MO; dba Samuel Berton Distilling; list of 2026-09-20"
samuel-t-bryant-distillery-llc,Samuel T Bryant Distillery LLC,United States,ttb-basic-permit,TN-S-20018,BRYANT DISTILLERY LLC,self,ttb-name-state,high,,https://www.ttb.gov/public-information/foia/list-of-permittees,"jaccard 1.00 via operating; premises Jackson, TN; dba Samuel T Bryant Distillery; list of 2026-09-20"
san-antonio-distillery,San Antonio Distillery,United States,ttb-basic-permit,TX-S-20078,SAN ANTONIO DISTILLERY LLC,self,ttb-name-state,high,,https://www.ttb.gov/public-information/foia/list-of-permittees,"jaccard 1.00 via operating; premises Gonzales, TX; dba San Antonio Distillery; list of 2026-09-20"
san-diego-distillery,San Diego Distillery,United States,ttb-basic-permit,CA-S-20097,"SAN DIEGO DISTILLERY, INC.",self,ttb-name-state,high,,https://www.ttb.gov/public-information/foia/list-of-permittees,"jaccard 1.00 via operating; premises Spring Valley, CA; dba San Diego Distillery; list of 2026-09-20"
sandstone-distillery,Sandstone Distillery,United States,ttb-basic-permit,WA-S-20061,"SPIRITS OF WASHINGTON, LLC",operator,ttb-name-state,high,,https://www.ttb.gov/public-information/foia/list-of-permittees,"jaccard 1.00 via operating; premises Tenino, WA; dba Sandstone Distillery; list of 2026-09-20"
sandy-river-distillery,Sandy River Distillery,United States,ttb-basic-permit,VA-S-20093,"SANDY RIVER DISTILLERY, INC.",self,ttb-name-state,high,,https://www.ttb.gov/public-information/foia/list-of-permittees,"jaccard 1.00 via operating; premises Rice, VA; dba Sandy River Distillery; list of 2026-09-20"
sangfroid-distillery,sangfroid Distillery,United States,ttb-basic-permit,MD-S-20014,"SANGFROID DISTILLING, LLC",self,ttb-name-state,high,,https://www.ttb.gov/public-information/foia/list-of-permittees,"jaccard 1.00 via owner; premises Hyattsville, MD; dba Frederick Distilling Company; list of 2026-09-20"
santa-fe-spirits-distillery,Santa Fe Spirits Distillery,United States,ttb-basic-permit,NM-S-20059,"SANTA FE SPIRITS HOLDING, LLC",self,ttb-name-state,high,,https://www.ttb.gov/public-information/foia/list-of-permittees,"jaccard 1.00 via operating; premises Santa Fe, NM; dba Santa Fe Spirits; list of 2026-09-20"
santan-gardens-brewery-distillery-tours,SanTan Gardens - Brewery & Distillery Tours,United States,ttb-basic-permit,AZ-S-20008,"SAN TAN BREWING COMPANY, INC.",operator,ttb-name-state,medium,,https://www.ttb.gov/public-information/foia/list-of-permittees,"jaccard 0.60 via operating; premises Chandler, AZ; dba SanTan Distilling; list of 2026-09-20"
saratoga-courage-distillery,Saratoga Courage Distillery,United States,ttb-basic-permit,NY-S-20027,SARATOGA COURAGE LLC,self,ttb-name-state,high,,https://www.ttb.gov/public-information/foia/list-of-permittees,"jaccard 1.00 via operating; premises Greenfield Center, NY; dba Saratoga Courage LLC; list of 2026-09-20"
sator-square-distillery,Sator Square Distillery,United States,ttb-basic-permit,PA-S-20064,"J.G. FRASER SPIRITS, LLC",operator,ttb-name-state,high,,https://www.ttb.gov/public-information/foia/list-of-permittees,"jaccard 1.00 via operating; premises Furlong, PA; dba Sator Square Distillery; list of 2026-09-20"
sauvage-distillery,Sauvage Distillery,United States,ttb-basic-permit,NY-S-20090,SAUVAGE BEVERAGES LLC,self,ttb-name-state,high,,https://www.ttb.gov/public-information/foia/list-of-permittees,"jaccard 1.00 via owner; premises Charloteville, NY; list of 2026-09-20"
savage-distilling,Savage Distilling,United States,ttb-basic-permit,IN-S-20050,"SAVAGE DISTILLING, LLC",self,ttb-name-state,high,,https://www.ttb.gov/public-information/foia/list-of-permittees,"jaccard 1.00 via owner; premises Columbus, IN; list of 2026-09-20"
saxtons-distillery,Saxtons Distillery,United States,ttb-basic-permit,VT-S-15000,"SAXTONS RIVER DISTILLERY, LLC",self,ttb-name-state,medium,,https://www.ttb.gov/public-information/foia/list-of-permittees,"jaccard 0.60 via owner; premises Brattleboro, VT; list of 2026-09-20"
saxtons-distillery-tasting-room-and-cafe,Saxtons Distillery Tasting Room and Cafe,United States,ttb-basic-permit,VT-S-15000,"SAXTONS RIVER DISTILLERY, LLC",self,ttb-name-state,medium,,https://www.ttb.gov/public-information/foia/list-of-permittees,"jaccard 0.60 via owner; premises Brattleboro, VT; list of 2026-09-20"
sazerac-glenmore-distillery,Sazerac Glenmore Distillery,United States,ttb-basic-permit,KY-S-20029,"SAZERAC DISTILLERS, LLC",self,ttb-name-state,medium,,https://www.ttb.gov/public-information/foia/list-of-permittees,"jaccard 0.60 via operating; premises Owensboro, KY; dba The Glenmore Distillery; list of 2026-09-20"
schitz-creek-distillery-brewery,Schitz Creek Distillery & Brewery,United States,ttb-basic-permit,TX-S-20131,"D R MAREK, LLC",operator,ttb-name-state,high,,https://www.ttb.gov/public-information/foia/list-of-permittees,"jaccard 1.00 via operating; premises Liberty Hill, TX; dba Schitz Creek Distillery; list of 2026-09-20"
schnaubelt-distillery,Schnaubelt distillery,United States,ttb-basic-permit,CA-S-20380,"CAPELLA SPIRITS, INC.",operator,ttb-name-state,high,,https://www.ttb.gov/public-information/foia/list-of-permittees,"jaccard 1.00 via operating; premises Fort Bragg, CA; dba Schnaubelt Distillery; list of 2026-09-20"
schomaker-distillery-llc,Schomaker distillery LLC,United States,ttb-basic-permit,IL-S-20047,"SCHOMAKER DISTILLERY, LLC",self,ttb-name-state,high,,https://www.ttb.gov/public-information/foia/list-of-permittees,"jaccard 1.00 via owner; premises Nashville, IL; list of 2026-09-20"
scissortail-distillery-llc,Scissortail Distillery Llc,United States,ttb-basic-permit,OK-S-20002,SCISSORTAIL DISTILLERY LLC,self,ttb-name-state,high,,https://www.ttb.gov/public-information/foia/list-of-permittees,"jaccard 1.00 via operating; premises Moore, OK; dba Scissortail Distillery; list of 2026-09-20"
scratch-distillery,Scratch Distillery,United States,ttb-basic-permit,WA-S-20073,SCRATCH DISTILLERY LLC,self,ttb-name-state,high,,https://www.ttb.gov/public-information/foia/list-of-permittees,"jaccard 1.00 via operating; premises Edmonds, WA; dba Scratch Distillery; list of 2026-09-20"
seacrets-distilling-company,Seacrets Distilling Company,United States,ttb-basic-permit,MD-S-20022,"O.C. SEACRETS, INC.",self,ttb-name-state,high,,https://www.ttb.gov/public-information/foia/list-of-permittees,"jaccard 1.00 via operating; premises Ocean City, MD; dba Seacrets Distilling Company; list of 2026-09-20"
second-city-distillery,Second City Distillery,United States,ttb-basic-permit,GA-S-20032,"CAROLINA MOON DISTILLERY, LLC",operator,ttb-name-state,high,,https://www.ttb.gov/public-information/foia/list-of-permittees,"jaccard 1.00 via operating; premises Augusta, GA; dba Second City Distillery; list of 2026-09-20"
second-sight-spirits,Second Sight Spirits,United States,ttb-basic-permit,KY-S-20021,"SECOND SIGHT SPIRITS, LLC",self,ttb-name-state,high,,https://www.ttb.gov/public-information/foia/list-of-permittees,"jaccard 1.00 via owner; premises Ludlow, KY; list of 2026-09-20"
seed-spirit-distilling,Seed & Spirit Distilling,United States,ttb-basic-permit,CO-S-20160,"SEED & SPIRIT, LLC",self,ttb-name-state,medium,,https://www.ttb.gov/public-information/foia/list-of-permittees,"jaccard 1.00 via operating; premises Fort Collins, CO; dba Seed & Spirit Distilling; list of 2026-09-20"
sespe-creek-distillery,Sespe Creek Distillery,United States,ttb-basic-permit,CA-S-20162,"SESPE CREEK DISTILLERY, INC.",self,ttb-name-state,high,,https://www.ttb.gov/public-information/foia/list-of-permittees,"jaccard 1.00 via owner; premises Oxnard, CA; list of 2026-09-20"
seven-brothers-distilling-company,Seven Brothers Distilling Company,United States,ttb-basic-permit,OH-S-15014,SEVEN BROTHERS DISTILLING COMPANY,self,ttb-name-state,high,,https://www.ttb.gov/public-information/foia/list-of-permittees,"jaccard 1.00 via owner; premises Harpersfield Township, OH; list of 2026-09-20"
seven-jars-winery-and-distillery,Seven Jars Winery and Distillery,United States,ttb-basic-permit,NC-S-20030,"SEVEN JARS DISTILLERY, LLC",self,ttb-name-state,high,,https://www.ttb.gov/public-information/foia/list-of-permittees,"jaccard 1.00 via owner; premises Charlotte, NC; list of 2026-09-20"
seven-ten-distillery,Seven Ten Distillery,United States,ttb-basic-permit,NC-S-20139,SEVEN TEN DISTILLERY LLC,self,ttb-name-state,high,,https://www.ttb.gov/public-information/foia/list-of-permittees,"jaccard 1.00 via owner; premises Burlington, NC; list of 2026-09-20"
seven-three-distilling-co,Seven Three Distilling Co.,United States,ttb-basic-permit,LA-S-20052,"SEVEN THREE DISTILLING COMPANY, LLC",self,ttb-name-state,high,,https://www.ttb.gov/public-information/foia/list-of-permittees,"jaccard 1.00 via operating; premises New Orleans, LA; dba Seven Three Distilling Company; list of 2026-09-20"
shady-distillery,Shady Distillery,United States,ttb-basic-permit,FL-S-20097,"SHADY DISTILLERY, LLC",self,ttb-name-state,medium,,https://www.ttb.gov/public-information/foia/list-of-permittees,"jaccard 1.00 via owner; premises Fort Lauderdale, FL; dba Shady Distillery, Kanti Spirits-Inbev; list of 2026-09-20"
shady-knoll-orchards-distillery,Shady Knoll Orchards & Distillery,United States,ttb-basic-permit,NY-S-20097,SHADY KNOLL ORCHARDS & DISTILLERY LLC,self,ttb-name-state,high,,https://www.ttb.gov/public-information/foia/list-of-permittees,"jaccard 1.00 via owner; premises Millbrook, NY; list of 2026-09-20"
shankar-distillers-home-of-varchas-premium-spirits-900-grados-tequila,Shankar Distillers - Home of Varchas Premium Spirits & 900 Grados Tequila,United States,ttb-basic-permit,MI-S-20336,SHANKAR DISTILLERS INC.,operator,ttb-premises,medium,,https://www.ttb.gov/public-information/foia/list-of-permittees,"same premises: 1030 Chicago Rd, Troy 48083, street overlap 1.00, name overlap 0.17; list of 2026-09-20"
sharptop-distilling-company,Sharptop Distilling Company,United States,ttb-basic-permit,GA-S-20097,"SHARPTOP DISTILLING COMPANY, LLC",self,ttb-name-state,high,,https://www.ttb.gov/public-information/foia/list-of-permittees,"jaccard 1.00 via operating; premises Jasper, GA; dba Sharptop Distilling Company; list of 2026-09-20"
shelter-distilling,Shelter Distilling,United States,ttb-basic-permit,CA-S-20164,"SHELTER DISTILLING, INC.",self,ttb-name-state,high,,https://www.ttb.gov/public-information/foia/list-of-permittees,"jaccard 1.00 via operating; premises Mammoth Lakes, CA; dba Shelter Distilling; list of 2026-09-20"
shine-girl,Shine Girl,United States,ttb-basic-permit,TN-S-20138,"QUEEN SHINE GIRL, LLC",self,ttb-name-state,high,,https://www.ttb.gov/public-information/foia/list-of-permittees,"jaccard 1.00 via operating; premises Sevierville, TN; dba Shine Girl; list of 2026-09-20"
shinetown-moonshine,ShineTown Moonshine,United States,ttb-basic-permit,SC-S-20031,MICHAEL SKINNER AND PAUL SKINNER,operator,ttb-premises,medium,,https://www.ttb.gov/public-information/foia/list-of-permittees,"same premises: 857 James L Taylor Rd Unit D, Ridgeland 29936, street overlap 0.80, name overlap 0.00; dba Jasper County Distillery; list of 2026-09-20"
shipwreck-distillery,Shipwreck Distillery,United States,ttb-basic-permit,MI-S-20089,"SHIPWRECK DISTILLERY, LLC",self,ttb-name-state,high,,https://www.ttb.gov/public-information/foia/list-of-permittees,"jaccard 1.00 via owner; premises Caseville, MI; list of 2026-09-20"
shire-distilling-co,Shire Distilling Co.,United States,ttb-basic-permit,TX-S-20112,"SHIRE DISTILLING, LLC",self,ttb-name-state,medium,,https://www.ttb.gov/public-information/foia/list-of-permittees,"jaccard 1.00 via operating; premises Houston, TX; dba Shire; list of 2026-09-20"
short-mountain-distillery,Short Mountain Distillery,United States,ttb-basic-permit,TN-S-15007,GOLDEN RULE DISTILLING COMPANY,operator,ttb-name-state,high,,https://www.ttb.gov/public-information/foia/list-of-permittees,"jaccard 1.00 via operating; premises Woodbury, TN; dba SHORT MOUNTAIN DISTILLERY; list of 2026-09-20"
short-path-distillery,Short Path Distillery,United States,ttb-basic-permit,MA-S-20015,"SHORT PATH DISTILLERY, INC",self,ttb-name-state,high,,https://www.ttb.gov/public-information/foia/list-of-permittees,"jaccard 1.00 via owner; premises Everett, MA; list of 2026-09-20"
shot-in-the-dark-craft-distillery,Shot in the Dark Craft Distillery,United States,ttb-basic-permit,WA-S-20092,"SHOT IN THE DARK CRAFT DISTILLERY, LLC",self,ttb-name-state,high,,https://www.ttb.gov/public-information/foia/list-of-permittees,"jaccard 1.00 via owner; premises Walla Walla, WA; dba Hetterley's XXX Distilled Spirits; list of 2026-09-20"
sideshow-spirits-distillery-and-showroom,"Sideshow Spirits Distillery, and Showroom",United States,ttb-basic-permit,NE-S-20019,"KINKAIDER BREWING CO., LLC",operator,ttb-name-state,medium,,https://www.ttb.gov/public-information/foia/list-of-permittees,"jaccard 0.60 via operating; premises Lincoln, NE; dba Sideshow Spirits; list of 2026-09-20"
silent-brigade-distillery,Silent Brigade Distillery,United States,ttb-basic-permit,KY-S-20036,"SILENT BRIGADE DISTILLERY, INC.",self,ttb-name-state,high,,https://www.ttb.gov/public-information/foia/list-of-permittees,"jaccard 1.00 via owner; premises Paducah, KY; dba Violet Cactus Spirits Co.; list of 2026-09-20"
silk-city-distillers,Silk City Distillers,United States,ttb-basic-permit,NJ-S-20011,SILK CITY DISTILLERS LLC,self,ttb-name-state,high,,https://www.ttb.gov/public-information/foia/list-of-permittees,"jaccard 1.00 via owner; premises Clifton, NJ; list of 2026-09-20"
silo-distillery,Silo Distillery,United States,ttb-basic-permit,VT-S-20059,VERCURIOUS LLC,operator,ttb-name-state,medium,,https://www.ttb.gov/public-information/foia/list-of-permittees,"jaccard 1.00 via operating; premises Windsor, VT; dba SILO Distillery; list of 2026-09-20"
silver-brothers-distillery,Silver Brothers Distillery,United States,ttb-basic-permit,NY-S-20259,SILVER BROTHERS SPIRITS COMPANY LLC,self,ttb-name-state,high,,https://www.ttb.gov/public-information/foia/list-of-permittees,"jaccard 1.00 via owner; premises Old Chatham, NY; list of 2026-09-20"
silverback-distillery,Silverback Distillery,United States,ttb-basic-permit,VA-S-20013,SILVERBACK SPIRITS LLC,self,ttb-name-state,high,,https://www.ttb.gov/public-information/foia/list-of-permittees,"jaccard 1.00 via operating; premises Afton, VA; dba Silverback Distillery; list of 2026-09-20"
simple-man-distillery,Simple Man Distillery,United States,ttb-basic-permit,GA-S-20139,"BLACK WATER HOLDINGS, LLC",operator,ttb-name-state,high,,https://www.ttb.gov/public-information/foia/list-of-permittees,"jaccard 1.00 via operating; premises Cumming, GA; dba Simple Man Distillery; list of 2026-09-20"
simplicity-spirits-co,Simplicity Spirits Co.,United States,ttb-basic-permit,UT-S-20025,CRAFTED WORLD BEVERAGES LLC,operator,ttb-name-state,medium,,https://www.ttb.gov/public-information/foia/list-of-permittees,"jaccard 0.60 via operating; premises Salt Lake City, UT; dba Simplicity Cocktails; list of 2026-09-20"
sioux-city-distilling-co,Sioux City Distilling Co,United States,ttb-basic-permit,IA-S-20056,"SIOUX CITY DISTILLING CO., LLC",self,ttb-name-state,high,,https://www.ttb.gov/public-information/foia/list-of-permittees,"jaccard 1.00 via operating; premises Sioux City, IA; dba Sioux City Distilling Co; list of 2026-09-20"
siren-spirits-distilling-co,Siren Spirits Distilling Co.,United States,ttb-basic-permit,RI-S-20021,SIREN SPIRITS DISTILLING COMPANY LLC,self,ttb-name-state,medium,,https://www.ttb.gov/public-information/foia/list-of-permittees,"jaccard 1.00 via owner; premises Providence, RI; list of 2026-09-20"
six-mile-ordinary,Six Mile Ordinary,United States,ttb-basic-permit,MO-S-20052,"ISHAMS ORDINARY, LLC",operator,ttb-premises,medium,,https://www.ttb.gov/public-information/foia/list-of-permittees,"same premises: 700 Fay St, Columbia 65201, street overlap 1.00, name overlap 0.25; list of 2026-09-20"
six-twenty-distillery,Six & Twenty Distillery,United States,ttb-basic-permit,SC-S-15006,"SIX AND TWENTY DISTILLERY, LLC",self,ttb-name-state,high,,https://www.ttb.gov/public-information/foia/list-of-permittees,"jaccard 1.00 via owner; premises Piedmont, SC; list of 2026-09-20"
skaalvenn-distillery-cocktail-lounge,Skaalvenn Distillery & Cocktail Lounge,United States,ttb-basic-permit,MN-S-20017,"SKAALVENN DISTILLERY, LLC",self,ttb-premises,medium,,https://www.ttb.gov/public-information/foia/list-of-permittees,"same premises: 8601 73Rd Ave N Ste 12&14, Brooklyn Park 55428, street overlap 1.00, name overlap 0.33; list of 2026-09-20"
skagway-spirits-distillery,Skagway Spirits Distillery,United States,ttb-basic-permit,AK-S-20008,SKAGWAY SPIRITS LLC,self,ttb-name-state,high,,https://www.ttb.gov/public-information/foia/list-of-permittees,"jaccard 1.00 via operating; premises Skagway, AK; dba Skagway Spirits LLC; pin has no address, matched nationwide; list of 2026-09-20"
skeptic-distillery-co,Skeptic Distillery Co.,United States,ttb-basic-permit,IL-S-20044,SKEPTIC DISTILLERY CO.,self,ttb-name-state,high,,https://www.ttb.gov/public-information/foia/list-of-permittees,"jaccard 1.00 via owner; premises Melrose Park, IL; list of 2026-09-20"
skip-rock-distillers,Skip Rock Distillers,United States,ttb-basic-permit,WA-S-20155,"SKIP ROCK DISTILLERS, INC",self,ttb-name-state,high,,https://www.ttb.gov/public-information/foia/list-of-permittees,"jaccard 1.00 via operating; premises Snohomish, WA; dba Skip Rock Distillers; list of 2026-09-20"
sledge-distillery-distillation-bldg,Sledge Distillery - Distillation Bldg,United States,ttb-basic-permit,TX-S-20084,SLEDGE DISTILLERY INC,self,ttb-name-state,medium,,https://www.ttb.gov/public-information/foia/list-of-permittees,"jaccard 0.60 via operating; premises Tolar, TX; dba Sledge Distillery; list of 2026-09-20"
sleeping-giant-distillery,Sleeping Giant Distillery,United States,ttb-basic-permit,SC-S-20049,SLEEPING GIANT DISTILLERY LLC,self,ttb-name-state,high,,https://www.ttb.gov/public-information/foia/list-of-permittees,"jaccard 1.00 via operating; premises Rock Hill, SC; dba Sleeping Giant Distillery; list of 2026-09-20"
sleepy-fox-distillery,Sleepy Fox Distillery,United States,ttb-basic-permit,VA-S-20049,"BUFFALO BRANDS, INC",operator,ttb-name-state,high,,https://www.ttb.gov/public-information/foia/list-of-permittees,"jaccard 1.00 via operating; premises Ashland, VA; dba Sleepy Fox Distillery; list of 2026-09-20"
slo-de-vie-distillery,Slo de Vie Distillery,United States,ttb-basic-permit,CA-S-20218,"SLO BREWING CO, LLC",self,ttb-name-state,high,,https://www.ttb.gov/public-information/foia/list-of-permittees,"jaccard 1.00 via operating; premises San Luis Obispo, CA; dba SLO Stills; list of 2026-09-20"
smith-creek-moonshine-nashville,Smith Creek Moonshine Nashville,United States,ttb-basic-permit,TN-S-20038,"TRIPLE SSS VENTURES OF PIGEON FORGE, LLC",operator,ttb-name-state,low,,https://www.ttb.gov/public-information/foia/list-of-permittees,"jaccard 0.67 via operating; premises Sevierville, TN; dba Smith Creek Distillery; list of 2026-09-20"
smith-holler-distillery,Smith Holler Distillery,United States,ttb-basic-permit,KY-S-20070,SMITH HOLLER LLC,self,ttb-name-state,high,,https://www.ttb.gov/public-information/foia/list-of-permittees,"jaccard 1.00 via operating; premises Cloverport, KY; dba Smith Holler Distillery; list of 2026-09-20"
smokin-tails-distillery,Smokin Tails Distillery,United States,ttb-basic-permit,NY-S-20188,DILIGAF CONSULTANTS LLC,operator,ttb-name-state,high,,https://www.ttb.gov/public-information/foia/list-of-permittees,"jaccard 1.00 via operating; premises Phelps, NY; dba SMOKIN' TAILS DISTILLERY; list of 2026-09-20"
smoky-valley-distillery,Smoky Valley Distillery,United States,ttb-basic-permit,KS-S-20014,SMOKY VALLEY DISTILLERIES INC.,self,ttb-name-state,high,,https://www.ttb.gov/public-information/foia/list-of-permittees,"jaccard 1.00 via operating; premises Marquette, KS; dba SMOKY VALLEY DISTILLERIES; list of 2026-09-20"
smugglers-notch-distillery,Smugglers' Notch Distillery,United States,ttb-basic-permit,VT-S-15002,"SMUGGLERS' NOTCH DISTILLERY, LLC",self,ttb-name-state,high,,https://www.ttb.gov/public-information/foia/list-of-permittees,"jaccard 1.00 via owner; premises Jeffersonvlle, VT; list of 2026-09-20"
snitching-lady-distillery,Snitching Lady Distillery,United States,ttb-basic-permit,CO-S-20093,SNITCHING LADY DISTILLERY LLC,self,ttb-name-state,high,,https://www.ttb.gov/public-information/foia/list-of-permittees,"jaccard 1.00 via owner; premises Fairplay, CO; list of 2026-09-20"
snow-farm-vineyard-distillery,Snow Farm Vineyard & Distillery,United States,ttb-basic-permit,VT-S-20044,"SNOW FARM WINERY, LLC",self,ttb-name-state,medium,,https://www.ttb.gov/public-information/foia/list-of-permittees,"jaccard 1.00 via operating; premises South Hero, VT; dba Snow Farm Distillery; list of 2026-09-20"
social-fox-brewing-distillery,Social Fox Brewing & Distillery,United States,ttb-basic-permit,GA-S-20133,"400 NORTH BREWING, LLC",operator,ttb-name-state,high,,https://www.ttb.gov/public-information/foia/list-of-permittees,"jaccard 1.00 via operating; premises Norcross, GA; dba Social Fox Distillery; list of 2026-09-20"
social-still,Social Still,United States,ttb-basic-permit,PA-S-20020,"SOCIAL STILL, LLC",self,ttb-name-state,high,,https://www.ttb.gov/public-information/foia/list-of-permittees,"jaccard 1.00 via owner; premises Bethlehem, PA; list of 2026-09-20"
somerset-kentucky-distillery,Somerset Kentucky Distillery,United States,ttb-basic-permit,KY-S-20127,MENLO FARMS L.L.C.,operator,ttb-name-state,high,,https://www.ttb.gov/public-information/foia/list-of-permittees,"jaccard 1.00 via operating; premises Somerset, KY; dba Somerset Kentucky Distillery; list of 2026-09-20"
song-dog-farm-distillery,Song Dog Farm Distillery,United States,ttb-basic-permit,MD-S-20081,SONG DOG SPIRITS LLC,self,ttb-name-state,high,,https://www.ttb.gov/public-information/foia/list-of-permittees,"jaccard 1.00 via operating; premises Boyds, MD; dba Song Dog Distilling; list of 2026-09-20"
sono-1420-america-s-maritime-distillery,SoNo 1420 America's Maritime Distillery,United States,ttb-basic-permit,CT-S-20041,"SONO 1420 ARTISAN DISTILLERS, INC.",self,ttb-name-state,high,,https://www.ttb.gov/public-information/foia/list-of-permittees,"jaccard 1.00 via operating; premises Norwalk, CT; dba SoNo 1420 America's Maritime Distillery; list of 2026-09-20"
sonoma-brothers-distilling,Sonoma Brothers Distilling,United States,ttb-basic-permit,CA-S-20032,"SONOMA BROTHERS DISTILLING, LLC",self,ttb-name-state,high,,https://www.ttb.gov/public-information/foia/list-of-permittees,"jaccard 1.00 via operating; premises Windsor, CA; dba Sonoma Brothers Distilling; list of 2026-09-20"
sons-of-liberty-spirits-co,Sons of Liberty Spirits Co,United States,ttb-basic-permit,RI-S-20010,"LIBERTY PRODUCTION, LLC",self,ttb-name-state,high,,https://www.ttb.gov/public-information/foia/list-of-permittees,"jaccard 1.00 via operating; premises South Kingstown, RI; dba Sons of Liberty Spirits Co; list of 2026-09-20"
sound-of-spirits-craft-distillery,Sound of Spirits Craft Distillery,United States,ttb-basic-permit,FL-S-20135,SOUND OF COFFEE CORP.,self,ttb-name-state,medium,,https://www.ttb.gov/public-information/foia/list-of-permittees,"jaccard 1.00 via operating; premises Jacksonville, FL; dba Sound of Spirits - Distillery; list of 2026-09-20"
south-bend-distillery,South Bend Distillery,United States,ttb-basic-permit,IN-S-20111,"SOUTH BEND DISTILLERY, LLC",self,ttb-name-state,high,,https://www.ttb.gov/public-information/foia/list-of-permittees,"jaccard 1.00 via owner; premises Mishawaka, IN; list of 2026-09-20"
south-county-distillers,South County Distillers,United States,ttb-basic-permit,RI-S-20008,"GREY SAIL SPIRITS, LLC",operator,ttb-name-state,high,,https://www.ttb.gov/public-information/foia/list-of-permittees,"jaccard 1.00 via operating; premises Westerly, RI; dba South County Distillers; list of 2026-09-20"
south-florida-distillers-inc,South Florida Distillers Inc,United States,ttb-basic-permit,FL-S-15010,MICHAN CORPORATION,operator,ttb-name-state,high,,https://www.ttb.gov/public-information/foia/list-of-permittees,"jaccard 1.00 via operating; premises Umatilla, FL; dba FLORIDA FARM DISTILLERS; list of 2026-09-20"
south-hollow-spirits,South Hollow Spirits,United States,ttb-basic-permit,MA-S-20005,"TRURO VINEYARDS OF CAPE COD, LLC",operator,ttb-name-state,high,,https://www.ttb.gov/public-information/foia/list-of-permittees,"jaccard 1.00 via operating; premises North Truro, MA; dba South Hollow Spirits; list of 2026-09-20"
south-mountain-distilling-company,South Mountain Distilling Company,United States,ttb-basic-permit,NC-S-20048,"SMBV, LLC",operator,ttb-name-state,high,,https://www.ttb.gov/public-information/foia/list-of-permittees,"jaccard 1.00 via operating; premises Connelly Springs, NC; dba South Mountain Distilling Company; list of 2026-09-20"
southern-distilling-company,Southern Distilling Company,United States,ttb-basic-permit,NC-S-15004,THE MAUNEY GROUP LLC,operator,ttb-name-state,high,,https://www.ttb.gov/public-information/foia/list-of-permittees,"jaccard 1.00 via operating; premises Kings Mountain, NC; dba SOUTHERN ARTISAN SPIRITS; list of 2026-09-20"
southern-grace-distilleries,Southern Grace Distilleries,United States,ttb-basic-permit,NC-S-20151,"SG DISTILLERIES, LLC.",operator,ttb-name-state,high,,https://www.ttb.gov/public-information/foia/list-of-permittees,"jaccard 1.00 via operating; premises Mount Pleasant, NC; dba Southern Grace Distilleries; list of 2026-09-20"
southern-kentucky-distillery,Southern Kentucky Distillery,United States,ttb-basic-permit,KY-S-20083,"SOUTHERN KENTUCKY DISTILLERY, LLC",self,ttb-name-state,high,,https://www.ttb.gov/public-information/foia/list-of-permittees,"jaccard 1.00 via owner; premises Burkesville, KY; list of 2026-09-20"
southern-pride-distillery,Southern Pride Distillery,United States,ttb-basic-permit,TN-S-20007,"SOUTHERN PRIDE DISTILLERY, LLC",self,ttb-name-state,high,,https://www.ttb.gov/public-information/foia/list-of-permittees,"jaccard 1.00 via owner; premises Fayetteville, TN; list of 2026-09-20"
southern-tier-distilling-company,Southern Tier Distilling Company,United States,ttb-basic-permit,NY-S-15052,"SOUTHERN TIER DISTILLING, LLC",self,ttb-name-state,high,,https://www.ttb.gov/public-information/foia/list-of-permittees,"jaccard 1.00 via operating; premises Lakewood, NY; dba SOUTHERN TIER DISTILLING COMPANY; list of 2026-09-20"
southern-trail-distillery,Southern Trail Distillery,United States,ttb-basic-permit,MD-S-20029,THREE NOTCH TRAIL DISTILLERY LLC,operator,ttb-name-state,high,,https://www.ttb.gov/public-information/foia/list-of-permittees,"jaccard 1.00 via operating; premises Mechanicsville, MD; dba Southern Trail Distillery; list of 2026-09-20"
speakeasy-motors-whiskey-co-tasting-room-at-liquid-mercantile-distillery,Speakeasy Motors Whiskey Co Tasting Room at Liquid Mercantile Distillery,United States,ttb-basic-permit,NY-S-20067,"GARDINER LIQUID MERCANTILE, LLC",self,ttb-premises,medium,,https://www.ttb.gov/public-information/foia/list-of-permittees,"same premises: 174 Hardenburgh Rd, Pine Bush 12566, street overlap 0.33, name overlap 0.33; list of 2026-09-20"
speedtrap-distillery,Speedtrap Distillery,United States,ttb-basic-permit,KS-S-20033,"SPEEDTRAP DISTILLERY, LLC",self,ttb-name-state,high,,https://www.ttb.gov/public-information/foia/list-of-permittees,"jaccard 1.00 via operating; premises El Dorado, KS; dba Speedtrap Distillery; list of 2026-09-20"
spicy-water-distillery,Spicy Water Distillery,United States,ttb-basic-permit,MA-S-20068,SPICY WATER DISTILLERS LLC,self,ttb-name-state,high,,https://www.ttb.gov/public-information/foia/list-of-permittees,"jaccard 1.00 via operating; premises Millbury, MA; dba Spicy Water Distillery; list of 2026-09-20"
spirit-hound-distillers,Spirit Hound Distillers,United States,ttb-basic-permit,CO-S-20002,SPIRIT HOUNDS LLC,operator,ttb-name-state,medium,,https://www.ttb.gov/public-information/foia/list-of-permittees,"jaccard 1.00 via operating; premises Lyons, CO; dba Spirit Hound Distillers; list of 2026-09-20"
spirit-lab-distilling,Spirit Lab Distilling,United States,ttb-basic-permit,VA-S-20025,"AASS DISTILLERY, LLC",operator,ttb-name-state,medium,,https://www.ttb.gov/public-information/foia/list-of-permittees,"jaccard 1.00 via operating; premises Charlottesville, VA; dba Spirit Lab Distilling; list of 2026-09-20"
spirit-of-texas,Spirit of Texas,United States,ttb-basic-permit,TX-S-15014,"SPIRIT OF TEXAS, LLC",self,ttb-name-state,medium,,https://www.ttb.gov/public-information/foia/list-of-permittees,"jaccard 1.00 via operating; premises Pflugerville, TX; dba SPIRIT OF TEXAS; list of 2026-09-20"
spirits-of-st-louis-distillery,Spirits of St. Louis Distillery,United States,ttb-basic-permit,MO-S-15012,"ST. LOUIS DISTILLERY, LLC",self,ttb-name-state,high,,https://www.ttb.gov/public-information/foia/list-of-permittees,"jaccard 1.00 via operating; premises Saint Charles, MO; dba ST. LOUIS DISTILLERY; list of 2026-09-20"
spirits-of-the-wasatch-distillery,Spirits of the Wasatch Distillery,United States,ttb-basic-permit,UT-S-20035,"SPIRITS OF THE WASATCH, LLC",self,ttb-name-state,high,,https://www.ttb.gov/public-information/foia/list-of-permittees,"jaccard 1.00 via operating; premises Salt Lake City, UT; dba Spirits of the Wasatch; list of 2026-09-20"
split-rock-distilling,Split Rock Distilling,United States,ttb-basic-permit,ME-S-20011,LU-DZ LLC,operator,ttb-name-state,high,,https://www.ttb.gov/public-information/foia/list-of-permittees,"jaccard 1.00 via operating; premises Newcastle, ME; dba Split Rock Distilling; list of 2026-09-20"
spring44-distilling,Spring44 Distilling,United States,ttb-basic-permit,CO-S-15035,"SPRING44 DISTILLING, INC",self,ttb-name-state,high,,https://www.ttb.gov/public-information/foia/list-of-permittees,"jaccard 1.00 via owner; premises Loveland, CO; list of 2026-09-20"
springbrook-hollow-farm-distillery,Springbrook Hollow Farm Distillery,United States,ttb-basic-permit,NY-S-20022,"SPRINGBROOK HOLLOW FARM DISTILLERY, LLC",self,ttb-name-state,high,,https://www.ttb.gov/public-information/foia/list-of-permittees,"jaccard 1.00 via operating; premises Fort Ann, NY; dba Springbrook Hollow Farm Distillery; pin has no address, matched nationwide; list of 2026-09-20"
springfield-distillery,Springfield Distillery,United States,ttb-basic-permit,VA-S-20033,"SPRINGFIELD DISTILLERY, LLC",self,ttb-name-state,high,,https://www.ttb.gov/public-information/foia/list-of-permittees,"jaccard 1.00 via operating; premises Halifax, VA; dba Springfield Distillery; list of 2026-09-20"
springfield-manor-winery-distillery-brewery,Springfield Manor Winery Distillery Brewery,United States,ttb-basic-permit,MD-S-20001,SPRINGFIELD MANOR WINERY & DISTILLERY LLC,self,ttb-name-state,high,,https://www.ttb.gov/public-information/foia/list-of-permittees,"jaccard 1.00 via owner; premises Thurmont, MD; list of 2026-09-20"
spy-trail-distillery,Spy Trail Distillery,United States,ttb-basic-permit,NY-S-20299,MRG DISTILLING LLC,operator,ttb-name-state,high,,https://www.ttb.gov/public-information/foia/list-of-permittees,"jaccard 1.00 via operating; premises Ronkonkoma, NY; dba Spy Trail Distillery; list of 2026-09-20"
st-george-spirits,St. George Spirits,United States,ttb-basic-permit,CA-S-383,"ST. GEORGE SPIRITS, INC.",self,ttb-name-state,high,,https://www.ttb.gov/public-information/foia/list-of-permittees,"jaccard 1.00 via owner; premises Alameda, CA; list of 2026-09-20"
st-julian-winery-distillery,St. Julian Winery & Distillery,United States,ttb-basic-permit,MI-S-196,"ST. JULIAN WINE COMPANY, INC.",self,ttb-name-state,high,,https://www.ttb.gov/public-information/foia/list-of-permittees,"jaccard 1.00 via operating; premises Paw Paw, MI; dba ST. JULIAN WINE COMPANY; list of 2026-09-20"
st-mary-s-distillery,St. Mary's Distillery,United States,ttb-basic-permit,WI-S-20047,"ST. MARY'S DISTILLERY, LLC",self,ttb-name-state,high,,https://www.ttb.gov/public-information/foia/list-of-permittees,"jaccard 1.00 via owner; premises Cashton, WI; list of 2026-09-20"
st-petersburg-distillery,St. Petersburg Distillery,United States,ttb-basic-permit,FL-S-15025,"ST. PETERSBURG DISTILLERY COMPANY, LLC",self,ttb-name-state,high,,https://www.ttb.gov/public-information/foia/list-of-permittees,"jaccard 1.00 via owner; premises St Petersburg, FL; list of 2026-09-20"
stable-reserve-distillery,Stable Reserve Distillery,United States,ttb-basic-permit,TN-S-20126,"STABLE RESERVE SPIRITS, LLC",self,ttb-name-state,high,,https://www.ttb.gov/public-information/foia/list-of-permittees,"jaccard 1.00 via operating; premises Franklin, TN; dba Stable Reserve Distilling Co.; list of 2026-09-20"
stable-rock-winery-distillery-kitchen,"Stable Rock Winery, Distillery & Kitchen",United States,ttb-basic-permit,WI-S-20053,STABLE ROCK WINERY LLC,self,ttb-name-state,medium,,https://www.ttb.gov/public-information/foia/list-of-permittees,"jaccard 0.77 via operating; premises Jefferson, WI; dba Stable Rock Winery & Distillery; list of 2026-09-20"
stahl-peak-distillery,Stahl Peak Distillery,United States,ttb-basic-permit,MT-S-20027,"STAHL PEAK DISTILLERY, LLC",self,ttb-name-state,high,,https://www.ttb.gov/public-information/foia/list-of-permittees,"jaccard 1.00 via owner; premises Eureka, MT; list of 2026-09-20"
staller-estate-winery-distillery,Staller Estate Winery & Distillery,United States,ttb-basic-permit,WI-S-20069,STALLER ESTATE VINEYARD AND WINERY LLC,self,ttb-name-state,high,,https://www.ttb.gov/public-information/foia/list-of-permittees,"jaccard 1.00 via operating; premises Delavan, WI; dba STALLER ESTATE DISTILLERY; list of 2026-09-20"
stark-spirits-craft-distillery,Stark Spirits Craft Distillery,United States,ttb-basic-permit,CA-S-20045,"STARK SPIRITS, LLC",self,ttb-name-state,medium,,https://www.ttb.gov/public-information/foia/list-of-permittees,"jaccard 1.00 via operating; premises Pasadena, CA; dba Stark Spirits; list of 2026-09-20"
starlight-distillery,Starlight Distillery,United States,ttb-basic-permit,IN-S-161,"HUBER ORCHARDS, INC.",operator,ttb-name-state,medium,,https://www.ttb.gov/public-information/foia/list-of-permittees,"jaccard 0.60 via operating; premises Borden, IN; dba Huber's Starlight Distillery; list of 2026-09-20"
state-line-distillery,State Line Distillery,United States,ttb-basic-permit,WI-S-20031,"STATE LINE DISTILLERY, LLC",self,ttb-name-state,high,,https://www.ttb.gov/public-information/foia/list-of-permittees,"jaccard 1.00 via operating; premises Madison, WI; dba State Line Distillery; list of 2026-09-20"
steadfast-spirits-distilling-co,Steadfast Spirits Distilling Co.,United States,ttb-basic-permit,NH-S-20017,"STEADFAST SPIRITS DISTILLING COMPANY, LLC",self,ttb-name-state,high,,https://www.ttb.gov/public-information/foia/list-of-permittees,"jaccard 1.00 via owner; premises Concord, NH; dba Troubles Moonshine; list of 2026-09-20"
steam-distillery,Steam Distillery,United States,ttb-basic-permit,OR-S-20107,"STEAM DISTILLERY, LLC",self,ttb-name-state,medium,,https://www.ttb.gov/public-information/foia/list-of-permittees,"jaccard 1.00 via operating; premises Grants Pass, OR; dba Steam Distillery; list of 2026-09-20"
steel-hands-vista,Steel Hands Vista,United States,ttb-basic-permit,SC-S-20061,"STEEL HANDS BREWING, LLC",self,ttb-name-state,medium,,https://www.ttb.gov/public-information/foia/list-of-permittees,"jaccard 0.77 via operating; premises Columbia, SC; dba Steel Hands Distilling; list of 2026-09-20"
stein-distillery,Stein Distillery,United States,ttb-basic-permit,OR-S-15023,"STEIN DISTILLERY, INC",self,ttb-name-state,medium,,https://www.ttb.gov/public-information/foia/list-of-permittees,"jaccard 1.00 via owner; premises Joseph, OR; list of 2026-09-20"
still-630-distillery,StilL 630 Distillery,United States,ttb-basic-permit,MO-S-20004,"STILL 630, LLC",self,ttb-name-state,medium,,https://www.ttb.gov/public-information/foia/list-of-permittees,"jaccard 1.00 via operating; premises Saint Louis, MO; dba StilL 630; list of 2026-09-20"
still-mill-distillery,Still Mill Distillery,United States,ttb-basic-permit,PA-S-20137,STILL MILL LLC,self,ttb-name-state,high,,https://www.ttb.gov/public-information/foia/list-of-permittees,"jaccard 1.00 via operating; premises Swissvale, PA; dba Still Mill; list of 2026-09-20"
stillwagon-distillery,Stillwagon Distillery,United States,ttb-basic-permit,OR-S-20033,ECLECTIC SPIRITS LLC,operator,ttb-name-state,high,,https://www.ttb.gov/public-information/foia/list-of-permittees,"jaccard 1.00 via operating; premises Reedsport, OR; dba Stillwagon Distillery; list of 2026-09-20"
stillworks-distillery,Stillworks Distillery,United States,ttb-basic-permit,WV-S-20034,STILLWORKS DISTILLERY LLC,self,ttb-name-state,high,,https://www.ttb.gov/public-information/foia/list-of-permittees,"jaccard 1.00 via operating; premises Parkersburg, WV; dba Stillworks Distillery; list of 2026-09-20"
stitzelweller-distillery,Stitzel–Weller Distillery,United States,ttb-basic-permit,KY-S-15002,"DIAGEO AMERICAS SUPPLY, INC.",operator,ttb-premises,medium,,https://www.ttb.gov/public-information/foia/list-of-permittees,"same premises: 3860 Fitzgerald Rd, Louisville 40216, street overlap 1.00, name overlap 0.00; list of 2026-09-20"
stoll-wolfe-distillery,Stoll & Wolfe Distillery,United States,ttb-basic-permit,PA-S-20056,HERITAGE SPIRITS LLC,operator,ttb-premises,medium,,https://www.ttb.gov/public-information/foia/list-of-permittees,"same premises: 35 N Cedar St, Lititz 17543, street overlap 0.75, name overlap 0.00; dba Heritage Spirits; list of 2026-09-20"
stone-faces-distillery,Stone Faces Distillery,United States,ttb-basic-permit,SD-S-20003,"VALIANT VINEYARDS, INC.",operator,ttb-name-state,high,,https://www.ttb.gov/public-information/foia/list-of-permittees,"jaccard 1.00 via operating; premises Vermillion, SD; dba Stone Faces Distillery; list of 2026-09-20"
stone-ledge-distillery,Stone Ledge Distillery,United States,ttb-basic-permit,MO-S-20130,STONE LEDGE SPIRITS COMPANY LLC,self,ttb-name-state,high,,https://www.ttb.gov/public-information/foia/list-of-permittees,"jaccard 1.00 via operating; premises Defiance, MO; dba Stone Ledge Distillery; list of 2026-09-20"
stonehouse-distillery,Stonehouse Distillery,United States,ttb-basic-permit,MT-S-20008,STONEHOUSE DISTILLERY LLC,self,ttb-name-state,high,,https://www.ttb.gov/public-information/foia/list-of-permittees,"jaccard 1.00 via owner; premises Winston, MT; list of 2026-09-20"
stoneyard-distillery,Stoneyard Distillery,United States,ttb-basic-permit,CO-S-20032,"STONEYARD DISTILLERY, INC.",self,ttb-name-state,high,,https://www.ttb.gov/public-information/foia/list-of-permittees,"jaccard 1.00 via operating; premises Gypsum, CO; dba Stoneyard Distillery; list of 2026-09-20"
storm-distillery,Storm Distillery,United States,ttb-basic-permit,FL-S-20185,STORM DISTILLERY LLC,self,ttb-name-state,medium,,https://www.ttb.gov/public-information/foia/list-of-permittees,"jaccard 1.00 via operating; premises Inverness, FL; dba Storm Distillery; list of 2026-09-20"
storm-king-distilling-co,Storm King Distilling Co.,United States,ttb-basic-permit,CO-S-20079,"HIGH MESA SPIRITS, LLC",operator,ttb-name-state,high,,https://www.ttb.gov/public-information/foia/list-of-permittees,"jaccard 1.00 via operating; premises Montrose, CO; dba Storm King Distilling Co.; list of 2026-09-20"
storyhouse-spirits,Storyhouse Spirits,United States,ttb-basic-permit,CA-S-20201,"HIGHWAY 101 SPIRITS, INC.",operator,ttb-name-state,high,,https://www.ttb.gov/public-information/foia/list-of-permittees,"jaccard 1.00 via operating; premises San Diego, CA; dba Storyhouse Spirits; list of 2026-09-20"
stoutridge-distillery-and-winery,Stoutridge Distillery and Winery,United States,ttb-basic-permit,NY-S-20106,"STOUTRIDGE VINEYARD, LLC",self,ttb-name-state,high,,https://www.ttb.gov/public-information/foia/list-of-permittees,"jaccard 1.00 via operating; premises Marlboro, NY; dba Stoutridge Vineyard; list of 2026-09-20"
stranahan-s-whiskey-distillery-cocktail-bar,Stranahan's Whiskey Distillery & Cocktail Bar,United States,ttb-basic-permit,CO-S-15019,"PROXIMO DISTILLERS, LLC",operator,ttb-premises,medium,,https://www.ttb.gov/public-information/foia/list-of-permittees,"same premises: 200 S Kalamath St, Denver 80223, street overlap 1.00, name overlap 0.00; dba PROXIMO DISTILLERS; list of 2026-09-20"
straw-hat-distillery-llc,"Straw Hat Distillery, LLC",United States,ttb-basic-permit,SC-S-20010,"STRAW HAT DISTILLERY, LLC",self,ttb-name-state,high,,https://www.ttb.gov/public-information/foia/list-of-permittees,"jaccard 1.00 via owner; premises Florence, SC; list of 2026-09-20"
streven-distilling-company,Streven Distilling Company,United States,ttb-basic-permit,IN-S-20037,STREVEN DISTILLING COMPANY LLC,self,ttb-name-state,high,,https://www.ttb.gov/public-information/foia/list-of-permittees,"jaccard 1.00 via operating; premises Warsaw, IN; dba Streven Distilling Company; list of 2026-09-20"
strickland-hollow-farm-distillery,Strickland Hollow Farm & Distillery,United States,ttb-basic-permit,NY-S-15069,"A SPECIAL AFFAIRE, LTD.",operator,ttb-name-state,high,,https://www.ttb.gov/public-information/foia/list-of-permittees,"jaccard 1.00 via operating; premises Meridale, NY; dba STRICKLAND HOLLOW DISTILLERY; list of 2026-09-20"
striped-lion-distilling,Striped Lion Distilling,United States,ttb-basic-permit,NJ-S-20035,"STRIPED LION DISTILLING, LLC",self,ttb-name-state,high,,https://www.ttb.gov/public-information/foia/list-of-permittees,"jaccard 1.00 via owner; premises West Deptford, NJ; pin has no address, matched nationwide; list of 2026-09-20"
striped-pig-distillery,Striped Pig Distillery,United States,ttb-basic-permit,SC-S-20006,STRIPED PIG DISTILLERY LLC,self,ttb-name-state,high,,https://www.ttb.gov/public-information/foia/list-of-permittees,"jaccard 1.00 via operating; premises N. Charleston, SC; dba Striped Pig; list of 2026-09-20"
strivers-row-distillery,Strivers' Row Distillery,United States,ttb-basic-permit,PA-S-20157,STRIVERS' ROW DISTILLERY LTD,self,ttb-name-state,high,,https://www.ttb.gov/public-information/foia/list-of-permittees,"jaccard 1.00 via owner; premises Philadelphia, PA; list of 2026-09-20"
stubborn-mule-distilling,Stubborn Mule Distilling,United States,ttb-basic-permit,TX-S-20240,STUBBORN MULE DISTILLING CORPORATION,self,ttb-name-state,high,,https://www.ttb.gov/public-information/foia/list-of-permittees,"jaccard 1.00 via operating; premises Gainesville, TX; dba Stubborn Mule Distilling Corporation; list of 2026-09-20"
sturgeon-spirits-craft-distillery,Sturgeon Spirits Craft Distillery,United States,ttb-basic-permit,WI-S-20081,STURGEON SPIRITS INC,self,ttb-name-state,high,,https://www.ttb.gov/public-information/foia/list-of-permittees,"jaccard 1.00 via operating; premises Oshkosh, WI; dba Sturgeon Spirits; list of 2026-09-20"
sugar-hill-distillery,Sugar Hill Distillery,United States,ttb-basic-permit,GA-S-20051,SUGAR HILL DISTILLERY LLC,self,ttb-name-state,high,,https://www.ttb.gov/public-information/foia/list-of-permittees,"jaccard 1.00 via owner; premises Sugar Hill, GA; pin has no address, matched nationwide; list of 2026-09-20"
sugar-house-distillery,Sugar House Distillery,United States,ttb-basic-permit,UT-S-20002,"SUGAR HOUSE DISTILLERY, LLC",self,ttb-name-state,medium,,https://www.ttb.gov/public-information/foia/list-of-permittees,"jaccard 1.00 via owner; premises South Salt Lake, UT; list of 2026-09-20"
sugar-sand-distillery,Sugar Sand Distillery,United States,ttb-basic-permit,FL-S-20063,SUGAR SAND DISTILLERY LLC,self,ttb-name-state,high,,https://www.ttb.gov/public-information/foia/list-of-permittees,"jaccard 1.00 via operating; premises Lake Placid, FL; dba Sugar Sand Distillery; list of 2026-09-20"
sugar-tit-moonshine-distillery,Sugar Tit Moonshine Distillery,United States,ttb-basic-permit,SC-S-20020,"GRANDMA'S HANDS GRANDPA'S POCKETS, LLC",operator,ttb-premises,medium,,https://www.ttb.gov/public-information/foia/list-of-permittees,"same premises: 330 Main St, Reidville 29375, street overlap 1.00, name overlap 0.00; list of 2026-09-20"
sugar-works-distillery,Sugar Works Distillery,United States,ttb-basic-permit,FL-S-20071,SUGAR WORKS DISTILLERY LLC,self,ttb-name-state,high,,https://www.ttb.gov/public-information/foia/list-of-permittees,"jaccard 1.00 via operating; premises New Smyrna Beach, FL; dba Sugar Works Distillery; list of 2026-09-20"
sugarfield-spirits,Sugarfield Spirits,United States,ttb-basic-permit,LA-S-20035,"SUGARFIELD SPIRITS, LLC",self,ttb-name-state,high,,https://www.ttb.gov/public-information/foia/list-of-permittees,"jaccard 1.00 via operating; premises Gonzales, LA; dba Sugarfield Spirits; list of 2026-09-20"
sun-king-spirits,Sun King Spirits,United States,ttb-basic-permit,IN-S-20054,"SUN KING BREWING COMPANY, LLC",self,ttb-name-state,high,,https://www.ttb.gov/public-information/foia/list-of-permittees,"jaccard 1.00 via operating; premises Indianapolis, IN; dba Sun King Brewing Company; list of 2026-09-20"
sundance-distilling,Sundance Distilling,United States,ttb-basic-permit,OR-S-20055,SUNDANCE DISTILLING LLC,self,ttb-name-state,high,,https://www.ttb.gov/public-information/foia/list-of-permittees,"jaccard 1.00 via owner; premises Grants Pass, OR; list of 2026-09-20"
sutherland-distilling-company,Sutherland Distilling Company,United States,ttb-basic-permit,CA-S-20036,SUTHERLAND DISTILLING COMPANY LLC,self,ttb-name-state,high,,https://www.ttb.gov/public-information/foia/list-of-permittees,"jaccard 1.00 via owner; premises Livermore, CA; list of 2026-09-20"
swamp-fox-distilling,Swamp Fox Distilling,United States,ttb-basic-permit,SC-S-20039,"SWAMP FOX DISTILLING, LLC",self,ttb-name-state,high,,https://www.ttb.gov/public-information/foia/list-of-permittees,"jaccard 1.00 via operating; premises Pendleton, SC; dba Swamp Fox Distilling; list of 2026-09-20"
swede-hill-distilling,Swede Hill Distilling,United States,ttb-basic-permit,WA-S-20022,KEVIN WILLIAM MILFORD,self,ttb-name-state,high,,https://www.ttb.gov/public-information/foia/list-of-permittees,"jaccard 1.00 via operating; premises Yakima, WA; dba Swede Hill Distilling; owner is an individual; list of 2026-09-20"
sweet-home-distilling,Sweet Home Distilling,United States,ttb-basic-permit,AL-S-20046,"SWEET HOME SPIRITS, INC.",self,ttb-name-state,high,,https://www.ttb.gov/public-information/foia/list-of-permittees,"jaccard 1.00 via operating; premises Leeds, AL; dba Sweet Home Spirits; list of 2026-09-20"
sweetwater-distillery,Sweetwater Distillery,United States,ttb-basic-permit,MO-S-20074,"SWEETWATER DISTILLERY, LLC",self,ttb-name-state,high,,https://www.ttb.gov/public-information/foia/list-of-permittees,"jaccard 1.00 via operating; premises Monroe City, MO; dba Sweetwater Distillery; list of 2026-09-20"
swilled-dog,Swilled Dog,United States,ttb-basic-permit,WV-S-20026,"SWILLED DOG SPIRITS, LLC",self,ttb-name-state,high,,https://www.ttb.gov/public-information/foia/list-of-permittees,"jaccard 1.00 via operating; premises Upper Tract, WV; dba Swilled Dog Spirits; list of 2026-09-20"
taconic-distillery,Taconic Distillery,United States,ttb-basic-permit,NY-S-20025,"TACONIC DISTILLERY, LLC",self,ttb-name-state,high,,https://www.ttb.gov/public-information/foia/list-of-permittees,"jaccard 1.00 via operating; premises Stanfordville, NY; dba Taconic Distillery; list of 2026-09-20"
tahwahkaro-distilling-company,Tahwahkaro Distilling Company,United States,ttb-basic-permit,TX-S-20082,TAHWAHKARO DISTILLING COMPANY  LLC,self,ttb-name-state,high,,https://www.ttb.gov/public-information/foia/list-of-permittees,"jaccard 1.00 via operating; premises Palestine, TX; dba Tahwahkaro Distilling Co LLC; list of 2026-09-20"
tall-pines-distillery,Tall Pines Distillery,United States,ttb-basic-permit,PA-S-20049,"TALL PINES DISTILLERY, LLC",self,ttb-name-state,high,,https://www.ttb.gov/public-information/foia/list-of-permittees,"jaccard 1.00 via operating; premises Salisbury, PA; dba Tall Pines Distillery; list of 2026-09-20"
tall-pines-moonshine-distillery-missouri,Tall Pines Moonshine Distillery - Missouri,United States,ttb-basic-permit,MO-S-20073,"TALL PINES DISTILLERY MO, LLC",self,ttb-name-state,medium,,https://www.ttb.gov/public-information/foia/list-of-permittees,"jaccard 0.77 via operating; premises Noel, MO; dba Tall Pines Distillery; list of 2026-09-20"
tall-texan-distilling,Tall Texan Distilling,United States,ttb-basic-permit,TX-S-20359,"TALL TEXAN DISTILLING, LLC",self,ttb-name-state,high,,https://www.ttb.gov/public-information/foia/list-of-permittees,"jaccard 1.00 via owner; premises Sanderson, TX; list of 2026-09-20"
talnua-distillery,Talnua Distillery,United States,ttb-basic-permit,CO-S-20086,TALNUA DISTILLERY,self,ttb-name-state,high,,https://www.ttb.gov/public-information/foia/list-of-permittees,"jaccard 1.00 via operating; premises Arvada, CO; dba Talnua Distillery; owner is an individual; list of 2026-09-20"
tamworth-distilling-mercantile,Tamworth Distilling & Mercantile,United States,ttb-basic-permit,NH-S-20008,TRANSCENDENTAL SPIRITS LLC,operator,ttb-name-state,medium,,https://www.ttb.gov/public-information/foia/list-of-permittees,"jaccard 0.60 via operating; premises Tamworth, NH; dba Tamworth Distillery; list of 2026-09-20"
tarnished-truth-distilling-co,Tarnished Truth Distilling Co.,United States,ttb-basic-permit,VA-S-20037,"CAVALIER VENTURES, LLC",operator,ttb-name-state,high,,https://www.ttb.gov/public-information/foia/list-of-permittees,"jaccard 1.00 via operating; premises Virginia Beach, VA; dba Tarnished Truth Distilling Company; list of 2026-09-20"
tarpon-springs-distillery,Tarpon Springs Distillery,United States,ttb-basic-permit,FL-S-20087,"PAPOU'S CRAFT DISTILLERY, LLC",operator,ttb-name-state,high,,https://www.ttb.gov/public-information/foia/list-of-permittees,"jaccard 1.00 via operating; premises Tarpon Springs, FL; dba Tarpon Springs Distillery; list of 2026-09-20"
tashmoo-distilling-company,Tashmoo Distilling Company,United States,ttb-basic-permit,MI-S-20224,TASHMOO DISTILLING COMPANY LLC,self,ttb-name-state,high,,https://www.ttb.gov/public-information/foia/list-of-permittees,"jaccard 1.00 via operating; premises New Baltimore, MI; dba Tashmoo Distilling Company; list of 2026-09-20"
tattersall-distillery-river-falls,Tattersall Distillery River Falls,United States,ttb-basic-permit,WI-S-20063,"TATTERSALL COMPANIES, LLC",self,ttb-premises,low,,https://www.ttb.gov/public-information/foia/list-of-permittees,"shared premises only, names do not overlap; same premises: 1777 Paulson Rd, River Falls 54022, street overlap 1.00, name overlap 0.33; dba Tattersall Distilling Company; list of 2026-09-20"
tattersall-distilling,Tattersall Distilling,United States,ttb-basic-permit,MN-S-20057,"QUINCY STREET DISTILLING, LLC",operator,ttb-premises,medium,,https://www.ttb.gov/public-information/foia/list-of-permittees,"same premises: 1325 Ne Quincy St Ste F, Minneapolis 55413, street overlap 0.75, name overlap 0.00; dba Earl Giles Distillery; list of 2026-09-20"
telluride-distilling-company,Telluride Distilling Company,United States,ttb-basic-permit,CO-S-20028,"TELLURIDE DISTILLING COMPANY, LLC",self,ttb-name-state,high,,https://www.ttb.gov/public-information/foia/list-of-permittees,"jaccard 1.00 via operating; premises Telluride, CO; dba Telluride Distilling Company; list of 2026-09-20"
temperance-distilling-company,Temperance Distilling Company,United States,ttb-basic-permit,MI-S-15002,TEMPERANCE DISTILLING COMPANY,self,ttb-name-state,high,,https://www.ttb.gov/public-information/foia/list-of-permittees,"jaccard 1.00 via operating; premises Temperance, MI; dba Temperance Distilling Company; list of 2026-09-20"
temple-distilling-company,Temple Distilling Company,United States,ttb-basic-permit,WA-S-20080,TEMPLE DISTILLING COMPANY,self,ttb-name-state,high,,https://www.ttb.gov/public-information/foia/list-of-permittees,"jaccard 1.00 via operating; premises Lynnwood, WA; dba Temple Distilling; list of 2026-09-20"
templeton-distillery,Templeton Distillery,United States,ttb-basic-permit,IA-S-15016,"TEMPLETON RYE SPIRITS, LLC",self,ttb-name-state,high,,https://www.ttb.gov/public-information/foia/list-of-permittees,"jaccard 1.00 via owner; premises Templeton, IA; list of 2026-09-20"
tenmile-distillery,Tenmile Distillery,United States,ttb-basic-permit,NY-S-20144,"MILLBROOK DISTILLERY, LLC",operator,ttb-name-state,high,,https://www.ttb.gov/public-information/foia/list-of-permittees,"jaccard 1.00 via operating; premises Wassaic, NY; dba Tenmile Distillery; list of 2026-09-20"
tennessee-distilling-group,Tennessee Distilling Group,United States,ttb-basic-permit,TN-S-15013,"TNSH, LLC",operator,ttb-name-state,high,,https://www.ttb.gov/public-information/foia/list-of-permittees,"jaccard 1.00 via operating; premises Chattanooga, TN; dba Tennessee Stillhouse; list of 2026-09-20"
tennessee-hills-distillery,Tennessee Hills Distillery,United States,ttb-basic-permit,TN-S-20023,"TENNESSEE HILLS DISTILLERY, LLC",self,ttb-name-state,high,,https://www.ttb.gov/public-information/foia/list-of-permittees,"jaccard 1.00 via operating; premises Jonesborough, TN; dba Tennessee Hills Distillery; list of 2026-09-20"
tennessee-hills-distillery-bristol,Tennessee Hills Distillery - Bristol,United States,ttb-basic-permit,TN-S-20137,"TENNESSEE HILLS DISTILLERY, LLC",self,ttb-name-state,medium,,https://www.ttb.gov/public-information/foia/list-of-permittees,"jaccard 0.77 via operating; premises Bristol, TN; dba Tennessee Hills Distillery; list of 2026-09-20"
tennessee-legend-distillery-newport-hwy,Tennessee Legend Distillery - Newport Hwy,United States,ttb-basic-permit,TN-S-20084,CRYSTAL FALLS SPIRITS GP,self,ttb-name-state,medium,,https://www.ttb.gov/public-information/foia/list-of-permittees,"jaccard 0.60 via operating; premises Sevierville, TN; dba Tennessee Legend Distillery; owner is an individual; list of 2026-09-20"
tennessee-legend-distillery-winfield-dunn-parkway,Tennessee Legend Distillery - Winfield Dunn Parkway,United States,ttb-basic-permit,TN-S-20084,CRYSTAL FALLS SPIRITS GP,self,ttb-name-state,low,,https://www.ttb.gov/public-information/foia/list-of-permittees,"jaccard 0.50 via operating; premises Sevierville, TN; dba Tennessee Legend Distillery; owner is an individual; list of 2026-09-20"
tennessee-shine-co,Tennessee Shine Co,United States,ttb-basic-permit,TN-S-20031,"XXX DISTILLERY, LLC",operator,ttb-name-state,high,,https://www.ttb.gov/public-information/foia/list-of-permittees,"jaccard 1.00 via operating; premises Sevierville, TN; dba Tennessee Shine Company; list of 2026-09-20"
tenth-ward-distilling,Tenth Ward Distilling,United States,ttb-basic-permit,MD-S-20018,"CARROLL CREEK WHISKEY, LLC",operator,ttb-name-state,high,,https://www.ttb.gov/public-information/foia/list-of-permittees,"jaccard 1.00 via operating; premises Frederick, MD; dba Tenth Ward Distilling Company; pin has no address, matched nationwide; list of 2026-09-20"
territory-distilling,Territory Distilling,United States,ttb-basic-permit,OK-S-20016,TERRITORY DISTILLING LLC,self,ttb-name-state,high,,https://www.ttb.gov/public-information/foia/list-of-permittees,"jaccard 1.00 via operating; premises Stillwater, OK; dba Territory Distilling; list of 2026-09-20"
texas-black-gold-distillery,Texas Black Gold Distillery,United States,ttb-basic-permit,TX-S-20244,"TEXAS BLACK GOLD DISTILLERY, LLC",self,ttb-name-state,high,,https://www.ttb.gov/public-information/foia/list-of-permittees,"jaccard 1.00 via operating; premises Houston, TX; dba Texas Black Gold Distillery; list of 2026-09-20"
th-distilling,TH Distilling,United States,ttb-basic-permit,PA-S-20141,TH DISTILLING LLC,self,ttb-name-state,medium,,https://www.ttb.gov/public-information/foia/list-of-permittees,"jaccard 1.00 via owner; premises Philadelphia, PA; dba Otto Distillery; list of 2026-09-20"
the-814-distillery,The 814 Distillery,United States,ttb-basic-permit,PA-S-20259,"C.A.P. DISTINCTIVE SPIRITS, LLC",operator,ttb-name-state,medium,,https://www.ttb.gov/public-information/foia/list-of-permittees,"jaccard 1.00 via operating; premises Altoona, PA; dba The 814 Distillery; list of 2026-09-20"
the-bard-distillery,The Bard Distillery,United States,ttb-basic-permit,KY-S-20065,"THE BARD DISTILLERY, LLC",self,ttb-name-state,medium,,https://www.ttb.gov/public-information/foia/list-of-permittees,"jaccard 1.00 via operating; premises Graham, KY; dba The Bard Distillery; list of 2026-09-20"
the-better-man-distilling-company,The Better Man Distilling Company,United States,ttb-basic-permit,NY-S-20157,THE BETTER MAN DISTILLING CO. INC.,self,ttb-name-state,high,,https://www.ttb.gov/public-information/foia/list-of-permittees,"jaccard 1.00 via owner; premises Patchogue, NY; list of 2026-09-20"
the-block-distilling-co,The Block Distilling Co.,United States,ttb-basic-permit,CO-S-20068,THE BLOCK DISTILLING COMPANY LLC,self,ttb-name-state,medium,,https://www.ttb.gov/public-information/foia/list-of-permittees,"jaccard 1.00 via owner; premises Denver, CO; list of 2026-09-20"
the-boonville-distillery,The Boonville Distillery,United States,ttb-basic-permit,CA-S-20421,LAUREN'S AT THE BUCKHORN INC.,operator,ttb-name-state,high,,https://www.ttb.gov/public-information/foia/list-of-permittees,"jaccard 1.00 via operating; premises Boonville, CA; dba The Boonville Distillery; list of 2026-09-20"
the-bullock-distillery,The Bullock Distillery,United States,ttb-basic-permit,WV-S-20020,"THE BULLOCK DISTILLERY, LLC",self,ttb-name-state,high,,https://www.ttb.gov/public-information/foia/list-of-permittees,"jaccard 1.00 via operating; premises Charleston, WV; dba The Bullock Distillery Company; list of 2026-09-20"
the-conjure-bar-stage-at-inspired-by-spirits-distillery,The Conjure Bar & Stage (at Inspired by Spirits Distillery),United States,ttb-basic-permit,PA-S-20205,"INSPIRED BY SPIRITS DISTILLING COMPANY, LLC",self,ttb-name-state,low,,https://www.ttb.gov/public-information/foia/list-of-permittees,"jaccard 0.50 via operating; premises Pittsburgh, PA; dba Inspired by spirits distilling company; list of 2026-09-20"
the-distillery-cloudcroft-brewing-co,The Distillery @ Cloudcroft Brewing Co.,United States,ttb-basic-permit,NM-S-20047,"JIM-N-I, LLC",operator,ttb-name-state,high,,https://www.ttb.gov/public-information/foia/list-of-permittees,"jaccard 1.00 via operating; premises Cloudcroft, NM; dba Cloudcroft Brewing Company; list of 2026-09-20"
the-distillery-complex,The Distillery Complex,United States,ttb-basic-permit,PA-S-20301,SOUTH SHORE DISTILLING LLC,operator,ttb-premises,medium,,https://www.ttb.gov/public-information/foia/list-of-permittees,"same premises: 59 S 2Nd St, Pittsburgh 15219, street overlap 1.00, name overlap 0.00; list of 2026-09-20"
the-distillery-high-ridge-spirits,The Distillery High Ridge Spirits,United States,ttb-basic-permit,AL-S-20001,"HIGH RIDGE SPIRITS, LLC.",self,ttb-name-state,high,,https://www.ttb.gov/public-information/foia/list-of-permittees,"jaccard 1.00 via operating; premises Florence, AL; dba High Ridge Spirits LLC; pin has no address, matched nationwide; list of 2026-09-20"
the-distillery-infusion-room-at-kiepersol,The Distillery & Infusion Room at Kiepersol,United States,ttb-basic-permit,TX-S-20013,"KIEPERSOL ENTERPRISES, INC.",operator,ttb-premises,medium,,https://www.ttb.gov/public-information/foia/list-of-permittees,"same premises: 21556 Merlot Ln, Tyler 75703, street overlap 0.67, name overlap 0.25; list of 2026-09-20"
the-distillery-the-spirit-of-lambertville,"The Distillery, The Spirit of Lambertville",United States,ttb-basic-permit,NJ-S-20071,THE DISTILLERY AT LAMBERTVILLE LLC,self,ttb-name-state,medium,,https://www.ttb.gov/public-information/foia/list-of-permittees,"jaccard 0.60 via operating; premises Lambertville, NJ; dba The Distillery at Lambertville; list of 2026-09-20"
the-family-jones-distillery,The Family Jones Distillery,United States,ttb-basic-permit,CO-S-20074,"THE FAMILY JONES, LLC",self,ttb-name-state,medium,,https://www.ttb.gov/public-information/foia/list-of-permittees,"jaccard 1.00 via owner; premises Loveland, CO; list of 2026-09-20"
the-grand-canyon-brewing-distillery,The Grand Canyon Brewing + Distillery,United States,ttb-basic-permit,AZ-S-20024,"GRAND CANYON DISTILLERY, LLC",self,ttb-name-state,high,,https://www.ttb.gov/public-information/foia/list-of-permittees,"jaccard 1.00 via owner; premises Williams, AZ; list of 2026-09-20"
the-hardware-distillery,The Hardware Distillery,United States,ttb-basic-permit,WA-S-15077,THE HARDWARE DISTILLERY CO.,self,ttb-name-state,high,,https://www.ttb.gov/public-information/foia/list-of-permittees,"jaccard 1.00 via owner; premises Hoodsport, WA; list of 2026-09-20"
the-heart-distillery,The Heart Distillery,United States,ttb-basic-permit,CO-S-20088,"THE HEART DISTILLERY, LLC",self,ttb-name-state,medium,,https://www.ttb.gov/public-information/foia/list-of-permittees,"jaccard 1.00 via operating; premises Windsor, CO; dba The Heart Distillery; list of 2026-09-20"
the-honorable-distillery,The Honorable Distillery,United States,ttb-basic-permit,MI-S-20154,THE HONORABLE DISTILLERIES INC.,self,ttb-name-state,high,,https://www.ttb.gov/public-information/foia/list-of-permittees,"jaccard 1.00 via owner; premises Marquette, MI; list of 2026-09-20"
the-hudson-house-distillery,The Hudson House & Distillery,United States,ttb-basic-permit,NY-S-20210,STAR ESTATE DISTILLERY LLC,operator,ttb-name-state,high,,https://www.ttb.gov/public-information/foia/list-of-permittees,"jaccard 1.00 via operating; premises West Park, NY; dba Hudson House Distillery; list of 2026-09-20"
the-indiana-whiskey-company,The Indiana Whiskey Company,United States,ttb-basic-permit,IN-S-20001,THE INDIANA WHISKEY COMPANY,self,ttb-name-state,high,,https://www.ttb.gov/public-information/foia/list-of-permittees,"jaccard 1.00 via operating; premises South Bend, IN; dba The Indiana Whiskey Company; list of 2026-09-20"
the-industrious-spirit-company,The Industrious Spirit Company,United States,ttb-basic-permit,RI-S-20007,"THE INDUSTRIOUS SPIRIT COMPANY, LLC",self,ttb-name-state,high,,https://www.ttb.gov/public-information/foia/list-of-permittees,"jaccard 1.00 via operating; premises Providence, RI; dba The Industrious Spirit Company; list of 2026-09-20"
the-lost-druid-brewery-distillery,The Lost Druid Brewery & Distillery,United States,ttb-basic-permit,GA-S-20107,THE LOST DRUID LLC,self,ttb-name-state,high,,https://www.ttb.gov/public-information/foia/list-of-permittees,"jaccard 1.00 via owner; premises Avondale Estates, GA; list of 2026-09-20"
the-madhatter-distillery,The Madhatter Distillery,United States,ttb-basic-permit,TX-S-20319,"THE MADHATTER DISTILLERY, LLC",self,ttb-name-state,high,,https://www.ttb.gov/public-information/foia/list-of-permittees,"jaccard 1.00 via operating; premises Nacogdoches, TX; dba The Madhatter Distillery; list of 2026-09-20"
the-new-york-distilling-company,The New York Distilling Company,United States,ttb-basic-permit,NY-S-15025,"NEW YORK DISTILLING COMPANY, LLC",self,ttb-name-state,high,,https://www.ttb.gov/public-information/foia/list-of-permittees,"jaccard 1.00 via operating; premises Brooklyn, NY; dba NEW YORK DISTILLING; pin has no address, matched nationwide; list of 2026-09-20"
the-northern-maine-distilling-company,The Northern Maine Distilling Company,United States,ttb-basic-permit,ME-S-15003,THE NORTHERN MAINE DISTILLING COMPANY,self,ttb-name-state,high,,https://www.ttb.gov/public-information/foia/list-of-permittees,"jaccard 1.00 via owner; premises Brewer, ME; list of 2026-09-20"
the-oak-room-by-american-oak-distillery,The Oak Room By: American Oak Distillery,United States,ttb-basic-permit,NY-S-20142,"AMERICAN OAK DISTILLERY, LLC",self,ttb-name-state,medium,,https://www.ttb.gov/public-information/foia/list-of-permittees,"jaccard 0.60 via owner; premises Bolton Landing, NY; list of 2026-09-20"
the-old-pogue-distillery,The Old Pogue Distillery,United States,ttb-basic-permit,KY-S-20057,"THE OLD POGUE DISTILLERY, LLC",self,ttb-name-state,high,,https://www.ttb.gov/public-information/foia/list-of-permittees,"jaccard 1.00 via operating; premises Maysville, KY; dba Old Pogue; list of 2026-09-20"
the-pharmacy-craft-cocktails-and-distilling,The Pharmacy Craft Cocktails and Distilling,United States,ttb-basic-permit,NC-S-20146,"FOUR SAINTS BREWING COMPANY, LLC",operator,ttb-premises,medium,,https://www.ttb.gov/public-information/foia/list-of-permittees,"same premises: 212 S Fayetteville St Unit, Asheboro 27203, street overlap 1.00, name overlap 0.00; list of 2026-09-20"
the-point-distillery,The Point Distillery,United States,ttb-basic-permit,FL-S-20074,"THE POINT DISTILLERY, LLC",self,ttb-name-state,medium,,https://www.ttb.gov/public-information/foia/list-of-permittees,"jaccard 1.00 via owner; premises New Port Richey, FL; list of 2026-09-20"
the-speakeasy-distillery,The Speakeasy Distillery,United States,ttb-basic-permit,TX-S-20215,HLCC VENTURES LLC,operator,ttb-name-state,high,,https://www.ttb.gov/public-information/foia/list-of-permittees,"jaccard 1.00 via operating; premises Wichita Falls, TX; dba SPEAKEASY DISTILLERY; list of 2026-09-20"
the-underground-speakeasy-and-distillery,The Underground Speakeasy and Distillery,United States,ttb-basic-permit,NV-S-20019,"300 STEWART AVENUE LESSEE, LLC",operator,ttb-premises,medium,,https://www.ttb.gov/public-information/foia/list-of-permittees,"same premises: 300 Stewart Ave, Las Vegas 89101, street overlap 1.00, name overlap 0.00; dba The Mob Museum; list of 2026-09-20"
the-vale-fox-distillery,The Vale Fox Distillery,United States,ttb-basic-permit,NY-S-20105,"THE VALE FOX DISTILLERY, LLC",self,ttb-name-state,high,,https://www.ttb.gov/public-information/foia/list-of-permittees,"jaccard 1.00 via operating; premises Poughkeepsie, NY; dba The Vale Fox Distillery LLC; list of 2026-09-20"
the-vanguard-brewpub-distillery,The Vanguard Brewpub & Distillery,United States,ttb-basic-permit,VA-S-20041,THE VANGUARD BREWPUB & DISTILLERY LLC,self,ttb-name-state,high,,https://www.ttb.gov/public-information/foia/list-of-permittees,"jaccard 1.00 via owner; premises Hampton, VA; dba Caiseal Beer & Spirits Co.; list of 2026-09-20"
the-washington-distilling-company,The Washington Distilling Company,United States,ttb-basic-permit,MO-S-20081,"FARM AND SPIRIT, INC",operator,ttb-name-state,high,,https://www.ttb.gov/public-information/foia/list-of-permittees,"jaccard 1.00 via operating; premises Washington, MO; dba THE WASHINGTON DISTILLING COMPANY; list of 2026-09-20"
the-whiskey-factory-detroit-city-distillery,The Whiskey Factory - Detroit City Distillery,United States,ttb-basic-permit,MI-S-20010,"DETROIT CITY DISTILLERY, LLC",self,ttb-name-state,medium,,https://www.ttb.gov/public-information/foia/list-of-permittees,"jaccard 0.77 via owner; premises Detroit, MI; dba The Spirits of Detroit; list of 2026-09-20"
the-winery-at-rapidan-war-craft-brewery-cidery-distillery,The Winery At Rapidan / WAR Craft Brewery Cidery Distillery,United States,ttb-basic-permit,VA-S-20120,THE WINERY AT RAPIDAN,self,ttb-name-state,medium,,https://www.ttb.gov/public-information/foia/list-of-permittees,"jaccard 0.77 via owner; premises Rapidan, VA; dba WAR Craft Brewery; owner is an individual; list of 2026-09-20"
third-rail-distillery,Third Rail Distillery,United States,ttb-basic-permit,GA-S-20131,"THIRD RAIL DISTILLERS, INC.",self,ttb-name-state,high,,https://www.ttb.gov/public-information/foia/list-of-permittees,"jaccard 1.00 via owner; premises Lawrenceville, GA; list of 2026-09-20"
thistle-finch-distillery,Thistle Finch Distillery,United States,ttb-basic-permit,PA-S-20008,THISTLE FINCH DISTILLING LLC,self,ttb-name-state,high,,https://www.ttb.gov/public-information/foia/list-of-permittees,"jaccard 1.00 via operating; premises Lancaster, PA; dba Thistle Finch Distilling; list of 2026-09-20"
thornton-distilling-co,Thornton Distilling Co.,United States,ttb-basic-permit,IL-S-15024,BLACKSTONE SPIRITS LLC,operator,ttb-name-state,high,,https://www.ttb.gov/public-information/foia/list-of-permittees,"jaccard 1.00 via operating; premises Thornton, IL; dba Thornton Distilling Company; list of 2026-09-20"
three-bridges-distillery-taproom,Three Bridges Distillery & Taproom,United States,ttb-basic-permit,MI-S-20146,"THREE BRIDGES DISTILLERY AND TAPROOM, LLC",self,ttb-name-state,high,,https://www.ttb.gov/public-information/foia/list-of-permittees,"jaccard 1.00 via operating; premises Midland, MI; dba Three Bridges Distillery & Taproom; list of 2026-09-20"
three-crosses-distilling-company,Three Crosses Distilling Company,United States,ttb-basic-permit,VA-S-20054,"THREE CROSSES DISTILLING COMPANY, LLC",self,ttb-name-state,high,,https://www.ttb.gov/public-information/foia/list-of-permittees,"jaccard 1.00 via operating; premises Powhatan, VA; dba Three Crosses Distilling; list of 2026-09-20"
three-little-birds-distillery,Three Little Birds Distillery,United States,ttb-basic-permit,PA-S-20211,THREE LITTLE BIRDS DISTILLERY LLC,self,ttb-name-state,high,,https://www.ttb.gov/public-information/foia/list-of-permittees,"jaccard 1.00 via owner; premises Macungie, PA; list of 2026-09-20"
three-notch-d-brewery-distillery-craft-kitchen-nelson-county,"Three Notch'd Brewery, Distillery & Craft Kitchen - Nelson County",United States,ttb-basic-permit,VA-S-20116,"THREE NOTCH'D DISTILLING COMPANY, LLC",self,ttb-name-state,low,,https://www.ttb.gov/public-information/foia/list-of-permittees,"jaccard 0.50 via operating; premises Nellysford, VA; dba Three Notchd Distilling Company; list of 2026-09-20"
three-paths-distillery,Three Paths Distillery,United States,ttb-basic-permit,TX-S-20328,THREE PATHS DISTILLERY LLC,self,ttb-name-state,high,,https://www.ttb.gov/public-information/foia/list-of-permittees,"jaccard 1.00 via operating; premises Comfort, TX; dba Three Paths Distillery; list of 2026-09-20"
three-rifles-distilling-co,Three Rifles Distilling Co.,United States,ttb-basic-permit,TN-S-20128,THREE RIFLES DISTILLING CO. LLC,self,ttb-name-state,high,,https://www.ttb.gov/public-information/foia/list-of-permittees,"jaccard 1.00 via operating; premises Clarksville, TN; dba Three Rifles Distilling Co.; list of 2026-09-20"
three-wives-distillery-llc,Three Wives Distillery LLC,United States,ttb-basic-permit,VA-S-20133,THREE WIVES DISTILLERY LLC,self,ttb-name-state,high,,https://www.ttb.gov/public-information/foia/list-of-permittees,"jaccard 1.00 via operating; premises Winchester, VA; dba Three Wives Distillery; list of 2026-09-20"
thumb-butte-distillery,Thumb Butte Distillery,United States,ttb-basic-permit,AZ-S-20065,GRANITE MOUNTAIN DISTILLERY LLC,operator,ttb-premises,medium,,https://www.ttb.gov/public-information/foia/list-of-permittees,"same premises: 400 N Washington Ave, Prescott 86301, street overlap 1.00, name overlap 0.00; dba Granite Mountain Distillery; list of 2026-09-20"
tierra-distilling-co-cafe,Tierra Distilling Co. & Cafe,United States,ttb-basic-permit,IL-S-20088,"TIERRA DISTILLING COMPANY, LLC",self,ttb-name-state,high,,https://www.ttb.gov/public-information/foia/list-of-permittees,"jaccard 1.00 via operating; premises Clarendon Hills, IL; dba Tierra Distilling Co.; list of 2026-09-20"
tighe-brothers-distillery,Tighe Brothers Distillery,United States,ttb-basic-permit,CO-S-20196,KMG SPIRITS LLC,operator,ttb-premises,medium,,https://www.ttb.gov/public-information/foia/list-of-permittees,"same premises: 4200 Milwaukee St Ste A & B, Denver 80216, street overlap 0.50, name overlap 0.00; dba Batch House Distillery; list of 2026-09-20"
timber-creek-distillery,Timber Creek Distillery,United States,ttb-basic-permit,FL-S-20026,"TIMBER CREEK DISTILLING, LLC.",self,ttb-name-state,high,,https://www.ttb.gov/public-information/foia/list-of-permittees,"jaccard 1.00 via operating; premises Crestview, FL; dba Timber Creek Distilling; list of 2026-09-20"
timekeeper-distillery,Timekeeper Distillery,United States,ttb-basic-permit,WI-S-20041,"CENTRAL TIME DISTILLERY AND WINERY, INC.",operator,ttb-name-state,high,,https://www.ttb.gov/public-information/foia/list-of-permittees,"jaccard 1.00 via operating; premises Wausau, WI; dba Timekeeper Distillery; list of 2026-09-20"
timekeeper-lounge-and-distillery,Timekeeper Lounge and Distillery,United States,ttb-basic-permit,WI-S-20041,"CENTRAL TIME DISTILLERY AND WINERY, INC.",operator,ttb-name-state,medium,,https://www.ttb.gov/public-information/foia/list-of-permittees,"jaccard 0.60 via operating; premises Wausau, WI; dba Timekeeper Distillery; list of 2026-09-20"
tin-city-distillery,Tin City Distillery,United States,ttb-basic-permit,CA-S-20086,"WINESHINE, INC.",operator,ttb-premises,medium,,https://www.ttb.gov/public-information/foia/list-of-permittees,"same premises: 3064 Limestone Way, Paso Robles 93446, street overlap 1.00, name overlap 0.00; dba Wineshine; list of 2026-09-20"
tj-s-brew-distillery,TJ's Brew Distillery,United States,ttb-basic-permit,KS-S-15011,"T AND K INDUSTRIES, LLC",operator,ttb-premises,medium,,https://www.ttb.gov/public-information/foia/list-of-permittees,"same premises: 17064 Ness Rd, Parsons 67357, street overlap 1.00, name overlap 0.00; list of 2026-09-20"
tmk-creamery-tmk-distillery,TMK Creamery + TMK Distillery,United States,ttb-basic-permit,OR-S-20115,"TMK DISTILLERY, LLC",self,ttb-name-state,medium,,https://www.ttb.gov/public-information/foia/list-of-permittees,"jaccard 0.60 via operating; premises Canby, OR; dba TMK Distillery; list of 2026-09-20"
tobacco-barn-distillery,Tobacco Barn Distillery,United States,ttb-basic-permit,MD-S-20013,"TOBACCO BARN DISTILLERY, LLC",self,ttb-name-state,high,,https://www.ttb.gov/public-information/foia/list-of-permittees,"jaccard 1.00 via owner; premises Hollywood, MD; list of 2026-09-20"
toddy-blends-winery-distillery,Toddy Blends Winery & Distillery,United States,ttb-basic-permit,TX-S-15027,TODDY INC.,self,ttb-name-state,medium,,https://www.ttb.gov/public-information/foia/list-of-permittees,"jaccard 0.60 via operating; premises Katy, TX; dba TODDY DISTILLERY; list of 2026-09-20"
tom-s-foolery-farm-and-distillery,Tom's Foolery Farm and Distillery,United States,ttb-basic-permit,OH-S-15008,"TOMSFOOLERY, LLC",operator,ttb-name-state,medium,,https://www.ttb.gov/public-information/foia/list-of-permittees,"jaccard 1.00 via operating; premises Chagrin Falls, OH; dba TOM'S FOOLERY; list of 2026-09-20"
tom-s-town-distilling-co,Tom's Town Distilling Co.,United States,ttb-basic-permit,MO-S-20018,"TOM'S TOWN DISTILLING COMPANY, LLC.",self,ttb-name-state,high,,https://www.ttb.gov/public-information/foia/list-of-permittees,"jaccard 1.00 via operating; premises Kansas City, MO; dba Tom's Town Distilling Company; list of 2026-09-20"
tower-56-distilling,Tower 56 Distilling,United States,ttb-basic-permit,CO-S-20097,"5507 DISTILLING, LLC",operator,ttb-premises,medium,,https://www.ttb.gov/public-information/foia/list-of-permittees,"same premises: 825 Ninth St Unit B, Greeley 80631, street overlap 0.50, name overlap 0.00; dba 477 Distilling; list of 2026-09-20"
township-23-distillery,Township 23 Distillery,United States,ttb-basic-permit,WI-S-20071,"TOWNSHIP 23 DISTILLERY, LLC",self,ttb-name-state,high,,https://www.ttb.gov/public-information/foia/list-of-permittees,"jaccard 1.00 via owner; premises Nelson, WI; list of 2026-09-20"
towpath-distillery,Towpath Distillery,United States,ttb-basic-permit,OH-S-20102,PISCAZZI FAMILY SPIRITS LLC,operator,ttb-name-state,high,,https://www.ttb.gov/public-information/foia/list-of-permittees,"jaccard 1.00 via operating; premises Akron, OH; dba TOWPATH DISTILLERY; list of 2026-09-20"
trail-distilling,Trail Distilling,United States,ttb-basic-permit,OR-S-20034,"TRAILS END SPIRITS, LLC",operator,ttb-name-state,medium,,https://www.ttb.gov/public-information/foia/list-of-permittees,"jaccard 1.00 via operating; premises Oregon City, OR; dba Trail Distilling; list of 2026-09-20"
trailhead-spirits,Trailhead Spirits,United States,ttb-basic-permit,MT-S-20001,"BOOTLEG DISTILLERY, INC.",operator,ttb-name-state,high,,https://www.ttb.gov/public-information/foia/list-of-permittees,"jaccard 1.00 via operating; premises Billings, MT; dba Trailhead Spirits; list of 2026-09-20"
train-wreck-distillery,Train Wreck Distillery,United States,ttb-basic-permit,NJ-S-20023,TRAIN WRECK DISTILLERY LLC,self,ttb-name-state,high,,https://www.ttb.gov/public-information/foia/list-of-permittees,"jaccard 1.00 via owner; premises Mount Holly, NJ; list of 2026-09-20"
treaty-oak-distillery,Treaty Oak Distillery,United States,ttb-basic-permit,TX-S-20163,"ONE SHOT DISTILLERY HOLDINGS, LLC",operator,ttb-premises,medium,,https://www.ttb.gov/public-information/foia/list-of-permittees,"same premises: 31610 Ranch Road 12, Dripping Springs 78620, street overlap 1.00, name overlap 0.00; dba One Shot Distillery & Brewery; list of 2026-09-20"
trial-error-distillery,Trial & Error Distillery,United States,ttb-basic-permit,VA-S-20040,BOMBOLINI LLC,operator,ttb-premises,medium,,https://www.ttb.gov/public-information/foia/list-of-permittees,"same premises: 1606 W Main St, Richmond 23220, street overlap 1.00, name overlap 0.00; list of 2026-09-20"
trinity-river-distillery,Trinity River Distillery,United States,ttb-basic-permit,TX-S-20133,TRINITY RIVER DISTILLERY LLC,self,ttb-name-state,high,,https://www.ttb.gov/public-information/foia/list-of-permittees,"jaccard 1.00 via operating; premises Fort Worth, TX; dba TRINITY RIVER DISTILLERY; list of 2026-09-20"
triple-eight-distillery,Triple Eight Distillery,United States,ttb-basic-permit,MA-S-98,"TRIPLE EIGHT DISTILLERY, LLC",self,ttb-name-state,high,,https://www.ttb.gov/public-information/foia/list-of-permittees,"jaccard 1.00 via owner; premises Nantucket, MA; list of 2026-09-20"
triple-nickel-distillery,Triple Nickel Distillery,United States,ttb-basic-permit,PA-S-20103,TRIPLE NICKEL DISTILLERY LLC,self,ttb-name-state,high,,https://www.ttb.gov/public-information/foia/list-of-permittees,"jaccard 1.00 via operating; premises Weedville, PA; dba Triple Nickel Distillery; list of 2026-09-20"
trippy-goat-distillery,Trippy Goat Distillery,United States,ttb-basic-permit,MD-S-20078,J & J DISTILLERS LLC,operator,ttb-name-state,high,,https://www.ttb.gov/public-information/foia/list-of-permittees,"jaccard 1.00 via operating; premises Beallsville, MD; dba Trippy Goat Distillery; list of 2026-09-20"
trolley-house-distillery,Trolley House Distillery,United States,ttb-basic-permit,KS-S-20015,TROLLEY HOUSE DISTILLERY LLC,self,ttb-name-state,high,,https://www.ttb.gov/public-information/foia/list-of-permittees,"jaccard 1.00 via owner; premises Emporia, KS; list of 2026-09-20"
tropical-distillery,Tropical Distillery,United States,ttb-basic-permit,FL-S-20123,TROPICAL DISTILLERY LLC,self,ttb-name-state,high,,https://www.ttb.gov/public-information/foia/list-of-permittees,"jaccard 1.00 via owner; premises Miami, FL; list of 2026-09-20"
tumbleroot-brewing-and-distilling,Tumbleroot Brewing and Distilling,United States,ttb-basic-permit,NM-S-20015,"TUMBLEROOT BREWING, LLC",self,ttb-name-state,high,,https://www.ttb.gov/public-information/foia/list-of-permittees,"jaccard 1.00 via operating; premises Santa Fe, NM; dba Tumbleroot Brewery and Distillery; list of 2026-09-20"
tumbleweed-lounge-at-tularosa-distillery,Tumbleweed Lounge at Tularosa Distillery,United States,ttb-basic-permit,NM-S-20046,"TULAROSA DISTILLERY, LLC",operator,ttb-premises,medium,,https://www.ttb.gov/public-information/foia/list-of-permittees,"same premises: 55 S Bookout Rd, Tularosa 88352, street overlap 1.00, name overlap 0.25; list of 2026-09-20"
turnbuckle-distilling,Turnbuckle Distilling,United States,ttb-basic-permit,CO-S-20191,TURNBUCKLE DISTILLING LLC,self,ttb-name-state,high,,https://www.ttb.gov/public-information/foia/list-of-permittees,"jaccard 1.00 via operating; premises Westminster, CO; dba Turnbuckle Distilling; list of 2026-09-20"
tuthilltown-spirits-distillery,Tuthilltown Spirits Distillery,United States,ttb-basic-permit,NY-S-15000,"TUTHILLTOWN SPIRITS, LLC",self,ttb-name-state,high,,https://www.ttb.gov/public-information/foia/list-of-permittees,"jaccard 1.00 via owner; premises Gardiner, NY; list of 2026-09-20"
twelve-33-distillery,Twelve 33 Distillery,United States,ttb-basic-permit,SC-S-20036,"TWELVE 33 DISTILLERY, LLC",self,ttb-name-state,high,,https://www.ttb.gov/public-information/foia/list-of-permittees,"jaccard 1.00 via owner; premises Little River, SC; list of 2026-09-20"
twilight-distillery,Twilight Distillery,United States,ttb-basic-permit,IL-S-20056,"TWILIGHT DISTRILLERY, LLC",self,ttb-name-state,medium,,https://www.ttb.gov/public-information/foia/list-of-permittees,"jaccard 0.60 via owner; premises Stewardson, IL; list of 2026-09-20"
twin-creeks-distillery,Twin Creeks Distillery,United States,ttb-basic-permit,VA-S-20021,"TWIN CREEKS DISTILLERY, INC.",self,ttb-name-state,high,,https://www.ttb.gov/public-information/foia/list-of-permittees,"jaccard 1.00 via owner; premises Ferrum, VA; dba Crooked Road; list of 2026-09-20"
twin-falls-distillery,Twin Falls Distillery,United States,ttb-basic-permit,ID-S-20021,"TWIN FALLS DISTILLERY, LLC.",self,ttb-name-state,high,,https://www.ttb.gov/public-information/foia/list-of-permittees,"jaccard 1.00 via operating; premises Twin Falls, ID; dba Twin Falls Distillery; list of 2026-09-20"
twin-stills-moonshine,Twin Stills Moonshine,United States,ttb-basic-permit,NY-S-20074,LONG ISLAND BOOTLEGGERS INC.,operator,ttb-name-state,high,,https://www.ttb.gov/public-information/foia/list-of-permittees,"jaccard 1.00 via operating; premises Riverhead, NY; dba Twin Stills Moonshine; list of 2026-09-20"
twin-valley-distillers,Twin Valley Distillers,United States,ttb-basic-permit,MD-S-20005,CELICAR L.L.C.,operator,ttb-name-state,high,,https://www.ttb.gov/public-information/foia/list-of-permittees,"jaccard 1.00 via operating; premises Rockville, MD; dba Twin Valley Distillers; pin has no address, matched nationwide; list of 2026-09-20"
twisted-cow-distillery,Twisted Cow Distillery,United States,ttb-basic-permit,NY-S-20230,TIPPING COW DISTILLERY LLC,self,ttb-name-state,high,,https://www.ttb.gov/public-information/foia/list-of-permittees,"jaccard 1.00 via operating; premises East Northport, NY; dba Twisted Cow Distillery; list of 2026-09-20"
twisted-path-distillery,Twisted Path Distillery,United States,ttb-basic-permit,WI-S-20008,"SAMMLETON DISTILLING, LLC",operator,ttb-name-state,high,,https://www.ttb.gov/public-information/foia/list-of-permittees,"jaccard 1.00 via operating; premises Milwaukee, WI; dba Twisted Path Distillery; list of 2026-09-20"
twisted-tap-distillery,Twisted Tap Distillery,United States,ttb-basic-permit,MI-S-20296,TWISTED TAP DISTILLERY LLC,self,ttb-name-state,high,,https://www.ttb.gov/public-information/foia/list-of-permittees,"jaccard 1.00 via owner; premises Kentwood, MI; dba Wise Men Distillery; list of 2026-09-20"
two-eagles-distillery,Two Eagles Distillery,United States,ttb-basic-permit,IL-S-20055,TWO EAGLES DISTILLERY LLC,self,ttb-name-state,high,,https://www.ttb.gov/public-information/foia/list-of-permittees,"jaccard 1.00 via owner; premises Mount Prospect, IL; dba Broda Beverage Company; list of 2026-09-20"
two-horse-distillery,Two Horse Distillery,United States,ttb-basic-permit,SC-S-20062,TWO HORSE DISTILLERY LLC,self,ttb-name-state,high,,https://www.ttb.gov/public-information/foia/list-of-permittees,"jaccard 1.00 via operating; premises Seneca, SC; dba Two Horse Distillery; list of 2026-09-20"
two-pilots-distillery-inc,Two Pilots Distillery Inc,United States,ttb-basic-permit,GA-S-20026,"TWO PILOTS DISTILLERY, INC.",self,ttb-name-state,high,,https://www.ttb.gov/public-information/foia/list-of-permittees,"jaccard 1.00 via owner; premises Claxton, GA; list of 2026-09-20"
two-trees-distilling-company,Two Trees Distilling Company,United States,ttb-basic-permit,NC-S-20071,TWO TREES DISTILLING COMPANY LLC,self,ttb-name-state,high,,https://www.ttb.gov/public-information/foia/list-of-permittees,"jaccard 1.00 via owner; premises Fletcher, NC; list of 2026-09-20"
tycoga-winery-distillery,TYCOGA Winery & Distillery,United States,ttb-basic-permit,IA-S-20034,"TYCOGA WINERY & DISTILLERY, LLC",self,ttb-name-state,high,,https://www.ttb.gov/public-information/foia/list-of-permittees,"jaccard 1.00 via owner; premises Dewitt, IA; list of 2026-09-20"
tyler-wood-distilling-company,Tyler Wood Distilling Company,United States,ttb-basic-permit,KY-S-20052,"TYLER WOOD DISTILLING CO., LLC",self,ttb-name-state,high,,https://www.ttb.gov/public-information/foia/list-of-permittees,"jaccard 1.00 via owner; premises Lewisburg, KY; list of 2026-09-20"
ugly-dog-distillery,Ugly Dog Distillery,United States,ttb-basic-permit,MI-S-15010,"UGLY DOG DISTILLERY, LLC",self,ttb-name-state,high,,https://www.ttb.gov/public-information/foia/list-of-permittees,"jaccard 1.00 via owner; premises Chelsea, MI; dba Ice Whiskey Distillery; list of 2026-09-20"
uncle-boojie-s-distilling-company,Uncle Boojie's Distilling Company,United States,ttb-basic-permit,KY-S-20166,"UNCLE BOOJIES SPIRIT COMPANY, LLC",self,ttb-name-state,high,,https://www.ttb.gov/public-information/foia/list-of-permittees,"jaccard 1.00 via owner; premises Louisville, KY; list of 2026-09-20"
undammed-distilling-co,Undammed Distilling Co.,United States,ttb-basic-permit,MT-S-20034,UNDAMMED DISTILLING CO LLC,self,ttb-name-state,high,,https://www.ttb.gov/public-information/foia/list-of-permittees,"jaccard 1.00 via operating; premises Billings, MT; dba UNDAMMED SPIRITS; list of 2026-09-20"
underworld-distillery,Underworld Distillery,United States,ttb-basic-permit,NV-S-20031,UNDERWORLD DISTILLERY LLC,self,ttb-name-state,high,,https://www.ttb.gov/public-information/foia/list-of-permittees,"jaccard 1.00 via owner; premises Reno, NV; dba Underwold Distillery; list of 2026-09-20"
unhinged-brewing-distilling,Unhinged Brewing & Distilling,United States,ttb-basic-permit,NM-S-20060,UNHINGED BREWING AND DISTILLING LLC,self,ttb-name-state,high,,https://www.ttb.gov/public-information/foia/list-of-permittees,"jaccard 1.00 via operating; premises Albuquerque, NM; dba Unhinged Brewing & Distilling; list of 2026-09-20"
union-grove-distillery,Union Grove Distillery,United States,ttb-basic-permit,NY-S-20060,UNION GROVE DISTILLERY LLC,self,ttb-name-state,high,,https://www.ttb.gov/public-information/foia/list-of-permittees,"jaccard 1.00 via owner; premises Arkville, NY; list of 2026-09-20"
union-horse-distilling-co,Union Horse Distilling Co.,United States,ttb-basic-permit,KS-S-15009,"UNION HORSE DISTILLING COMPANY, LLC",self,ttb-name-state,high,,https://www.ttb.gov/public-information/foia/list-of-permittees,"jaccard 1.00 via owner; premises Lenexa, KS; list of 2026-09-20"
upnorth-distillery,UpNorth Distillery,United States,ttb-basic-permit,ID-S-20011,"UP NORTH DISTILLERY, LLC",operator,ttb-premises,medium,,https://www.ttb.gov/public-information/foia/list-of-permittees,"same premises: 846 N Boulder Ct, Post Falls 83854, street overlap 1.00, name overlap 0.00; dba Up North Distillery; list of 2026-09-20"
valentine-distilling-co-production-facility,Valentine Distilling Co.-Production Facility,United States,ttb-basic-permit,MI-S-15024,"FISH HOOK DISTILLING COMPANY, LLC",operator,ttb-name-state,medium,,https://www.ttb.gov/public-information/foia/list-of-permittees,"jaccard 0.60 via operating; premises Ferndale, MI; dba VALENTINE DISTILLING CO.; list of 2026-09-20"
valor-peak-distillery,Valor Peak Distillery,United States,ttb-basic-permit,CO-S-20185,VALOR PEAK DISTILLERY LLC,self,ttb-name-state,high,,https://www.ttb.gov/public-information/foia/list-of-permittees,"jaccard 1.00 via owner; premises Longmont, CO; list of 2026-09-20"
van-brunt-stillhouse,Van Brunt Stillhouse,United States,ttb-basic-permit,NY-S-15047,VAN BRUNT STILLHOUSE LLC,self,ttb-name-state,high,,https://www.ttb.gov/public-information/foia/list-of-permittees,"jaccard 1.00 via operating; premises Brooklyn, NY; dba VAN BRUNT STILLHOUSE; list of 2026-09-20"
vapor-distillery,Vapor Distillery,United States,ttb-basic-permit,CO-S-15009,"ZEPHYR SPIRITS, INC.",operator,ttb-name-state,medium,,https://www.ttb.gov/public-information/foia/list-of-permittees,"jaccard 1.00 via operating; premises Boulder, CO; dba VAPOR DISTILLERY; list of 2026-09-20"
vara-winery-and-distillery,Vara Winery and Distillery,United States,ttb-basic-permit,NM-S-20013,VARA LLC,self,ttb-name-state,low,,https://www.ttb.gov/public-information/foia/list-of-permittees,"jaccard 1.00 via operating; premises Albuquerque, NM; dba VARA; list of 2026-09-20"
verdi-local-distillery,Verdi Local Distillery,United States,ttb-basic-permit,NV-S-20003,JEREMY BAUMANN AND ASHLEY BAUMANN,self,ttb-name-state,high,,https://www.ttb.gov/public-information/foia/list-of-permittees,"jaccard 1.00 via operating; premises Verdi, NV; dba Verdi Local Distillery; owner is an individual; list of 2026-09-20"
verdigris-restaurant-and-oxford-oaks-distillery,Verdigris Restaurant and Oxford Oaks Distillery,United States,ttb-basic-permit,NC-S-20133,"OXFORD OAKS DISTILLERY, LLC",self,ttb-name-state,medium,,https://www.ttb.gov/public-information/foia/list-of-permittees,"jaccard 0.77 via owner; premises Oxford, NC; list of 2026-09-20"
veritable-distillery,Veritable Distillery,United States,ttb-basic-permit,CT-S-20036,"VERITABLE DISTILLERY, LLC",self,ttb-name-state,high,,https://www.ttb.gov/public-information/foia/list-of-permittees,"jaccard 1.00 via operating; premises Stonington, CT; dba Veritable Distillery; list of 2026-09-20"
vermont-distillers,Vermont Distillers,United States,ttb-basic-permit,VT-S-15007,"VERMONT DISTILLERS, INC.",self,ttb-name-state,high,,https://www.ttb.gov/public-information/foia/list-of-permittees,"jaccard 1.00 via operating; premises West Marlboro, VT; dba VERMONT DISTILLERS; list of 2026-09-20"
vermont-spirits,Vermont Spirits,United States,ttb-basic-permit,VT-S-15007,"VERMONT DISTILLERS, INC.",self,ttb-name-state,high,,https://www.ttb.gov/public-information/foia/list-of-permittees,"jaccard 1.00 via operating; premises West Marlboro, VT; dba VERMONT DISTILLERS; list of 2026-09-20"
vetus-distillery,Vetus Distillery,United States,ttb-basic-permit,NC-S-20162,VETUS DISTILLERY LLC,self,ttb-name-state,medium,,https://www.ttb.gov/public-information/foia/list-of-permittees,"jaccard 1.00 via owner; premises Monroe, NC; list of 2026-09-20"
vikre-distillery-and-cocktail-room,Vikre Distillery and Cocktail Room,United States,ttb-basic-permit,MN-S-20003,"VIKRE DISTILLERY, LLC",self,ttb-name-state,medium,,https://www.ttb.gov/public-information/foia/list-of-permittees,"jaccard 0.60 via owner; premises Duluth, MN; list of 2026-09-20"
village-garage-distillery,Village Garage Distillery,United States,ttb-basic-permit,VT-S-20033,SC DISTILLATION LLC,operator,ttb-name-state,high,,https://www.ttb.gov/public-information/foia/list-of-permittees,"jaccard 1.00 via operating; premises Bennington, VT; dba Village Garage; list of 2026-09-20"
vintage-spirits-distillery,Vintage Spirits Distillery,United States,ttb-basic-permit,UT-S-20024,VINTAGE SPIRITS LLC,self,ttb-name-state,high,,https://www.ttb.gov/public-information/foia/list-of-permittees,"jaccard 1.00 via operating; premises Midvale, UT; dba Vintage Spirits Distillery; list of 2026-09-20"
virago-spirits,Virago Spirits,United States,ttb-basic-permit,VA-S-20046,"VIRAGO SPIRITS, LLC",self,ttb-name-state,high,,https://www.ttb.gov/public-information/foia/list-of-permittees,"jaccard 1.00 via operating; premises Richmond, VA; dba Virago Spirits; list of 2026-09-20"
virginia-distillery-company,Virginia Distillery Company,United States,ttb-basic-permit,VA-S-20095,"VIRGINIA SPIRITS, LLC",self,ttb-name-state,high,,https://www.ttb.gov/public-information/foia/list-of-permittees,"jaccard 1.00 via operating; premises Warsaw, VA; dba Virginia Spirits; list of 2026-09-20"
virginia-foothills-distillery-company,Virginia Foothills Distillery & Company,United States,ttb-basic-permit,VA-S-20098,"VIRGINIA FOOTHILLS DISTILLERY & CO, LLC",self,ttb-name-state,high,,https://www.ttb.gov/public-information/foia/list-of-permittees,"jaccard 1.00 via owner; premises Barboursville, VA; list of 2026-09-20"
vitae-spirits-distillery,Vitae Spirits Distillery,United States,ttb-basic-permit,VA-S-20026,"VITAE SPIRITS DISTILLERY, LLC",self,ttb-name-state,medium,,https://www.ttb.gov/public-information/foia/list-of-permittees,"jaccard 1.00 via operating; premises Charlottesville, VA; dba Vitae Spirits Distillery; list of 2026-09-20"
von-stiehl-winery-distillery-cidery,Von Stiehl • Winery • Distillery • Cidery,United States,ttb-basic-permit,WI-S-20033,VON STIEHL WINERY LTD.,self,ttb-name-state,high,,https://www.ttb.gov/public-information/foia/list-of-permittees,"jaccard 1.00 via operating; premises Algoma, WI; dba von Stiehl Winery; list of 2026-09-20"
wahoo-distillery,Wahoo Distillery,United States,ttb-basic-permit,NE-S-20027,FLATWATER SPIRITS LLC,operator,ttb-name-state,medium,,https://www.ttb.gov/public-information/foia/list-of-permittees,"jaccard 1.00 via operating; premises Wahoo, NE; dba Wahoo Distillery; list of 2026-09-20"
walls-distilling-company,Walls Distilling Company,United States,ttb-basic-permit,FL-S-20159,WALLS DISTILLING COMPANY LLC,self,ttb-name-state,medium,,https://www.ttb.gov/public-information/foia/list-of-permittees,"jaccard 1.00 via owner; premises Tallahassee, FL; list of 2026-09-20"
walton-s-distillery,Walton's Distillery,United States,ttb-basic-permit,NC-S-20020,"WALTON'S DISTILLERY, INC.",self,ttb-name-state,high,,https://www.ttb.gov/public-information/foia/list-of-permittees,"jaccard 1.00 via operating; premises Jacksonville, NC; dba WALTON'S DISTILLERY; list of 2026-09-20"
wanderfolk-distillery,WanderFolk Distillery,United States,ttb-basic-permit,OK-S-20013,"WANDERFOLK DISTILLERY, INC.",self,ttb-name-state,high,,https://www.ttb.gov/public-information/foia/list-of-permittees,"jaccard 1.00 via operating; premises Guthrie, OK; dba WanderFolk Distillery; list of 2026-09-20"
war-cannon-spirits,War Cannon Spirits,United States,ttb-basic-permit,NY-S-20233,WAR CANNON SPIRITS LLC,self,ttb-name-state,high,,https://www.ttb.gov/public-information/foia/list-of-permittees,"jaccard 1.00 via operating; premises Ticonderoga, NY; dba War Cannon Spirits, LLC; list of 2026-09-20"
war-trail-spirits-llano-craft-distillery-llc,War Trail Spirits - Llano Craft Distillery LLC,United States,ttb-basic-permit,TX-S-20296,WAR TRAIL DRINKS LLC,self,ttb-name-state,medium,,https://www.ttb.gov/public-information/foia/list-of-permittees,"jaccard 0.77 via operating; premises Llano, TX; dba War Trail Spirits; list of 2026-09-20"
warehouse-distillery,Warehouse Distillery,United States,ttb-basic-permit,NC-S-20063,"WAREHOUSE DISTILLERY, LLC",self,ttb-name-state,high,,https://www.ttb.gov/public-information/foia/list-of-permittees,"jaccard 1.00 via owner; premises Newton, NC; list of 2026-09-20"
warfield-distillery-brewery,Warfield Distillery & Brewery,United States,ttb-basic-permit,ID-S-20034,"SUN VALLEY DISTILLERY, LLC",operator,ttb-premises,medium,,https://www.ttb.gov/public-information/foia/list-of-permittees,"same premises: 280 N Main St, Ketchum 83340, street overlap 1.00, name overlap 0.00; list of 2026-09-20"
warrior-liquor,Warrior Liquor,United States,ttb-basic-permit,WA-S-20110,PRECEPT BRANDS LLC,operator,ttb-premises,medium,,https://www.ttb.gov/public-information/foia/list-of-permittees,"same premises: 714 N Lee St, Spokane 99202, street overlap 1.00, name overlap 0.00; dba Browne Family Spirits; list of 2026-09-20"
warwick-valley-winery-distillery-orchard,"Warwick Valley Winery, Distillery & Orchard",United States,ttb-basic-permit,NY-S-7,"WARWICK VALLEY WINE CO., INC.",self,ttb-name-state,medium,,https://www.ttb.gov/public-information/foia/list-of-permittees,"jaccard 0.77 via owner; premises Warwick, NY; list of 2026-09-20"
washington-creek-distillery,Washington Creek Distillery,United States,ttb-basic-permit,WA-S-20224,WASHINGTON CREEK DISTILLERY LLC,self,ttb-name-state,high,,https://www.ttb.gov/public-information/foia/list-of-permittees,"jaccard 1.00 via operating; premises Woodinville, WA; dba Washington Creek Distillery; list of 2026-09-20"
water-tower-distilling-co,Water Tower Distilling Co.,United States,ttb-basic-permit,MI-S-20263,"WATER TOWER DISTILLING CO., LLC",self,ttb-name-state,high,,https://www.ttb.gov/public-information/foia/list-of-permittees,"jaccard 1.00 via operating; premises Ypsilanti, MI; dba Water Tower Distilling Co.; list of 2026-09-20"
watercure-farm-distillery,Watercure Farm Distillery,United States,ttb-basic-permit,CT-S-20015,WATERCURE FARM LLC,self,ttb-name-state,high,,https://www.ttb.gov/public-information/foia/list-of-permittees,"jaccard 1.00 via operating; premises Pomfret Center, CT; dba Watercure Farm; list of 2026-09-20"
waterman-s-distillery-llc,"Waterman's Distillery, LLC",United States,ttb-basic-permit,NY-S-20125,"WATERMAN'S DISTILLERY, LLC",self,ttb-name-state,high,,https://www.ttb.gov/public-information/foia/list-of-permittees,"jaccard 1.00 via owner; premises Apalachin, NY; list of 2026-09-20"
waterpocket-distillery,Waterpocket Distillery,United States,ttb-basic-permit,UT-S-20013,"WATERPOCKET, LLC",self,ttb-name-state,high,,https://www.ttb.gov/public-information/foia/list-of-permittees,"jaccard 1.00 via operating; premises West Valley City, UT; dba Waterpocket Distillery; list of 2026-09-20"
watershed-distillery,Watershed Distillery,United States,ttb-basic-permit,OH-S-15013,WATERSHED DISTILLERY LLC,self,ttb-name-state,high,,https://www.ttb.gov/public-information/foia/list-of-permittees,"jaccard 1.00 via operating; premises Columbus, OH; dba Watershed Distillery; list of 2026-09-20"
webb-s-distillery-brewery,Webb's | Distillery & Brewery,United States,ttb-basic-permit,CA-S-20396,"WEBB'S GRAINWORKS, LLC",self,ttb-name-state,medium,,https://www.ttb.gov/public-information/foia/list-of-permittees,"jaccard 0.60 via operating; premises Aliso Viejo, CA; dba Webbs Grainworks, LLC; list of 2026-09-20"
weiss-distilling-co,Weiss Distilling Co.,United States,ttb-basic-permit,MI-S-20112,"WEISS DISTILLING CO, LLC",self,ttb-name-state,medium,,https://www.ttb.gov/public-information/foia/list-of-permittees,"jaccard 1.00 via owner; premises Clawson, MI; dba WDC; list of 2026-09-20"
weldon-mills-distillery,Weldon Mills Distillery,United States,ttb-basic-permit,NC-S-20086,"WELDON MILLS DISTILLERY, LLC",self,ttb-name-state,high,,https://www.ttb.gov/public-information/foia/list-of-permittees,"jaccard 1.00 via operating; premises Weldon, NC; dba Weldon Mills Distillery; list of 2026-09-20"
weldon-mills-distillery-durham,Weldon Mills Distillery Durham,United States,ttb-basic-permit,NC-S-20126,"WELDON MILLS DISTILLERY, LLC",self,ttb-name-state,medium,,https://www.ttb.gov/public-information/foia/list-of-permittees,"jaccard 0.77 via operating; premises Durham, NC; dba Weldon Mills Distillery; list of 2026-09-20"
wenzel-distillery,Wenzel Distillery,United States,ttb-basic-permit,KY-S-20104,WENZEL LLC,self,ttb-name-state,high,,https://www.ttb.gov/public-information/foia/list-of-permittees,"jaccard 1.00 via operating; premises Covington, KY; dba Wenzel; list of 2026-09-20"
west-end-distillery,West End Distillery,United States,ttb-basic-permit,OH-S-20184,"TWO GINGERS, LLC",self,ttb-premises,low,,https://www.ttb.gov/public-information/foia/list-of-permittees,"shared premises only, names do not overlap; same premises: 3 N Shafer Ste 100 & 101, Athens 45701, street overlap 0.67, name overlap 0.33; dba Athens West End Ciderworks and Distillery; list of 2026-09-20"
west-fork-whiskey-co,West Fork Whiskey Co.,United States,ttb-basic-permit,IN-S-20028,WEST FORK WHISKEY CO.,self,ttb-name-state,high,,https://www.ttb.gov/public-information/foia/list-of-permittees,"jaccard 1.00 via operating; premises Indianapolis, IN; dba West Fork Whiskey Co.; pin has no address, matched nationwide; list of 2026-09-20"
western-kentucky-distilling,Western Kentucky Distilling,United States,ttb-basic-permit,KY-S-20122,THE KENTUCKY WHISKEY COMPANY LLC,self,ttb-name-state,high,,https://www.ttb.gov/public-information/foia/list-of-permittees,"jaccard 1.00 via operating; premises Beaver Dam, KY; dba Western Kentucky Distilling Co; list of 2026-09-20"
western-reserve-distillery,Western Reserve Distillery,United States,ttb-basic-permit,OH-S-20046,WESTERN RESERVE DISTILLERS LLC,self,ttb-name-state,high,,https://www.ttb.gov/public-information/foia/list-of-permittees,"jaccard 1.00 via operating; premises Lakewood, OH; dba Western Reserve Distillers; list of 2026-09-20"
westford-hills-distillery,Westford Hills Distillery,United States,ttb-basic-permit,CT-S-11,"WESTFORD HILL DISTILLERS, LLC",self,ttb-premises,medium,,https://www.ttb.gov/public-information/foia/list-of-permittees,"same premises: 196 Chatey Rd, Ashford 06278, street overlap 1.00, name overlap 0.33; list of 2026-09-20"
westland-distillery,Westland Distillery,United States,ttb-basic-permit,WA-S-20170,THE WESTLAND DISTILLERY COMPANY LIMITED,self,ttb-name-state,high,,https://www.ttb.gov/public-information/foia/list-of-permittees,"jaccard 1.00 via operating; premises Burlington, WA; dba Westland; pin has no address, matched nationwide; list of 2026-09-20"
westslope-distillery,Westslope Distillery,United States,ttb-basic-permit,MT-S-20018,YOUNG ENTERPRISES LLC,operator,ttb-name-state,high,,https://www.ttb.gov/public-information/foia/list-of-permittees,"jaccard 1.00 via operating; premises Hamilton, MT; dba Westslope Distillery; list of 2026-09-20"
what-if-distillery,What if Distillery,United States,ttb-basic-permit,LA-S-20058,WHAT IF DISTILLERY & BREWERY L.L.C.,self,ttb-name-state,high,,https://www.ttb.gov/public-information/foia/list-of-permittees,"jaccard 1.00 via operating; premises Baton Rouge, LA; dba What if distillery; list of 2026-09-20"
wheelhouse-distilling-company,Wheelhouse Distilling Company,United States,ttb-basic-permit,NJ-S-20050,DACHSHUND DISTILLING LLC,operator,ttb-name-state,high,,https://www.ttb.gov/public-information/foia/list-of-permittees,"jaccard 1.00 via operating; premises Neptune, NJ; dba Wheelhouse Distilling; list of 2026-09-20"
whidbey-island-distillery,Whidbey Island Distillery,United States,ttb-basic-permit,WA-S-15051,WHIDBEY ISLAND DISTILLERIES LLC,self,ttb-name-state,high,,https://www.ttb.gov/public-information/foia/list-of-permittees,"jaccard 1.00 via operating; premises Langley, WA; dba WHIDBEY ISLAND DISTILLERY; list of 2026-09-20"
whiskey-acres-distilling-co,Whiskey Acres Distilling Co.,United States,ttb-basic-permit,IL-S-20017,WHISKEY ACRES DISTILLING CO.,self,ttb-name-state,high,,https://www.ttb.gov/public-information/foia/list-of-permittees,"jaccard 1.00 via owner; premises Dekalb, IL; list of 2026-09-20"
whiskey-hollow-distillery,Whiskey Hollow Distillery,United States,ttb-basic-permit,MA-S-20005,"TRURO VINEYARDS OF CAPE COD, LLC",operator,ttb-name-state,medium,,https://www.ttb.gov/public-information/foia/list-of-permittees,"jaccard 1.00 via operating; premises North Truro, MA; dba South Hollow Spirits; pin has no address, matched nationwide; list of 2026-09-20"
whiskey-run-distilling-co,Whiskey Run Distilling Co.,United States,ttb-basic-permit,WI-S-20087,BRV  LLC,operator,ttb-name-state,high,,https://www.ttb.gov/public-information/foia/list-of-permittees,"jaccard 1.00 via operating; premises New Glarus, WI; dba Whiskey Run Distilling Co; list of 2026-09-20"
whiskey-thief-distilery-co,Whiskey Thief Distilery Co.,United States,ttb-basic-permit,KY-S-20002,"WHISKEY THIEF DISTILLING COMPANY, INC.",self,ttb-name-state,medium,,https://www.ttb.gov/public-information/foia/list-of-permittees,"jaccard 0.60 via operating; premises Frankfort, KY; dba Whiskey Thief Distilling Company; list of 2026-09-20"
whistlepig-farm-distillery,WhistlePig Farm Distillery,United States,ttb-basic-permit,KY-S-20168,"APPALACHIA KENTUCKY HOLDINGS, LLC",operator,ttb-name-state,medium,,https://www.ttb.gov/public-information/foia/list-of-permittees,"jaccard 1.00 via operating; premises Brandenburg, KY; dba Whistlepig Whiskey Co.; pin has no address, matched nationwide; list of 2026-09-20"
white-dog-distilling,White Dog Distilling,United States,ttb-basic-permit,RI-S-20003,CAVE LLC,operator,ttb-name-state,high,,https://www.ttb.gov/public-information/foia/list-of-permittees,"jaccard 1.00 via operating; premises Pawtucket, RI; dba White Dog Distilling; list of 2026-09-20"
white-hills-distillery,White Hills Distillery,United States,ttb-basic-permit,CT-S-20017,"WHITE HILLS DISTILLERY, LLC",self,ttb-name-state,high,,https://www.ttb.gov/public-information/foia/list-of-permittees,"jaccard 1.00 via operating; premises Shelton, CT; dba White Hills Distillery; list of 2026-09-20"
white-mule-distillery,White Mule Distillery,United States,ttb-basic-permit,MO-S-20030,OZARK MOUNTAIN DISTILLING LLC,operator,ttb-name-state,high,,https://www.ttb.gov/public-information/foia/list-of-permittees,"jaccard 1.00 via operating; premises Purdy, MO; dba White Mule Distillery; list of 2026-09-20"
white-path-creek-distillery,White Path Creek Distillery,United States,ttb-basic-permit,GA-S-20106,DB DISTILLERY INC,operator,ttb-name-state,high,,https://www.ttb.gov/public-information/foia/list-of-permittees,"jaccard 1.00 via operating; premises Ellijay, GA; dba white path creek distillery; list of 2026-09-20"
whole-hearted-winery-brewery-distillery,Whole Hearted Winery Brewery & Distillery,United States,ttb-basic-permit,MI-S-20226,WHOLE HEARTED WINERY INC,self,ttb-name-state,high,,https://www.ttb.gov/public-information/foia/list-of-permittees,"jaccard 1.00 via owner; premises New Hudson, MI; list of 2026-09-20"
wicked-dolphin-distillery,Wicked Dolphin Distillery,United States,ttb-basic-permit,FL-S-20001,CAPE SPIRITS INC.,operator,ttb-premises,medium,,https://www.ttb.gov/public-information/foia/list-of-permittees,"same premises: 131 Sw 3Rd Pl Sw, Cape Coral 33991, street overlap 1.00, name overlap 0.00; list of 2026-09-20"
widow-jane-distillery,Widow Jane Distillery,United States,ttb-basic-permit,NY-S-15041,"WIDOW JANE DISTILLERIES, LLC",self,ttb-name-state,high,,https://www.ttb.gov/public-information/foia/list-of-permittees,"jaccard 1.00 via owner; premises Brooklyn, NY; list of 2026-09-20"
wiggly-bridge-distillery,Wiggly Bridge Distillery,United States,ttb-basic-permit,ME-S-20004,"WIGGLY BRIDGE DISTILLERIES, LLC",self,ttb-name-state,high,,https://www.ttb.gov/public-information/foia/list-of-permittees,"jaccard 1.00 via operating; premises York, ME; dba Wiggly Bridge Distillery; list of 2026-09-20"
wigle-whiskey-distillery,Wigle Whiskey Distillery,United States,ttb-basic-permit,PA-S-20217,PITTSBURGH SPIRITS LLC,operator,ttb-name-state,high,,https://www.ttb.gov/public-information/foia/list-of-permittees,"jaccard 1.00 via operating; premises Pittsburgh, PA; dba Wigle Whiskey; list of 2026-09-20"
wild-bevy-distilling,Wild Bevy Distilling,United States,ttb-basic-permit,ME-S-20028,"2020 DISTILLING, LLC",operator,ttb-premises,medium,,https://www.ttb.gov/public-information/foia/list-of-permittees,"same premises: 596 N Berwick Rd, Wells 04090, street overlap 1.00, name overlap 0.00; dba 2020 Distilling; list of 2026-09-20"
wild-hare-distillery-reservations-rqrd,"Wild Hare Distillery, (Reservations Rqrd)",United States,ttb-basic-permit,AZ-S-20027,"WILD HARE DISTILLERY, LLC",self,ttb-name-state,medium,,https://www.ttb.gov/public-information/foia/list-of-permittees,"jaccard 0.60 via owner; premises Tempe, AZ; list of 2026-09-20"
wild-leap-lagrange-brewery-distillery,Wild Leap LaGrange | Brewery | Distillery,United States,ttb-basic-permit,GA-S-20034,CRAFT BEVERAGE CONCEPTS LLC,operator,ttb-name-state,medium,,https://www.ttb.gov/public-information/foia/list-of-permittees,"jaccard 0.77 via operating; premises Lagrange, GA; dba Wild Leap; list of 2026-09-20"
wild-turkey-distillery,Wild Turkey Distillery,United States,ttb-basic-permit,KY-S-15014,CAMPARI AMERICA LLC,operator,ttb-name-state,high,,https://www.ttb.gov/public-information/foia/list-of-permittees,"jaccard 1.00 via operating; premises Lawrenceburg, KY; dba WILD TURKEY DISTILLERY; pin has no address, matched nationwide; list of 2026-09-20"
wildcat-brothers-distilling-at-gator-cove,Wildcat Brothers Distilling at Gator Cove,United States,ttb-basic-permit,LA-S-15004,"RANK WILDCAT SPIRITS, LLC",operator,ttb-name-state,low,,https://www.ttb.gov/public-information/foia/list-of-permittees,"jaccard 0.50 via operating; premises Lafayette, LA; dba Wildcat Brothers Distilling; list of 2026-09-20"
wilderness-trail-distillery,Wilderness Trail Distillery,United States,ttb-basic-permit,KY-S-20005,"WILDERNESS TRACE DISTILLERY, LLC",self,ttb-name-state,high,,https://www.ttb.gov/public-information/foia/list-of-permittees,"jaccard 1.00 via operating; premises Danville, KY; dba Wilderness Trail Distillery; list of 2026-09-20"
wildfether-distilling,Wildfether Distilling,United States,ttb-basic-permit,NJ-S-20066,HADDONFIELD DISTILLING LLC,operator,ttb-name-state,high,,https://www.ttb.gov/public-information/foia/list-of-permittees,"jaccard 1.00 via operating; premises Haddonfield, NJ; dba Wildfether Distilling; list of 2026-09-20"
wildrye-distilling,WildRye Distilling,United States,ttb-basic-permit,MT-S-20007,"WILDRYE DISTILLING, LLC",self,ttb-name-state,high,,https://www.ttb.gov/public-information/foia/list-of-permittees,"jaccard 1.00 via owner; premises Bozeman, MT; list of 2026-09-20"
wildwood-spirits-co,Wildwood Spirits Co.,United States,ttb-basic-permit,WA-S-20071,"CEJ, LLC",operator,ttb-name-state,high,,https://www.ttb.gov/public-information/foia/list-of-permittees,"jaccard 1.00 via operating; premises Bothell, WA; dba Wildwood Spirits Co.; list of 2026-09-20"
willett-distillery,Willett Distillery,United States,ttb-basic-permit,KY-S-770,"KENTUCKY BOURBON DISTILLERS, LTD.",operator,ttb-name-state,high,,https://www.ttb.gov/public-information/foia/list-of-permittees,"jaccard 1.00 via operating; premises Bardstown, KY; dba The Willett Distillery; list of 2026-09-20"
william-price-distilling-company,William Price Distilling Company,United States,ttb-basic-permit,TX-S-20181,"WILLIAM PRICE DISTILLING COMPANY, LLC",self,ttb-name-state,high,,https://www.ttb.gov/public-information/foia/list-of-permittees,"jaccard 1.00 via owner; premises Houston, TX; list of 2026-09-20"
willie-s-distillery-inc,Willie's Distillery Inc.,United States,ttb-basic-permit,MT-S-20002,"WILLIE'S DISTILLERY, INC.",self,ttb-name-state,high,,https://www.ttb.gov/public-information/foia/list-of-permittees,"jaccard 1.00 via operating; premises Ennis, MT; dba Willies Distillery Inc; list of 2026-09-20"
willow-creek-distillery,Willow Creek Distillery,United States,ttb-basic-permit,CA-S-15136,"OPOLO WINES, LP, OPOLO MANAGEMENT LLC, GP",operator,ttb-premises,medium,,https://www.ttb.gov/public-information/foia/list-of-permittees,"same premises: 7110 Vineyard Dr, Paso Robles 93446, street overlap 1.00, name overlap 0.00; dba OPOLO WINES; list of 2026-09-20"
wilson-valley-mercantile,Wilson Valley Mercantile,United States,ttb-basic-permit,TX-S-20214,"WILSON VALLEY MERCANTILE, LLC",self,ttb-name-state,medium,,https://www.ttb.gov/public-information/foia/list-of-permittees,"jaccard 1.00 via owner; premises Little River, TX; list of 2026-09-20"
windows-distillery,Windows Distillery,United States,ttb-basic-permit,IL-S-20093,WINDOWS DISTILLERY LLC,self,ttb-name-state,high,,https://www.ttb.gov/public-information/foia/list-of-permittees,"jaccard 1.00 via owner; premises Sycamore, IL; list of 2026-09-20"
windsor-run-distillery,Windsor Run Distillery,United States,ttb-basic-permit,NC-S-20003,"WINDSOR RUN CELLARS, INC.",self,ttb-name-state,high,,https://www.ttb.gov/public-information/foia/list-of-permittees,"jaccard 1.00 via owner; premises Hamptonville, NC; list of 2026-09-20"
witness-distillery,Witness Distillery,United States,ttb-basic-permit,IL-S-20027,WITNESS DISTILLERY LLC,self,ttb-name-state,high,,https://www.ttb.gov/public-information/foia/list-of-permittees,"jaccard 1.00 via owner; premises Vandalia, IL; list of 2026-09-20"
wohlfert-craft-distilling,Wohlfert Craft Distilling,United States,ttb-basic-permit,WA-S-20163,JK DISTILLING LLC,operator,ttb-name-state,high,,https://www.ttb.gov/public-information/foia/list-of-permittees,"jaccard 1.00 via operating; premises Snohomish, WA; dba Wohlfert Craft Distilling; list of 2026-09-20"
wolf-point-distilling,Wolf Point Distilling,United States,ttb-basic-permit,IL-S-20062,"WOLF POINT DISTILLING, LLC",self,ttb-name-state,high,,https://www.ttb.gov/public-information/foia/list-of-permittees,"jaccard 1.00 via operating; premises Chicago, IL; dba WOLF POINT DISTILLING; list of 2026-09-20"
wollersheim-distillery,Wollersheim Distillery,United States,ttb-basic-permit,WI-S-15012,"WOLLERSHEIM WINERY, INC.",self,ttb-name-state,high,,https://www.ttb.gov/public-information/foia/list-of-permittees,"jaccard 1.00 via operating; premises Prairie Du Sac, WI; dba WOLLERSHEIM DISTILLERY; list of 2026-09-20"
wonderbird-spirits,Wonderbird Spirits,United States,ttb-basic-permit,MS-S-20005,"CIVILIZATION SPIRITS, LLC",operator,ttb-name-state,high,,https://www.ttb.gov/public-information/foia/list-of-permittees,"jaccard 1.00 via operating; premises Taylor, MS; dba Wonderbird Spirits; list of 2026-09-20"
wonderland-distilling-co,Wonderland Distilling Co,United States,ttb-basic-permit,MI-S-20135,WONDERLAND DISTILLING CO.,self,ttb-name-state,high,,https://www.ttb.gov/public-information/foia/list-of-permittees,"jaccard 1.00 via operating; premises Muskegon Heights, MI; dba Wonderland Distilling; list of 2026-09-20"
wonderland-distilling-production,Wonderland Distilling Production,United States,ttb-basic-permit,MI-S-20135,WONDERLAND DISTILLING CO.,self,ttb-name-state,high,,https://www.ttb.gov/public-information/foia/list-of-permittees,"jaccard 1.00 via operating; premises Muskegon Heights, MI; dba Wonderland Distilling; list of 2026-09-20"
wood-s-high-mountain-distillery,Wood's High Mountain Distillery,United States,ttb-basic-permit,CO-S-20010,WOOD'S HIGH MOUNTAIN DISTILLERY LLC,self,ttb-name-state,high,,https://www.ttb.gov/public-information/foia/list-of-permittees,"jaccard 1.00 via owner; premises Salida, CO; list of 2026-09-20"
woodford-reserve,Woodford Reserve,United States,ttb-basic-permit,KY-S-15019,"BROWN-FORMAN DISTILLERY, INC.",operator,ttb-name-state,high,,https://www.ttb.gov/public-information/foia/list-of-permittees,"jaccard 1.00 via operating; premises Versailles, KY; dba WOODFORD RESERVE DISTILLERS COMPANY; list of 2026-09-20"
woodinville-whiskey-co,Woodinville Whiskey Co,United States,ttb-basic-permit,WA-S-15045,"WOODINVILLE WHISKEY COMPANY, LLC",self,ttb-name-state,high,,https://www.ttb.gov/public-information/foia/list-of-permittees,"jaccard 1.00 via operating; premises Woodinville, WA; dba Woodinville Whiskey Co.; pin has no address, matched nationwide; list of 2026-09-20"
woodlawn-distilling,Woodlawn Distilling,United States,ttb-basic-permit,NY-S-20238,"WOODLAWN DISTILLING, LLC",self,ttb-name-state,high,,https://www.ttb.gov/public-information/foia/list-of-permittees,"jaccard 1.00 via owner; premises Linwood, NY; list of 2026-09-20"
woodsmen-distilling,Woodsmen Distilling,United States,ttb-basic-permit,MO-S-20027,"WOODSMEN, LLC",self,ttb-name-state,high,,https://www.ttb.gov/public-information/foia/list-of-permittees,"jaccard 1.00 via owner; premises Higbee, MO; list of 2026-09-20"
woodstone-creek-winery-distillery,Woodstone Creek Winery & Distillery,United States,ttb-basic-permit,OH-S-239,"OUTTERSON, LLC",operator,ttb-name-state,high,,https://www.ttb.gov/public-information/foia/list-of-permittees,"jaccard 1.00 via operating; premises Cincinnati, OH; dba WOODSTONE CREEK; list of 2026-09-20"
woodworks-distilling-co,Woodworks Distilling Co,United States,ttb-basic-permit,OK-S-20019,WOODWORKS DISTILLING COMPANY LLC,self,ttb-name-state,high,,https://www.ttb.gov/public-information/foia/list-of-permittees,"jaccard 1.00 via operating; premises Oklahoma City, OK; dba Woodworks Distilling Company; list of 2026-09-20"
woody-creek-distillers,Woody Creek Distillers,United States,ttb-basic-permit,CO-S-20004,WOODY CREEK DISTILLERS LLC,self,ttb-name-state,high,,https://www.ttb.gov/public-information/foia/list-of-permittees,"jaccard 1.00 via operating; premises Basalt, CO; dba Woody Creek Distillers; list of 2026-09-20"
working-man-distillers,Working Man Distillers,United States,ttb-basic-permit,RI-S-20018,"WORKING MAN DISTILLERS, LLC",self,ttb-name-state,high,,https://www.ttb.gov/public-information/foia/list-of-permittees,"jaccard 1.00 via owner; premises Pawtucket, RI; list of 2026-09-20"
wright-brown-distilling-co,Wright & Brown Distilling Co.,United States,ttb-basic-permit,CA-S-20068,DOGTOWN DISTILLING LLC,operator,ttb-name-state,high,,https://www.ttb.gov/public-information/foia/list-of-permittees,"jaccard 1.00 via operating; premises Oakland, CA; dba Wright & Brown Distilling Company; list of 2026-09-20"
wych-dr-distilling-co-llc,"Wych Dr Distilling Co., LLC",United States,ttb-basic-permit,IA-S-20046,"WYCH DR DISTILLING COMPANY, LLC",self,ttb-name-state,medium,,https://www.ttb.gov/public-information/foia/list-of-permittees,"jaccard 1.00 via owner; premises Cherokee, IA; list of 2026-09-20"
wyoming-whiskey-distillery-shop,Wyoming Whiskey,United States,ttb-basic-permit,WY-S-15004,"WYOMING WHISKEY, INC.",self,ttb-name-state,high,,https://www.ttb.gov/public-information/foia/list-of-permittees,"jaccard 1.00 via owner; premises Kirby, WY; list of 2026-09-20"
yahara-bay-distillery,Yahara Bay Distillery,United States,ttb-basic-permit,WI-S-15005,"YAHARA BAY DISTILLERS, INC.",self,ttb-name-state,high,,https://www.ttb.gov/public-information/foia/list-of-permittees,"jaccard 1.00 via operating; premises Fitchburg, WI; dba Yahara Bay Distillers; list of 2026-09-20"
yalaha-bootlegging-company,Yalaha Bootlegging Company,United States,ttb-basic-permit,FL-S-20033,"BLUE BAYOU FARMS, INC.",operator,ttb-name-state,high,,https://www.ttb.gov/public-information/foia/list-of-permittees,"jaccard 1.00 via operating; premises Yalaha, FL; dba The Yalaha Bootlegging Company; list of 2026-09-20"
yankee-distillers,Yankee Distillers,United States,ttb-basic-permit,NY-S-20049,YANKEE DISTILLERS LLC,self,ttb-name-state,high,,https://www.ttb.gov/public-information/foia/list-of-permittees,"jaccard 1.00 via owner; premises Clifton Park, NY; list of 2026-09-20"
yardley-distillery-production-site,Yardley Distillery Production Site,United States,ttb-basic-permit,PA-S-20199,YARDLEY LOBSTER LLC,self,ttb-name-state,high,,https://www.ttb.gov/public-information/foia/list-of-permittees,"jaccard 1.00 via operating; premises Yardley, PA; dba Yardley Distillery; pin has no address, matched nationwide; list of 2026-09-20"
yellowfin-distillery,Yellowfin Distillery,United States,ttb-basic-permit,LA-S-20013,"YELLOWFIN DISTILLERY, LLC",self,ttb-name-state,high,,https://www.ttb.gov/public-information/foia/list-of-permittees,"jaccard 1.00 via owner; premises Sulphur, LA; list of 2026-09-20"
ziami-distillery,ZIAMI Distillery,United States,ttb-basic-permit,FL-S-20089,"FLORIDA RUM COMPANY, LLC",operator,ttb-name-state,medium,,https://www.ttb.gov/public-information/foia/list-of-permittees,"jaccard 1.00 via operating; premises Hollywood, FL; dba ZIAMI Distillery; list of 2026-09-20"
